m_date,m_open,m_high,m_low,m_close,m_volume,m_vwap,m_open_split_adjusted,m_high_split_adjusted,m_low_split_adjusted,m_close_split_adjusted,m_volume_split_adjusted,m_vwap_split_adjusted,m_open_dividend_and_split_adjusted,m_high_dividend_and_split_adjusted,m_low_dividend_and_split_adjusted,m_close_dividend_and_split_adjusted,m_volume_dividend_and_split_adjusted,m_vwap_dividend_and_split_adjusted,c_vwap
2014-12-18,100.0,100.0,100.0,100.0,,100.0,100.0,100.0,100.0,100.0,,100.0,100.0,100.0,100.0,100.0,,100.0,100.0
2014-12-19,100.057506,101.214525,99.270735,100.388732,,100.240681,100.057506,101.214525,99.270735,100.388732,,100.240681,100.057921,101.214496,99.268483,100.387989,,100.387989,100.387989
2014-12-22,100.293442,101.282459,99.7527,100.827684,,100.550292,100.293442,101.282459,99.7527,100.827684,,100.550292,100.306053,101.297171,99.766103,100.8413,,100.8413,100.8413
2014-12-23,101.179687,101.968559,100.265875,101.031876,,101.085859,101.179687,101.968559,100.265875,101.031876,,101.085859,101.195756,101.986712,100.281724,101.048437,,101.048437,101.048437
2014-12-24,101.134492,101.725968,100.56544,101.015183,,101.128546,101.134492,101.725968,100.56544,101.015183,,101.128546,101.155034,101.746622,100.58546,101.036438,,101.036438,101.036438
2014-12-26,101.261275,101.95,100.828516,101.346324,,101.355845,101.261275,101.95,100.828516,101.346324,,101.355845,101.282427,101.972704,100.851265,101.368074,,101.368074,101.368074
2014-12-29,101.144151,102.018274,100.732229,101.399695,,101.339151,101.144151,102.018274,100.732229,101.399695,,101.339151,101.185089,102.060257,100.773474,101.44049,,101.44049,101.44049
2014-12-30,101.138031,101.671565,100.508472,100.924098,,101.059287,101.138031,101.671565,100.508472,100.924098,,101.059287,101.18946,101.721177,100.558287,100.974346,,100.974346,100.974346
2014-12-31,101.033127,101.577975,99.762259,99.912,,100.561444,101.033127,101.577975,99.762259,99.912,,100.561444,101.084638,101.63003,99.813451,99.963291,,99.963291,99.963291
2015-01-02,100.289604,100.984866,98.99943,99.866797,,100.012412,100.289604,100.984866,98.99943,99.866797,,100.012412,100.352455,101.048367,99.061951,99.929761,,99.929761,99.929761
2015-01-05,99.351449,99.818128,97.650741,98.115866,,98.706582,99.351449,99.818128,97.650741,98.115866,,98.706582,99.420204,99.887366,97.716269,98.18342,,98.18342,98.18342
2015-01-06,98.345048,99.061988,96.501547,97.244943,,97.7597,98.345048,99.061988,96.501547,97.244943,,97.7597,98.412778,99.132403,96.570224,97.313804,,97.313804,97.313804
2015-01-07,98.011761,98.988216,97.201565,98.373661,,98.161599,98.011761,98.988216,97.201565,98.373661,,98.161599,98.11254,99.088586,97.297332,98.471956,,98.471956,98.471956
2015-01-08,99.169752,100.507128,98.707564,100.061177,,99.626095,99.169752,100.507128,98.707564,100.061177,,99.626095,99.270561,100.60784,98.805919,100.162389,,100.162389,100.162389
2015-01-09,100.195531,100.545083,98.660502,99.200118,,99.621516,100.195531,100.545083,98.660502,99.200118,,99.621516,100.298409,100.64706,98.761281,99.301303,,99.301303,99.301303
2015-01-12,99.280236,99.674087,97.783284,98.42856,,98.761356,99.280236,99.674087,97.783284,98.42856,,98.761356,99.379333,99.77512,97.880861,98.527833,,98.527833,98.527833
2015-01-13,99.202387,100.242241,97.404661,98.218813,,98.764642,99.202387,100.242241,97.404661,98.218813,,98.764642,99.314633,100.356688,97.513179,98.328969,,98.328969,98.328969
2015-01-14,97.134937,98.277933,96.254545,97.670644,,97.339122,97.134937,98.277933,96.254545,97.670644,,97.339122,97.244842,98.389185,96.364774,97.781902,,97.781902,97.781902
2015-01-15,97.983911,98.525208,96.366572,96.797112,,97.385166,97.983911,98.525208,96.366572,96.797112,,97.385166,98.09862,98.641421,96.477714,96.910677,,96.910677,96.910677
2015-01-16,96.658949,98.307965,96.182457,98.055887,,97.322387,96.658949,98.307965,96.182457,98.055887,,97.322387,96.773961,98.423675,96.29696,98.172961,,98.172961,98.172961
2015-01-20,98.38593,99.04248,97.051238,98.214441,,98.149815,98.38593,99.04248,97.051238,98.214441,,98.149815,98.506357,99.163498,97.169488,98.334489,,98.334489,98.334489
2015-01-21,97.981663,99.307533,97.389961,98.660311,,98.353273,97.981663,99.307533,97.389961,98.660311,,98.353273,98.115821,99.442355,97.522384,98.794114,,98.794114,98.794114
2015-01-22,99.122563,100.568484,98.121238,100.186656,,99.510579,99.122563,100.568484,98.121238,100.186656,,99.510579,99.254828,100.70284,98.252979,100.319869,,100.319869,100.319869
2015-01-23,100.061207,100.769491,99.128027,99.658136,,99.906407,100.061207,100.769491,99.128027,99.658136,,99.906407,100.194925,100.904681,99.260722,99.79121,,99.79121,99.79121
2015-01-26,99.524025,100.330491,98.698959,99.865584,,99.610437,99.524025,100.330491,98.698959,99.865584,,99.610437,99.657846,100.463385,98.830962,99.999395,,99.999395,99.999395
2015-01-27,98.688819,99.531723,97.705131,98.469483,,98.603179,98.688819,99.531723,97.705131,98.469483,,98.603179,98.825581,99.670787,97.83854,98.604251,,98.604251,98.604251
2015-01-28,99.218375,99.732519,97.033299,97.199291,,98.274811,99.218375,99.732519,97.033299,97.199291,,98.274811,99.360363,99.876815,97.172365,97.339838,,97.339838,97.339838
2015-01-29,97.337873,98.530647,96.181534,98.12666,,97.548242,97.337873,98.530647,96.181534,98.12666,,97.548242,97.482956,98.678032,96.324079,98.273105,,98.273105,98.273105
2015-01-30,97.612039,98.839339,96.359478,96.998066,,97.461059,97.612039,98.839339,96.359478,96.998066,,97.461059,97.760241,98.990435,96.507664,97.145899,,97.145899,97.145899
2015-02-02,97.289787,98.487669,95.988095,98.168214,,97.474088,97.289787,98.487669,95.988095,98.168214,,97.474088,97.442804,98.643007,96.136575,98.321895,,98.321895,98.321895
2015-02-03,98.615038,99.856097,97.914803,99.482881,,98.972174,98.615038,99.856097,97.914803,99.482881,,98.972174,98.768742,100.013422,98.067212,99.638677,,99.638677,99.638677
2015-02-04,99.083059,100.184431,98.248973,99.104863,,99.169248,99.083059,100.184431,98.248973,99.104863,,99.169248,99.267991,100.372864,98.433381,99.290215,,99.290215,99.290215
2015-02-05,99.499035,100.511516,98.907376,100.068433,,99.765115,99.499035,100.511516,98.907376,100.068433,,99.765115,99.715046,100.727245,99.121414,100.285023,,100.285023,100.285023
2015-02-06,100.229492,101.063818,99.118795,99.756102,,100.047638,100.229492,101.063818,99.118795,99.756102,,100.047638,100.47304,101.309985,99.358545,99.998318,,99.998318,99.998318
2015-02-09,99.414029,100.216905,98.723494,99.319487,,99.419255,99.414029,100.216905,98.723494,99.319487,,99.419255,99.65871,100.465623,98.967794,99.565017,,99.565017,99.565017
2015-02-10,99.906964,100.796676,99.107106,100.398045,,100.058142,99.906964,100.796676,99.107106,100.398045,,100.058142,100.158981,101.052725,99.357035,100.652311,,100.652311,100.652311
2015-02-11,100.246662,101.072741,99.509542,100.404505,,100.310629,100.246662,101.072741,99.509542,100.404505,,100.310629,100.528651,101.355657,99.789392,100.686122,,100.686122,100.686122
2015-02-12,100.853962,101.840589,100.186164,101.356159,,101.059261,100.853962,101.840589,100.186164,101.356159,,101.059261,101.161423,102.151025,100.491767,101.665435,,101.665435,101.665435
2015-02-13,101.437307,102.216397,100.734369,101.724807,,101.53137,101.437307,102.216397,100.734369,101.724807,,101.53137,101.750107,102.532773,101.045795,102.039951,,102.039951,102.039951
2015-02-17,101.526008,102.35962,100.894851,101.841737,,101.66461,101.526008,102.35962,100.894851,101.841737,,101.66461,101.856362,102.693536,101.223109,102.172856,,102.172856,102.172856
2015-02-18,101.60459,102.339843,100.938702,101.79765,,101.67665,101.60459,102.339843,100.938702,101.79765,,101.67665,101.944053,102.682491,101.276457,102.137048,,102.137048,102.137048
2015-02-19,101.474387,102.35917,100.835338,101.687625,,101.608505,101.474387,102.35917,100.835338,101.687625,,101.608505,101.82527,102.712263,101.182781,102.038428,,102.038428,102.038428
2015-02-20,101.56199,102.551412,100.769022,102.272141,,101.805387,101.56199,102.551412,100.769022,102.272141,,101.805387,101.925445,102.918149,101.129043,102.637877,,102.637877,102.637877
2015-02-23,102.128279,102.787377,101.397224,102.234039,,102.131248,102.128279,102.787377,101.397224,102.234039,,102.131248,102.490268,103.152158,101.757224,102.598017,,102.598017,102.598017
2015-02-24,102.247727,103.086416,101.603153,102.530113,,102.367696,102.247727,103.086416,101.603153,102.530113,,102.367696,102.612583,103.454268,101.96573,102.896384,,102.896384,102.896384
2015-02-25,102.474442,103.230502,101.731753,102.506654,,102.491777,102.474442,103.230502,101.731753,102.506654,,102.491777,102.85508,103.614888,102.111354,102.888923,,102.888923,102.888923
2015-02-26,102.432681,103.171908,101.609106,102.460393,,102.415322,102.432681,103.171908,101.609106,102.460393,,102.415322,102.831033,103.574855,102.005599,102.859225,,102.859225,102.859225
2015-02-27,102.434372,103.076549,101.69055,102.155152,,102.330724,102.434372,103.076549,101.69055,102.155152,,102.330724,102.833716,103.478086,102.087823,102.553442,,102.553442,102.553442
2015-03-02,102.165846,103.26383,101.612946,102.826606,,102.481146,102.165846,103.26383,101.612946,102.826606,,102.481146,102.570151,103.673562,102.014799,103.233207,,103.233207,103.233207
2015-03-03,102.577977,103.074853,101.634605,102.384979,,102.406681,102.577977,103.074853,101.634605,102.384979,,102.406681,102.983379,103.484951,102.037018,102.791011,,102.791011,102.791011
2015-03-04,102.05951,102.620419,101.132069,101.942508,,101.933493,102.05951,102.620419,101.132069,101.942508,,101.933493,102.485385,103.048638,101.554623,102.368149,,102.368149,102.368149
2015-03-05,102.123461,102.722435,101.437695,102.096132,,102.104342,102.123461,102.722435,101.437695,102.096132,,102.104342,102.553752,103.155759,101.864778,102.526341,,102.526341,102.526341
2015-03-06,101.723202,102.337331,100.304744,100.67015,,101.234601,101.723202,102.337331,100.304744,100.67015,,101.234601,102.166094,102.781145,100.739128,101.106518,,101.106518,101.106518
2015-03-09,100.757814,101.664414,100.213931,101.075731,,100.933698,100.757814,101.664414,100.213931,101.075731,,100.933698,101.199988,102.110767,100.652511,101.519134,,101.519134,101.519134
2015-03-10,100.275814,100.796038,99.139051,99.362823,,99.878386,100.275814,100.796038,99.139051,99.362823,,99.878386,100.72238,101.242995,99.579599,99.804779,,99.804779,99.804779
2015-03-11,99.580363,100.183838,98.703061,99.138334,,99.40202,99.580363,100.183838,98.703061,99.138334,,99.40202,100.04502,100.652889,99.163533,99.601372,,99.601372,99.601372
2015-03-12,99.518866,100.801617,99.114447,100.38555,,99.972297,99.518866,100.801617,99.114447,100.38555,,99.972297,100.005479,101.296061,99.597885,100.876335,,100.876335,100.876335
2015-03-13,100.1259,100.719014,98.901615,99.775423,,99.857985,100.1259,100.719014,98.901615,99.775423,,99.857985,100.619711,101.215765,99.388213,100.265763,,100.265763,100.265763
2015-03-16,100.201718,101.432953,99.801688,101.126565,,100.667714,100.201718,101.432953,99.801688,101.126565,,100.667714,100.696412,101.934876,100.295609,101.626514,,101.626514,101.626514
2015-03-17,100.665625,101.342159,100.039867,100.786719,,100.711254,100.665625,101.342159,100.039867,100.786719,,100.711254,101.162873,101.842311,100.53386,101.284871,,101.284871,101.284871
2015-03-18,100.563034,102.474064,99.736765,101.958028,,101.192605,100.563034,102.474064,99.736765,101.958028,,101.192605,101.060574,102.981326,100.232084,102.463605,,102.463605,102.463605
2015-03-19,101.709211,102.327156,100.900035,101.498052,,101.605645,101.709211,102.327156,100.900035,101.498052,,101.605645,102.215498,102.837498,101.402378,102.004013,,102.004013,102.004013
2015-03-20,102.02311,103.049842,101.43817,102.393839,,102.226367,102.02311,103.049842,101.43817,102.393839,,102.226367,102.532953,103.563832,101.943602,102.903874,,102.903874,102.903874
2015-03-23,102.399035,103.202292,101.793257,102.226491,,102.407881,102.399035,103.202292,101.793257,102.226491,,102.407881,102.911195,103.719222,102.302686,102.738193,,102.738193,102.738193
2015-03-24,102.160833,102.855803,101.357154,101.682737,,102.010706,102.160833,102.855803,101.357154,101.682737,,102.010706,102.679697,103.379695,101.871719,102.200117,,102.200117,102.200117
2015-03-25,101.839524,102.285595,99.966137,100.113989,,101.012298,101.839524,102.285595,99.966137,100.113989,,101.012298,102.360658,102.806726,100.475957,100.625245,,100.625245,100.625245
2015-03-26,99.75058,100.702364,98.922731,99.877112,,99.824336,99.75058,100.702364,98.922731,99.877112,,99.824336,100.262132,101.217859,99.430255,100.388721,,100.388721,100.388721
2015-03-27,99.887193,100.715833,99.278229,100.04534,,100.002147,99.887193,100.715833,99.278229,100.04534,,100.002147,100.413665,101.247696,99.801956,100.573478,,100.573478,100.573478
2015-03-30,100.626826,101.744869,100.226875,101.248511,,100.977068,100.626826,101.744869,100.226875,101.248511,,100.977068,101.162252,102.287662,100.762533,101.788732,,101.788732,101.788732
2015-03-31,100.809172,101.518826,100.04538,100.391976,,100.68637,100.809172,101.518826,100.04538,100.391976,,100.68637,101.35823,102.071952,100.591097,100.939552,,100.939552,100.939552
2015-04-01,100.368499,100.822664,99.034388,99.932327,,100.007612,100.368499,100.822664,99.034388,99.932327,,100.007612,100.926279,101.383402,99.585386,100.488045,,100.488045,100.488045
2015-04-02,99.97827,100.883117,99.394341,100.218209,,100.13374,99.97827,100.883117,99.394341,100.218209,,100.13374,100.541119,101.449814,99.952911,100.782302,,100.782302,100.782302
2015-04-06,99.774136,101.429065,99.399331,100.853913,,100.406119,99.774136,101.429065,99.399331,100.853913,,100.406119,100.335591,102.00258,99.958957,101.422771,,101.422771,101.422771
2015-04-07,100.958892,101.730284,100.319356,100.659193,,100.937626,100.958892,101.730284,100.319356,100.659193,,100.937626,101.532559,102.308419,100.889171,101.231523,,101.231523,101.231523
2015-04-08,100.714459,101.635082,100.183717,100.956264,,100.885219,100.714459,101.635082,100.183717,100.956264,,100.885219,101.32302,102.250058,100.789538,101.567175,,101.567175,101.567175
2015-04-09,100.922476,101.810254,100.288216,101.373722,,101.104327,100.922476,101.810254,100.288216,101.373722,,101.104327,101.535063,102.429891,100.897276,101.989926,,101.989926,101.989926
2015-04-10,101.533811,102.281107,100.947002,101.812233,,101.648354,101.533811,102.281107,100.947002,101.812233,,101.648354,102.148563,102.90159,101.558856,102.428775,,102.428775,102.428775
2015-04-13,101.775877,102.516528,101.067845,101.389272,,101.692701,101.775877,102.516528,101.067845,101.389272,,101.692701,102.400435,103.146029,101.688173,102.012125,,102.012125,102.012125
2015-04-14,101.380306,102.106358,100.618855,101.485554,,101.386222,101.380306,102.106358,100.618855,101.485554,,101.386222,102.004911,102.733925,101.237885,102.10986,,102.10986,102.10986
2015-04-15,101.792775,102.767803,101.182806,101.983823,,101.935624,101.792775,102.767803,101.182806,101.983823,,101.935624,102.418278,103.399794,101.803941,102.611092,,102.611092,102.611092
2015-04-16,101.856858,102.616565,101.252815,101.933396,,101.91582,101.856858,102.616565,101.252815,101.933396,,101.91582,102.486133,103.250284,101.878077,102.563153,,102.563153,102.563153
2015-04-17,101.261203,101.738836,100.095639,100.745322,,100.939269,101.261203,101.738836,100.095639,100.745322,,100.939269,101.887379,102.366057,100.714404,101.36767,,101.36767,101.36767
2015-04-20,101.244203,102.358223,100.838925,101.720052,,101.556119,101.244203,102.358223,100.838925,101.720052,,101.556119,101.872722,102.99374,101.464334,102.350447,,102.350447,102.350447
2015-04-21,102.082258,102.631828,101.09766,101.602092,,101.849564,102.082258,102.631828,101.09766,101.602092,,101.849564,102.719252,103.271459,101.728658,102.235649,,102.235649,102.235649
2015-04-22,101.79436,102.660227,101.014907,102.14745,,101.902941,101.79436,102.660227,101.014907,102.14745,,101.902941,102.43145,103.301268,101.643448,102.78539,,102.78539,102.78539
2015-04-23,101.904766,103.099894,101.397791,102.380245,,102.217944,101.904766,103.099894,101.397791,102.380245,,102.217944,102.550391,103.754622,102.039656,103.029246,,103.029246,103.029246
2015-04-24,102.771764,103.520708,101.907119,102.710633,,102.732322,102.771764,103.520708,101.907119,102.710633,,102.732322,103.42366,104.177838,102.553677,103.362104,,103.362104,103.362104
2015-04-27,102.997178,103.574453,101.850613,102.282659,,102.649492,102.997178,103.574453,101.850613,102.282659,,102.649492,103.654397,104.236034,102.49958,102.933912,,102.933912,102.933912
2015-04-28,102.285497,103.152094,101.289157,102.531016,,102.311165,102.285497,103.152094,101.289157,102.531016,,102.311165,102.945087,103.818786,101.943579,103.192761,,103.192761,103.192761
2015-04-29,102.078211,103.148315,101.19002,102.144806,,102.137603,102.078211,103.148315,101.19002,102.144806,,102.137603,102.74391,103.819581,101.849486,102.809605,,102.809605,102.809605
2015-04-30,101.864886,102.556933,100.462422,101.077672,,101.477204,101.864886,102.556933,100.462422,101.077672,,101.477204,102.532789,103.228634,101.121717,101.740397,,101.740397,101.740397
2015-05-01,101.466814,102.604974,100.883128,102.132838,,101.783907,101.466814,102.604974,100.883128,102.132838,,101.783907,102.13305,103.278039,101.545408,102.803312,,102.803312,102.803312
2015-05-04,102.387968,103.262259,101.823906,102.462681,,102.493565,102.387968,103.262259,101.823906,102.462681,,102.493565,103.060331,103.93998,102.49095,103.134652,,103.134652,103.134652
2015-05-05,102.307473,102.852563,100.989737,101.272915,,101.826359,102.307473,102.852563,100.989737,101.272915,,101.826359,102.98794,103.537492,101.659716,101.946187,,101.946187,101.946187
2015-05-06,101.581415,102.043279,100.019151,100.823127,,101.085314,101.581415,102.043279,100.019151,100.823127,,101.085314,102.30155,102.765926,100.727339,101.536739,,101.536739,101.536739
2015-05-07,100.731092,101.837266,100.143981,101.233861,,101.004122,100.731092,101.837266,100.143981,101.233861,,101.004122,101.468827,102.584177,100.877071,101.976426,,101.976426,101.976426
2015-05-08,102.157188,103.148639,101.660992,102.578575,,102.403997,102.157188,103.148639,101.660992,102.578575,,102.403997,102.908285,103.905807,102.406649,103.331227,,103.331227,103.331227
2015-05-11,102.487029,103.141991,101.69183,102.059939,,102.344114,102.487029,103.141991,101.69183,102.059939,,102.344114,103.257281,103.918549,102.455746,102.827081,,102.827081,102.827081
2015-05-12,101.568909,102.310718,100.805995,101.744451,,101.614015,101.568909,102.310718,100.805995,101.744451,,101.614015,102.339097,103.085683,101.569462,102.514642,,102.514642,102.514642
2015-05-13,101.977299,102.690598,101.232132,101.736495,,101.903605,101.977299,102.690598,101.232132,101.736495,,101.903605,102.768282,103.487361,102.016311,102.525306,,102.525306,102.525306
2015-05-14,102.284611,103.227133,101.782847,102.863346,,102.547568,102.284611,103.227133,101.782847,102.863346,,102.547568,103.088647,104.039693,102.583114,103.672693,,103.672693,103.672693
2015-05-15,102.961539,103.506039,102.186632,102.892974,,102.876482,102.961539,103.506039,102.186632,102.892974,,102.876482,103.782049,104.331386,103.002516,103.713629,,103.713629,103.713629
2015-05-18,102.747547,103.622659,102.351607,103.210534,,102.995003,102.747547,103.622659,102.351607,103.210534,,102.995003,103.572984,104.456459,103.175496,104.040498,,104.040498,104.040498
2015-05-19,103.221107,103.864807,102.522967,103.148984,,103.18759,103.221107,103.864807,102.522967,103.148984,,103.18759,104.070588,104.722099,103.367845,103.999824,,103.999824,103.999824
2015-05-20,103.192514,103.76822,102.41953,103.029335,,103.102279,103.192514,103.76822,102.41953,103.029335,,103.102279,104.051993,104.63325,103.272809,103.888353,,103.888353,103.888353
2015-05-21,102.924636,103.756843,102.48047,103.239962,,103.117293,102.924636,103.756843,102.48047,103.239962,,103.117293,103.79827,104.635662,103.34896,104.115121,,104.115121,104.115121
2015-05-22,103.087784,103.69028,102.596295,102.994776,,103.091186,103.087784,103.69028,102.596295,102.994776,,103.091186,103.962772,104.570481,103.466135,103.868216,,103.868216,103.868216
2015-05-26,102.741419,103.042827,101.453181,101.917382,,102.257357,102.741419,103.042827,101.453181,101.917382,,102.257357,103.616688,103.92039,102.317375,102.78549,,102.78549,102.78549
2015-05-27,102.153713,103.263913,101.745246,102.871878,,102.538574,102.153713,103.263913,101.745246,102.871878,,102.538574,103.036285,104.156152,102.621951,103.760192,,103.760192,103.760192
2015-05-28,102.715242,103.237278,102.041725,102.719497,,102.659213,102.715242,103.237278,102.041725,102.719497,,102.659213,103.618388,104.146124,102.938785,103.622888,,103.622888,103.622888
2015-05-29,102.666146,103.147168,101.560321,102.061101,,102.345171,102.666146,103.147168,101.560321,102.061101,,102.345171,103.575106,104.060574,102.460616,102.964939,,102.964939,102.964939
2015-06-01,102.410075,103.004413,101.550176,102.280219,,102.306992,102.410075,103.004413,101.550176,102.280219,,102.306992,103.324925,103.926976,102.457203,103.195099,,103.195099,103.195099
2015-06-02,102.016169,102.866902,101.375414,102.201402,,102.124682,102.016169,102.866902,101.375414,102.201402,,102.124682,102.931832,103.791493,102.287324,103.120244,,103.120244,103.120244
2015-06-03,102.487254,103.180198,101.814911,102.435986,,102.48185,102.487254,103.180198,101.814911,102.435986,,102.48185,103.430011,104.128095,102.751066,103.377145,,103.377145,103.377145
2015-06-04,101.898457,102.659311,101.140561,101.572538,,101.810176,101.898457,102.659311,101.140561,101.572538,,101.810176,102.835442,103.605191,102.070134,102.506861,,102.506861,102.506861
2015-06-05,101.552254,102.192293,100.736259,101.412453,,101.477365,101.552254,102.192293,100.736259,101.412453,,101.477365,102.492298,103.137384,101.667877,102.349995,,102.349995,102.349995
2015-06-08,101.356665,101.802331,100.445967,100.748983,,101.080533,101.356665,101.802331,100.445967,100.748983,,101.080533,102.309856,102.758758,101.389821,101.695331,,101.695331,101.695331
2015-06-09,100.771551,101.47233,100.09157,100.80851,,100.785383,100.771551,101.47233,100.09157,100.80851,,100.785383,101.720442,102.428779,101.03512,101.758146,,101.758146,101.758146
2015-06-10,101.240087,102.517623,100.882841,102.036928,,101.694297,101.240087,102.517623,100.882841,102.036928,,101.694297,102.19904,103.490641,101.839387,103.00462,,103.00462,103.00462
2015-06-11,102.266692,102.915074,101.714842,102.218044,,102.281597,102.266692,102.915074,101.714842,102.218044,,102.281597,103.264143,103.919776,102.706477,103.215605,,103.215605,103.215605
2015-06-12,101.830293,102.250026,101.081294,101.517814,,101.66196,101.830293,102.250026,101.081294,101.517814,,101.66196,102.832037,103.256012,102.075384,102.516248,,102.516248,102.516248
2015-06-15,100.824224,101.555491,100.178078,101.033645,,100.902443,100.824224,101.555491,100.178078,101.033645,,100.902443,101.817917,102.555107,101.164902,102.029202,,102.029202,102.029202
2015-06-16,100.999083,101.962516,100.595052,101.626177,,101.312821,100.999083,101.962516,100.595052,101.626177,,101.312821,101.996443,102.968318,101.58647,102.629139,,102.629139,102.629139
2015-06-17,101.81809,102.447626,101.063233,101.824896,,101.790457,101.81809,102.447626,101.063233,101.824896,,101.790457,102.823069,103.460425,102.060825,102.831158,,102.831158,102.831158
2015-06-18,101.98153,103.317228,101.685743,102.853839,,102.504496,101.98153,103.317228,101.685743,102.853839,,102.504496,102.997284,104.346585,102.697459,103.878057,,103.878057,103.878057
2015-06-19,102.655639,103.235635,101.962707,102.317611,,102.542999,102.655639,103.235635,101.962707,102.317611,,102.542999,103.677734,104.262938,102.977376,103.335757,,103.335757,103.335757
2015-06-22,102.96581,103.614288,102.428877,102.932884,,102.98796,102.96581,103.614288,102.428877,102.932884,,102.98796,103.991822,104.646762,103.448262,103.957823,,103.957823,103.957823
2015-06-23,103.113496,103.664188,102.402017,103.022472,,103.048018,103.113496,103.664188,102.402017,103.022472,,103.048018,104.148856,104.70591,103.429007,104.057181,,104.057181,104.057181
2015-06-24,102.856294,103.422459,102.044336,102.313854,,102.648128,102.856294,103.422459,102.044336,102.313854,,102.648128,103.89131,104.465025,103.071298,103.343291,,103.343291,103.343291
2015-06-25,102.614048,103.147798,101.687988,102.000211,,102.364961,102.614048,103.147798,101.687988,102.000211,,102.364961,103.648721,104.189805,102.714161,103.029685,,103.029685,103.029685
2015-06-26,102.199147,102.756666,101.374008,101.977386,,102.053189,102.199147,102.756666,101.374008,101.977386,,102.053189,103.249923,103.813217,102.416071,103.024971,,103.024971,103.024971
2015-06-29,101.031958,101.722533,99.734434,99.87314,,100.572351,101.031958,101.722533,99.734434,99.87314,,100.572351,102.076746,102.775643,100.765147,100.905898,,100.905898,100.905898
2015-06-30,100.718223,101.14764,99.604674,100.116585,,100.38144,100.718223,101.14764,99.604674,100.116585,,100.38144,101.76427,102.196774,100.63794,101.154215,,101.154215,101.154215
2015-07-01,100.859515,101.521499,99.92254,100.77746,,100.756898,100.859515,101.521499,99.92254,100.77746,,100.756898,101.929938,102.600733,100.984285,101.848328,,101.848328,101.848328
2015-07-02,101.010763,101.556507,100.205642,100.757155,,100.866155,101.010763,101.556507,100.205642,100.757155,,100.866155,102.082798,102.634052,101.270483,101.826852,,101.826852,101.826852
2015-07-06,99.87881,101.022633,99.463891,100.393824,,100.202719,99.87881,101.022633,99.463891,100.393824,,100.202719,100.945367,102.101615,100.525519,101.46544,,101.46544,101.46544
2015-07-07,100.5152,101.385768,98.995374,101.004642,,100.455548,100.5152,101.385768,98.995374,101.004642,,100.455548,101.588245,102.469273,100.052146,102.083534,,102.083534,102.083534
2015-07-08,100.244223,100.751783,99.098923,99.367689,,99.839368,100.244223,100.751783,99.098923,99.367689,,99.839368,101.346706,101.85947,100.188477,100.460354,,100.460354,100.460354
2015-07-09,100.571125,101.050309,99.381599,99.610982,,100.146979,100.571125,101.050309,99.381599,99.610982,,100.146979,101.677543,102.1607,100.473813,100.706053,,100.706053,100.706053
2015-07-10,100.725702,101.461122,100.050827,100.856304,,100.774908,100.725702,101.461122,100.050827,100.856304,,100.774908,101.833303,102.577786,101.152465,101.965535,,101.965535,101.965535
2015-07-13,101.590182,102.429473,101.107418,102.030024,,101.805006,101.590182,102.429473,101.107418,102.030024,,101.805006,102.714367,103.564119,102.227665,103.159544,,103.159544,103.159544
2015-07-14,102.054111,103.03005,101.587491,102.539624,,102.32941,102.054111,103.03005,101.587491,102.539624,,102.32941,103.184627,104.171812,102.712621,103.675318,,103.675318,103.675318
2015-07-15,102.561422,103.286656,101.826974,102.487788,,102.538091,102.561422,103.286656,101.826974,102.487788,,102.538091,103.695838,104.431483,102.954381,103.622499,,103.622499,103.622499
2015-07-16,103.090866,103.897219,102.467418,103.380365,,103.221467,103.090866,103.897219,102.467418,103.380365,,103.221467,104.235957,105.052366,103.60611,104.529007,,104.529007,104.529007
2015-07-17,103.803557,104.480807,102.994965,103.926062,,103.78727,103.803557,104.480807,102.994965,103.926062,,103.78727,104.956905,105.642839,104.13965,105.082006,,105.082006,105.082006
2015-07-20,103.997405,104.69492,103.280256,103.996663,,103.989674,103.997405,104.69492,103.280256,103.996663,,103.989674,105.155897,105.861793,104.430604,105.15543,,105.15543,105.15543
2015-07-21,103.859646,104.577496,102.935663,103.588072,,103.722204,103.859646,104.577496,102.935663,103.588072,,103.722204,105.021877,105.749148,104.087275,104.747857,,104.747857,104.747857
2015-07-22,103.065056,104.230551,102.464421,103.366695,,103.287457,103.065056,104.230551,102.464421,103.366695,,103.287457,104.230052,105.40759,103.624047,104.534772,,104.534772,104.534772
2015-07-23,103.496895,104.103317,102.125601,102.705489,,103.100393,103.496895,104.103317,102.125601,102.705489,,103.100393,104.671303,105.284662,103.284896,103.871124,,103.871124,103.871124
2015-07-24,102.909108,103.379888,101.189083,101.607541,,102.226566,102.909108,103.379888,101.189083,101.607541,,102.226566,104.079387,104.555571,102.339868,102.762429,,102.762429,102.762429
2015-07-27,101.142156,101.970123,100.241968,101.039588,,101.088498,101.142156,101.970123,100.241968,101.039588,,101.088498,102.29061,103.130304,101.381163,102.187536,,102.187536,102.187536
2015-07-28,101.617133,102.739402,100.724279,102.243081,,101.837173,101.617133,102.739402,100.724279,102.243081,,101.837173,102.77276,103.909968,101.869293,103.405938,,103.405938,103.405938
2015-07-29,102.354587,103.558542,101.677636,102.978581,,102.642338,102.354587,103.558542,101.677636,102.978581,,102.642338,103.530794,104.750993,102.847213,104.163212,,104.163212,104.163212
2015-07-30,102.669474,103.609748,101.803979,102.972739,,102.768551,102.669474,103.609748,101.803979,102.972739,,102.768551,103.857947,104.808423,102.981249,104.164108,,104.164108,104.164108
2015-07-31,103.25367,103.795036,102.252206,102.712729,,103.003085,103.25367,103.795036,102.252206,102.712729,,103.003085,104.453112,104.9996,103.438096,103.904563,,103.904563,103.904563
2015-08-03,102.765299,103.385597,101.614493,102.492991,,102.538874,102.765299,103.385597,101.614493,102.492991,,102.538874,103.957677,104.585658,102.792164,103.681654,,103.681654,103.681654
2015-08-04,102.456543,103.265977,101.565622,102.263016,,102.399006,102.456543,103.265977,101.565622,102.263016,,102.399006,103.647614,104.466215,102.745698,103.450695,,103.450695,103.450695
2015-08-05,102.766929,103.808411,101.907701,102.643086,,102.779802,102.766929,103.808411,101.907701,102.643086,,102.779802,104.005873,105.06121,103.135899,103.881006,,103.881006,103.881006
2015-08-06,102.745705,103.292966,100.967086,101.846037,,102.156358,102.745705,103.292966,100.967086,101.846037,,102.156358,104.017029,104.568911,102.216412,103.10527,,103.10527,103.10527
2015-08-07,101.703,102.383468,100.57713,101.544877,,101.526407,101.703,102.383468,100.57713,101.544877,,101.526407,102.961183,103.650373,101.82232,102.801519,,102.801519,102.801519
2015-08-10,102.132086,103.30254,101.650832,102.713089,,102.468389,102.132086,103.30254,101.650832,102.713089,,102.468389,103.397018,104.581747,102.909309,103.984494,,103.984494,103.984494
2015-08-11,102.120583,102.930036,101.090845,101.921246,,102.010053,102.120583,102.930036,101.090845,101.921246,,102.010053,103.406514,104.225143,102.361078,103.203422,,103.203422,103.203422
2015-08-12,101.259446,102.423536,99.933103,102.024213,,101.399233,101.259446,102.423536,99.933103,102.024213,,101.399233,102.54805,103.726389,101.203163,103.32246,,103.32246,103.32246
2015-08-13,101.999258,102.815533,101.18095,101.888672,,101.983263,101.999258,102.815533,101.18095,101.888672,,101.983263,103.315728,104.143863,102.487504,103.203823,,103.203823,103.203823
2015-08-14,101.794325,102.700126,101.325545,102.277588,,102.028586,101.794325,102.700126,101.325545,102.277588,,102.028586,103.107013,104.025181,102.632195,103.595981,,103.595981,103.595981
2015-08-17,101.893399,103.062501,101.335787,102.777244,,102.295912,101.893399,103.062501,101.335787,102.777244,,102.295912,103.225268,104.410446,102.659148,104.120803,,104.120803,104.120803
2015-08-18,102.57893,103.262488,101.930806,102.500641,,102.562297,102.57893,103.262488,101.930806,102.500641,,102.562297,103.9398,104.633917,103.283017,103.861005,,103.861005,103.861005
2015-08-19,102.060984,102.81975,100.99322,101.729076,,101.8907,102.060984,102.81975,100.99322,101.729076,,101.8907,103.423256,104.193534,102.341859,103.087134,,103.087134,103.087134
2015-08-20,100.888693,101.611054,99.378698,99.61678,,100.348672,100.888693,101.611054,99.378698,99.61678,,100.348672,102.238802,102.969512,100.707631,100.94939,,100.94939,100.94939
2015-08-21,98.54418,99.407038,96.18,96.362834,,97.602188,98.54418,99.407038,96.18,96.362834,,97.602188,99.877298,100.752751,97.480901,97.666998,,97.666998,97.666998
2015-08-24,90.724738,95.934404,86.273447,92.573361,,91.530859,90.724738,95.934404,86.273447,92.573361,,91.530859,91.959166,97.238692,87.446426,93.832425,,93.832425,93.832425
2015-08-25,95.68029,96.133101,91.252171,91.378841,,93.601042,95.68029,96.133101,91.252171,91.378841,,93.601042,96.981372,97.439736,92.493281,92.620834,,92.620834,92.620834
2015-08-26,93.792301,95.375261,91.852667,95.060766,,94.000966,93.792301,95.375261,91.852667,95.060766,,94.000966,95.072892,96.676662,93.106934,96.358559,,96.358559,96.358559
2015-08-27,96.344722,97.764611,95.085523,97.27618,,96.640477,96.344722,97.764611,95.085523,97.27618,,96.640477,97.669364,99.107549,96.391617,98.61298,,98.61298,98.61298
2015-08-28,96.892049,97.915631,96.13003,97.271942,,97.059974,96.892049,97.915631,96.13003,97.271942,,97.059974,98.235784,99.274674,97.462623,98.620814,,98.620814,98.620814
2015-08-31,96.794484,97.67382,95.609357,96.425958,,96.609106,96.794484,97.67382,95.609357,96.425958,,96.609106,98.149756,99.039491,96.947168,97.775444,,97.775444,97.775444
2015-09-01,94.233432,95.306637,92.864725,93.480795,,93.972475,94.233432,95.306637,92.864725,93.480795,,93.972475,95.56084,96.647904,94.173133,94.798107,,94.798107,94.798107
2015-09-02,94.804185,95.547957,93.480976,95.218878,,94.750247,94.804185,95.547957,93.480976,95.218878,,94.750247,96.152906,96.908934,94.813001,96.574551,,96.574551,96.574551
2015-09-03,95.640878,96.644283,94.717001,95.272504,,95.571929,95.640878,96.644283,94.717001,95.272504,,95.571929,97.009318,98.025624,96.071126,96.634534,,96.634534,96.634534
2015-09-04,94.065699,94.777801,93.141097,93.849265,,93.965099,94.065699,94.777801,93.141097,93.849265,,93.965099,95.414922,96.137707,94.476578,95.195052,,95.195052,95.195052
2015-09-08,95.471904,96.478277,94.653235,96.211429,,95.711115,95.471904,96.478277,94.653235,96.211429,,95.711115,96.847403,97.867845,96.016135,97.59759,,97.59759,97.59759
2015-09-09,97.106156,97.637167,94.64466,94.919654,,96.0428,97.106156,97.637167,94.64466,94.919654,,96.0428,98.513874,99.050868,96.014742,96.294755,,96.294755,96.294755
2015-09-10,94.794786,96.230525,94.277902,95.458756,,95.213255,94.794786,96.230525,94.277902,95.458756,,95.213255,96.174003,97.632905,95.651197,96.849436,,96.849436,96.849436
2015-09-11,95.117745,96.102936,94.535929,95.911497,,95.426546,95.117745,96.102936,94.535929,95.911497,,95.426546,96.532241,97.533353,95.941071,97.338,,97.338,97.338
2015-09-14,95.993147,96.312446,94.918532,95.527042,,95.661711,95.993147,96.312446,94.918532,95.527042,,95.661711,97.428573,97.752161,96.336851,96.954474,,96.954474,96.954474
2015-09-15,95.870531,97.200203,95.250381,96.757055,,96.292831,95.870531,97.200203,95.250381,96.757055,,96.292831,97.30116,98.651151,96.673601,98.202589,,98.202589,98.202589
2015-09-16,96.897526,97.893732,96.300554,97.543135,,97.167083,96.897526,97.893732,96.300554,97.543135,,97.167083,98.346953,99.360432,97.742493,99.003915,,99.003915,99.003915
2015-09-17,97.469526,99.015828,96.538274,97.344473,,97.605145,97.469526,99.015828,96.538274,97.344473,,97.605145,98.940322,100.510992,97.996433,98.81444,,98.81444,98.81444
2015-09-18,96.170068,97.196665,95.16512,95.798976,,96.078547,96.170068,97.196665,95.16512,95.798976,,96.078547,97.624756,98.666166,96.603248,97.247245,,97.247245,97.247245
2015-09-21,96.305713,97.182477,95.38557,96.262519,,96.269273,96.305713,97.182477,95.38557,96.262519,,96.269273,97.76363,98.653085,96.828779,97.719242,,97.719242,97.719242
2015-09-22,95.015006,95.78653,94.077377,95.05131,,94.964183,95.015006,95.78653,94.077377,95.05131,,94.964183,96.457077,97.239225,95.50363,96.493069,,96.493069,96.493069
2015-09-23,95.145549,95.814966,94.231706,94.892673,,95.013763,95.145549,95.814966,94.231706,94.892673,,95.013763,96.59238,97.271646,95.665063,96.335914,,96.335914,96.335914
2015-09-24,94.139585,95.190934,93.143031,94.606031,,94.246524,94.139585,95.190934,93.143031,94.606031,,94.246524,95.573822,96.641408,94.562196,96.046701,,96.046701,96.046701
2015-09-25,95.5598,96.172543,93.821192,94.523032,,94.979538,95.5598,96.172543,93.821192,94.523032,,94.979538,97.012666,97.633181,95.247787,95.960099,,95.960099,95.960099
2015-09-28,93.93186,94.453914,91.68734,92.132001,,92.989808,93.93186,94.453914,91.68734,92.132001,,92.989808,95.387418,95.919047,93.109654,93.560994,,93.560994,93.560994
2015-09-29,92.290336,93.372641,91.117624,92.215214,,92.251431,92.290336,93.372641,91.117624,92.215214,,92.251431,93.722688,94.82263,92.530933,93.646492,,93.646492,93.646492
2015-09-30,93.301676,94.393546,92.494614,93.938669,,93.5455,93.301676,94.393546,92.494614,93.938669,,93.5455,94.753053,95.863382,93.932921,95.400676,,95.400676,95.400676
2015-10-01,94.093357,94.897774,92.644859,94.125307,,93.923861,94.093357,94.897774,92.644859,94.125307,,93.923861,95.56451,96.382098,94.09376,95.597892,,95.597892,95.597892
2015-10-02,92.909412,95.544254,92.188842,95.447032,,94.062154,92.909412,95.544254,92.188842,95.447032,,94.062154,94.371433,97.047922,93.639757,96.949028,,96.949028,96.949028
2015-10-05,96.11734,97.664449,95.498886,97.157644,,96.615014,96.11734,97.664449,95.498886,97.157644,,96.615014,97.633011,99.206284,97.004941,98.690586,,98.690586,98.690586
2015-10-06,97.035934,97.905946,95.750949,96.748269,,96.820277,97.035934,97.905946,95.750949,96.748269,,96.820277,98.569487,99.452666,97.262808,98.277308,,98.277308,98.277308
2015-10-07,97.277523,98.273741,96.066433,97.493838,,97.286167,97.277523,98.273741,96.066433,97.493838,,97.286167,98.856173,99.869053,97.625315,99.074965,,99.074965,99.074965
2015-10-08,97.186966,98.642721,96.354445,98.265037,,97.615415,97.186966,98.642721,96.354445,98.265037,,97.615415,98.762993,100.241897,97.91739,99.85882,,99.85882,99.85882
2015-10-09,98.349307,99.186737,97.451639,98.361892,,98.337641,98.349307,99.186737,97.451639,98.361892,,98.337641,99.9463,100.797753,99.034561,99.959758,,99.959758,99.959758
2015-10-12,98.353935,99.143133,97.598624,98.530677,,98.413835,98.353935,99.143133,97.598624,98.530677,,98.413835,99.952722,100.75496,99.185496,100.132814,,100.132814,100.132814
2015-10-13,98.012838,99.088643,97.332656,97.91556,,98.094205,98.012838,99.088643,97.332656,97.91556,,98.094205,99.61319,100.708285,98.921735,99.515601,,99.515601,99.515601
2015-10-14,97.889894,98.784044,96.676363,97.381687,,97.664988,97.889894,98.784044,96.676363,97.381687,,97.664988,99.495607,100.40534,98.262654,98.9798,,98.9798,98.9798
2015-10-15,97.759979,99.141468,97.002332,98.817297,,98.20693,97.759979,99.141468,97.002332,98.817297,,98.20693,99.366494,100.772036,98.598358,100.443167,,100.443167,100.443167
2015-10-16,99.250117,99.865521,98.189756,99.258586,,99.127424,99.250117,99.865521,98.189756,99.258586,,99.127424,100.882728,101.510072,99.804511,100.891691,,100.891691,100.891691
2015-10-19,98.90217,99.846526,98.242666,99.31792,,99.088637,98.90217,99.846526,98.242666,99.31792,,99.088637,100.530024,101.492274,99.858882,100.953488,,100.953488,100.953488
2015-10-20,99.134009,100.040024,98.180373,99.085196,,99.100447,99.134009,100.040024,98.180373,99.085196,,99.100447,100.768443,101.689069,99.80068,100.719476,,100.719476,100.719476
2015-10-21,99.447883,100.139129,97.898793,98.529829,,98.961548,99.447883,100.139129,97.898793,98.529829,,98.961548,101.101393,101.803306,99.527438,100.168398,,100.168398,100.168398
2015-10-22,99.040801,101.020902,98.221202,100.177113,,99.643988,99.040801,101.020902,98.221202,100.177113,,99.643988,100.691108,102.705472,99.858307,101.847014,,101.847014,101.847014
2015-10-23,101.564173,102.599237,100.180892,101.454391,,101.438655,101.564173,102.599237,100.180892,101.454391,,101.438655,103.257138,104.309244,101.849709,103.144437,,103.144437,103.144437
2015-10-26,101.358662,102.282682,100.370195,101.329189,,101.346712,101.358662,102.282682,100.370195,101.329189,,101.346712,103.046116,103.986328,102.038796,103.015988,,103.015988,103.015988
2015-10-27,100.917315,101.922529,99.958297,101.082376,,100.984638,100.917315,101.922529,99.958297,101.082376,,100.984638,102.597209,103.619798,101.62235,102.765205,,102.765205,102.765205
2015-10-28,101.325084,102.774599,100.24534,102.234702,,101.6555,101.325084,102.774599,100.24534,102.234702,,101.6555,103.019772,104.495508,101.923216,103.946055,,103.946055,103.946055
2015-10-29,101.964056,103.091297,101.100798,102.196691,,102.094362,101.964056,103.091297,101.100798,102.196691,,102.094362,103.685436,104.83086,102.806696,103.921106,,103.921106,103.921106
2015-10-30,102.296774,103.044032,101.095709,101.666342,,102.032725,102.296774,103.044032,101.095709,101.666342,,102.032725,104.02118,104.782271,102.79942,103.380365,,103.380365,103.380365
2015-11-02,101.848766,103.323006,101.237388,102.888141,,102.352383,101.848766,103.323006,101.237388,102.888141,,102.352383,103.56441,105.064055,102.944931,104.62229,,104.62229,104.62229
2015-11-03,102.658426,103.8818,101.945397,103.163758,,102.915991,102.658426,103.8818,101.945397,103.163758,,102.915991,104.392316,105.636755,103.66797,104.906969,,104.906969,104.906969
2015-11-04,103.318382,103.971395,102.111355,102.876047,,103.048204,103.318382,103.971395,102.111355,102.876047,,103.048204,105.098258,105.763226,103.870399,104.648811,,104.648811,104.648811
2015-11-05,102.89952,103.780178,101.900691,102.812291,,102.833391,102.89952,103.780178,101.900691,102.812291,,102.833391,104.695703,105.591897,103.678861,104.605262,,104.605262,104.605262
2015-11-06,102.716067,103.588635,101.534956,102.78173,,102.647087,102.716067,103.588635,101.534956,102.78173,,102.647087,104.519341,105.40869,103.318144,104.586884,,104.586884,104.586884
2015-11-09,102.429886,102.976023,100.930829,101.747735,,101.989681,102.429886,102.976023,100.930829,101.747735,,101.989681,104.254019,104.810018,102.72623,103.559092,,103.559092,103.559092
2015-11-10,101.427159,102.482801,100.784018,101.935619,,101.67203,101.427159,102.482801,100.784018,101.935619,,101.67203,103.253806,104.329229,102.598365,103.771051,,103.771051,103.771051
2015-11-11,102.174869,102.82282,101.080762,101.63923,,101.92542,102.174869,102.82282,101.080762,101.63923,,101.92542,104.0136,104.675049,102.900133,103.468832,,103.468832,103.468832
2015-11-12,101.061951,101.783996,99.955878,100.240419,,100.752134,101.061951,101.783996,99.955878,100.240419,,100.752134,102.902238,103.637382,101.774421,102.065424,,102.065424,102.065424
2015-11-13,99.90049,100.687232,98.544774,99.039193,,99.522485,99.90049,100.687232,98.544774,99.039193,,99.522485,101.720629,102.520428,100.339407,100.843089,,100.843089,100.843089
2015-11-16,98.894015,100.716415,98.352221,100.509085,,99.631716,98.894015,100.716415,98.352221,100.509085,,99.631716,100.712081,102.567031,100.161854,102.356469,,102.356469,102.356469
2015-11-17,100.69704,101.621652,99.689538,100.403883,,100.609711,100.69704,101.621652,99.689538,100.403883,,100.609711,102.56659,103.510471,101.541532,102.268408,,102.268408,102.268408
2015-11-18,100.720893,102.343482,100.168536,102.062918,,101.354732,100.720893,102.343482,100.168536,102.062918,,101.354732,102.598677,104.252567,102.035585,103.965425,,103.965425,103.965425
2015-11-19,101.994769,102.887867,101.20231,101.971653,,102.008679,101.994769,102.887867,101.20231,101.971653,,102.008679,103.899001,104.809647,103.091146,103.87518,,103.87518,103.87518
2015-11-20,102.550654,103.351632,101.654109,102.410309,,102.488766,102.550654,103.351632,101.654109,102.410309,,102.488766,104.481116,105.297963,103.568938,104.338617,,104.338617,104.338617
2015-11-23,102.384751,103.220822,101.59464,102.290768,,102.383411,102.384751,103.220822,101.59464,102.290768,,102.383411,104.317469,105.170784,103.512135,104.222377,,104.222377,104.222377
2015-11-24,101.687929,102.906066,101.040135,102.353912,,102.005266,101.687929,102.906066,101.040135,102.353912,,102.005266,103.611286,104.852617,102.948753,104.289273,,104.289273,104.289273
2015-11-25,102.399359,103.055535,101.783826,102.356439,,102.407593,102.399359,103.055535,101.783826,102.356439,,102.407593,104.346027,105.014082,103.717108,104.302223,,104.302223,104.302223
2015-11-27,102.342401,102.950182,101.805304,102.415063,,102.371232,102.342401,102.950182,101.805304,102.415063,,102.371232,104.313957,104.935639,103.766221,104.388164,,104.388164,104.388164
2015-11-30,102.528463,103.104304,101.427977,101.856996,,102.197733,102.528463,103.104304,101.427977,101.856996,,102.197733,104.537726,105.123904,103.41145,103.851577,,103.851577,103.851577
2015-12-01,102.294226,103.435982,101.629872,102.999786,,102.602213,102.294226,103.435982,101.629872,102.999786,,102.602213,104.30573,105.468839,103.628655,105.024744,,105.024744,105.024744
2015-12-02,102.911472,103.556497,101.578287,101.890211,,102.475157,102.911472,103.556497,101.578287,101.890211,,102.475157,104.964992,105.622192,103.604453,103.923821,,103.923821,103.923821
2015-12-03,102.140018,102.628839,99.853891,100.440894,,101.212053,102.140018,102.628839,99.853891,100.440894,,101.212053,104.182479,104.681309,101.850763,102.449666,,102.449666,102.449666
2015-12-04,100.639694,102.87589,100.213584,102.497384,,101.603719,100.639694,102.87589,100.213584,102.497384,,101.603719,102.653124,104.934704,102.219885,104.547948,,104.547948,104.547948
2015-12-07,102.242807,102.802955,100.901329,101.824522,,101.914507,102.242807,102.802955,100.901329,101.824522,,101.914507,104.294453,104.867211,102.925777,103.868234,,103.868234,103.868234
2015-12-08,100.906519,102.074521,100.045036,101.182879,,101.0758,100.906519,102.074521,100.045036,101.182879,,101.0758,102.940081,104.132672,102.061501,103.222642,,103.222642,103.222642
2015-12-09,100.799074,102.100937,99.453751,100.282186,,100.638566,100.799074,102.100937,99.453751,100.282186,,100.638566,102.836161,104.16334,101.46206,102.308442,,102.308442,102.308442
2015-12-10,100.390229,101.535499,99.688218,100.50118,,100.544677,100.390229,101.535499,99.688218,100.50118,,100.544677,102.426455,103.596797,101.711194,102.540459,,102.540459,102.540459
2015-12-11,99.362676,100.119872,98.104143,98.609024,,99.039791,99.362676,100.119872,98.104143,98.609024,,99.039791,101.393966,102.166763,100.108758,100.624374,,100.624374,100.624374
2015-12-14,98.676831,99.796505,97.416887,99.177726,,98.752494,98.676831,99.796505,97.416887,99.177726,,98.752494,100.699815,101.84323,99.413557,101.210275,,101.210275,101.210275
2015-12-15,100.021821,101.328706,99.297393,100.206809,,100.233197,100.021821,101.328706,99.297393,100.206809,,100.233197,102.072068,103.404885,101.332612,102.261358,,102.261358,102.261358
2015-12-16,100.83738,102.150163,99.685048,101.691083,,101.085047,100.83738,102.150163,99.685048,101.691083,,101.085047,102.91541,104.254039,101.737451,103.787106,,103.787106,103.787106
2015-12-17,101.862168,102.269658,99.955045,100.17818,,101.037121,101.862168,102.269658,99.955045,100.17818,,101.037121,103.970555,104.38676,102.024582,102.252756,,102.252756,102.252756
2015-12-18,99.716658,100.321615,98.109544,98.378606,,99.099025,99.716658,100.321615,98.109544,98.378606,,99.099025,101.781378,102.395471,100.139202,100.413812,,100.413812,100.413812
2015-12-21,99.091738,99.776852,98.039522,99.144763,,99.005962,99.091738,99.776852,98.039522,99.144763,,99.005962,101.156064,101.855944,100.081708,101.209964,,101.209964,101.209964
2015-12-22,99.560206,100.452228,98.715114,99.996419,,99.68561,99.560206,100.452228,98.715114,99.996419,,99.68561,101.644924,102.553701,100.780578,102.088608,,102.088608,102.088608
2015-12-23,100.563609,101.535287,99.927484,101.144825,,100.799685,100.563609,101.535287,99.927484,101.144825,,100.799685,102.678173,103.668813,102.02643,103.270173,,103.270173,103.270173
2015-12-24,101.06366,101.573011,100.558329,100.972091,,101.047457,101.06366,101.573011,100.558329,100.972091,,101.047457,103.186501,103.706549,102.670277,103.092964,,103.092964,103.092964
2015-12-28,100.631533,101.23763,99.929967,100.846384,,100.656021,100.631533,101.23763,99.929967,100.846384,,100.656021,102.74609,103.365685,102.031059,102.966026,,102.966026,102.966026
2015-12-29,101.424641,102.433572,101.016429,101.937625,,101.725814,101.424641,102.433572,101.016429,101.937625,,101.725814,103.573423,104.604778,103.156727,104.098163,,104.098163,104.098163
2015-12-30,101.755022,102.200602,100.970257,101.220594,,101.531244,101.755022,102.200602,100.970257,101.220594,,101.531244,103.920338,104.375662,103.117003,103.374222,,103.374222,103.374222
2015-12-31,100.791157,101.404308,99.930068,100.214103,,100.579226,100.791157,101.404308,99.930068,100.214103,,100.579226,102.936516,103.563442,102.054978,102.345897,,102.345897,102.345897
2016-01-04,98.522128,99.218862,97.128252,98.627768,,98.344409,98.522128,99.218862,97.128252,98.627768,,98.344409,100.64208,101.353138,99.21549,100.748806,,100.748806,100.748806
2016-01-05,98.888253,99.734304,97.782541,98.838542,,98.800528,98.888253,99.734304,97.782541,98.838542,,98.800528,101.01284,101.877846,99.883101,100.962678,,100.962678,100.962678
2016-01-06,97.388116,98.673473,96.609605,97.654979,,97.61477,97.388116,98.673473,96.609605,97.654979,,97.61477,99.514543,100.829061,98.718549,99.787444,,99.787444,99.787444
2016-01-07,95.991797,97.336609,94.727425,95.376135,,95.856615,95.991797,97.336609,94.727425,95.376135,,95.856615,98.089864,99.465625,96.79848,97.462227,,97.462227,97.462227
2016-01-08,96.031371,96.653957,94.019775,94.324065,,95.232026,96.031371,96.653957,94.019775,94.324065,,95.232026,98.129774,98.767394,96.07505,96.386768,,96.386768,96.386768
2016-01-11,94.7994,95.546828,93.136254,94.485369,,94.462699,94.7994,95.546828,93.136254,94.485369,,94.462699,96.871643,97.635809,95.172298,96.550388,,96.550388,96.550388
2016-01-12,95.333547,96.120565,93.838258,95.266699,,95.121994,95.333547,96.120565,93.838258,95.266699,,95.121994,97.418993,98.223812,95.891116,97.350325,,97.350325,97.350325
2016-01-13,95.717282,96.300557,92.444525,92.841998,,94.253412,95.717282,96.300557,92.444525,92.841998,,94.253412,97.822803,98.419708,94.476903,94.882726,,94.882726,94.882726
2016-01-14,93.142536,95.311734,91.877779,94.376874,,93.714063,93.142536,95.311734,91.877779,94.376874,,93.714063,95.191902,97.40983,93.898978,96.453456,,96.453456,96.453456
2016-01-15,91.662341,93.407029,90.786995,92.317101,,92.0534,91.662341,93.407029,90.786995,92.317101,,92.0534,93.681205,95.46718,92.786651,94.351534,,94.351534,94.351534
2016-01-19,93.307683,94.079673,91.372095,92.442034,,92.774215,93.307683,94.079673,91.372095,92.442034,,92.774215,95.364792,96.153871,93.385148,94.479724,,94.479724,94.479724
2016-01-20,90.963692,92.645075,88.779273,91.393314,,90.910866,90.963692,92.645075,88.779273,91.393314,,90.910866,92.983522,94.704488,90.748829,93.422789,,93.422789,93.422789
2016-01-21,91.639287,93.269579,90.45774,91.851639,,91.820245,91.639287,93.269579,90.45774,91.851639,,91.820245,93.676786,95.343412,92.468892,93.894538,,93.894538,93.894538
2016-01-22,93.360434,94.51027,92.352976,93.737909,,93.49349,93.360434,94.51027,92.352976,93.737909,,93.49349,95.435015,96.611119,94.405054,95.82091,,95.82091,95.82091
2016-01-25,93.555263,94.288896,92.014421,92.330144,,93.032504,93.555263,94.288896,92.014421,92.330144,,93.032504,95.637129,96.386479,94.061232,94.384092,,94.384092,94.384092
2016-01-26,92.704863,94.193167,91.981015,93.574468,,93.127804,92.704863,94.193167,91.981015,93.574468,,93.127804,94.767057,96.288235,94.025687,95.655613,,95.655613,95.655613
2016-01-27,93.291883,94.638301,91.72912,92.51443,,93.030543,93.291883,94.638301,91.72912,92.51443,,93.030543,95.380066,96.756982,93.780883,94.585158,,94.585158,94.585158
2016-01-28,93.543837,94.583436,91.671094,93.178418,,93.196508,93.543837,94.583436,91.671094,93.178418,,93.196508,95.645593,96.707921,93.730264,95.271803,,95.271803,95.271803
2016-01-29,93.561398,95.722413,92.887494,95.440157,,94.444299,93.561398,95.722413,92.887494,95.440157,,94.444299,95.665285,97.876416,94.976156,97.586335,,97.586335,97.586335
2016-02-01,94.861414,96.15814,93.935264,95.449091,,95.104005,94.861414,96.15814,93.935264,95.449091,,95.104005,96.997899,98.323548,96.050921,97.5986,,97.5986,97.5986
2016-02-02,94.707867,95.423853,93.095002,93.739586,,94.208097,94.707867,95.423853,93.095002,93.739586,,94.208097,96.842792,97.575438,95.19232,95.852377,,95.852377,95.852377
2016-02-03,94.313216,95.261603,91.557754,93.953184,,93.723105,94.313216,95.261603,91.557754,93.953184,,93.723105,96.470209,97.44092,93.65357,96.102379,,96.102379,96.102379
2016-02-04,93.636802,95.201721,92.43437,93.971902,,93.825115,93.636802,95.201721,92.43437,93.971902,,93.825115,95.795767,97.396068,94.565504,96.13917,,96.13917,96.13917
2016-02-05,93.6923,94.374728,91.32236,92.194516,,92.824892,93.6923,94.374728,91.32236,92.194516,,92.824892,95.857743,96.556116,93.433368,94.326571,,94.326571,94.326571
2016-02-08,91.009411,92.236546,89.058392,90.977059,,90.772164,91.009411,92.236546,89.058392,90.977059,,90.772164,93.12111,94.376195,91.126446,93.088021,,93.088021,93.088021
2016-02-09,89.859779,92.243857,89.095247,90.906466,,90.567681,89.859779,92.243857,89.095247,90.906466,,90.567681,91.963984,94.404005,91.182621,93.035591,,93.035591,93.035591
2016-02-10,91.467798,92.85074,90.315703,90.93617,,91.426453,91.467798,92.85074,90.315703,90.93617,,91.426453,93.636352,95.051152,92.456224,93.092464,,93.092464,93.092464
2016-02-11,89.465659,91.048802,88.409889,89.892404,,89.715071,89.465659,91.048802,88.409889,89.892404,,89.715071,91.602812,93.223399,90.521579,92.039119,,92.039119,92.039119
2016-02-12,90.801808,92.08358,89.752019,91.548517,,91.045482,90.801808,92.08358,89.752019,91.548517,,91.045482,92.98092,94.293879,91.904009,93.744645,,93.744645,93.744645
2016-02-16,92.618249,93.599334,91.546298,92.996001,,92.700953,92.618249,93.599334,91.546298,92.996001,,92.700953,94.871316,95.878431,93.773236,95.258658,,95.258658,95.258658
2016-02-17,93.695481,95.183744,93.002212,94.529307,,94.136937,93.695481,95.183744,93.002212,94.529307,,94.136937,95.985126,97.51196,95.278322,96.841264,,96.841264,96.841264
2016-02-18,94.607081,95.35803,93.250423,94.039683,,94.299357,94.607081,95.35803,93.250423,94.039683,,94.299357,96.92616,97.695383,95.535959,96.345404,,96.345404,96.345404
2016-02-19,93.669879,94.644064,92.789596,94.086917,,93.812202,93.669879,94.644064,92.789596,94.086917,,93.812202,95.97914,96.977393,95.077372,96.407213,,96.407213,96.407213
2016-02-22,94.912525,96.048834,94.34832,95.400911,,95.19594,94.912525,96.048834,94.34832,95.400911,,95.19594,97.253413,98.41973,96.677146,97.75469,,97.75469,97.75469
2016-02-23,95.061801,95.701198,93.720943,94.232029,,94.671311,95.061801,95.701198,93.720943,94.232029,,94.671311,97.413301,98.0685,96.038637,96.563143,,96.563143,96.563143
2016-02-24,93.341661,94.914883,92.330757,94.641785,,93.812995,93.341661,94.914883,92.330757,94.641785,,93.812995,95.651684,97.264745,94.619056,96.985566,,96.985566,96.985566
2016-02-25,94.883369,95.942446,93.990539,95.694741,,95.123129,94.883369,95.942446,93.990539,95.694741,,95.123129,97.252842,98.339746,96.33985,98.084928,,98.084928,98.084928
2016-02-26,96.182681,96.863253,94.892081,95.46709,,95.845415,96.182681,96.863253,94.892081,95.46709,,95.845415,98.596498,99.295591,97.273844,97.863088,,97.863088,97.863088
2016-02-29,95.353117,96.313771,94.414941,94.702027,,95.20151,95.353117,96.313771,94.414941,94.702027,,95.20151,97.753696,98.736539,96.792365,97.086166,,97.086166,97.086166
2016-03-01,95.358769,97.225155,94.73934,96.945167,,96.095216,95.358769,97.225155,94.73934,96.945167,,96.095216,97.777865,99.690363,97.141754,99.403504,,99.403504,99.403504
2016-03-02,96.750345,97.738777,95.920228,97.301537,,96.921618,96.750345,97.738777,95.920228,97.301537,,96.921618,99.221275,100.236391,98.370031,99.786763,,99.786763,99.786763
2016-03-03,97.179402,98.046508,96.224623,97.577707,,97.258262,97.179402,98.046508,96.224623,97.577707,,97.258262,99.673945,100.564198,98.694479,100.082165,,100.082165,100.082165
2016-03-04,97.746987,98.67651,96.786493,97.830614,,97.757774,97.746987,98.67651,96.786493,97.830614,,97.757774,100.27476,101.226909,99.286486,100.358357,,100.358357,100.358357
2016-03-07,97.312806,98.558981,96.423952,97.810073,,97.544683,97.312806,98.558981,96.423952,97.810073,,97.544683,99.833071,101.111004,98.920194,100.343077,,100.343077,100.343077
2016-03-08,97.191846,98.159277,96.099365,96.811684,,97.055275,97.191846,98.159277,96.099365,96.811684,,97.055275,99.723763,100.71661,98.60158,99.332933,,99.332933,99.332933
2016-03-09,97.238373,98.044885,96.295208,97.315652,,97.210484,97.238373,98.044885,96.295208,97.315652,,97.210484,99.792147,100.61986,98.823981,99.870931,,99.870931,99.870931
2016-03-10,97.66459,98.387261,96.110607,97.350785,,97.349467,97.66459,98.387261,96.110607,97.350785,,97.349467,100.233703,100.975155,98.637074,99.911424,,99.911424,99.911424
2016-03-11,98.242319,99.299431,97.595648,98.91112,,98.528712,98.242319,99.299431,97.595648,98.91112,,98.528712,100.852582,101.939337,100.188541,101.539941,,101.539941,101.539941
2016-03-14,98.607932,99.474944,97.961865,98.831406,,98.726153,98.607932,99.474944,97.961865,98.831406,,98.726153,101.234732,102.12727,100.573046,101.46535,,101.46535,101.46535
2016-03-15,98.224464,99.189624,97.557178,98.679851,,98.405545,98.224464,99.189624,97.557178,98.679851,,98.405545,100.84274,101.835284,100.158742,101.31101,,101.31101,101.31101
2016-03-16,98.486365,99.840672,97.783843,99.21094,,98.838639,98.486365,99.840672,97.783843,99.21094,,98.838639,101.11916,102.510237,100.39704,101.86325,,101.86325,101.86325
2016-03-17,99.202663,100.555898,98.377756,99.803974,,99.477904,99.202663,100.555898,98.377756,99.803974,,99.477904,101.85777,103.245345,101.009589,102.474027,,102.474027,102.474027
2016-03-18,100.257603,101.06815,99.194013,100.221358,,100.190312,100.257603,101.06815,99.194013,100.221358,,100.190312,102.939975,103.772556,101.84727,102.9022,,102.9022,102.9022
2016-03-21,100.005177,100.99803,99.342718,100.348735,,100.190479,100.005177,100.99803,99.342718,100.348735,,100.190479,102.67892,103.700584,101.999399,103.033276,,103.033276,103.033276
2016-03-22,99.838113,100.966924,99.367967,100.253559,,100.141254,99.838113,100.966924,99.367967,100.253559,,100.141254,102.52245,103.683273,102.039227,102.94897,,102.94897,102.94897
2016-03-23,100.107213,100.716052,99.139214,99.629395,,99.88046,100.107213,100.716052,99.139214,99.629395,,99.88046,102.800181,103.426756,101.804762,102.309159,,102.309159,102.309159
2016-03-24,99.027495,99.960437,98.36494,99.576145,,99.241223,99.027495,99.960437,98.36494,99.576145,,99.241223,101.689849,102.651383,101.011039,102.255379,,102.255379,102.255379
2016-03-28,99.754901,100.361297,99.011249,99.624407,,99.682741,99.754901,100.361297,99.011249,99.624407,,99.682741,102.441897,103.065562,101.676799,102.30691,,102.30691,102.30691
2016-03-29,99.424362,100.805199,98.791982,100.539388,,99.907442,99.424362,100.805199,98.791982,100.539388,,99.907442,102.119361,103.538117,101.469515,103.264656,,103.264656,103.264656
2016-03-30,101.061794,101.886024,100.374002,100.978054,,101.072151,101.061794,101.886024,100.374002,100.978054,,101.072151,103.809394,104.656529,103.102754,103.723751,,103.723751,103.723751
2016-03-31,100.92217,101.651355,100.200944,100.760926,,100.885032,100.92217,101.651355,100.200944,100.760926,,100.885032,103.666962,104.416393,102.925114,103.501127,,103.501127,103.501127
2016-04-01,100.141527,101.733413,99.595044,101.436671,,100.758219,100.141527,101.733413,99.595044,101.436671,,100.758219,102.865686,104.503206,102.305608,104.19665,,104.19665,104.19665
2016-04-04,101.433139,102.079729,100.447568,101.097131,,101.208953,101.433139,102.079729,100.447568,101.097131,,101.208953,104.212315,104.876152,103.197749,103.866641,,103.866641,103.866641
2016-04-05,100.322281,101.086718,99.511782,100.097538,,100.258764,100.322281,101.086718,99.511782,100.097538,,100.258764,103.072233,103.857153,102.238634,102.84038,,102.84038,102.84038
2016-04-06,100.099072,101.425981,99.536391,101.141953,,100.589224,100.099072,101.425981,99.536391,101.141953,,100.589224,102.876229,104.240224,102.297593,103.948443,,103.948443,103.948443
2016-04-07,100.583216,101.162064,99.345965,99.931577,,100.228348,100.583216,101.162064,99.345965,99.931577,,100.228348,103.379225,103.974995,102.106209,102.708498,,102.708498,102.708498
2016-04-08,100.558495,101.214239,99.621456,100.166647,,100.37004,100.558495,101.214239,99.621456,100.166647,,100.37004,103.354547,104.028802,102.390473,102.95208,,102.95208,102.95208
2016-04-11,100.487299,101.27585,99.663121,99.884531,,100.31165,100.487299,101.27585,99.663121,99.884531,,100.31165,103.281375,104.090704,102.433249,102.66133,,102.66133,102.66133
2016-04-12,100.040622,101.225115,99.440363,100.843922,,100.401889,100.040622,101.225115,99.440363,100.843922,,100.401889,102.827013,104.044415,102.209972,103.652641,,103.652641,103.652641
2016-04-13,101.433753,102.449784,100.566981,101.849641,,101.587673,101.433753,102.449784,100.566981,101.849641,,101.587673,104.275414,105.319138,103.382543,104.701708,,104.701708,104.701708
2016-04-14,101.821404,102.599392,101.157658,101.877222,,101.861858,101.821404,102.599392,101.157658,101.877222,,101.861858,104.684433,105.483131,104.001197,104.740825,,104.740825,104.740825
2016-04-15,101.942948,102.518297,101.08198,101.811292,,101.828954,101.942948,102.518297,101.08198,101.811292,,101.828954,104.807093,105.397278,103.920866,104.670775,,104.670775,104.670775
2016-04-18,101.494624,102.851345,101.029074,102.491313,,102.000642,101.494624,102.851345,101.029074,102.491313,,102.000642,104.347337,105.743699,103.869411,105.373038,,105.373038,105.373038
2016-04-19,102.717048,103.554818,101.721838,102.722556,,102.664111,102.717048,103.554818,101.721838,102.722556,,102.664111,105.606138,106.465126,104.58273,105.611744,,105.611744,105.611744
2016-04-20,102.776273,103.721819,101.867086,102.782333,,102.794893,102.776273,103.721819,101.867086,102.782333,,102.794893,105.672294,106.645801,104.736647,105.679043,,105.679043,105.679043
2016-04-21,102.755665,103.533577,101.617183,102.264396,,102.539287,102.755665,103.533577,101.617183,102.264396,,102.539287,105.652375,106.45287,104.481326,105.147149,,105.147149,105.147149
2016-04-22,101.736467,102.823465,100.958406,102.042665,,101.89327,101.736467,102.823465,100.958406,102.042665,,101.89327,104.607032,105.723449,103.805077,104.92079,,104.92079,104.92079
2016-04-25,101.704586,102.395285,100.982639,101.898412,,101.740865,101.704586,102.395285,100.982639,101.898412,,101.740865,104.571994,105.283915,103.830454,104.771833,,104.771833,104.771833
2016-04-26,102.078777,102.799452,101.124064,101.973971,,101.982213,102.078777,102.799452,101.124064,101.973971,,101.982213,104.957238,105.698227,103.976245,104.849979,,104.849979,104.849979
2016-04-27,101.740562,102.80996,100.852868,102.093104,,101.876246,101.740562,102.80996,100.852868,102.093104,,101.876246,104.617701,105.717052,103.70441,104.979755,,104.979755,104.979755
2016-04-28,101.684059,102.892265,100.487372,101.147533,,101.566125,101.684059,102.892265,100.487372,101.147533,,101.566125,104.56419,105.808827,103.335233,104.014166,,104.014166,104.014166
2016-04-29,100.906807,101.687723,99.626859,100.675683,,100.689471,100.906807,101.687723,99.626859,100.675683,,100.689471,103.76768,104.569985,102.451538,103.530076,,103.530076,103.530076
2016-05-02,100.888942,101.93713,100.175482,101.499456,,101.136622,100.888942,101.93713,100.175482,101.499456,,101.136622,103.748836,104.826703,103.01564,104.3776,,104.3776,104.3776
2016-05-03,100.854216,101.494,99.800866,100.638415,,100.687521,100.854216,101.494,99.800866,100.638415,,100.687521,103.717258,104.375992,102.6351,103.496652,,103.496652,103.496652
2016-05-04,100.064534,101.0208,99.203101,100.104029,,100.087347,100.064534,101.0208,99.203101,100.104029,,100.087347,102.928674,103.91231,102.043044,102.969116,,102.969116,102.969116
2016-05-05,100.281217,101.062916,99.438198,100.108221,,100.218181,100.281217,101.062916,99.438198,100.108221,,100.218181,103.17464,103.981179,102.307249,102.997625,,102.997625,102.997625
2016-05-06,99.70667,100.910833,99.04553,100.483187,,100.046025,99.70667,100.910833,99.04553,100.483187,,100.046025,102.597406,103.835948,101.916747,103.395387,,103.395387,103.395387
2016-05-09,100.50251,101.39727,99.853152,100.599606,,100.603897,100.50251,101.39727,99.853152,100.599606,,100.603897,103.418489,104.338472,102.74826,103.517138,,103.517138,103.517138
2016-05-10,101.015739,102.109983,100.570585,101.837824,,101.407092,101.015739,102.109983,100.570585,101.837824,,101.407092,103.944755,105.072006,103.488654,104.79239,,104.79239,104.79239
2016-05-11,101.59013,102.226021,100.47585,100.839193,,101.274848,101.59013,102.226021,100.47585,100.839193,,101.274848,104.590523,105.24474,103.441648,103.816415,,103.816415,103.816415
2016-05-12,101.215378,101.808124,99.976228,100.825292,,100.926919,101.215378,101.808124,99.976228,100.825292,,100.926919,104.215988,104.824992,102.938893,103.8126,,103.8126,103.8126
2016-05-13,100.589549,101.388468,99.59068,99.961752,,100.376855,100.589549,101.388468,99.59068,99.961752,,100.376855,103.578714,104.400276,102.549876,102.932189,,102.932189,102.932189
2016-05-16,100.035153,101.373697,99.602186,100.91061,,100.501897,100.035153,101.373697,99.602186,100.91061,,100.501897,103.015863,104.394842,102.570969,103.91835,,103.91835,103.91835
2016-05-17,100.740099,101.418951,99.336922,99.903499,,100.336927,100.740099,101.418951,99.336922,99.903499,,100.336927,103.775318,104.47197,102.329726,102.912648,,102.912648,102.912648
2016-05-18,99.644951,100.867205,98.789873,99.942112,,99.824225,99.644951,100.867205,98.789873,99.942112,,99.824225,102.658029,103.918658,101.777721,102.964441,,102.964441,102.964441
2016-05-19,99.545587,100.337217,98.525675,99.602863,,99.48259,99.545587,100.337217,98.525675,99.602863,,99.48259,102.559261,103.373373,101.50755,102.617595,,102.617595,102.617595
2016-05-20,99.969765,100.912936,99.41993,100.204453,,100.143485,99.969765,100.912936,99.41993,100.204453,,100.143485,103.010195,103.983789,102.445051,103.253292,,103.253292,103.253292
2016-05-23,100.146858,100.785221,99.508176,99.95866,,100.099445,100.146858,100.785221,99.508176,99.95866,,100.099445,103.197808,103.855088,102.539048,103.003238,,103.003238,103.003238
2016-05-24,100.434695,101.758975,100.086371,101.341262,,100.944055,100.434695,101.758975,100.086371,101.341262,,100.944055,103.497599,104.861868,103.137855,104.429772,,104.429772,104.429772
2016-05-25,101.649083,102.634179,101.186795,102.012962,,101.880061,101.649083,102.634179,101.186795,102.012962,,101.880061,104.755356,105.770537,104.279352,105.131333,,105.131333,105.131333
2016-05-26,102.064193,102.724348,101.370138,102.004784,,102.044376,102.064193,102.724348,101.370138,102.004784,,102.044376,105.197656,105.877171,104.481711,105.136225,,105.136225,105.136225
2016-05-27,102.052031,102.771063,101.650769,102.449712,,102.236656,102.052031,102.771063,101.650769,102.449712,,102.236656,105.201662,105.944168,104.787073,105.612732,,105.612732,105.612732
2016-05-31,102.593336,103.172841,101.626362,102.334303,,102.419328,102.593336,103.172841,101.626362,102.334303,,102.419328,105.767136,106.364252,104.769513,105.499155,,105.499155,105.499155
2016-06-01,101.903863,102.838495,101.33184,102.449501,,102.15045,101.903863,102.838495,101.33184,102.449501,,102.15045,105.073805,106.038364,104.484067,105.635874,,105.635874,105.635874
2016-06-02,102.183153,102.911154,101.565802,102.685371,,102.351682,102.183153,102.911154,101.565802,102.685371,,102.351682,105.37454,106.126252,104.736676,105.892055,,105.892055,105.892055
2016-06-03,102.400098,102.934872,101.421334,102.360063,,102.265347,102.400098,102.934872,101.421334,102.360063,,102.265347,105.600515,106.151269,104.590292,105.558027,,105.558027,105.558027
2016-06-06,102.52348,103.395762,101.954406,102.795595,,102.678268,102.52348,103.395762,101.954406,102.795595,,102.678268,105.732395,106.630683,105.143575,106.011697,,106.011697,106.011697
2016-06-07,102.895632,103.681176,102.348862,102.887267,,102.958922,102.895632,103.681176,102.348862,102.887267,,102.958922,106.116251,106.926556,105.551647,106.107019,,106.107019,106.107019
2016-06-08,102.976103,103.762548,102.461463,103.269334,,103.122549,102.976103,103.762548,102.461463,103.269334,,103.122549,106.217843,107.029675,105.688411,106.520456,,106.520456,106.520456
2016-06-09,102.821044,103.596069,102.233971,103.089602,,102.938006,102.821044,103.596069,102.233971,103.089602,,102.938006,106.063241,106.86341,105.458676,106.341234,,106.341234,106.341234
2016-06-10,102.275878,102.955471,101.521303,102.159014,,102.211656,102.275878,102.955471,101.521303,102.159014,,102.211656,105.501972,106.202556,104.723848,105.381038,,105.381038,105.381038
2016-06-13,101.70028,102.688852,101.020286,101.359079,,101.694665,101.70028,102.688852,101.020286,101.359079,,101.694665,104.935125,105.95694,104.234518,104.584501,,104.584501,104.584501
2016-06-14,101.08855,101.930976,100.215375,101.181747,,101.09883,101.08855,101.930976,100.215375,101.181747,,101.09883,104.31144,105.182066,103.411023,104.407979,,104.407979,104.407979
2016-06-15,101.385652,102.116189,100.636657,100.985049,,101.276778,101.385652,102.116189,100.636657,100.985049,,101.276778,104.625492,105.379812,103.852142,104.212815,,104.212815,104.212815
2016-06-16,100.501069,101.54544,99.676036,101.258516,,100.746762,100.501069,101.54544,99.676036,101.258516,,100.746762,103.725383,104.804312,102.872347,104.506729,,104.506729,104.506729
2016-06-17,101.292628,101.740099,100.085054,100.819877,,100.96429,101.292628,101.740099,100.085054,100.819877,,100.96429,104.541711,105.0029,103.295925,104.054132,,104.054132,104.054132
2016-06-20,101.840766,102.649449,101.104964,101.392013,,101.759273,101.840766,102.649449,101.104964,101.392013,,101.759273,105.109591,105.94462,104.350089,104.646147,,104.646147,104.646147
2016-06-21,101.651449,102.324157,100.918549,101.673695,,101.624193,101.651449,102.324157,100.918549,101.673695,,101.624193,104.923634,105.617612,104.166732,104.945937,,104.945937,104.945937
2016-06-22,101.799739,102.520921,101.142016,101.520266,,101.750739,101.799739,102.520921,101.142016,101.520266,,101.750739,105.075013,105.819795,104.394795,104.786695,,104.786695,104.786695
2016-06-23,102.364455,103.078363,101.687161,102.844147,,102.495633,102.364455,103.078363,101.687161,102.844147,,102.495633,105.65739,106.397047,104.960035,106.154031,,106.154031,106.154031
2016-06-24,99.400377,101.24811,98.440249,99.183608,,99.578171,99.400377,101.24811,98.440249,99.183608,,99.578171,102.598449,104.50346,101.608572,102.374443,,102.374443,102.374443
2016-06-27,98.366985,98.916182,96.521491,97.46519,,97.76893,98.366985,98.916182,96.521491,97.46519,,97.76893,101.530714,102.098717,99.624345,100.60026,,100.60026,100.60026
2016-06-28,98.492551,99.469869,97.675568,99.176466,,98.709588,98.492551,99.469869,97.675568,99.176466,,98.709588,101.681417,102.69026,100.836089,102.386633,,102.386633,102.386633
2016-06-29,99.969974,101.217017,99.444494,100.83484,,100.396703,99.969974,101.217017,99.444494,100.83484,,100.396703,103.218085,104.507039,102.676327,104.11172,,104.11172,104.11172
2016-06-30,101.089201,102.485469,100.380785,102.18429,,101.554542,101.089201,102.485469,100.380785,102.18429,,101.554542,104.376461,105.820015,103.644813,105.507858,,105.507858,105.507858
2016-07-01,102.164931,103.112166,101.623689,102.383213,,102.337155,102.164931,103.112166,101.623689,102.383213,,102.337155,105.504498,106.483324,104.944347,105.729677,,105.729677,105.729677
2016-07-05,101.85623,102.590049,100.879661,101.725842,,101.748391,101.85623,102.590049,100.879661,101.725842,,101.748391,105.337975,106.102068,104.329827,105.21016,,105.21016,105.21016
2016-07-06,101.350455,102.59422,100.638735,102.278063,,101.742376,101.350455,102.59422,100.638735,102.278063,,101.742376,104.857115,106.144701,104.120764,105.817166,,105.817166,105.817166
2016-07-07,102.367445,103.11483,101.462801,102.188401,,102.283817,102.367445,103.11483,101.462801,102.188401,,102.283817,105.921825,106.694168,104.983655,105.73557,,105.73557,105.73557
2016-07-08,102.915583,104.002412,102.375579,103.707507,,103.277408,102.915583,104.002412,102.375579,103.707507,,103.277408,106.487178,107.613841,105.927622,107.307666,,107.307666,107.307666
2016-07-11,103.952716,104.75397,103.458531,104.091385,,104.073741,103.952716,104.75397,103.458531,104.091385,,104.073741,107.561577,108.390555,107.049051,107.705092,,107.705092,107.705092
2016-07-12,104.556576,105.394838,103.973816,104.77935,,104.672586,104.556576,105.394838,103.973816,104.77935,,104.672586,108.185332,109.052956,107.582675,108.416708,,108.416708,108.416708
2016-07-13,104.971497,105.51197,104.132223,104.794068,,104.84732,104.971497,105.51197,104.132223,104.794068,,104.84732,108.625853,109.183676,107.75606,108.440984,,108.440984,108.440984
2016-07-14,105.452075,106.037659,104.728244,105.33529,,105.378943,105.452075,106.037659,104.728244,105.33529,,105.378943,109.123297,109.729426,108.372421,109.002007,,109.002007,109.002007
2016-07-15,105.732672,106.070487,104.669291,105.237606,,105.414077,105.732672,106.070487,104.669291,105.237606,,105.414077,109.412154,109.762048,108.312421,108.89983,,108.89983,108.89983
2016-07-18,105.296473,106.054119,104.776712,105.547414,,105.424322,105.296473,106.054119,104.776712,105.547414,,105.424322,108.965297,109.750337,108.429807,109.225508,,109.225508,109.225508
2016-07-19,105.221298,105.941941,104.631546,105.426238,,105.312214,105.221298,105.941941,104.631546,105.426238,,105.312214,108.88986,109.636405,108.278063,109.101762,,109.101762,109.101762
2016-07-20,105.762607,106.449986,105.086902,105.879304,,105.814728,105.762607,106.449986,105.086902,105.879304,,105.814728,109.463089,110.173016,108.762277,109.582873,,109.582873,109.582873
2016-07-21,105.796788,106.423102,104.89973,105.485972,,105.639026,105.796788,106.423102,104.89973,105.485972,,105.639026,109.499478,110.147226,108.569252,109.177035,,109.177035,109.177035
2016-07-22,105.600676,106.316865,104.953718,105.969649,,105.716641,105.600676,106.316865,104.953718,105.969649,,105.716641,109.296629,110.038031,108.626518,109.678068,,109.678068,109.678068
2016-07-25,105.846141,106.274557,104.962136,105.683799,,105.680786,105.846141,106.274557,104.962136,105.683799,,105.680786,109.553096,109.998389,108.63763,109.385229,,109.385229,109.385229
2016-07-26,105.61134,106.436344,104.856964,105.675991,,105.646808,105.61134,106.436344,104.856964,105.675991,,105.646808,109.315434,110.169694,108.533807,109.381104,,109.381104,109.381104
2016-07-27,105.923864,106.60418,104.801064,105.586148,,105.720081,105.923864,106.60418,104.801064,105.586148,,105.720081,109.640043,110.346464,108.477893,109.291305,,109.291305,109.291305
2016-07-28,105.555925,106.380491,104.707829,105.771754,,105.602789,105.555925,106.380491,104.707829,105.771754,,105.602789,109.269201,110.124278,108.39111,109.493016,,109.493016,109.493016
2016-07-29,105.767426,106.721524,105.085143,106.024372,,105.897286,105.767426,106.721524,105.085143,106.024372,,105.897286,109.492671,110.478373,108.784241,109.757381,,109.757381,109.757381
2016-08-01,105.930506,106.767246,105.143352,105.961309,,105.955242,105.930506,106.767246,105.143352,105.961309,,105.955242,109.661025,110.526171,108.843817,109.691557,,109.691557,109.691557
2016-08-02,105.871627,106.368293,104.558736,105.303105,,105.501582,105.871627,106.368293,104.558736,105.303105,,105.501582,109.603342,110.115713,108.24236,109.013137,,109.013137,109.013137
2016-08-03,105.210243,106.103266,104.537796,105.602606,,105.377794,105.210243,106.103266,104.537796,105.602606,,105.377794,108.946379,109.872043,108.249509,109.353727,,109.353727,109.353727
2016-08-04,105.576054,106.309398,104.969044,105.645481,,105.625564,105.576054,106.309398,104.969044,105.645481,,105.625564,109.352943,110.112144,108.722146,109.423755,,109.423755,109.423755
2016-08-05,106.09526,107.064445,105.548851,106.585967,,106.34105,106.09526,107.064445,105.548851,106.585967,,106.34105,109.894311,110.897728,109.327325,110.401377,,110.401377,110.401377
2016-08-08,106.641369,107.159686,105.913098,106.490101,,106.531923,106.641369,107.159686,105.913098,106.490101,,106.531923,110.468491,111.005942,109.714215,110.311558,,110.311558,110.311558
2016-08-09,106.562832,107.224914,106.014143,106.55073,,106.594547,106.562832,107.224914,106.014143,106.55073,,106.594547,110.39155,111.078442,109.822676,110.378664,,110.378664,110.378664
2016-08-10,106.579327,107.067881,105.784369,106.268442,,106.415231,106.579327,107.067881,105.784369,106.268442,,106.415231,110.449439,110.957936,109.627294,110.128553,,110.128553,110.128553
2016-08-11,106.55823,107.298859,106.057293,106.745464,,106.683496,106.55823,107.298859,106.057293,106.745464,,106.683496,110.440176,111.207392,109.919499,110.633425,,110.633425,110.633425
2016-08-12,106.541743,107.12587,106.054061,106.673766,,106.605118,106.541743,107.12587,106.054061,106.673766,,106.605118,110.430432,111.036502,109.924716,110.567142,,110.567142,110.567142
2016-08-15,106.839922,107.532055,106.373949,106.941991,,106.934628,106.839922,107.532055,106.373949,106.941991,,106.934628,110.751528,111.469231,110.26764,110.856955,,110.856955,110.856955
2016-08-16,106.668242,107.173234,105.916788,106.372512,,106.529461,106.668242,107.173234,105.916788,106.372512,,106.529461,110.594304,111.118158,109.814907,110.288064,,110.288064,110.288064
2016-08-17,106.313803,106.926344,105.581043,106.591291,,106.345682,106.313803,106.926344,105.581043,106.591291,,106.345682,110.250355,110.886899,109.489821,110.537945,,110.537945,110.537945
2016-08-18,106.573998,107.243212,106.070353,106.789777,,106.671489,106.573998,107.243212,106.070353,106.789777,,106.671489,110.52349,111.217145,109.999983,110.746511,,110.746511,110.746511
2016-08-19,106.466269,107.086665,105.839936,106.630889,,106.5099,106.466269,107.086665,105.839936,106.630889,,106.5099,110.427982,111.069816,109.777246,110.597666,,110.597666,110.597666
2016-08-22,106.481661,107.02799,105.896143,106.572408,,106.496939,106.481661,107.02799,105.896143,106.572408,,106.496939,110.443146,111.009778,109.833923,110.536939,,110.536939,110.536939
2016-08-23,106.918575,107.464535,106.408904,106.749767,,106.88608,106.918575,107.464535,106.408904,106.749767,,106.88608,110.901738,111.466976,110.371385,110.725216,,110.725216,110.725216
2016-08-24,106.66448,107.133959,105.768352,106.213076,,106.431665,106.66448,107.133959,105.768352,106.213076,,106.431665,110.644499,111.129969,109.713044,110.175194,,110.175194,110.175194
2016-08-25,106.06409,106.741947,105.407721,106.052418,,106.062463,106.06409,106.741947,105.407721,106.052418,,106.062463,110.022346,110.726378,109.342369,110.01108,,110.01108,110.01108
2016-08-26,106.224968,107.054416,105.302546,105.912119,,106.120681,106.224968,107.054416,105.302546,105.912119,,106.120681,110.192507,111.053124,109.233792,109.86767,,109.86767,109.86767
2016-08-29,106.005787,106.921703,105.691036,106.451843,,106.277409,106.005787,106.921703,105.691036,106.451843,,106.277409,109.978853,110.931631,109.652733,110.441977,,110.441977,110.441977
2016-08-30,106.421111,106.95561,105.654155,106.231821,,106.307545,106.421111,106.95561,105.654155,106.231821,,106.307545,110.427279,110.984076,109.6326,110.231725,,110.231725,110.231725
2016-08-31,106.084186,106.545613,105.298306,106.010223,,105.970703,106.084186,106.545613,105.298306,106.010223,,105.970703,110.096927,110.576067,109.279802,110.020025,,110.020025,110.020025
2016-09-01,106.026362,106.55868,105.098886,106.022708,,105.914729,106.026362,106.55868,105.098886,106.022708,,105.914729,110.037333,110.59172,109.074695,110.034623,,110.034623,110.034623
2016-09-02,106.437365,107.045759,105.800882,106.43975,,106.430625,106.437365,107.045759,105.800882,106.43975,,106.430625,110.472122,111.10191,109.810459,110.47329,,110.47329,110.47329
2016-09-06,106.586824,107.311703,105.775978,106.773634,,106.619826,106.586824,107.311703,105.775978,106.773634,,106.619826,110.627072,111.380997,109.785489,110.821092,,110.821092,110.821092
2016-09-07,106.657212,107.323547,106.017104,106.738189,,106.684831,106.657212,107.323547,106.017104,106.738189,,106.684831,110.726046,111.418119,110.061407,110.810238,,110.810238,110.810238
2016-09-08,106.539957,107.145922,105.819264,106.45336,,106.493378,106.539957,107.145922,105.819264,106.45336,,106.493378,110.607557,111.236458,109.860027,110.518013,,110.518013,110.518013
2016-09-09,105.717296,106.178781,103.824545,103.905725,,104.868638,105.717296,106.178781,103.824545,103.905725,,104.868638,109.752504,110.230952,107.785174,107.870507,,107.870507,107.870507
2016-09-12,103.466489,105.752947,103.100744,105.440603,,104.4921,103.466489,105.752947,103.100744,105.440603,,104.4921,107.422424,109.794192,107.041832,109.470892,,109.470892,109.470892
2016-09-13,104.728448,105.177916,103.3698,103.926819,,104.272924,104.728448,105.177916,103.3698,103.926819,,104.272924,108.762661,109.22934,107.350949,107.929387,,107.929387,107.929387
2016-09-14,103.941547,104.942178,103.279948,103.876597,,104.011949,103.941547,104.942178,103.279948,103.876597,,104.011949,107.952145,108.989867,107.264494,107.884708,,107.884708,107.884708
2016-09-15,103.828796,105.322066,103.410665,104.931841,,104.40041,103.828796,105.322066,103.410665,104.931841,,104.40041,107.851678,109.401506,107.415496,108.996518,,108.996518,108.996518
2016-09-16,104.600257,105.146191,103.756024,104.53672,,104.507656,104.600257,105.146191,103.756024,104.53672,,104.507656,108.652867,109.218678,107.773764,108.585651,,108.585651,108.585651
2016-09-19,104.897754,105.595805,104.122188,104.522705,,104.782393,104.897754,105.595805,104.122188,104.522705,,104.782393,108.961605,109.687377,108.155211,108.571559,,108.571559,108.571559
2016-09-20,105.010641,105.493305,104.234669,104.588161,,104.817588,105.010641,105.493305,104.234669,104.588161,,104.817588,109.080664,109.582328,108.274358,108.641955,,108.641955,108.641955
2016-09-21,104.954495,105.960537,104.22684,105.674013,,105.202442,104.954495,105.960537,104.22684,105.674013,,105.202442,109.021132,110.069082,108.265334,109.770232,,109.770232,109.770232
2016-09-22,106.192697,106.963785,105.667473,106.374759,,106.311719,106.192697,106.963785,105.667473,106.374759,,106.311719,110.316268,111.118038,109.769364,110.506021,,110.506021,110.506021
2016-09-23,106.03285,106.702016,105.281618,105.78984,,105.952255,106.03285,106.702016,105.281618,105.78984,,105.952255,110.15032,110.847527,109.370178,109.898775,,109.898775,109.898775
2016-09-26,105.337557,105.817071,104.422594,104.857283,,105.09663,105.337557,105.817071,104.422594,104.857283,,105.09663,109.438814,109.935991,108.48486,108.938154,,108.938154,108.938154
2016-09-27,104.846886,105.95717,104.28572,105.563964,,105.198713,104.846886,105.95717,104.28572,105.563964,,105.198713,108.928853,110.085875,108.348595,109.675908,,109.675908,109.675908
2016-09-28,105.693342,106.50475,104.884176,106.06072,,105.775241,105.693342,106.50475,104.884176,106.06072,,105.775241,109.832451,110.676771,108.989632,110.213261,,110.213261,110.213261
2016-09-29,105.917235,106.696021,104.550674,105.077243,,105.545171,105.917235,106.696021,104.550674,105.077243,,105.545171,110.069867,110.878506,108.64895,109.195297,,109.195297,109.195297
2016-09-30,105.49678,106.591571,104.960063,105.900899,,105.759309,105.49678,106.591571,104.960063,105.900899,,105.759309,109.631111,110.768973,109.074238,110.051943,,110.051943,110.051943
2016-10-03,105.589331,106.183896,104.809269,105.538286,,105.526598,105.589331,106.183896,104.809269,105.538286,,105.526598,109.742225,110.360092,108.930181,109.688023,,109.688023,109.688023
2016-10-04,105.689627,106.279302,104.547119,105.065331,,105.382259,105.689627,106.279302,104.547119,105.065331,,105.382259,109.85634,110.468481,108.668037,109.207011,,109.207011,109.207011
2016-10-05,105.376331,106.229122,104.770792,105.487734,,105.477927,105.376331,106.229122,104.770792,105.487734,,105.477927,109.571212,110.459901,108.940691,109.686553,,109.686553,109.686553
2016-10-06,105.392333,106.066254,104.633379,105.521337,,105.404571,105.392333,106.066254,104.633379,105.521337,,105.404571,109.590843,110.292079,108.801689,109.725009,,109.725009,109.725009
2016-10-07,105.659071,106.115041,104.536604,105.201727,,105.358248,105.659071,106.115041,104.536604,105.201727,,105.358248,109.870183,110.344898,108.704581,109.39569,,109.39569,109.39569
2016-10-10,105.651686,106.465569,105.114654,105.703579,,105.743001,105.651686,106.465569,105.114654,105.703579,,105.743001,109.863573,110.71025,109.304464,109.918071,,109.918071,109.918071
2016-10-11,105.511981,105.861868,103.919011,104.431189,,104.885144,105.511981,105.861868,103.919011,104.431189,,104.885144,109.719207,110.084285,108.062492,108.59538,,108.59538,108.59538
2016-10-12,104.534001,105.24605,103.86967,104.57296,,104.557027,104.534001,105.24605,103.86967,104.57296,,104.557027,108.710641,109.451824,108.017913,108.750762,,108.750762,108.750762
2016-10-13,103.95019,104.791968,103.022174,104.229643,,104.006457,103.95019,104.791968,103.022174,104.229643,,104.006457,108.108599,108.985259,107.145556,108.400681,,108.400681,108.400681
2016-10-14,104.770493,105.412939,103.928607,104.264016,,104.577843,104.770493,105.412939,103.928607,104.264016,,104.577843,108.959048,109.628541,108.08229,108.432596,,108.432596,108.432596
2016-10-17,104.2868,104.829222,103.531094,103.971629,,104.143302,104.2868,104.829222,103.531094,103.971629,,104.143302,108.461034,109.023377,107.674525,108.132503,,108.132503,108.132503
2016-10-18,104.814113,105.454453,104.010862,104.641113,,104.729994,104.814113,105.454453,104.010862,104.641113,,104.729994,109.006656,109.673823,108.171492,108.827682,,108.827682,108.827682
2016-10-19,104.741167,105.542578,104.115436,104.869181,,104.827962,104.741167,105.542578,104.115436,104.869181,,104.827962,108.946565,109.782055,108.294392,109.080013,,109.080013,109.080013
2016-10-20,104.73533,105.481012,103.975895,104.711575,,104.73177,104.73533,105.481012,103.975895,104.711575,,104.73177,108.956432,109.733441,108.167876,108.932276,,108.932276,108.932276
2016-10-21,104.408793,105.322346,103.73436,104.758384,,104.565813,104.408793,105.322346,103.73436,104.758384,,104.565813,108.618348,109.567657,107.915432,108.981972,,108.981972,108.981972
2016-10-24,105.251772,106.023821,104.608743,105.338798,,105.311047,105.251772,106.023821,104.608743,105.338798,,105.311047,109.49341,110.296951,108.823102,109.584108,,109.584108,109.584108
2016-10-25,105.23967,105.873621,104.378959,104.942054,,105.098733,105.23967,105.873621,104.378959,104.942054,,105.098733,109.484739,110.143064,108.588133,109.173983,,109.173983,109.173983
2016-10-26,104.556,105.574392,103.745452,104.723028,,104.65016,104.556,105.574392,103.745452,104.723028,,104.65016,108.778857,109.837826,107.934223,108.950831,,108.950831,108.950831
2016-10-27,105.061528,105.676882,103.819308,104.410283,,104.718042,105.061528,105.676882,103.819308,104.410283,,104.718042,109.304458,109.94442,108.010898,108.626862,,108.626862,108.626862
2016-10-28,104.358557,105.42043,103.251702,104.098148,,104.287589,104.358557,105.42043,103.251702,104.098148,,104.287589,108.578921,109.683391,107.426458,108.307744,,108.307744,108.307744
2016-10-31,104.304182,104.974386,103.475582,104.071813,,104.200547,104.304182,104.974386,103.475582,104.071813,,104.200547,108.540644,109.239912,107.678636,108.300162,,108.300162,108.300162
2016-11-01,104.225982,104.738592,102.531925,103.364605,,103.688703,104.225982,104.738592,102.531925,103.364605,,103.688703,108.461679,108.993906,106.696176,107.563975,,107.563975,107.563975
2016-11-02,103.157034,103.855974,102.083977,102.656859,,102.930497,103.157034,103.855974,102.083977,102.656859,,102.930497,107.3633,108.08951,106.24589,106.842816,,106.842816,106.842816
2016-11-03,102.696566,103.402372,101.637269,102.157021,,102.466073,102.696566,103.402372,101.637269,102.157021,,102.466073,106.922797,107.657322,105.818818,106.360065,,106.360065,106.360065
2016-11-04,101.873906,103.17468,101.200684,101.966983,,102.080478,101.873906,103.17468,101.200684,101.966983,,102.080478,106.066712,107.42243,105.365481,106.164786,,106.164786,106.164786
2016-11-07,103.391887,104.602279,102.913363,104.235476,,103.80742,103.391887,104.602279,102.913363,104.235476,,103.80742,107.649291,108.910338,107.149889,108.527301,,108.527301,108.527301
2016-11-08,103.959001,105.314792,103.38023,104.668593,,104.347654,103.959001,105.314792,103.38023,104.668593,,104.347654,108.287034,109.701542,107.685346,109.026253,,109.026253,109.026253
2016-11-09,104.128698,106.839388,102.864237,105.744385,,104.924336,104.128698,106.839388,102.864237,105.744385,,104.924336,108.471286,111.296603,107.156372,110.155425,,110.155425,110.155425
2016-11-10,106.25215,107.840791,103.995619,105.797112,,105.945549,106.25215,107.840791,103.995619,105.797112,,105.945549,110.693242,112.347292,108.339758,110.216854,,110.216854,110.216854
2016-11-11,105.416334,106.519389,104.353383,105.637131,,105.470574,105.416334,106.519389,104.353383,105.637131,,105.470574,109.822102,110.97039,108.714413,110.051504,,110.051504,110.051504
2016-11-14,105.8057,107.031478,104.130212,105.519461,,105.600612,105.8057,107.031478,104.130212,105.519461,,105.600612,110.241864,111.51876,108.495013,109.943155,,109.943155,109.943155
2016-11-15,105.763918,107.047713,104.865501,106.357313,,106.011295,105.763918,107.047713,104.865501,106.357313,,106.011295,110.220355,111.560914,109.284313,110.839615,,110.839615,110.839615
2016-11-16,106.010016,107.04547,105.221865,106.222458,,106.129066,106.010016,107.04547,105.221865,106.222458,,106.129066,110.504054,111.58707,109.684732,110.72758,,110.72758,110.72758
2016-11-17,106.289463,107.363497,105.560417,106.726771,,106.509086,106.289463,107.363497,105.560417,106.726771,,106.509086,110.800233,111.921142,110.040173,111.257628,,111.257628,111.257628
2016-11-18,106.708313,107.419533,105.809589,106.431012,,106.575104,106.708313,107.419533,105.809589,106.431012,,106.575104,111.256425,111.99607,110.317187,110.965464,,110.965464,110.965464
2016-11-21,106.742088,107.701263,106.199462,107.222236,,106.981135,106.742088,107.701263,106.199462,107.222236,,106.981135,111.29118,112.291567,110.725206,111.791636,,111.791636,111.791636
2016-11-22,107.505648,108.244435,106.490827,107.437312,,107.400019,107.505648,108.244435,106.490827,107.437312,,107.400019,112.095545,112.86717,111.036727,112.023968,,112.023968,112.023968
2016-11-23,107.138586,108.068838,106.357821,107.464913,,107.266474,107.138586,108.068838,106.357821,107.464913,,107.266474,111.717574,112.686133,110.901848,112.056011,,112.056011,112.056011
2016-11-25,107.618294,108.260895,107.129935,107.880219,,107.717706,107.618294,108.260895,107.129935,107.880219,,107.717706,112.218764,112.890333,111.709925,112.491972,,112.491972,112.491972
2016-11-28,107.58271,108.424842,106.768938,107.351428,,107.521075,107.58271,108.424842,106.768938,107.351428,,107.521075,112.197552,113.07654,111.348465,111.957922,,111.957922,111.957922
2016-11-29,107.336317,108.287065,106.718421,107.518326,,107.476566,107.336317,108.287065,106.718421,107.518326,,107.476566,111.970288,112.963253,111.326712,112.160217,,112.160217,112.160217
2016-11-30,107.832317,108.666869,106.535591,107.110465,,107.505685,107.832317,108.666869,106.535591,107.110465,,107.505685,112.513842,113.385222,111.158396,111.760296,,111.760296,111.760296
2016-12-01,107.255044,108.170043,105.679433,106.679625,,106.92612,107.255044,108.170043,105.679433,106.679625,,106.92612,111.912016,112.867799,110.268312,111.312651,,111.312651,111.312651
2016-12-02,106.666673,107.609979,105.84692,106.727717,,106.71476,106.666673,107.609979,105.84692,106.727717,,106.71476,111.300811,112.285583,110.443011,111.363367,,111.363367,111.363367
2016-12-05,107.236976,108.158136,106.44309,107.393765,,107.315631,107.236976,108.158136,106.44309,107.393765,,107.315631,111.905137,112.867033,111.076638,112.069585,,112.069585,112.069585
2016-12-06,107.565154,108.299225,106.702436,107.730006,,107.575505,107.565154,108.299225,106.702436,107.730006,,107.575505,112.25266,113.020593,111.350994,112.424698,,112.424698,112.424698
2016-12-07,107.663382,109.421328,106.960934,109.142317,,108.308854,107.663382,109.421328,106.960934,109.142317,,108.308854,112.389351,114.228338,111.658369,113.934838,,113.934838,113.934838
2016-12-08,109.133505,110.157028,108.256029,109.373285,,109.226861,109.133505,110.157028,108.256029,109.373285,,109.226861,113.935331,115.005391,113.019793,114.186887,,114.186887,114.186887
2016-12-09,109.562088,110.59677,108.850868,110.058158,,109.769567,109.562088,110.59677,108.850868,110.058158,,109.769567,114.382459,115.462553,113.640603,114.900989,,114.900989,114.900989
2016-12-12,109.921923,110.924265,108.999766,109.942812,,109.930248,109.921923,110.924265,108.999766,109.942812,,109.930248,114.763555,115.811685,113.80131,114.786069,,114.786069,114.786069
2016-12-13,110.302961,111.488131,109.575676,110.668219,,110.523264,110.302961,111.488131,109.575676,110.668219,,110.523264,115.178882,116.417714,114.419819,115.560559,,115.560559,115.560559
2016-12-14,110.491139,111.549728,109.247364,109.817241,,110.261163,110.491139,111.549728,109.247364,109.817241,,110.261163,115.383083,116.488983,114.08394,114.679787,,114.679787,114.679787
2016-12-15,109.904178,111.172817,109.240096,110.236128,,110.150482,109.904178,111.172817,109.240096,110.236128,,110.150482,114.773779,116.098113,114.079805,115.120256,,115.120256,115.120256
2016-12-16,110.556252,111.13235,109.31769,109.968717,,110.221146,110.556252,111.13235,109.31769,109.968717,,110.221146,115.458142,116.059848,114.162901,114.843287,,114.843287,114.843287
2016-12-19,110.034817,110.92492,109.331498,110.185124,,110.12902,110.034817,110.92492,109.331498,110.185124,,110.12902,114.914222,115.843093,114.17872,115.071164,,115.071164,115.071164
2016-12-20,110.424026,111.185439,109.803745,110.595488,,110.509536,110.424026,111.185439,109.803745,110.595488,,110.509536,115.336321,116.132481,114.689579,115.516637,,115.516637,115.516637
2016-12-21,110.548248,111.122681,109.787505,110.328549,,110.447892,110.548248,111.122681,109.787505,110.328549,,110.447892,115.473196,116.071103,114.67681,115.242815,,115.242815,115.242815
2016-12-22,110.230088,110.780167,109.35889,110.110279,,110.103307,110.230088,110.780167,109.35889,110.110279,,110.103307,115.148046,115.72373,114.237218,115.022768,,115.022768,115.022768
2016-12-23,110.071998,110.633937,109.559758,110.226851,,110.129038,110.071998,110.633937,109.559758,110.226851,,110.129038,114.991576,115.57968,114.456203,115.153216,,115.153216,115.153216
2016-12-27,110.357763,111.091284,109.976509,110.471469,,110.481784,110.357763,111.091284,109.976509,110.471469,,110.481784,115.290755,116.057745,114.893015,115.409835,,115.409835,115.409835
2016-12-28,110.564715,110.875203,109.339907,109.574859,,110.060713,110.564715,110.875203,109.339907,109.574859,,110.060713,115.526725,115.853517,114.245392,114.492093,,114.492093,114.492093
2016-12-29,109.558426,110.209551,108.959418,109.53472,,109.561089,109.558426,110.209551,108.959418,109.53472,,109.561089,114.481936,115.162751,113.855289,114.456991,,114.456991,114.456991
2016-12-30,109.643302,110.04989,108.552064,108.995728,,109.281883,109.643302,110.04989,108.552064,108.995728,,109.281883,114.574291,114.999461,113.432625,113.8971,,113.8971,113.8971
2017-01-03,109.796671,110.738016,108.739771,109.95533,,109.80576,109.796671,110.738016,108.739771,109.95533,,109.80576,114.743037,115.727676,113.637089,114.908507,,114.908507,114.908507
2017-01-04,110.201852,111.20032,109.621009,110.559429,,110.407077,110.201852,111.20032,109.621009,110.559429,,110.407077,115.192047,116.234998,114.586137,115.565746,,115.565746,115.565746
2017-01-05,110.411975,111.339174,109.443838,110.500373,,110.434101,110.411975,111.339174,109.443838,110.500373,,110.434101,115.410911,116.379372,114.399723,115.504285,,115.504285,115.504285
2017-01-06,110.576475,111.566911,109.821899,110.941808,,110.743438,110.576475,111.566911,109.821899,110.941808,,110.743438,115.617386,116.655447,114.829969,116.000322,,116.000322,116.000322
2017-01-09,110.781737,111.473877,109.987326,110.590436,,110.708082,110.781737,111.473877,109.987326,110.590436,,110.708082,115.8335,116.557381,115.001978,115.633753,,115.633753,115.633753
2017-01-10,110.640773,111.499737,109.874251,110.576474,,110.659684,110.640773,111.499737,109.874251,110.576474,,110.659684,115.689346,116.586007,114.887492,115.621128,,115.621128,115.621128
2017-01-11,110.554606,111.476793,109.70391,110.895958,,110.644949,110.554606,111.476793,109.70391,110.895958,,110.644949,115.606444,116.572401,114.717229,115.963229,,115.963229,115.963229
2017-01-12,110.651077,111.2358,109.522723,110.672801,,110.518806,110.651077,111.2358,109.522723,110.672801,,110.518806,115.707691,116.319552,114.526868,115.730276,,115.730276,115.730276
2017-01-13,110.797966,111.612529,110.264301,110.886317,,110.901665,110.797966,111.612529,110.264301,110.886317,,110.901665,115.861232,116.713528,115.302528,115.954057,,115.954057,115.954057
2017-01-17,110.623555,111.445456,109.646926,110.569196,,110.56304,110.623555,111.445456,109.646926,110.569196,,110.56304,115.687074,116.548193,114.665897,115.63067,,115.63067,115.63067
2017-01-18,110.636078,111.324298,109.850752,110.765705,,110.642331,110.636078,111.324298,109.850752,110.765705,,110.642331,115.712463,116.434397,114.892259,115.848537,,115.848537,115.848537
2017-01-19,110.783869,111.393068,109.866328,110.374469,,110.590579,110.783869,111.393068,109.866328,110.374469,,110.590579,115.870278,116.507583,114.909521,115.441678,,115.441678,115.441678
2017-01-20,110.814599,111.484297,110.028108,110.754681,,110.760991,110.814599,111.484297,110.028108,110.754681,,110.760991,115.905947,116.605962,115.082289,115.842301,,115.842301,115.842301
2017-01-23,110.569505,111.325347,109.725745,110.560882,,110.539347,110.569505,111.325347,109.725745,110.560882,,110.539347,115.649001,116.440155,114.767158,115.639914,,115.639914,115.639914
2017-01-24,110.69722,111.816999,110.074789,111.253906,,110.9651,110.69722,111.816999,110.074789,111.253906,,110.9651,115.782303,116.955526,115.131761,116.365187,,116.365187,116.365187
2017-01-25,111.781732,112.765821,111.071237,112.160542,,111.961726,111.781732,112.765821,111.071237,112.160542,,111.961726,116.917431,117.947196,116.172285,117.313057,,117.313057,117.313057
2017-01-26,112.179741,113.00284,111.304922,112.069655,,112.135078,112.179741,113.00284,111.304922,112.069655,,112.135078,117.341002,118.201236,116.423529,117.224191,,117.224191,117.224191
2017-01-27,112.175762,112.844573,111.101769,111.929457,,112.000313,112.175762,112.844573,111.101769,111.929457,,112.000313,117.339571,118.03763,116.216173,117.081238,,117.081238,117.081238
2017-01-30,111.582061,111.977175,110.227396,111.234881,,111.231416,111.582061,111.977175,110.227396,111.234881,,111.231416,116.719485,117.133374,115.302994,116.357449,,116.357449,116.357449
2017-01-31,110.845188,111.76452,109.926105,111.089984,,110.909186,110.845188,111.76452,109.926105,111.089984,,110.909186,115.963032,116.925473,114.998852,116.218693,,116.218693,116.218693
2017-02-01,111.424896,112.251467,110.228446,111.097172,,111.244155,111.424896,112.251467,110.228446,111.097172,,111.244155,116.5854,117.453399,115.334005,116.24428,,116.24428,116.24428
2017-02-02,110.891244,111.868956,110.07215,111.124326,,110.986966,110.891244,111.868956,110.07215,111.124326,,110.986966,116.029209,117.053283,115.171702,116.273276,,116.273276,116.273276
2017-02-03,111.620445,112.496747,110.957114,111.904113,,111.750411,111.620445,112.496747,110.957114,111.904113,,111.750411,116.802892,117.71936,116.106128,117.098162,,117.098162,117.098162
2017-02-06,111.731572,112.371467,110.983481,111.69066,,111.693271,111.731572,112.371467,110.983481,111.69066,,111.693271,116.91887,117.591185,116.137125,116.877547,,116.877547,116.877547
2017-02-07,111.915677,112.606558,111.135895,111.778252,,111.858404,111.915677,112.606558,111.135895,111.778252,,111.858404,117.128971,117.852134,116.312329,116.985136,,116.985136,116.985136
2017-02-08,111.590313,112.427896,110.924293,111.873323,,111.711651,111.590313,112.427896,110.924293,111.873323,,111.711651,116.829034,117.707178,116.132705,117.126014,,117.126014,117.126014
2017-02-09,112.029905,113.068629,111.478406,112.511133,,112.294342,112.029905,113.068629,111.478406,112.511133,,112.294342,117.297759,118.387274,116.721163,117.802377,,117.802377,117.802377
2017-02-10,112.748584,113.4807,112.132695,112.907723,,112.818757,112.748584,113.4807,112.132695,112.907723,,112.818757,118.053563,118.820167,117.407135,118.22019,,118.22019,118.22019
2017-02-13,113.202706,114.066804,112.705213,113.512835,,113.382682,113.202706,114.066804,112.705213,113.512835,,113.382682,118.564141,119.470907,118.043548,118.890208,,118.890208,118.890208
2017-02-14,113.392176,114.332478,112.741985,113.964085,,113.612609,113.392176,114.332478,112.741985,113.964085,,113.612609,118.788859,119.774613,118.107127,119.388115,,119.388115,119.388115
2017-02-15,113.836918,114.927925,113.304496,114.501621,,114.161622,113.836918,114.927925,113.304496,114.501621,,114.161622,119.260828,120.406762,118.705156,119.958987,,119.958987,119.958987
2017-02-16,114.500251,115.153616,113.573263,114.421,,114.399138,114.500251,115.153616,113.573263,114.421,,114.399138,119.967978,120.654022,118.997005,119.885817,,119.885817,119.885817
2017-02-17,114.137555,115.045214,113.538365,114.671135,,114.358817,114.137555,115.045214,113.538365,114.671135,,114.358817,119.590356,120.541851,118.961297,120.149077,,120.149077,120.149077
2017-02-21,114.87113,115.892323,114.382699,115.345091,,115.131705,114.87113,115.892323,114.382699,115.345091,,115.131705,120.365533,121.436472,119.852876,120.861665,,120.861665,120.861665
2017-02-22,115.086639,115.837776,114.488285,115.222748,,115.159973,115.086639,115.837776,114.488285,115.222748,,115.159973,120.602593,121.390618,119.977158,120.746438,,120.746438,120.746438
2017-02-23,115.472552,116.085953,114.420454,115.268465,,115.295833,115.472552,116.085953,114.420454,115.268465,,115.295833,121.011906,121.654733,119.907885,120.797703,,120.797703,120.797703
2017-02-24,114.807118,115.727494,114.180025,115.429699,,115.048258,114.807118,115.727494,114.180025,115.429699,,115.048258,120.335807,121.302676,119.681142,120.990069,,120.990069,120.990069
2017-02-27,115.311047,116.089984,114.695978,115.544147,,115.42135,115.311047,116.089984,114.695978,115.544147,,115.42135,120.870231,121.687713,120.226009,121.115265,,121.115265,121.115265
2017-02-28,115.323249,116.01087,114.574893,115.25217,,115.282858,115.323249,116.01087,114.574893,115.25217,,115.282858,120.904815,121.625255,120.119465,120.829721,,120.829721,120.829721
2017-03-01,116.140452,117.401482,115.588585,116.816315,,116.505978,116.140452,117.401482,115.588585,116.816315,,116.505978,121.772447,123.094703,121.191838,122.480961,,122.480961,122.480961
2017-03-02,116.732434,117.266307,115.657696,116.146423,,116.442956,116.732434,117.266307,115.657696,116.146423,,116.442956,122.398296,122.958372,121.269212,121.782384,,121.782384,121.782384
2017-03-03,116.089277,116.712465,115.382084,116.190514,,116.095443,116.089277,116.712465,115.382084,116.190514,,116.095443,121.726373,122.378959,120.98326,121.831641,,121.831641,121.831641
2017-03-06,115.710739,116.34492,115.036537,115.817205,,115.717071,115.710739,116.34492,115.036537,115.817205,,115.717071,121.335182,121.999724,120.625986,121.446615,,121.446615,121.446615
2017-03-07,115.580026,116.257025,114.954577,115.523151,,115.578397,115.580026,116.257025,114.954577,115.523151,,115.578397,121.222094,121.930941,120.565125,121.16168,,121.16168,121.16168
2017-03-08,115.606824,116.290015,114.81678,115.302373,,115.507799,115.606824,116.290015,114.81678,115.302373,,115.507799,121.262765,121.977584,120.431963,120.94284,,120.94284,120.94284
2017-03-09,115.366303,116.079643,114.628615,115.411714,,115.374135,115.366303,116.079643,114.628615,115.411714,,115.374135,121.010628,121.758794,120.236203,121.058179,,121.058179,121.058179
2017-03-10,115.982442,116.455295,115.054186,115.769266,,115.800131,115.982442,116.455295,115.054186,115.769266,,115.800131,121.658902,122.155578,120.684601,121.435081,,121.435081,121.435081
2017-03-13,115.74472,116.344758,115.161808,115.811377,,115.767523,115.74472,116.344758,115.161808,115.811377,,115.767523,121.440877,122.071867,120.829523,121.511215,,121.511215,121.511215
2017-03-14,115.523771,116.024441,114.784436,115.466475,,115.437572,115.523771,116.024441,114.784436,115.466475,,115.437572,121.214062,121.742116,120.439138,121.155119,,121.155119,121.155119
2017-03-15,115.723059,116.836174,115.095219,116.369759,,116.010726,115.723059,116.836174,115.095219,116.369759,,116.010726,121.424376,122.592227,120.766488,122.103536,,122.103536,122.103536
2017-03-16,116.548967,117.020744,115.690188,116.23899,,116.359328,116.548967,117.020744,115.690188,116.23899,,116.359328,122.297694,122.793168,121.395977,121.971973,,121.971973,121.971973
2017-03-17,116.437748,116.947183,115.555611,116.0709,,116.248281,116.437748,116.947183,115.555611,116.0709,,116.248281,122.181234,122.715741,121.255534,121.796855,,121.796855,121.796855
2017-03-20,116.023091,116.548166,115.289187,115.814566,,115.913898,116.023091,116.548166,115.289187,115.814566,,115.913898,121.748459,122.30066,120.978264,121.530716,,121.530716,121.530716
2017-03-21,116.161231,116.612876,113.996804,114.378365,,115.234865,116.161231,116.612876,113.996804,114.378365,,115.234865,121.907227,122.380195,119.634956,120.035914,,120.035914,120.035914
2017-03-22,114.316912,115.200228,113.522982,114.580784,,114.408597,114.316912,115.200228,113.522982,114.580784,,114.408597,119.971491,120.899869,119.137172,120.248118,,120.248118,120.248118
2017-03-23,114.39972,115.318482,113.847447,114.403074,,114.507185,114.39972,115.318482,113.847447,114.403074,,114.507185,120.05795,121.024017,119.478952,120.061727,,120.061727,120.061727
2017-03-24,114.680832,115.260834,113.708875,114.297637,,114.483653,114.680832,115.260834,113.708875,114.297637,,114.483653,120.352275,120.961495,119.332384,119.950289,,119.950289,119.950289
2017-03-27,113.372275,114.653857,112.757557,114.201337,,113.778698,113.372275,114.653857,112.757557,114.201337,,113.778698,118.981171,120.326635,118.335519,119.850814,,119.850814,119.850814
2017-03-28,114.10167,115.448693,113.654929,114.993864,,114.567801,114.10167,115.448693,113.654929,114.993864,,114.567801,119.759001,121.174545,119.29135,120.69666,,120.69666,120.69666
2017-03-29,114.872498,115.671883,114.357764,115.145105,,115.024449,114.872498,115.671883,114.357764,115.145105,,115.024449,120.578483,121.41817,120.039675,120.865542,,120.865542,120.865542
2017-03-30,115.11795,116.010521,114.628306,115.478158,,115.319401,115.11795,116.010521,114.628306,115.478158,,115.319401,120.838928,121.777044,120.324901,121.218068,,121.218068,121.218068
2017-03-31,115.261136,115.960919,114.755226,115.229608,,115.308866,115.261136,115.960919,114.755226,115.229608,,115.308866,120.989711,121.725641,120.458179,120.956641,,120.956641,120.956641
2017-04-03,115.300604,115.882838,114.1985,115.099305,,115.108368,115.300604,115.882838,114.1985,115.099305,,115.108368,121.040515,121.652269,119.88355,120.829956,,120.829956,120.829956
2017-04-04,114.874318,115.588164,114.302468,115.143616,,114.981261,114.874318,115.588164,114.302468,115.143616,,114.981261,120.610215,121.360524,120.008926,120.892946,,120.892946,120.892946
2017-04-05,115.513221,116.436605,114.488199,114.788471,,115.320772,115.513221,116.436605,114.488199,114.788471,,115.320772,121.319864,122.289398,120.240391,120.557827,,120.557827,120.557827
2017-04-06,114.837732,115.63219,114.193843,114.972332,,114.912755,114.837732,115.63219,114.193843,114.972332,,114.912755,120.611093,121.445244,119.932821,120.751896,,120.751896,120.751896
2017-04-07,114.909285,115.559705,114.319034,114.873208,,114.914156,114.909285,115.559705,114.319034,114.873208,,114.914156,120.684285,121.368774,120.063826,120.647035,,120.647035,120.647035
2017-04-10,114.959882,115.686287,114.428707,114.94723,,115.014271,114.959882,115.686287,114.428707,114.94723,,115.014271,120.747153,121.512758,120.189144,120.735241,,120.735241,120.735241
2017-04-11,114.769474,115.253051,113.774622,114.78462,,114.630203,114.769474,115.253051,113.774622,114.78462,,114.630203,120.556228,121.064611,119.509286,120.57162,,120.57162,120.57162
2017-04-12,114.687079,115.213113,113.829678,114.39394,,114.520003,114.687079,115.213113,113.829678,114.39394,,114.520003,120.470546,121.023613,119.570294,120.16295,,120.16295,120.16295
2017-04-13,114.205646,114.908276,113.434628,113.646068,,114.045543,114.205646,114.908276,113.434628,113.646068,,114.045543,119.965172,120.703325,119.154958,119.377549,,119.377549,119.377549
2017-04-17,113.857986,114.872269,113.50363,114.64923,,114.237621,113.857986,114.872269,113.50363,114.64923,,114.237621,119.603582,120.669765,119.232646,120.434997,,120.434997,120.434997
2017-04-18,114.249292,115.029953,113.599054,114.324543,,114.293154,114.249292,115.029953,113.599054,114.324543,,114.293154,120.016871,120.835157,119.33109,120.093966,,120.093966,120.093966
2017-04-19,114.676269,115.222866,113.727108,114.141106,,114.443259,114.676269,115.222866,113.727108,114.141106,,114.443259,120.479617,121.052582,119.479978,119.916048,,119.916048,119.916048
2017-04-20,114.468432,115.53152,113.937332,114.994348,,114.752528,114.468432,115.53152,113.937332,114.994348,,114.752528,120.26349,121.381088,119.706147,120.816859,,120.816859,120.816859
2017-04-21,114.946837,115.4921,114.154684,114.671139,,114.804625,114.946837,115.4921,114.154684,114.671139,,114.804625,120.767149,121.338929,119.933646,120.476865,,120.476865,120.476865
2017-04-24,115.885391,116.595568,115.16092,115.955283,,115.900699,115.885391,116.595568,115.16092,115.955283,,115.900699,121.749558,122.496795,120.990911,121.8247,,121.8247,121.8247
2017-04-25,116.354856,117.288101,115.833954,116.663546,,116.549861,116.354856,117.288101,115.833954,116.663546,,116.549861,122.246838,123.227606,121.699411,122.571605,,122.571605,122.571605
2017-04-26,116.730904,117.627171,116.019679,116.608656,,116.749263,116.730904,117.627171,116.019679,116.608656,,116.749263,122.653501,123.593566,121.90619,122.523873,,122.523873,122.523873
2017-04-27,116.753823,117.510836,115.88213,116.74476,,116.731622,116.753823,117.510836,115.88213,116.74476,,116.731622,122.678568,123.474179,121.763271,122.669032,,122.669032,122.669032
2017-04-28,117.140416,117.705006,116.039331,116.6883,,116.87246,117.140416,117.705006,116.039331,116.6883,,116.87246,123.085231,123.67834,121.926472,122.60915,,122.60915,122.60915
2017-05-01,116.913656,117.730036,116.209424,116.930603,,116.95966,116.913656,117.730036,116.209424,116.930603,,116.95966,122.847094,123.706064,122.106397,122.865383,,122.865383,122.865383
2017-05-02,117.087773,117.771786,116.23519,117.099966,,117.047284,117.087773,117.771786,116.23519,117.099966,,117.047284,123.033955,123.752982,122.137607,123.046398,,123.046398,123.046398
2017-05-03,116.892811,117.730298,116.065689,117.035254,,116.913166,116.892811,117.730298,116.065689,117.035254,,116.913166,122.854143,123.735059,121.985472,123.004684,,123.004684,123.004684
2017-05-04,117.162327,117.939164,116.257352,117.143922,,117.115371,117.162327,117.939164,116.257352,117.143922,,117.115371,123.138754,123.95497,122.187061,123.119474,,123.119474,123.119474
2017-05-05,117.370733,118.015094,116.615474,117.537512,,117.371542,117.370733,118.015094,116.615474,117.537512,,117.371542,123.361701,124.039342,122.567555,123.536751,,123.536751,123.536751
2017-05-08,117.528004,118.229589,116.770972,117.576282,,117.507542,117.528004,118.229589,116.770972,117.576282,,117.507542,123.529196,124.2695,122.732486,123.581175,,123.581175,123.581175
2017-05-09,117.699173,118.315371,116.897306,117.47119,,117.600216,117.699173,118.315371,116.897306,117.47119,,117.600216,123.738826,124.386814,122.895084,123.499363,,123.499363,123.499363
2017-05-10,117.393309,118.097757,116.712768,117.576158,,117.436367,117.393309,118.097757,116.712768,117.576158,,117.436367,123.463995,124.206463,122.747293,123.656874,,123.656874,123.656874
2017-05-11,117.270292,117.897996,116.365637,117.319901,,117.204066,117.270292,117.897996,116.365637,117.319901,,117.204066,123.349221,124.010221,122.39653,123.401106,,123.401106,123.401106
2017-05-12,117.218032,117.756357,116.513908,117.180649,,117.16013,117.218032,117.756357,116.513908,117.180649,,117.16013,123.295927,123.863517,122.555948,123.256237,,123.256237,123.256237
2017-05-15,117.34581,118.252636,116.898417,117.730006,,117.567064,117.34581,118.252636,116.898417,117.730006,,117.567064,123.459687,124.413816,122.987207,123.86384,,123.86384,123.86384
2017-05-16,117.895637,118.424836,117.013599,117.683739,,117.745718,117.895637,118.424836,117.013599,117.683739,,117.745718,124.06005,124.617077,123.129939,123.836438,,123.836438,123.836438
2017-05-17,116.736267,117.480947,115.161133,115.561672,,116.210712,116.736267,117.480947,115.161133,115.561672,,116.210712,122.858184,123.642521,121.200442,121.622616,,121.622616,121.622616
2017-05-18,115.488945,116.813735,114.817742,116.031627,,115.809091,115.488945,116.813735,114.817742,116.031627,,115.809091,121.548608,122.94384,120.841669,122.1202,,122.1202,122.1202
2017-05-19,116.394326,117.506672,115.842652,116.785427,,116.654581,116.394326,117.506672,115.842652,116.785427,,116.654581,122.501234,123.671612,121.920271,122.912824,,122.912824,122.912824
2017-05-22,117.091423,117.960173,116.501107,117.426257,,117.26167,117.091423,117.960173,116.501107,117.426257,,117.26167,123.237517,124.154571,122.617787,123.59224,,123.59224,123.59224
2017-05-23,117.625459,118.360417,116.940646,117.69148,,117.644881,117.625459,118.360417,116.940646,117.69148,,117.644881,123.80463,124.577544,123.082946,123.872765,,123.872765,123.872765
2017-05-24,117.882231,118.532521,117.165572,118.015396,,117.902189,117.882231,118.532521,117.165572,118.015396,,117.902189,124.077853,124.762862,123.322263,124.217759,,124.217759,124.217759
2017-05-25,118.296393,119.340263,117.632146,118.605447,,118.485086,118.296393,119.340263,117.632146,118.605447,,118.485086,124.537314,125.636538,123.840277,124.86318,,124.86318,124.86318
2017-05-26,118.563213,119.177258,117.990239,118.65466,,118.593563,118.563213,119.177258,117.990239,118.65466,,118.593563,124.82541,125.472617,124.220334,124.92214,,124.92214,124.92214
2017-05-30,118.422091,119.160305,117.877371,118.534258,,118.495238,118.422091,119.160305,117.877371,118.534258,,118.495238,124.696008,125.474795,124.124312,124.815177,,124.815177,124.815177
2017-05-31,118.662345,119.278278,117.559056,118.442309,,118.476659,118.662345,119.278278,117.559056,118.442309,,118.476659,124.962737,125.611715,123.799952,124.730549,,124.730549,124.730549
2017-06-01,118.699734,119.675928,117.927596,119.301429,,118.91791,118.699734,119.675928,117.927596,119.301429,,118.91791,125.007709,126.037744,124.19438,125.641623,,125.641623,125.641623
2017-06-02,119.387333,120.330524,118.70984,119.780595,,119.563453,119.387333,120.330524,118.70984,119.780595,,119.563453,125.733368,126.728655,125.021662,126.149402,,126.149402,126.149402
2017-06-05,119.708478,120.421177,119.05678,119.692201,,119.711471,119.708478,120.421177,119.05678,119.692201,,119.711471,126.071554,126.822986,125.383557,126.055477,,126.055477,126.055477
2017-06-06,119.420056,120.169082,118.708774,119.311062,,119.400788,119.420056,120.169082,118.708774,119.311062,,119.400788,125.781918,126.570631,125.031,125.665997,,125.665997,125.665997
2017-06-07,119.464329,120.168542,118.706478,119.526158,,119.465163,119.464329,120.168542,118.706478,119.526158,,119.465163,125.839559,126.582361,125.041364,125.905394,,125.905394,125.905394
2017-06-08,119.560632,120.401216,118.626816,119.547222,,119.527249,119.560632,120.401216,118.626816,119.547222,,119.527249,125.942356,126.829465,124.958147,125.928766,,125.928766,125.928766
2017-06-09,119.7285,120.821318,117.587287,119.247115,,119.317835,119.7285,120.821318,117.587287,119.247115,,119.317835,126.120858,127.272277,123.864902,125.613791,,125.613791,125.613791
2017-06-12,118.923623,120.019253,117.585687,119.071598,,118.8887,118.923623,120.019253,117.585687,119.071598,,118.8887,125.278103,126.434371,123.868556,125.435907,,125.435907,125.435907
2017-06-13,119.402942,120.255577,118.634974,119.651361,,119.495013,119.402942,120.255577,118.634974,119.651361,,119.495013,125.813832,126.713771,125.004269,126.075536,,126.075536,126.075536
2017-06-14,119.837842,120.540188,118.485242,119.547986,,119.591427,119.837842,120.540188,118.485242,119.547986,,119.591427,126.292388,127.032387,124.865726,125.985882,,125.985882,125.985882
2017-06-15,118.634748,119.791215,117.910432,119.235814,,118.900284,118.634748,119.791215,117.910432,119.235814,,118.900284,125.029477,126.247521,124.266643,125.662707,,125.662707,125.662707
2017-06-16,119.212294,119.897579,118.152264,119.219393,,119.112803,119.212294,119.897579,118.152264,119.219393,,119.112803,125.636254,126.360533,124.519305,125.644161,,125.644161,125.644161
2017-06-19,119.805132,120.790418,119.174651,120.267825,,120.025667,119.805132,120.790418,119.174651,120.267825,,120.025667,126.26356,127.301493,125.598907,126.750974,,126.750974,126.750974
2017-06-20,120.085058,120.716404,119.061221,119.490021,,119.836447,120.085058,120.716404,119.061221,119.490021,,119.836447,126.561385,127.227138,125.480057,125.932951,,125.932951,125.932951
2017-06-21,119.671092,120.407844,118.648369,119.507007,,119.570078,119.671092,120.407844,118.648369,119.507007,,119.570078,126.131938,126.90786,125.052171,125.958454,,125.958454,125.958454
2017-06-22,119.60685,120.381849,118.823185,119.452795,,119.575962,119.60685,120.381849,118.823185,119.452795,,119.575962,126.067543,126.883121,125.240858,125.903911,,125.903911,125.903911
2017-06-23,119.50202,120.413118,118.710845,119.663749,,119.577554,119.50202,120.413118,118.710845,119.663749,,119.577554,125.954673,126.914877,125.119127,126.12537,,126.12537,126.12537
2017-06-26,119.991588,120.792503,119.028371,119.623846,,119.846075,119.991588,120.792503,119.028371,119.623846,,119.846075,126.472095,127.315597,125.455842,126.083614,,126.083614,126.083614
2017-06-27,119.465317,120.156689,118.313626,118.603809,,119.119578,119.465317,120.156689,118.313626,118.603809,,119.119578,125.929346,126.658427,124.715147,125.021384,,125.021384,125.021384
2017-06-28,119.136791,120.289196,118.408681,119.688591,,119.404906,119.136791,120.289196,118.408681,119.688591,,119.404906,125.590902,126.810207,124.825118,126.175378,,126.175378,126.175378
2017-06-29,119.739439,120.178929,117.746994,118.582921,,119.017776,119.739439,120.178929,117.746994,118.582921,,119.017776,126.234451,126.69614,124.132546,125.015003,,125.015003,125.015003
2017-06-30,119.164945,119.740447,118.204085,118.709631,,118.941913,119.164945,119.740447,118.204085,118.709631,,118.941913,125.62994,126.236496,124.617606,125.151114,,125.151114,125.151114
2017-07-03,119.156955,120.137836,118.199994,118.872687,,119.076994,119.156955,120.137836,118.199994,118.872687,,119.076994,125.623264,126.658331,124.613831,125.323704,,125.323704,125.323704
2017-07-05,119.032644,119.933407,118.127829,119.169749,,119.092354,119.032644,119.933407,118.127829,119.169749,,119.092354,125.580982,126.531894,124.623756,125.722,,125.722,125.722
2017-07-06,118.667093,119.359309,117.626163,118.109103,,118.436069,118.667093,119.359309,117.626163,118.109103,,118.436069,125.203273,125.934194,124.103375,124.613991,,124.613991,124.613991
2017-07-07,118.40901,119.432927,117.856914,118.905178,,118.675288,118.40901,119.432927,117.856914,118.905178,,118.675288,124.928312,126.010252,124.345224,125.453141,,125.453141,125.453141
2017-07-10,118.857373,119.773384,118.225392,119.036011,,118.978923,118.857373,119.773384,118.225392,119.036011,,118.978923,125.406082,126.371862,124.73815,125.594776,,125.594776,125.594776
2017-07-11,119.021512,119.62959,118.115455,118.956867,,118.929374,119.021512,119.62959,118.115455,118.956867,,118.929374,125.581558,126.22286,124.625136,125.513545,,125.513545,125.513545
2017-07-12,119.593554,120.482351,119.030234,119.839564,,119.748414,119.593554,120.482351,119.030234,119.839564,,119.748414,126.193903,127.131621,125.599492,126.453674,,126.453674,126.453674
2017-07-13,119.973259,120.751579,119.299884,120.082194,,120.01556,119.973259,120.751579,119.299884,120.082194,,120.01556,126.595143,127.418313,125.884315,126.710604,,126.710604,126.710604
2017-07-14,120.165126,121.091311,119.65253,120.657072,,120.399365,120.165126,121.091311,119.65253,120.657072,,120.399365,126.797904,127.775591,126.257314,127.317785,,127.317785,127.317785
2017-07-17,120.640899,121.35661,119.997084,120.641293,,120.667789,120.640899,121.35661,119.997084,120.641293,,120.667789,127.303233,128.058734,126.624364,127.303777,,127.303777,127.303777
2017-07-18,120.464976,121.338566,119.724533,120.792876,,120.590758,120.464976,121.338566,119.724533,120.792876,,120.590758,127.121825,128.042605,126.338879,127.466225,,127.466225,127.466225
2017-07-19,120.992185,121.872666,120.436234,121.408338,,121.184718,120.992185,121.872666,120.436234,121.408338,,121.184718,127.691317,128.619836,127.10451,128.130254,,128.130254,128.130254
2017-07-20,121.561881,122.300745,120.620285,121.402649,,121.474042,121.561881,122.300745,120.620285,121.402649,,121.474042,128.295906,129.077582,127.300444,128.127805,,128.127805,128.127805
2017-07-21,121.043922,121.976676,120.42746,121.393461,,121.218756,121.043922,121.976676,120.42746,121.393461,,121.218756,127.74686,128.734316,127.098543,128.117551,,128.117551,128.117551
2017-07-24,121.345041,122.070923,120.600552,121.323954,,121.340975,121.345041,122.070923,120.600552,121.323954,,121.340975,128.067287,128.833784,127.281779,128.045193,,128.045193,128.045193
2017-07-25,121.630994,122.486443,120.748477,121.548415,,121.596011,121.630994,122.486443,120.748477,121.548415,,121.596011,128.369903,129.273732,127.43805,128.282705,,128.282705,128.282705
2017-07-26,121.750631,122.536494,120.72188,121.586224,,121.666198,121.750631,122.536494,120.72188,121.586224,,121.666198,128.506401,129.335648,127.419849,128.331838,,128.331838,128.331838
2017-07-27,121.892151,122.829678,119.848378,121.390159,,121.448314,121.892151,122.829678,119.848378,121.390159,,121.448314,128.654497,129.644399,126.498699,128.124868,,128.124868,128.124868
2017-07-28,121.02676,122.132828,119.947859,121.28072,,121.108736,121.02676,122.132828,119.947859,121.28072,,121.108736,127.744236,128.91301,126.607253,128.013135,,128.013135,128.013135
2017-07-31,121.499095,122.241427,120.462478,121.144866,,121.311636,121.499095,122.241427,120.462478,121.144866,,121.311636,128.244068,129.02683,127.149685,127.870138,,127.870138,127.870138
2017-08-01,121.545271,122.247346,120.619579,121.428622,,121.45018,121.545271,122.247346,120.619579,121.428622,,121.45018,128.306401,129.049305,127.328967,128.183436,,128.183436,128.183436
2017-08-02,121.569155,122.267182,120.3331,121.518249,,121.398715,121.569155,122.267182,120.3331,121.518249,,121.398715,128.352328,129.088401,127.048729,128.298347,,128.298347,128.298347
2017-08-03,121.395037,122.192124,120.453185,121.245375,,121.31553,121.395037,122.192124,120.453185,121.245375,,121.31553,128.181087,129.021991,127.185834,128.02248,,128.02248,128.02248
2017-08-04,121.546313,122.200475,120.707341,121.472809,,121.468896,121.546313,122.200475,120.707341,121.472809,,121.468896,128.342879,129.033747,127.455484,128.264647,,128.264647,128.264647
2017-08-07,121.483533,122.205665,120.909244,121.694932,,121.585055,121.483533,122.205665,120.909244,121.694932,,121.585055,128.279766,129.042355,127.672027,128.502467,,128.502467,128.502467
2017-08-08,121.500981,122.513759,120.794303,121.405232,,121.550227,121.500981,122.513759,120.794303,121.405232,,121.550227,128.313367,129.385389,127.565926,128.21184,,128.21184,128.21184
2017-08-09,120.88518,121.836335,120.255731,121.346027,,121.095867,120.88518,121.836335,120.255731,121.346027,,121.095867,127.682715,128.687894,127.015981,128.168905,,128.168905,128.168905
2017-08-10,120.828787,121.286431,119.268008,119.570244,,120.197467,120.828787,121.286431,119.268008,119.570244,,120.197467,127.668701,128.151965,126.018117,126.337139,,126.337139,126.337139
2017-08-11,119.715831,120.645217,118.968995,119.747471,,119.786068,119.715831,120.645217,118.968995,119.747471,,119.786068,126.496001,127.479327,125.706139,126.530562,,126.530562,126.530562
2017-08-14,120.562231,121.49216,120.091597,120.958819,,120.791168,120.562231,121.49216,120.091597,120.958819,,120.791168,127.398527,128.381316,126.900325,127.81763,,127.81763,127.81763
2017-08-15,121.154267,121.739708,120.305045,120.915961,,121.017498,121.154267,121.739708,120.305045,120.915961,,121.017498,128.052822,128.671143,127.15491,127.800157,,127.800157,127.800157
2017-08-16,121.187835,121.929056,120.422719,121.093736,,121.159131,121.187835,121.929056,120.422719,121.093736,,121.159131,128.122073,128.905647,127.312964,128.022856,,128.022856,128.022856
2017-08-17,120.766951,121.232592,119.106673,119.239546,,120.051915,120.766951,121.232592,119.106673,119.239546,,120.051915,127.68271,128.17416,125.925118,126.067053,,126.067053,126.067053
2017-08-18,119.061221,119.995595,118.357803,119.034343,,119.122911,119.061221,119.995595,118.357803,119.034343,,119.122911,125.883412,126.872009,125.138588,125.854547,,125.854547,125.854547
2017-08-21,119.04395,119.725658,118.241983,119.140565,,119.035196,119.04395,119.725658,118.241983,119.140565,,119.035196,125.867729,126.588444,125.020115,125.970166,,125.970166,125.970166
2017-08-22,119.465101,120.721394,119.130215,120.347582,,119.95404,119.465101,120.721394,119.130215,120.347582,,119.95404,126.31623,127.644484,125.962616,127.24873,,127.24873,127.24873
2017-08-23,119.856892,120.692153,119.268803,119.946811,,119.932372,119.856892,120.692153,119.268803,119.946811,,119.932372,126.739401,127.624303,126.117966,126.836227,,126.836227,126.836227
2017-08-24,120.183176,120.665511,119.032284,119.660559,,119.869476,120.183176,120.665511,119.032284,119.660559,,119.869476,127.08821,127.600129,125.871133,126.535699,,126.535699,126.535699
2017-08-25,120.030363,120.746848,119.371585,119.808597,,119.977096,120.030363,120.746848,119.371585,119.808597,,119.977096,126.940088,127.697433,126.241814,126.704444,,126.704444,126.704444
2017-08-28,120.078311,120.569531,119.21659,119.855908,,119.928102,120.078311,120.569531,119.21659,119.855908,,119.928102,126.994344,127.516793,126.084039,126.760301,,126.760301,126.760301
2017-08-29,119.115386,120.404441,118.705377,119.999533,,119.587728,119.115386,120.404441,118.705377,119.999533,,119.587728,125.995187,127.358314,125.560621,126.92885,,126.92885,126.92885
2017-08-30,119.992632,121.034532,119.515782,120.571894,,120.312245,119.992632,121.034532,119.515782,120.571894,,120.312245,126.951321,128.053999,126.445838,127.564343,,127.564343,127.564343
2017-08-31,120.874249,121.814077,120.312424,121.252115,,121.086255,120.874249,121.814077,120.312424,121.252115,,121.086255,127.89731,128.893547,127.303138,128.298327,,128.298327,128.298327
2017-09-01,121.50832,122.208865,120.767692,121.456175,,121.482442,121.50832,122.208865,120.767692,121.456175,,121.482442,128.584196,129.324948,127.80093,128.52902,,128.52902,128.52902
2017-09-05,121.100169,121.759621,119.744672,120.5717,,120.764282,121.100169,121.759621,119.744672,120.5717,,120.764282,128.146015,128.845792,126.712063,127.587274,,127.587274,127.587274
2017-09-06,120.948928,121.73139,120.014621,120.951785,,120.906766,120.948928,121.73139,120.014621,120.951785,,120.906766,127.989793,128.815985,126.998719,127.99125,,127.99125,127.99125
2017-09-07,121.136814,122.030834,119.872119,120.998699,,121.009189,121.136814,122.030834,119.872119,120.998699,,121.009189,128.213826,129.159483,126.875382,128.067639,,128.067639,128.067639
2017-09-08,120.825242,121.780384,119.853212,120.772257,,120.80761,120.825242,121.780384,119.853212,120.772257,,120.80761,127.888608,128.901164,126.859388,127.832408,,127.832408,127.832408
2017-09-11,121.496735,122.632983,120.905607,122.038233,,121.780638,121.496735,122.632983,120.905607,122.038233,,121.780638,128.601068,129.802385,127.97424,129.173106,,129.173106,129.173106
2017-09-12,122.304054,123.203688,121.350199,122.425053,,122.313432,122.304054,123.203688,121.350199,122.425053,,122.313432,129.459794,130.412208,128.449672,129.587701,,129.587701,129.587701
2017-09-13,122.288094,123.118089,121.591503,122.506035,,122.38292,122.288094,123.118089,121.591503,122.506035,,122.38292,129.442805,130.323479,128.706551,129.67434,,129.67434,129.67434
2017-09-14,122.258456,123.071838,121.505981,122.31318,,122.282011,122.258456,123.071838,121.505981,122.31318,,122.282011,129.453955,130.316356,128.655956,129.512111,,129.512111,129.512111
2017-09-15,122.33587,123.165252,121.432489,122.483126,,122.351761,122.33587,123.165252,121.432489,122.483126,,122.351761,129.54357,130.422831,128.587645,129.700153,,129.700153,129.700153
2017-09-18,122.636675,123.470629,121.784304,122.617758,,122.62209,122.636675,123.470629,121.784304,122.617758,,122.62209,129.868412,130.75109,128.964069,129.847462,,129.847462,129.847462
2017-09-19,122.77113,123.56999,121.902222,122.788721,,122.742069,122.77113,123.56999,121.902222,122.788721,,122.742069,130.011286,130.858634,129.089768,130.030724,,130.030724,130.030724
2017-09-20,122.820743,123.714955,121.765367,122.899757,,122.801222,122.820743,123.714955,121.765367,122.899757,,122.801222,130.06233,131.010242,128.94499,130.147013,,130.147013,130.147013
2017-09-21,122.822174,123.441778,121.842207,122.511704,,122.643154,122.822174,123.441778,121.842207,122.511704,,122.643154,130.069807,130.72677,129.031753,129.740949,,129.740949,129.740949
2017-09-22,122.290265,123.203232,121.657528,122.545403,,122.429731,122.290265,123.203232,121.657528,122.545403,,122.429731,129.510114,130.477049,128.838735,129.779899,,129.779899,129.779899
2017-09-25,122.368716,123.216136,121.179873,122.190086,,122.216523,122.368716,123.216136,121.179873,122.190086,,122.216523,129.592936,130.490832,128.333037,129.403502,,129.403502,129.403502
2017-09-26,122.428845,123.184955,121.647487,122.242685,,122.360714,122.428845,123.184955,121.647487,122.242685,,122.360714,129.665462,130.465485,128.836341,129.467897,,129.467897,129.467897
2017-09-27,122.686197,123.651242,121.779021,122.848846,,122.741459,122.686197,123.651242,121.779021,122.848846,,122.741459,129.941018,130.960624,128.978836,130.11098,,130.11098,130.11098
2017-09-28,122.70751,123.657136,122.026046,123.024486,,122.860782,122.70751,123.657136,122.026046,123.024486,,122.860782,129.986798,130.993786,129.265628,130.323262,,130.323262,130.323262
2017-09-29,123.04458,123.981451,122.457373,123.502559,,123.263873,123.04458,123.981451,122.457373,123.502559,,123.263873,130.347198,131.33885,129.725507,130.832713,,130.832713,130.832713
2017-10-02,123.60969,124.566475,122.817467,123.909885,,123.732982,123.60969,124.566475,122.817467,123.909885,,123.732982,130.946292,131.961596,130.108247,131.265001,,131.265001,131.265001
2017-10-03,124.005832,124.766154,123.299024,124.198185,,124.067039,124.005832,124.766154,123.299024,124.198185,,124.067039,131.37166,132.176437,130.621954,131.574851,,131.574851,131.574851
2017-10-04,124.130323,124.951513,123.462747,124.31537,,124.22793,124.130323,124.951513,123.462747,124.31537,,124.22793,131.511783,132.381155,130.804852,131.707064,,131.707064,131.707064
2017-10-05,124.510382,125.61804,123.921857,125.095459,,124.803963,124.510382,125.61804,123.921857,125.095459,,124.803963,131.938857,133.112328,131.313926,132.557882,,132.557882,132.557882
2017-10-06,124.815578,125.612084,124.076228,125.012656,,124.882981,124.815578,125.612084,124.076228,125.012656,,124.882981,132.299787,133.14447,131.515911,132.508246,,132.508246,132.508246
2017-10-09,125.130548,125.746716,124.26721,124.815853,,124.973234,125.130548,125.746716,124.26721,124.815853,,124.973234,132.634809,133.288501,131.720861,132.301427,,132.301427,132.301427
2017-10-10,125.141283,125.903795,124.242706,125.112869,,125.089113,125.141283,125.903795,124.242706,125.112869,,125.089113,132.650187,133.457647,131.695576,132.618866,,132.618866,132.618866
2017-10-11,125.102489,125.956598,124.447823,125.440646,,125.24096,125.102489,125.956598,124.447823,125.440646,,125.24096,132.609425,133.514397,131.914205,132.967198,,132.967198,132.967198
2017-10-12,125.303042,126.154223,124.467821,125.251258,,125.292667,125.303042,126.154223,124.467821,125.251258,,125.292667,132.831209,133.736726,131.944991,132.777704,,132.777704,132.777704
2017-10-13,125.498418,126.264723,124.62119,125.36818,,125.431352,125.498418,126.264723,124.62119,125.36818,,125.431352,133.040428,133.855549,132.110836,132.902847,,132.902847,132.902847
2017-10-16,125.53285,126.31116,124.717958,125.579725,,125.520294,125.53285,126.31116,124.717958,125.579725,,125.520294,133.079536,133.90419,132.2149,133.129119,,133.129119,133.129119
2017-10-17,125.562886,126.385825,124.758786,125.659918,,125.594694,125.562886,126.385825,124.758786,125.659918,,125.594694,133.110862,133.984633,132.260547,133.215224,,133.215224,133.215224
2017-10-18,125.851721,126.640177,125.010712,125.766121,,125.805568,125.851721,126.640177,125.010712,125.766121,,125.805568,133.422588,134.25885,132.529837,133.331279,,133.331279,133.331279
2017-10-19,125.284833,126.363675,124.432175,125.723929,,125.444181,125.284833,126.363675,124.432175,125.723929,,125.444181,132.833527,133.977472,131.92985,133.298442,,133.298442,133.298442
2017-10-20,126.198781,127.014025,125.358346,126.343267,,126.230864,126.198781,127.014025,125.358346,126.343267,,126.230864,133.809417,134.675383,132.91829,133.963152,,133.963152,133.963152
2017-10-23,126.485972,127.159081,125.324159,125.821278,,126.1708,126.485972,127.159081,125.324159,125.821278,,126.1708,134.118123,134.830744,132.884793,133.413029,,133.413029,133.413029
2017-10-24,126.05732,126.878343,125.107012,126.046158,,126.019183,126.05732,126.878343,125.107012,126.046158,,126.019183,133.667738,134.538223,132.658597,133.655548,,133.655548,133.655548
2017-10-25,125.912846,126.676602,124.413617,125.54043,,125.617224,125.912846,126.676602,124.413617,125.54043,,125.617224,133.513428,134.323708,131.923478,133.118696,,133.118696,133.118696
2017-10-26,125.818509,126.953803,124.664292,125.651502,,125.76023,125.818509,126.953803,124.664292,125.651502,,125.76023,133.413191,134.616723,132.189521,133.23645,,133.23645,133.23645
2017-10-27,126.29078,128.031081,125.193747,126.888338,,126.619904,126.29078,128.031081,125.193747,126.888338,,126.619904,133.9135,135.761486,132.750782,134.54889,,134.54889,134.54889
2017-10-30,126.594476,127.652104,125.492122,126.516974,,126.578964,126.594476,127.652104,125.492122,126.516974,,126.578964,134.245969,135.368051,133.075967,134.163752,,134.163752,134.163752
2017-10-31,126.685631,127.626176,125.697971,126.645197,,126.652458,126.685631,127.626176,125.697971,126.645197,,126.652458,134.346669,135.34598,133.299843,134.304121,,134.304121,134.304121
2017-11-01,127.150091,128.082919,125.964208,126.900267,,127.009908,127.150091,128.082919,125.964208,126.900267,,127.009908,134.83909,135.829528,133.581631,134.574801,,134.574801,134.574801
2017-11-02,126.862881,127.948828,125.473677,126.946675,,126.792607,126.862881,127.948828,125.473677,126.946675,,126.792607,134.548903,135.699994,133.077269,134.638207,,134.638207,134.638207
2017-11-03,126.999542,128.130303,126.088431,127.368084,,127.155907,126.999542,128.130303,126.088431,127.368084,,127.155907,134.708361,135.907562,133.739831,135.098249,,135.098249,135.098249
2017-11-06,127.30326,128.381617,126.46579,127.459937,,127.426741,127.30326,128.381617,126.46579,127.459937,,127.426741,135.042173,136.1867,134.151346,135.207588,,135.207588,135.207588
2017-11-07,127.55788,128.47712,126.447487,127.466124,,127.469623,127.55788,128.47712,126.447487,127.466124,,127.469623,135.307912,136.283302,134.130474,135.211579,,135.211579,135.211579
2017-11-08,127.314516,128.37236,126.513364,127.694046,,127.476227,127.314516,128.37236,126.513364,127.694046,,127.476227,135.054666,136.177164,134.203155,135.457164,,135.457164,135.457164
2017-11-09,127.012139,127.986138,125.785466,127.184584,,126.991938,127.012139,127.986138,125.785466,127.184584,,126.991938,134.767044,135.800768,133.464251,134.949311,,134.949311,134.949311
2017-11-10,126.93131,127.785744,126.115173,127.066776,,126.972775,126.93131,127.785744,126.115173,127.066776,,126.972775,134.729476,135.637042,133.863112,134.873254,,134.873254,134.873254
2017-11-13,126.67595,127.898819,126.157256,127.21061,,127.01227,126.67595,127.898819,126.157256,127.21061,,127.01227,134.460438,135.760249,133.910177,135.027936,,135.027936,135.027936
2017-11-14,126.770511,127.705934,125.841718,126.991733,,126.820862,126.770511,127.705934,125.841718,126.991733,,126.820862,134.574203,135.567437,133.58762,134.808258,,134.808258,134.808258
2017-11-15,126.366997,127.332466,125.301882,126.26525,,126.322162,126.366997,127.332466,125.301882,126.26525,,126.322162,134.17494,135.199876,133.043858,134.066566,,134.066566,134.066566
2017-11-16,126.781172,128.054969,126.225671,127.352301,,127.134136,126.781172,128.054969,126.225671,127.352301,,127.134136,134.652997,136.007678,134.062257,135.260633,,135.260633,135.260633
2017-11-17,127.146197,127.963239,126.232906,126.94351,,127.068232,127.146197,127.963239,126.232906,126.94351,,127.068232,135.049008,135.915848,134.07822,134.833005,,134.833005,134.833005
2017-11-20,127.018844,127.8097,126.319047,127.099861,,127.050633,127.018844,127.8097,126.319047,127.099861,,127.050633,134.916048,135.754651,134.172664,135.001191,,135.001191,135.001191
2017-11-21,127.510491,128.591176,126.978661,127.954288,,127.774635,127.510491,128.591176,126.978661,127.954288,,127.774635,135.440139,136.588744,134.875329,135.911915,,135.911915,135.911915
2017-11-22,128.032198,128.708028,127.24218,127.886103,,127.97167,128.032198,128.708028,127.24218,127.886103,,127.97167,136.006239,136.722983,135.166045,135.850627,,135.850627,135.850627
2017-11-24,128.11497,128.774622,127.573803,128.1775,,128.170141,128.11497,128.774622,127.573803,128.1775,,128.170141,136.098064,136.798718,135.522343,136.164067,,136.164067,136.164067
2017-11-27,128.209892,129.031079,127.482495,128.217749,,128.228229,128.209892,129.031079,127.482495,128.217749,,128.228229,136.213733,137.084939,135.441164,136.221755,,136.221755,136.221755
2017-11-28,128.471212,129.973791,127.6187,129.347348,,128.855125,128.471212,129.973791,127.6187,129.347348,,128.855125,136.497873,138.094388,135.592038,137.428506,,137.428506,137.428506
2017-11-29,129.433701,130.896313,127.563274,129.141132,,129.224713,129.433701,130.896313,127.563274,129.141132,,129.224713,137.534702,139.088768,135.547237,137.223611,,137.223611,137.223611
2017-11-30,129.589754,131.21739,128.647287,130.17704,,129.932811,129.589754,131.21739,128.647287,130.17704,,129.932811,137.750431,139.479907,136.747331,138.374794,,138.374794,138.374794
2017-12-01,130.018072,131.053535,127.820247,129.887301,,129.680396,130.018072,131.053535,127.820247,129.887301,,129.680396,138.213655,139.314663,135.875401,138.073841,,138.073841,138.073841
2017-12-04,130.803251,132.098412,128.807561,129.703342,,130.318481,130.803251,132.098412,128.807561,129.703342,,130.318481,139.051658,140.429493,136.930901,137.88378,,137.88378,137.88378
2017-12-05,129.731837,131.044717,128.315213,129.304134,,129.615789,129.731837,131.044717,128.315213,129.304134,,129.615789,137.918257,139.313673,136.4129,137.463851,,137.463851,137.463851
2017-12-06,129.122894,130.419436,128.187852,129.382377,,129.286716,129.122894,130.419436,128.187852,129.382377,,129.286716,137.273875,138.652729,136.280443,137.550354,,137.550354,137.550354
2017-12-07,129.335154,130.592924,128.568366,129.797664,,129.595586,129.335154,130.592924,128.568366,129.797664,,129.595586,137.525178,138.865164,136.711024,138.018253,,138.018253,138.018253
2017-12-08,130.347434,131.213821,129.408243,130.496918,,130.36635,130.347434,131.213821,129.408243,130.496918,,130.36635,138.615912,139.538461,137.617675,138.775573,,138.775573,138.775573
2017-12-11,130.531311,131.544033,129.794291,130.90858,,130.688376,130.531311,131.544033,129.794291,130.90858,,130.688376,138.81354,139.891005,138.028467,139.214456,,139.214456,139.214456
2017-12-12,131.020856,132.057077,130.160948,131.088096,,131.08584,131.020856,132.057077,130.160948,131.088096,,131.08584,139.338409,140.440317,138.422718,139.409812,,139.409812,139.409812
2017-12-13,131.258554,132.232111,130.357097,131.0666,,131.230171,131.258554,132.232111,130.357097,131.0666,,131.230171,139.596269,140.630892,138.634975,139.39087,,139.39087,139.39087
2017-12-14,131.254612,132.115549,130.080912,130.587156,,131.005054,131.254612,132.115549,130.080912,130.587156,,131.005054,139.609036,140.526335,138.359719,138.899779,,138.899779,138.899779
2017-12-15,131.317409,132.494955,130.413069,131.760983,,131.50718,131.317409,132.494955,130.413069,131.760983,,131.50718,139.684595,140.937545,138.72096,140.156063,,140.156063,140.156063
2017-12-18,132.394506,133.514103,131.572393,132.481755,,132.485264,132.394506,133.514103,131.572393,132.481755,,132.485264,140.833392,142.026536,139.960751,140.926971,,140.926971,140.926971
2017-12-19,132.697992,133.265445,131.417445,132.04824,,132.344219,132.697992,133.265445,131.417445,132.04824,,132.344219,141.159044,141.764759,139.79645,140.46811,,140.46811,140.46811
2017-12-20,132.540518,133.11988,131.202219,131.908058,,132.174927,132.540518,133.11988,131.202219,131.908058,,132.174927,141.008113,141.625421,139.584384,140.334955,,140.334955,140.334955
2017-12-21,132.1911,133.226163,131.316143,132.122565,,132.216314,132.1911,133.226163,131.316143,132.122565,,132.216314,140.637502,141.739766,139.705869,140.565019,,140.565019,140.565019
2017-12-22,132.155089,132.743858,131.293352,132.033303,,132.049826,132.155089,132.743858,131.293352,132.033303,,132.049826,140.600398,141.225998,139.684327,140.47009,,140.47009,140.47009
2017-12-26,131.812162,132.605427,131.149829,131.896258,,131.868598,131.812162,132.605427,131.149829,131.896258,,131.868598,140.238314,141.082566,139.532264,140.327177,,140.327177,140.327177
2017-12-27,132.009313,132.58902,131.356679,131.982669,,131.980649,132.009313,132.58902,131.356679,131.982669,,131.980649,140.457464,141.075053,139.762142,140.428134,,140.428134,140.428134
2017-12-28,132.211867,132.672947,131.517107,132.200016,,132.144516,132.211867,132.672947,131.517107,132.200016,,132.144516,140.698516,141.190039,139.959007,140.685369,,140.685369,140.685369
2017-12-29,132.298375,132.78582,131.367413,131.521589,,131.972416,132.298375,132.78582,131.367413,131.521589,,131.972416,140.799409,141.319543,139.807789,139.972532,,139.972532,139.972532
2018-01-02,132.159269,133.434514,131.089849,132.615608,,132.358526,132.159269,133.434514,131.089849,132.615608,,132.358526,140.658764,142.015819,139.519437,141.14371,,141.14371,141.14371
2018-01-03,132.711181,134.251919,131.99957,133.515422,,133.156941,132.711181,134.251919,131.99957,133.515422,,133.156941,141.244944,142.884485,140.486457,142.100348,,142.100348,142.100348
2018-01-04,133.872701,135.07352,133.005817,134.026268,,133.984317,133.872701,135.07352,133.005817,134.026268,,133.984317,142.50866,143.786444,141.58402,142.670655,,142.670655,142.670655
2018-01-05,134.514263,135.514203,133.614729,135.012889,,134.674828,134.514263,135.514203,133.614729,135.012889,,134.674828,143.191817,144.254991,142.232536,143.722596,,143.722596,143.722596
2018-01-08,134.96443,136.016471,134.10554,135.28767,,135.096174,134.96443,136.016471,134.10554,135.28767,,135.096174,143.673454,144.793885,142.759285,144.017318,,144.017318,144.017318
2018-01-09,135.540433,136.521061,134.564767,135.458609,,135.535544,135.540433,136.521061,134.564767,135.458609,,135.535544,144.328254,145.37301,143.286952,144.240647,,144.240647,144.240647
2018-01-10,135.116984,136.119251,134.087921,135.32189,,135.172028,135.116984,136.119251,134.087921,135.32189,,135.172028,143.878768,144.945653,142.782136,144.096895,,144.096895,144.096895
2018-01-11,135.678968,136.755772,134.827851,136.217079,,135.888926,135.678968,136.755772,134.827851,136.217079,,135.888926,144.487121,145.635153,143.581239,145.060658,,145.060658,145.060658
2018-01-12,136.377689,137.857227,135.659725,137.169235,,136.811223,136.377689,137.857227,135.659725,137.169235,,136.811223,145.232143,146.809342,144.468145,146.075013,,146.075013,146.075013
2018-01-16,137.889611,138.93192,135.996208,136.745494,,137.364299,137.889611,138.93192,135.996208,136.745494,,137.364299,146.843049,147.952542,144.826427,145.624336,,145.624336,145.624336
2018-01-17,137.319093,138.737165,136.220033,138.059972,,137.588322,137.319093,138.737165,136.220033,138.059972,,137.588322,146.237103,147.746707,145.066467,147.026127,,147.026127,147.026127
2018-01-18,138.063081,138.979598,136.883713,137.865262,,137.933468,138.063081,138.979598,136.883713,137.865262,,137.933468,147.04076,148.016793,145.785277,146.830447,,146.830447,146.830447
2018-01-19,138.25994,139.196516,137.231259,138.492197,,138.283391,138.25994,139.196516,137.231259,138.492197,,138.283391,147.255151,148.25373,146.159967,147.503205,,147.503205,147.503205
2018-01-22,138.410327,140.013205,137.749545,139.66275,,139.002628,138.410327,140.013205,137.749545,139.66275,,139.002628,147.414676,149.12417,146.712218,148.749675,,148.749675,148.749675
2018-01-23,139.738091,141.009004,138.767686,140.006117,,139.890335,139.738091,141.009004,138.767686,140.006117,,139.890335,148.837013,150.190014,147.800626,149.122386,,149.122386,149.122386
2018-01-24,140.42581,141.460604,138.83583,139.912528,,140.147896,140.42581,141.460604,138.83583,139.912528,,140.147896,149.567232,150.67094,147.874821,149.021375,,149.021375,149.021375
2018-01-25,140.45326,141.383985,138.854066,140.030106,,140.179696,140.45326,141.383985,138.854066,140.030106,,140.179696,149.596909,150.589255,147.892408,149.146139,,149.146139,149.146139
2018-01-26,140.544797,142.008434,139.530345,141.650051,,140.951457,140.544797,142.008434,139.530345,141.650051,,140.951457,149.697363,151.257622,148.617015,150.875522,,150.875522,150.875522
2018-01-29,141.325919,142.440446,139.983509,140.744477,,141.119558,141.325919,142.440446,139.983509,140.744477,,141.119558,150.536799,151.724265,149.106544,149.917777,,149.917777,149.917777
2018-01-30,139.565025,140.93182,138.13299,139.269098,,139.488045,139.565025,140.93182,138.13299,139.269098,,139.488045,148.671705,150.127317,147.146213,148.356821,,148.356821,148.356821
2018-01-31,139.888267,141.059309,138.264911,139.359696,,139.628067,139.888267,141.059309,138.264911,139.359696,,139.628067,149.020553,150.26801,147.289375,148.457443,,148.457443,148.457443
2018-02-01,138.882077,140.80156,137.642861,139.266519,,139.147785,138.882077,140.80156,137.642861,139.266519,,139.147785,147.977433,150.024655,146.65777,148.387486,,148.387486,148.387486
2018-02-02,138.281578,139.303024,135.638648,136.230431,,137.310161,138.281578,139.303024,135.638648,136.230431,,137.310161,147.34519,148.43377,144.528304,145.159282,,145.159282,145.159282
2018-02-05,134.882341,136.963512,129.238449,130.623106,,132.904868,134.882341,136.963512,129.238449,130.623106,,132.904868,143.724003,145.941336,137.708755,139.185008,,139.185008,139.185008
2018-02-06,128.370566,133.657787,126.91483,132.891033,,130.559151,128.370566,133.657787,126.91483,132.891033,,130.559151,136.799056,142.434979,135.248893,141.617126,,141.617126,141.617126
2018-02-07,132.58773,134.934351,131.19426,132.124631,,132.737699,132.58773,134.934351,131.19426,132.124631,,132.737699,141.29757,143.798122,139.811387,140.803341,,140.803341,140.803341
2018-02-08,132.33165,132.990196,127.005036,127.16479,,129.774366,132.33165,132.990196,127.005036,127.16479,,129.774366,141.044343,141.746332,135.365839,135.537439,,135.537439,135.537439
2018-02-09,128.588247,130.580706,124.539882,129.126511,,128.121721,128.588247,130.580706,124.539882,129.126511,,128.121721,137.098779,139.223544,132.780339,137.67115,,137.67115,137.67115
2018-02-12,130.227541,132.141252,128.88875,130.869389,,130.559136,130.227541,132.141252,128.88875,130.869389,,130.559136,138.847272,140.88744,137.417966,139.531483,,139.531483,139.531483
2018-02-13,130.243304,131.947464,129.387349,131.238126,,130.738396,130.243304,131.947464,129.387349,131.238126,,130.738396,138.870696,140.688455,137.957659,139.931999,,139.931999,139.931999
2018-02-14,130.533735,133.570569,129.9192,133.030089,,131.842851,130.533735,133.570569,129.9192,133.030089,,131.842851,139.21894,142.458,138.563951,141.880716,,141.880716,141.880716
2018-02-15,133.997697,135.282918,132.206147,134.631062,,134.029916,133.997697,135.282918,132.206147,134.631062,,134.029916,142.944063,144.314929,141.033109,143.619578,,143.619578,143.619578
2018-02-16,134.306388,136.127026,133.585544,134.68281,,134.686766,134.306388,136.127026,133.585544,134.68281,,134.686766,143.287362,145.230418,142.52007,143.689663,,143.689663,143.689663
2018-02-20,134.033599,135.649121,132.88207,133.874738,,134.143442,134.033599,135.649121,132.88207,133.874738,,134.143442,143.004882,144.727995,141.776932,142.835899,,142.835899,142.835899
2018-02-21,134.095324,135.902682,132.87701,133.219152,,134.045151,134.095324,135.902682,132.87701,133.219152,,134.045151,143.074817,145.003484,141.77399,142.140132,,142.140132,142.140132
2018-02-22,133.753047,135.068252,132.542747,133.307479,,133.659257,133.753047,135.068252,132.542747,133.307479,,133.659257,142.719177,144.121608,141.426983,142.243388,,142.243388,142.243388
2018-02-23,134.041263,135.656778,133.23756,135.425705,,134.60157,134.041263,135.656778,133.23756,135.425705,,134.60157,143.032445,144.756527,142.175305,144.509376,,144.509376,144.509376
2018-02-26,136.040414,137.537881,135.184612,137.03446,,136.464043,136.040414,137.537881,135.184612,137.03446,,136.464043,145.182433,146.781413,144.270816,146.244163,,146.244163,146.244163
2018-02-27,137.044768,137.994507,135.039775,135.285097,,136.32054,137.044768,137.994507,135.039775,135.285097,,136.32054,146.266804,147.281081,144.125536,144.388929,,144.388929,144.388929
2018-02-28,135.872565,136.812098,133.553355,133.808335,,134.98308,135.872565,136.812098,133.553355,133.808335,,134.98308,145.028179,146.031282,142.551715,142.8252,,142.8252,142.8252
2018-03-01,133.867312,134.999846,130.765638,131.939181,,132.833831,133.867312,134.999846,130.765638,131.939181,,132.833831,142.911492,144.120711,139.597995,140.852871,,140.852871,140.852871
2018-03-02,130.805874,133.098011,129.780089,132.614002,,131.617725,130.805874,133.098011,129.780089,132.614002,,131.617725,139.653194,142.101251,138.557255,141.583537,,141.583537,141.583537
2018-03-05,131.885831,134.701035,131.223751,134.035744,,133.028325,131.885831,134.701035,131.223751,134.035744,,133.028325,140.808465,143.814773,140.102962,143.103964,,143.103964,143.103964
2018-03-06,134.624671,135.399005,133.122003,134.368456,,134.362067,134.624671,135.399005,133.122003,134.368456,,134.362067,143.740828,144.56774,142.135942,143.467154,,143.467154,143.467154
2018-03-07,133.170273,135.01505,132.416939,134.377252,,133.781507,133.170273,135.01505,132.416939,134.377252,,133.781507,142.196735,144.167619,141.392331,143.485753,,143.485753,143.485753
2018-03-08,134.761564,135.790434,133.564051,135.018914,,134.780971,134.761564,135.790434,133.564051,135.018914,,134.780971,143.938533,145.03869,142.661015,144.214088,,144.214088,144.214088
2018-03-09,135.895314,137.716588,135.143544,137.416664,,136.585575,135.895314,137.716588,135.143544,137.416664,,136.585575,145.152082,147.098491,144.349738,146.777506,,146.777506,146.777506
2018-03-12,137.635218,138.637118,136.487541,137.278809,,137.492183,137.635218,138.637118,136.487541,137.278809,,137.492183,147.013863,148.083737,145.787006,146.632362,,146.632362,146.632362
2018-03-13,137.890171,138.751603,135.683507,136.336846,,137.120168,137.890171,138.751603,135.683507,136.336846,,137.120168,147.292351,148.21247,144.934307,145.632344,,145.632344,145.632344
2018-03-14,136.90127,137.529159,134.899022,135.652287,,136.204679,136.90127,137.529159,134.899022,135.652287,,136.204679,146.271332,146.943622,144.13275,144.937197,,144.937197,144.937197
2018-03-15,135.911171,136.902638,134.635613,135.593124,,135.742113,135.911171,136.902638,134.635613,135.593124,,135.742113,145.223282,146.285089,143.861374,144.883208,,144.883208,144.883208
2018-03-16,135.845006,137.015617,134.88853,135.754224,,135.866032,135.845006,137.015617,134.88853,135.754224,,135.866032,145.153155,146.405241,144.13245,145.057467,,145.057467,145.057467
2018-03-19,135.088885,135.61252,132.542573,133.735421,,134.194691,135.088885,135.61252,132.542573,133.735421,,134.194691,144.347709,144.908786,141.626495,142.902227,,142.902227,142.902227
2018-03-20,133.831142,135.0585,132.774954,133.895801,,133.921862,133.831142,135.0585,132.774954,133.895801,,133.921862,143.004479,144.317288,141.875958,143.074351,,143.074351,143.074351
2018-03-21,133.793488,135.393962,132.685193,133.589837,,133.871589,133.793488,135.393962,132.685193,133.589837,,133.871589,142.983956,144.694091,141.79949,142.766926,,142.766926,142.766926
2018-03-22,132.310752,133.339738,129.785808,130.177229,,131.369919,132.310752,133.339738,129.785808,130.177229,,131.369919,141.40305,142.504242,138.702874,139.123007,,139.123007,139.123007
2018-03-23,130.412071,131.504076,127.178021,127.429638,,129.087052,130.412071,131.504076,127.178021,127.429638,,129.087052,139.377491,140.545451,135.920635,136.19035,,136.19035,136.19035
2018-03-26,129.507936,131.391482,127.739572,130.901151,,129.891658,129.507936,131.391482,127.739572,130.901151,,129.891658,138.410723,140.422788,136.519666,139.899615,,139.899615,139.899615
2018-03-27,131.429841,132.469233,127.394905,128.474485,,129.864798,131.429841,132.469233,127.394905,128.474485,,129.864798,140.464358,141.575493,136.150155,137.305274,,137.305274,137.305274
2018-03-28,128.421573,130.069598,126.701177,128.11654,,128.303483,128.421573,130.069598,126.701177,128.11654,,128.303483,137.283325,139.045782,135.444094,136.956992,,136.956992,136.956992
2018-03-29,128.747425,131.209579,127.70711,129.960826,,129.452679,128.747425,131.209579,127.70711,129.960826,,129.452679,137.638749,140.272345,136.526019,138.937021,,138.937021,138.937021
2018-04-02,129.492764,130.206738,125.426195,127.040039,,127.929524,129.492764,130.206738,125.426195,127.040039,,127.929524,138.437293,139.202158,134.090026,135.8153,,135.8153,135.8153
2018-04-03,127.751032,129.199089,126.163614,128.592775,,127.919656,127.751032,129.199089,126.163614,128.592775,,127.919656,136.581779,138.130027,134.883508,137.481723,,137.481723,137.481723
2018-04-04,126.488159,130.479134,126.001041,130.071144,,128.351705,126.488159,130.479134,126.001041,130.071144,,128.351705,135.240542,139.508817,134.720338,139.072919,,139.072919,139.072919
2018-04-05,130.918474,132.072629,129.651956,130.93986,,130.903147,130.918474,132.072629,129.651956,130.93986,,130.903147,139.995843,141.230894,138.642321,140.019558,,140.019558,140.019558
2018-04-06,129.847861,130.973332,127.153851,128.099178,,128.975464,129.847861,130.973332,127.153851,128.099178,,128.975464,138.854283,140.058001,135.972409,136.983936,,136.983936,136.983936
2018-04-09,128.915809,130.854511,127.960897,128.51371,,129.076687,128.915809,130.854511,127.960897,128.51371,,129.076687,137.896406,139.968868,136.873871,137.465531,,137.465531,137.465531
2018-04-10,130.174331,131.56116,128.99923,130.612787,,130.34322,130.174331,131.56116,128.99923,130.612787,,130.34322,139.241412,140.728081,137.98523,139.711877,,139.711877,139.711877
2018-04-11,129.843879,131.20958,129.071224,129.862694,,130.006246,129.843879,131.20958,129.071224,129.862694,,130.006246,138.898981,140.359245,138.070666,138.917529,,138.917529,138.917529
2018-04-12,130.593992,132.070613,129.800948,130.937071,,130.882067,130.593992,132.070613,129.800948,130.937071,,130.882067,139.712203,141.293807,138.863315,140.079874,,140.079874,140.079874
2018-04-13,131.711046,132.313671,129.725969,130.54786,,131.021886,131.711046,132.313671,129.725969,130.54786,,131.021886,140.911415,141.554873,138.786407,139.665963,,139.665963,139.665963
2018-04-16,131.404149,132.56781,130.343288,131.614159,,131.485581,131.404149,132.56781,130.343288,131.614159,,131.485581,140.588375,141.831896,139.452207,140.812158,,140.812158,140.812158
2018-04-17,132.603465,134.058542,131.645198,133.136614,,132.899817,132.603465,134.058542,131.645198,133.136614,,132.899817,141.871438,143.427857,140.846005,142.441445,,142.441445,142.441445
2018-04-18,133.394763,134.432597,132.284909,133.219654,,133.35483,133.394763,134.432597,132.284909,133.219654,,133.35483,142.716433,143.827979,141.528556,142.529654,,142.529654,142.529654
2018-04-19,132.835861,133.996205,131.337524,132.624123,,132.679748,132.835861,133.996205,131.337524,132.624123,,132.679748,142.134813,143.376106,140.53126,141.907708,,141.907708,141.907708
2018-04-20,132.592221,133.300948,130.635573,131.457487,,131.950292,132.592221,133.300948,130.635573,131.457487,,131.950292,141.883352,142.63857,139.786554,140.667083,,140.667083,140.667083
2018-04-23,131.82334,132.637015,130.432078,131.416395,,131.550946,131.82334,132.637015,130.432078,131.416395,,131.550946,141.061737,141.928887,139.570823,140.623994,,140.623994,140.623994
2018-04-24,131.88366,132.779635,128.335816,129.502683,,130.525743,131.88366,132.779635,128.335816,129.502683,,130.525743,141.128796,142.08683,137.332438,138.580272,,138.580272,138.580272
2018-04-25,129.457544,130.738087,127.702485,129.741996,,129.404065,129.457544,130.738087,127.702485,129.741996,,129.404065,138.531884,139.901544,136.653082,138.835805,,138.835805,138.835805
2018-04-26,130.44176,132.264314,129.240142,131.190489,,130.810677,130.44176,132.264314,129.240142,131.190489,,130.810677,139.585974,141.536317,138.29937,140.386796,,140.386796,140.386796
2018-04-27,131.601867,132.789713,129.955078,131.264548,,131.364138,131.601867,132.789713,129.955078,131.264548,,131.364138,140.835,142.106919,139.073901,140.474653,,140.474653,140.474653
2018-04-30,131.597209,132.614998,129.739784,130.191867,,130.995045,131.597209,132.614998,129.739784,130.191867,,130.995045,140.833387,141.922102,138.845599,139.32992,,139.32992,139.32992
2018-05-01,129.911897,131.288173,128.481564,130.60435,,130.073755,129.911897,131.288173,128.481564,130.60435,,130.073755,139.031056,140.50476,137.500423,139.772181,,139.772181,139.772181
2018-05-02,130.446409,131.562397,128.85043,129.606449,,130.106456,130.446409,131.562397,128.85043,129.606449,,130.106456,139.602079,140.794839,137.892216,138.702754,,138.702754,138.702754
2018-05-03,129.130425,130.310524,127.191419,129.332337,,128.973301,129.130425,130.310524,127.191419,129.332337,,128.973301,138.20876,139.471556,136.133864,138.424558,,138.424558,138.424558
2018-05-04,128.81101,131.645688,128.252407,131.04744,,130.010364,128.81101,131.645688,128.252407,131.04744,,130.010364,137.888187,140.926229,137.292654,140.285347,,140.285347,140.285347
2018-05-07,131.431947,132.699657,130.534952,131.508456,,131.556936,131.431947,132.699657,130.534952,131.508456,,131.556936,140.698108,142.055405,139.737767,140.780776,,140.780776,140.780776
2018-05-08,131.403342,132.400121,130.15565,131.47361,,131.34462,131.403342,132.400121,130.15565,131.47361,,131.34462,140.670792,141.738102,139.333312,140.745106,,140.745106,140.745106
2018-05-09,131.846994,133.461052,130.904126,132.773559,,132.264054,131.846994,133.461052,130.904126,132.773559,,132.264054,141.161498,142.890916,140.150931,142.153357,,142.153357,142.153357
2018-05-10,133.175128,134.605892,132.52351,134.017826,,133.600206,133.175128,134.605892,132.52351,134.017826,,133.600206,142.617104,144.152289,141.920594,143.520523,,143.520523,143.520523
2018-05-11,133.953055,135.14488,133.125735,134.236202,,134.118069,133.953055,135.14488,133.125735,134.236202,,134.118069,143.500942,144.77611,142.613302,143.802518,,143.802518,143.802518
2018-05-14,134.576438,135.496012,133.682236,134.357263,,134.524141,134.576438,135.496012,133.682236,134.357263,,134.524141,144.170704,145.156338,143.212175,143.935758,,143.935758,143.935758
2018-05-15,133.640749,134.348975,132.314579,133.36607,,133.394508,133.640749,134.348975,132.314579,133.36607,,133.394508,143.176393,143.935471,141.753324,142.881014,,142.881014,142.881014
2018-05-16,133.425964,134.639447,132.779271,133.882019,,133.703941,133.425964,134.639447,132.779271,133.882019,,133.703941,142.982376,144.284532,142.288101,143.470801,,143.470801,143.470801
2018-05-17,133.711424,134.806218,132.786177,133.7372,,133.769191,133.711424,134.806218,132.786177,133.7372,,133.769191,143.326574,144.498724,142.333874,143.353721,,143.353721,143.353721
2018-05-18,133.516451,134.320161,132.536589,133.321229,,133.425839,133.516451,134.320161,132.536589,133.321229,,133.425839,143.131616,143.994151,142.081368,142.92204,,142.92204,142.92204
2018-05-21,134.151568,135.222784,133.345159,134.306972,,134.252179,134.151568,135.222784,133.345159,134.306972,,134.252179,143.8131,144.965167,142.949807,143.98083,,143.98083,143.98083
2018-05-22,134.627971,135.486385,133.357568,133.893225,,134.320201,134.627971,135.486385,133.357568,133.893225,,134.320201,144.328637,145.249314,142.967383,143.541293,,143.541293,143.541293
2018-05-23,133.258383,134.85362,132.419421,134.390499,,133.767585,133.258383,134.85362,132.419421,134.390499,,133.767585,142.863261,144.573734,141.962894,144.076761,,144.076761,144.076761
2018-05-24,134.204126,134.944478,132.735599,134.112203,,133.993121,134.204126,134.944478,132.735599,134.112203,,133.993121,143.881645,144.675264,142.309132,143.783306,,143.783306,143.783306
2018-05-25,133.835148,134.745663,132.973547,133.812446,,133.847776,133.835148,134.745663,132.973547,133.812446,,133.847776,143.505317,144.480901,142.578968,143.479489,,143.479489,143.479489
2018-05-29,132.860435,133.81913,131.237664,132.268512,,132.524533,132.860435,133.81913,131.237664,132.268512,,132.524533,142.462671,143.49113,140.721358,141.828687,,141.828687,141.828687
2018-05-30,133.012366,134.508066,132.291726,133.918721,,133.460726,133.012366,134.508066,132.291726,133.918721,,133.460726,142.644876,144.248853,141.871418,143.616872,,143.616872,143.616872
2018-05-31,133.737199,134.694515,132.306456,133.128649,,133.443103,133.737199,134.694515,132.306456,133.128649,,133.443103,143.452772,144.477927,141.916855,142.798886,,142.798886,142.798886
2018-06-01,134.00238,135.311999,133.266097,134.603946,,134.310448,134.00238,135.311999,133.266097,134.603946,,134.310448,143.751296,145.156935,142.962629,144.396379,,144.396379,144.396379
2018-06-04,135.021214,136.208043,134.182335,135.327132,,135.187215,135.021214,136.208043,134.182335,135.327132,,135.187215,144.844578,146.119996,143.945533,145.173201,,145.173201,145.173201
2018-06-05,135.37933,136.277651,134.403325,135.374238,,135.367025,135.37933,136.277651,134.403325,135.374238,,135.367025,145.237406,146.201096,144.189796,145.231611,,145.231611,145.231611
2018-06-06,135.688411,136.949704,134.660092,136.45351,,135.959144,135.688411,136.949704,134.660092,136.45351,,135.959144,145.574953,146.928395,144.469036,146.394519,,146.394519,146.394519
2018-06-07,136.625465,137.551658,135.170065,136.285331,,136.378041,136.625465,137.551658,135.170065,136.285331,,136.378041,146.604465,147.599452,145.041739,146.239651,,146.239651,146.239651
2018-06-08,136.012269,137.156518,135.243439,136.669932,,136.29309,136.012269,137.156518,135.243439,136.669932,,136.29309,145.951874,147.180102,145.126758,146.657277,,146.657277,146.657277
2018-06-11,136.756321,137.902968,135.967315,136.852415,,136.894094,136.756321,137.902968,135.967315,136.852415,,136.894094,146.750529,147.980492,145.90158,146.853077,,146.853077,146.853077
2018-06-12,137.067221,137.926003,136.07609,137.095629,,137.0474,137.067221,137.926003,136.07609,137.095629,,137.0474,147.08939,148.013652,146.027163,147.121376,,147.121376,147.121376
2018-06-13,137.223678,138.200866,135.982889,136.559174,,137.001441,137.223678,138.200866,135.982889,136.559174,,137.001441,147.266283,148.314337,145.931949,146.551774,,146.551774,146.551774
2018-06-14,137.042397,138.044788,135.918036,136.949227,,137.00002,137.042397,138.044788,135.918036,136.949227,,137.00002,147.110311,148.187207,145.902506,147.010734,,147.010734,147.010734
2018-06-15,136.617228,137.605788,135.352513,136.839125,,136.609366,136.617228,137.605788,135.352513,136.839125,,136.609366,146.666215,147.728465,145.308565,146.904834,,146.904834,146.904834
2018-06-18,135.958162,137.399561,135.004463,136.660532,,136.28447,135.958162,137.399561,135.004463,136.660532,,136.28447,145.960131,147.507723,144.936864,146.715275,,146.715275,146.715275
2018-06-19,135.322928,136.80669,134.457118,136.13078,,135.704569,135.322928,136.80669,134.457118,136.13078,,135.704569,145.289774,146.883009,144.360346,146.157284,,146.157284,146.157284
2018-06-20,136.569938,137.576165,135.4972,136.339616,,136.503008,136.569938,137.576165,135.4972,136.339616,,136.503008,146.628924,147.708771,145.476257,146.380934,,146.380934,146.380934
2018-06-21,136.383136,137.130665,134.634528,135.486744,,135.863404,136.383136,137.130665,134.634528,135.486744,,135.863404,146.439822,147.243473,144.563546,145.478638,,145.478638,145.478638
2018-06-22,136.193186,137.039109,134.841385,135.706495,,135.911517,136.193186,137.039109,134.841385,135.706495,,135.911517,146.239076,147.147776,144.786487,145.715933,,145.715933,145.715933
2018-06-25,135.00515,135.676932,132.442557,133.793137,,134.145156,135.00515,135.676932,132.442557,133.793137,,134.145156,144.964231,145.685408,142.212826,143.662994,,143.662994,143.662994
2018-06-26,134.103132,135.222651,133.038766,134.031961,,134.11121,134.103132,135.222651,133.038766,134.031961,,134.11121,143.996813,145.197864,142.852835,143.920014,,143.920014,143.920014
2018-06-27,134.354764,135.614837,132.530949,132.8378,,133.789748,134.354764,135.614837,132.530949,132.8378,,133.789748,144.264512,145.620266,142.305876,142.636516,,142.636516,142.636516
2018-06-28,132.805501,134.438821,131.822598,133.655437,,133.206041,132.805501,134.438821,131.822598,133.655437,,133.206041,142.620846,144.375108,141.563676,143.533471,,143.533471,143.533471
2018-06-29,134.311246,135.587146,133.196619,133.768416,,134.218134,134.311246,135.587146,133.196619,133.768416,,134.218134,144.247406,145.616622,143.048426,143.663535,,143.663535,143.663535
2018-07-02,132.904508,134.620984,132.000127,134.23426,,133.482071,132.904508,134.620984,132.000127,134.23426,,133.482071,142.741246,144.586898,141.768941,144.170041,,144.170041,144.170041
2018-07-03,134.698257,135.457918,132.968377,133.447183,,134.117426,134.698257,135.457918,132.968377,133.447183,,134.117426,144.66908,145.48537,142.812186,143.325626,,143.325626,143.325626
2018-07-05,134.218613,135.270881,133.220097,134.667798,,134.338786,134.218613,135.270881,133.220097,134.667798,,134.338786,144.186046,145.316417,143.113964,144.668168,,144.668168,144.668168
2018-07-06,134.690837,136.35801,134.087194,135.826936,,135.288096,134.690837,136.35801,134.087194,135.826936,,135.288096,144.704538,146.494664,144.056407,145.924205,,145.924205,145.924205
2018-07-09,136.422443,137.731183,135.546275,137.052002,,136.694822,136.422443,137.731183,135.546275,137.052002,,136.694822,146.59963,148.00645,145.657905,147.276661,,147.276661,147.276661
2018-07-10,137.338369,138.291971,136.449501,137.485613,,137.386981,137.338369,138.291971,136.449501,137.485613,,137.386981,147.586152,148.612494,146.630544,147.744654,,147.744654,147.744654
2018-07-11,136.593354,137.822162,135.660392,136.621428,,136.694591,136.593354,137.822162,135.660392,136.621428,,136.694591,146.785763,148.107025,145.783389,146.815918,,146.815918,146.815918
2018-07-12,137.305222,138.544991,136.36975,137.896693,,137.56025,137.305222,138.544991,136.36975,137.896693,,137.56025,147.561819,148.894229,146.557136,148.198786,,148.198786,148.198786
2018-07-13,137.807642,138.9276,136.885322,138.079396,,137.933454,137.807642,138.9276,136.885322,138.079396,,137.933454,148.104833,149.310391,147.114513,148.398101,,148.398101,148.398101
2018-07-16,138.121545,138.994977,136.996227,137.966371,,138.010722,138.121545,138.994977,136.996227,137.966371,,138.010722,148.450767,149.389961,147.240604,148.283804,,148.283804,148.283804
2018-07-17,137.448048,139.312319,136.78726,138.565355,,138.085504,137.448048,139.312319,136.78726,138.565355,,138.085504,147.729553,149.735113,147.019982,148.931497,,148.931497,148.931497
2018-07-18,138.664726,139.790394,137.669984,138.879537,,138.762192,138.664726,139.790394,137.669984,138.879537,,138.762192,149.036686,150.247043,147.967675,149.267571,,149.267571,149.267571
2018-07-19,138.453371,139.577509,137.287313,138.27074,,138.377402,138.453371,139.577509,137.287313,138.27074,,138.377402,148.825177,150.032633,147.570885,148.628519,,148.628519,148.628519
2018-07-20,138.189847,139.240334,137.274211,138.170304,,138.216596,138.189847,139.240334,137.274211,138.170304,,138.216596,148.545825,149.675884,147.562399,148.525485,,148.525485,148.525485
2018-07-23,138.018272,139.259821,137.012646,138.495679,,138.199386,138.018272,139.259821,137.012646,138.495679,,138.199386,148.360907,149.694701,147.281443,148.874513,,148.874513,148.874513
2018-07-24,139.522854,140.71325,138.084633,139.310012,,139.388111,139.522854,140.71325,138.084633,139.310012,,139.388111,149.98637,151.265935,148.439937,149.7586,,149.7586,149.7586
2018-07-25,139.15204,141.130558,138.262545,140.616263,,139.81443,139.15204,141.130558,138.262545,140.616263,,139.81443,149.589508,151.717524,148.632129,151.163338,,151.163338,151.163338
2018-07-26,139.980286,141.472711,138.723228,140.06945,,140.053611,139.980286,141.472711,138.723228,140.06945,,140.053611,150.47919,152.084449,149.128857,150.575808,,150.575808,150.575808
2018-07-27,140.349593,141.313509,137.931819,139.069077,,139.588707,140.349593,141.313509,137.931819,139.069077,,139.588707,150.876139,151.912465,148.275049,149.499361,,149.499361,149.499361
2018-07-30,139.032744,140.068902,137.127113,138.17528,,138.535219,139.032744,140.068902,137.127113,138.17528,,138.535219,149.474342,150.587957,147.424381,148.551343,,148.551343,148.551343
2018-07-31,138.646299,140.015304,137.360088,138.762755,,138.704233,138.646299,140.015304,137.360088,138.762755,,138.704233,149.062853,150.532717,147.677057,149.18665,,149.18665,149.18665
2018-08-01,139.044317,140.146177,137.597611,138.685576,,138.869221,139.044317,140.146177,137.597611,138.685576,,138.869221,149.490547,150.673992,147.933327,149.103912,,149.103912,149.103912
2018-08-02,137.850704,140.06533,137.07117,139.428977,,138.662319,137.850704,140.06533,137.07117,139.428977,,138.662319,148.221425,150.60369,147.383988,149.918775,,149.918775,149.918775
2018-08-03,139.593235,140.787512,138.585381,140.083986,,139.740625,139.593235,140.787512,138.585381,140.083986,,139.740625,150.114925,151.399347,149.02937,150.642015,,150.642015,150.642015
2018-08-06,140.040294,141.215945,139.277192,140.583678,,140.304753,140.040294,141.215945,139.277192,140.583678,,140.304753,150.608325,151.873302,149.787369,151.192237,,151.192237,151.192237
2018-08-07,140.992721,142.063874,140.146984,141.042208,,141.077738,140.992721,142.063874,140.146984,141.042208,,141.077738,151.633044,152.786637,150.722137,151.686139,,151.686139,151.686139
2018-08-08,140.954922,141.967268,140.036828,141.037824,,141.001875,140.954922,141.967268,140.036828,141.037824,,141.001875,151.595237,152.685656,150.607686,151.685009,,151.685009,151.685009
2018-08-09,141.014926,141.994905,140.114095,140.831351,,141.010637,141.014926,141.994905,140.114095,140.831351,,141.010637,151.704221,152.75934,150.735021,151.506801,,151.506801,151.506801
2018-08-10,140.025925,140.883972,138.955782,139.824928,,139.924028,140.025925,140.883972,138.955782,139.824928,,139.924028,150.682868,151.607218,149.530185,150.466615,,150.466615,150.466615
2018-08-13,139.92495,140.908588,138.81871,139.315365,,139.736814,139.92495,140.908588,138.81871,139.315365,,139.736814,150.576963,151.63625,149.387216,149.92136,,149.92136,149.92136
2018-08-14,139.690733,140.911441,138.930998,140.206701,,139.954541,139.690733,140.911441,138.930998,140.206701,,139.954541,150.334105,151.650814,149.519092,150.892149,,150.892149,150.892149
2018-08-15,139.386257,140.362679,137.674434,139.082866,,139.072733,139.386257,140.362679,137.674434,139.082866,,139.072733,150.035535,151.085723,148.191354,149.708311,,149.708311,149.708311
2018-08-16,140.00932,141.219028,139.017819,140.146192,,140.098968,140.00932,141.219028,139.017819,140.146192,,140.098968,150.74744,152.049616,149.678949,150.894997,,150.894997,150.894997
2018-08-17,140.006559,141.278117,139.077826,140.556995,,140.226717,140.006559,141.278117,139.077826,140.556995,,140.226717,150.758875,152.128612,149.75711,151.350609,,151.350609,151.350609
2018-08-20,140.819958,141.813004,139.831375,140.877198,,140.843414,140.819958,141.813004,139.831375,140.877198,,140.843414,151.638052,152.708795,150.574956,151.700858,,151.700858,151.700858
2018-08-21,141.148134,142.268865,140.247899,141.099566,,141.217648,141.148134,142.268865,140.247899,141.099566,,141.217648,151.998294,153.203753,151.027036,151.94588,,151.94588,151.94588
2018-08-22,140.946035,142.042574,140.120313,141.087209,,141.07804,140.946035,142.042574,140.120313,141.087209,,141.07804,151.782081,152.964521,150.892341,151.93458,,151.93458,151.93458
2018-08-23,140.97037,141.899475,140.212566,140.851263,,140.976798,140.97037,141.899475,140.212566,140.851263,,140.976798,151.818296,152.818779,151.002304,151.689945,,151.689945,151.689945
2018-08-24,141.193874,142.290932,140.624529,141.7398,,141.48815,141.193874,142.290932,140.624529,141.7398,,141.48815,152.058586,153.242187,151.446929,152.6482,,152.6482,152.6482
2018-08-27,142.397055,143.615277,141.661182,142.858001,,142.64839,142.397055,143.615277,141.661182,142.858001,,142.64839,153.37209,154.685229,152.579375,153.868995,,153.868995,153.868995
2018-08-28,143.160092,143.816055,142.150368,142.855108,,142.981743,143.160092,143.816055,142.150368,142.855108,,142.981743,154.193911,154.900032,153.104445,153.864597,,153.864597,153.864597
2018-08-29,143.079503,144.289639,142.387651,143.723703,,143.41266,143.079503,144.289639,142.387651,143.723703,,143.41266,154.120535,155.423779,153.375854,154.814973,,154.814973,154.814973
2018-08-30,143.394865,144.411343,142.383576,143.101352,,143.32459,143.394865,144.411343,142.383576,143.101352,,143.32459,154.476708,155.571917,153.387573,154.160685,,154.160685,154.160685
2018-08-31,142.852383,143.815421,142.011359,143.025848,,142.932528,142.852383,143.815421,142.011359,143.025848,,142.932528,153.909709,154.946582,153.00256,154.095796,,154.095796,154.095796
2018-09-04,142.727792,143.696192,141.468743,142.725949,,142.654822,142.727792,143.696192,141.468743,142.725949,,142.654822,153.789651,154.830673,152.430284,153.786176,,153.786176,153.786176
2018-09-05,142.428568,143.63271,140.771815,142.264442,,142.218837,142.428568,143.63271,140.771815,142.264442,,142.218837,153.467877,154.763198,151.681853,153.290085,,153.290085,153.290085
2018-09-06,142.213614,143.163623,140.456992,141.678286,,141.847909,142.213614,143.163623,140.456992,141.678286,,141.847909,153.278071,154.300692,151.385223,152.701109,,152.701109,152.701109
2018-09-07,141.081104,142.515455,140.191781,141.359474,,141.318009,141.081104,142.515455,140.191781,141.359474,,141.318009,152.069473,153.617058,151.111265,152.369812,,152.369812,152.369812
2018-09-10,141.96456,142.904738,140.804167,141.618466,,141.79384,141.96456,142.904738,140.804167,141.618466,,141.79384,153.022026,154.036033,151.770274,152.649453,,152.649453,152.649453
2018-09-11,141.267864,142.927493,140.440297,142.20147,,141.766364,141.267864,142.927493,140.440297,142.20147,,141.766364,152.277304,154.065322,151.385002,153.283126,,153.283126,153.283126
2018-09-12,142.167706,143.341073,140.878851,142.169602,,142.151317,142.167706,143.341073,140.878851,142.169602,,142.151317,153.252034,154.514781,151.86154,153.252666,,153.252666,153.252666
2018-09-13,142.680404,143.94089,141.661044,142.931986,,142.811745,142.680404,143.94089,141.661044,142.931986,,142.811745,153.84246,155.201137,152.743033,154.112842,,154.112842,154.112842
2018-09-14,143.077684,143.945759,141.925986,142.961858,,142.977655,143.077684,143.945759,141.925986,142.961858,,142.977655,154.285229,155.222637,153.044594,154.161037,,154.161037,154.161037
2018-09-17,142.918325,143.68147,141.35858,142.089003,,142.459888,142.918325,143.68147,141.35858,142.089003,,142.459888,154.125703,154.949564,152.443256,153.231944,,153.231944,153.231944
2018-09-18,142.208688,143.892732,141.490089,142.869543,,142.675725,142.208688,143.892732,141.490089,142.869543,,142.675725,153.367604,155.184108,152.592511,154.080887,,154.080887,154.080887
2018-09-19,143.022054,144.276042,141.733628,143.097254,,143.021885,143.022054,144.276042,141.733628,143.097254,,143.021885,154.245815,155.59925,152.857794,154.327581,,154.327581,154.327581
2018-09-20,143.787572,145.06629,142.957447,144.275838,,144.038431,143.787572,145.06629,142.957447,144.275838,,144.038431,155.075649,156.455236,154.181604,155.602884,,155.602884,155.602884
2018-09-21,144.70516,145.56193,143.318557,144.119303,,144.396363,144.70516,145.56193,143.318557,144.119303,,144.396363,156.070476,156.994378,154.574772,155.438167,,155.438167,155.438167
2018-09-24,143.647595,144.974533,142.171063,143.677348,,143.627166,143.647595,144.974533,142.171063,143.677348,,143.627166,154.928616,156.358883,153.336043,154.960637,,154.960637,154.960637
2018-09-25,143.884124,144.820639,142.656124,143.579728,,143.749194,143.884124,144.820639,142.656124,143.579728,,143.749194,155.194341,156.204944,153.869988,154.866194,,154.866194,154.866194
2018-09-26,143.667534,144.851236,142.501242,143.129418,,143.554375,143.667534,144.851236,142.501242,143.129418,,143.554375,154.959277,156.236412,153.701518,154.379225,,154.379225,154.379225
2018-09-27,143.470813,144.722396,142.691785,143.601513,,143.63924,143.470813,144.722396,142.691785,143.601513,,143.63924,154.776929,156.127444,153.936038,154.918219,,154.918219,154.918219
2018-09-28,143.338259,144.501484,142.503165,143.562137,,143.486482,143.338259,144.501484,142.503165,143.562137,,143.486482,154.638419,155.895817,153.73871,154.881609,,154.881609,154.881609
2018-10-01,144.248492,145.390191,143.202281,144.05764,,144.219903,144.248492,145.390191,143.202281,144.05764,,144.219903,155.62333,156.854621,154.493642,155.417309,,155.417309,155.417309
2018-10-02,143.964049,145.167166,142.827004,143.979354,,143.969077,143.964049,145.167166,142.827004,143.979354,,143.969077,155.321052,156.619372,154.094699,155.337239,,155.337239,155.337239
2018-10-03,144.519684,145.53256,143.20357,144.082523,,144.321378,144.519684,145.53256,143.20357,144.082523,,144.321378,155.919025,157.010984,154.497682,155.446197,,155.446197,155.446197
2018-10-04,143.722314,144.605915,141.481612,142.79702,,143.079214,143.722314,144.605915,141.481612,142.79702,,143.079214,155.09416,156.04848,152.67834,154.096173,,154.096173,154.096173
2018-10-05,142.869886,143.804635,140.784038,141.977975,,142.298618,142.869886,143.804635,140.784038,141.977975,,142.298618,154.178705,155.186109,151.927812,153.215954,,153.215954,153.215954
2018-10-08,141.460757,143.048277,139.95272,141.888908,,141.564111,141.460757,143.048277,139.95272,141.888908,,141.564111,152.658442,154.372544,151.031285,153.12055,,153.12055,153.12055
2018-10-09,141.687139,143.131098,140.537602,141.719064,,141.789447,141.687139,143.131098,140.537602,141.719064,,141.789447,152.938766,154.497559,151.698312,152.974122,,152.974122,152.974122
2018-10-10,141.339375,142.044063,136.768352,136.974442,,139.118426,141.339375,142.044063,136.768352,136.974442,,139.118426,152.564525,153.325337,147.629634,147.853196,,147.853196,147.853196
2018-10-11,136.457828,138.236502,133.18854,134.272129,,135.526389,136.457828,138.236502,133.18854,134.272129,,135.526389,147.296205,149.217691,143.767863,144.937586,,144.937586,144.937586
2018-10-12,136.666883,137.772128,134.001663,136.269553,,136.125613,136.666883,137.772128,134.001663,136.269553,,136.125613,147.537108,148.730736,144.659112,147.108515,,147.108515,147.108515
2018-10-15,136.072435,137.316346,134.612355,135.39388,,135.816455,136.072435,137.316346,134.612355,135.39388,,135.816455,146.901086,148.244165,145.325123,146.168566,,146.168566,146.168566
2018-10-16,136.46329,138.786515,135.589219,138.347426,,137.372359,136.46329,138.786515,135.589219,138.347426,,137.372359,147.325662,149.834749,146.38059,149.359888,,149.359888,149.359888
2018-10-17,138.372828,139.612049,136.596463,138.347462,,138.202964,138.372828,139.612049,136.596463,138.347462,,138.202964,149.391916,150.728743,147.47351,149.36396,,149.36396,149.36396
2018-10-18,137.901481,138.804345,135.22677,136.286885,,136.978059,137.901481,138.804345,135.22677,136.286885,,136.978059,148.900689,149.873995,146.010774,147.155535,,147.155535,147.155535
2018-10-19,136.610923,138.384024,135.261283,136.323437,,136.60755,136.610923,138.384024,135.261283,136.323437,,136.60755,147.507059,149.421497,146.049134,147.19627,,147.19627,147.19627
2018-10-22,136.736068,137.74126,134.740612,135.827267,,136.236122,136.736068,137.74126,134.740612,135.827267,,136.236122,147.648242,148.734567,145.49251,146.667681,,146.667681,146.667681
2018-10-23,133.67875,136.105976,132.053349,135.139506,,134.272373,133.67875,136.105976,132.053349,135.139506,,134.272373,144.351729,146.973043,142.59673,145.929888,,145.929888,145.929888
2018-10-24,135.038709,136.233566,130.345116,130.953747,,133.020356,135.038709,136.233566,130.345116,130.953747,,133.020356,145.821645,147.112419,140.754616,141.411021,,141.411021,141.411021
2018-10-25,132.063465,134.975316,130.682095,133.562175,,132.910679,132.063465,134.975316,130.682095,133.562175,,132.910679,142.608755,145.75327,141.117498,144.227916,,144.227916,144.227916
2018-10-26,131.195193,133.627511,129.064925,131.236732,,131.293762,131.195193,133.627511,129.064925,131.236732,,131.293762,141.67202,144.299401,139.372378,141.717054,,141.717054,141.717054
2018-10-29,132.725536,134.247424,128.036748,130.138208,,131.161558,132.725536,134.247424,128.036748,130.138208,,131.161558,143.324285,144.967305,138.261218,140.530953,,140.530953,140.530953
2018-10-30,130.032253,132.93729,128.733897,132.168531,,131.021167,130.032253,132.93729,128.733897,132.168531,,131.021167,140.429831,143.567914,139.02833,142.73853,,142.73853,142.73853
2018-10-31,133.638312,135.86855,132.278014,133.761563,,133.935435,133.638312,135.86855,132.278014,133.761563,,133.935435,144.328238,146.735723,142.858762,144.460371,,144.460371,144.460371
2018-11-01,134.159282,136.10895,132.763551,135.061838,,134.590415,134.159282,136.10895,132.763551,135.061838,,134.590415,144.892296,146.998916,143.384394,145.868379,,145.868379,145.868379
2018-11-02,135.503801,136.685894,132.802278,134.188162,,134.735086,135.503801,136.685894,132.802278,134.188162,,134.735086,146.357466,147.635996,143.438993,144.936387,,144.936387,144.936387
2018-11-05,134.451359,135.896414,132.830748,134.820318,,134.471521,134.451359,135.896414,132.830748,134.820318,,134.471521,145.223582,146.783942,143.474338,145.622678,,145.622678,145.622678
2018-11-06,134.750077,136.535091,133.910956,135.680579,,135.255863,134.750077,136.535091,133.910956,135.680579,,135.255863,145.558459,147.488659,144.65308,146.56402,,146.56402,146.56402
2018-11-07,136.816696,139.151455,135.702019,138.616353,,137.653956,136.816696,139.151455,135.702019,138.616353,,137.653956,147.792319,150.3156,146.5896,149.736941,,149.736941,149.736941
2018-11-08,138.171955,139.545416,136.843394,138.231899,,138.200285,138.171955,139.545416,136.843394,138.231899,,138.200285,149.334005,150.818328,147.896814,149.398326,,149.398326,149.398326
2018-11-09,137.476019,138.52245,135.568338,136.955384,,137.082576,137.476019,138.52245,135.568338,136.955384,,137.082576,148.603818,149.735735,146.542109,148.040309,,148.040309,148.040309
2018-11-12,136.518421,137.34614,133.573652,134.222488,,135.304279,136.518421,137.34614,133.573652,134.222488,,135.304279,147.567313,148.462399,144.383504,145.085365,,145.085365,145.085365
2018-11-13,134.485763,136.232297,133.023664,134.034667,,134.439361,134.485763,136.232297,133.023664,134.034667,,134.439361,145.375895,147.26341,143.794876,144.887529,,144.887529,144.887529
2018-11-14,135.063999,135.95116,132.015313,133.065346,,133.943357,135.063999,135.95116,132.015313,133.065346,,133.943357,146.036948,146.99464,142.739429,143.874604,,143.874604,143.874604
2018-11-15,132.518083,135.129857,130.999643,134.483331,,133.327355,132.518083,135.129857,130.999643,134.483331,,133.327355,143.326772,146.15219,141.684335,145.452274,,145.452274,145.452274
2018-11-16,133.775542,135.725958,132.828132,134.700783,,134.278371,133.775542,135.725958,132.828132,134.700783,,134.278371,144.699254,146.809412,143.674029,145.699616,,145.699616,145.699616
2018-11-19,134.363613,135.32287,131.319872,132.340077,,133.196948,134.363613,135.32287,131.319872,132.340077,,133.196948,145.337987,146.375421,142.044874,143.149069,,143.149069,143.149069
2018-11-20,130.310588,132.485178,128.164976,130.082027,,130.316629,130.310588,132.485178,128.164976,130.082027,,130.316629,140.962415,143.315441,138.642269,140.715508,,140.715508,140.715508
2018-11-21,131.016242,132.39024,129.646652,130.487099,,130.883321,131.016242,132.39024,129.646652,130.487099,,130.883321,141.736825,143.223222,140.253479,141.163666,,141.163666,141.163666
2018-11-23,129.537805,131.010165,128.679299,129.614343,,129.746443,129.537805,131.010165,128.679299,129.614343,,129.746443,140.14457,141.737529,139.213601,140.226905,,140.226905,140.226905
2018-11-26,130.870407,132.458408,129.830199,131.657131,,131.234411,130.870407,132.458408,129.830199,131.657131,,131.234411,141.600654,143.321317,140.475754,142.452952,,142.452952,142.452952
2018-11-27,131.074956,132.805751,130.141942,132.068206,,131.551819,131.074956,132.805751,130.141942,132.068206,,131.551819,141.824213,143.696608,140.815499,142.89987,,142.89987,142.89987
2018-11-28,132.672823,135.532262,131.484659,135.208792,,133.800214,132.672823,135.532262,131.484659,135.208792,,133.800214,143.559892,146.654971,142.275077,146.304791,,146.304791,146.304791
2018-11-29,134.732401,136.187802,133.610287,134.918343,,134.883194,134.732401,136.187802,133.610287,134.918343,,134.883194,145.821895,147.396638,144.606545,146.022228,,146.022228,146.022228
2018-11-30,134.872707,136.630342,133.840752,136.038577,,135.359249,134.872707,136.630342,133.840752,136.038577,,135.359249,145.998827,147.900314,144.880531,147.25972,,147.25972,147.25972
2018-12-03,138.002778,139.085348,135.931019,137.520553,,137.60438,138.002778,139.085348,135.931019,137.520553,,137.60438,149.38616,150.558884,147.14415,148.864607,,148.864607,148.864607
2018-12-04,137.044486,138.022958,132.519026,132.977099,,135.009282,137.044486,138.022958,132.519026,132.977099,,135.009282,148.358005,149.417457,143.457917,143.953745,,143.953745,143.953745
2018-12-06,130.82361,133.293354,128.757683,132.882655,,131.486174,130.82361,133.293354,128.757683,132.882655,,131.486174,141.670272,144.346147,139.433042,143.899782,,143.899782,143.899782
2018-12-07,132.628144,133.969878,129.060734,129.775748,,131.235972,132.628144,133.969878,129.060734,129.775748,,131.235972,143.647674,145.098111,139.781597,140.556963,,140.556963,140.556963
2018-12-10,129.616807,131.153552,127.078214,130.043709,,129.474042,129.616807,131.153552,127.078214,130.043709,,129.474042,140.385133,142.05105,137.636361,140.847926,,140.847926,140.847926
2018-12-11,131.729968,132.614997,129.022167,130.048814,,130.788665,131.729968,132.614997,129.022167,130.048814,,130.788665,142.681272,143.639497,139.746013,140.85912,,140.85912,140.85912
2018-12-12,131.628863,133.059029,130.237103,130.76376,,131.443709,131.628863,133.059029,130.237103,130.76376,,131.443709,142.571333,144.119911,141.064009,141.634908,,141.634908,141.634908
2018-12-13,131.19185,132.34526,129.575274,130.748813,,130.915697,131.19185,132.34526,129.575274,130.748813,,130.915697,142.123931,143.371799,140.371242,141.643053,,141.643053,141.643053
2018-12-14,129.464576,130.727257,127.506426,128.262729,,128.950921,129.464576,130.727257,127.506426,128.262729,,128.950921,140.266366,141.633858,138.144687,138.964192,,138.964192,138.964192
2018-12-17,127.630671,128.965871,124.661798,125.613251,,126.665571,127.630671,128.965871,124.661798,125.613251,,126.665571,138.28524,139.733948,135.069256,136.100044,,136.100044,136.100044
2018-12-18,126.541925,128.014605,124.536203,125.718786,,126.191331,126.541925,128.014605,124.536203,125.718786,,126.191331,137.114133,138.707833,134.941824,136.222017,,136.222017,136.222017
2018-12-19,125.806604,128.155347,122.651747,123.790878,,125.093539,125.806604,128.155347,122.651747,123.790878,,125.093539,136.331322,138.875292,132.911996,134.145165,,134.145165,134.145165
2018-12-20,123.130704,124.689097,120.265827,121.890556,,122.43526,123.130704,124.689097,120.265827,121.890556,,122.43526,133.435165,135.122887,130.330867,132.090347,,132.090347,132.090347
2018-12-21,121.726524,124.109139,118.623363,119.332083,,120.853496,121.726524,124.109139,118.623363,119.332083,,120.853496,131.910168,134.493112,128.54644,129.316253,,129.316253,129.316253
2018-12-24,118.4085,119.878674,115.760753,116.246231,,117.562995,118.4085,119.878674,115.760753,116.246231,,117.562995,128.32358,129.915453,125.453128,125.979622,,125.979622,125.979622
2018-12-26,117.032282,122.141826,115.754558,122.060057,,119.345484,117.032282,122.141826,115.754558,122.060057,,119.345484,126.836427,132.374584,125.450037,132.285073,,132.285073,132.285073
2018-12-27,120.548404,123.177658,118.349445,123.068842,,121.260354,120.548404,123.177658,118.349445,123.068842,,121.260354,130.657733,133.507653,128.275154,133.38943,,133.38943,133.38943
2018-12-28,123.730939,124.938417,121.934528,122.911124,,123.371244,123.730939,124.938417,121.934528,122.911124,,123.371244,134.12836,135.437828,132.182713,133.241715,,133.241715,133.241715
2018-12-31,123.756748,124.824441,122.355533,123.904194,,123.699802,123.756748,124.824441,122.355533,123.904194,,123.699802,134.171475,135.330087,132.653306,134.332195,,134.332195,134.332195
2019-01-02,122.039331,125.008714,121.140541,124.08833,,123.167297,122.039331,125.008714,121.140541,124.08833,,123.167297,132.307956,135.529445,131.335119,134.530765,,134.530765,134.530765
2019-01-03,123.039461,124.128624,120.369976,120.99857,,122.066564,123.039461,124.128624,120.369976,120.99857,,122.066564,133.428371,134.608047,130.531904,131.214421,,131.214421,131.214421
2019-01-04,122.745486,125.847875,122.091487,125.198775,,124.084012,122.745486,125.847875,122.091487,125.198775,,124.084012,133.109469,136.473189,132.400933,135.769289,,135.769289,135.769289
2019-01-07,125.336741,127.225037,124.225084,126.029378,,125.758058,125.336741,127.225037,124.225084,126.029378,,125.758058,135.918708,137.96737,134.714423,136.669556,,136.669556,136.669556
2019-01-08,127.212266,128.355268,125.393615,127.227004,,127.024388,127.212266,128.355268,125.393615,127.227004,,127.024388,137.956423,139.195503,135.983476,137.971446,,137.971446,137.971446
2019-01-09,127.609454,128.899521,126.358788,127.701571,,127.668168,127.609454,128.899521,126.358788,127.701571,,127.668168,138.429558,139.82792,137.070791,138.52699,,138.52699,138.52699
2019-01-10,126.986019,128.639586,125.977346,128.209255,,127.486634,126.986019,128.639586,125.977346,128.209255,,127.486634,137.751649,139.54576,136.65734,139.077944,,139.077944,139.077944
2019-01-11,127.579446,128.789775,126.621079,128.124878,,127.798213,127.579446,128.789775,126.621079,128.124878,,127.798213,138.395088,139.708298,137.354449,138.98685,,138.98685,138.98685
2019-01-14,127.037134,128.424216,126.175837,127.433252,,127.289927,127.037134,128.424216,126.175837,127.433252,,127.289927,137.823068,139.327411,136.886956,138.252007,,138.252007,138.252007
2019-01-15,127.603148,129.627148,126.828627,128.927026,,128.298375,127.603148,129.627148,126.828627,128.927026,,128.298375,138.439834,140.637544,137.59956,139.876537,,139.876537,139.876537
2019-01-16,129.201462,130.48465,128.308048,129.222346,,129.304995,129.201462,130.48465,128.308048,129.222346,,129.304995,140.174714,141.56806,139.205867,140.198812,,140.198812,140.198812
2019-01-17,128.765258,130.817045,128.186243,130.166038,,129.527597,128.765258,130.817045,128.186243,130.166038,,129.527597,139.716214,141.943954,139.088794,141.236756,,141.236756,141.236756
2019-01-18,131.246587,132.623974,130.084636,131.836727,,131.45359,131.246587,132.623974,130.084636,131.836727,,131.45359,142.412868,143.907742,141.152315,143.053883,,143.053883,143.053883
2019-01-22,130.977898,131.751878,128.83818,129.953641,,130.316862,130.977898,131.751878,128.83818,129.953641,,130.316862,142.125906,142.966849,139.802604,141.013891,,141.013891,141.013891
2019-01-23,130.577218,131.540263,128.673228,130.228628,,130.213012,130.577218,131.540263,128.673228,130.228628,,130.213012,141.692168,142.73787,139.626283,141.31332,,141.31332,141.31332
2019-01-24,130.198643,131.418614,128.837433,130.411323,,130.246439,130.198643,131.418614,128.837433,130.411323,,130.246439,141.284602,142.610644,139.808501,141.515777,,141.515777,141.515777
2019-01-25,131.332324,132.60621,130.265251,131.507049,,131.454995,131.332324,132.60621,130.265251,131.507049,,131.454995,142.518809,143.901741,141.359599,142.708596,,142.708596,142.708596
2019-01-28,130.296511,131.216242,128.931811,130.41933,,130.20902,130.296511,131.216242,128.931811,130.41933,,130.20902,141.394782,142.391826,139.910689,141.526513,,141.526513,141.526513
2019-01-29,130.481107,131.48325,129.126269,130.144759,,130.275603,130.481107,131.48325,129.126269,130.144759,,130.275603,141.597907,142.684124,140.126829,141.231852,,141.231852,141.231852
2019-01-30,131.012366,133.033853,129.947093,132.243392,,131.598947,131.012366,133.033853,129.947093,132.243392,,131.598947,142.189912,144.384327,141.032446,143.525012,,143.525012,143.525012
2019-01-31,132.446258,134.615173,131.400299,133.576452,,133.048891,132.446258,134.615173,131.400299,133.576452,,133.048891,143.77853,146.130783,142.640766,145.004105,,145.004105,145.004105
2019-02-01,133.582299,135.006468,132.366784,133.638163,,133.669352,133.582299,135.006468,132.366784,133.638163,,133.669352,145.026519,146.57303,143.708705,145.088613,,145.088613,145.088613
2019-02-04,133.596862,135.099059,132.57226,134.626668,,133.996536,133.596862,135.099059,132.57226,134.626668,,133.996536,145.044864,146.676297,143.932932,146.163337,,146.163337,146.163337
2019-02-05,134.803412,136.053681,133.928817,135.304438,,135.038671,134.803412,136.053681,133.928817,135.304438,,135.038671,146.357545,147.713807,145.404481,146.899581,,146.899581,146.899581
2019-02-06,135.134695,136.13955,133.883018,134.892764,,134.989722,135.134695,136.13955,133.883018,134.892764,,134.989722,146.730122,147.821939,145.370831,146.467132,,146.467132,146.467132
2019-02-07,134.026701,134.899989,132.184301,133.613622,,133.640731,134.026701,134.899989,132.184301,133.613622,,133.640731,145.545227,146.494387,143.545299,145.096513,,145.096513,145.096513
2019-02-08,132.773531,134.136477,131.764891,133.670745,,133.095663,132.773531,134.136477,131.764891,133.670745,,133.095663,144.231887,145.714477,143.13565,145.206668,,145.206668,145.206668
2019-02-11,133.976398,134.844148,132.937145,133.751951,,133.873502,133.976398,134.844148,132.937145,133.751951,,133.873502,145.539653,146.482135,144.410061,145.295239,,145.295239,145.295239
2019-02-12,134.597119,136.185769,133.940149,135.495583,,135.100609,134.597119,136.185769,133.940149,135.495583,,135.100609,146.226166,147.950213,145.511689,147.20118,,147.20118,147.20118
2019-02-13,135.875756,136.987368,135.029431,135.872369,,135.932281,135.875756,136.987368,135.029431,135.872369,,135.932281,147.623309,148.829634,146.703635,147.619678,,147.619678,147.619678
2019-02-14,135.225498,136.487128,134.232212,135.523609,,135.391456,135.225498,136.487128,134.232212,135.523609,,135.391456,146.962437,148.335257,145.884345,147.28799,,147.28799,147.28799
2019-02-15,136.579263,137.611546,135.493552,136.853857,,136.63119,136.579263,137.611546,135.493552,136.853857,,136.63119,148.44415,149.567472,147.264697,148.743334,,148.743334,148.743334
2019-02-19,136.485128,137.885548,135.922871,137.09329,,136.876878,136.485128,137.885548,135.922871,137.09329,,136.876878,148.349705,149.872574,147.74041,149.011545,,149.011545,149.011545
2019-02-20,137.096144,138.134211,136.083255,137.274462,,137.145584,137.096144,138.134211,136.083255,137.274462,,137.145584,149.042881,150.171466,147.939729,149.235556,,149.235556,149.235556
2019-02-21,136.990519,137.897739,135.700552,136.761678,,136.810176,136.990519,137.897739,135.700552,136.761678,,136.810176,148.938127,149.925375,147.536366,148.690232,,148.690232,148.690232
2019-02-22,137.063941,138.192547,136.263334,137.594117,,137.288957,137.063941,138.192547,136.263334,137.594117,,137.288957,149.020317,150.248834,148.151314,149.597881,,149.597881,149.597881
2019-02-25,138.318545,139.199373,137.237164,137.737255,,138.120738,138.318545,139.199373,137.237164,137.737255,,138.120738,150.407864,151.366084,149.230752,149.775779,,149.775779,149.775779
2019-02-26,137.479096,138.641463,136.68116,137.660135,,137.620429,137.479096,138.641463,136.68116,137.660135,,137.620429,149.495566,150.76184,148.628565,149.69307,,149.69307,149.69307
2019-02-27,137.279958,138.420017,136.265984,137.625834,,137.393676,137.279958,138.420017,136.265984,137.625834,,137.393676,149.294104,150.53507,148.190394,149.670306,,149.670306,149.670306
2019-02-28,137.393468,138.520261,136.442901,137.331472,,137.429119,137.393468,138.520261,136.442901,137.331472,,137.429119,149.460648,150.688212,148.426239,149.394154,,149.394154,149.394154
2019-03-01,138.223653,139.331722,137.051898,138.329156,,138.236302,138.223653,139.331722,137.051898,138.329156,,138.236302,150.374878,151.580357,149.099794,150.48905,,150.48905,150.48905
2019-03-04,138.911912,139.770793,136.385774,137.85042,,138.166998,138.911912,139.770793,136.385774,137.85042,,138.166998,151.124654,152.06076,148.377386,149.970311,,149.970311,149.970311
2019-03-05,137.926012,138.847755,136.790152,137.805298,,137.833178,137.926012,138.847755,136.790152,137.805298,,137.833178,150.0595,151.061671,148.823454,149.927748,,149.927748,149.927748
2019-03-06,137.829692,138.487035,136.379548,136.958414,,137.37063,137.829692,138.487035,136.379548,136.958414,,137.37063,149.959209,150.675815,148.381915,149.011859,,149.011859,149.011859
2019-03-07,136.694712,137.253216,134.883726,135.809598,,136.115793,136.694712,137.253216,134.883726,135.809598,,136.115793,148.75611,149.362038,146.785,147.792001,,147.792001,147.792001
2019-03-08,134.661749,136.055866,133.678799,135.532963,,134.995475,134.661749,136.055866,133.678799,135.532963,,134.995475,146.555157,148.073769,145.486346,147.503498,,147.503498,147.503498
2019-03-11,135.834559,137.960024,135.414452,137.558075,,136.764004,135.834559,137.960024,135.414452,137.558075,,136.764004,147.832595,150.145979,147.374778,149.70835,,149.70835,149.70835
2019-03-12,137.800191,138.967165,137.023695,138.004881,,137.946444,137.800191,138.967165,137.023695,138.004881,,137.946444,149.978787,151.248442,149.133244,150.200816,,150.200816,150.200816
2019-03-13,138.530725,139.80068,137.793019,138.879109,,138.780698,138.530725,139.80068,137.793019,138.879109,,138.780698,150.782652,152.166018,149.979496,151.161595,,151.161595,151.161595
2019-03-14,138.843155,139.675279,137.923867,138.744279,,138.791277,138.843155,139.675279,137.923867,138.744279,,138.791277,151.173247,152.080267,150.171485,151.065764,,151.065764,151.065764
2019-03-15,138.919752,140.391837,138.058313,139.404627,,139.215473,138.919752,140.391837,138.058313,139.404627,,139.215473,151.263571,152.867445,150.325409,151.791199,,151.791199,151.791199
2019-03-18,139.485782,140.754495,138.625596,139.91047,,139.70487,139.485782,140.754495,138.625596,139.91047,,139.70487,151.881742,153.263573,150.943855,152.342869,,152.342869,152.342869
2019-03-19,140.436043,141.428781,139.144687,139.972463,,140.258666,140.436043,141.428781,139.144687,139.972463,,140.258666,152.917752,153.999582,151.51272,152.413377,,152.413377,152.413377
2019-03-20,139.853614,141.178068,138.367723,139.673765,,139.778534,139.853614,141.178068,138.367723,139.673765,,139.778534,152.290422,153.732545,150.672406,152.094961,,152.094961,152.094961
2019-03-21,139.221122,141.729468,138.734636,141.160837,,140.276743,139.221122,141.729468,138.734636,141.160837,,140.276743,151.612073,154.342589,151.081952,153.723738,,153.723738,153.723738
2019-03-22,140.502608,141.339171,138.030715,138.518175,,139.526243,140.502608,141.339171,138.030715,138.518175,,139.526243,153.015732,153.926218,150.323177,150.854488,,150.854488,150.854488
2019-03-25,138.272391,139.493386,137.074374,138.365748,,138.309106,138.272391,139.493386,137.074374,138.365748,,138.309106,150.599009,151.929051,149.292369,150.699889,,150.699889,150.699889
2019-03-26,139.308597,140.449076,138.059839,139.261858,,139.266698,139.308597,140.449076,138.059839,139.261858,,139.266698,151.726328,152.968966,150.367556,151.676381,,151.676381,151.676381
2019-03-27,139.302336,140.096075,137.459761,138.572868,,138.815576,139.302336,140.096075,137.459761,138.572868,,138.815576,151.72202,152.587637,149.716332,150.927761,,150.927761,150.927761
2019-03-28,138.842136,139.782844,137.790261,139.01159,,138.854396,138.842136,139.782844,137.790261,139.01159,,138.854396,151.24674,152.271323,150.097441,151.429677,,151.429677,151.429677
2019-03-29,139.836498,140.605477,138.745677,139.915258,,139.778367,139.836498,140.605477,138.745677,139.915258,,139.778367,152.33383,153.171531,151.145189,152.419135,,152.419135,152.419135
2019-04-01,140.931857,142.186746,139.963437,141.53666,,141.175405,140.931857,142.186746,139.963437,141.53666,,141.175405,153.529954,154.895412,152.473952,154.188357,,154.188357,154.188357
2019-04-02,141.565563,142.429457,140.47938,141.548696,,141.507161,141.565563,142.429457,140.47938,141.548696,,141.507161,154.22503,155.165517,153.042279,154.206878,,154.206878,154.206878
2019-04-03,142.169957,143.116356,140.918201,141.844162,,141.996599,142.169957,143.116356,140.918201,141.844162,,141.996599,154.882423,155.915108,153.518725,154.52811,,154.52811,154.52811
2019-04-04,141.894305,142.972822,140.83609,142.142206,,141.951128,141.894305,142.972822,140.83609,142.142206,,141.951128,154.617859,155.792448,153.463439,154.887595,,154.887595,154.887595
2019-04-05,142.483329,143.421567,141.741502,142.736789,,142.604403,142.483329,143.421567,141.741502,142.736789,,142.604403,155.259017,156.282451,154.45026,155.535098,,155.535098,155.535098
2019-04-08,142.496448,143.349409,141.582762,142.87096,,142.580603,142.496448,143.349409,141.582762,142.87096,,142.580603,155.276167,156.20642,154.281059,155.685025,,155.685025,155.685025
2019-04-09,142.249436,143.013843,141.273925,142.058475,,142.148228,142.249436,143.013843,141.273925,142.058475,,142.148228,155.050929,155.883774,153.986801,154.842817,,154.842817,154.842817
2019-04-10,142.299085,143.186635,141.445565,142.549121,,142.377464,142.299085,143.186635,141.445565,142.549121,,142.377464,155.118956,156.086893,154.189288,155.391865,,155.391865,155.391865
2019-04-11,142.802206,143.542104,141.621247,142.574297,,142.6209,142.802206,143.542104,141.621247,142.574297,,142.6209,155.670591,156.477085,154.383229,155.42193,,155.42193,155.42193
2019-04-12,143.327779,144.450939,142.177587,143.468574,,143.353076,143.327779,144.450939,142.177587,143.468574,,143.353076,156.260438,157.484702,155.004539,156.412746,,156.412746,156.412746
2019-04-15,143.52037,144.309982,142.329157,143.426831,,143.374336,143.52037,144.309982,142.329157,143.426831,,143.374336,156.471855,157.331106,155.170985,156.369008,,156.369008,156.369008
2019-04-16,143.850389,144.983062,142.354553,143.545472,,143.678087,143.850389,144.983062,142.354553,143.545472,,143.678087,156.834322,158.070297,155.203296,156.501697,,156.501697,156.501697
2019-04-17,144.121434,145.006209,142.188062,143.315609,,143.586773,144.121434,145.006209,142.188062,143.315609,,143.586773,157.143549,158.109019,155.034442,156.264508,,156.264508,156.264508
2019-04-18,143.607699,144.565183,142.272606,143.512589,,143.472338,143.607699,144.565183,142.272606,143.512589,,143.472338,156.586791,157.632059,155.131503,156.48319,,156.48319,156.48319
2019-04-22,143.13148,144.509953,142.310384,143.725468,,143.444928,143.13148,144.509953,142.310384,143.725468,,143.444928,156.072778,157.573669,155.175345,156.718823,,156.718823,156.718823
2019-04-23,143.906448,145.689507,143.114083,145.01775,,144.493765,143.906448,145.689507,143.114083,145.01775,,144.493765,156.92491,158.86795,156.060109,158.135192,,158.135192,158.135192
2019-04-24,144.985785,146.042856,143.761125,144.669195,,144.846856,144.985785,146.042856,143.761125,144.669195,,144.846856,158.102179,159.254006,156.765888,157.755396,,157.755396,157.755396
2019-04-25,144.732203,146.071786,143.264384,144.71292,,144.701942,144.732203,146.071786,143.264384,144.71292,,144.701942,157.825811,159.285257,156.223016,157.803583,,157.803583,157.803583
2019-04-26,144.727745,145.976768,143.474493,145.386673,,144.909751,144.727745,145.976768,143.474493,145.386673,,144.909751,157.823026,159.184806,156.456987,158.541849,,158.541849,158.541849
2019-04-29,145.424611,146.646537,144.503239,145.626165,,145.560426,145.424611,146.646537,144.503239,145.626165,,145.560426,158.593245,159.924774,157.587374,158.811871,,158.811871,158.811871
2019-04-30,144.985856,146.207762,143.608412,145.3169,,145.024498,144.985856,146.207762,143.608412,145.3169,,145.024498,158.116029,159.449779,156.615311,158.477353,,158.477353,158.477353
2019-05-01,145.666715,146.685084,143.708463,144.192623,,145.04693,145.666715,146.685084,143.708463,144.192623,,145.04693,158.860168,159.971631,156.723623,157.253891,,157.253891,157.253891
2019-05-02,144.07206,145.306452,142.527644,143.90212,,143.941367,144.07206,145.306452,142.527644,143.90212,,143.941367,157.123998,158.470495,155.438596,156.938689,,156.938689,156.938689
2019-05-03,144.676978,145.967698,143.904132,145.349882,,145.000754,144.676978,145.967698,143.904132,145.349882,,145.000754,157.798177,159.207316,156.956485,158.533003,,158.533003,158.533003
2019-05-06,142.943597,145.289487,142.312187,144.740435,,143.873746,142.943597,145.289487,142.312187,144.740435,,143.873746,155.922623,158.481,155.233073,157.88159,,157.88159,157.88159
2019-05-07,143.564459,144.318399,141.102768,142.401335,,142.782249,143.564459,144.318399,141.102768,142.401335,,142.782249,156.600071,157.420889,153.913551,155.330623,,155.330623,155.330623
2019-05-08,142.139448,143.542579,141.223109,142.152468,,142.283582,142.139448,143.542579,141.223109,142.152468,,142.283582,155.047974,156.578519,154.047746,155.06224,,155.06224,155.06224
2019-05-09,140.945743,142.399882,139.581301,141.726329,,141.16478,140.945743,142.399882,139.581301,141.726329,,141.16478,153.802864,155.390993,152.313947,154.654861,,154.654861,154.654861
2019-05-10,141.21069,142.908717,139.213528,142.218434,,141.363138,141.21069,142.908717,139.213528,142.218434,,141.363138,154.145262,155.998017,151.964741,155.244102,,155.244102,155.244102
2019-05-13,139.553292,140.604067,137.770601,138.77542,,139.132233,139.553292,140.604067,137.770601,138.77542,,139.132233,152.338677,153.485142,150.391083,151.489282,,151.489282,151.489282
2019-05-14,139.253331,141.124677,138.476656,139.767705,,139.688331,139.253331,141.124677,138.476656,139.767705,,139.688331,152.028084,154.071606,151.179609,152.590179,,152.590179,152.590179
2019-05-15,138.998142,141.537316,138.318017,140.773006,,139.985109,138.998142,141.537316,138.318017,140.773006,,139.985109,151.77669,154.549254,151.03303,153.713732,,153.713732,153.713732
2019-05-16,141.119534,143.252018,140.592825,142.036871,,141.812148,141.119534,143.252018,140.592825,142.036871,,141.812148,154.133738,156.461734,153.558082,155.135029,,155.135029,155.135029
2019-05-17,140.830918,142.747417,140.202647,141.163508,,141.249774,140.830918,142.747417,140.202647,141.163508,,141.249774,153.834747,155.927526,153.147147,154.197611,,154.197611,154.197611
2019-05-20,140.149097,141.325106,139.042438,140.145894,,140.160925,140.149097,141.325106,139.042438,140.145894,,140.160925,153.093591,154.379266,151.88427,153.089729,,153.089729,153.089729
2019-05-21,141.009095,142.104234,140.153219,141.283972,,141.139302,141.009095,142.104234,140.153219,141.283972,,141.139302,154.035773,155.233559,153.100113,154.336114,,154.336114,154.336114
2019-05-22,140.785072,142.028325,139.938899,140.918882,,140.936126,140.785072,142.028325,139.938899,140.918882,,140.936126,153.793796,155.152886,152.868946,153.939822,,153.939822,153.939822
2019-05-23,139.703647,140.429872,137.845157,139.266123,,139.262269,139.703647,140.429872,137.845157,139.266123,,139.262269,152.626769,153.420115,150.594996,152.147776,,152.147776,152.147776
2019-05-24,139.964604,140.779904,138.701549,139.415637,,139.705177,139.964604,140.779904,138.701549,139.415637,,139.705177,152.933231,153.824515,151.55366,152.333878,,152.333878,152.333878
2019-05-28,139.651796,140.762282,138.019718,138.345233,,139.190744,139.651796,140.762282,138.019718,138.345233,,139.190744,152.593432,153.807326,150.809075,151.166295,,151.166295,151.166295
2019-05-29,137.578447,138.479363,136.028175,137.348468,,137.332175,137.578447,138.479363,136.028175,137.348468,,137.332175,150.332331,151.315739,148.638005,150.080854,,150.080854,150.080854
2019-05-30,137.629725,138.688948,136.615196,137.627491,,137.642415,137.629725,138.688948,136.615196,137.627491,,137.642415,150.399665,151.560034,149.293687,150.399187,,150.399187,150.399187
2019-05-31,136.140178,137.192851,134.971438,135.81718,,136.026766,136.140178,137.192851,134.971438,135.81718,,136.026766,148.800314,149.950891,147.522656,148.447159,,148.447159,148.447159
2019-06-03,135.613355,137.139994,133.441163,135.027169,,135.250376,135.613355,137.139994,133.441163,135.027169,,135.250376,148.227193,149.895411,145.85048,147.585756,,147.585756,147.585756
2019-06-04,136.225963,138.32615,135.185762,137.879808,,136.953108,136.225963,138.32615,135.185762,137.879808,,136.953108,148.900216,151.197613,147.763974,150.709308,,150.709308,150.709308
2019-06-05,138.713695,139.858844,137.031027,138.913591,,138.623746,138.713695,139.858844,137.031027,138.913591,,138.623746,151.641213,152.89247,149.799998,151.858606,,151.858606,151.858606
2019-06-06,139.083046,140.458478,138.125509,139.768063,,139.369995,139.083046,140.458478,138.125509,139.768063,,139.369995,152.082099,153.585651,151.033685,152.830492,,152.830492,152.830492
2019-06-07,140.36695,142.308163,139.71724,141.309665,,140.984211,140.36695,142.308163,139.71724,141.309665,,140.984211,153.500487,155.623523,152.790693,154.530926,,154.530926,154.530926
2019-06-10,142.110108,143.61454,141.084473,142.066892,,142.255323,142.110108,143.61454,141.084473,142.066892,,142.255323,155.406088,157.052839,154.284212,155.359338,,155.359338,155.359338
2019-06-11,143.093854,143.954667,141.190972,142.036449,,142.502587,143.093854,143.954667,141.190972,142.036449,,142.502587,156.490169,157.431998,154.408914,155.3338,,155.3338,155.3338
2019-06-12,141.882339,142.860324,140.748905,141.743971,,141.795069,141.882339,142.860324,140.748905,141.743971,,141.795069,155.167841,156.237679,153.927385,155.016196,,155.016196,155.016196
2019-06-13,142.19349,143.198315,141.205171,142.312522,,142.217826,142.19349,143.198315,141.205171,142.312522,,142.217826,155.55044,156.650086,154.46932,155.681265,,155.681265,155.681265
2019-06-14,142.085976,143.063536,141.023085,142.095255,,142.055386,142.085976,143.063536,141.023085,142.095255,,142.055386,155.451626,156.521707,154.289849,155.462207,,155.462207,155.462207
2019-06-17,142.269773,143.388137,141.274232,142.27655,,142.323151,142.269773,143.388137,141.274232,142.27655,,142.323151,155.654695,156.878607,154.564961,155.661598,,155.661598,155.661598
2019-06-18,143.317013,145.04392,142.200008,143.625214,,143.578889,143.317013,145.04392,142.200008,143.625214,,143.578889,156.80636,158.693212,155.58158,157.141946,,157.141946,157.141946
2019-06-19,143.797617,144.970694,142.638897,144.042511,,143.878595,143.797617,144.970694,142.638897,144.042511,,143.878595,157.330073,158.614907,156.061769,157.598222,,157.598222,157.598222
2019-06-20,145.490221,146.435006,143.957035,145.388315,,145.296678,145.490221,146.435006,143.957035,145.388315,,145.296678,159.1967,160.231471,157.518048,159.085253,,159.085253,159.085253
2019-06-21,145.260242,146.512875,144.212413,145.271321,,145.3081,145.260242,146.512875,144.212413,145.271321,,145.3081,158.954373,160.324896,157.809179,158.966274,,158.966274,158.966274
2019-06-24,145.315889,146.263324,144.285898,145.021276,,145.210199,145.315889,146.263324,144.285898,145.021276,,145.210199,159.015265,160.051214,157.886894,158.692081,,158.692081,158.692081
2019-06-25,145.058086,145.734066,142.919112,143.560432,,144.262564,145.058086,145.734066,142.919112,143.560432,,144.262564,158.730844,159.470363,156.389611,157.091994,,157.091994,157.091994
2019-06-26,144.035483,145.063296,142.552074,143.374871,,143.748999,144.035483,145.063296,142.552074,143.374871,,143.748999,157.614764,158.73855,155.990339,156.891161,,156.891161,156.891161
2019-06-27,143.760755,144.862925,142.876638,143.885543,,143.871276,143.760755,144.862925,142.876638,143.885543,,143.871276,157.338417,158.545177,156.371423,157.474916,,157.474916,157.474916
2019-06-28,144.369214,145.493559,143.296247,144.690037,,144.463801,144.369214,145.493559,143.296247,144.690037,,144.463801,158.01035,159.240542,156.835745,158.361433,,158.361433,158.361433
2019-07-01,146.446328,147.312813,144.699219,145.817527,,146.04091,146.446328,147.312813,144.699219,145.817527,,146.04091,160.28564,161.234463,158.372707,159.597406,,159.597406,159.597406
2019-07-02,145.842388,146.925218,144.794962,146.306709,,145.960599,145.842388,146.925218,144.794962,146.306709,,145.960599,159.628406,160.815719,158.482558,160.13767,,160.13767,160.13767
2019-07-03,146.6171,147.852932,145.983598,147.428794,,146.976375,146.6171,147.852932,145.983598,147.428794,,146.976375,160.515426,161.868161,159.821568,161.404025,,161.404025,161.404025
2019-07-05,146.779869,147.845518,145.641265,147.224916,,146.883326,146.779869,147.845518,145.641265,147.224916,,146.883326,160.706607,161.872386,159.459947,161.193288,,161.193288,161.193288
2019-07-08,146.561729,147.424164,145.478495,146.501963,,146.488567,146.561729,147.424164,145.478495,146.501963,,146.488567,160.471075,161.417039,159.287044,160.406479,,160.406479,160.406479
2019-07-09,145.901719,147.331933,145.226998,146.749253,,146.355073,145.901719,147.331933,145.226998,146.749253,,146.355073,159.792533,161.359067,159.052902,160.718948,,160.718948,160.718948
2019-07-10,147.309791,148.514914,146.454166,147.469958,,147.442203,147.309791,148.514914,146.454166,147.469958,,147.442203,161.332437,162.653323,160.396969,161.509224,,161.509224,161.509224
2019-07-11,147.871926,148.85604,146.533031,147.809053,,147.753638,147.871926,148.85604,146.533031,147.809053,,147.753638,161.950503,163.02998,160.484736,161.882206,,161.882206,161.882206
2019-07-12,147.999768,149.15021,146.971893,148.465836,,148.152131,147.999768,149.15021,146.971893,148.465836,,148.152131,162.1044,163.365771,160.977456,162.615557,,162.615557,162.615557
2019-07-15,148.67008,149.366653,147.51409,148.531066,,148.510399,148.67008,149.366653,147.51409,148.531066,,148.510399,162.839668,163.60218,161.572074,162.687453,,162.687453,162.687453
2019-07-16,148.408382,149.357826,147.196653,148.048878,,148.24226,148.408382,149.357826,147.196653,148.048878,,148.24226,162.556363,163.597469,161.229501,162.163472,,162.163472,162.163472
2019-07-17,148.053364,148.808159,146.613982,147.093102,,147.627975,148.053364,148.808159,146.613982,147.093102,,147.627975,162.172108,163.000036,160.595112,161.120925,,161.120925,161.120925
2019-07-18,146.808305,148.213326,145.789924,147.5943,,147.109217,146.808305,148.213326,145.789924,147.5943,,147.109217,160.822265,162.362546,159.708547,161.684132,,161.684132,161.684132
2019-07-19,148.181174,148.866482,146.230756,146.647267,,147.446932,148.181174,148.866482,146.230756,146.647267,,147.446932,162.334338,163.085186,160.196203,160.653313,,160.653313,160.653313
2019-07-22,146.946948,148.061755,145.89757,147.087451,,147.000631,146.946948,148.061755,145.89757,147.087451,,147.000631,160.984471,162.206017,159.835065,161.138303,,161.138303,161.138303
2019-07-23,147.703,148.774175,146.434347,148.071735,,147.740149,147.703,148.774175,146.434347,148.071735,,147.740149,161.815071,162.989845,160.42767,162.219715,,162.219715,162.219715
2019-07-24,147.624382,149.431017,146.627849,148.693672,,148.122074,147.624382,149.431017,146.627849,148.693672,,148.122074,161.736406,163.71662,160.644914,162.908403,,162.908403,162.908403
2019-07-25,148.539075,149.486556,146.77381,147.928094,,148.148529,148.539075,149.486556,146.77381,147.928094,,148.148529,162.740053,163.779067,160.804789,162.070262,,162.070262,162.070262
2019-07-26,148.791984,150.4642,147.811321,149.456472,,149.138012,148.791984,150.4642,147.811321,149.456472,,149.138012,163.017162,164.848821,161.943692,163.744998,,163.744998,163.744998
2019-07-29,149.381965,150.311826,147.977574,149.167684,,149.163026,149.381965,150.311826,147.977574,149.167684,,149.163026,163.664971,164.684888,162.125712,163.430877,,163.430877,163.430877
2019-07-30,148.320045,149.77244,147.267,148.713844,,148.537414,148.320045,149.77244,147.267,148.713844,,148.537414,162.516234,164.109408,161.363369,162.948405,,162.948405,162.948405
2019-07-31,148.835257,149.954839,145.784847,147.109554,,147.897578,148.835257,149.954839,145.784847,147.109554,,147.897578,163.085658,164.311248,159.741762,161.1945,,161.1945,161.1945
2019-08-01,147.13753,149.457838,144.721082,145.838826,,146.788482,147.13753,149.457838,144.721082,145.838826,,146.788482,161.239694,163.782209,158.591642,159.816129,,159.816129,159.816129
2019-08-02,145.355717,146.392027,143.190945,144.752504,,144.873421,145.355717,146.392027,143.190945,144.752504,,144.873421,159.299594,160.434591,156.927548,158.639033,,158.639033,158.639033
2019-08-05,142.432884,143.203562,139.174455,140.428049,,141.263042,142.432884,143.203562,139.174455,140.428049,,141.263042,156.10525,156.94825,152.534133,153.907827,,153.907827,153.907827
2019-08-06,141.494609,143.142751,140.006973,142.246229,,141.707686,141.494609,143.142751,140.006973,142.246229,,141.707686,155.087531,156.895468,153.456508,155.911475,,155.911475,155.911475
2019-08-07,140.747797,143.03475,139.142654,142.381223,,141.361469,140.747797,143.03475,139.142654,142.381223,,141.361469,154.273001,156.777766,152.513862,156.06255,,156.06255,156.06255
2019-08-08,143.180072,145.431486,142.322706,145.058355,,144.04739,143.180072,145.431486,142.322706,145.058355,,144.04739,156.980417,159.447944,156.038953,159.040112,,159.040112,159.040112
2019-08-09,144.612875,145.614708,142.840622,144.070469,,144.251734,144.612875,145.614708,142.840622,144.070469,,144.251734,158.579047,159.675105,156.63453,157.982916,,157.982916,157.982916
2019-08-12,143.246089,144.082378,141.549955,142.367564,,142.787264,143.246089,144.082378,141.549955,142.367564,,142.787264,157.103636,158.020326,155.24317,156.139781,,156.139781,156.139781
2019-08-13,142.202301,145.752764,141.58176,144.488292,,143.601795,142.202301,145.752764,141.58176,144.488292,,143.601795,155.963914,159.859401,155.282108,158.470821,,158.470821,158.470821
2019-08-14,142.385848,143.236389,139.896599,140.323409,,141.400424,142.385848,143.236389,139.896599,140.323409,,141.400424,156.206871,157.137847,153.47359,153.942455,,153.942455,153.942455
2019-08-15,140.792578,142.020455,139.224092,140.74428,,140.689192,140.792578,142.020455,139.224092,140.74428,,140.689192,154.494725,155.84388,152.774172,154.442303,,154.442303,154.442303
2019-08-16,141.866862,143.387099,141.121327,142.694425,,142.286588,141.866862,143.387099,141.121327,142.694425,,142.286588,155.696344,157.365607,154.877642,156.60398,,156.60398,156.60398
2019-08-19,144.372873,145.461948,143.389612,144.454298,,144.415115,144.372873,145.461948,143.389612,144.454298,,144.415115,158.456658,159.653698,157.376957,158.547104,,158.547104,158.547104
2019-08-20,144.202215,144.948948,142.752763,143.279598,,143.787026,144.202215,144.948948,142.752763,143.279598,,143.787026,158.280883,159.101091,156.689924,157.269117,,157.269117,157.269117
2019-08-21,144.506274,145.354894,143.492393,144.440514,,144.462694,144.506274,145.354894,143.492393,144.440514,,144.462694,158.621828,159.553994,157.507938,158.549567,,158.549567,158.549567
2019-08-22,144.823729,145.649623,143.148568,144.359249,,144.479253,144.823729,145.649623,143.148568,144.359249,,144.479253,158.975633,159.88112,157.136746,158.465533,,158.465533,158.465533
2019-08-23,143.68015,144.844463,139.889106,140.626172,,142.189394,143.68015,144.844463,139.889106,140.626172,,142.189394,157.719684,158.997257,153.556977,154.366004,,154.366004,154.366004
2019-08-26,141.846054,142.808744,140.636341,142.206024,,141.862448,141.846054,142.808744,140.636341,142.206024,,141.862448,155.723648,156.781033,154.396041,156.119575,,156.119575,156.119575
2019-08-27,143.039089,143.731451,141.017611,141.774394,,142.349902,143.039089,143.731451,141.017611,141.774394,,142.349902,157.034456,157.795156,154.816046,155.646524,,155.646524,155.646524
2019-08-28,141.319134,143.243032,140.522081,142.666306,,141.977035,141.319134,143.243032,140.522081,142.666306,,141.977035,155.151089,157.266084,154.27777,156.630893,,156.630893,156.630893
2019-08-29,144.032753,145.343642,143.154657,144.497025,,144.275008,144.032753,145.343642,143.154657,144.497025,,144.275008,158.15323,159.59587,157.189617,158.664802,,158.664802,158.664802
2019-08-30,145.250344,145.863086,143.670264,144.56731,,144.803682,145.250344,145.863086,143.670264,144.56731,,144.803682,159.513661,160.185381,157.776703,158.762275,,158.762275,158.762275
2019-09-03,143.5519,144.691288,142.164895,143.542062,,143.476777,143.5519,144.691288,142.164895,143.542062,,143.476777,157.659452,158.909622,156.134478,157.647713,,157.647713,157.647713
2019-09-04,144.671376,145.735448,143.654612,145.079035,,144.779371,144.671376,145.735448,143.654612,145.079035,,144.779371,158.901849,160.070389,157.782769,159.348199,,159.348199,159.348199
2019-09-05,146.427936,148.168935,145.534219,147.011215,,146.823241,146.427936,148.168935,145.534219,147.011215,,146.823241,160.868161,162.780133,159.887676,161.50859,,161.50859,161.50859
2019-09-06,147.210482,148.112213,146.1247,147.090766,,147.140726,147.210482,148.112213,146.1247,147.090766,,147.140726,161.731688,162.723946,160.538605,161.600161,,161.600161,161.600161
2019-09-09,147.564595,148.919903,145.50819,147.091519,,147.233039,147.564595,148.919903,145.50819,147.091519,,147.233039,162.131827,163.622076,159.872336,161.612578,,161.612578,161.612578
2019-09-10,146.661618,148.198711,144.813003,147.103299,,146.691716,146.661618,148.198711,144.813003,147.103299,,146.691716,161.143103,162.831623,159.111435,161.628743,,161.628743,161.628743
2019-09-11,147.180616,148.912996,145.947001,148.154803,,147.587181,147.180616,148.912996,145.947001,148.154803,,147.587181,161.722686,163.627084,160.367988,162.792917,,162.792917,162.792917
2019-09-12,148.641162,150.060749,147.33675,148.623772,,148.661045,148.641162,150.060749,147.33675,148.623772,,148.661045,163.346565,164.907425,161.913203,163.327951,,163.327951,163.327951
2019-09-13,148.784013,149.823607,147.512911,148.546151,,148.675585,148.784013,149.823607,147.512911,148.546151,,148.675585,163.54609,164.689938,162.149868,163.285167,,163.285167,163.285167
2019-09-16,147.884816,149.130785,146.784314,148.015993,,147.960713,147.884816,149.130785,146.784314,148.015993,,147.960713,162.564508,163.934265,161.354261,162.708584,,162.708584,162.708584
2019-09-17,147.888941,149.183798,146.810957,148.39416,,148.085033,147.888941,149.183798,146.810957,148.39416,,148.085033,162.567553,163.991766,161.382998,163.123607,,163.123607,163.123607
2019-09-18,148.193601,149.13875,146.652023,148.465001,,148.085864,148.193601,149.13875,146.652023,148.465001,,148.085864,162.905501,163.944749,161.212206,163.203788,,163.203788,163.203788
2019-09-19,148.667181,149.847372,147.759751,148.502063,,148.695764,148.667181,149.847372,147.759751,148.502063,,148.695764,163.433773,164.732818,162.438313,163.2534,,163.2534,163.2534
2019-09-20,148.777663,149.715722,146.984013,147.752754,,148.279327,148.777663,149.715722,146.984013,147.752754,,148.279327,163.561608,164.59277,161.588701,162.435248,,162.435248,162.435248
2019-09-23,147.211542,148.702837,146.51488,147.758848,,147.56783,147.211542,148.702837,146.51488,147.758848,,147.56783,161.842066,163.482128,161.07451,162.443286,,162.443286,162.443286
2019-09-24,148.377517,149.190851,145.713802,146.508634,,147.371666,148.377517,149.190851,145.713802,146.508634,,147.371666,163.137005,164.031768,160.207786,161.082606,,161.082606,161.082606
2019-09-25,146.580365,148.304477,145.395022,147.502779,,146.972207,146.580365,148.304477,145.395022,147.502779,,146.972207,161.16164,163.058859,159.858829,162.176222,,162.176222,162.176222
2019-09-26,147.522017,148.284847,145.948438,147.117364,,147.179812,147.522017,148.284847,145.948438,147.117364,,147.179812,162.206451,163.044028,160.474944,161.760383,,161.760383,161.760383
2019-09-27,147.555591,148.25218,145.219763,146.308341,,146.778102,147.555591,148.25218,145.219763,146.308341,,146.778102,162.263317,163.029832,159.695622,160.892755,,160.892755,160.892755
2019-09-30,146.587838,147.8926,145.817777,146.985347,,146.841332,146.587838,147.8926,145.817777,146.985347,,146.841332,161.208813,162.644862,160.361766,161.646718,,161.646718,161.646718
2019-10-01,147.40661,148.345533,144.684707,145.233835,,146.362714,147.40661,148.345533,144.684707,145.233835,,146.362714,162.11466,163.148157,159.120813,159.72598,,159.72598,159.72598
2019-10-02,144.385785,144.891245,141.678691,142.629434,,143.340759,144.385785,144.891245,141.678691,142.629434,,143.340759,158.793312,159.34786,155.815033,156.861664,,156.861664,156.861664
2019-10-03,142.560458,144.183776,140.863996,143.760789,,142.874008,142.560458,144.183776,140.863996,143.760789,,142.874008,156.820557,158.60786,154.955481,158.141957,,158.141957,158.141957
2019-10-04,144.224183,146.164249,143.650699,145.826432,,145.00277,144.224183,146.164249,143.650699,145.826432,,145.00277,158.652042,160.786236,158.02097,160.413815,,160.413815,160.413815
2019-10-07,145.358545,146.581692,144.532072,145.200348,,145.433022,145.358545,146.581692,144.532072,145.200348,,145.433022,159.899075,161.244827,158.989924,159.724838,,159.724838,159.724838
2019-10-08,144.17878,145.059119,142.490693,142.9952,,143.653414,144.17878,145.059119,142.490693,142.9952,,143.653414,158.607204,159.574679,156.749223,157.304573,,157.304573,157.304573
2019-10-09,144.09588,145.141854,143.278934,144.315309,,144.218872,144.09588,145.141854,143.278934,144.315309,,144.218872,158.562246,159.712895,157.662565,158.803932,,158.803932,158.803932
2019-10-10,144.242092,146.085601,143.711936,145.222259,,144.844952,144.242092,146.085601,143.711936,145.222259,,144.844952,158.723609,160.754636,158.140923,159.803535,,159.803535,159.803535
2019-10-11,146.737488,148.450238,145.888136,146.759219,,146.97936,146.737488,148.450238,145.888136,146.759219,,146.97936,161.487601,163.371335,160.551365,161.510445,,161.510445,161.510445
2019-10-14,146.537683,147.567236,145.755931,146.576597,,146.616747,146.537683,147.567236,145.755931,146.576597,,146.616747,161.266777,162.400992,160.405864,161.309902,,161.309902,161.309902
2019-10-15,147.104193,149.134307,146.361578,148.075073,,147.714253,147.104193,149.134307,146.361578,148.075073,,147.714253,161.891268,164.126675,161.072824,162.959315,,162.959315,162.959315
2019-10-16,147.767576,148.909921,146.770188,147.817081,,147.830434,147.767576,148.909921,146.770188,147.817081,,147.830434,162.631294,163.889823,161.533156,162.685594,,162.685594,162.685594
2019-10-17,148.467905,149.527394,147.299068,148.251457,,148.367325,148.467905,149.527394,147.299068,148.251457,,148.367325,163.412697,164.578931,162.126027,163.173878,,163.173878,163.173878
2019-10-18,148.174119,149.266985,146.553866,147.643682,,147.864016,148.174119,149.266985,146.553866,147.643682,,147.864016,163.095727,164.298281,161.311468,162.511406,,162.511406,162.511406
2019-10-21,148.271275,149.453208,147.1734,148.638791,,148.39555,148.271275,149.453208,147.1734,148.638791,,148.39555,163.205057,164.507195,161.995872,163.60958,,163.60958,163.60958
2019-10-22,148.921869,150.234225,147.083391,148.063215,,148.546755,148.921869,150.234225,147.083391,148.063215,,148.546755,163.92696,165.373168,161.902618,162.981578,,162.981578,162.981578
2019-10-23,147.962377,149.384688,146.915097,148.525911,,148.206196,147.962377,149.384688,146.915097,148.525911,,148.206196,162.875083,164.441904,161.722697,163.495639,,163.495639,163.495639
2019-10-24,149.042393,150.062125,147.40825,148.813087,,148.834437,149.042393,150.062125,147.40825,148.813087,,148.834437,164.066452,165.18856,162.265328,163.812846,,163.812846,163.812846
2019-10-25,148.425283,150.355048,147.508017,149.419381,,148.989379,148.425283,150.355048,147.508017,149.419381,,148.989379,163.388006,165.512631,162.379071,164.48203,,164.48203,164.48203
2019-10-28,150.035225,151.493547,149.030109,150.316044,,150.24876,150.035225,151.493547,149.030109,150.316044,,150.24876,165.161781,166.766955,164.053884,165.469396,,165.469396,165.469396
2019-10-29,150.096324,151.543164,148.866883,150.04501,,150.149787,150.096324,151.543164,148.866883,150.04501,,150.149787,165.22845,166.823097,163.876983,165.174109,,165.174109,165.174109
2019-10-30,150.127389,151.414468,148.696962,150.490903,,150.187528,150.127389,151.414468,148.696962,150.490903,,150.187528,165.277925,166.695547,163.703109,165.678332,,165.678332,165.678332
2019-10-31,150.504542,151.442468,148.374845,150.069062,,150.07198,150.504542,151.442468,148.374845,150.069062,,150.07198,165.702542,166.737563,163.357565,165.223499,,165.223499,165.223499
2019-11-01,150.849065,152.434192,149.734601,151.467876,,151.144207,150.849065,152.434192,149.734601,151.467876,,151.144207,166.096278,167.842709,164.870989,166.778594,,166.778594,166.778594
2019-11-04,152.267335,153.473126,150.826145,152.076767,,152.159537,152.267335,153.473126,150.826145,152.076767,,152.159537,167.661732,168.990672,166.075555,167.452009,,167.452009,167.452009
2019-11-05,152.26236,153.407002,150.79595,151.934546,,152.088856,152.26236,153.407002,150.79595,151.934546,,152.088856,167.657075,168.917536,166.041603,167.295577,,167.295577,167.295577
2019-11-06,152.002169,152.933749,150.796309,152.05884,,151.930952,152.002169,152.933749,150.796309,152.05884,,151.930952,167.379605,168.407697,166.052354,167.443278,,167.443278,167.443278
2019-11-07,152.668952,154.073621,151.458611,152.538549,,152.675631,152.668952,154.073621,151.458611,152.538549,,152.675631,168.190436,169.735855,166.85642,168.045148,,168.045148,168.045148
2019-11-08,152.341852,153.643737,151.34223,152.907515,,152.564203,152.341852,153.643737,151.34223,152.907515,,152.564203,167.854144,169.291152,166.752706,168.477979,,168.477979,168.477979
2019-11-11,152.155159,153.344409,151.391507,152.575803,,152.393974,152.155159,153.344409,151.391507,152.575803,,152.393974,167.651012,168.962799,166.810462,168.115259,,168.115259,168.115259
2019-11-12,152.732916,153.976299,151.856282,152.813506,,152.858203,152.732916,153.976299,151.856282,152.813506,,152.858203,168.294006,169.665444,167.328315,168.383145,,168.383145,168.383145
2019-11-13,152.35526,153.808754,151.491376,152.911352,,152.642361,152.35526,153.808754,151.491376,152.911352,,152.642361,167.880931,169.483911,166.929595,168.494559,,168.494559,168.494559
2019-11-14,152.719937,153.933073,151.805851,153.055923,,152.888923,152.719937,153.933073,151.805851,153.055923,,152.888923,168.32594,169.661606,167.316992,168.694723,,168.694723,168.694723
2019-11-15,153.71624,154.986119,152.661921,154.244367,,153.899781,153.71624,154.986119,152.661921,154.244367,,153.899781,169.450879,170.850659,168.286121,170.031669,,170.031669,170.031669
2019-11-18,154.055184,155.291577,152.936755,154.294274,,154.146724,154.055184,155.291577,152.936755,154.294274,,154.146724,169.826665,171.190352,168.594416,170.090928,,170.090928,170.090928
2019-11-19,154.622266,155.447427,153.211405,154.225238,,154.375985,154.622266,155.447427,153.211405,154.225238,,154.375985,170.462319,171.371618,168.907412,170.024265,,170.024265,170.024265
2019-11-20,153.936124,155.035622,152.280071,153.63322,,153.719536,153.936124,155.035622,152.280071,153.63322,,153.719536,169.736613,170.948014,167.909657,169.401333,,169.401333,169.401333
2019-11-21,153.629245,154.565262,152.32319,153.379223,,153.464716,153.629245,154.565262,152.32319,153.379223,,153.464716,169.406108,170.440972,167.96719,169.131346,,169.131346,169.131346
2019-11-22,153.737261,154.660192,152.594263,153.660728,,153.655519,153.737261,154.660192,152.594263,153.660728,,153.655519,169.527403,170.544693,168.267444,169.443152,,169.443152,169.443152
2019-11-25,154.145262,155.559744,153.389075,154.80995,,154.514149,154.145262,155.559744,153.389075,154.80995,,154.514149,169.994037,171.555652,169.160907,170.728625,,170.728625,170.728625
2019-11-26,154.903538,155.956051,153.862608,155.182696,,154.989992,154.903538,155.956051,153.862608,155.182696,,154.989992,170.836386,171.995193,169.686109,171.14298,,171.14298,171.14298
2019-11-27,155.467475,156.425392,154.603834,155.796201,,155.592949,155.467475,156.425392,154.603834,155.796201,,155.592949,171.476239,172.532441,170.523065,171.838454,,171.838454,171.838454
2019-11-29,155.471378,156.1834,154.645653,155.172403,,155.362991,155.471378,156.1834,154.645653,155.172403,,155.362991,171.520295,172.305144,170.607387,171.189382,,171.189382,171.189382
2019-12-02,155.324445,155.872483,153.026854,153.840084,,154.453494,155.324445,155.872483,153.026854,153.840084,,154.453494,171.36319,171.967064,168.827354,169.725432,,169.725432,169.725432
2019-12-03,152.371694,153.520754,151.171752,152.895089,,152.497118,152.371694,153.520754,151.171752,152.895089,,152.497118,168.112583,169.378267,166.788071,168.688939,,168.688939,168.688939
2019-12-04,153.50299,154.934238,152.724279,153.894983,,153.770159,153.50299,154.934238,152.724279,153.894983,,153.770159,169.378871,170.9572,168.518356,169.81019,,169.81019,169.81019
2019-12-05,154.245031,154.929165,152.966756,154.138469,,154.050776,154.245031,154.929165,152.966756,154.138469,,154.050776,170.242474,170.997561,168.830427,170.124236,,170.124236,170.124236
2019-12-06,155.137395,156.324177,154.510548,155.525078,,155.384078,155.137395,156.324177,154.510548,155.525078,,155.384078,171.237053,172.548074,170.545112,171.665202,,171.665202,171.665202
2019-12-09,155.304519,156.411393,154.375606,155.075272,,155.27719,155.304519,156.411393,154.375606,155.075272,,155.27719,171.432577,172.654854,170.406873,171.180178,,171.180178,171.180178
2019-12-10,155.035098,155.894205,154.015769,154.900209,,154.956927,155.035098,155.894205,154.015769,154.900209,,154.956927,171.142633,172.093539,170.016903,170.994613,,170.994613,170.994613
2019-12-11,155.084316,156.085427,154.233686,155.334091,,155.187285,155.084316,156.085427,154.233686,155.334091,,155.187285,171.199761,172.305363,170.260434,171.475418,,171.475418,171.475418
2019-12-12,155.286071,157.51686,154.479777,156.569862,,156.01037,155.286071,157.51686,154.479777,156.569862,,156.01037,171.440532,173.904442,170.551194,172.859177,,172.859177,172.859177
2019-12-13,156.421476,157.837136,155.257491,156.580191,,156.526339,156.421476,157.837136,155.257491,156.580191,,156.526339,172.720805,174.285985,171.436391,172.897055,,172.897055,172.897055
2019-12-16,157.428506,158.787524,156.645645,157.692476,,157.651797,157.428506,158.787524,156.645645,157.692476,,157.651797,173.837221,175.338678,172.972618,174.129371,,174.129371,174.129371
2019-12-17,157.926014,158.843172,156.76015,157.729543,,157.811827,157.926014,158.843172,156.76015,157.729543,,157.811827,174.388023,175.401975,173.098711,174.170412,,174.170412,174.170412
2019-12-18,157.878589,158.897048,156.851872,157.640214,,157.814011,157.878589,158.897048,156.851872,157.640214,,157.814011,174.347874,175.473962,173.214986,174.08517,,174.08517,174.08517
2019-12-19,157.725917,158.975085,157.021078,158.337076,,158.034282,157.725917,158.975085,157.021078,158.337076,,158.034282,174.188879,175.57179,173.411731,174.865342,,174.865342,174.865342
2019-12-20,159.521573,160.368616,157.892034,159.038147,,159.197925,159.521573,160.368616,157.892034,159.038147,,159.197925,176.182251,177.116796,174.383098,175.648599,,175.648599,175.648599
2019-12-23,159.364185,160.204393,158.334178,159.169427,,159.263791,159.364185,160.204393,158.334178,159.169427,,159.263791,176.009283,176.938009,174.870141,175.793309,,175.793309,175.793309
2019-12-24,159.243485,159.727483,158.520094,159.119994,,159.145331,159.243485,159.727483,158.520094,159.119994,,159.145331,175.886779,176.421302,175.086628,175.750563,,175.750563,175.750563
2019-12-26,159.360778,160.451734,158.779049,160.017386,,159.680508,159.360778,160.451734,158.779049,160.017386,,159.680508,176.032667,177.236337,175.388885,176.756088,,176.756088,176.756088
2019-12-27,160.413122,160.943896,159.325237,159.978296,,160.14913,160.413122,160.943896,159.325237,159.978296,,160.14913,177.210379,177.795129,176.008808,176.729169,,176.729169,176.729169
2019-12-30,159.993459,160.47339,158.284358,159.0327,,159.401657,159.993459,160.47339,158.284358,159.0327,,159.401657,176.769312,177.298827,174.881601,175.707463,,175.707463,175.707463
2019-12-31,158.696145,159.759373,158.127073,159.455645,,159.024446,158.696145,159.759373,158.127073,159.455645,,159.024446,175.344174,176.519636,174.716489,176.183707,,176.183707,176.183707
2020-01-02,160.223836,161.615687,159.028627,160.90427,,160.451721,160.223836,161.615687,159.028627,160.90427,,160.451721,177.051953,178.590487,175.731579,177.803851,,177.803851,177.803851
2020-01-03,159.078552,160.935492,158.445142,159.779721,,159.592022,159.078552,160.935492,158.445142,159.779721,,159.592022,175.805108,177.858124,175.105671,176.579785,,176.579785,176.579785
2020-01-06,158.813274,160.884306,158.176108,160.46454,,159.63786,158.813274,160.884306,158.176108,160.46454,,159.63786,175.51355,177.803073,174.809555,177.338252,,177.338252,177.338252
2020-01-07,160.266282,161.224737,158.972559,160.022312,,160.123869,160.266282,161.224737,158.972559,160.022312,,160.123869,177.132293,178.192496,175.701785,176.862517,,176.862517,176.862517
2020-01-08,160.07889,161.962803,159.327367,160.821711,,160.577528,160.07889,161.962803,159.327367,160.821711,,160.577528,176.932109,179.014208,176.100075,177.752635,,177.752635,177.752635
2020-01-09,161.712293,162.810862,160.671791,161.957657,,161.787376,161.712293,162.810862,160.671791,161.957657,,161.787376,178.780509,179.995888,177.630276,179.051562,,179.051562,179.051562
2020-01-10,162.378023,163.035074,160.912848,161.556774,,161.935068,162.378023,163.035074,160.912848,161.556774,,161.935068,179.51676,180.243594,177.89532,178.608107,,178.608107,178.608107
2020-01-13,161.904468,163.277211,161.075101,162.689738,,162.253954,161.904468,163.277211,161.075101,162.689738,,162.253954,178.994512,180.512027,178.077308,179.862373,,179.862373,179.862373
2020-01-14,162.528259,163.642831,161.333327,162.405328,,162.472147,162.528259,163.642831,161.333327,162.405328,,162.472147,179.69837,180.93302,178.376941,179.562783,,179.562783,179.562783
2020-01-15,162.342267,163.845412,161.539258,162.732143,,162.624565,162.342267,163.845412,161.539258,162.732143,,162.624565,179.496692,181.158231,178.608451,179.927646,,179.927646,179.927646
2020-01-16,163.522724,164.62476,162.642018,164.084172,,163.719711,163.522724,164.62476,162.642018,164.084172,,163.719711,180.807549,182.028343,179.834734,181.429308,,181.429308,181.429308
2020-01-17,164.563613,165.602947,163.399626,164.805968,,164.576346,164.563613,165.602947,163.399626,164.805968,,164.576346,181.962658,183.112434,180.676365,182.230874,,182.230874,182.230874
2020-01-21,164.277507,165.665068,163.152552,164.399373,,164.381498,164.277507,165.665068,163.152552,164.399373,,164.381498,181.650295,183.185499,180.407571,181.785501,,181.785501,181.785501
2020-01-22,164.94361,165.991315,163.778092,164.467979,,164.789592,164.94361,165.991315,163.778092,164.467979,,164.789592,182.393001,183.552775,181.104476,181.867507,,181.867507,181.867507
2020-01-23,164.113327,165.393921,162.701,164.622608,,164.217575,164.113327,165.393921,162.701,164.622608,,164.217575,181.485326,182.904233,179.92437,182.049227,,182.049227,182.049227
2020-01-24,165.024963,165.716958,162.133794,163.132009,,163.938499,165.024963,165.716958,162.133794,163.132009,,163.938499,182.500496,183.267372,179.304021,180.407166,,180.407166,180.407166
2020-01-27,160.218486,161.987887,158.976628,160.549597,,160.463369,160.218486,161.987887,158.976628,160.549597,,160.463369,177.185401,179.142127,175.812755,177.551758,,177.551758,177.551758
2020-01-28,161.318719,163.137458,160.395744,162.182175,,161.792287,161.318719,163.137458,160.395744,162.182175,,161.792287,178.404443,180.415883,177.383677,179.358951,,179.358951,179.358951
2020-01-29,162.969522,163.998349,161.141626,162.098808,,162.530022,162.969522,163.998349,161.141626,162.098808,,162.530022,180.232078,181.37213,178.210446,179.269755,,179.269755,179.269755
2020-01-30,160.936139,163.203265,159.706716,162.595975,,161.632548,160.936139,163.203265,159.706716,162.595975,,161.632548,178.00937,180.516358,176.648795,179.844891,,179.844891,179.844891
2020-01-31,162.450678,163.082022,158.935923,159.784932,,160.965011,162.450678,163.082022,158.935923,159.784932,,160.965011,179.699894,180.397454,175.809491,176.749672,,176.749672,176.749672
2020-02-03,160.517898,162.725558,159.524751,161.068778,,160.985139,160.517898,162.725558,159.524751,161.068778,,160.985139,177.609555,180.05379,176.509459,178.21981,,178.21981,178.21981
2020-02-04,162.73856,164.686047,161.505756,163.204149,,163.0645,162.73856,164.686047,161.505756,163.204149,,163.0645,180.069433,182.222775,178.705642,180.583914,,180.583914,180.583914
2020-02-05,164.79685,166.435317,162.814713,164.916592,,164.731861,164.79685,166.435317,162.814713,164.916592,,164.731861,182.348845,184.162349,180.155676,182.481665,,182.481665,182.481665
2020-02-06,165.479894,166.84408,163.992114,165.604028,,165.484721,165.479894,166.84408,163.992114,165.604028,,165.484721,183.134869,184.644643,181.488719,183.272161,,183.272161,183.272161
2020-02-07,164.989454,166.277986,163.661734,164.810727,,164.941367,164.989454,166.277986,163.661734,164.810727,,164.941367,182.624388,184.051774,181.15564,182.427488,,182.427488,182.427488
2020-02-10,164.328548,166.554474,163.689792,166.089806,,165.222822,164.328548,166.554474,163.689792,166.089806,,165.222822,181.918912,184.383857,181.211165,183.869168,,183.869168,183.869168
2020-02-11,166.900938,168.15097,165.3007,166.376017,,166.684644,166.900938,168.15097,165.3007,166.376017,,166.684644,184.77709,186.158467,183.004067,184.194407,,184.194407,184.194407
2020-02-12,167.064827,168.564799,165.891493,167.478164,,167.25994,167.064827,168.564799,165.891493,167.478164,,167.25994,184.96159,186.621968,183.662197,185.419319,,185.419319,185.419319
2020-02-13,166.639529,168.451627,165.768497,167.213622,,167.054085,166.639529,168.451627,165.768497,167.213622,,167.054085,184.541666,186.548347,183.575023,185.176589,,185.176589,185.176589
2020-02-14,167.427093,168.431424,166.11334,167.519521,,167.363041,167.427093,168.431424,166.11334,167.519521,,167.363041,185.44113,186.553574,183.987238,185.543623,,185.543623,185.543623
2020-02-18,166.886955,168.296198,165.631153,167.096774,,166.994799,166.886955,168.296198,165.631153,167.096774,,166.994799,184.853442,186.415253,183.46164,185.08616,,185.08616,185.08616
2020-02-19,167.669113,168.996942,166.701668,167.886677,,167.843251,167.669113,168.996942,166.701668,167.886677,,167.843251,185.746443,187.215799,184.673177,185.986778,,185.986778,185.986778
2020-02-20,167.55674,168.816903,165.291176,167.216241,,167.18109,167.55674,168.816903,165.291176,167.216241,,167.18109,185.633429,187.030682,183.123935,185.256236,,185.256236,185.256236
2020-02-21,166.413178,167.378339,164.087228,165.379086,,165.761044,166.413178,167.378339,164.087228,165.379086,,165.761044,184.371535,185.442071,181.793927,183.226181,,183.226181,183.226181
2020-02-24,160.168316,162.490118,157.991116,159.780025,,160.113503,160.168316,162.490118,157.991116,159.780025,,160.113503,177.476901,180.048713,175.064007,177.045482,,177.045482,177.045482
2020-02-25,160.581213,161.351571,154.271445,155.056412,,157.667804,160.581213,161.351571,154.271445,155.056412,,157.667804,177.933644,178.789075,170.941553,171.812649,,171.812649,171.812649
2020-02-26,155.83222,158.280015,153.480664,154.539221,,155.53488,155.83222,158.280015,153.480664,154.539221,,155.53488,172.67142,175.385028,170.066466,171.239191,,171.239191,171.239191
2020-02-27,151.340631,154.20374,147.15621,147.732386,,150.107964,151.340631,154.20374,147.15621,147.732386,,150.107964,167.725817,170.899279,163.086799,163.726944,,163.726944,163.726944
2020-02-28,143.201566,148.132361,140.674448,146.658769,,144.727112,143.201566,148.132361,140.674448,146.658769,,144.727112,158.730849,164.19751,155.929634,162.563268,,162.563268,162.563268
2020-03-02,148.01581,153.701748,145.503356,153.350377,,150.191954,148.01581,153.701748,145.503356,153.350377,,150.191954,164.069484,170.373616,161.285821,169.982966,,169.982966,169.982966
2020-03-03,153.746811,156.235333,147.40038,149.005378,,151.50485,153.746811,156.235333,147.40038,149.005378,,151.50485,170.430512,173.187939,163.3948,165.174084,,165.174084,165.174084
2020-03-04,151.820585,155.576945,149.726124,155.180412,,153.109707,151.820585,155.576945,149.726124,155.180412,,153.109707,168.302923,172.468541,165.982241,172.027937,,172.027937,172.027937
2020-03-05,151.353252,153.440502,148.268025,149.902332,,150.697363,151.353252,153.440502,148.268025,149.902332,,150.697363,167.818996,170.130371,164.397644,166.208695,,166.208695,166.208695
2020-03-06,145.315261,148.990781,143.022372,147.430801,,146.211799,145.315261,148.990781,143.022372,147.430801,,146.211799,161.128407,165.203757,158.586199,163.474298,,163.474298,163.474298
2020-03-09,137.094921,142.275162,133.971916,136.501117,,137.524853,137.094921,142.275162,133.971916,136.501117,,137.524853,152.024825,157.770198,148.562906,151.366783,,151.366783,151.366783
2020-03-10,141.248015,144.13657,135.60654,143.212281,,141.00324,141.248015,144.13657,135.60654,143.212281,,141.00324,156.634256,159.836958,150.376557,158.8113,,158.8113,158.8113
2020-03-11,139.462685,141.166629,134.266613,136.332788,,137.720775,139.462685,141.166629,134.266613,136.332788,,137.720775,154.662949,156.554187,148.900867,151.193081,,151.193081,151.193081
2020-03-12,126.989951,133.031277,121.695197,123.541592,,126.281828,126.989951,133.031277,121.695197,123.541592,,126.281828,140.859315,147.560344,134.983862,137.032766,,137.032766,137.032766
2020-03-13,130.547564,136.166214,123.559749,134.978754,,131.200596,130.547564,136.166214,123.559749,134.978754,,131.200596,144.848663,151.082061,137.094374,149.763739,,149.763739,149.763739
2020-03-16,120.077334,128.945178,115.817474,119.152814,,121.126732,120.077334,128.945178,115.817474,119.152814,,121.126732,133.234307,143.073982,128.506969,132.208685,,132.208685,132.208685
2020-03-17,121.904865,128.968565,117.061292,126.116184,,123.535627,121.904865,128.968565,117.061292,126.116184,,123.535627,135.26732,143.105725,129.89246,139.940297,,139.940297,139.940297
2020-03-18,118.947589,124.748213,112.014834,119.996414,,118.876233,118.947589,124.748213,112.014834,119.996414,,118.876233,131.986138,138.422409,124.29294,133.149968,,133.149968,133.149968
2020-03-19,119.531989,126.040025,114.291522,120.654267,,120.23115,119.531989,126.040025,114.291522,120.654267,,120.23115,132.647612,139.86786,126.831814,133.891957,,133.891957,133.891957
2020-03-20,122.112218,124.645862,113.701309,115.546435,,118.902588,122.112218,124.645862,113.701309,115.546435,,118.902588,135.532172,138.343752,126.195073,128.244716,,128.244716,128.244716
2020-03-23,114.525674,117.52764,108.456046,112.38909,,113.209474,114.525674,117.52764,108.456046,112.38909,,113.209474,127.111975,130.443303,120.375113,124.740251,,124.740251,124.740251
2020-03-24,118.169017,124.201844,115.574696,122.517664,,120.151547,118.169017,124.201844,115.574696,122.517664,,120.151547,131.16799,137.864858,128.289364,135.994582,,135.994582,135.994582
2020-03-25,123.016965,129.572278,119.122766,123.655262,,123.904936,123.016965,129.572278,119.122766,123.655262,,123.904936,136.552074,143.827137,132.227967,137.258673,,137.258673,137.258673
2020-03-26,124.872649,132.640621,123.499546,131.159369,,128.182691,124.872649,132.640621,123.499546,131.159369,,128.182691,138.61401,147.236996,137.090509,145.592642,,145.592642,145.592642
2020-03-27,126.963385,131.05191,124.3679,126.762851,,127.272109,126.963385,131.05191,124.3679,126.762851,,127.272109,140.935472,145.473623,138.055034,140.712679,,140.712679,140.712679
2020-03-30,127.900845,132.235665,125.742477,130.973308,,129.291567,127.900845,132.235665,125.742477,130.973308,,129.291567,141.999583,146.811083,139.602888,145.410149,,145.410149,145.410149
2020-03-31,130.35944,133.130075,127.284188,129.03254,,129.968457,130.35944,133.130075,127.284188,129.03254,,129.968457,144.742926,147.817476,141.327072,143.2683,,143.2683,143.2683
2020-04-01,124.47654,127.176302,121.490563,123.476474,,124.131851,124.47654,127.176302,121.490563,123.476474,,124.131851,138.209154,141.206645,134.893527,137.099224,,137.099224,137.099224
2020-04-02,122.801511,127.84616,121.370515,126.221201,,124.626148,122.801511,127.84616,121.370515,126.221201,,124.626148,136.371262,141.97441,134.783319,140.168523,,140.168523,140.168523
2020-04-03,125.604483,127.469613,122.26428,124.316733,,124.869127,125.604483,127.469613,122.26428,124.316733,,124.869127,139.500571,141.571709,135.79052,138.069496,,138.069496,138.069496
2020-04-06,129.061362,134.014864,127.406896,132.928448,,130.923578,129.061362,134.014864,127.406896,132.928448,,130.923578,143.341658,148.843281,141.503679,147.6365,,147.6365,147.6365
2020-04-07,137.234248,138.857766,131.906725,132.692264,,135.095565,137.234248,138.857766,131.906725,132.692264,,135.095565,152.419745,154.221571,146.50148,147.374599,,147.374599,147.374599
2020-04-08,134.108876,138.149788,132.401159,137.009929,,135.477972,134.108876,138.149788,132.401159,137.009929,,135.477972,148.98407,153.474439,147.088249,152.207376,,152.207376,152.207376
2020-04-09,138.399896,141.628577,135.99737,138.825745,,138.717834,138.399896,141.628577,135.99737,138.825745,,138.717834,153.768497,157.355254,151.100163,154.24184,,154.24184,154.24184
2020-04-13,138.287465,140.016151,134.720868,137.630145,,137.683514,138.287465,140.016151,134.720868,137.630145,,137.683514,153.647696,155.569709,149.685086,152.918395,,152.918395,152.918395
2020-04-14,140.397036,143.495076,138.4305,141.879118,,141.127801,140.397036,143.495076,138.4305,141.879118,,141.127801,156.009889,159.451737,153.824722,157.65682,,157.65682,157.65682
2020-04-15,138.94083,141.017309,136.663534,138.964343,,138.940149,138.94083,141.017309,136.663534,138.964343,,138.940149,154.397638,156.706215,151.867366,154.42468,,154.42468,154.42468
2020-04-16,139.856016,141.831768,137.022805,139.792954,,139.655104,139.856016,141.831768,137.022805,139.792954,,139.655104,155.414819,157.609764,152.265207,155.343799,,155.343799,155.343799
2020-04-17,142.496297,144.695462,139.993183,143.319889,,142.594409,142.496297,144.695462,139.993183,143.319889,,142.594409,158.355004,160.799751,155.572341,159.27044,,159.27044,159.27044
2020-04-20,141.406333,143.837768,139.565328,140.815585,,141.452292,141.406333,143.837768,139.565328,140.815585,,141.452292,157.146625,159.848125,155.099001,156.489662,,156.489662,156.489662
2020-04-21,138.582796,140.15611,135.010892,136.506748,,137.459034,138.582796,140.15611,135.010892,136.506748,,137.459034,154.011227,155.760343,150.041545,151.704167,,151.704167,151.704167
2020-04-22,139.2157,141.46213,137.484793,139.691213,,139.466807,139.2157,141.46213,137.484793,139.691213,,139.466807,154.717892,157.214569,152.793775,155.245854,,155.245854,155.245854
2020-04-23,140.281945,142.581144,138.607123,139.640562,,140.297584,140.281945,142.581144,138.607123,139.640562,,140.297584,155.914151,158.468207,154.052488,155.201333,,155.201333,155.201333
2020-04-24,140.348215,142.332001,138.456412,141.473204,,140.640829,140.348215,142.332001,138.456412,141.473204,,140.640829,155.991984,158.196669,153.887791,157.2417,,157.2417,157.2417
2020-04-27,142.558617,144.940691,140.895759,143.331802,,142.909494,142.558617,144.940691,140.895759,143.331802,,142.909494,158.449756,161.09931,156.601587,159.309636,,159.309636,159.309636
2020-04-28,145.222557,146.462082,141.339794,142.383169,,143.741364,145.222557,146.462082,141.339794,142.383169,,143.741364,161.413365,162.791018,157.097824,158.256978,,158.256978,158.256978
2020-04-29,145.671993,148.328791,143.617591,146.390503,,146.070052,145.671993,148.328791,143.617591,146.390503,,146.070052,161.916642,164.869366,159.634666,162.714878,,162.714878,162.714878
2020-04-30,145.568677,147.430336,143.061933,145.229577,,145.346744,145.568677,147.430336,143.061933,145.229577,,145.346744,161.807184,163.875851,159.020902,161.430104,,161.430104,161.430104
2020-05-01,142.617442,144.416249,139.824962,141.286696,,141.973115,142.617442,144.416249,139.824962,141.286696,,141.973115,158.544995,160.546662,155.440322,157.065249,,157.065249,157.065249
2020-05-04,140.370429,142.667967,138.701752,141.891435,,140.960064,140.370429,142.667967,138.701752,141.891435,,140.960064,156.047657,158.6025,154.192935,157.738691,,157.738691,157.738691
2020-05-05,143.348407,145.781374,141.849602,143.206354,,143.553111,143.348407,145.781374,141.849602,143.206354,,143.553111,159.355868,162.059798,157.690872,159.197388,,159.197388,159.197388
2020-05-06,144.061291,145.339134,141.508268,142.280488,,143.298524,144.061291,145.339134,141.508268,142.280488,,143.298524,160.160291,161.582694,157.322949,158.181674,,158.181674,158.181674
2020-05-07,143.995758,145.865782,142.452851,143.952298,,144.088292,143.995758,145.865782,142.452851,143.952298,,144.088292,160.145575,162.227087,158.430925,160.097596,,160.097596,160.097596
2020-05-08,145.577344,147.222685,144.137791,146.271564,,145.804406,145.577344,147.222685,144.137791,146.271564,,145.804406,161.931236,163.763648,160.33235,162.705414,,162.705414,162.705414
2020-05-11,145.168218,147.759317,144.031785,146.378703,,145.897824,145.168218,147.759317,144.031785,146.378703,,145.897824,161.477441,164.360326,160.212752,162.824241,,162.824241,162.824241
2020-05-12,146.900572,147.849836,143.204326,143.43841,,145.301571,146.900572,147.849836,143.204326,143.43841,,145.301571,163.432011,164.486255,159.31577,159.578375,,159.578375,159.578375
2020-05-13,143.167949,144.570136,139.185461,141.030986,,141.937966,143.167949,144.570136,139.185461,141.030986,,141.937966,159.291513,160.851788,154.859165,156.912733,,156.912733,156.912733
2020-05-14,139.645009,143.154598,137.654208,142.616068,,140.784727,139.645009,143.154598,137.654208,142.616068,,140.784727,155.395303,159.3016,153.179605,158.702656,,158.702656,158.702656
2020-05-15,141.351234,144.408891,140.061782,143.253028,,142.324536,141.351234,144.408891,140.061782,143.253028,,142.324536,157.314058,160.715895,155.878609,159.430721,,159.430721,159.430721
2020-05-18,146.326102,149.124006,144.897795,147.492772,,146.998468,146.326102,149.124006,144.897795,147.492772,,146.998468,162.865884,165.982488,161.27676,164.164919,,164.164919,164.164919
2020-05-19,147.229435,149.092075,145.229556,145.98713,,146.929269,147.229435,149.092075,145.229556,145.98713,,146.929269,163.885354,165.958431,161.659643,162.503052,,162.503052,162.503052
2020-05-20,147.818014,149.835451,146.587496,148.46619,,148.215027,147.818014,149.835451,146.587496,148.46619,,148.215027,164.569609,166.816644,163.199511,165.291468,,165.291468,165.291468
2020-05-21,148.312348,149.640176,146.219496,147.294537,,147.825226,148.312348,149.640176,146.219496,147.294537,,147.825226,165.130075,166.607913,162.799026,163.99554,,163.99554,163.99554
2020-05-22,147.215395,148.555681,145.753705,147.64251,,147.283541,147.215395,148.555681,145.753705,147.64251,,147.283541,163.931738,165.424605,162.306682,164.408889,,164.408889,164.408889
2020-05-26,150.873504,152.291944,148.15211,149.356158,,150.102895,150.873504,152.291944,148.15211,149.356158,,150.102895,168.010113,169.59049,164.979582,166.320912,,166.320912,166.320912
2020-05-27,150.683836,152.355817,147.511181,151.407998,,150.439883,150.683836,152.355817,147.511181,151.407998,,150.439883,167.802141,169.664104,164.267663,168.607232,,168.607232,168.607232
2020-05-28,151.820224,154.192185,149.67353,151.146137,,151.768608,151.820224,154.192185,149.67353,151.146137,,151.768608,169.083057,171.724384,166.692135,168.331824,,168.331824,168.331824
2020-05-29,150.927449,153.050348,149.128969,151.909177,,151.286524,150.927449,153.050348,149.128969,151.909177,,151.286524,168.115274,170.479479,166.110849,169.207956,,169.207956,169.207956
2020-06-01,151.518318,153.616013,150.381536,152.451386,,152.019247,151.518318,153.616013,150.381536,152.451386,,152.019247,168.780403,171.119128,167.516938,169.820761,,169.820761,169.820761
2020-06-02,152.934657,154.427996,151.26954,153.651505,,153.067674,152.934657,154.427996,151.26954,153.651505,,153.067674,170.363417,172.029113,168.510102,171.163458,,171.163458,171.163458
2020-06-03,154.704894,156.745316,153.362866,155.546716,,155.106369,154.704894,156.745316,153.362866,155.546716,,155.106369,172.350066,174.624486,170.855574,173.288522,,173.288522,173.288522
2020-06-04,154.880747,156.99842,152.774803,154.913915,,154.88593,154.880747,156.99842,152.774803,154.913915,,154.88593,172.578985,174.94171,170.232613,172.617982,,172.617982,172.617982
2020-06-05,157.722394,160.941522,155.803901,158.794932,,158.387234,157.722394,160.941522,155.803901,158.794932,,158.387234,175.750008,179.338104,173.613237,176.94582,,176.94582,176.94582
2020-06-08,158.91977,161.475084,157.484693,160.586269,,159.642574,158.91977,161.475084,157.484693,160.586269,,159.642574,177.089427,179.937072,175.48992,178.946218,,178.946218,178.946218
2020-06-09,159.164031,161.42271,157.423232,159.532008,,159.419352,159.164031,161.42271,157.423232,159.532008,,159.419352,177.368899,179.888368,175.43008,177.78005,,177.78005,177.78005
2020-06-10,159.9112,161.732412,157.337754,158.855238,,159.443875,159.9112,161.732412,157.337754,158.855238,,159.443875,178.206327,180.237573,175.33692,177.029812,,177.029812,177.029812
2020-06-11,155.061542,156.760519,149.258902,149.808062,,152.652091,155.061542,156.760519,149.258902,149.808062,,152.652091,172.815986,174.710943,166.348437,166.961954,,166.961954,166.961954
2020-06-12,153.611207,154.688597,148.660645,151.640336,,152.045651,153.611207,154.688597,148.660645,151.640336,,152.045651,171.247619,172.448502,165.728965,169.05061,,169.05061,169.05061
2020-06-15,148.585679,153.791935,147.577164,152.857374,,150.806886,148.585679,153.791935,147.577164,152.857374,,150.806886,165.650555,171.455635,164.525776,170.412926,,170.412926,170.412926
2020-06-16,156.972245,158.183684,153.108267,155.672594,,155.949776,156.972245,158.183684,153.108267,155.672594,,155.949776,175.00467,176.354779,170.696279,173.554807,,173.554807,173.554807
2020-06-17,156.341872,157.338734,154.243636,155.198326,,155.77704,156.341872,157.338734,154.243636,155.198326,,155.77704,174.299643,175.411855,171.961038,173.025219,,173.025219,173.025219
2020-06-18,154.468774,156.383899,153.326172,155.252145,,154.889469,154.468774,156.383899,153.326172,155.252145,,154.889469,172.216603,174.352917,170.943686,173.091618,,173.091618,173.091618
2020-06-19,157.252857,158.115893,153.083296,154.432582,,155.678225,157.252857,158.115893,153.083296,154.432582,,155.678225,175.350983,176.312584,170.699875,172.204898,,172.204898,172.204898
2020-06-22,154.200813,156.372487,152.891975,155.500371,,154.779057,154.200813,156.372487,152.891975,155.500371,,154.779057,171.946119,174.368016,170.486565,173.395484,,173.395484,173.395484
2020-06-23,156.819591,158.450861,155.140629,156.215877,,156.672558,156.819591,158.450861,155.140629,156.215877,,156.672558,174.868353,176.687832,172.995482,174.195571,,174.195571,174.195571
2020-06-24,155.204144,156.188961,151.165299,152.32099,,153.612233,155.204144,156.188961,151.165299,152.32099,,153.612233,173.067602,174.164615,168.563973,169.852848,,169.852848,169.852848
2020-06-25,152.055091,154.411611,150.410964,153.925065,,152.715984,152.055091,154.411611,150.410964,153.925065,,152.715984,169.563851,172.193587,167.731959,171.650099,,171.650099,171.650099
2020-06-26,153.336661,154.118025,148.973295,149.967319,,151.491958,153.336661,154.118025,148.973295,149.967319,,151.491958,170.995166,171.865896,166.127966,167.237304,,167.237304,167.237304
2020-06-29,150.606598,152.847829,148.836163,152.174862,,151.087897,150.606598,152.847829,148.836163,152.174862,,151.087897,167.970378,170.472026,165.996085,169.720114,,169.720114,169.720114
2020-06-30,152.032897,155.258926,151.147116,154.469813,,153.309248,152.032897,155.258926,151.147116,154.469813,,153.309248,169.574845,173.172955,168.584648,172.292242,,172.292242,172.292242
2020-07-01,154.828155,157.356657,153.257918,155.376746,,155.286349,154.828155,157.356657,153.257918,155.376746,,155.286349,172.696461,175.51661,170.945839,173.309247,,173.309247,173.309247
2020-07-02,157.091856,158.737197,155.268609,156.121628,,156.783312,157.091856,158.737197,155.268609,156.121628,,156.783312,175.258505,177.09416,173.224121,174.176357,,174.176357,174.176357
2020-07-06,158.155731,160.123735,156.512324,158.648508,,158.411957,158.155731,160.123735,156.512324,158.648508,,158.411957,176.445236,178.64101,174.611297,176.994366,,176.994366,176.994366
2020-07-07,157.812042,159.838565,156.16959,157.057307,,157.703375,157.812042,159.838565,156.16959,157.057307,,157.703375,176.063106,178.324569,174.229704,175.220727,,175.220727,175.220727
2020-07-08,157.618773,159.397679,156.137623,158.275202,,157.875754,157.618773,159.397679,156.137623,158.275202,,157.875754,175.850312,177.836206,174.197457,176.582807,,176.582807,176.582807
2020-07-09,158.635666,159.864462,155.39833,157.583667,,157.854772,158.635666,159.864462,155.39833,157.583667,,157.854772,177.027816,178.400338,173.41617,175.854598,,175.854598,175.854598
2020-07-10,157.557764,160.013043,156.113917,159.273124,,158.250498,157.557764,160.013043,156.113917,159.273124,,158.250498,175.827425,178.568426,174.21597,177.741678,,177.741678,177.741678
2020-07-13,160.506631,162.794834,156.721087,157.697659,,159.347748,160.506631,162.794834,156.721087,157.697659,,159.347748,179.115841,181.670597,174.892895,175.98234,,175.98234,175.98234
2020-07-14,156.925984,160.386071,155.087563,159.713277,,158.046975,156.925984,160.386071,155.087563,159.713277,,158.046975,175.144315,179.006231,173.092417,178.255317,,178.255317,178.255317
2020-07-15,161.37353,162.953467,158.8625,160.984854,,161.013891,161.37353,162.953467,158.8625,160.984854,,161.013891,180.110933,181.873503,177.309061,179.677601,,179.677601,179.677601
2020-07-16,159.912838,161.792487,158.294623,160.47685,,160.122316,159.912838,161.792487,158.294623,160.47685,,160.122316,178.486745,180.584036,176.67965,179.116243,,179.116243,179.116243
2020-07-17,161.078402,162.39121,159.186601,160.868777,,160.881088,161.078402,162.39121,159.186601,160.868777,,160.881088,179.794285,181.259338,177.683879,179.560371,,179.560371,179.560371
2020-07-20,160.88307,163.816626,159.287921,162.447934,,161.749457,160.88307,163.816626,159.287921,162.447934,,161.749457,179.576832,182.852855,177.79593,181.323947,,181.323947,181.323947
2020-07-21,163.55453,165.21671,161.26477,162.628808,,163.093212,163.55453,165.21671,161.26477,162.628808,,163.093212,182.560733,184.416434,180.004097,181.527519,,181.527519,181.527519
2020-07-22,162.55799,164.542108,161.188301,163.513727,,162.954529,162.55799,164.542108,161.188301,163.513727,,162.954529,181.454284,183.668741,179.925463,182.521089,,182.521089,182.521089
2020-07-23,163.371408,164.856655,160.102431,161.343192,,162.352471,163.371408,164.856655,160.102431,161.343192,,162.352471,182.375562,184.032351,178.726223,180.110641,,180.110641,180.110641
2020-07-24,160.34549,162.292861,158.221403,160.411388,,160.363699,160.34549,162.292861,158.221403,160.411388,,160.363699,179.000088,181.175626,176.629773,179.074021,,179.074021,179.074021
2020-07-27,160.608782,162.713498,159.391511,161.610073,,161.104115,160.608782,162.713498,159.391511,161.610073,,161.104115,179.294152,181.644977,177.934239,180.411667,,180.411667,180.411667
2020-07-28,161.30888,162.811673,159.589446,160.507117,,161.044918,161.30888,162.811673,159.589446,160.507117,,161.044918,180.078341,181.756663,178.158749,179.183847,,179.183847,179.183847
2020-07-29,161.060298,163.452763,160.017606,162.460204,,161.773713,161.060298,163.452763,160.017606,162.460204,,161.773713,179.800437,182.471524,178.636284,181.363529,,181.363529,181.363529
2020-07-30,160.770211,163.147757,159.172511,161.958867,,161.311335,160.770211,163.147757,159.172511,161.958867,,161.311335,179.501968,182.156372,177.7173,180.828642,,180.828642,180.828642
2020-07-31,163.065085,164.413477,159.860582,163.0389,,162.515451,163.065085,164.413477,159.860582,163.0389,,162.515451,182.081912,183.588905,178.502913,182.053161,,182.053161,182.053161
2020-08-03,163.982436,165.925474,162.279678,164.085154,,164.044617,163.982436,165.925474,162.279678,164.085154,,164.044617,183.11147,185.280715,181.20903,183.226152,,183.226152,183.226152
2020-08-04,163.794978,165.844955,162.440706,164.634456,,164.221939,163.794978,165.844955,162.440706,164.634456,,164.221939,182.903501,185.191625,181.389765,183.840108,,183.840108,183.840108
2020-08-05,165.370088,167.159225,163.851953,165.645586,,165.554703,165.370088,167.159225,163.851953,165.645586,,165.554703,184.661211,186.660066,182.967033,184.969698,,184.969698,184.969698
2020-08-06,165.290703,167.91264,164.067438,166.856986,,166.051574,165.290703,167.91264,164.067438,166.856986,,166.051574,184.5917,187.519206,183.225323,186.340738,,186.340738,186.340738
2020-08-07,166.404864,168.715182,164.448544,166.935577,,166.57558,166.404864,168.715182,164.448544,166.935577,,166.57558,185.873925,188.453019,183.687213,186.465966,,186.465966,186.465966
2020-08-10,167.211945,169.111591,165.081822,167.360779,,167.132135,167.211945,169.111591,165.081822,167.360779,,167.132135,186.775089,188.900017,184.398298,186.942698,,186.942698,186.942698
2020-08-11,168.07926,169.806718,165.27504,165.995522,,167.269583,168.07926,169.806718,165.27504,165.995522,,167.269583,187.745582,189.676374,184.613811,185.419001,,185.419001,185.419001
2020-08-12,167.301285,169.863003,165.937298,168.314111,,167.914437,167.301285,169.863003,165.937298,168.314111,,167.914437,186.90388,189.764958,185.379655,188.034374,,188.034374,188.034374
2020-08-13,167.882676,169.776614,166.843868,168.066237,,168.166112,167.882676,169.776614,166.843868,168.066237,,168.166112,187.596764,189.713375,186.435984,187.802208,,187.802208,187.802208
2020-08-14,167.794247,169.236483,166.459152,167.989539,,167.837658,167.794247,169.236483,166.459152,167.989539,,167.837658,187.51043,189.122292,186.017696,187.728479,,187.728479,187.728479
2020-08-17,168.577473,169.984349,167.140033,168.484048,,168.551419,168.577473,169.984349,167.140033,168.484048,,168.551419,188.388158,189.962757,186.782152,188.284721,,188.284721,188.284721
2020-08-18,168.877521,170.551143,167.343738,169.085315,,169.00333,168.877521,170.551143,167.343738,169.085315,,169.00333,188.751001,190.620867,187.035509,188.981598,,188.981598,188.981598
2020-08-19,169.247448,170.695725,167.614025,168.335657,,168.941289,169.247448,170.695725,167.614025,168.335657,,168.941289,189.194562,190.812664,187.365678,188.174256,,188.174256,188.174256
2020-08-20,167.428403,169.969868,166.618552,168.994551,,168.320923,167.428403,169.969868,166.618552,168.994551,,168.320923,187.163391,190.005212,186.258657,188.914754,,188.914754,188.914754
2020-08-21,168.935661,170.843918,167.705507,169.583553,,169.257452,168.935661,170.843918,167.705507,169.583553,,169.257452,188.859943,190.994039,187.484969,189.584406,,189.584406,189.584406
2020-08-24,170.964495,172.898082,168.874384,171.245422,,170.996709,170.964495,172.898082,168.874384,171.245422,,170.996709,191.149144,193.310485,188.811011,191.462536,,191.462536,191.462536
2020-08-25,171.594407,173.150779,169.882832,171.939518,,171.667302,171.594407,173.150779,169.882832,171.939518,,171.667302,191.855058,193.596138,189.941289,192.241022,,192.241022,192.241022
2020-08-26,172.208,174.910684,170.906112,173.849383,,173.057922,172.208,174.910684,170.906112,173.849383,,173.057922,192.541556,195.565288,191.08514,194.376471,,194.376471,194.376471
2020-08-27,174.281241,176.329394,172.024253,174.06391,,174.138569,174.281241,176.329394,172.024253,174.06391,,174.138569,194.871618,197.163044,192.346365,194.628698,,194.628698,194.628698
2020-08-28,174.717996,176.255905,173.113715,175.246752,,174.818049,174.717996,176.255905,173.113715,175.246752,,174.818049,195.377869,197.099221,193.586584,195.970809,,195.970809,195.970809
2020-08-31,175.2129,176.961979,173.420629,174.870578,,175.16443,175.2129,176.961979,173.420629,174.870578,,175.16443,195.954784,197.9119,193.951053,195.57346,,195.57346,195.57346
2020-09-01,175.113256,177.436987,173.539443,176.29412,,175.631297,175.113256,177.436987,173.539443,176.29412,,175.631297,195.84702,198.446245,194.088239,197.168521,,197.168521,197.168521
2020-09-02,177.30421,180.676973,174.894503,179.106404,,178.005435,177.30421,180.676973,174.894503,179.106404,,178.005435,198.317793,202.091357,195.622187,200.333083,,200.333083,200.333083
2020-09-03,178.033991,179.302748,170.9024,172.74761,,175.036898,178.033991,179.302748,170.9024,172.74761,,175.036898,199.168812,200.588985,191.190976,193.255388,,193.255388,193.255388
2020-09-04,172.766793,174.793043,166.437358,171.19416,,171.156641,172.766793,174.793043,166.437358,171.19416,,171.156641,193.275795,195.54233,186.193888,191.516305,,191.516305,191.516305
2020-09-08,167.699222,170.436738,165.16322,166.400218,,167.458657,167.699222,170.436738,165.16322,166.400218,,167.458657,187.613621,190.677291,184.774992,186.159511,,186.159511,186.159511
2020-09-09,168.653516,171.698838,167.100674,169.716834,,169.354975,168.653516,171.698838,167.100674,169.716834,,169.354975,188.691927,192.100233,186.953864,189.881332,,189.881332,189.881332
2020-09-10,170.609064,172.094995,166.037803,166.764911,,168.790611,170.609064,172.094995,166.037803,166.764911,,168.790611,190.887371,192.550104,185.770873,186.585551,,186.585551,186.585551
2020-09-11,167.751634,169.335855,164.725079,166.75904,,167.047314,167.751634,169.335855,164.725079,166.75904,,167.047314,187.697733,189.472498,184.313033,186.588637,,186.588637,186.588637
2020-09-14,168.456029,170.902005,166.968646,168.737951,,168.764076,168.456029,170.902005,166.968646,168.737951,,168.764076,188.540176,191.277412,186.874153,188.855814,,188.855814,188.855814
2020-09-15,170.174322,171.946342,168.212177,169.707421,,170.034528,170.174322,171.946342,168.212177,169.707421,,170.034528,190.464574,192.4471,188.269259,189.942494,,189.942494,189.942494
2020-09-16,170.429993,172.317962,167.699246,168.783144,,169.733469,170.429993,172.317962,167.699246,168.783144,,169.733469,190.758778,192.870599,187.699707,188.913846,,188.913846,188.913846
2020-09-17,166.338265,168.803327,164.607798,167.274262,,166.765155,166.338265,168.803327,164.607798,167.274262,,166.765155,186.181013,188.939873,184.242678,187.227965,,187.227965,187.227965
2020-09-18,167.181244,168.61609,163.641559,165.338213,,166.107228,167.181244,168.61609,163.641559,165.338213,,166.107228,187.125618,188.731961,183.164915,185.064069,,185.064069,185.064069
2020-09-21,162.848273,165.031106,159.771215,163.500669,,162.812532,162.848273,165.031106,159.771215,163.500669,,162.812532,182.283751,184.728251,178.838614,183.014091,,183.014091,183.014091
2020-09-22,164.388742,166.56053,162.294469,165.346268,,164.677292,164.388742,166.56053,162.294469,165.346268,,164.677292,184.009331,186.441157,181.664848,185.08145,,185.08145,185.08145
2020-09-23,165.624674,166.553257,160.913436,161.390469,,163.506751,165.624674,166.553257,160.913436,161.390469,,163.506751,185.405315,186.44423,180.13055,180.664972,,180.664972,180.664972
2020-09-24,160.709555,163.92204,159.266234,161.921856,,161.49916,160.709555,163.92204,159.266234,161.921856,,161.49916,179.911151,183.506427,178.296011,181.268034,,181.268034,181.268034
2020-09-25,161.500174,165.088847,160.407124,164.466697,,162.937679,161.500174,165.088847,160.407124,164.466697,,162.937679,180.801202,184.818686,179.575842,184.121902,,184.121902,184.121902
2020-09-28,166.848688,168.491481,165.246296,167.050987,,166.925444,166.848688,168.491481,165.246296,167.050987,,166.925444,186.788324,188.627995,184.994826,187.015176,,187.015176,187.015176
2020-09-29,167.078275,168.252514,165.219941,166.331512,,166.707712,167.078275,168.252514,165.219941,166.331512,,166.707712,187.068162,188.383424,184.986223,186.232049,,186.232049,186.232049
2020-09-30,166.66339,169.703656,165.605629,167.628084,,167.463297,166.66339,169.703656,165.605629,167.628084,,167.463297,186.61157,190.015665,185.425194,187.691552,,187.691552,187.691552
2020-10-01,169.063369,170.39582,166.929673,168.614099,,168.740967,169.063369,170.39582,166.929673,168.614099,,168.740967,189.318577,190.810916,186.928513,188.815492,,188.815492,188.815492
2020-10-02,165.850525,169.306964,164.652438,166.859594,,166.679251,165.850525,169.306964,164.652438,166.859594,,166.679251,185.718809,189.589332,184.376735,186.849164,,186.849164,186.849164
2020-10-05,168.056894,170.418244,167.158471,169.810628,,168.92639,168.056894,170.418244,167.158471,169.810628,,168.92639,188.208905,190.853775,187.20298,190.172841,,190.172841,190.172841
2020-10-06,169.845563,171.40494,166.663217,167.386361,,168.775178,169.845563,171.40494,166.663217,167.386361,,168.775178,190.217736,191.96497,186.65352,187.463501,,187.463501,187.463501
2020-10-07,168.844828,171.126449,167.850952,170.164924,,169.57178,168.844828,171.126449,167.850952,170.164924,,169.57178,189.103275,191.65993,187.989934,190.581937,,190.581937,190.581937
2020-10-08,171.126424,172.738089,169.669776,171.536309,,171.228896,171.126424,172.738089,169.669776,171.536309,,171.228896,191.713368,193.51883,190.081699,192.172354,,192.172354,192.172354
2020-10-09,172.450629,174.306437,171.111204,173.14127,,172.795972,172.450629,174.306437,171.111204,173.14127,,172.795972,193.200914,195.279246,191.699516,193.973599,,193.973599,193.973599
2020-10-12,174.658257,177.759032,173.367895,176.154706,,175.563584,174.658257,177.759032,173.367895,176.154706,,175.563584,195.674938,199.148225,194.228035,197.350829,,197.350829,197.350829
2020-10-13,176.237274,177.589477,173.655149,175.122027,,175.644115,176.237274,177.589477,173.655149,175.122027,,175.644115,197.443933,198.957733,194.548621,196.194166,,196.194166,196.194166
2020-10-14,175.33473,176.793228,172.776279,173.938147,,174.626485,175.33473,176.793228,172.776279,173.938147,,174.626485,196.449778,198.082989,193.582393,194.884232,,194.884232,194.884232
2020-10-15,171.747234,174.572238,170.704952,173.609361,,172.707166,171.747234,174.572238,170.704952,173.609361,,172.707166,192.432089,195.59925,191.264011,194.519409,,194.519409,194.519409
2020-10-16,174.247957,176.058981,172.355744,173.636715,,174.022631,174.247957,176.058981,172.355744,173.636715,,174.022631,195.238852,197.270405,193.11893,194.554647,,194.554647,194.554647
2020-10-19,174.261914,175.435873,170.095611,170.755099,,172.559435,174.261914,175.435873,170.095611,170.755099,,172.559435,195.25435,196.570345,190.585434,191.324941,,191.324941,191.324941
2020-10-20,171.552303,173.873973,170.212486,171.623999,,171.825708,171.552303,173.873973,170.212486,171.623999,,171.825708,192.220712,194.821413,190.719427,192.301128,,192.301128,192.301128
2020-10-21,171.585376,173.865308,170.2638,171.448513,,171.775748,171.585376,173.865308,170.2638,171.448513,,171.775748,192.263942,194.817969,190.780722,192.109425,,192.109425,192.109425
2020-10-22,171.612146,173.820988,169.597253,172.294418,,171.792756,171.612146,173.820988,169.597253,172.294418,,171.792756,192.309112,194.784665,190.049982,193.07277,,193.07277,193.07277
2020-10-23,173.015445,174.231379,171.051202,172.97827,,172.799952,173.015445,174.231379,171.051202,172.97827,,172.799952,193.883654,195.248041,191.682809,193.842189,,193.842189,193.842189
2020-10-26,171.295328,172.730503,167.669512,169.748695,,170.31061,171.295328,172.730503,167.669512,169.748695,,170.31061,191.958079,193.566545,187.894641,190.22408,,190.22408,190.22408
2020-10-27,169.952715,171.557806,167.931466,169.379489,,169.717109,169.952715,171.557806,167.931466,169.379489,,169.717109,190.455637,192.254261,188.189481,189.813187,,189.813187,189.813187
2020-10-28,166.318617,167.669911,162.632273,163.301994,,164.890531,166.318617,167.669911,162.632273,163.301994,,164.890531,186.380728,187.89555,182.249213,183.001017,,183.001017,183.001017
2020-10-29,163.731322,167.542949,162.091521,165.377345,,164.726691,163.731322,167.542949,162.091521,165.377345,,164.726691,183.497204,187.768316,181.658868,185.341777,,185.341777,185.341777
2020-10-30,164.833373,166.51458,161.124106,163.603251,,163.887323,164.833373,166.51458,161.124106,163.603251,,163.887323,184.750587,186.634947,180.593357,183.371777,,183.371777,183.371777
2020-11-02,165.453269,167.734885,162.983427,165.469958,,165.341356,165.453269,167.734885,162.983427,165.469958,,165.341356,185.447952,188.005463,182.677972,185.46632,,185.46632,185.46632
2020-11-03,167.143402,170.268696,165.811625,168.343499,,167.956449,167.143402,170.268696,165.811625,168.343499,,167.956449,187.343351,190.845894,185.850398,188.687964,,188.687964,188.687964
2020-11-04,171.073666,175.281546,169.148216,172.403795,,172.081575,171.073666,175.281546,169.148216,172.403795,,172.081575,191.749221,196.464376,189.590327,193.239782,,193.239782,193.239782
2020-11-05,175.247183,177.873227,173.412676,175.651369,,175.558239,175.247183,177.873227,173.412676,175.651369,,175.558239,196.461833,199.404614,194.405007,196.914439,,196.914439,196.914439
2020-11-06,175.667393,177.353143,173.096292,175.647162,,175.424883,175.667393,177.353143,173.096292,175.647162,,175.424883,196.955995,198.847957,194.0738,196.9336,,196.9336,196.9336
2020-11-09,181.526687,185.211884,175.688676,177.424308,,179.900332,181.526687,185.211884,175.688676,177.424308,,179.900332,203.541249,207.674552,196.995048,198.941587,,198.941587,198.941587
2020-11-10,176.828869,179.683147,173.897281,177.066835,,176.817658,176.828869,179.683147,173.897281,177.066835,,176.817658,198.300791,201.503238,195.014199,198.568499,,198.568499,198.568499
2020-11-11,178.248209,180.444623,175.996412,178.451378,,178.322665,178.248209,180.444623,175.996412,178.451378,,178.322665,199.892232,202.357566,197.367825,200.121028,,200.121028,200.121028
2020-11-12,177.962628,179.458089,175.369255,176.794605,,177.348646,177.962628,179.458089,175.369255,176.794605,,177.348646,199.611984,201.288073,196.703945,198.302241,,198.302241,198.302241
2020-11-13,177.93466,180.100608,176.445202,179.151458,,178.427146,177.93466,180.100608,176.445202,179.151458,,178.427146,199.598471,202.027232,197.926023,200.962183,,200.962183,200.962183
2020-11-16,180.387728,182.585304,178.408173,181.097867,,180.644328,180.387728,182.585304,178.408173,181.097867,,180.644328,202.350562,204.816989,200.131164,203.147861,,203.147861,203.147861
2020-11-17,180.126499,181.926212,178.335959,180.196588,,180.150393,180.126499,181.926212,178.335959,180.196588,,180.150393,202.085485,204.102286,200.075091,202.163269,,202.163269,202.163269
2020-11-18,180.320714,181.916204,177.756582,178.147489,,179.499336,180.320714,181.916204,177.756582,178.147489,,179.499336,202.335183,204.127174,199.457533,199.897574,,199.897574,199.897574
2020-11-19,177.674885,179.83557,176.099848,178.882524,,178.157434,177.674885,179.83557,176.099848,178.882524,,178.157434,199.379468,201.804492,197.611774,200.734349,,200.734349,200.734349
2020-11-20,178.738219,179.948785,176.835694,177.605757,,178.294315,178.738219,179.948785,176.835694,177.605757,,178.294315,200.572267,201.932454,198.438193,199.302609,,199.302609,199.302609
2020-11-23,178.519088,180.402339,176.289568,178.458979,,178.393008,178.519088,180.402339,176.289568,178.458979,,178.393008,200.346104,202.461599,197.845226,200.280136,,200.280136,200.280136
2020-11-24,179.68122,182.590528,178.238029,181.313001,,180.471064,179.68122,182.590528,178.238029,181.313001,,180.471064,201.654822,204.920647,200.035328,203.486698,,203.486698,203.486698
2020-11-25,181.349494,182.631489,179.34147,181.103924,,181.139254,181.349494,182.631489,179.34147,181.103924,,181.139254,203.53501,204.974733,201.281012,203.259583,,203.259583,203.259583
2020-11-27,181.669577,183.056387,180.248549,181.616464,,181.641658,181.669577,183.056387,180.248549,181.616464,,181.641658,203.913285,205.470608,202.316693,203.852997,,203.852997,203.852997
2020-11-30,181.209425,182.808598,178.426848,180.727658,,180.759013,181.209425,182.808598,178.426848,180.727658,,180.759013,203.424834,205.2214,200.300832,202.88458,,202.88458,202.88458
2020-12-01,182.463846,185.081661,180.791268,182.821709,,182.81834,182.463846,185.081661,180.791268,182.821709,,182.81834,204.868176,207.807456,202.988795,205.269715,,205.269715,205.269715
2020-12-02,182.328636,184.662495,180.56968,183.217276,,182.695423,182.328636,184.662495,180.56968,183.217276,,182.695423,204.733111,207.355072,202.759427,205.731667,,205.731667,205.731667
2020-12-03,183.163807,185.063291,181.62756,183.034097,,183.244502,183.163807,185.063291,181.62756,183.034097,,183.244502,205.711085,207.84475,203.985607,205.565266,,205.565266,205.565266
2020-12-04,183.368451,185.522007,182.265088,184.480188,,183.932621,183.368451,185.522007,182.265088,184.480188,,183.932621,205.948891,208.368599,204.70825,207.197923,,207.197923,207.197923
2020-12-07,184.082918,185.728425,182.457576,184.140477,,184.112528,184.082918,185.728425,182.457576,184.140477,,184.112528,206.753595,208.602782,204.928506,206.818161,,206.818161,206.818161
2020-12-08,183.547191,185.722571,182.27285,184.586048,,184.033243,183.547191,185.722571,182.27285,184.586048,,184.033243,206.15883,208.601485,204.726857,207.325061,,207.325061,207.325061
2020-12-09,184.974641,186.300665,181.475218,182.98811,,183.851482,184.974641,186.300665,181.475218,182.98811,,183.851482,207.770189,209.259317,203.84014,205.538363,,205.538363,205.538363
2020-12-10,182.143398,184.340434,180.539495,182.703498,,182.502784,182.143398,184.340434,180.539495,182.703498,,182.502784,204.60901,207.077273,202.807419,205.237735,,205.237735,205.237735
2020-12-11,181.832887,183.59865,180.230794,182.523821,,182.049954,181.832887,183.59865,180.230794,182.523821,,182.049954,204.262724,206.245529,202.462074,205.038392,,205.038392,205.038392
2020-12-14,183.571426,185.419046,180.911511,181.716506,,182.942122,183.571426,185.419046,180.911511,181.716506,,182.942122,206.249295,208.324204,203.260185,204.164789,,204.164789,204.164789
2020-12-15,183.038781,184.924619,181.230316,183.946963,,183.273111,183.038781,184.924619,181.230316,183.946963,,183.273111,205.652229,207.772029,203.61895,206.672553,,206.672553,206.672553
2020-12-16,184.144312,185.839293,182.504588,184.27121,,184.233504,184.144312,185.839293,182.504588,184.27121,,184.233504,206.895537,208.799978,205.050982,207.037282,,207.037282,207.037282
2020-12-17,185.210905,186.626173,183.606203,185.222936,,185.177159,185.210905,186.626173,183.606203,185.222936,,185.177159,208.103343,209.694829,206.30059,208.117027,,208.117027,208.117027
2020-12-18,185.390731,186.56753,182.577157,184.546252,,184.739175,185.390731,186.56753,182.577157,184.546252,,184.739175,208.318276,209.641019,205.155381,207.369485,,207.369485,207.369485
2020-12-21,182.437148,184.989906,180.212975,183.871104,,182.872696,182.437148,184.989906,180.212975,183.871104,,182.872696,205.006025,207.87415,202.506818,206.616618,,206.616618,206.616618
2020-12-22,183.9635,185.305934,181.814061,183.436757,,183.613705,183.9635,185.305934,181.814061,183.436757,,183.613705,206.73475,208.24294,204.318413,206.143203,,206.143203,206.143203
2020-12-23,183.96719,185.765338,182.546606,183.574159,,183.959882,183.96719,185.765338,182.546606,183.574159,,183.959882,206.740986,208.760839,205.144059,206.299567,,206.299567,206.299567
2020-12-24,183.848835,185.261609,182.805925,184.238324,,184.038174,183.848835,185.261609,182.805925,184.238324,,184.038174,206.630197,208.218053,205.456645,207.067593,,207.067593,207.067593
2020-12-28,185.644199,187.840231,183.967729,186.014518,,185.854708,185.644199,187.840231,183.967729,186.014518,,185.854708,208.647005,211.11519,206.762041,209.063032,,209.063032,209.063032
2020-12-29,187.015233,188.090137,184.541462,185.58127,,186.281964,187.015233,188.090137,184.541462,185.58127,,186.281964,210.188319,211.396448,207.40746,208.576277,,208.576277,208.576277
2020-12-30,186.1657,187.639095,184.560318,185.704448,,186.0077,186.1657,187.639095,184.560318,185.704448,,186.0077,209.255309,210.912148,207.450899,208.736862,,208.736862,208.736862
2020-12-31,185.717606,187.728424,184.383357,186.882142,,186.198419,185.717606,187.728424,184.383357,186.882142,,186.198419,208.766335,211.026115,207.267363,210.075042,,210.075042,210.075042
2021-01-04,187.505844,188.546793,181.804235,184.148738,,185.363791,187.505844,188.546793,181.804235,184.148738,,185.363791,210.788971,211.958472,204.377616,207.013747,,207.013747,207.013747
2021-01-05,183.821487,186.722112,182.68628,185.385556,,184.724256,183.821487,186.722112,182.68628,185.385556,,184.724256,206.670436,209.932372,205.392844,208.428209,,208.428209,208.428209
2021-01-06,184.318595,188.903437,183.009405,186.212342,,185.675229,184.318595,188.903437,183.009405,186.212342,,185.675229,207.232951,212.387703,205.760774,209.361951,,209.361951,209.361951
2021-01-07,187.440195,190.697452,186.212728,189.067892,,188.460802,187.440195,190.697452,186.212728,189.067892,,188.460802,210.783734,214.447536,209.401742,212.613695,,212.613695,212.613695
2021-01-08,189.857215,191.625227,187.508419,190.229575,,189.831361,189.857215,191.625227,187.508419,190.229575,,189.831361,213.526011,215.514534,210.884068,213.945227,,213.945227,213.945227
2021-01-11,188.617605,190.94887,186.681819,188.770517,,188.735054,188.617605,190.94887,186.681819,188.770517,,188.735054,212.132199,214.75419,209.954581,212.304227,,212.304227,212.304227
2021-01-12,188.849268,190.918316,186.329412,188.700416,,188.695311,188.849268,190.918316,186.329412,188.700416,,188.695311,212.394666,214.721454,209.55933,212.226649,,212.226649,212.226649
2021-01-13,188.696954,190.941275,187.116707,189.18823,,189.021094,188.696954,190.941275,187.116707,189.18823,,189.021094,212.223697,214.747825,210.445976,212.775578,,212.775578,212.775578
2021-01-14,189.584487,191.502972,187.06985,188.340953,,189.096008,189.584487,191.502972,187.06985,188.340953,,189.096008,213.2457,215.404352,210.416032,211.847591,,211.847591,211.847591
2021-01-15,187.64975,189.53269,185.244089,187.058744,,187.32638,187.64975,189.53269,185.244089,187.058744,,187.32638,211.072305,213.190021,208.366142,210.407726,,210.407726,210.407726
2021-01-19,188.452432,190.674123,186.409505,188.714537,,188.571069,188.452432,190.674123,186.409505,188.714537,,188.571069,211.983018,214.483492,209.685179,212.278538,,212.278538,212.278538
2021-01-20,190.062602,193.261213,188.441351,191.675418,,190.905087,190.062602,193.261213,188.441351,191.675418,,190.905087,213.794674,217.394771,211.972145,215.610099,,215.610099,215.610099
2021-01-21,191.96475,194.382318,189.926826,191.789771,,192.00379,191.96475,194.382318,189.926826,191.789771,,192.00379,215.948477,218.668358,213.655292,215.752307,,215.752307,215.752307
2021-01-22,191.034986,193.175856,189.357268,191.285536,,191.208457,191.034986,193.175856,189.357268,191.285536,,191.208457,214.906353,217.314912,213.01902,215.187489,,215.187489,215.187489
2021-01-25,191.903571,194.046715,188.154212,192.007386,,191.495814,191.903571,194.046715,188.154212,192.007386,,191.495814,215.88343,218.294613,211.664478,215.999607,,215.999607,215.999607
2021-01-26,192.549213,194.40681,190.03614,191.859664,,192.19666,192.549213,194.40681,190.03614,191.859664,,192.19666,216.611381,218.700994,213.783996,215.835644,,215.835644,215.835644
2021-01-27,190.088397,192.056621,184.828461,186.779045,,188.332813,190.088397,192.056621,184.828461,186.779045,,188.332813,213.842023,216.057534,207.926653,210.119822,,210.119822,210.119822
2021-01-28,187.907699,192.447458,186.035869,188.554204,,188.82943,187.907699,192.447458,186.035869,188.554204,,188.82943,211.408099,216.515906,209.302479,212.135692,,212.135692,212.135692
2021-01-29,187.456525,189.315016,183.261134,184.954526,,186.163035,187.456525,189.315016,183.261134,184.954526,,186.163035,210.927807,213.017993,206.206287,208.111535,,208.111535,208.111535
2021-02-01,186.711617,189.837706,184.584434,188.078463,,187.384227,186.711617,189.837706,184.584434,188.078463,,187.384227,210.088543,213.605303,207.695476,211.626247,,211.626247,211.626247
2021-02-02,189.787565,192.975411,188.376251,190.704656,,190.555047,189.787565,192.975411,188.376251,190.704656,,190.555047,213.549852,217.138162,211.963556,214.582786,,214.582786,214.582786
2021-02-03,191.906979,194.00739,189.343314,191.37235,,191.576264,191.906979,194.00739,189.343314,191.37235,,191.576264,215.935688,218.298311,213.049823,215.333723,,215.333723,215.333723
2021-02-04,191.973714,194.560018,190.16401,193.328033,,192.539788,191.973714,194.560018,190.16401,193.328033,,192.539788,216.031322,218.942031,213.994455,217.555308,,217.555308,217.555308
2021-02-05,194.285552,196.036657,192.350492,194.204816,,194.23244,194.285552,196.036657,192.350492,194.204816,,194.23244,218.6555,220.626661,216.478902,218.564839,,218.564839,218.564839
2021-02-08,195.083214,196.982984,193.04925,195.485337,,195.133447,195.083214,196.982984,193.04925,195.485337,,195.133447,219.555547,221.696354,217.267736,220.010234,,220.010234,220.010234
2021-02-09,195.043198,196.988488,193.470671,195.223797,,195.203156,195.043198,196.988488,193.470671,195.223797,,195.203156,219.548574,221.73803,217.778058,219.752212,,219.752212,219.752212
2021-02-10,196.194525,197.365088,193.242299,195.151034,,195.407844,196.194525,197.365088,193.242299,195.151034,,195.407844,220.848477,222.168132,217.524867,219.674468,,219.674468,219.674468
2021-02-11,195.736161,197.285797,193.36408,195.453707,,195.455046,195.736161,197.285797,193.36408,195.453707,,195.455046,220.376033,222.120868,217.704555,220.056876,,220.056876,220.056876
2021-02-12,194.917228,197.348775,193.673166,196.33808,,195.621066,194.917228,197.348775,193.673166,196.33808,,195.621066,219.462253,222.200147,218.060333,221.060626,,221.060626,221.060626
2021-02-16,196.959628,198.882456,194.672769,196.25502,,196.675093,196.959628,198.882456,194.672769,196.25502,,196.675093,221.785282,223.951937,219.210843,220.992141,,220.992141,220.992141
2021-02-17,195.065279,197.513053,193.384707,196.249972,,195.572934,195.065279,197.513053,193.384707,196.249972,,195.572934,219.684025,222.440875,217.791079,221.017939,,221.017939,221.017939
2021-02-18,194.712391,196.847466,192.9651,195.37393,,194.986749,194.712391,196.847466,192.9651,195.37393,,194.986749,219.295298,221.699885,217.32787,220.040946,,220.040946,220.040946
2021-02-19,196.008263,197.578671,193.453084,194.851473,,195.409329,196.008263,197.578671,193.453084,194.851473,,195.409329,220.768969,222.539048,217.890623,219.465865,,219.465865,219.465865
2021-02-22,193.326563,196.211745,190.974423,193.226124,,193.401853,193.326563,196.211745,190.974423,193.226124,,193.401853,217.763982,221.015913,215.115395,217.652143,,217.652143,217.652143
2021-02-23,192.070481,195.285811,188.34249,193.485701,,192.326194,192.070481,195.285811,188.34249,193.485701,,192.326194,216.352084,219.975763,212.15381,217.946741,,217.946741,217.946741
2021-02-24,192.774507,196.841972,191.059139,195.579348,,194.150397,192.774507,196.841972,191.059139,195.579348,,194.150397,217.147633,221.727833,215.21363,220.306748,,220.306748,220.306748
2021-02-25,194.779114,196.695418,189.679801,190.791461,,192.837129,194.779114,196.695418,189.679801,190.791461,,192.837129,219.434909,221.594894,213.689227,214.94303,,214.94303,214.94303
2021-02-26,191.743659,193.768556,188.123077,189.942728,,190.851604,191.743659,193.768556,188.123077,189.942728,,190.851604,216.035066,218.318248,211.955807,214.006408,,214.006408,214.006408
2021-03-01,192.580869,195.907337,191.269299,194.443799,,193.619761,192.580869,195.907337,191.269299,194.443799,,193.619761,216.98491,220.733031,215.505657,219.082984,,219.082984,219.082984
2021-03-02,194.586057,196.186306,191.952198,192.926788,,193.823814,194.586057,196.186306,191.952198,192.926788,,193.823814,219.245862,221.05142,216.27733,217.376607,,217.376607,217.376607
2021-03-03,192.520106,194.744971,189.100184,190.277186,,191.547541,192.520106,194.744971,189.100184,190.277186,,191.547541,216.928202,219.434686,213.076065,214.401306,,214.401306,214.401306
2021-03-04,190.182994,193.130782,185.34643,187.956183,,189.031735,190.182994,193.130782,185.34643,187.956183,,189.031735,214.33019,217.651482,208.879862,211.820695,,211.820695,211.820695
2021-03-05,189.945654,192.989027,185.305729,191.681301,,189.844181,189.945654,192.989027,185.305729,191.681301,,189.844181,214.069737,217.502318,208.843041,216.027346,,216.027346,216.027346
2021-03-08,192.207162,195.511951,188.472459,190.294708,,191.578019,192.207162,195.511951,188.472459,190.294708,,191.578019,216.622586,220.347569,212.412018,214.466762,,214.466762,214.466762
2021-03-09,192.609855,196.034236,190.747287,193.103109,,193.220163,192.609855,196.034236,190.747287,193.103109,,193.220163,217.09482,220.954707,214.995413,217.651163,,217.651163,217.651163
2021-03-10,194.653132,197.049341,191.844595,194.237992,,194.389351,194.653132,197.049341,191.844595,194.237992,,194.389351,219.406571,222.107567,216.241365,218.939708,,218.939708,218.939708
2021-03-11,195.673985,198.422348,194.170572,196.376709,,196.199058,195.673985,198.422348,194.170572,196.376709,,196.199058,220.573734,223.672629,218.878265,221.365648,,221.365648,221.365648
2021-03-12,195.465437,197.469775,193.760948,196.31579,,195.791842,195.465437,197.469775,193.760948,196.31579,,195.791842,220.385547,222.647202,218.464543,221.34485,,221.34485,221.34485
2021-03-15,196.409157,198.532344,194.226163,197.464019,,196.65412,196.409157,198.532344,194.226163,197.464019,,196.65412,221.459319,223.854429,218.99756,222.649287,,222.649287,222.649287
2021-03-16,197.858101,199.82001,195.617923,197.345627,,197.603368,197.858101,199.82001,195.617923,197.345627,,197.603368,223.101762,225.313029,220.573409,222.52263,,222.52263,222.52263
2021-03-17,196.542691,199.511323,194.540396,197.877133,,197.196137,196.542691,199.511323,194.540396,197.877133,,197.196137,221.618618,224.964472,219.36004,223.122972,,223.122972,223.122972
2021-03-18,196.463544,198.775764,193.673907,194.841589,,195.876397,196.463544,198.775764,193.673907,194.841589,,195.876397,221.543232,224.148873,218.397064,219.713441,,219.713441,219.713441
2021-03-19,194.606895,196.921239,192.206483,194.749982,,194.659058,194.606895,196.921239,192.206483,194.749982,,194.659058,219.46988,222.080015,216.763149,219.631431,,219.631431,219.631431
2021-03-22,194.771205,197.875631,193.273059,196.081952,,195.553737,194.771205,197.875631,193.273059,196.081952,,195.553737,219.656655,223.158264,217.967654,221.135201,,221.135201,221.135201
2021-03-23,195.950148,198.071816,193.548529,194.800823,,195.566075,195.950148,198.071816,193.548529,194.800823,,195.566075,220.987781,223.379676,218.279273,219.69099,,219.69099,219.69099
2021-03-24,195.513357,197.583143,192.867267,193.717031,,194.829176,195.513357,197.583143,192.867267,193.717031,,194.829176,220.50513,222.841494,217.520444,218.479718,,218.479718,218.479718
2021-03-25,193.076465,196.09895,190.837111,194.644035,,193.68359,193.076465,196.09895,190.837111,194.644035,,193.68359,217.7637,221.171515,215.237352,219.531766,,219.531766,219.531766
2021-03-26,195.187092,198.48735,193.102323,197.616733,,196.079051,195.187092,198.48735,193.102323,197.616733,,196.079051,220.145918,223.867988,217.794703,222.88637,,222.88637,222.88637
2021-03-29,196.944568,199.358201,194.896672,197.627691,,197.206734,196.944568,199.358201,194.896672,197.627691,,197.206734,222.128,224.851392,219.819507,222.899592,,222.899592,222.899592
2021-03-30,197.019495,198.805491,195.152609,197.013045,,197.024891,197.019495,198.805491,195.152609,197.013045,,197.024891,222.236141,224.251458,220.130196,222.229294,,222.229294,222.229294
2021-03-31,197.504022,200.061199,196.173935,197.785195,,197.971038,197.504022,200.061199,196.173935,197.785195,,197.971038,222.80208,225.687427,221.302726,223.119134,,223.119134,223.119134
2021-04-01,199.161347,201.459197,197.603354,200.256436,,199.636124,199.161347,201.459197,197.603354,200.256436,,199.636124,224.671561,227.264962,222.914123,225.906472,,225.906472,225.906472
2021-04-05,201.733943,204.870136,200.387018,203.470741,,202.645248,201.733943,204.870136,200.387018,203.470741,,202.645248,227.60067,231.139201,226.079566,229.559786,,229.559786,229.559786
2021-04-06,203.183838,205.048055,201.778117,203.262323,,203.340097,203.183838,205.048055,201.778117,203.262323,,203.340097,229.243963,231.346786,227.656396,229.33273,,229.33273,229.33273
2021-04-07,203.322672,205.19749,201.795274,203.683066,,203.504986,203.322672,205.19749,201.795274,203.683066,,203.504986,229.407557,231.524675,227.684804,229.815335,,229.815335,229.815335
2021-04-08,204.421227,205.890454,202.806203,204.588038,,204.435027,204.421227,205.890454,202.806203,204.588038,,204.435027,230.697386,232.354206,228.87346,230.88484,,230.88484,230.88484
2021-04-09,204.56429,206.806934,203.292766,206.14888,,205.248463,204.56429,206.806934,203.292766,206.14888,,205.248463,230.859479,233.391998,229.423731,232.648552,,232.648552,232.648552
2021-04-12,205.713511,207.429761,204.171708,206.036161,,205.867962,205.713511,207.429761,204.171708,206.036161,,205.867962,232.161357,234.099096,230.420178,232.525022,,232.525022,232.525022
2021-04-13,206.059439,208.093914,204.578568,206.766201,,206.435123,206.059439,208.093914,204.578568,206.766201,,206.435123,232.548169,234.846269,230.87868,233.348212,,233.348212,233.348212
2021-04-14,206.743169,208.591031,204.514226,205.8317,,206.34655,206.743169,208.591031,204.514226,205.8317,,206.34655,233.348016,235.434406,230.83331,232.320062,,232.320062,232.320062
2021-04-15,207.169359,209.399447,205.775737,208.194573,,207.66438,207.169359,209.399447,205.775737,208.194573,,207.66438,233.833929,236.351169,232.259164,234.990711,,234.990711,234.990711
2021-04-16,209.04222,210.342853,207.158158,208.912375,,208.862294,209.04222,210.342853,207.158158,208.912375,,208.862294,235.946168,237.414691,233.818917,235.799233,,235.799233,235.799233
2021-04-19,208.427804,209.946484,206.242284,207.858148,,208.057109,208.427804,209.946484,206.242284,207.858148,,208.057109,235.252326,236.966371,232.788182,234.610809,,234.610809,234.610809
2021-04-20,207.375024,209.124321,204.509032,206.518397,,206.821553,207.375024,209.124321,204.509032,206.518397,,206.821553,234.072624,236.047264,230.837698,233.106448,,233.106448,233.106448
2021-04-21,206.190189,209.092853,204.739467,208.310449,,207.20448,206.190189,209.092853,204.739467,208.310449,,207.20448,232.733371,236.011635,231.095378,235.12758,,235.12758,235.12758
2021-04-22,208.115799,209.586487,205.238476,206.340582,,207.269888,208.115799,209.586487,205.238476,206.340582,,207.269888,234.926413,236.586507,231.6774,232.922581,,232.922581,232.922581
2021-04-23,206.660761,209.749379,205.738907,208.643907,,207.786576,206.660761,209.749379,205.738907,208.643907,,207.786576,233.292321,236.779603,232.252412,235.530901,,235.530901,235.530901
2021-04-26,209.100247,210.82002,207.472524,209.035882,,209.158644,209.100247,210.82002,207.472524,209.035882,,209.158644,236.045887,237.985583,234.207395,235.972002,,235.972002,235.972002
2021-04-27,209.257944,210.572456,207.435342,208.905849,,209.002388,209.257944,210.572456,207.435342,208.905849,,209.002388,236.224812,237.709296,234.16763,235.828023,,235.828023,235.828023
2021-04-28,209.528873,211.403298,207.664498,209.023228,,209.416531,209.528873,211.403298,207.664498,209.023228,,209.416531,236.533532,238.648102,234.42713,235.961842,,235.961842,235.961842
2021-04-29,210.82673,212.579624,207.936866,210.619443,,210.404461,210.82673,212.579624,207.936866,210.619443,,210.404461,238.007536,239.987942,234.745045,237.773443,,237.773443,237.773443
2021-04-30,209.34766,211.390411,207.461749,209.130052,,209.342415,209.34766,211.390411,207.461749,209.130052,,209.342415,236.353669,238.661488,234.224778,236.109031,,236.109031,236.109031
2021-05-03,210.230518,212.072441,207.961688,209.557152,,209.846038,210.230518,212.072441,207.961688,209.557152,,209.846038,237.351731,239.43144,234.790003,236.591851,,236.591851,236.591851
2021-05-04,208.536845,210.144752,205.086083,208.048098,,207.834612,208.536845,210.144752,205.086083,208.048098,,207.834612,235.440101,237.254214,231.544139,234.887937,,234.887937,234.887937
2021-05-05,209.074633,210.66012,206.548335,208.177901,,208.550152,209.074633,210.66012,206.548335,208.177901,,208.550152,236.048358,237.838175,233.194252,235.035642,,235.035642,235.035642
2021-05-06,208.268644,210.62556,206.284489,209.925416,,208.746777,208.268644,210.62556,206.284489,209.925416,,208.746777,235.177824,237.839154,232.9372,237.048633,,237.048633,237.048633
2021-05-07,210.37002,212.954725,208.997853,211.411527,,210.979391,210.37002,212.954725,208.997853,211.411527,,210.979391,237.588438,240.507333,236.03877,238.764437,,238.764437,238.764437
2021-05-10,211.377856,213.077675,208.313432,209.008254,,210.322901,211.377856,213.077675,208.313432,209.008254,,210.322901,238.729864,240.648305,235.266406,236.052504,,236.052504,236.052504
2021-05-11,206.466505,209.31605,203.987264,207.214457,,206.864811,206.466505,209.31605,203.987264,207.214457,,206.864811,233.187089,236.406227,230.38744,234.032358,,234.032358,234.032358
2021-05-12,205.501076,207.21274,201.953144,202.726312,,204.281969,205.501076,207.21274,201.953144,202.726312,,204.281969,232.122268,234.056665,228.115942,228.98973,,228.98973,228.98973
2021-05-13,203.71081,207.129427,202.266007,205.153707,,204.537743,203.71081,207.129427,202.266007,205.153707,,204.537743,230.138302,234.001319,228.506217,231.76845,,231.76845,231.76845
2021-05-14,206.686877,209.370679,205.674665,208.270866,,207.575241,206.686877,209.370679,205.674665,208.270866,,207.575241,233.516061,236.551224,232.372855,235.306692,,235.306692,235.306692
2021-05-17,207.736343,209.349653,205.687145,207.788096,,207.621317,207.736343,209.349653,205.687145,207.788096,,207.621317,234.70391,236.526184,232.38884,234.761924,,234.761924,234.761924
2021-05-18,208.121277,209.46955,205.400662,206.066995,,207.275417,208.121277,209.46955,205.400662,206.066995,,207.275417,235.164672,236.688611,232.088803,232.842934,,232.842934,232.842934
2021-05-19,203.465857,206.198683,201.830249,205.550997,,204.333047,203.465857,206.198683,201.830249,205.550997,,204.333047,229.933569,233.021887,228.084183,232.289392,,232.289392,232.289392
2021-05-20,206.088667,208.983743,205.11965,207.794898,,207.079351,206.088667,208.983743,205.11965,207.794898,,207.079351,232.916817,236.188493,231.820804,234.844786,,234.844786,234.844786
2021-05-21,208.691588,210.139464,206.721576,207.54781,,208.219155,208.691588,210.139464,206.721576,207.54781,,208.219155,235.867238,237.504636,233.641241,234.574747,,234.574747,234.574747
2021-05-24,208.753298,211.085301,207.669583,209.794767,,209.39519,208.753298,211.085301,207.669583,209.794767,,209.39519,235.959646,238.595572,234.73355,237.135772,,237.135772,237.135772
2021-05-25,210.477563,211.664713,208.310968,209.412254,,209.943344,210.477563,211.664713,208.310968,209.412254,,209.943344,237.909523,239.250727,235.459042,236.704625,,236.704625,236.704625
2021-05-26,209.765751,211.290163,208.346938,209.856286,,209.818216,209.765751,211.290163,208.346938,209.856286,,209.818216,237.108197,238.832291,235.504402,237.209978,,237.209978,237.209978
2021-05-27,210.444389,211.884792,208.524651,209.947704,,210.196986,210.444389,211.884792,208.524651,209.947704,,210.196986,237.894837,239.523271,235.723945,237.333182,,237.333182,237.333182
2021-05-28,210.699541,211.888267,209.175541,210.086518,,210.455523,210.699541,211.888267,209.175541,210.086518,,210.455523,238.212866,239.555594,236.488269,237.519464,,237.519464,237.519464
2021-06-01,211.462699,212.516412,208.790556,210.035198,,210.641318,211.462699,212.516412,208.790556,210.035198,,210.641318,239.081072,240.273301,236.060919,237.467886,,237.467886,237.467886
2021-06-02,210.456886,211.914636,208.5906,210.271742,,210.2944,210.456886,211.914636,208.5906,210.271742,,210.2944,237.965435,239.614758,235.855659,237.757364,,237.757364,237.757364
2021-06-03,209.072924,210.955289,207.459885,209.447632,,209.225533,209.072924,210.955289,207.459885,209.447632,,209.225533,236.436786,238.568274,234.613347,236.862207,,236.862207,236.862207
2021-06-04,210.448502,212.457447,209.2715,211.420232,,210.947281,210.448502,212.457447,209.2715,211.420232,,210.947281,237.995473,240.267797,236.664256,239.094581,,239.094581,239.094581
2021-06-07,211.471674,213.105636,209.55049,211.339569,,211.396492,211.471674,213.105636,209.55049,211.339569,,211.396492,239.158774,241.00694,236.985615,239.009166,,239.009166,239.009166
2021-06-08,211.848328,213.287049,209.661935,211.38351,,211.532729,211.848328,213.287049,209.661935,211.38351,,211.532729,239.588068,241.21648,237.115559,239.062936,,239.062936,239.062936
2021-06-09,211.805382,213.020034,210.138766,211.042801,,211.502619,211.805382,213.020034,210.138766,211.042801,,211.502619,239.548361,240.922239,237.662771,238.686301,,238.686301,238.686301
2021-06-10,211.752394,213.982369,209.970418,212.093089,,212.023998,211.752394,213.982369,209.970418,212.093089,,212.023998,239.49829,242.02025,237.482161,239.883696,,239.883696,239.883696
2021-06-11,212.447702,213.54634,210.882703,212.447911,,212.328687,212.447702,213.54634,210.882703,212.447911,,212.328687,240.289303,241.532026,238.519457,240.289666,,240.289666,240.289666
2021-06-14,212.417692,214.002646,210.427871,212.909116,,212.460028,212.417692,214.002646,210.427871,212.909116,,212.460028,240.30901,242.101071,238.056669,240.863837,,240.863837,240.863837
2021-06-15,213.018815,214.10523,211.135521,212.422161,,212.61844,213.018815,214.10523,211.135521,212.422161,,212.61844,240.994549,242.224235,238.863466,240.31934,,240.31934,240.31934
2021-06-16,212.601641,213.8914,209.395161,211.28315,,211.795157,212.601641,213.8914,209.395161,211.28315,,211.795157,240.525498,241.984573,236.896558,239.034126,,239.034126,239.034126
2021-06-17,211.070585,214.004644,208.577149,211.381575,,211.3689,211.070585,214.004644,208.577149,211.381575,,211.3689,238.797568,242.118084,235.977907,239.150244,,239.150244,239.150244
2021-06-18,209.703196,211.363006,207.586456,208.690244,,209.347575,209.703196,211.363006,207.586456,208.690244,,209.347575,237.264087,239.143304,234.871114,236.118748,,236.118748,236.118748
2021-06-21,209.506913,212.347761,208.164763,211.496908,,210.399667,209.506913,212.347761,208.164763,211.496908,,210.399667,237.051587,240.267053,235.532293,239.302337,,239.302337,239.302337
2021-06-22,211.557962,213.553019,210.304622,212.605976,,212.05745,211.557962,213.553019,210.304622,212.605976,,212.05745,239.370758,241.62956,237.953356,240.557147,,240.557147,240.557147
2021-06-23,212.710052,214.116712,211.317013,212.366022,,212.641996,212.710052,214.116712,211.317013,212.366022,,212.641996,240.676469,242.268543,239.098725,240.287231,,240.287231,240.287231
2021-06-24,213.535633,215.125938,212.03424,213.560438,,213.566136,213.535633,215.125938,212.03424,213.560438,,213.566136,241.631914,243.433303,239.932675,241.660626,,241.660626,241.660626
2021-06-25,214.006127,215.709081,212.524892,214.219369,,214.07393,214.006127,215.709081,212.524892,214.219369,,214.07393,242.169183,244.097112,240.493298,242.410766,,242.410766,242.410766
2021-06-28,214.569777,216.300948,212.537291,214.716025,,214.55496,214.569777,216.300948,212.537291,214.716025,,214.55496,242.806499,244.766691,240.507651,242.972216,,242.972216,242.972216
2021-06-29,214.936836,216.552979,213.20429,214.719385,,214.868067,214.936836,216.552979,213.20429,214.719385,,214.868067,243.242382,245.071257,241.280691,242.996126,,242.996126,242.996126
2021-06-30,214.544814,216.157507,213.398494,214.942902,,214.776333,214.544814,216.157507,213.398494,214.942902,,214.776333,242.806733,244.63283,241.510066,243.257186,,243.257186,243.257186
2021-07-01,215.201272,217.079595,214.005046,216.029676,,215.586128,215.201272,217.079595,214.005046,216.029676,,215.586128,243.565499,245.692109,242.212676,244.502786,,244.502786,244.502786
2021-07-02,216.635741,218.701326,215.479249,217.813198,,217.185379,216.635741,218.701326,215.479249,217.813198,,217.185379,245.215913,247.55445,243.906551,246.548298,,246.548298,246.548298
2021-07-06,217.907687,219.529414,214.985631,217.572983,,217.521284,217.907687,219.529414,214.985631,217.572983,,217.521284,246.66546,248.500149,243.356639,246.2857,,246.2857,246.2857
2021-07-07,218.060916,219.947789,216.129498,218.303678,,218.074168,218.060916,219.947789,216.129498,218.303678,,218.074168,246.842066,248.976767,244.655476,247.116262,,247.116262,247.116262
2021-07-08,215.298207,217.989814,213.727305,216.47051,,215.953775,215.298207,217.989814,213.727305,216.47051,,215.953775,243.758334,246.804974,241.978767,245.084857,,245.084857,245.084857
2021-07-09,217.346249,219.60862,216.299537,218.775334,,218.044793,217.346249,219.60862,216.299537,218.775334,,218.044793,246.079618,248.641673,244.893626,247.69658,,247.69658,247.69658
2021-07-12,218.797348,220.906081,217.278073,219.589533,,219.142919,218.797348,220.906081,217.278073,219.589533,,219.142919,247.721512,250.110483,245.999898,248.617628,,248.617628,248.617628
2021-07-13,219.269024,221.354517,217.592674,218.920872,,219.275813,219.269024,221.354517,217.592674,218.920872,,219.275813,248.25567,250.617021,246.358876,247.861735,,247.861735,247.861735
2021-07-14,219.849829,221.613947,217.674859,219.25629,,219.551766,219.849829,221.613947,217.674859,219.25629,,219.551766,248.943777,250.940581,246.479817,248.271406,,248.271406,248.271406
2021-07-15,218.777652,220.570999,216.509185,218.513479,,218.525206,218.777652,220.570999,216.509185,218.513479,,218.525206,247.737907,249.768509,245.167715,247.43803,,247.43803,247.43803
2021-07-16,219.175256,220.322921,216.043761,217.001589,,218.066205,219.175256,220.322921,216.043761,217.001589,,218.066205,248.186862,249.486208,244.641738,245.725942,,245.725942,245.725942
2021-07-19,214.415944,216.044256,211.127385,213.585183,,213.780334,214.415944,216.044256,211.127385,213.585183,,213.780334,242.800858,244.645453,239.078147,241.86079,,241.86079,241.86079
2021-07-20,214.241299,218.457085,212.855039,216.748349,,215.657734,214.241299,218.457085,212.855039,216.748349,,215.657734,242.610835,247.384535,241.040833,245.448975,,245.448975,245.448975
2021-07-21,217.392028,219.718915,215.957577,218.474083,,217.909074,217.392028,219.718915,215.957577,218.474083,,217.909074,246.180417,248.815272,244.555332,247.405122,,247.405122,247.405122
2021-07-22,218.615496,220.314733,216.962948,218.970829,,218.746623,218.615496,220.314733,216.962948,218.970829,,218.746623,247.580828,249.505247,245.709819,247.984018,,247.984018,247.984018
2021-07-23,220.135751,222.619688,218.629688,221.38703,,220.723912,220.135751,222.619688,218.629688,221.38703,,220.723912,249.312779,252.126987,247.607837,250.730103,,250.730103,250.730103
2021-07-26,221.179521,223.189772,219.710262,222.037156,,221.542446,221.179521,223.189772,219.710262,222.037156,,221.542446,250.498502,252.775509,248.833254,251.469352,,251.469352,251.469352
2021-07-27,221.522908,223.159913,217.952929,220.814312,,220.745492,221.522908,223.159913,217.952929,220.814312,,220.745492,250.888091,252.740651,246.843456,250.085295,,250.085295,250.085295
2021-07-28,221.456841,223.311524,218.808113,220.863488,,221.116759,221.456841,223.311524,218.808113,220.863488,,221.116759,250.813677,252.915098,247.815912,250.143229,,250.143229,250.143229
2021-07-29,221.365176,223.532813,219.944364,221.681233,,221.688773,221.365176,223.532813,219.944364,221.681233,,221.688773,250.735605,253.191071,249.126664,251.093634,,251.093634,251.093634
2021-07-30,220.158971,222.373292,218.648525,220.364843,,220.426463,220.158971,222.373292,218.648525,220.364843,,220.426463,249.389304,251.896757,247.675934,249.620451,,249.620451,249.620451
2021-08-02,221.355831,223.11397,218.880079,220.038111,,220.836247,221.355831,223.11397,218.880079,220.038111,,220.836247,250.744893,252.737375,247.940534,249.252054,,249.252054,249.252054
2021-08-03,220.50006,222.838568,217.961199,221.685904,,220.745988,220.50006,222.838568,217.961199,221.685904,,220.745988,249.773293,252.423306,246.897951,251.117603,,251.117603,251.117603
2021-08-04,221.073862,222.927266,219.202059,220.681639,,220.971397,221.073862,222.927266,219.202059,220.681639,,220.971397,250.42624,252.526463,248.306053,249.982168,,249.982168,249.982168
2021-08-05,221.29398,223.233429,219.66464,222.019027,,221.580153,221.29398,223.233429,219.66464,222.019027,,221.580153,250.691965,252.889853,248.845144,251.513225,,251.513225,251.513225
2021-08-06,222.142818,223.807087,220.729163,222.33063,,222.240469,222.142818,223.807087,220.729163,222.33063,,222.240469,251.687097,253.571347,250.083384,251.897771,,251.897771,251.897771
2021-08-09,222.354322,223.760782,220.639391,222.156395,,222.207325,222.354322,223.760782,220.639391,222.156395,,222.207325,251.943963,253.537103,249.99911,251.718589,,251.718589,251.718589
2021-08-10,222.406718,224.31827,220.440136,222.396339,,222.341147,222.406718,224.31827,220.440136,222.396339,,222.341147,252.000952,254.16673,249.772671,251.989265,,251.989265,251.989265
2021-08-11,223.00637,224.585601,221.144191,222.968043,,222.900809,223.00637,224.585601,221.144191,222.968043,,222.900809,252.690888,254.478601,250.57867,252.645907,,252.645907,252.645907
2021-08-12,222.808759,224.624318,221.23899,223.629782,,223.098163,222.808759,224.624318,221.23899,223.629782,,223.098163,252.530687,254.588329,250.750824,253.461153,,253.461153,253.461153
2021-08-13,223.849732,225.206799,222.48122,223.992823,,223.865154,223.849732,225.206799,222.48122,223.992823,,223.865154,253.717253,255.256732,252.167801,253.880651,,253.880651,253.880651
2021-08-16,223.339148,225.413434,220.958937,224.637052,,223.556836,223.339148,225.413434,220.958937,224.637052,,223.556836,253.147744,255.499952,250.449255,254.618444,,254.618444,254.618444
2021-08-17,223.30325,224.837377,220.843563,222.970597,,222.94682,223.30325,224.837377,220.843563,222.970597,,222.94682,253.121167,254.861378,250.333365,252.744086,,252.744086,252.744086
2021-08-18,222.450264,224.429245,220.022233,220.645819,,221.895028,222.450264,224.429245,220.022233,220.645819,,221.895028,252.196888,254.440452,249.444055,250.151305,,250.151305,250.151305
2021-08-19,219.088529,222.797906,217.853245,220.958798,,220.243543,219.088529,222.797906,217.853245,220.958798,,220.243543,248.402044,252.607369,247.000343,250.522078,,250.522078,250.522078
2021-08-20,221.283193,223.81554,220.032424,222.764171,,222.010771,221.283193,223.81554,220.032424,222.764171,,222.010771,250.898313,253.768727,249.47965,252.577397,,252.577397,252.577397
2021-08-23,223.617976,226.240852,222.478156,224.723863,,224.340354,223.617976,226.240852,222.478156,224.723863,,224.340354,253.568019,256.541667,252.274546,254.821617,,254.821617,254.821617
2021-08-24,225.13005,226.823755,223.703672,225.155967,,225.228652,225.13005,226.823755,223.703672,225.155967,,225.228652,255.282423,257.203957,253.665034,255.311845,,255.311845,255.311845
2021-08-25,225.426064,227.218921,223.842261,225.642021,,225.536179,225.426064,227.218921,223.842261,225.642021,,225.536179,255.620627,257.653462,253.825486,255.866006,,255.866006,255.866006
2021-08-26,225.486829,226.669372,223.531073,224.352504,,225.000526,225.486829,226.669372,223.531073,224.352504,,225.000526,255.700234,257.039683,253.481253,254.413072,,254.413072,254.413072
2021-08-27,224.817854,227.439773,223.899295,226.4412,,225.715319,224.817854,227.439773,223.899295,226.4412,,225.715319,254.949434,257.923803,253.907534,256.789715,,256.789715,256.789715
2021-08-30,226.834146,229.292999,225.429017,227.501872,,227.329855,226.834146,229.292999,225.429017,227.501872,,227.329855,257.25037,260.037967,255.655754,258.007691,,258.007691,258.007691
2021-08-31,227.602752,228.891721,225.538032,227.218585,,227.311096,227.602752,228.891721,225.538032,227.218585,,227.311096,258.153436,259.614578,255.809852,257.717103,,257.717103,257.717103
2021-09-01,227.668768,229.448681,225.750597,227.317407,,227.556939,227.668768,229.448681,225.750597,227.317407,,227.556939,258.240642,260.260015,256.065084,257.843335,,257.843335,257.843335
2021-09-02,228.002979,229.554429,226.089186,227.673047,,227.811484,228.002979,229.554429,226.089186,227.673047,,227.811484,258.661672,260.422291,256.491113,258.287806,,258.287806,258.287806
2021-09-03,227.272951,228.922435,225.869479,227.611473,,227.448007,227.272951,228.922435,225.869479,227.611473,,227.448007,257.8388,259.710235,256.245893,258.222104,,258.222104,258.222104
2021-09-07,227.451173,229.057233,225.265698,226.955754,,227.189755,227.451173,229.057233,225.265698,226.955754,,227.189755,258.048968,259.871807,255.568455,257.486699,,257.486699,257.486699
2021-09-08,226.757879,228.437306,224.568671,226.654618,,226.587343,226.757879,228.437306,224.568671,226.654618,,226.587343,257.268689,259.171024,254.784833,257.149747,,257.149747,257.149747
2021-09-09,226.572721,228.376079,224.657284,225.581699,,226.275723,226.572721,228.376079,224.657284,225.581699,,226.275723,257.079228,259.12354,254.904289,255.954488,,255.954488,255.954488
2021-09-10,226.730277,227.824505,223.143063,223.725926,,225.280866,226.730277,227.824505,223.143063,223.725926,,225.280866,257.269267,258.512161,253.198689,253.860698,,253.860698,253.860698
2021-09-13,225.284238,226.779376,222.145197,224.332237,,224.521889,225.284238,226.779376,222.145197,224.332237,,224.521889,255.63006,257.326297,252.068752,254.549646,,254.549646,254.549646
2021-09-14,225.097805,226.131809,221.916427,223.075359,,224.010426,225.097805,226.131809,221.916427,223.075359,,224.010426,255.472245,256.646266,251.863143,253.177454,,253.177454,253.177454
2021-09-15,223.353268,225.978459,221.62815,224.919526,,224.009836,223.353268,225.978459,221.62815,224.919526,,224.009836,253.498358,256.478686,251.539482,255.276629,,255.276629,255.276629
2021-09-16,224.729951,226.076874,222.492685,224.53793,,224.476312,224.729951,226.076874,222.492685,224.53793,,224.476312,255.068108,256.596021,252.528944,254.849901,,254.849901,254.849901
2021-09-17,223.848557,225.342309,221.158113,222.407426,,223.148487,223.848557,225.342309,221.158113,222.407426,,223.148487,254.069702,255.765207,251.015294,252.433905,,252.433905,252.433905
2021-09-20,218.959891,220.879131,215.659745,218.65285,,218.474066,218.959891,220.879131,215.659745,218.65285,,218.474066,248.521825,250.701763,244.776866,248.173696,,248.173696,248.173696
2021-09-21,219.915772,221.256731,217.437515,218.540468,,219.238691,219.915772,221.256731,217.437515,218.540468,,219.238691,249.617593,251.137919,246.804261,248.05611,,248.05611,248.05611
2021-09-22,219.618802,222.192897,218.19923,220.549783,,220.211514,219.618802,222.192897,218.19923,220.549783,,220.211514,249.2819,252.20279,247.669939,250.337918,,250.337918,250.337918
2021-09-23,221.623131,224.56221,220.685006,223.120405,,222.594184,221.623131,224.56221,220.685006,223.120405,,222.594184,251.564064,254.900786,250.500605,253.263838,,253.263838,253.263838
2021-09-24,222.242686,224.69936,221.290684,223.522198,,222.974642,222.242686,224.69936,221.290684,223.522198,,222.974642,252.268979,255.059257,251.189169,253.72275,,253.72275,253.72275
2021-09-27,222.814076,225.084948,220.745007,222.841429,,222.855338,222.814076,225.084948,220.745007,222.841429,,222.855338,252.924027,255.501259,250.576013,252.954902,,252.954902,252.954902
2021-09-28,221.082882,222.416555,217.025525,218.146072,,219.539549,221.082882,222.416555,217.025525,218.146072,,219.539549,250.971133,252.483652,246.364627,247.636518,,247.636518,247.636518
2021-09-29,218.927923,220.947214,216.904881,218.347231,,218.770794,218.927923,220.947214,216.904881,218.347231,,218.770794,248.548554,250.840528,246.2496,247.88858,,247.88858,247.88858
2021-09-30,219.151659,220.435009,215.40125,215.842594,,217.659233,219.151659,220.435009,215.40125,215.842594,,217.659233,248.818125,250.274507,244.5596,245.06151,,245.06151,245.06151
2021-10-01,216.675246,219.787779,214.196724,218.371907,,217.252494,216.675246,219.787779,214.196724,218.371907,,217.252494,246.009349,249.542255,243.193437,247.935304,,247.935304,247.935304
2021-10-04,217.778649,219.435428,213.415,215.424059,,216.353091,217.778649,219.435428,213.415,215.424059,,216.353091,247.273398,249.154832,242.319836,244.601256,,244.601256,244.601256
2021-10-05,216.207406,219.856497,215.122233,217.779413,,217.333256,216.207406,219.856497,215.122233,217.779413,,217.333256,245.518819,249.659519,244.285109,247.30218,,247.30218,247.30218
2021-10-06,215.960858,219.4149,214.338417,218.746761,,217.18991,215.960858,219.4149,214.338417,218.746761,,217.18991,245.237544,249.160065,243.394037,248.400986,,248.400986,248.400986
2021-10-07,220.448891,222.978056,219.312427,220.592037,,220.905595,220.448891,222.978056,219.312427,220.592037,,220.905595,250.388614,253.259926,249.096216,250.550112,,250.550112,250.550112
2021-10-08,221.079311,222.40803,219.04207,220.275548,,220.632717,221.079311,222.40803,219.04207,220.275548,,220.632717,251.107372,252.617563,248.793661,250.195079,,250.195079,250.195079
2021-10-11,220.033131,222.21216,218.069454,218.755893,,219.784872,220.033131,222.21216,218.069454,218.755893,,219.784872,249.920861,252.39558,247.689563,248.470425,,248.470425,248.470425
2021-10-12,219.360181,220.649234,216.727338,218.093917,,218.70061,219.360181,220.649234,216.727338,218.093917,,218.70061,249.158356,250.623247,246.166398,247.719057,,247.719057,247.719057
2021-10-13,218.71568,220.256974,216.384604,218.800491,,218.547048,218.71568,220.256974,216.384604,218.800491,,218.547048,248.428573,250.180352,245.781972,248.525294,,248.525294,248.525294
2021-10-14,220.855297,223.568276,219.592076,222.550697,,221.682705,220.855297,223.568276,219.592076,222.550697,,221.682705,250.884346,253.967426,249.449791,252.810173,,252.810173,252.810173
2021-10-15,223.712157,225.615818,222.046025,224.180105,,223.932746,223.712157,225.615818,222.046025,224.180105,,223.932746,254.130699,256.294051,252.237158,254.66247,,254.66247,254.66247
2021-10-18,223.400171,226.264746,222.084641,225.04806,,224.292049,223.400171,226.264746,222.084641,225.04806,,224.292049,253.77592,257.029769,252.28245,255.648671,,255.648671,255.648671
2021-10-19,225.922203,227.775485,224.529223,226.676962,,226.237771,225.922203,227.775485,224.529223,226.676962,,226.237771,256.643711,258.74954,255.062724,257.501593,,257.501593,257.501593
2021-10-20,227.034721,229.08959,225.10478,227.314727,,227.093829,227.034721,229.08959,225.10478,227.314727,,227.093829,257.910113,260.246803,255.717865,258.228638,,258.228638,258.228638
2021-10-21,227.047936,229.209878,225.122147,227.997024,,227.392464,227.047936,229.209878,225.122147,227.997024,,227.392464,257.941794,260.398882,255.754427,259.020217,,259.020217,259.020217
2021-10-22,227.463787,229.669344,225.434601,227.428093,,227.470231,227.463787,229.669344,225.434601,227.428093,,227.470231,258.4213,260.927126,256.114472,258.379833,,258.379833,258.379833
2021-10-25,227.999338,230.125688,225.859001,228.511607,,228.202133,227.999338,230.125688,225.859001,228.511607,,228.202133,259.027384,261.44376,256.596254,259.609494,,259.609494,259.609494
2021-10-26,229.585549,231.954733,227.186142,228.976049,,229.437114,229.585549,231.954733,227.186142,228.976049,,229.437114,260.829233,263.522634,258.10456,260.137302,,260.137302,260.137302
2021-10-27,229.162033,232.483205,226.321998,228.385004,,229.049671,229.162033,232.483205,226.321998,228.385004,,229.049671,260.35453,264.129526,257.126915,259.472375,,259.472375,259.472375
2021-10-28,229.272268,232.214409,227.367972,230.467271,,229.872157,229.272268,232.214409,227.367972,230.467271,,229.872157,260.489553,263.834103,258.327368,261.848502,,261.848502,261.848502
2021-10-29,229.0547,232.664168,227.570425,231.058626,,230.174861,229.0547,232.664168,227.570425,231.058626,,230.174861,260.269037,264.373957,258.583482,262.547099,,262.547099,262.547099
2021-11-01,231.624761,233.718998,228.459593,231.119361,,231.227266,231.624761,233.718998,228.459593,231.119361,,231.227266,263.192743,265.572964,259.596641,262.619204,,262.619204,262.619204
2021-11-02,231.33315,234.15265,229.372274,232.04651,,231.736945,231.33315,234.15265,229.372274,232.04651,,231.736945,262.860908,266.064916,260.633151,263.671574,,263.671574,263.671574
2021-11-03,231.960493,234.771679,229.712132,233.590586,,232.570287,231.960493,234.771679,229.712132,233.590586,,232.570287,263.576689,266.771094,261.020308,265.428412,,265.428412,265.428412
2021-11-04,233.993464,237.171672,231.315313,234.688853,,234.331865,233.993464,237.171672,231.315313,234.688853,,234.331865,265.916084,269.530422,262.873981,266.707179,,266.707179,266.707179
2021-11-05,235.901355,238.52501,233.294957,235.560221,,235.793661,235.901355,238.52501,233.294957,235.560221,,235.793661,268.112134,271.093671,265.149431,267.723344,,267.723344,267.723344
2021-11-08,236.152114,238.309015,233.663739,235.688474,,235.992785,236.152114,238.309015,233.663739,235.688474,,235.992785,268.3967,270.849718,265.568632,267.869891,,267.869891,267.869891
2021-11-09,235.915729,237.62788,232.516961,234.790984,,235.045519,235.915729,237.62788,232.516961,234.790984,,235.045519,268.147514,270.093851,264.283353,266.868175,,266.868175,266.868175
2021-11-10,233.718085,236.23074,230.803667,232.79371,,233.376592,233.718085,236.23074,230.803667,232.79371,,233.376592,265.701151,268.559685,262.389219,264.652307,,264.652307,264.652307
2021-11-11,233.676543,235.298696,231.36691,232.866017,,233.223003,233.676543,235.298696,231.36691,232.866017,,233.223003,265.655254,267.501079,263.029076,264.733405,,264.733405,264.733405
2021-11-12,233.49835,235.976666,231.663186,234.65974,,233.980377,233.49835,235.976666,231.663186,234.65974,,233.980377,265.472571,268.290572,263.386092,266.793602,,266.793602,266.793602
2021-11-15,235.220611,236.966208,232.835733,234.630662,,234.88845,235.220611,236.966208,232.835733,234.630662,,234.88845,267.440293,269.424703,264.72827,266.768878,,266.768878,266.768878
2021-11-16,234.546109,237.428783,233.053299,235.429699,,235.212844,234.546109,237.428783,233.053299,235.429699,,235.212844,266.68735,269.9643,264.989437,267.691559,,267.691559,267.691559
2021-11-17,235.294669,237.54543,232.814187,234.870419,,235.131133,235.294669,237.54543,232.814187,234.870419,,235.131133,267.586484,270.147733,264.765216,267.103872,,267.103872,267.103872
2021-11-18,235.574263,237.985625,232.842044,235.79222,,235.536755,235.574263,237.985625,232.842044,235.79222,,235.536755,267.923596,270.665377,264.815022,268.171252,,268.171252,268.171252
2021-11-19,236.071589,238.378064,233.310415,235.454209,,235.804572,236.071589,238.378064,233.310415,235.454209,,235.804572,268.495834,271.118173,265.356062,267.794144,,267.794144,267.794144
2021-11-22,236.389384,239.857881,232.918762,234.54513,,235.855555,236.389384,239.857881,232.918762,234.54513,,235.855555,268.880641,272.824363,264.931998,266.782113,,266.782113,266.782113
2021-11-23,234.418096,236.882297,231.383702,234.863258,,234.278528,234.418096,236.882297,231.383702,234.863258,,234.278528,266.640885,269.44327,263.18951,267.146906,,267.146906,267.146906
2021-11-24,233.804124,236.623603,231.975992,235.407329,,234.536171,233.804124,236.623603,231.975992,235.407329,,234.536171,265.954864,269.161736,263.87325,267.77712,,267.77712,267.77712
2021-11-26,231.972138,234.279283,228.216763,230.075329,,231.074506,231.972138,234.279283,228.216763,230.075329,,231.074506,263.875592,266.499605,259.6035,261.717853,,261.717853,261.717853
2021-11-29,232.69036,235.743271,230.155345,233.170267,,232.979798,232.69036,235.743271,230.155345,233.170267,,232.979798,264.706148,268.179137,261.821525,265.252361,,265.252361,265.252361
2021-11-30,231.763277,234.03847,226.90519,228.757134,,230.204797,231.763277,234.03847,226.90519,228.757134,,230.204797,263.682694,266.27291,258.156352,260.263574,,260.263574,260.263574
2021-12-01,231.530898,234.444294,225.527764,226.069519,,229.261842,231.530898,234.444294,225.527764,226.069519,,229.261842,263.442945,266.756834,256.610709,257.227951,,257.227951,257.227951
2021-12-02,226.004796,231.303737,224.409754,229.187739,,227.806621,226.004796,231.303737,224.409754,229.187739,,227.806621,257.189476,263.219346,255.374001,260.812337,,260.812337,260.812337
2021-12-03,230.239301,231.810954,224.152447,227.273885,,228.074676,230.239301,231.810954,224.152447,227.273885,,228.074676,262.021603,263.809799,255.09432,258.646745,,258.646745,258.646745
2021-12-06,228.679067,232.258351,225.752992,229.907577,,229.194388,228.679067,232.258351,225.752992,229.907577,,229.194388,260.254228,264.326262,256.92301,261.652054,,261.652054,261.652054
2021-12-07,232.890037,236.430385,231.409916,234.680612,,233.929216,232.890037,236.430385,231.409916,234.680612,,233.929216,265.049168,269.07947,263.36476,267.087081,,267.087081,267.087081
2021-12-08,235.0208,237.165983,232.456738,235.406895,,235.048359,235.0208,237.165983,232.456738,235.406895,,235.048359,267.481787,269.924108,264.562744,267.921683,,267.921683,267.921683
2021-12-09,234.652239,236.92634,232.285904,233.789514,,234.306614,234.652239,236.92634,232.285904,233.789514,,234.306614,267.096224,269.686386,264.40218,266.114983,,266.114983,266.114983
2021-12-10,235.335507,237.834689,232.672585,235.999523,,235.40029,235.335507,237.834689,232.672585,235.999523,,235.40029,267.876596,270.722546,264.846165,268.632956,,268.632956,268.632956
2021-12-13,235.690368,237.772985,231.964404,233.842356,,234.745466,235.690368,237.772985,231.964404,233.842356,,234.745466,268.286561,270.658858,264.043443,266.182821,,266.182821,266.182821
2021-12-14,232.028602,234.912596,229.002307,232.139932,,232.032607,232.028602,234.912596,229.002307,232.139932,,232.032607,264.158715,267.44326,260.713981,264.285838,,264.285838,264.285838
2021-12-15,232.294399,236.717202,229.282534,235.927169,,233.582658,232.294399,236.717202,229.282534,235.927169,,233.582658,264.464457,269.50217,261.035821,268.601067,,268.601067,268.601067
2021-12-16,236.946714,239.378808,231.675198,233.786846,,235.281861,236.946714,239.378808,231.675198,233.786846,,235.281861,269.771136,272.538713,263.768398,266.17201,,266.17201,266.17201
2021-12-17,232.082834,235.041396,228.794493,231.306225,,231.877696,232.082834,235.041396,228.794493,231.306225,,231.877696,264.246745,267.615823,260.502914,263.362405,,263.362405,263.362405
2021-12-20,228.500304,230.678261,225.634771,228.753027,,228.352759,228.500304,230.678261,225.634771,228.753027,,228.352759,260.169566,262.649767,256.907699,260.457502,,260.457502,260.457502
2021-12-21,230.537245,233.90548,228.087042,232.708864,,231.389261,230.537245,233.90548,228.087042,232.708864,,231.389261,262.508189,266.34466,259.717303,264.980613,,264.980613,264.980613
2021-12-22,232.616763,236.07377,231.228575,235.16308,,233.872133,232.616763,236.07377,231.228575,235.16308,,233.872133,264.900516,268.837646,263.31924,267.799393,,267.799393,267.799393
2021-12-23,235.66859,238.318427,234.677198,236.59098,,236.387968,235.66859,238.318427,234.677198,236.59098,,236.387968,268.378266,271.396698,267.248898,269.429228,,269.429228,269.429228
2021-12-27,237.207749,240.477252,236.23109,239.706537,,238.459707,237.207749,240.477252,236.23109,239.706537,,238.459707,270.140383,273.865629,269.028557,272.986872,,272.986872,272.986872
2021-12-28,239.984852,241.773514,237.941088,239.386015,,239.732717,239.984852,241.773514,237.941088,239.386015,,239.732717,273.303826,275.341829,270.977864,272.622235,,272.622235,272.622235
2021-12-29,239.55106,241.35435,237.866717,239.660287,,239.566075,239.55106,241.35435,237.866717,239.660287,,239.566075,272.809812,274.863639,270.893155,272.934966,,272.934966,272.934966
2021-12-30,239.780599,241.579907,238.188452,238.944475,,239.665957,239.780599,241.579907,238.188452,238.944475,,239.665957,273.097805,275.146589,271.283561,272.144983,,272.144983,272.144983
2021-12-31,238.735394,240.480182,237.260548,238.220075,,238.639182,238.735394,240.480182,237.260548,238.220075,,238.639182,271.916589,273.904438,270.237513,271.330175,,271.330175,271.330175
2022-01-03,238.939561,242.085872,235.984076,239.840782,,239.239055,238.939561,242.085872,235.984076,239.840782,,239.239055,272.149811,275.734517,268.78326,273.1775,,273.1775,273.1775
2022-01-04,240.500826,243.332168,236.645147,239.602886,,239.861395,240.500826,243.332168,236.645147,239.602886,,239.861395,273.944456,277.169521,269.551698,272.921404,,272.921404,272.921404
2022-01-05,239.408593,241.606297,234.118739,234.702992,,237.333631,239.408593,241.606297,234.118739,234.702992,,237.333631,272.721364,275.224728,266.69468,267.359928,,267.359928,267.359928
2022-01-06,234.432298,237.521713,231.558878,234.466935,,234.508827,234.432298,237.521713,231.558878,234.466935,,234.508827,267.072161,270.590653,263.798099,267.110885,,267.110885,267.110885
2022-01-07,234.510006,236.857448,231.191932,233.5303,,233.922384,234.510006,236.857448,231.191932,233.5303,,233.922384,267.203019,269.878708,263.422683,266.087982,,266.087982,266.087982
2022-01-10,231.771504,234.898685,227.541748,233.313703,,231.857691,231.771504,234.898685,227.541748,233.313703,,231.857691,264.085076,267.647011,259.264213,265.841806,,265.841806,265.841806
2022-01-11,233.23531,236.535497,230.507078,235.437185,,234.036981,233.23531,236.535497,230.507078,235.437185,,234.036981,265.751054,269.513436,262.643184,268.261037,,268.261037,268.261037
2022-01-12,236.428287,238.618676,234.237077,236.188828,,236.351191,236.428287,238.618676,234.237077,236.188828,,236.351191,269.394702,271.889595,266.898395,269.121295,,269.121295,269.121295
2022-01-13,236.751079,238.670897,231.699583,232.787265,,234.802868,236.751079,238.670897,231.699583,232.787265,,234.802868,269.790645,271.979775,264.033282,265.273727,,265.273727,265.273727
2022-01-14,231.117379,234.733628,229.056988,233.031291,,232.019184,231.117379,234.733628,229.056988,233.031291,,232.019184,263.373869,267.493686,261.024577,265.554491,,265.554491,265.554491
2022-01-18,230.352479,232.231958,226.934329,228.700713,,229.531406,230.352479,232.231958,226.934329,228.700713,,229.531406,262.507003,264.647975,258.611554,260.624494,,260.624494,260.624494
2022-01-19,229.614969,232.162649,225.722782,226.538145,,228.428592,229.614969,232.162649,225.722782,226.538145,,228.428592,261.670897,264.575054,257.234884,258.164183,,258.164183,258.164183
2022-01-20,227.541959,230.78416,223.326996,224.04627,,226.424649,227.541959,230.78416,223.326996,224.04627,,226.424649,259.325485,263.02086,254.522158,255.341669,,255.341669,255.341669
2022-01-21,223.485455,225.845011,218.774068,219.724996,,221.795885,223.485455,225.845011,218.774068,219.724996,,221.795885,254.704958,257.395531,249.335143,250.419046,,250.419046,250.419046
2022-01-24,216.067115,221.288397,210.148876,220.311871,,216.926276,216.067115,221.288397,210.148876,220.311871,,216.926276,246.247235,252.200372,239.503439,251.086557,,251.086557,251.086557
2022-01-25,217.133206,220.913212,213.292965,217.487746,,217.169488,217.133206,220.913212,213.292965,217.487746,,217.169488,247.465862,251.773296,243.087697,247.869172,,247.869172,247.869172
2022-01-26,221.008391,223.949759,214.801923,217.396972,,219.19738,221.008391,223.949759,214.801923,217.396972,,219.19738,251.885275,255.238882,244.812385,247.769666,,247.769666,247.769666
2022-01-27,219.666045,222.815946,214.539946,216.218402,,218.161113,219.666045,222.815946,214.539946,216.218402,,218.161113,250.369679,253.960687,244.52659,246.440368,,246.440368,246.440368
2022-01-28,216.942841,222.035562,213.342921,221.591078,,218.534003,216.942841,222.035562,213.342921,221.591078,,218.534003,247.29468,253.100403,243.19038,252.592789,,252.592789,252.592789
2022-01-31,221.415501,226.397003,219.700577,225.751252,,223.532618,221.415501,226.397003,219.700577,225.751252,,223.532618,252.395393,258.075841,250.43916,257.338389,,257.338389,257.338389
2022-02-01,226.413928,228.722672,223.020541,227.410033,,226.40015,226.413928,228.722672,223.020541,227.410033,,226.40015,258.093827,260.72683,254.227536,259.230077,,259.230077,259.230077
2022-02-02,229.733486,232.477268,226.206058,230.196848,,229.541283,229.733486,232.477268,226.206058,230.196848,,229.541283,261.881424,265.008788,257.859332,262.409994,,262.409994,262.409994
2022-02-03,226.603994,229.715918,222.940038,224.377628,,225.908933,226.603994,229.715918,222.940038,224.377628,,225.908933,258.324137,261.870992,254.146257,255.78562,,255.78562,255.78562
2022-02-04,224.492864,228.372095,221.714652,225.602572,,225.122288,224.492864,228.372095,221.714652,225.602572,,225.122288,255.955893,260.380394,252.789382,257.221868,,257.221868,257.221868
2022-02-07,226.092146,228.284762,222.725573,224.479273,,225.408816,226.092146,228.284762,222.725573,224.479273,,225.408816,257.786442,260.285907,253.948259,255.947976,,255.947976,255.947976
2022-02-08,224.206831,227.69247,222.251342,226.270084,,225.22196,224.206831,227.69247,222.251342,226.270084,,225.22196,255.636254,259.613179,253.408545,257.990483,,257.990483,257.990483
2022-02-09,228.433723,231.08099,226.767143,229.502189,,228.956317,228.433723,231.08099,226.767143,229.502189,,228.956317,260.485469,263.50404,258.584602,261.7037,,261.7037,261.7037
2022-02-10,226.565602,230.258338,223.912738,225.363863,,226.608807,226.565602,230.258338,223.912738,225.363863,,226.608807,258.389068,262.600113,255.363155,257.017913,,257.017913,257.017913
2022-02-11,225.472119,227.571626,219.468454,220.942261,,223.180994,225.472119,227.571626,219.468454,220.942261,,223.180994,257.151399,259.547171,250.304691,251.98511,,251.98511,251.98511
2022-02-14,220.422955,223.185797,217.43769,220.293909,,220.379508,220.422955,223.185797,217.43769,220.293909,,220.379508,251.409686,254.559983,248.004807,251.261796,,251.261796,251.261796
2022-02-15,222.653144,225.266277,220.641468,223.613683,,223.052273,222.653144,225.266277,220.641468,223.613683,,223.052273,253.977032,256.95893,251.682435,255.072634,,255.072634,255.072634
2022-02-16,222.59606,225.319807,220.319063,223.887456,,223.047847,222.59606,225.319807,220.319063,223.887456,,223.047847,253.941772,257.050278,251.344112,255.41592,,255.41592,255.41592
2022-02-17,222.250847,223.853868,217.900993,219.044378,,220.637965,222.250847,223.853868,217.900993,219.044378,,220.637965,253.578538,255.406259,248.614257,249.918888,,249.918888,249.918888
2022-02-18,219.239454,221.156931,215.707299,217.411811,,218.270776,219.239454,221.156931,215.707299,217.411811,,218.270776,250.179001,252.366285,246.146421,248.092872,,248.092872,248.092872
2022-02-22,216.155522,219.160364,212.834765,215.232248,,215.831409,216.155522,219.160364,212.834765,215.232248,,215.831409,246.662492,250.09153,242.871233,245.607876,,245.607876,245.607876
2022-02-23,216.813801,218.164216,210.648211,211.281136,,214.010733,216.813801,218.164216,210.648211,211.281136,,214.010733,247.412844,248.953358,240.376627,241.098894,,241.098894,241.098894
2022-02-24,205.813012,215.671459,203.582951,214.655976,,210.291012,205.813012,215.671459,203.582951,214.655976,,210.291012,234.874793,246.127071,232.330469,244.967583,,244.967583,244.967583
2022-02-25,215.40986,220.211194,213.42907,219.274156,,217.16283,215.40986,220.211194,213.42907,219.274156,,217.16283,245.851506,251.330567,243.590134,250.262006,,250.262006,250.262006
2022-02-28,216.473659,220.310124,214.635884,218.848491,,217.64706,216.473659,220.310124,214.635884,218.848491,,217.64706,247.091299,251.46928,244.99325,249.80256,,249.80256,249.80256
2022-03-01,218.195345,220.444442,213.467537,215.598687,,216.838804,218.195345,220.444442,213.467537,215.598687,,216.838804,249.063288,251.631032,243.668007,246.099492,,246.099492,246.099492
2022-03-02,216.709048,221.039776,214.904256,219.360888,,218.041863,216.709048,221.039776,214.904256,219.360888,,218.041863,247.372412,252.315292,245.312207,250.400108,,250.400108,250.400108
2022-03-03,220.619597,222.370062,216.263062,218.22721,,219.177842,220.619597,222.370062,216.263062,218.22721,,219.177842,251.869004,253.868127,246.897341,249.138494,,249.138494,249.138494
2022-03-04,216.256792,219.131154,212.645166,216.439229,,216.043572,216.256792,219.131154,212.645166,216.439229,,216.043572,246.899755,250.182168,242.775742,247.107967,,247.107967,247.107967
2022-03-07,215.963204,217.842499,208.778867,209.959095,,212.905468,215.963204,217.842499,208.778867,209.959095,,212.905468,246.572525,248.71761,238.36814,239.715939,,239.715939,239.715939
2022-03-08,209.881808,215.205561,205.647659,208.557323,,209.856693,209.881808,215.205561,205.647659,208.557323,,209.856693,239.632557,245.711888,234.796659,238.120312,,238.120312,238.120312
2022-03-09,213.008084,216.380697,210.444498,214.135037,,213.528081,213.008084,216.380697,210.444498,214.135037,,213.528081,243.234876,247.086122,240.307196,244.52086,,244.52086,244.52086
2022-03-10,211.887836,215.015638,209.424481,213.262153,,212.383683,211.887836,215.015638,209.424481,213.262153,,212.383683,241.976905,245.548579,239.163094,243.546273,,243.546273,243.546273
2022-03-11,214.552871,216.311918,209.821231,210.479355,,212.632016,214.552871,216.311918,209.821231,210.479355,,212.632016,245.033591,247.045135,239.630198,240.382393,,240.382393,240.382393
2022-03-14,210.807727,213.717369,206.920173,208.740338,,209.993578,210.807727,213.717369,206.920173,208.740338,,209.993578,240.808806,244.132001,236.366642,238.446285,,238.446285,238.446285
2022-03-15,210.145089,214.441503,208.207465,213.215501,,211.589548,210.145089,214.441503,208.207465,213.215501,,211.589548,240.057181,244.962554,237.843379,243.563573,,243.563573,243.563573
2022-03-16,215.155739,219.352422,212.189264,218.032041,,216.307645,215.155739,219.352422,212.189264,218.032041,,216.307645,245.785036,250.58008,242.395994,249.070793,,249.070793,249.070793
2022-03-17,217.210483,221.271884,215.674596,220.656977,,218.844903,217.210483,221.271884,215.674596,220.656977,,218.844903,248.150528,252.79277,246.396619,252.088608,,252.088608,252.088608
2022-03-18,220.379267,224.407253,218.151106,223.275837,,221.681892,220.379267,224.407253,218.151106,223.275837,,221.681892,251.773739,256.377272,249.228414,255.084261,,255.084261,255.084261
2022-03-21,223.148586,225.756923,220.445824,223.192659,,223.122829,223.148586,225.756923,220.445824,223.192659,,223.122829,254.951656,257.931006,251.863855,255.00111,,255.00111,255.00111
2022-03-22,223.956624,227.935237,222.355288,225.944285,,225.213031,223.956624,227.935237,222.355288,225.944285,,225.213031,255.874994,260.420771,254.043741,258.145056,,258.145056,258.145056
2022-03-23,224.633581,227.014141,222.007594,223.239829,,224.211311,224.633581,227.014141,222.007594,223.239829,,224.211311,256.661736,259.381155,253.660505,255.068564,,255.068564,255.068564
2022-03-24,224.234719,227.324102,222.38027,226.476148,,225.109445,224.234719,227.324102,222.38027,226.476148,,225.109445,256.224623,259.756266,254.107415,258.786267,,258.786267,258.786267
2022-03-25,226.86316,228.975794,224.513039,227.550107,,226.9337,226.86316,228.975794,224.513039,227.550107,,226.9337,259.230542,261.644937,256.544102,260.014877,,260.014877,260.014877
2022-03-28,227.225837,229.912479,225.247911,229.213179,,227.965565,227.225837,229.912479,225.247911,229.213179,,227.965565,259.644038,262.717353,257.383813,261.915927,,261.915927,261.915927
2022-03-29,231.181125,233.570827,228.510988,231.892104,,231.26663,231.181125,233.570827,228.510988,231.892104,,231.26663,264.164603,266.894871,261.112756,264.976324,,264.976324,264.976324
2022-03-30,231.335101,233.121089,228.701424,230.499819,,230.890585,231.335101,233.121089,228.701424,230.499819,,230.890585,264.366094,266.407851,261.35583,263.412282,,263.412282,263.412282
2022-03-31,230.182923,231.895056,226.514909,226.895924,,228.793259,230.182923,231.895056,226.514909,226.895924,,228.793259,263.06696,265.025406,258.87358,259.310443,,259.310443,259.310443
2022-04-01,227.727156,229.785445,224.591163,227.739922,,227.443118,227.727156,229.785445,224.591163,227.739922,,227.443118,260.260525,262.613353,256.676301,260.27455,,260.27455,260.27455
2022-04-04,227.787973,231.190619,225.755996,229.768067,,228.721258,227.787973,231.190619,225.755996,229.768067,,228.721258,260.33182,264.22081,258.008575,262.595119,,262.595119,262.595119
2022-04-05,228.954771,231.490513,225.648066,226.841875,,228.105292,228.954771,231.490513,225.648066,226.841875,,228.105292,261.700525,264.598515,257.920311,259.286122,,259.286122,259.286122
2022-04-06,224.69073,227.283781,221.283785,224.419663,,224.338254,224.69073,227.283781,221.283785,224.419663,,224.338254,256.826603,259.791412,252.932807,256.517806,,256.517806,256.517806
2022-04-07,223.927596,227.16288,221.120794,225.238747,,224.361918,223.927596,227.16288,221.120794,225.238747,,224.361918,255.989141,259.688702,252.780532,257.488668,,257.488668,257.488668
2022-04-08,224.955886,227.125628,222.457129,224.478267,,224.737224,224.955886,227.125628,222.457129,224.478267,,224.737224,257.169158,259.647339,254.30998,256.621651,,256.621651,256.621651
2022-04-11,222.908312,224.953566,219.477724,220.530938,,221.953633,222.908312,224.953566,219.477724,220.530938,,221.953633,254.830845,257.166921,250.907711,252.112099,,252.112099,252.112099
2022-04-12,222.280499,224.552493,218.390263,219.740884,,221.172831,222.280499,224.552493,218.390263,219.740884,,221.172831,254.118576,256.716116,249.671194,251.214983,,251.214983,251.214983
2022-04-13,219.592459,223.453956,218.210165,222.252887,,221.032291,219.592459,223.453956,218.210165,222.252887,,221.032291,251.087655,255.5035,249.505721,254.12886,,254.12886,254.12886
2022-04-14,222.515484,224.193686,218.568958,219.470853,,221.084083,222.515484,224.193686,218.568958,219.470853,,221.084083,254.43076,256.34994,249.918902,250.949692,,250.949692,250.949692
2022-04-18,218.920017,221.890791,217.073584,219.508972,,219.349684,218.920017,221.890791,217.073584,219.508972,,219.349684,250.319904,253.718181,248.208232,250.993969,,250.993969,250.993969
2022-04-19,219.557938,224.219076,218.327938,223.042877,,221.491222,219.557938,224.219076,218.327938,223.042877,,221.491222,251.051043,256.381392,249.643642,255.035933,,255.035933,255.035933
2022-04-20,224.00751,226.251886,220.791398,222.667573,,223.311307,224.00751,226.251886,220.791398,222.667573,,223.311307,256.145296,258.711534,252.465596,254.612238,,254.612238,254.612238
2022-04-21,224.703649,227.035449,218.312239,219.348289,,222.122645,224.703649,227.035449,218.312239,219.348289,,222.122645,256.957235,259.624002,249.648399,250.833229,,250.833229,250.833229
2022-04-22,218.840089,220.156758,212.572682,213.197198,,216.058821,218.840089,220.156758,212.572682,213.197198,,216.058821,250.2563,251.760204,243.08732,243.801911,,243.801911,243.801911
2022-04-25,211.98556,215.479715,208.732284,214.598224,,212.752903,211.98556,215.479715,208.732284,214.598224,,212.752903,242.421672,246.417392,238.701197,245.409488,,245.409488,245.409488
2022-04-26,213.396307,215.042855,208.029687,208.533245,,211.00164,213.396307,215.042855,208.029687,208.533245,,211.00164,244.035743,245.918372,237.89738,238.475021,,238.475021,238.475021
2022-04-27,208.719873,212.807783,206.234556,208.650896,,209.059347,208.719873,212.807783,206.234556,208.650896,,209.059347,238.689532,243.365143,235.846848,238.61053,,238.61053,238.61053
2022-04-28,211.337901,215.756671,207.932561,213.967286,,212.217396,211.337901,215.756671,207.932561,213.967286,,212.217396,241.696937,246.750803,237.80237,244.704093,,244.704093,244.704093
2022-04-29,211.869701,214.308938,205.34598,206.183111,,209.290434,211.869701,214.308938,205.34598,206.183111,,209.290434,242.322138,245.112487,234.858473,235.817503,,235.817503,235.817503
2022-05-02,206.062477,209.473664,201.959514,207.432337,,206.246716,206.062477,209.473664,201.959514,207.432337,,206.246716,235.680192,239.580782,230.987055,237.246423,,237.246423,237.246423
2022-05-03,207.66481,210.863661,205.463838,208.386954,,208.120451,207.66481,210.863661,205.463838,208.386954,,208.120451,237.513806,241.169696,234.995518,238.338866,,238.338866,238.338866
2022-05-04,208.593481,215.314944,205.613834,214.653403,,211.069499,208.593481,215.314944,205.613834,214.653403,,211.069499,238.576391,246.266186,235.169616,245.508154,,245.508154,245.508154
2022-05-05,212.424419,213.674971,204.349311,206.934077,,209.057422,212.424419,213.674971,204.349311,206.934077,,209.057422,242.988457,244.418635,233.750992,236.708325,,236.708325,236.708325
2022-05-06,205.675986,208.62809,201.948583,205.726896,,205.421814,205.675986,208.62809,201.948583,205.726896,,205.421814,235.3011,238.679295,231.035257,235.359478,,235.359478,235.359478
2022-05-09,202.581424,205.094954,197.700382,199.301823,,201.027171,202.581424,205.094954,197.700382,199.301823,,201.027171,231.776697,234.652841,226.191726,228.024574,,228.024574,228.024574
2022-05-10,202.58473,204.612499,197.040345,199.900361,,200.916271,202.58473,204.612499,197.040345,199.900361,,200.916271,231.782205,234.101927,225.437764,228.710869,,228.710869,228.710869
2022-05-11,199.276614,203.520337,195.632532,196.707575,,198.714472,199.276614,203.520337,195.632532,196.707575,,198.714472,228.006491,232.862328,223.836607,225.066945,,225.066945,225.066945
2022-05-12,194.732506,198.963953,191.357598,196.352922,,195.474123,194.732506,198.963953,191.357598,196.352922,,195.474123,222.881966,227.726124,219.018768,224.737241,,224.737241,224.737241
2022-05-13,198.573724,202.702912,196.810193,201.017143,,199.890318,198.573724,202.702912,196.810193,201.017143,,199.890318,227.304247,232.031538,225.284416,230.100553,,230.100553,230.100553
2022-05-16,200.250505,203.030644,197.717188,200.090217,,200.211896,200.250505,203.030644,197.717188,200.090217,,200.211896,229.233643,232.4169,226.333193,229.049353,,229.049353,229.049353
2022-05-17,203.174395,205.278925,200.101966,203.897469,,203.118495,203.174395,205.278925,200.101966,203.897469,,203.118495,232.592568,235.003032,229.074744,233.420492,,233.420492,233.420492
2022-05-18,201.535535,202.815217,194.556077,195.702079,,198.50298,201.535535,202.815217,194.556077,195.702079,,198.50298,230.766198,232.230171,222.77278,224.085213,,224.085213,224.085213
2022-05-19,194.092023,197.847825,191.773308,194.431058,,194.64464,194.092023,197.847825,191.773308,194.431058,,194.64464,222.263636,226.565401,219.608323,222.652268,,222.652268,222.652268
2022-05-20,196.292219,197.872694,189.408153,194.360249,,194.282977,196.292219,197.872694,189.408153,194.360249,,194.282977,224.786259,226.595123,216.901816,222.573202,,222.573202,222.573202
2022-05-23,195.822455,199.423896,193.690574,198.004374,,196.732217,195.822455,199.423896,193.690574,198.004374,,196.732217,224.274009,228.398021,221.830839,226.772543,,226.772543,226.772543
2022-05-24,195.485074,197.694252,191.677676,195.988209,,195.12071,195.485074,197.694252,191.677676,195.988209,,195.12071,223.889137,226.420572,219.529621,224.465792,,224.465792,224.465792
2022-05-25,195.190451,199.339035,193.923505,197.73036,,196.66413,195.190451,199.339035,193.923505,197.73036,,196.66413,223.555608,228.307805,222.103265,226.464389,,226.464389,226.464389
2022-05-26,198.286836,203.318559,197.241746,201.666283,,200.284163,198.286836,203.318559,197.241746,201.666283,,200.284163,227.1103,232.87275,225.912239,230.980446,,230.980446,230.980446
2022-05-27,202.9945,207.139214,202.084087,206.753735,,204.858364,202.9945,207.139214,202.084087,206.753735,,204.858364,232.536479,237.28587,231.493113,236.843156,,236.843156,236.843156
2022-05-31,205.996891,208.63142,202.863903,205.695623,,205.785787,205.996891,208.63142,202.863903,205.695623,,205.785787,235.997641,239.014357,232.407383,235.651508,,235.651508,235.651508
2022-06-01,206.913587,208.802715,202.272676,204.264238,,205.466134,206.913587,208.802715,202.272676,204.264238,,205.466134,237.068447,239.232278,231.751079,234.033074,,234.033074,234.033074
2022-06-02,204.009183,208.772087,201.641121,208.093157,,205.807933,204.009183,208.772087,201.641121,208.093157,,205.807933,233.779092,239.237517,231.066142,238.458312,,238.458312,238.458312
2022-06-03,205.611922,207.40556,203.164977,204.573227,,205.130888,205.611922,207.40556,203.164977,204.573227,,205.130888,235.643914,237.700194,232.840216,234.452782,,234.452782,234.452782
2022-06-06,206.777494,208.837135,204.005919,205.391917,,206.212355,206.777494,208.837135,204.005919,205.391917,,206.212355,236.981097,239.34127,233.804507,235.393796,,235.393796,235.393796
2022-06-07,203.510068,207.811278,202.459279,207.212767,,205.330726,203.510068,207.811278,202.459279,207.212767,,205.330726,233.240243,238.170453,232.036918,237.484066,,237.484066,237.484066
2022-06-08,206.269455,208.253415,204.005371,205.139866,,205.913174,206.269455,208.253415,204.005371,205.139866,,205.913174,236.411952,238.685718,233.815818,235.117032,,235.117032,235.117032
2022-06-09,204.204267,206.38698,200.064671,200.322915,,202.657981,204.204267,206.38698,200.064671,200.322915,,202.657981,234.066848,236.56792,229.318273,229.61694,,229.61694,229.61694
2022-06-10,197.071867,198.783778,193.276644,194.567212,,195.821847,197.071867,198.783778,193.276644,194.567212,,195.821847,225.894962,227.856853,221.543735,223.024241,,223.024241,223.024241
2022-06-13,189.385252,191.740677,185.776766,187.108531,,188.411822,189.385252,191.740677,185.776766,187.108531,,188.411822,217.088567,219.787119,212.951988,214.478315,,214.478315,214.478315
2022-06-14,187.907071,189.834573,184.475683,186.560119,,187.157269,187.907071,189.834573,184.475683,186.560119,,187.157269,215.461046,217.671932,211.526802,213.916161,,213.916161,213.916161
2022-06-15,188.415327,192.251123,185.559369,189.38539,,188.993244,188.415327,192.251123,185.559369,189.38539,,188.993244,216.050379,220.448391,212.775042,217.162407,,217.162407,217.162407
2022-06-16,185.235625,186.676709,181.207599,183.341383,,183.982725,185.235625,186.676709,181.207599,183.341383,,183.982725,212.423482,214.076103,207.80438,210.251046,,210.251046,210.251046
2022-06-17,183.17868,186.802435,180.976353,183.814329,,183.799964,183.17868,186.802435,180.976353,183.814329,,183.799964,210.070235,214.225669,207.545119,210.798597,,210.798597,210.798597
2022-06-21,186.736928,190.651907,184.981833,188.458434,,187.761194,186.736928,190.651907,184.981833,188.458434,,187.761194,214.162719,218.650716,212.149482,216.136091,,216.136091,216.136091
2022-06-22,186.296978,191.040281,185.393226,188.202563,,187.865003,186.296978,191.040281,185.393226,188.202563,,187.865003,213.659636,219.098962,212.623008,215.844915,,215.844915,215.844915
2022-06-23,189.256762,191.672147,186.250927,189.962033,,189.291746,189.256762,191.672147,186.250927,189.962033,,189.291746,217.062675,219.83298,213.615127,217.870935,,217.870935,217.870935
2022-06-24,191.595435,196.655199,190.504494,195.901953,,193.815257,191.595435,196.655199,190.504494,195.901953,,193.815257,219.747873,225.552363,218.49744,224.687242,,224.687242,224.687242
2022-06-27,196.488489,198.030492,193.484253,195.181335,,195.720825,196.488489,198.030492,193.484253,195.181335,,195.720825,225.366653,227.137369,221.920927,223.867835,,223.867835,223.867835
2022-06-28,196.037623,198.337528,190.569366,191.104354,,193.845432,196.037623,198.337528,190.569366,191.104354,,193.845432,224.850751,227.489227,218.577394,219.191591,,219.191591,219.191591
2022-06-29,191.235172,193.341758,188.621212,191.00475,,191.052922,191.235172,193.341758,188.621212,191.00475,,191.052922,219.365495,221.781906,216.367072,219.100708,,219.100708,219.100708
2022-06-30,188.763212,191.516173,185.776796,189.200658,,188.791959,188.763212,191.516173,185.776796,189.200658,,188.791959,216.564949,219.723295,213.140601,217.067053,,217.067053,217.067053
2022-07-01,188.813552,192.026396,186.716596,191.091514,,189.725302,188.813552,192.026396,186.716596,191.091514,,189.725302,216.625743,220.311904,214.219986,219.238774,,219.238774,219.238774
2022-07-05,188.50999,192.775631,185.330546,191.812961,,189.725033,188.50999,192.775631,185.330546,191.812961,,189.725033,216.31051,221.206842,212.663293,220.100991,,220.100991,220.100991
2022-07-06,191.895358,194.638817,189.700473,192.572552,,192.203494,191.895358,194.638817,189.700473,192.572552,,192.203494,220.198838,223.347677,217.680049,220.976152,,220.976152,220.976152
2022-07-07,193.460467,196.703538,192.436222,195.59945,,194.669587,193.460467,196.703538,192.436222,195.59945,,194.669587,222.020292,225.743252,220.844345,224.474588,,224.474588,224.474588
2022-07-08,194.649238,197.262503,193.086177,195.539907,,195.204085,194.649238,197.262503,193.086177,195.539907,,195.204085,223.399765,226.39906,221.605012,224.421769,,224.421769,224.421769
2022-07-11,194.088591,195.656155,191.63036,193.085599,,193.521639,194.088591,195.656155,191.63036,193.085599,,193.521639,222.761664,224.561248,219.940334,221.610615,,221.610615,221.610615
2022-07-12,192.844766,195.431733,189.836527,191.281683,,192.291931,192.844766,195.431733,189.836527,191.281683,,192.291931,221.337085,224.308223,217.88544,219.544343,,219.544343,219.544343
2022-07-13,188.475961,192.521701,187.174183,190.312683,,189.764683,188.475961,192.521701,187.174183,190.312683,,189.764683,216.327829,220.969416,214.830438,218.434697,,218.434697,218.434697
2022-07-14,187.684671,190.714202,185.437287,189.759472,,188.392914,187.684671,190.714202,185.437287,189.759472,,188.392914,215.444221,218.921828,212.865119,217.826152,,217.826152,217.826152
2022-07-15,192.201202,194.647735,190.204316,193.28486,,192.63701,192.201202,194.647735,190.204316,193.28486,,192.63701,220.628636,223.437981,218.336962,221.872355,,221.872355,221.872355
2022-07-18,194.80526,196.552902,190.738529,191.532498,,193.378795,194.80526,196.552902,190.738529,191.532498,,193.378795,223.61675,225.623157,218.948829,219.860896,,219.860896,219.860896
2022-07-19,193.605209,197.609014,192.093383,196.890294,,195.126662,193.605209,197.609014,192.093383,196.890294,,195.126662,222.247786,226.844952,220.511775,226.019305,,226.019305,226.019305
2022-07-20,196.777714,199.844085,194.944992,198.013687,,197.484914,196.777714,199.844085,194.944992,198.013687,,197.484914,225.894083,229.412996,223.78921,227.311591,,227.311591,227.311591
2022-07-21,197.762835,200.49811,195.441369,199.949099,,198.501126,197.762835,200.49811,195.441369,199.949099,,198.501126,227.044924,230.185983,224.379082,229.55411,,229.55411,229.55411
2022-07-22,199.756392,201.418544,196.158296,197.683837,,198.657499,199.756392,201.418544,196.158296,197.683837,,198.657499,229.333445,231.241583,225.202433,226.9542,,226.9542,226.9542
2022-07-25,198.045743,199.769439,195.64411,197.894712,,197.802328,198.045743,199.769439,195.64411,197.894712,,197.802328,227.370034,229.34907,224.612919,227.196777,,227.196777,227.196777
2022-07-26,196.890611,198.492666,193.840457,195.394658,,196.086657,196.890611,198.492666,193.840457,195.394658,,196.086657,226.047928,227.885868,222.546364,224.330032,,224.330032,224.330032
2022-07-27,197.344325,202.165103,195.528439,200.901025,,199.08841,197.344325,202.165103,195.528439,200.901025,,199.08841,226.568758,232.104179,224.484918,230.653369,,230.653369,230.653369
2022-07-28,201.106083,204.5295,198.257197,203.289776,,201.82433,201.106083,204.5295,198.257197,203.289776,,201.82433,230.913145,234.845089,227.642668,233.421627,,233.421627,233.421627
2022-07-29,203.956049,207.690893,202.345881,206.304487,,205.171057,203.956049,207.690893,202.345881,206.304487,,205.171057,234.22401,238.513655,232.375687,236.920487,,236.920487,236.920487
2022-08-01,205.015139,208.194587,203.278494,205.638746,,205.574278,205.015139,208.194587,203.278494,205.638746,,205.574278,235.440496,239.091782,233.445844,236.156899,,236.156899,236.156899
2022-08-02,204.805922,207.479672,202.742139,204.368986,,204.916824,204.805922,207.479672,202.742139,204.368986,,204.916824,235.201531,238.272663,232.831819,234.700498,,234.700498,234.700498
2022-08-03,205.46651,209.230392,203.766789,207.644812,,206.610292,205.46651,209.230392,203.766789,207.644812,,206.610292,235.962615,240.285889,234.010271,238.46549,,238.46549,238.46549
2022-08-04,207.554818,209.555672,205.298915,207.47704,,207.499628,207.554818,209.555672,205.298915,207.47704,,207.499628,238.380378,240.679341,235.79023,238.291376,,238.291376,238.291376
2022-08-05,205.229274,208.547117,203.920813,207.082134,,206.212682,205.229274,208.547117,203.920813,207.082134,,206.212682,235.739309,239.550177,234.236656,237.868132,,237.868132,237.868132
2022-08-08,207.973904,210.427034,205.50072,206.803071,,207.657012,207.973904,210.427034,205.50072,206.803071,,207.657012,238.894497,241.71448,236.053773,237.550567,,237.550567,237.550567
2022-08-09,206.479039,208.063334,204.1028,205.970866,,206.088438,206.479039,208.063334,204.1028,205.970866,,206.088438,237.193771,239.011106,234.462655,236.608274,,236.608274,236.608274
2022-08-10,209.547916,211.653646,207.595631,210.340568,,209.760673,209.547916,211.653646,207.595631,210.340568,,209.760673,240.728082,243.147043,238.485283,241.638668,,241.638668,241.638668
2022-08-11,211.710242,213.602977,209.043384,210.08638,,211.035661,211.710242,213.602977,209.043384,210.08638,,211.035661,243.275768,245.453217,240.212969,241.411679,,241.411679,241.411679
2022-08-12,211.244203,214.129912,209.972518,213.780567,,212.348561,211.244203,214.129912,209.972518,213.780567,,212.348561,242.773492,246.091571,241.312908,245.688929,,245.688929,245.688929
2022-08-15,212.645498,215.561438,211.574462,214.654198,,213.683506,212.645498,215.561438,211.574462,214.654198,,213.683506,244.392172,247.744013,243.159436,246.699756,,246.699756,246.699756
2022-08-16,214.16589,216.691101,212.652742,215.046887,,214.632803,214.16589,216.691101,212.652742,215.046887,,214.632803,246.149534,249.051834,244.410129,247.162197,,247.162197,247.162197
2022-08-17,213.150385,215.518226,211.642238,213.428665,,213.403575,213.150385,215.518226,211.642238,213.428665,,213.403575,245.022148,247.744806,243.287284,245.34189,,245.34189,245.34189
2022-08-18,213.419856,215.22964,211.785047,213.916338,,213.578206,213.419856,215.22964,211.785047,213.916338,,213.578206,245.371903,247.452049,243.491715,245.942156,,245.942156,245.942156
2022-08-19,212.594919,213.733829,209.906747,211.06272,,211.742725,212.594919,213.733829,209.906747,211.06272,,211.742725,244.430516,245.738987,241.339757,242.668791,,242.668791,242.668791
2022-08-22,208.535638,209.513943,205.540362,206.574315,,207.454018,208.535638,209.513943,205.540362,206.574315,,207.454018,239.78693,240.91248,236.342689,237.531974,,237.531974,237.531974
2022-08-23,206.311703,208.401253,204.857805,206.12462,,206.441424,206.311703,208.401253,204.857805,206.12462,,206.441424,237.229536,239.633415,235.557353,237.015344,,237.015344,237.015344
2022-08-24,206.005273,208.125656,204.811535,206.685308,,206.454145,206.005273,208.125656,204.811535,206.685308,,206.454145,236.882874,239.322238,235.510914,237.665686,,237.665686,237.665686
2022-08-25,207.521716,210.184974,206.085914,209.667979,,208.379036,207.521716,210.184974,206.085914,209.667979,,208.379036,238.631498,241.695339,236.979243,241.099537,,241.099537,241.099537
2022-08-26,209.602762,210.542383,202.247703,202.504936,,206.00176,209.602762,210.542383,202.247703,202.504936,,206.00176,241.03387,242.1137,232.574407,232.871363,,232.871363,232.871363
2022-08-29,201.00494,203.452095,199.487407,201.168998,,201.310237,201.00494,203.452095,199.487407,201.168998,,201.310237,231.153618,233.969746,229.408672,231.342985,,231.342985,231.342985
2022-08-30,201.881862,202.566768,197.483399,199.038287,,200.104488,201.881862,202.566768,197.483399,199.038287,,200.104488,232.181131,232.968869,227.122547,228.910682,,228.910682,228.910682
2022-08-31,200.004005,201.307307,196.826931,197.521255,,198.821478,200.004005,201.307307,196.826931,197.521255,,198.821478,230.065077,231.564272,226.410158,227.209047,,227.209047,227.209047
2022-09-01,196.406779,198.989245,193.940391,198.249873,,196.887526,196.406779,198.989245,193.940391,198.249873,,196.887526,225.9626,228.934885,223.12636,228.08357,,228.08357,228.08357
2022-09-02,200.151109,201.413858,195.023341,196.067003,,198.060936,200.151109,201.413858,195.023341,196.067003,,198.060936,230.289945,231.742419,224.38863,225.590663,,225.590663,225.590663
2022-09-06,196.542886,198.120357,193.448072,195.224794,,195.786625,196.542886,198.120357,193.448072,195.224794,,195.786625,226.15125,227.966603,222.588667,224.633561,,224.633561,224.633561
2022-09-07,195.177528,199.550787,194.239349,198.825348,,197.085565,195.177528,199.550787,194.239349,198.825348,,197.085565,224.584119,229.616798,223.503675,228.781293,,228.781293,228.781293
2022-09-08,197.580548,200.945085,196.037228,199.961574,,198.741898,197.580548,200.945085,196.037228,199.961574,,198.741898,227.372576,231.245567,225.596804,230.113377,,230.113377,230.113377
2022-09-09,201.14373,204.037424,200.338742,203.054174,,202.22619,201.14373,204.037424,200.338742,203.054174,,202.22619,231.493186,234.823899,230.567472,233.692553,,233.692553,233.692553
2022-09-12,204.156141,206.503855,202.935039,205.110403,,204.723887,204.156141,206.503855,202.935039,205.110403,,204.723887,234.961698,237.663541,233.555561,236.059368,,236.059368,236.059368
2022-09-13,200.533269,202.016262,195.458647,196.190936,,198.462812,200.533269,202.016262,195.458647,196.190936,,198.462812,230.797121,232.505467,224.957434,225.79971,,225.79971,225.79971
2022-09-14,196.770657,198.831328,194.278469,196.915279,,196.728244,196.770657,198.831328,194.278469,196.915279,,196.728244,226.520502,228.893253,223.65225,226.687306,,226.687306,226.687306
2022-09-15,196.099112,198.408895,193.257764,194.628216,,195.607641,196.099112,198.408895,193.257764,194.628216,,195.607641,225.769584,228.429551,222.498402,224.075872,,224.075872,224.075872
2022-09-16,192.981977,194.599895,190.330986,193.282512,,192.784738,192.981977,194.599895,190.330986,193.282512,,192.784738,222.183458,224.046567,219.131841,222.529486,,222.529486,222.529486
2022-09-19,191.535135,195.179671,190.535349,194.59347,,193.027814,191.535135,195.179671,190.535349,194.59347,,193.027814,220.521499,224.717532,219.369238,224.042392,,224.042392,224.042392
2022-09-20,192.974008,194.445861,190.395199,192.410404,,192.541697,192.974008,194.445861,190.395199,192.410404,,192.541697,222.178625,223.874975,219.211558,221.530655,,221.530655,221.530655
2022-09-21,193.450536,195.577651,188.998123,189.14329,,191.725797,193.450536,195.577651,188.998123,189.14329,,191.725797,222.742122,225.189692,217.612183,217.781749,,217.781749,217.781749
2022-09-22,188.723903,190.79721,186.039595,187.679997,,188.223043,188.723903,190.79721,186.039595,187.679997,,188.223043,217.309359,219.696416,214.218037,216.106547,,216.106547,216.106547
2022-09-23,185.773758,186.714358,181.940172,184.451058,,184.631552,185.773758,186.714358,181.940172,184.451058,,184.631552,213.914209,214.997587,209.499857,212.391699,,212.391699,212.391699
2022-09-26,183.579643,186.352815,181.412698,182.664246,,183.525703,183.579643,186.352815,181.412698,182.664246,,183.525703,211.389429,214.583717,208.894256,210.33567,,210.33567,210.33567
2022-09-27,184.669377,186.338996,180.613104,182.240172,,183.39601,184.669377,186.338996,180.613104,182.240172,,183.39601,212.65475,214.57837,207.984111,209.858169,,209.858169,209.858169
2022-09-28,182.765795,186.962862,181.099962,185.837508,,184.276798,182.765795,186.962862,181.099962,185.837508,,184.276798,210.475984,215.308506,208.55823,214.013854,,214.013854,214.013854
2022-09-29,183.916021,184.819609,179.713286,181.896367,,182.487505,183.916021,184.819609,179.713286,181.896367,,182.487505,211.830002,212.87131,206.989085,209.503827,,209.503827,209.503827
2022-09-30,181.490481,184.029066,178.601576,179.136851,,180.820547,181.490481,184.029066,178.601576,179.136851,,180.820547,209.045811,211.9687,205.716997,206.33471,,206.33471,206.33471
2022-10-03,180.931357,185.143513,179.260569,183.702185,,182.314427,180.931357,185.143513,179.260569,183.702185,,182.314427,208.403335,213.254618,206.478965,211.595043,,211.595043,211.595043
2022-10-04,186.637226,190.246984,185.791351,189.219069,,188.048524,186.637226,190.246984,185.791351,189.219069,,188.048524,214.992288,219.15094,214.016663,217.965416,,217.965416,217.965416
2022-10-05,186.966063,190.310216,185.126236,188.812117,,187.82403,186.966063,190.310216,185.126236,188.812117,,187.82403,215.389996,219.242989,213.270861,217.517395,,217.517395,217.517395
2022-10-06,188.010364,190.237306,185.884758,187.001512,,187.773931,188.010364,190.237306,185.884758,187.001512,,187.773931,216.642492,219.208355,214.192006,215.478962,,215.478962,215.478962
2022-10-07,184.833345,185.70967,180.636281,181.824876,,183.117843,184.833345,185.70967,180.636281,181.824876,,183.117843,212.988707,213.99954,208.151887,209.521508,,209.521508,209.521508
2022-10-10,182.355125,183.616162,178.811559,180.532466,,181.257133,182.355125,183.616162,178.811559,180.532466,,181.257133,210.133215,211.585674,206.050528,208.032975,,208.032975,208.032975
2022-10-11,179.606007,182.516316,177.327144,179.36018,,179.675181,179.606007,182.516316,177.327144,179.36018,,179.675181,206.970189,210.323803,204.344304,206.687312,,206.687312,206.687312
2022-10-12,179.542461,181.514907,177.535669,178.824727,,179.353491,179.542461,181.514907,177.535669,178.824727,,179.353491,206.902771,209.175505,204.589993,206.076311,,206.076311,206.076311
2022-10-13,175.018767,184.513163,173.73456,183.296059,,179.364412,175.018767,184.513163,173.73456,183.296059,,179.364412,201.716455,212.657598,200.235446,211.255738,,211.255738,211.255738
2022-10-14,184.585675,185.936926,178.411209,178.960379,,181.743907,184.585675,185.936926,178.411209,178.960379,,181.743907,212.750468,214.308025,205.633279,206.266745,,206.266745,206.266745
2022-10-17,182.368488,185.444853,181.309562,183.722636,,183.315103,182.368488,185.444853,181.309562,183.722636,,183.315103,210.19349,213.738186,208.971731,211.753679,,211.753679,211.753679
2022-10-18,187.825726,189.214768,183.480218,185.781991,,186.453827,187.825726,189.214768,183.480218,185.781991,,186.453827,216.48838,218.090413,211.47911,214.131605,,214.131605,214.131605
2022-10-19,184.75641,187.103957,182.529593,184.570567,,184.728473,184.75641,187.103957,182.529593,184.570567,,184.728473,212.947831,215.65418,210.381378,212.734285,,212.734285,212.734285
2022-10-20,184.280355,187.381568,181.998685,183.233409,,184.24205,184.280355,187.381568,181.998685,183.233409,,184.24205,212.42339,215.99796,209.792344,211.216089,,211.216089,211.216089
2022-10-21,182.635486,188.123187,181.424088,187.442276,,185.028072,182.635486,188.123187,181.424088,187.442276,,185.028072,210.530453,216.856674,209.135384,216.071159,,216.071159,216.071159
2022-10-24,188.228805,191.093672,186.132514,189.639445,,188.790328,188.228805,191.093672,186.132514,189.639445,,188.790328,216.977246,220.280151,214.559483,218.603406,,218.603406,218.603406
2022-10-25,189.731218,193.647339,188.698943,192.695896,,191.301321,189.731218,193.647339,188.698943,192.695896,,191.301321,218.710732,223.226199,217.520045,222.128378,,222.128378,222.128378
2022-10-26,190.511264,194.216521,188.612328,190.602184,,191.064594,190.511264,194.216521,188.612328,190.602184,,191.064594,219.612767,223.883744,217.424345,219.718049,,219.718049,219.718049
2022-10-27,190.964077,193.136652,187.931059,189.233662,,190.250302,190.964077,193.136652,187.931059,189.233662,,190.250302,220.139321,222.643048,216.642519,218.14436,,218.14436,218.14436
2022-10-28,189.275183,194.982764,187.919139,193.985381,,191.658369,189.275183,194.982764,187.919139,193.985381,,191.658369,218.210489,224.792176,216.647352,223.642421,,223.642421,223.642421
2022-10-31,192.657766,194.731131,190.616974,192.459897,,192.59553,192.657766,194.731131,190.616974,192.459897,,192.59553,222.121861,224.513178,219.768188,221.894394,,221.894394,221.894394
2022-11-01,194.211508,195.631269,189.741588,191.351078,,192.611162,194.211508,195.631269,189.741588,191.351078,,192.611162,223.912327,225.550491,218.759203,220.614971,,220.614971,220.614971
2022-11-02,191.005338,193.686999,186.122393,186.522669,,189.225601,191.005338,193.686999,186.122393,186.522669,,189.225601,220.218413,223.310828,214.587172,215.05007,,215.05007,215.05007
2022-11-03,184.627593,187.561156,181.898513,184.372274,,184.638819,184.627593,187.561156,181.898513,184.372274,,184.638819,212.89209,216.275143,209.743766,212.597043,,212.597043,212.597043
2022-11-04,187.287215,189.392033,182.881765,186.965493,,186.514032,187.287215,189.392033,182.881765,186.965493,,186.514032,216.0015,218.428162,210.919462,215.630251,,215.630251,215.630251
2022-11-07,187.672481,190.159567,185.509617,188.79673,,187.978373,187.672481,190.159567,185.509617,188.79673,,187.978373,216.44993,219.318313,213.953574,217.745624,,217.745624,217.745624
2022-11-08,189.421334,192.073049,187.023646,189.788022,,189.596346,189.421334,192.073049,187.023646,189.788022,,189.596346,218.466764,221.524564,215.70252,218.890236,,218.890236,218.890236
2022-11-09,188.727694,190.240664,185.328909,185.894154,,187.47385,188.727694,190.240664,185.328909,185.894154,,187.47385,217.708291,219.452797,213.787752,214.440468,,214.440468,214.440468
2022-11-10,192.822316,197.190063,190.263267,196.137352,,194.195588,192.822316,197.190063,190.263267,196.137352,,194.195588,222.449057,227.49131,219.499415,226.274979,,226.274979,226.274979
2022-11-11,196.452723,200.337768,193.476701,198.060627,,197.18405,196.452723,200.337768,193.476701,198.060627,,197.18405,226.638436,231.12156,223.205214,228.493917,,228.493917,228.493917
2022-11-14,197.057278,199.870916,194.932657,196.326445,,197.061485,197.057278,199.870916,194.932657,196.326445,,197.061485,227.386661,230.634417,224.934663,226.544266,,226.544266,226.544266
2022-11-15,199.493349,201.602976,195.711979,198.200077,,198.689967,199.493349,201.602976,195.711979,198.200077,,198.689967,230.213327,232.647437,225.848151,228.720047,,228.720047,228.720047
2022-11-16,197.309025,199.241988,195.120247,196.724255,,197.05409,197.309025,199.241988,195.120247,196.724255,,197.05409,227.741426,229.972015,225.214603,227.066304,,227.066304,227.066304
2022-11-17,194.197616,197.455994,192.745054,196.131571,,195.149142,194.197616,197.455994,192.745054,196.131571,,195.149142,224.193471,227.956649,222.515957,226.427067,,226.427067,226.427067
2022-11-18,197.865519,199.052949,194.697378,196.933532,,197.030348,197.865519,199.052949,194.697378,196.933532,,197.030348,228.432951,229.804988,224.775557,227.357358,,227.357358,227.357358
2022-11-21,196.314765,198.329424,194.049948,196.002669,,196.117565,196.314765,198.329424,194.049948,196.002669,,196.117565,226.669883,228.994857,224.052003,226.308326,,226.308326,226.308326
2022-11-22,196.996797,199.363105,195.26584,198.630404,,197.576987,196.996797,199.363105,195.26584,198.630404,,197.576987,227.459187,230.191676,225.460372,229.34491,,229.34491,229.34491
2022-11-23,198.462138,201.033494,197.563888,199.881949,,199.302002,198.462138,201.033494,197.563888,199.881949,,199.302002,229.162044,232.132427,228.124924,230.801889,,230.801889,230.801889
2022-11-25,199.719842,201.010458,198.555651,199.723076,,199.749381,199.719842,201.010458,198.555651,199.723076,,199.749381,230.620534,232.111045,229.275991,230.624256,,230.624256,230.624256
2022-11-28,198.258522,200.14039,195.796149,196.747253,,197.736296,198.258522,200.14039,195.796149,196.747253,,197.736296,228.934922,231.107962,226.090477,227.190123,,227.190123,227.190123
2022-11-29,196.712411,198.191335,194.518487,196.349206,,196.412824,196.712411,198.191335,194.518487,196.349206,,196.412824,227.169308,228.877428,224.636154,226.749638,,226.749638,226.749638
2022-11-30,196.372958,203.024315,194.462498,202.580379,,199.260155,196.372958,203.024315,194.462498,202.580379,,199.260155,226.834029,234.517976,224.626914,234.004468,,234.004468,234.004468
2022-12-01,203.09673,204.796057,200.293171,202.405078,,202.620135,203.09673,204.796057,200.293171,202.405078,,202.620135,234.638972,236.602685,231.400428,233.839691,,233.839691,233.839691
2022-12-02,199.790561,203.098822,198.870057,202.153689,,201.033123,199.790561,203.098822,198.870057,202.153689,,201.033123,230.837154,234.66109,229.773058,233.568324,,233.568324,233.568324
2022-12-05,200.633746,202.376834,197.372139,198.636256,,199.674038,200.633746,202.376834,197.372139,198.636256,,199.674038,231.813158,233.826703,228.043671,229.505701,,229.505701,229.505701
2022-12-06,198.49512,199.585843,194.064777,195.688484,,196.859653,198.49512,199.585843,194.064777,195.688484,,196.859653,229.34978,230.611438,224.23148,226.108049,,226.108049,226.108049
2022-12-07,195.149618,197.426644,193.42234,195.146745,,195.302784,195.149618,197.426644,193.42234,195.146745,,195.302784,225.489413,228.119696,223.492277,225.485951,,225.485951,225.485951
2022-12-08,196.019333,198.170616,194.015443,196.430475,,196.194705,196.019333,198.170616,194.015443,196.430475,,196.194705,226.529018,229.013778,224.211367,227.003317,,227.003317,227.003317
2022-12-09,195.857823,198.075372,194.050889,194.976522,,195.768898,195.857823,198.075372,194.050889,194.976522,,195.768898,226.350592,228.914871,224.261689,225.332752,,225.332752,225.332752
2022-12-12,195.353215,198.193865,193.780541,197.626488,,196.252157,195.353215,198.193865,193.780541,197.626488,,196.252157,225.767753,229.053083,223.950029,228.395869,,228.395869,228.395869
2022-12-13,203.114689,204.534264,197.304959,199.120932,,200.858573,203.114689,204.534264,197.304959,199.120932,,200.858573,234.748757,236.389955,228.032974,230.133038,,230.133038,230.133038
2022-12-14,198.92844,201.623964,195.895901,197.924714,,198.591459,198.92844,201.623964,195.895901,197.924714,,198.591459,229.948588,233.066025,226.442404,228.788628,,228.788628,228.788628
2022-12-15,195.334331,196.529349,191.278617,192.920857,,193.948412,195.334331,196.529349,191.278617,192.920857,,193.948412,225.808757,227.191329,221.121587,223.018834,,223.018834,223.018834
2022-12-16,191.736073,193.352942,188.912193,190.866088,,191.164254,191.736073,193.352942,188.912193,190.866088,,191.164254,221.6644,223.5329,218.39924,220.657628,,220.657628,220.657628
2022-12-19,190.913557,192.083878,187.728025,189.092294,,189.869061,190.913557,192.083878,187.728025,189.092294,,189.869061,220.72698,222.079009,217.041895,218.620159,,218.620159,218.620159
2022-12-20,188.610942,190.925225,187.129001,189.315727,,189.030415,188.610942,190.925225,187.129001,189.315727,,189.030415,218.072131,220.747371,216.3578,218.886958,,218.886958,218.886958
2022-12-21,190.570413,193.251241,189.388078,192.045831,,191.362624,190.570413,193.251241,189.388078,192.045831,,191.362624,220.365199,223.464593,218.997195,222.07171,,222.07171,222.07171
2022-12-22,190.449974,191.290883,186.141828,189.233985,,189.164508,190.449974,191.290883,186.141828,189.233985,,189.164508,220.2266,221.198238,215.243761,218.820248,,218.820248,218.820248
2022-12-23,188.732057,191.057415,187.528007,190.412073,,189.449726,188.732057,191.057415,187.528007,190.412073,,189.449726,218.245297,220.935256,216.852613,220.187897,,220.187897,220.187897
2022-12-27,190.349257,191.43507,188.08665,189.506776,,189.783719,190.349257,191.43507,188.08665,189.506776,,189.783719,220.13186,221.386609,217.51316,219.156386,,219.156386,219.156386
2022-12-28,189.493302,190.974549,186.736458,187.22895,,188.583492,189.493302,190.974549,186.736458,187.22895,,188.583492,219.142169,220.854186,215.953179,216.523666,,216.523666,216.523666
2022-12-29,188.596444,191.549224,187.921253,190.517139,,189.72624,188.596444,191.549224,187.921253,190.517139,,189.72624,218.134102,221.549903,217.35198,220.354725,,220.354725,220.354725
2022-12-30,189.118612,190.69065,187.52997,190.060183,,189.376016,189.118612,190.69065,187.52997,190.060183,,189.376016,218.748581,220.568569,216.910043,219.838149,,219.838149,219.838149
2023-01-03,191.074016,192.764486,187.290074,189.40985,,190.047435,191.074016,192.764486,187.290074,189.40985,,190.047435,221.018443,222.974113,216.641534,219.093301,,219.093301,219.093301
2023-01-04,190.472126,192.865258,188.026664,190.662145,,190.518246,190.472126,192.865258,188.026664,190.662145,,190.518246,220.331177,223.099722,217.503919,220.551829,,220.551829,220.551829
2023-01-05,189.601443,191.009691,186.843197,188.443853,,188.933502,189.601443,191.009691,186.843197,188.443853,,188.933502,219.357453,220.987326,216.165708,218.018799,,218.018799,218.018799
2023-01-06,189.883556,193.884795,187.774983,192.673338,,191.126868,189.883556,193.884795,187.774983,192.673338,,191.126868,219.689328,224.319629,217.248731,222.916931,,222.916931,222.916931
2023-01-09,193.70369,196.460249,191.496632,192.590912,,193.591946,193.70369,196.460249,191.496632,192.590912,,193.591946,224.149112,227.338237,221.593408,222.861065,,222.861065,222.861065
2023-01-10,192.221718,194.86814,190.699099,193.868451,,192.971002,192.221718,194.86814,190.699099,193.868451,,192.971002,222.434671,225.497719,220.672385,224.340322,,224.340322,224.340322
2023-01-11,194.726768,197.384751,193.086662,196.467719,,195.471141,194.726768,197.384751,193.086662,196.467719,,195.471141,225.338506,228.416338,223.441633,227.353639,,227.353639,227.353639
2023-01-12,196.918023,198.659919,194.203353,197.051421,,196.677066,196.918023,198.659919,194.203353,197.051421,,196.677066,227.899745,229.914999,224.757338,228.053249,,228.053249,228.053249
2023-01-13,195.439749,198.626674,194.332246,197.884541,,196.663938,195.439749,198.626674,194.332246,197.884541,,196.663938,226.196988,229.886272,224.915481,229.025885,,229.025885,229.025885
2023-01-17,197.882201,199.722229,195.731281,197.442143,,197.705031,197.882201,199.722229,195.731281,197.442143,,197.705031,229.024308,231.154376,226.533617,228.5146,,228.5146,228.5146
2023-01-18,198.04285,199.515134,193.947109,194.463089,,196.405833,198.04285,199.515134,193.947109,194.463089,,196.405833,229.207293,230.914117,224.466701,225.065319,,225.065319,225.065319
2023-01-19,193.245024,195.604279,191.21273,193.218155,,193.299203,193.245024,195.604279,191.21273,193.218155,,193.299203,223.681999,226.414312,221.329213,223.650524,,223.650524,223.650524
2023-01-20,194.040444,197.569365,192.4979,197.086754,,195.387156,194.040444,197.569365,192.4979,197.086754,,195.387156,224.606525,228.694331,222.822231,228.133799,,228.133799,228.133799
2023-01-23,197.386605,201.027494,196.082107,199.446372,,198.565789,197.386605,201.027494,196.082107,199.446372,,198.565789,228.481795,232.695103,226.971147,230.865266,,230.865266,230.865266
2023-01-24,198.662613,201.374976,196.290514,199.190742,,198.88584,198.662613,201.374976,196.290514,199.190742,,198.88584,229.965348,233.103078,227.217514,230.575248,,230.575248,230.575248
2023-01-25,196.851422,199.971158,194.740149,198.97591,,197.707435,196.851422,199.971158,194.740149,198.97591,,197.707435,227.869945,231.478668,225.423325,230.327623,,230.327623,230.327623
2023-01-26,200.404246,202.346818,197.999477,201.223338,,200.47263,200.404246,202.346818,197.999477,201.223338,,200.47263,231.994221,234.244099,229.210577,232.942421,,232.942421,232.942421
2023-01-27,200.74161,203.97169,199.317351,201.876222,,201.581282,200.74161,203.97169,199.317351,201.876222,,201.581282,232.388394,236.128417,230.739454,233.70238,,233.70238,233.70238
2023-01-30,200.411742,202.173651,198.301642,199.183749,,199.97146,200.411742,202.173651,198.301642,199.183749,,199.97146,232.029097,234.070506,229.585037,230.607923,,230.607923,230.607923
2023-01-31,199.388188,202.532067,198.265459,202.08742,,200.654897,199.388188,202.532067,198.265459,202.08742,,200.654897,230.848136,234.488646,229.547424,233.972601,,233.972601,233.972601
2023-02-01,201.528319,206.030223,199.257716,204.184068,,202.818127,201.528319,206.030223,199.257716,204.184068,,202.818127,233.326261,238.53978,230.698732,236.401882,,236.401882,236.401882
2023-02-02,206.601753,210.068676,203.759303,207.624475,,207.066686,206.601753,210.068676,203.759303,207.624475,,207.066686,239.211559,243.225606,235.920779,240.395749,,240.395749,240.395749
2023-02-03,204.732401,209.090085,202.674372,205.372169,,205.496341,204.732401,209.090085,202.674372,205.372169,,205.496341,237.056066,242.102269,234.674268,237.797078,,237.797078,237.797078
2023-02-06,204.005781,206.063463,202.155798,204.051175,,204.070916,204.005781,206.063463,202.155798,204.051175,,204.070916,236.230502,238.611639,234.086654,236.282082,,236.282082,236.282082
2023-02-07,203.494122,207.817104,201.931402,206.874451,,205.057151,203.494122,207.817104,201.931402,206.874451,,205.057151,235.64081,240.647047,233.831552,239.555397,,239.555397,239.555397
2023-02-08,205.485047,207.490801,202.602915,204.091742,,204.883459,205.485047,207.490801,202.602915,204.091742,,204.883459,237.954526,240.277149,234.615908,236.340952,,236.340952,236.340952
2023-02-09,205.917687,207.203468,201.075216,202.059928,,203.991769,205.917687,207.203468,201.075216,202.059928,,203.991769,238.489523,239.978737,232.88106,234.021912,,234.021912,234.021912
2023-02-10,201.520194,203.963385,199.863791,202.434298,,201.929196,201.520194,203.963385,199.863791,202.434298,,201.929196,233.443421,236.273723,231.523943,234.502288,,234.502288,234.502288
2023-02-13,202.801604,205.566293,201.614068,204.651575,,203.701627,202.801604,205.566293,201.614068,204.651575,,203.701627,234.961807,238.165941,233.586127,237.105188,,237.105188,237.105188
2023-02-14,203.914121,206.48812,201.572359,204.619175,,204.231873,203.914121,206.48812,201.572359,204.619175,,204.231873,236.278502,239.259965,233.563235,237.094446,,237.094446,237.094446
2023-02-15,203.4408,206.036103,202.139773,205.316702,,204.277803,203.4408,206.036103,202.139773,205.316702,,204.277803,235.784772,238.794912,234.277354,237.959234,,237.959234,237.959234
2023-02-16,202.770534,205.575188,201.250255,202.51856,,203.036004,202.770534,205.575188,201.250255,202.51856,,203.036004,235.027689,238.277587,233.265873,234.735455,,234.735455,234.735455
2023-02-17,201.431754,203.290975,199.235011,201.930144,,201.462948,201.431754,203.290975,199.235011,201.930144,,201.462948,233.515821,235.670917,230.967927,234.09332,,234.09332,234.09332
2023-02-21,199.875165,201.353851,197.063484,197.919522,,198.993371,199.875165,201.353851,197.063484,197.919522,,198.993371,231.715639,233.429608,228.454837,229.44745,,229.44745,229.44745
2023-02-22,198.13092,199.701802,195.989831,197.604896,,197.865521,198.13092,199.701802,195.989831,197.604896,,197.865521,229.694467,231.517751,227.214284,229.085451,,229.085451,229.085451
2023-02-23,199.08283,200.318548,195.904733,198.493458,,198.385771,199.08283,200.318548,195.904733,198.493458,,198.385771,230.816488,232.248762,227.131638,230.133197,,230.133197,230.133197
2023-02-24,195.96683,197.64396,194.215044,196.397069,,196.038221,195.96683,197.64396,194.215044,196.397069,,196.038221,227.209967,229.154185,225.178893,227.709383,,227.709383,227.709383
2023-02-27,198.013222,199.285025,196.034889,197.01862,,197.592187,198.013222,199.285025,196.034889,197.01862,,197.592187,229.609888,231.085249,227.315606,228.456492,,228.456492,228.456492
2023-02-28,196.726364,198.730861,195.263557,196.468507,,196.814145,196.726364,198.730861,195.263557,196.468507,,196.814145,228.141393,230.46538,226.44464,227.841161,,227.841161,227.841161
2023-03-01,195.987384,197.772692,193.939438,195.560647,,195.787481,195.987384,197.772692,193.939438,195.560647,,195.787481,227.296088,229.365899,224.921067,226.800749,,226.800749,226.800749
2023-03-02,194.517459,197.867551,193.440063,197.047588,,195.776668,194.517459,197.867551,193.440063,197.047588,,195.776668,225.625814,229.512306,224.376513,228.560518,,228.560518,228.560518
2023-03-03,198.019153,200.791892,196.865063,200.238645,,199.049648,198.019153,200.791892,196.865063,200.238645,,199.049648,229.705562,232.922495,228.365844,232.280498,,232.280498,232.280498
2023-03-06,200.630694,202.837775,199.25688,200.5312,,200.800753,200.630694,202.837775,199.25688,200.5312,,200.800753,232.743771,235.302801,231.15119,232.62814,,232.62814,232.62814
2023-03-07,200.467876,201.468084,196.719339,197.498475,,198.974305,200.467876,201.468084,196.719339,197.498475,,198.974305,232.560417,233.720908,228.211298,229.115535,,229.115535,229.115535
2023-03-08,197.500805,199.329014,195.790857,197.760298,,197.58702,197.500805,199.329014,195.790857,197.760298,,197.58702,229.139182,231.26052,227.154556,229.44008,,229.44008,229.44008
2023-03-09,198.130881,199.942638,193.477809,194.13756,,196.357968,198.130881,199.942638,193.477809,194.13756,,196.357968,229.904694,232.005411,224.504438,225.270066,,225.270066,225.270066
2023-03-10,193.847766,195.703785,189.89116,191.360363,,192.62597,193.847766,195.703785,189.89116,191.360363,,192.62597,224.950924,227.102683,220.357621,222.063213,,222.063213,222.063213
2023-03-13,189.389862,194.540541,187.506364,191.177728,,190.752126,189.389862,194.540541,187.506364,191.177728,,190.752126,219.781707,225.758338,217.594873,221.855816,,221.855816,221.855816
2023-03-14,193.827323,196.397966,191.385487,194.480503,,194.052056,193.827323,196.397966,191.385487,194.480503,,194.052056,224.979673,227.965192,222.145069,225.738437,,225.738437,225.738437
2023-03-15,191.762897,194.879994,189.418244,193.422785,,192.386117,191.762897,194.879994,189.418244,193.422785,,192.386117,222.590399,226.209028,219.868922,224.517001,,224.517001,224.517001
2023-03-16,192.469548,198.063377,190.961519,196.956724,,194.754912,192.469548,198.063377,190.961519,196.956724,,194.754912,223.444083,229.937886,221.694013,228.654285,,228.654285,228.654285
2023-03-17,196.735091,198.237292,193.378214,195.055338,,195.77278,196.735091,198.237292,193.378214,195.055338,,195.77278,228.401045,230.146712,224.504183,226.451527,,226.451527,226.451527
2023-03-20,195.200909,198.160035,193.749785,196.693985,,195.996543,195.200909,198.160035,193.749785,196.693985,,195.996543,226.621001,230.057756,224.937244,228.355085,,228.355085,228.355085
2023-03-21,198.411954,200.736976,196.371934,199.42994,,198.795394,198.411954,200.736976,196.371934,199.42994,,198.795394,230.366956,233.066133,227.998427,231.54867,,231.54867,231.54867
2023-03-22,199.352878,201.807565,196.068011,196.240503,,198.324305,199.352878,201.807565,196.068011,196.240503,,198.324305,231.475064,234.324635,227.658307,227.860916,,227.860916,227.860916
2023-03-23,197.670512,200.314501,195.124506,196.970681,,197.504541,197.670512,200.314501,195.124506,196.970681,,197.504541,229.536487,232.606639,226.581355,228.724707,,228.724707,228.724707
2023-03-24,196.097319,198.627969,194.235719,197.976513,,196.735879,196.097319,198.627969,194.235719,197.976513,,196.735879,227.712849,230.652236,225.549891,229.8952,,229.8952,229.8952
2023-03-27,199.099696,200.571458,196.671076,198.071772,,198.571055,199.099696,200.571458,196.671076,198.071772,,198.571055,231.197718,232.907052,228.377632,230.004718,,230.004718,230.004718
2023-03-28,197.83556,199.212567,195.740681,197.613241,,197.558827,197.83556,199.212567,195.740681,197.613241,,197.558827,229.737545,231.337234,227.303219,229.478443,,229.478443,229.478443
2023-03-29,199.537874,201.18074,198.209181,200.321929,,199.832277,199.537874,201.18074,198.209181,200.321929,,199.832277,231.711945,233.620995,230.169981,232.623525,,232.623525,232.623525
2023-03-30,201.527125,202.656683,199.815491,201.359959,,201.329948,201.527125,202.656683,199.815491,201.359959,,201.329948,234.051083,235.364224,232.064916,233.857507,,233.857507,233.857507
2023-03-31,201.982507,204.830991,201.150143,204.341919,,203.156631,201.982507,204.830991,201.150143,204.341919,,203.156631,234.589475,237.898826,233.622941,237.329735,,237.329735,237.329735
2023-04-03,203.956931,206.430255,202.479337,205.133164,,204.48412,203.956931,206.430255,202.479337,205.133164,,204.48412,236.884606,239.757229,235.167611,238.249637,,238.249637,238.249637
2023-04-04,205.373072,206.680129,202.590065,204.056132,,204.635096,205.373072,206.680129,202.590065,204.056132,,204.635096,238.548254,240.065467,235.314361,237.017976,,237.017976,237.017976
2023-04-05,203.814668,205.54336,201.424352,203.565973,,203.519886,203.814668,205.54336,201.424352,203.565973,,203.519886,236.764941,238.773006,233.989392,236.476313,,236.476313,236.476313
2023-04-06,203.127743,205.764636,201.515305,204.574165,,203.773615,203.127743,205.764636,201.515305,204.574165,,203.773615,236.013236,239.076801,234.138924,237.693118,,237.693118,237.693118
2023-04-10,203.214913,205.335288,201.519351,204.567787,,203.708033,203.214913,205.335288,201.519351,204.567787,,203.708033,236.122782,238.585984,234.152545,237.693877,,237.693877,237.693877
2023-04-11,204.806641,206.224115,203.164813,204.475829,,204.656921,204.806641,206.224115,203.164813,204.475829,,204.656921,237.971043,239.61985,236.064491,237.587389,,237.587389,237.587389
2023-04-12,205.646732,206.876044,202.769829,203.620203,,204.640103,205.646732,206.876044,202.769829,203.620203,,204.640103,238.950526,240.379833,235.607617,236.596786,,236.596786,236.596786
2023-04-13,204.316603,207.095585,203.044628,206.442391,,205.308981,204.316603,207.095585,203.044628,206.442391,,205.308981,237.439941,240.67068,235.961386,239.910974,,239.910974,239.910974
2023-04-14,206.046044,207.973059,204.239061,206.169843,,206.097739,206.046044,207.973059,204.239061,206.169843,,206.097739,239.45145,241.69083,237.351646,239.594933,,239.594933,239.594933
2023-04-17,205.776309,207.574578,204.225274,206.575308,,206.024772,205.776309,207.574578,204.225274,206.575308,,206.024772,239.139097,241.231919,237.337651,240.069049,,240.069049,240.069049
2023-04-18,207.405175,208.553225,205.113399,206.644224,,206.874137,207.405175,208.553225,205.113399,206.644224,,206.874137,241.033644,242.367496,238.369665,240.149814,,240.149814,240.149814
2023-04-19,205.647171,207.830907,204.351803,206.590161,,206.148782,205.647171,207.830907,204.351803,206.590161,,206.148782,238.991977,241.529297,237.485782,240.08758,,240.08758,240.08758
2023-04-20,205.05094,207.430663,203.647343,205.493625,,205.428861,205.05094,207.430663,203.647343,205.493625,,205.428861,238.321459,241.087659,236.690035,238.836378,,238.836378,238.836378
2023-04-21,205.764073,207.123494,203.897109,205.694643,,205.621286,205.764073,207.123494,203.897109,205.694643,,205.621286,239.155523,240.735905,236.986385,239.075177,,239.075177,239.075177
2023-04-24,205.681906,207.358044,203.973359,205.908565,,205.709138,205.681906,207.358044,203.973359,205.908565,,205.709138,239.058441,241.007751,237.072671,239.322563,,239.322563,239.322563
2023-04-25,205.025637,206.370343,202.027031,202.689386,,203.963924,205.025637,206.370343,202.027031,202.689386,,203.963924,238.305462,239.869624,234.819936,235.590589,,235.590589,235.590589
2023-04-26,203.24699,205.118448,200.481966,201.916458,,202.65839,203.24699,205.118448,200.481966,201.916458,,202.65839,236.24002,238.414912,233.024852,234.693355,,234.693355,234.693355
2023-04-27,203.210804,206.96131,201.49165,206.025009,,204.492914,203.210804,206.96131,201.49165,206.025009,,204.492914,236.204747,240.563531,234.204455,239.474285,,239.474285,239.474285
2023-04-28,205.580152,208.679319,204.172275,207.564724,,206.544896,205.580152,208.679319,204.172275,207.564724,,206.544896,238.981196,242.584497,237.345103,241.287883,,241.287883,241.287883
2023-05-01,207.433615,209.523338,205.922879,207.449702,,207.558106,207.433615,209.523338,205.922879,207.449702,,207.558106,241.135214,243.565368,239.378416,241.154492,,241.154492,241.154492
2023-05-02,207.028256,208.127875,202.828411,205.038371,,205.720804,207.028256,208.127875,202.828411,205.038371,,205.720804,240.666896,241.942994,235.780892,238.351688,,238.351688,238.351688
2023-05-03,205.308286,207.501331,202.802706,203.679704,,204.822324,205.308286,207.501331,202.802706,203.679704,,204.822324,238.669641,241.217083,235.753899,236.775533,,236.775533,236.775533
2023-05-04,203.215175,204.751603,200.462873,202.274228,,202.643166,203.215175,204.751603,200.462873,202.274228,,202.643166,236.263078,238.050092,233.063494,235.170128,,235.170128,235.170128
2023-05-05,204.061073,207.024631,202.85483,205.927515,,205.027484,204.061073,207.024631,202.85483,205.927515,,205.027484,237.260515,240.706739,235.857541,239.430385,,239.430385,239.430385
2023-05-08,206.024516,207.748589,204.213363,206.194952,,206.035664,206.024516,207.748589,204.213363,206.194952,,206.035664,239.547431,241.552102,237.442224,239.745818,,239.745818,239.745818
2023-05-09,205.412775,207.235185,203.895793,205.270309,,205.464904,205.412775,207.235185,203.895793,205.270309,,205.464904,238.850924,240.970654,237.08634,238.685268,,238.685268,238.685268
2023-05-10,206.646781,208.624287,203.800066,206.490131,,206.371745,206.646781,208.624287,203.800066,206.490131,,206.371745,240.291836,242.589495,236.979913,240.10879,,240.10879,240.10879
2023-05-11,206.360153,207.967963,204.294837,206.578327,,206.317027,206.360153,207.967963,204.294837,206.578327,,206.317027,240.007529,241.877181,237.605299,240.260511,,240.260511,240.260511
2023-05-12,207.11261,208.22985,204.561008,206.335467,,206.488886,207.11261,208.22985,204.561008,206.335467,,206.488886,240.936422,242.236003,237.966811,240.031404,,240.031404,240.031404
2023-05-15,206.464902,208.230038,204.732658,206.796787,,206.566158,206.464902,208.230038,204.732658,206.796787,,206.566158,240.210888,242.266813,238.195861,240.5976,,240.5976,240.5976
2023-05-16,206.26831,208.406141,204.361863,205.825526,,206.254668,206.26831,208.406141,204.361863,205.825526,,206.254668,239.992683,242.481204,237.773437,239.478054,,239.478054,239.478054
2023-05-17,206.736265,209.322732,205.054966,208.233841,,207.383045,206.736265,209.322732,205.054966,208.233841,,207.383045,240.578971,243.588688,238.624073,242.322272,,242.322272,242.322272
2023-05-18,208.076281,210.996137,206.781906,210.235623,,209.086142,208.076281,210.996137,206.781906,210.235623,,209.086142,242.181285,245.580971,240.674586,244.69406,,244.69406,244.69406
2023-05-19,210.827812,212.313193,208.660553,209.940043,,210.405339,210.827812,212.313193,208.660553,209.940043,,210.405339,245.389178,247.116999,242.866555,244.356486,,244.356486,244.356486
2023-05-22,209.921877,212.336654,208.135172,210.122552,,210.148441,209.921877,212.336654,208.135172,210.122552,,210.148441,244.358304,247.16878,242.278038,244.592233,,244.592233,244.592233
2023-05-23,209.241959,211.197642,206.736341,207.707698,,208.710111,209.241959,211.197642,206.736341,207.707698,,208.710111,243.573037,245.849366,240.654488,241.786507,,241.786507,241.786507
2023-05-24,206.842597,208.161112,204.604396,206.185461,,206.448463,206.842597,208.161112,204.604396,206.185461,,206.448463,240.782496,242.315939,238.177198,240.017641,,240.017641,240.017641
2023-05-25,208.127148,210.095588,205.289294,208.044546,,207.867868,208.127148,210.095588,205.289294,208.044546,,207.867868,242.283149,244.57563,238.978906,242.187458,,242.187458,242.187458
2023-05-26,208.380087,212.262006,207.242394,210.695629,,209.771158,208.380087,212.262006,207.242394,210.695629,,209.771158,242.59431,247.11507,241.270444,245.290147,,245.290147,245.290147
2023-05-30,211.758618,213.636743,208.850615,210.655127,,211.175778,211.758618,213.636743,208.850615,210.655127,,211.175778,246.546137,248.731964,243.158212,245.261102,,245.261102,245.261102
2023-05-31,209.695346,211.955575,207.255603,209.440705,,209.575267,209.695346,211.955575,207.255603,209.440705,,209.575267,244.185604,246.818095,241.344061,243.888485,,243.888485,243.888485
2023-06-01,209.566498,212.790525,207.952907,211.491416,,210.530228,209.566498,212.790525,207.952907,211.491416,,210.530228,244.078538,247.833501,242.198685,246.320014,,246.320014,246.320014
2023-06-02,212.754676,216.00833,211.433184,214.406471,,213.690331,212.754676,216.00833,211.433184,214.406471,,213.690331,247.806186,251.594791,246.265448,249.728737,,249.728737,249.728737
2023-06-05,214.531363,216.782919,212.324847,214.132377,,214.472124,214.531363,216.782919,212.324847,214.132377,,214.472124,249.879776,252.501621,247.309475,249.414455,,249.414455,249.414455
2023-06-06,213.958744,216.515836,211.926705,214.710547,,214.316577,213.958744,216.515836,211.926705,214.710547,,214.316577,249.218236,252.196396,246.850922,250.09363,,250.09363,250.09363
2023-06-07,214.81582,217.522965,211.300745,213.501732,,214.17989,214.81582,217.522965,211.300745,213.501732,,214.17989,250.224018,253.380622,246.130245,248.694175,,248.694175,248.694175
2023-06-08,213.494695,216.016467,211.892029,214.78985,,214.133291,213.494695,216.016467,211.892029,214.78985,,214.133291,248.711747,251.650563,246.84484,250.220717,,250.220717,250.220717
2023-06-09,215.37181,217.285351,213.666822,215.06823,,215.336933,215.37181,217.285351,213.666822,215.06823,,215.336933,250.90315,253.132788,248.916939,250.54988,,250.54988,250.54988
2023-06-12,215.653938,218.064971,213.932695,217.101745,,216.23606,215.653938,218.064971,213.932695,217.101745,,216.23606,251.232968,254.041746,249.227675,252.919385,,252.919385,252.919385
2023-06-13,218.065315,220.306393,216.144839,218.506736,,218.251233,218.065315,220.306393,216.144839,218.506736,,218.251233,254.053294,256.663738,251.8148,254.567482,,254.567482,254.567482
2023-06-14,218.591896,220.901304,215.936758,218.733897,,218.515442,218.591896,220.901304,215.936758,218.733897,,218.515442,254.716888,257.408499,251.624586,254.882487,,254.882487,254.882487
2023-06-15,218.276142,222.496221,217.329931,221.37592,,219.980511,218.276142,222.496221,217.329931,221.37592,,219.980511,254.394735,259.312684,253.29143,258.006699,,258.006699,258.006699
2023-06-16,222.65993,223.790554,219.48248,220.466286,,221.518649,222.65993,223.790554,219.48248,220.466286,,221.518649,259.504232,260.821572,255.801016,256.94772,,256.94772,256.94772
2023-06-20,219.372174,221.724406,217.422869,219.4893,,219.53269,219.372174,221.724406,217.422869,219.4893,,219.53269,255.674181,258.418537,253.404395,255.812186,,255.812186,255.812186
2023-06-21,218.897677,220.714619,216.211972,218.214648,,218.432148,218.897677,220.714619,216.211972,218.214648,,218.432148,255.138586,257.255572,252.006776,254.341963,,254.341963,254.341963
2023-06-22,217.669097,220.453094,215.955819,219.227272,,218.410412,217.669097,220.453094,215.955819,219.227272,,218.410412,253.724673,256.96926,251.726229,255.540206,,255.540206,255.540206
2023-06-23,217.43971,219.436157,215.824273,217.599351,,217.585255,217.43971,219.436157,215.824273,217.599351,,217.585255,253.462315,255.789405,251.57778,253.648102,,253.648102,253.648102
2023-06-26,217.297627,219.637333,214.639955,216.294215,,216.944474,217.297627,219.637333,214.639955,216.294215,,216.944474,253.300758,256.027081,250.20175,252.130606,,252.130606,252.130606
2023-06-27,216.742076,219.747991,215.30742,218.638166,,217.665636,216.742076,219.747991,215.30742,218.638166,,217.665636,252.651544,256.155791,250.979256,254.861841,,254.861841,254.861841
2023-06-28,217.99856,220.311279,216.374824,218.719853,,218.401002,217.99856,220.311279,216.374824,218.719853,,218.401002,254.118159,256.814709,252.225189,254.958185,,254.958185,254.958185
2023-06-29,218.578014,220.719278,217.171557,219.551542,,219.005286,218.578014,220.719278,217.171557,219.551542,,219.005286,254.822023,257.31775,253.183064,255.956332,,255.956332,255.956332
2023-06-30,221.180642,223.583972,220.110889,222.178299,,221.816647,221.180642,223.583972,220.110889,222.178299,,221.816647,257.863742,260.665938,256.617084,259.02737,,259.02737,259.02737
2023-07-03,221.948879,223.79389,220.46246,222.442643,,222.167179,221.948879,223.79389,220.46246,222.442643,,222.167179,258.770835,260.923449,257.039326,259.347148,,259.347148,259.347148
2023-07-05,221.399819,224.037676,220.048339,222.209345,,221.949342,221.399819,224.037676,220.048339,222.209345,,221.949342,258.162391,261.238668,256.586195,259.106223,,259.106223,259.106223
2023-07-06,220.217443,221.784635,218.083241,220.417818,,220.112709,220.217443,221.784635,218.083241,220.417818,,220.112709,256.800034,258.627872,254.308616,257.033525,,257.033525,257.033525
2023-07-07,219.838596,222.427997,218.504642,219.720377,,220.157615,219.838596,222.427997,218.504642,219.720377,,220.157615,256.394498,259.414166,254.839086,256.25682,,256.25682,256.25682
2023-07-10,219.432482,221.755116,217.470311,219.922492,,219.674139,219.432482,221.755116,217.470311,219.922492,,219.674139,255.924897,258.633453,253.636081,256.496317,,256.496317,256.496317
2023-07-11,220.308199,222.424668,218.548486,221.36592,,220.688302,220.308199,222.424668,218.548486,221.36592,,220.688302,256.953677,259.423131,254.90106,258.186699,,258.186699,258.186699
2023-07-12,223.303617,225.339958,221.448516,223.097185,,223.272553,223.303617,225.339958,221.448516,223.097185,,223.272553,260.450211,262.825274,258.286868,260.209708,,260.209708,260.209708
2023-07-13,224.274749,226.59351,222.781188,225.295308,,224.748161,224.274749,226.59351,222.781188,225.295308,,224.748161,261.609049,264.312876,259.865005,262.798329,,262.798329,262.798329
2023-07-14,225.75414,227.895003,223.452402,225.179688,,225.601523,225.75414,227.895003,223.452402,225.179688,,225.601523,263.343155,265.840209,260.657849,262.672753,,262.672753,262.672753
2023-07-17,225.246921,227.632359,223.546524,225.940736,,225.64242,225.246921,227.632359,223.546524,225.940736,,225.64242,262.748763,265.531869,260.764708,263.558474,,263.558474,263.558474
2023-07-18,225.832194,229.281394,223.969502,227.371293,,226.650274,225.832194,229.281394,223.969502,227.371293,,226.650274,263.433259,267.457578,261.261623,265.229354,,265.229354,265.229354
2023-07-19,228.003813,230.525185,225.774119,227.759576,,227.991746,228.003813,230.525185,225.774119,227.759576,,227.991746,265.969921,268.910048,263.368717,265.685079,,265.685079,265.685079
2023-07-20,227.148099,229.805646,223.842399,226.029671,,226.614296,227.148099,229.805646,223.842399,226.029671,,226.614296,264.996224,268.096889,261.139934,263.691593,,263.691593,263.691593
2023-07-21,227.056717,228.716924,224.170952,226.140778,,226.463698,227.056717,228.716924,224.170952,226.140778,,226.463698,264.891593,266.827089,261.523732,263.821634,,263.821634,263.821634
2023-07-24,226.730203,229.110765,225.087016,227.13183,,227.03172,226.730203,229.110765,225.087016,227.13183,,227.03172,264.51211,267.289674,262.594692,264.981057,,264.981057,264.981057
2023-07-25,227.034787,229.503372,225.536205,227.757233,,227.46273,227.034787,229.503372,225.536205,227.757233,,227.46273,264.872677,267.752558,263.123746,265.715324,,265.715324,265.715324
2023-07-26,227.888116,230.32461,225.653468,228.254829,,228.045945,227.888116,230.32461,225.653468,228.254829,,228.045945,265.871061,268.715612,263.265732,266.299511,,266.299511,266.299511
2023-07-27,230.18635,232.09959,225.753633,226.903522,,228.626426,230.18635,232.09959,225.753633,226.903522,,228.626426,268.5673,270.800565,263.395935,264.738025,,264.738025,264.738025
2023-07-28,228.647947,231.130524,226.681519,229.289593,,228.970857,228.647947,231.130524,226.681519,229.289593,,228.970857,266.80014,269.696491,264.505348,267.548204,,267.548204,267.548204
2023-07-31,229.544814,231.070403,227.709535,229.615163,,229.483639,229.544814,231.070403,227.709535,229.615163,,229.483639,267.852146,269.631314,265.710296,267.933814,,267.933814,267.933814
2023-08-01,228.880574,230.885176,227.030588,228.948573,,228.928226,228.880574,230.885176,227.030588,228.948573,,228.928226,267.082463,269.422322,264.923879,267.161983,,267.161983,267.161983
2023-08-02,227.363693,228.886418,224.018478,225.760945,,226.42208,227.363693,228.886418,224.018478,225.760945,,226.42208,265.312729,267.091062,261.410456,263.443082,,263.443082,263.443082
2023-08-03,224.646201,227.262638,223.072016,225.26616,,225.122746,224.646201,227.262638,223.072016,225.26616,,225.122746,262.153556,265.209059,260.319282,262.878887,,262.878887,262.878887
2023-08-04,226.129998,228.573568,223.238981,224.152884,,225.488883,226.129998,228.573568,223.238981,224.152884,,225.488883,263.904016,266.756578,260.529751,261.597108,,261.597108,261.597108
2023-08-07,225.197715,227.682125,223.566656,226.365777,,225.727156,225.197715,227.682125,223.566656,226.365777,,225.727156,262.825413,265.724244,260.920528,264.188106,,264.188106,264.188106
2023-08-08,225.103085,226.939476,222.426717,225.496929,,224.966412,225.103085,226.939476,222.426717,225.496929,,224.966412,262.717741,264.859793,259.591869,263.176174,,263.176174,263.176174
2023-08-09,225.671603,227.083455,222.614597,223.868483,,224.732052,225.671603,227.083455,222.614597,223.868483,,224.732052,263.402737,265.050556,259.834713,261.297715,,261.297715,261.297715
2023-08-10,225.156089,227.487068,222.912039,223.947485,,224.871291,225.156089,227.487068,222.912039,223.947485,,224.871291,262.837498,265.557422,260.215107,261.425233,,261.425233,261.425233
2023-08-11,222.980627,224.996225,221.707558,223.733311,,223.36972,222.980627,224.996225,221.707558,223.733311,,223.36972,260.335533,262.688478,258.847423,261.2129,,261.2129,261.2129
2023-08-14,223.359273,226.004176,222.014722,225.065212,,224.182571,223.359273,226.004176,222.014722,225.065212,,224.182571,260.792592,263.881659,259.221677,262.783624,,262.783624,262.783624
2023-08-15,224.154813,225.372205,221.573434,222.496671,,223.345676,224.154813,225.372205,221.573434,222.496671,,223.345676,261.755846,263.178613,258.739374,259.818878,,259.818878,259.818878
2023-08-16,222.122012,224.060119,220.179987,220.823463,,221.755544,222.122012,224.060119,220.179987,220.823463,,221.755544,259.418349,261.683425,257.151367,257.902912,,257.902912,257.902912
2023-08-17,221.499007,223.056182,218.497316,219.283528,,220.491117,221.499007,223.056182,218.497316,219.283528,,220.491117,258.738612,260.558207,255.233451,256.151838,,256.151838,256.151838
2023-08-18,217.509748,220.515328,216.275051,219.072651,,218.398174,217.509748,220.515328,216.275051,219.072651,,218.398174,254.095156,257.606544,252.652334,255.920852,,255.920852,255.920852
2023-08-21,219.563052,221.837738,217.703769,220.511593,,219.946793,219.563052,221.837738,217.703769,220.511593,,219.946793,256.49646,259.154339,254.322758,257.605078,,257.605078,257.605078
2023-08-22,221.40656,222.596784,218.796997,220.009151,,220.643995,221.40656,222.596784,218.796997,220.009151,,220.643995,258.653602,260.045555,255.606267,257.022155,,257.022155,257.022155
2023-08-23,220.618239,223.707152,219.36086,222.549292,,221.64104,220.618239,223.707152,219.36086,222.549292,,221.64104,257.737541,261.347031,256.2671,259.993421,,259.993421,259.993421
2023-08-24,223.503763,225.040381,218.997655,219.483846,,221.592444,223.503763,225.040381,218.997655,219.483846,,221.592444,261.114495,262.910171,255.848112,256.417971,,256.417971,256.417971
2023-08-25,220.160594,222.502598,217.887973,220.928984,,220.412332,220.160594,222.502598,217.887973,220.928984,,220.412332,257.23662,259.973494,254.581228,258.135108,,258.135108,258.135108
2023-08-28,222.131905,223.831698,220.395469,222.308253,,222.137391,222.131905,223.831698,220.395469,222.308253,,222.137391,259.543607,261.529989,257.515131,259.749784,,259.749784,259.749784
2023-08-29,222.393858,226.601271,221.502821,225.659495,,224.191877,222.393858,226.601271,221.502821,225.659495,,224.191877,259.855739,264.772348,258.813624,263.671975,,263.671975,263.671975
2023-08-30,225.876372,227.908089,224.557664,226.564799,,226.26508,225.876372,227.908089,224.557664,226.564799,,226.26508,263.965716,266.33957,262.422532,264.770073,,264.770073,264.770073
2023-08-31,226.786682,228.590962,225.103367,226.249212,,226.704743,226.786682,228.590962,225.103367,226.249212,,226.704743,265.088238,267.199109,263.12,264.460783,,264.460783,264.460783
2023-09-01,227.729688,228.875065,224.964854,226.558262,,226.961288,227.729688,228.875065,224.964854,226.558262,,226.961288,266.206065,267.544062,262.972609,264.835343,,264.835343,264.835343
2023-09-05,226.285446,228.244122,224.022315,225.719595,,226.08877,226.285446,228.244122,224.022315,225.719595,,226.08877,264.527958,266.817227,261.880999,263.8664,,263.8664,263.8664
2023-09-06,225.275901,226.655325,222.207694,224.13236,,224.539463,225.275901,226.655325,222.207694,224.13236,,224.539463,263.352457,264.96451,259.766914,262.015382,,262.015382,262.015382
2023-09-07,222.564889,225.268918,220.83971,223.595189,,223.110445,222.564889,225.268918,220.83971,223.595189,,223.110445,260.215611,263.378703,258.201073,261.421466,,261.421466,261.421466
2023-09-08,223.604648,225.821616,222.225352,223.991148,,223.923266,223.604648,225.821616,222.225352,223.991148,,223.923266,261.446822,264.040766,259.834436,261.899478,,261.899478,261.899478
2023-09-11,225.343566,227.256184,223.151906,225.546088,,225.368608,225.343566,227.256184,223.151906,225.546088,,225.368608,263.481268,265.718749,260.918985,263.718192,,263.718192,263.718192
2023-09-12,224.696165,226.805877,222.481583,224.140592,,224.536808,224.696165,226.805877,222.481583,224.140592,,224.536808,262.733437,265.202411,260.145037,262.084635,,262.084635,262.084635
2023-09-13,224.210011,226.635062,222.366736,224.571966,,224.500677,224.210011,226.635062,222.366736,224.571966,,224.500677,262.167609,265.004204,260.01177,262.591392,,262.591392,262.591392
2023-09-14,225.791818,227.708288,223.94171,226.448461,,225.991929,225.791818,227.708288,223.94171,226.448461,,225.991929,264.083428,266.327785,261.923534,264.85288,,264.85288,264.85288
2023-09-15,225.827236,227.142256,222.646559,223.816468,,224.748322,225.827236,227.142256,222.646559,223.816468,,224.748322,264.135843,265.674296,260.415603,261.784225,,261.784225,261.784225
2023-09-18,223.593212,225.739864,221.942937,224.017584,,223.806618,223.593212,225.739864,221.942937,224.017584,,223.806618,261.525709,264.035495,259.594239,262.021942,,262.021942,262.021942
2023-09-19,223.531657,225.027255,221.361063,223.565133,,223.336984,223.531657,225.027255,221.361063,223.565133,,223.336984,261.453133,263.202309,258.914663,261.492153,,261.492153,261.492153
2023-09-20,224.171251,225.604986,220.71344,221.250113,,222.934778,224.171251,225.604986,220.71344,221.250113,,222.934778,262.21702,263.893279,258.171577,258.800222,,258.800222,258.800222
2023-09-21,219.67367,221.282489,216.764788,217.557147,,218.769665,219.67367,221.282489,216.764788,217.557147,,218.769665,256.963064,258.846296,253.560354,254.488021,,254.488021,254.488021
2023-09-22,218.16227,219.926069,216.085918,217.05078,,217.800786,218.16227,219.926069,216.085918,217.05078,,217.800786,255.199959,257.263524,252.771704,253.89991,,253.89991,253.89991
2023-09-25,216.382664,218.626096,215.177493,217.935133,,217.092527,216.382664,218.626096,215.177493,217.935133,,217.092527,253.121343,255.746775,251.711692,254.937637,,254.937637,254.937637
2023-09-26,216.414822,217.741645,213.634661,214.710704,,215.55983,216.414822,217.741645,213.634661,214.710704,,215.55983,253.174086,254.724635,249.920524,251.1799,,251.1799,251.1799
2023-09-27,215.320705,216.93076,212.428065,214.878545,,214.829205,215.320705,216.93076,212.428065,214.878545,,214.829205,251.899552,253.784166,248.516629,251.382195,,251.382195,251.382195
2023-09-28,214.536445,217.880691,213.236082,216.186299,,215.541635,214.536445,217.880691,213.236082,216.186299,,215.541635,251.011246,254.92346,249.49005,252.940958,,252.940958,252.940958
2023-09-29,217.836684,218.99453,214.44779,215.515994,,216.654549,217.836684,218.99453,214.44779,215.515994,,216.654549,254.879907,256.234855,250.914793,252.164912,,252.164912,252.164912
2023-10-02,215.236915,217.738563,212.911363,215.830906,,215.469373,215.236915,217.738563,212.911363,215.830906,,215.469373,251.840793,254.767375,249.118686,252.535466,,252.535466,252.535466
2023-10-03,214.722067,216.26333,211.363462,212.888358,,213.698867,214.722067,216.26333,211.363462,212.888358,,213.698867,251.255618,253.059276,247.324389,249.109519,,249.109519,249.109519
2023-10-04,213.158325,215.815777,211.505923,214.77365,,213.846736,213.158325,215.815777,211.505923,214.77365,,213.846736,249.425732,252.536114,247.491227,251.315943,,251.315943,251.315943
2023-10-05,214.426677,216.102146,212.032058,214.488152,,214.202068,214.426677,216.102146,212.032058,214.488152,,214.202068,250.9532,252.914219,248.150095,251.025439,,251.025439,251.025439
2023-10-06,213.168631,218.339318,211.679851,217.059466,,215.183064,213.168631,218.339318,211.679851,217.059466,,215.183064,249.517195,255.570358,247.775495,254.071448,,254.071448,254.071448
2023-10-09,216.102006,219.200237,214.616051,218.406866,,217.089222,216.102006,219.200237,214.616051,218.406866,,217.089222,252.950071,256.578115,251.209297,255.64772,,255.64772,255.64772
2023-10-10,218.775806,221.409553,217.543697,219.472466,,219.424512,218.775806,221.409553,217.543697,219.472466,,219.424512,256.083619,259.168184,254.643394,256.900489,,256.900489,256.900489
2023-10-11,220.072915,222.09361,218.039821,220.547524,,220.136403,220.072915,222.09361,218.039821,220.547524,,220.136403,257.616596,259.984215,255.237782,258.173181,,258.173181,258.173181
2023-10-12,220.848494,222.344652,217.406397,219.170853,,219.92364,220.848494,222.344652,217.406397,219.170853,,219.92364,258.550165,260.302164,254.522395,256.587057,,256.587057,256.587057
2023-10-13,219.923248,221.652005,216.489251,218.014643,,218.936361,219.923248,221.652005,216.489251,218.014643,,218.936361,257.467535,259.490852,253.446267,255.233144,,255.233144,255.233144
2023-10-16,219.05171,221.773332,217.789814,220.320824,,219.797066,219.05171,221.773332,217.789814,220.320824,,219.797066,256.455595,259.642403,254.978364,257.941211,,257.941211,257.941211
2023-10-17,218.692579,221.911656,217.002709,220.326043,,219.566862,218.692579,221.911656,217.002709,220.326043,,219.566862,256.03347,259.804214,254.053766,257.945338,,257.945338,257.945338
2023-10-18,219.380908,221.08188,216.362629,217.42467,,218.49743,219.380908,221.08188,216.362629,217.42467,,218.49743,256.841714,258.834258,253.307088,254.551417,,254.551417,254.551417
2023-10-19,217.72497,219.761433,214.623622,215.668601,,216.907111,217.72497,219.761433,214.623622,215.668601,,216.907111,254.919858,257.30372,251.287943,252.513281,,252.513281,252.513281
2023-10-20,215.47096,216.701811,212.000672,212.914462,,214.180574,215.47096,216.701811,212.000672,212.914462,,214.180574,252.289475,253.730332,248.223709,249.296021,,249.296021,249.296021
2023-10-23,212.070923,215.283375,210.137193,212.703763,,212.643438,212.070923,215.283375,210.137193,212.703763,,212.643438,248.307848,252.07127,246.044297,249.049876,,249.049876,249.049876
2023-10-24,213.785758,216.022491,212.00672,214.344064,,214.055058,213.785758,216.022491,212.00672,214.344064,,214.055058,250.32076,252.941428,248.236603,250.974564,,250.974564,250.974564
2023-10-25,212.62299,214.187977,208.936991,210.465107,,211.453239,212.62299,214.187977,208.936991,210.465107,,211.453239,248.961464,250.794267,244.644085,246.434229,,246.434229,246.434229
2023-10-26,209.704991,212.004955,206.038088,207.828337,,208.880784,209.704991,212.004955,206.038088,207.828337,,208.880784,245.546409,248.240512,241.253069,243.349716,,243.349716,243.349716
2023-10-27,208.580865,210.425198,205.229138,206.911579,,207.773266,208.580865,210.425198,205.229138,206.911579,,207.773266,244.235844,246.395361,240.312796,242.281035,,242.281035,242.281035
2023-10-30,208.344332,211.21749,206.340918,209.452792,,208.860672,208.344332,211.21749,206.340918,209.452792,,208.860672,243.979953,247.34506,241.634128,245.278711,,245.278711,245.278711
2023-10-31,209.76508,211.752525,207.61992,210.743341,,210.017365,209.76508,211.752525,207.61992,210.743341,,210.017365,245.657865,247.987399,243.145264,246.804125,,246.804125,246.804125
2023-11-01,211.153925,214.254392,209.443062,213.034781,,211.993958,211.153925,214.254392,209.443062,213.034781,,211.993958,247.28471,250.91779,245.281436,249.487994,,249.487994,249.487994
2023-11-02,214.986371,218.222267,213.367777,216.908382,,215.895909,214.986371,218.222267,213.367777,216.908382,,215.895909,251.788054,255.580434,249.892716,254.040484,,254.040484,254.040484
2023-11-03,218.021706,220.830117,216.460526,218.881107,,218.605067,218.021706,220.830117,216.460526,218.881107,,218.605067,255.355659,258.646402,253.526703,256.36238,,256.36238,256.36238
2023-11-06,219.226218,221.103675,217.196024,219.354715,,219.154811,219.226218,221.103675,217.196024,219.354715,,219.154811,256.773205,258.972496,254.39589,256.923911,,256.923911,256.923911
2023-11-07,219.404336,221.49539,217.832967,220.034208,,219.744984,219.404336,221.49539,217.832967,220.034208,,219.744984,256.986344,259.435006,255.145222,257.723979,,257.723979,257.723979
2023-11-08,220.356595,221.982737,218.47702,220.316724,,220.217204,220.356595,221.982737,218.47702,220.316724,,220.217204,258.113714,260.018028,255.91196,258.066125,,258.066125,258.066125
2023-11-09,220.773086,222.084839,217.632277,218.517905,,219.676866,220.773086,222.084839,217.632277,218.517905,,219.676866,258.647929,260.184471,254.968076,256.00508,,256.00508,256.00508
2023-11-10,219.465262,222.505969,217.777238,221.895747,,220.502618,219.465262,222.505969,217.777238,221.895747,,220.502618,257.155559,260.719157,255.177244,260.002293,,260.002293,260.002293
2023-11-13,221.24503,223.075339,219.738106,221.729186,,221.503575,221.24503,223.075339,219.738106,221.729186,,221.503575,259.253579,261.400462,257.488931,259.821557,,259.821557,259.821557
2023-11-14,224.68677,227.44865,223.361982,225.780847,,225.376959,224.68677,227.44865,223.361982,225.780847,,225.376959,263.340286,266.576752,261.785835,264.621548,,264.621548,264.621548
2023-11-15,226.419377,228.551475,224.279313,226.169315,,226.327262,226.419377,228.551475,224.279313,226.169315,,226.327262,265.41307,267.913729,262.903221,265.120083,,265.120083,265.120083
2023-11-16,225.87171,228.145546,223.866071,226.52149,,226.11963,225.87171,228.145546,223.866071,226.52149,,226.11963,264.830282,267.497401,262.478197,265.591848,,265.591848,265.591848
2023-11-17,226.826705,228.167873,224.559184,226.670248,,226.576305,226.826705,228.167873,224.559184,226.670248,,226.576305,265.966629,267.53884,263.307584,265.783485,,265.783485,265.783485
2023-11-20,226.292151,229.317514,225.410514,228.312147,,227.395043,226.292151,229.317514,225.410514,228.312147,,227.395043,265.367186,268.916664,264.33316,267.735883,,267.735883,267.735883
2023-11-21,227.916642,229.375811,226.086895,227.946501,,227.85486,227.916642,229.375811,226.086895,227.946501,,227.85486,267.277828,268.988535,265.131397,267.31184,,267.31184,267.31184
2023-11-22,228.732407,230.739666,227.118925,228.931087,,228.892464,228.732407,230.739666,227.118925,228.931087,,228.892464,268.246366,270.599593,266.353323,268.479076,,268.479076,268.479076
2023-11-24,228.876749,230.070243,227.51409,228.925482,,228.874238,228.876749,230.070243,227.51409,228.925482,,228.874238,268.421485,269.821584,266.823795,268.478393,,268.478393,268.478393
2023-11-27,228.539959,230.196854,227.112676,228.475072,,228.611225,228.539959,230.196854,227.112676,228.475072,,228.611225,268.02999,269.973666,266.355288,267.954207,,267.954207,267.954207
2023-11-28,228.187007,230.064132,226.781309,228.758184,,228.457214,228.187007,230.064132,226.781309,228.758184,,228.457214,267.617797,269.818623,265.967771,268.287062,,268.287062,268.287062
2023-11-29,229.731374,231.44961,227.200151,228.325966,,229.176455,229.731374,231.44961,227.200151,228.325966,,229.176455,269.468597,271.483975,266.498138,267.820105,,267.820105,267.820105
2023-11-30,228.64593,230.598851,225.999236,228.921673,,228.515852,228.64593,230.598851,225.999236,228.921673,,228.515852,268.276242,270.569058,265.171321,268.600654,,268.600654,268.600654
2023-12-01,228.461934,231.243719,226.887581,230.083097,,229.230416,228.461934,231.243719,226.887581,230.083097,,229.230416,268.082779,271.348512,266.235229,269.985159,,269.985159,269.985159
2023-12-04,228.255308,230.203982,226.192493,228.695335,,228.335345,228.255308,230.203982,226.192493,228.695335,,228.335345,267.842814,270.127689,265.421291,268.358408,,268.358408,268.358408
2023-12-05,227.944608,230.602215,226.056737,228.741831,,228.338406,227.944608,230.602215,226.056737,228.741831,,228.338406,267.48727,270.607829,265.271896,268.42351,,268.42351,268.42351
2023-12-06,229.744778,231.188499,226.819016,227.784542,,228.871169,229.744778,231.188499,226.819016,227.784542,,228.871169,269.60895,271.302884,266.17337,267.308085,,267.308085,267.308085
2023-12-07,229.187386,231.460364,227.573797,230.035851,,229.565432,229.187386,231.460364,227.573797,230.035851,,229.565432,268.997629,271.664701,267.103108,269.992626,,269.992626,269.992626
2023-12-08,229.354392,231.988816,228.220636,230.752006,,230.082376,229.354392,231.988816,228.220636,230.752006,,230.082376,269.200245,272.291578,267.868167,270.838797,,270.838797,270.838797
2023-12-11,230.267991,232.628294,228.459709,231.417985,,230.704592,230.267991,232.628294,228.459709,231.417985,,230.704592,270.272673,273.042687,268.148856,271.621258,,271.621258,271.621258
2023-12-12,231.011031,233.254297,229.508687,232.274758,,231.517709,231.011031,233.254297,229.508687,232.274758,,231.517709,271.155277,273.788425,269.392526,272.638968,,272.638968,272.638968
2023-12-13,232.402517,236.197411,230.633138,235.264804,,233.635832,232.402517,236.197411,230.633138,235.264804,,233.635832,272.792703,277.24738,270.716495,276.152631,,276.152631,276.152631
2023-12-14,236.24943,239.090322,232.482678,235.714079,,235.858288,236.24943,239.090322,232.482678,235.714079,,235.858288,277.366478,280.702592,272.945259,276.738088,,276.738088,276.738088
2023-12-15,234.83685,237.693541,233.192423,235.79033,,235.382403,234.83685,237.693541,233.192423,235.79033,,235.382403,275.723037,279.075301,273.791186,276.841367,,276.841367,276.841367
2023-12-18,236.284577,239.012159,234.646495,237.08989,,236.768682,236.284577,239.012159,234.646495,237.08989,,236.768682,277.423594,280.626986,275.501486,278.369484,,278.369484,278.369484
2023-12-19,237.34657,239.495202,236.203211,238.474753,,237.886302,237.34657,239.495202,236.203211,238.474753,,237.886302,278.690199,281.212518,277.347381,280.014623,,280.014623,280.014623
2023-12-20,238.224821,240.223504,234.976881,235.276718,,237.159363,238.224821,240.223504,234.976881,235.276718,,237.159363,279.750073,282.097012,275.932951,276.287767,,276.287767,276.287767
2023-12-21,236.937758,238.685643,235.211653,237.705038,,237.13428,236.937758,238.685643,235.211653,237.705038,,237.13428,278.241167,280.294661,276.213334,279.141353,,279.141353,279.141353
2023-12-22,238.23205,239.834162,236.764072,238.124564,,238.23585,238.23205,239.834162,236.764072,238.124564,,238.23585,279.760982,281.643715,278.038113,279.634722,,279.634722,279.634722
2023-12-26,238.36246,240.125058,237.57355,239.067011,,238.783745,238.36246,240.125058,237.57355,239.067011,,238.783745,279.914303,281.984694,278.987844,280.742045,,280.742045,280.742045
2023-12-27,238.936668,240.372958,237.705565,239.280526,,239.074694,238.936668,240.372958,237.705565,239.280526,,239.074694,280.652375,282.340338,279.205676,281.056614,,281.056614,281.056614
2023-12-28,239.565631,240.829201,238.324933,239.343452,,239.514057,239.565631,240.829201,238.324933,239.343452,,239.514057,281.418491,282.90312,279.959945,281.157959,,281.157959,281.157959
2023-12-29,239.265437,240.316611,237.383921,238.676179,,238.905491,239.265437,240.316611,237.383921,238.676179,,238.905491,281.078099,282.312744,278.867762,280.385242,,280.385242,280.385242
2024-01-02,237.143406,239.895154,234.293213,237.330009,,237.166908,237.143406,239.895154,234.293213,237.330009,,237.166908,278.592386,281.824311,275.242665,278.811143,,278.811143,278.811143
2024-01-03,236.252366,238.292938,234.02771,235.651382,,236.064702,236.252366,238.292938,234.02771,235.651382,,236.064702,277.555973,279.953217,274.942798,276.851074,,276.851074,276.851074
2024-01-04,235.310306,237.591033,233.48103,234.675924,,235.260587,235.310306,237.591033,233.48103,234.675924,,235.260587,276.485356,279.165699,274.335935,275.740347,,275.740347,275.740347
2024-01-05,234.785913,237.070614,233.1339,235.024741,,235.00576,234.785913,237.070614,233.1339,235.024741,,235.00576,275.867803,278.552927,273.926981,276.149109,,276.149109,276.149109
2024-01-08,235.322145,238.892187,233.984322,238.382352,,236.657212,235.322145,238.892187,233.984322,238.382352,,236.657212,276.504151,280.700697,274.933231,280.1008,,280.1008,280.1008
2024-01-09,237.088715,239.71791,235.45404,238.196001,,237.61471,237.088715,239.71791,235.45404,238.196001,,237.61471,278.615161,281.706626,276.694113,279.917146,,279.917146,279.917146
2024-01-10,238.366459,240.793555,237.018664,239.576013,,238.943444,238.366459,240.793555,237.018664,239.576013,,238.943444,280.125267,282.978634,278.540679,281.546617,,281.546617,281.546617
2024-01-11,240.07407,241.615736,236.757779,239.40769,,239.456511,240.07407,241.615736,236.757779,239.40769,,239.456511,282.140743,283.952482,278.242991,281.35743,,281.35743,281.35743
2024-01-12,240.096267,241.687827,237.960232,239.642279,,239.834452,240.096267,241.687827,237.960232,239.642279,,239.834452,282.190427,284.06261,279.680599,281.656494,,281.656494,281.656494
2024-01-16,238.787424,240.991007,236.446429,238.73535,,238.734128,238.787424,240.991007,236.446429,238.73535,,238.734128,280.654212,283.244511,277.903254,280.593365,,280.593365,280.593365
2024-01-17,237.073056,239.075308,234.782104,237.404175,,237.082914,237.073056,239.075308,234.782104,237.404175,,237.082914,278.643559,280.998912,275.952073,279.033736,,279.033736,279.033736
2024-01-18,238.21136,240.605007,236.336272,239.541622,,238.68434,238.21136,240.605007,236.336272,239.541622,,238.68434,280.004971,282.817033,277.800269,281.567707,,281.567707,281.567707
2024-01-19,240.504385,243.374225,238.659166,242.501029,,241.270022,240.504385,243.374225,238.659166,242.501029,,241.270022,282.712871,286.088006,280.544811,285.060591,,285.060591,285.060591
2024-01-22,243.29436,245.495341,241.17536,242.938592,,243.218621,243.29436,245.495341,241.17536,242.938592,,243.218621,285.99251,288.580454,283.501307,285.573851,,285.573851,285.573851
2024-01-23,243.257049,245.20598,241.187479,243.727487,,243.349114,243.257049,245.20598,241.187479,243.727487,,243.349114,285.955245,288.245218,283.52036,286.507209,,286.507209,286.507209
2024-01-24,245.245042,247.397938,242.694682,244.063412,,244.862037,245.245042,247.397938,242.694682,244.063412,,244.862037,288.293997,290.825115,285.294162,286.905356,,286.905356,286.905356
2024-01-25,245.145134,247.542783,242.465218,245.455221,,245.154102,245.145134,247.542783,242.465218,245.455221,,245.154102,288.191075,291.01158,285.04096,288.555932,,288.555932,288.555932
2024-01-26,245.295381,247.35883,243.564183,245.376789,,245.412838,245.295381,247.35883,243.564183,245.376789,,245.412838,288.36802,290.795898,286.332829,288.464024,,288.464024,288.464024
2024-01-29,245.443004,247.921468,243.810107,247.199775,,246.099162,245.443004,247.921468,243.810107,247.199775,,246.099162,288.545381,291.461448,286.626152,290.611023,,290.611023,290.611023
2024-01-30,246.955424,249.167533,244.753909,246.939102,,246.954028,246.955424,249.167533,244.753909,246.939102,,246.954028,290.346539,292.946143,287.758161,290.327046,,290.327046,290.327046
2024-01-31,245.19844,247.497429,241.341914,242.360687,,244.096736,245.19844,247.497429,241.341914,242.360687,,244.096736,288.286647,290.991204,283.751747,284.951058,,284.951058,284.951058
2024-02-01,243.312329,246.674674,241.229246,245.324975,,244.135519,243.312329,246.674674,241.229246,245.324975,,244.135519,286.08332,290.038033,283.63399,288.450852,,288.450852,288.450852
2024-02-02,245.589634,249.855366,243.279848,248.012814,,246.68751,245.589634,249.855366,243.279848,248.012814,,246.68751,288.7742,293.788566,286.058127,291.623136,,291.623136,291.623136
2024-02-05,247.785312,249.83538,244.940656,247.368055,,247.485692,247.785312,249.83538,244.940656,247.368055,,247.485692,291.360357,293.770527,288.015282,290.869277,,290.869277,290.869277
2024-02-06,247.817879,250.214949,245.025045,247.936446,,247.742778,247.817879,250.214949,245.025045,247.936446,,247.742778,291.406872,294.225001,288.122241,291.545395,,291.545395,291.545395
2024-02-07,249.095183,251.735143,246.997326,249.978237,,249.458222,249.095183,251.735143,246.997326,249.978237,,249.458222,292.911629,296.016264,290.444458,293.950484,,293.950484,293.950484
2024-02-08,249.950557,251.91444,247.903776,250.115635,,249.975739,249.950557,251.91444,247.903776,250.115635,,249.975739,293.951873,296.264128,291.545675,294.146411,,294.146411,294.146411
2024-02-09,250.456323,253.111603,248.793355,251.704932,,251.01959,250.456323,253.111603,248.793355,251.704932,,251.01959,294.575239,297.698957,292.618272,296.043253,,296.043253,296.043253
2024-02-12,251.6725,254.055178,249.444266,251.344938,,251.625848,251.6725,254.055178,249.444266,251.344938,,251.625848,296.008559,298.812496,293.387968,295.62387,,295.62387,295.62387
2024-02-13,248.058343,250.858182,245.004786,247.956162,,247.971748,248.058343,250.858182,245.004786,247.956162,,247.971748,291.787838,295.083812,288.197031,291.668794,,291.668794,291.668794
2024-02-14,249.289422,251.390874,247.067856,250.211841,,249.49606,249.289422,251.390874,247.067856,250.211841,,249.49606,293.287322,295.760203,290.67384,294.372693,,294.372693,294.372693
2024-02-15,250.10558,253.00142,248.05511,251.381038,,250.637441,250.10558,253.00142,248.05511,251.381038,,250.637441,294.309888,297.716417,291.896662,295.810734,,295.810734,295.810734
2024-02-16,251.434125,253.167697,248.517683,250.087293,,250.792879,251.434125,253.167697,248.517683,250.087293,,250.792879,295.917147,297.959717,292.484422,294.332869,,294.332869,294.332869
2024-02-20,249.175952,251.469057,246.299891,248.723815,,248.913385,249.175952,251.469057,246.299891,248.723815,,248.913385,293.271346,295.969784,289.884976,292.739128,,292.739128,292.739128
2024-02-21,248.153049,250.326942,246.102093,249.153851,,248.436618,248.153049,250.326942,246.102093,249.153851,,248.436618,292.080203,294.640145,289.668363,293.25844,,293.25844,293.25844
2024-02-22,252.451987,255.613883,250.514353,254.227044,,253.208378,252.451987,255.613883,250.514353,254.227044,,253.208378,297.153027,300.874639,294.872429,299.242979,,299.242979,299.242979
2024-02-23,254.957729,257.011936,252.618914,254.298822,,254.714959,254.957729,257.011936,252.618914,254.298822,,254.714959,300.109106,302.525939,297.355307,299.333532,,299.333532,299.333532
2024-02-26,254.367051,256.290884,251.637376,252.921183,,253.806743,254.367051,256.290884,251.637376,252.921183,,253.806743,299.422274,301.687746,296.208115,297.721006,,297.721006,297.721006
2024-02-27,253.22455,254.989434,250.775018,253.40323,,253.096465,253.22455,254.989434,250.775018,253.40323,,253.096465,298.081807,300.160929,295.198033,298.292163,,298.292163,298.292163
2024-02-28,252.645582,254.774342,250.812631,252.832708,,252.765787,252.645582,254.774342,250.812631,252.832708,,252.765787,297.426248,299.933693,295.269205,297.647148,,297.647148,297.647148
2024-02-29,253.906846,256.044456,251.549513,254.205433,,253.92232,253.906846,256.044456,251.549513,254.205433,,253.92232,298.972793,301.489351,296.197263,299.324019,,299.324019,299.324019
2024-03-01,254.276918,257.355967,252.392819,255.961898,,255.005137,254.276918,257.355967,252.392819,255.961898,,255.005137,299.427437,303.053238,297.208201,301.411488,,301.411488,301.411488
2024-03-04,255.492165,258.37063,252.884062,255.323252,,255.516542,255.492165,258.37063,252.884062,255.323252,,255.516542,300.866711,304.257452,297.795279,300.668389,,300.668389,300.668389
2024-03-05,254.180237,256.178467,250.556995,252.824588,,253.422699,254.180237,256.178467,250.556995,252.824588,,253.422699,299.330201,301.685067,295.064336,297.735198,,297.735198,297.735198
2024-03-06,254.405496,256.646329,251.7978,253.9293,,254.190871,254.405496,256.646329,251.7978,253.9293,,254.190871,299.618083,302.256817,296.546293,299.056873,,299.056873,299.056873
2024-03-07,255.548424,258.564515,253.417457,256.560984,,256.030909,255.548424,258.564515,253.417457,256.560984,,256.030909,301.000799,304.553109,298.488735,302.193097,,302.193097,302.193097
2024-03-08,256.851776,260.158325,253.216319,255.080874,,256.324792,256.851776,260.158325,253.216319,255.080874,,256.324792,302.557684,306.453405,298.274731,300.471322,,300.471322,300.471322
2024-03-11,254.499827,257.304377,251.979936,254.996414,,254.69383,254.499827,257.304377,251.979936,254.996414,,254.69383,299.788064,303.093047,296.820446,300.372767,,300.372767,300.372767
2024-03-12,256.086407,259.24799,253.870529,257.84022,,256.770936,256.086407,259.24799,253.870529,257.84022,,256.770936,301.663106,305.387659,299.052672,303.729744,,303.729744,303.729744
2024-03-13,257.915678,259.986159,255.464724,257.477441,,257.707662,257.915678,259.986159,255.464724,257.477441,,257.707662,303.832271,306.270245,300.944575,303.314715,,303.314715,303.314715
2024-03-14,258.13058,260.065261,254.431002,257.068962,,257.419686,258.13058,260.065261,254.431002,257.068962,,257.419686,304.158252,306.436644,299.796788,302.905661,,302.905661,302.905661
2024-03-15,254.899578,258.066761,252.80834,255.303042,,255.256879,254.899578,258.066761,252.80834,255.303042,,255.256879,300.359794,304.090457,297.895001,300.834823,,300.834823,300.834823
2024-03-18,257.871122,260.694203,255.357255,257.349829,,257.821578,257.871122,260.694203,255.357255,257.349829,,257.821578,303.863934,307.190785,300.901104,303.250203,,303.250203,303.250203
2024-03-19,256.955991,259.84759,255.005874,258.672935,,257.625165,256.955991,259.84759,255.005874,258.672935,,257.625165,302.786746,306.195384,300.489751,304.810134,,304.810134,304.810134
2024-03-20,258.793272,261.881832,256.928996,260.983277,,259.654143,258.793272,261.881832,256.928996,260.983277,,259.654143,304.987767,308.628388,302.790934,307.568648,,307.568648,307.568648
2024-03-21,262.486078,264.855998,259.638463,261.652736,,262.157648,262.486078,264.855998,259.638463,261.652736,,262.157648,309.347458,312.140449,305.991535,308.365232,,308.365232,308.365232
2024-03-22,261.777481,263.79893,259.479635,261.503018,,261.640967,261.777481,263.79893,259.479635,261.503018,,261.640967,308.52372,310.906531,305.814438,308.201318,,308.201318,308.201318
2024-03-25,260.703281,263.003795,258.611119,260.690553,,260.750067,260.703281,263.003795,258.611119,260.690553,,260.750067,307.256499,309.969658,304.791449,307.242485,,307.242485,307.242485
2024-03-26,261.378812,263.228643,258.988906,260.052827,,260.914804,261.378812,263.228643,258.988906,260.052827,,260.914804,308.054261,310.234151,305.236926,306.491188,,306.491188,306.491188
2024-03-27,261.636283,263.823824,258.766608,262.152035,,261.583542,261.636283,263.823824,258.766608,262.152035,,261.583542,308.393906,310.972568,305.011041,309.001128,,309.001128,309.001128
2024-03-28,262.283072,264.031461,260.617163,262.407665,,262.328983,262.283072,264.031461,260.617163,262.407665,,262.328983,309.164073,311.226112,307.200491,309.311272,,309.311272,309.311272
2024-04-01,262.530555,264.948849,259.787387,262.237084,,262.375131,262.530555,264.948849,259.787387,262.237084,,262.375131,309.457927,312.308867,306.223168,309.111583,,309.111583,309.111583
2024-04-02,259.955093,261.984636,257.76528,260.428114,,260.034954,259.955093,261.984636,257.76528,260.428114,,260.034954,306.42895,308.821777,303.847481,306.985997,,306.985997,306.985997
2024-04-03,259.848548,262.913753,258.418561,260.787759,,260.501972,259.848548,262.913753,258.418561,260.787759,,260.501972,306.31678,309.930293,304.63079,307.423906,,307.423906,307.423906
2024-04-04,262.59514,264.472602,256.856383,257.471016,,260.318144,262.59514,264.472602,256.856383,257.471016,,260.318144,309.590219,311.804337,302.822456,303.54842,,303.54842,303.54842
2024-04-05,258.084043,261.803619,256.657037,260.335481,,259.237705,258.084043,261.803619,256.657037,260.335481,,259.237705,304.274242,308.659693,302.592014,306.92934,,306.92934,306.92934
2024-04-08,260.657467,262.455906,258.682304,260.385822,,260.537172,260.657467,262.455906,258.682304,260.385822,,260.537172,307.312793,309.433668,304.983648,306.99242,,306.99242,306.99242
2024-04-09,261.389585,263.133231,257.661223,260.836044,,260.738266,261.389585,263.133231,257.661223,260.836044,,260.738266,308.217994,310.275386,303.821104,307.565432,,307.565432,307.565432
2024-04-10,258.044707,260.56346,255.726298,258.529511,,258.202575,258.044707,260.56346,255.726298,258.529511,,258.202575,304.282009,307.251097,301.546025,304.8526,,304.8526,304.8526
2024-04-11,259.27866,262.274471,256.685594,260.611361,,259.710922,259.27866,262.274471,256.685594,260.611361,,259.710922,305.742271,309.276956,302.684288,307.314608,,307.314608,307.314608
2024-04-12,258.701583,260.586177,255.428448,256.944484,,257.909532,258.701583,260.586177,255.428448,256.944484,,257.909532,305.094993,307.317618,301.233206,303.022872,,303.022872,303.022872
2024-04-15,259.137475,260.5519,253.003447,253.837785,,256.600108,259.137475,260.5519,253.003447,253.837785,,256.600108,305.612881,307.279286,298.376797,299.362187,,299.362187,299.362187
2024-04-16,253.874193,256.013898,251.437388,253.311937,,253.657558,253.874193,256.013898,251.437388,253.311937,,253.657558,299.405745,301.92939,296.531824,298.742785,,298.742785,298.742785
2024-04-17,254.562684,256.043277,250.517943,252.007525,,253.271145,254.562684,256.043277,250.517943,252.007525,,253.271145,300.216971,301.962686,295.444767,297.202174,,297.202174,297.202174
2024-04-18,252.582427,254.616949,249.672279,251.492875,,252.090841,252.582427,254.616949,249.672279,251.492875,,252.090841,297.897874,300.298376,294.465615,296.613661,,296.613661,296.613661
2024-04-19,251.552923,253.541821,246.874915,249.292834,,250.315149,251.552923,253.541821,246.874915,249.292834,,250.315149,296.695864,299.042326,291.176815,294.029861,,294.029861,294.029861
2024-04-22,250.533421,253.584938,248.048504,251.492961,,250.920152,250.533421,253.584938,248.048504,251.492961,,250.920152,295.494367,299.094309,292.563479,296.626932,,296.626932,296.626932
2024-04-23,252.707631,255.85173,251.100553,254.434599,,253.5313,252.707631,255.85173,251.100553,254.434599,,253.5313,298.063909,301.773962,296.169822,300.101581,,300.101581,300.101581
2024-04-24,255.044866,257.653688,251.571645,254.587862,,254.703545,255.044866,257.653688,251.571645,254.587862,,254.703545,300.822898,303.899949,296.726427,300.283383,,300.283383,300.283383
2024-04-25,250.769707,255.041467,247.768629,253.196154,,251.694676,250.769707,255.041467,247.768629,253.196154,,251.694676,295.785845,300.824467,292.245662,298.64763,,298.64763,298.64763
2024-04-26,256.034186,259.357867,253.632221,256.767919,,256.44804,256.034186,259.357867,253.632221,256.767919,,256.44804,301.998917,305.921628,299.165283,302.865718,,302.865718,302.865718
2024-04-29,257.321079,259.516966,254.621828,257.092269,,257.133982,257.321079,259.516966,254.621828,257.092269,,257.133982,303.534081,306.125101,300.350742,303.264501,,303.264501,303.264501
2024-04-30,256.347356,258.56235,252.266069,253.063608,,255.040726,256.347356,258.56235,252.266069,253.063608,,255.040726,302.392914,305.00634,297.577052,298.519363,,298.519363,298.519363
2024-05-01,252.790341,257.005204,249.907465,252.334852,,253.018316,252.790341,257.005204,249.907465,252.334852,,253.018316,298.200195,303.170422,294.797713,297.66144,,297.66144,297.66144
2024-05-02,254.209042,256.494715,251.036991,254.733067,,254.117809,254.209042,256.494715,251.036991,254.733067,,254.117809,299.875202,302.572861,296.133541,300.49478,,300.49478,300.49478
2024-05-03,257.883721,259.925722,254.797254,257.751744,,257.584414,257.883721,259.925722,254.797254,257.751744,,257.584414,304.224282,306.633942,300.582487,304.068497,,304.068497,304.068497
2024-05-06,258.921793,261.585385,256.926935,260.310786,,259.438094,258.921793,261.585385,256.926935,260.310786,,259.438094,305.45552,308.600339,303.102279,307.094851,,307.094851,307.094851
2024-05-07,260.827385,263.093293,258.597187,260.909865,,260.852177,260.827385,263.093293,258.597187,260.909865,,260.852177,307.720091,310.395878,305.088783,307.817819,,307.817819,307.817819
2024-05-08,259.740354,262.347844,258.348981,260.763922,,260.304872,259.740354,262.347844,258.348981,260.763922,,260.304872,306.438788,309.51562,304.797935,307.646806,,307.646806,307.646806
2024-05-09,260.684176,263.398172,259.143439,262.010673,,261.318077,260.684176,263.398172,259.143439,262.010673,,261.318077,307.612121,310.815292,305.793049,309.178038,,309.178038,309.178038
2024-05-10,262.596581,264.43725,260.366866,262.304016,,262.428311,262.596581,264.43725,260.366866,262.304016,,262.428311,309.91786,312.090828,307.286392,309.572442,,309.572442,309.572442
2024-05-13,262.64179,264.717455,259.998603,262.285658,,262.399967,262.64179,264.717455,259.998603,262.285658,,262.399967,309.973394,312.422622,306.852193,309.552981,,309.552981,309.552981
2024-05-14,262.336607,265.084464,260.422808,263.546653,,262.844624,262.336607,265.084464,260.422808,263.546653,,262.844624,309.650537,312.895601,307.392974,311.079651,,311.079651,311.079651
2024-05-15,264.544405,267.80693,262.85975,266.530334,,265.443146,264.544405,267.80693,262.85975,266.530334,,265.443146,312.30994,316.162678,310.322813,314.655567,,314.655567,314.655567
2024-05-16,266.790834,268.95893,264.798314,266.235128,,266.69209,266.790834,268.95893,264.798314,266.235128,,266.69209,315.025682,317.584169,312.671301,314.368708,,314.368708,314.368708
2024-05-17,266.799299,268.32577,264.465734,266.693598,,266.576411,266.799299,268.32577,264.465734,266.693598,,266.576411,315.048331,316.850512,312.292992,314.922908,,314.922908,314.922908
2024-05-20,266.704686,269.292392,264.93867,266.969725,,266.97979,266.704686,269.292392,264.93867,266.969725,,266.97979,314.960316,318.016314,312.874873,315.272817,,315.272817,315.272817
2024-05-21,266.655822,269.275118,264.942185,267.719349,,267.154823,266.655822,269.275118,264.942185,267.719349,,267.154823,314.908786,318.003506,312.885293,316.165057,,316.165057,316.165057
2024-05-22,267.380201,269.352872,264.84958,266.933762,,267.124245,267.380201,269.352872,264.84958,266.933762,,267.124245,315.769267,318.097538,312.779878,315.240452,,315.240452,315.240452
2024-05-23,268.529076,270.109194,263.39174,264.817828,,266.682763,268.529076,270.109194,263.39174,264.817828,,266.682763,317.136734,319.003109,311.067524,312.753962,,312.753962,312.753962
2024-05-24,265.826751,268.250544,263.922118,266.627352,,266.160019,265.826751,268.250544,263.922118,266.627352,,266.160019,313.95238,316.816032,311.702412,314.89802,,314.89802,314.89802
2024-05-28,266.994047,269.364659,264.115365,266.763596,,266.793763,266.994047,269.364659,264.115365,266.763596,,266.793763,315.329677,318.128276,311.928198,315.056157,,315.056157,315.056157
2024-05-29,264.716458,267.176378,262.813856,264.922105,,264.917969,264.716458,267.176378,262.813856,264.922105,,264.917969,312.642131,315.54746,310.395501,312.885677,,312.885677,312.885677
2024-05-30,264.247822,266.37744,260.969858,263.17007,,263.689755,264.247822,266.37744,260.969858,263.17007,,263.689755,312.120379,314.635701,308.248706,310.847233,,310.847233,310.847233
2024-05-31,263.623336,266.78158,259.657858,265.186285,,263.823376,263.623336,266.78158,259.657858,265.186285,,263.823376,311.412154,315.146017,306.727494,313.258463,,313.258463,313.258463
2024-06-03,266.169505,268.355678,262.269008,265.551797,,265.574602,266.169505,268.355678,262.269008,265.551797,,265.574602,314.453944,317.037353,309.845269,313.723831,,313.723831,313.723831
2024-06-04,265.137284,267.55537,262.887708,266.057467,,265.400421,265.137284,267.55537,262.887708,266.057467,,265.400421,313.250998,316.107589,310.592906,314.337438,,314.337438,314.337438
2024-06-05,267.366116,270.341832,265.124267,269.128608,,267.995067,267.366116,270.341832,265.124267,269.128608,,267.995067,315.887047,319.404208,313.237756,317.970515,,317.970515,317.970515
2024-06-06,269.338228,271.756737,266.724259,269.237937,,269.265823,269.338228,271.756737,266.724259,269.237937,,269.265823,318.222568,321.080488,315.133195,318.103521,,318.103521,318.103521
2024-06-07,268.774441,271.373832,266.635019,268.806874,,268.899479,268.774441,271.373832,266.635019,268.806874,,268.899479,317.609718,320.681408,315.080615,317.647961,,317.647961,317.647961
2024-06-10,268.392234,271.403014,265.845211,269.47139,,268.772346,268.392234,271.403014,265.845211,269.47139,,268.772346,317.199161,320.759016,314.189624,318.475168,,318.475168,318.475168
2024-06-11,268.968761,271.809543,265.991756,270.289221,,269.2668,268.968761,271.809543,265.991756,270.289221,,269.2668,317.882735,321.241794,314.365189,319.444285,,319.444285,319.444285
2024-06-12,272.776602,276.4874,269.370905,272.5365,,272.789854,272.776602,276.4874,269.370905,272.5365,,272.789854,322.390301,326.777063,318.364042,322.106412,,322.106412,322.106412
2024-06-13,273.251247,275.275975,270.128036,272.93897,,272.894593,273.251247,275.275975,270.128036,272.93897,,272.894593,322.953184,325.346719,319.260374,322.58395,,322.58395,322.58395
2024-06-14,272.01372,274.668397,269.804446,272.964879,,272.373078,272.01372,274.668397,269.804446,272.964879,,272.373078,321.565594,324.704388,318.952886,322.689504,,322.689504,322.689504
2024-06-17,272.612095,276.819434,270.681856,275.038212,,273.799295,272.612095,276.819434,270.681856,275.038212,,273.799295,322.308415,327.283376,320.02702,325.17596,,325.17596,325.17596
2024-06-18,275.206932,277.981543,272.594398,275.471933,,275.32201,275.206932,277.981543,272.594398,275.471933,,275.32201,325.384812,328.665338,322.296199,325.698132,,325.698132,325.698132
2024-06-20,276.011253,278.790533,271.970801,274.932197,,275.427308,276.011253,278.790533,271.970801,274.932197,,275.427308,326.338719,329.624113,321.560303,325.061685,,325.061685,325.061685
2024-06-21,274.940811,277.49195,272.010631,274.753289,,274.798059,274.940811,277.49195,272.010631,274.753289,,274.798059,325.088547,328.105488,321.623684,324.86735,,324.86735,324.86735
2024-06-24,274.774308,278.115107,271.974801,274.026029,,274.723605,274.774308,278.115107,271.974801,274.026029,,274.723605,324.910933,328.860887,321.598893,324.025452,,324.025452,324.025452
2024-06-25,274.612613,277.649689,271.86674,275.360465,,274.862336,274.612613,277.649689,271.86674,275.360465,,274.862336,324.719818,328.311549,321.47216,325.604702,,325.604702,325.604702
2024-06-26,274.739406,277.738227,272.426508,275.83586,,275.185335,274.739406,277.738227,272.426508,275.83586,,275.185335,324.869824,328.417428,322.134515,326.1667,,326.1667,326.1667
2024-06-27,275.776009,278.361188,273.709009,276.183406,,276.005617,275.776009,278.361188,273.709009,276.183406,,276.005617,326.101114,329.158403,323.655108,326.582018,,326.582018,326.582018
2024-06-28,276.546964,279.328275,272.962304,274.780549,,275.903884,276.546964,279.328275,272.962304,274.780549,,275.903884,327.046547,330.336899,322.807905,324.957975,,324.957975,324.957975
2024-07-01,275.61344,278.673479,271.797144,275.640968,,275.417001,275.61344,278.673479,271.797144,275.640968,,275.417001,325.954611,329.572587,321.438891,325.986484,,325.986484,325.986484
2024-07-02,274.756149,278.553422,273.292382,277.506669,,276.039524,274.756149,278.553422,273.292382,277.506669,,276.039524,324.940279,329.432369,323.209381,328.19357,,328.19357,328.19357
2024-07-03,277.43715,280.473319,275.664649,278.865944,,278.106133,277.43715,280.473319,275.664649,278.865944,,278.106133,328.117995,331.708717,326.020211,329.807456,,329.807456,329.807456
2024-07-05,278.95421,282.466752,276.80813,280.766134,,279.763107,278.95421,282.466752,276.80813,280.766134,,279.763107,329.962162,334.117503,327.422293,332.104519,,332.104519,332.104519
2024-07-08,281.088135,283.456518,278.563739,280.866116,,280.992729,281.088135,283.456518,278.563739,280.866116,,280.992729,332.494691,335.295274,329.509207,332.231504,,332.231504,332.231504
2024-07-09,281.43565,284.081638,278.707282,281.08293,,281.327345,281.43565,284.081638,278.707282,281.08293,,281.327345,332.912919,336.04201,329.684152,332.495179,,332.495179,332.495179
2024-07-10,281.76492,284.801528,279.889695,283.904365,,282.59242,281.76492,284.801528,279.889695,283.904365,,282.59242,333.341412,336.934576,331.121695,335.872019,,335.872019,335.872019
2024-07-11,283.859883,286.724783,278.157622,281.056528,,282.448858,283.859883,286.724783,278.157622,281.056528,,282.448858,335.833914,339.224035,329.085913,332.517684,,332.517684,332.517684
2024-07-12,281.440549,285.348491,279.690907,282.439325,,282.242664,281.440549,285.348491,279.690907,282.439325,,282.242664,332.9695,337.594201,330.898205,334.151294,,334.151294,334.151294
2024-07-15,283.599748,286.814523,280.867106,283.316789,,283.675653,283.599748,286.814523,280.867106,283.316789,,283.675653,335.556519,339.361809,332.322932,335.221979,,335.221979,335.221979
2024-07-16,284.334159,287.587201,280.768404,284.782597,,284.365124,284.334159,287.587201,280.768404,284.782597,,284.365124,336.427453,340.277937,332.207867,336.957624,,336.957624,336.957624
2024-07-17,281.932661,285.091974,277.889004,280.861634,,281.454314,281.932661,285.091974,277.889004,280.861634,,281.454314,333.589836,337.326329,328.804433,332.321338,,332.321338,332.321338
2024-07-18,281.72181,284.480392,275.67856,278.535394,,280.089768,281.72181,284.480392,275.67856,278.535394,,280.089768,333.341037,336.605288,326.190031,329.571054,,329.571054,329.571054
2024-07-19,278.928984,281.143895,274.92811,276.720507,,277.906161,278.928984,281.143895,274.92811,276.720507,,277.906161,330.053457,332.675016,325.318718,327.440447,,327.440447,327.440447
2024-07-22,278.928975,281.822353,276.478951,279.811463,,279.264393,278.928975,281.822353,276.478951,279.811463,,279.264393,330.067318,333.490003,327.165907,331.11059,,331.11059,331.11059
2024-07-23,279.921514,282.772262,277.569846,279.457612,,279.924224,279.921514,282.772262,277.569846,279.457612,,279.924224,331.239543,334.614323,328.45736,330.691167,,330.691167,330.691167
2024-07-24,276.343261,278.750157,270.721577,272.643684,,274.608071,276.343261,278.750157,270.721577,272.643684,,274.608071,327.010169,329.857574,320.356296,322.631561,,322.631561,322.631561
2024-07-25,272.773728,277.217117,267.331348,270.88809,,272.066376,272.773728,277.217117,267.331348,270.88809,,272.066376,322.789633,328.049616,316.347803,320.558648,,320.558648,320.558648
2024-07-26,272.777646,276.250462,270.014366,273.648861,,273.175149,272.777646,276.250462,270.014366,273.648861,,273.175149,322.81376,326.924268,319.543916,323.845415,,323.845415,323.845415
2024-07-29,274.663902,277.255109,271.677799,274.082516,,274.410564,274.663902,277.255109,271.677799,274.082516,,274.410564,325.049658,328.117031,321.516719,324.362071,,324.362071,324.362071
2024-07-30,274.844882,277.444315,269.580339,272.857858,,273.677253,274.844882,277.444315,269.580339,272.857858,,273.677253,325.267426,328.343204,319.034385,322.914546,,322.914546,322.914546
2024-07-31,276.498786,280.315617,273.229915,277.018519,,276.762306,276.498786,280.315617,273.229915,277.018519,,276.762306,327.247308,331.764777,323.377863,327.862303,,327.862303,327.862303
2024-08-01,278.03735,281.540997,270.127841,273.511473,,275.801971,278.03735,281.540997,270.127841,273.511473,,275.801971,329.07893,333.225208,319.716923,323.723119,,323.723119,323.723119
2024-08-02,269.291777,273.084308,263.587227,268.437484,,268.596486,269.291777,273.084308,263.587227,268.437484,,268.596486,318.732469,323.22112,311.97923,317.720699,,317.720699,317.720699
2024-08-05,256.805481,265.864851,252.394057,260.255605,,258.841115,256.805481,265.864851,252.394057,260.255605,,258.841115,303.963748,314.686736,298.742272,308.048011,,308.048011,308.048011
2024-08-06,261.341965,267.06605,258.573555,262.749732,,262.444471,261.341965,267.06605,258.573555,262.749732,,262.444471,309.340307,316.11684,306.063014,311.007,,311.007,311.007
2024-08-07,265.677936,269.056469,259.629218,260.893709,,263.808443,265.677936,269.056469,259.629218,260.893709,,263.808443,314.480854,318.480167,307.320173,308.81809,,308.81809,308.81809
2024-08-08,263.677429,268.333514,261.191978,266.783605,,265.004509,263.677429,268.333514,261.191978,266.783605,,265.004509,312.113302,317.625672,309.170091,315.790589,,315.790589,315.790589
2024-08-09,266.338204,269.748327,264.330785,268.130095,,267.147263,266.338204,269.748327,264.330785,268.130095,,267.147263,315.301914,319.338121,312.9237,317.42242,,317.42242,317.42242
2024-08-12,268.692263,270.909795,265.723329,268.021548,,268.335774,268.692263,270.909795,265.723329,268.021548,,268.335774,318.130362,320.755679,314.613466,317.335813,,317.335813,317.335813
2024-08-13,269.765121,273.393205,268.172266,272.384698,,270.936862,269.765121,273.393205,268.172266,272.384698,,270.936862,319.404292,323.700398,317.517309,322.505249,,322.505249,322.505249
2024-08-14,272.65878,275.179826,269.56754,273.088063,,272.629578,272.65878,275.179826,269.56754,273.088063,,272.629578,322.838229,325.823894,319.178145,323.346945,,323.346945,323.346945
2024-08-15,275.785883,279.005399,273.674727,277.427076,,276.472474,275.785883,279.005399,273.674727,277.427076,,276.472474,326.625775,330.440068,324.124927,328.569656,,328.569656,328.569656
2024-08-16,276.820259,279.713684,275.213289,278.069977,,277.455902,276.820259,279.713684,275.213289,278.069977,,277.455902,327.898317,331.325997,325.993746,329.378274,,329.378274,329.378274
2024-08-19,278.429346,281.632556,276.813373,280.851422,,279.439793,278.429346,281.632556,276.813373,280.851422,,279.439793,329.837903,333.635246,327.925427,332.708115,,332.708115,332.708115
2024-08-20,280.627763,282.899538,278.564266,280.435252,,280.639123,280.627763,282.899538,278.564266,280.435252,,280.639123,332.452765,335.146611,330.009029,332.225901,,332.225901,332.225901
2024-08-21,280.86533,283.220536,278.960508,281.440644,,281.124082,280.86533,283.220536,278.960508,281.440644,,281.124082,332.746536,335.538373,330.490891,333.428776,,333.428776,333.428776
2024-08-22,282.440981,283.973086,277.463369,278.944757,,280.703365,282.440981,283.973086,277.463369,278.944757,,280.703365,334.622509,336.436426,328.722394,330.478344,,330.478344,330.478344
2024-08-23,280.654584,283.714264,278.409459,282.031773,,281.198489,280.654584,283.714264,278.409459,282.031773,,281.198489,332.506679,336.132955,329.846217,334.138274,,334.138274,334.138274
2024-08-26,282.455871,284.351236,279.151442,281.246103,,281.799855,282.455871,284.351236,279.151442,281.246103,,281.799855,334.649405,336.896473,330.732926,333.216093,,333.216093,333.216093
2024-08-27,280.590437,283.420793,278.562216,281.543599,,281.039109,280.590437,283.420793,278.562216,281.543599,,281.039109,332.458398,335.813969,330.054624,333.589044,,333.589044,333.589044
2024-08-28,281.468657,283.25773,277.456078,279.829928,,280.495683,281.468657,283.25773,277.456078,279.829928,,280.495683,333.503925,335.625137,328.749841,331.56273,,331.56273,331.56273
2024-08-29,281.010565,284.205084,277.501655,279.785514,,280.629907,281.010565,284.205084,277.501655,279.785514,,280.629907,332.976006,336.760818,328.817764,331.52367,,331.52367,331.52367
2024-08-30,281.025611,283.825744,278.725963,282.620342,,281.550102,281.025611,283.825744,278.725963,282.620342,,281.550102,333.040517,336.359984,330.313744,334.929819,,334.929819,334.929819
2024-09-03,280.952843,283.150124,274.595175,276.661691,,278.824379,280.952843,283.150124,274.595175,276.661691,,278.824379,332.984686,335.589928,325.450627,327.899022,,327.899022,327.899022
2024-09-04,275.609828,279.820838,273.154419,276.200286,,276.198928,275.609828,279.820838,273.154419,276.200286,,276.198928,326.665782,331.657945,323.755108,327.365799,,327.365799,327.365799
2024-09-05,276.130842,279.415385,272.919258,275.488167,,275.99382,276.130842,279.415385,272.919258,275.488167,,275.99382,327.294994,331.188415,323.489159,326.532882,,326.532882,326.532882
2024-09-06,275.704639,277.491305,269.014564,270.485355,,273.162463,275.704639,277.491305,269.014564,270.485355,,273.162463,326.829479,328.946645,318.898255,320.642278,,320.642278,320.642278
2024-09-09,272.638361,275.610056,269.637344,273.263128,,272.796176,272.638361,275.610056,269.637344,273.263128,,272.796176,323.24204,326.764536,319.682297,323.981503,,323.981503,323.981503
2024-09-10,274.462969,277.238224,270.679384,274.564229,,274.233795,274.462969,277.238224,270.679384,274.564229,,274.233795,325.414276,328.705864,320.927246,325.534328,,325.534328,325.534328
2024-09-11,274.64818,278.60917,269.495764,277.475349,,275.054135,274.64818,278.60917,269.495764,277.475349,,275.054135,325.639052,330.335665,319.527764,328.989697,,328.989697,328.989697
2024-09-12,277.882754,281.162532,275.22847,279.742045,,278.508257,277.882754,281.162532,275.22847,279.742045,,278.508257,329.476387,333.366132,326.328734,331.681181,,331.681181,331.681181
2024-09-13,280.295803,283.361408,278.484853,281.344892,,280.87971,280.295803,283.361408,278.484853,281.344892,,280.87971,332.389775,336.026067,330.242563,333.634462,,333.634462,333.634462
2024-09-16,281.161706,283.558266,278.695698,281.750548,,281.290948,281.161706,283.558266,278.695698,281.750548,,281.290948,333.479377,336.321707,330.555848,334.178021,,334.178021,334.178021
2024-09-17,282.882654,285.134611,279.787816,281.871572,,282.421774,282.882654,285.134611,279.787816,281.871572,,282.421774,335.528492,338.2,331.856729,334.329057,,334.329057,334.329057
2024-09-18,282.244899,285.355775,279.376837,281.119815,,282.018068,282.244899,285.355775,279.376837,281.119815,,282.018068,334.777205,338.46703,331.375169,333.442564,,333.442564,333.442564
2024-09-19,285.920461,288.50032,282.822733,285.808752,,285.760352,285.920461,288.50032,282.822733,285.808752,,285.760352,339.1558,342.215022,335.480087,339.022835,,339.022835,339.022835
2024-09-20,285.351522,287.836431,282.638105,285.432684,,285.316445,285.351522,287.836431,282.638105,285.432684,,285.316445,338.482598,341.430752,335.263584,338.579371,,338.579371,338.579371
2024-09-23,286.095817,288.527725,283.536687,286.091091,,286.064294,286.095817,288.527725,283.536687,286.091091,,286.064294,339.370813,342.255562,336.333413,339.364568,,339.364568,339.364568
2024-09-24,286.637025,289.024429,283.345562,286.762789,,286.448826,286.637025,289.024429,283.345562,286.762789,,286.448826,340.013142,342.844695,336.109206,340.16241,,340.16241,340.16241
2024-09-25,286.844815,289.088343,284.362886,286.22907,,286.627953,286.844815,289.088343,284.362886,286.22907,,286.627953,340.26293,342.923086,337.318238,339.532172,,339.532172,339.532172
2024-09-26,288.385158,290.529679,284.53577,287.297648,,287.680576,288.385158,290.529679,284.53577,287.297648,,287.680576,342.107549,344.652304,337.54166,340.818439,,340.818439,340.818439
2024-09-27,287.890566,290.149795,285.127715,287.079491,,287.558732,287.890566,290.149795,285.127715,287.079491,,287.558732,341.532626,344.211731,338.253503,340.56926,,340.56926,340.56926
2024-09-30,286.419866,289.513152,284.365187,288.392036,,287.174204,286.419866,289.513152,284.365187,288.392036,,287.174204,339.811423,343.483096,337.373009,342.151531,,342.151531,342.151531
2024-10-01,288.258665,290.080756,282.88509,286.03101,,286.799635,288.258665,290.080756,282.88509,286.03101,,286.799635,342.003101,344.165831,335.626786,339.359672,,339.359672,339.359672
2024-10-02,285.408011,288.154019,282.832948,285.937595,,285.587916,285.408011,288.154019,282.832948,285.937595,,285.587916,338.640375,341.898093,335.584099,339.268331,,339.268331,339.268331
2024-10-03,285.067027,287.68472,282.72924,285.415362,,285.227185,285.067027,287.68472,282.72924,285.415362,,285.227185,338.236768,341.34354,335.463543,338.650081,,338.650081,338.650081
2024-10-04,287.635857,289.544446,284.314247,287.999462,,287.377825,287.635857,289.544446,284.314247,287.999462,,287.377825,341.351334,343.616428,337.408728,341.783048,,341.783048,341.783048
2024-10-07,287.177235,289.646302,283.328565,285.01994,,286.285717,287.177235,289.646302,283.328565,285.01994,,286.285717,340.811667,343.74244,336.244101,338.251943,,338.251943,338.251943
2024-10-08,286.373433,289.253601,284.332647,287.724896,,286.931886,286.373433,289.253601,284.332647,287.724896,,286.931886,339.858353,343.277331,337.436723,341.462089,,341.462089,341.462089
2024-10-09,287.674382,291.277886,285.468039,289.47103,,288.482497,287.674382,291.277886,285.468039,289.47103,,288.482497,341.412278,345.688539,338.79386,343.544632,,343.544632,343.544632
2024-10-10,288.755529,291.091072,286.321473,288.873652,,288.764975,288.755529,291.091072,286.321473,288.873652,,288.764975,342.746315,345.516731,339.85433,342.885141,,342.885141,342.885141
2024-10-11,288.863191,292.241604,287.443314,290.643845,,289.794225,288.863191,292.241604,287.443314,290.643845,,289.794225,342.875994,346.886323,341.189345,344.989037,,344.989037,344.989037
2024-10-14,291.478788,294.687913,289.901587,292.85777,,292.22724,291.478788,294.687913,289.901587,292.85777,,292.22724,345.980017,349.788735,344.108126,347.616507,,347.616507,347.616507
2024-10-15,293.154748,296.038506,288.562557,290.897566,,292.157894,293.154748,296.038506,288.562557,290.897566,,292.157894,347.996548,351.421907,342.545618,345.317823,,345.317823,345.317823
2024-10-16,290.917947,293.739649,288.62251,292.180528,,291.364973,290.917947,293.739649,288.62251,292.180528,,291.364973,345.344818,348.695288,342.619283,346.843805,,346.843805,346.843805
2024-10-17,293.967287,295.63529,290.370359,291.992857,,292.980259,293.967287,295.63529,290.370359,291.992857,,292.980259,348.968343,350.950367,344.698101,346.625956,,346.625956,346.625956
2024-10-18,293.052208,294.912909,290.68173,293.082666,,292.94257,293.052208,294.912909,290.68173,293.082666,,292.94257,347.900595,350.10912,345.08632,347.936625,,347.936625,347.936625
2024-10-21,292.565697,294.995124,289.95122,292.576135,,292.526441,292.565697,294.995124,289.95122,292.576135,,292.526441,347.336272,350.221051,344.231382,347.34871,,347.34871,347.34871
2024-10-22,291.204878,294.460355,289.083521,292.553975,,291.827283,291.204878,294.460355,289.083521,292.553975,,291.827283,345.718602,349.586512,343.200768,347.321368,,347.321368,347.321368
2024-10-23,291.48365,293.67608,287.216647,289.84479,,290.546112,291.48365,293.67608,287.216647,289.84479,,290.546112,346.05722,348.659998,340.989975,344.111233,,344.111233,344.111233
2024-10-24,290.799851,292.831303,287.783669,290.550257,,290.495955,290.799851,292.831303,287.783669,290.550257,,290.495955,345.245879,347.659156,341.664248,344.949624,,344.949624,344.949624
2024-10-25,291.724393,294.583318,289.066164,290.576454,,291.486621,291.724393,294.583318,289.066164,290.576454,,291.486621,346.343784,349.738028,343.186881,344.980921,,344.980921,344.980921
2024-10-28,292.456187,294.220844,289.493072,291.417973,,291.889168,292.456187,294.220844,289.493072,291.417973,,291.889168,347.218823,349.314058,343.700224,345.985378,,345.985378,345.985378
2024-10-29,291.110675,294.416781,288.838221,292.062728,,291.612949,291.110675,294.416781,288.838221,292.062728,,291.612949,345.621795,349.5484,342.922325,346.752033,,346.752033,346.752033
2024-10-30,292.766739,295.749165,289.152261,291.531303,,292.302484,292.766739,295.749165,289.152261,291.531303,,292.302484,347.588755,351.130192,343.297175,346.12253,,346.12253,346.12253
2024-10-31,289.510224,292.089372,284.570099,286.172673,,288.085303,289.510224,292.089372,284.570099,286.172673,,288.085303,343.748709,346.810665,337.880275,339.784797,,339.784797,339.784797
2024-11-01,287.386681,290.896047,285.072713,287.344166,,287.681115,287.386681,290.896047,285.072713,287.344166,,287.681115,341.240353,345.405863,338.490309,341.188859,,341.188859,341.188859
2024-11-04,287.086226,289.478654,284.258468,286.390635,,286.807728,287.086226,289.478654,284.258468,286.390635,,286.807728,340.896869,343.737734,337.540338,340.07098,,340.07098,340.07098
2024-11-05,286.8187,290.820906,285.696746,289.669477,,288.261911,286.8187,290.820906,285.696746,289.669477,,288.261911,340.58315,345.339484,339.252938,343.970061,,343.970061,343.970061
2024-11-06,295.733292,300.474314,291.134905,297.212848,,296.138673,295.733292,300.474314,291.134905,297.212848,,296.138673,351.170454,356.802247,345.710602,352.927958,,352.927958,352.927958
2024-11-07,298.243883,302.123954,295.681141,299.608405,,298.918762,298.243883,302.123954,295.681141,299.608405,,298.918762,354.161615,358.768666,351.117967,355.781742,,355.781742,355.781742
2024-11-08,299.854944,303.527348,297.326092,300.565621,,300.317715,299.854944,303.527348,297.326092,300.565621,,300.317715,356.146203,360.506385,353.140593,356.988447,,356.988447,356.988447
2024-11-11,301.497986,304.563233,298.064959,301.068193,,301.311889,301.497986,304.563233,298.064959,301.068193,,301.311889,358.09704,361.737012,354.018024,357.585762,,357.585762,357.585762
2024-11-12,301.18592,303.833697,297.774533,300.368811,,300.796841,301.18592,303.833697,297.774533,300.368811,,300.796841,357.7471,360.890877,353.692026,356.775475,,356.775475,356.775475
2024-11-13,300.506322,303.627607,297.574651,300.265618,,300.498327,300.506322,303.627607,297.574651,300.265618,,300.498327,356.954584,360.661632,353.470262,356.667662,,356.667662,356.667662
2024-11-14,300.394031,302.644322,296.234917,298.231602,,299.374674,300.394031,302.644322,296.234917,298.231602,,299.374674,356.855404,359.529208,351.914716,354.286695,,354.286695,354.286695
2024-11-15,296.078672,298.506991,291.530576,294.2062,,295.071921,296.078672,298.506991,291.530576,294.2062,,295.071921,351.772045,354.658664,346.368317,349.547413,,349.547413,349.547413
2024-11-18,294.530826,297.806339,292.025955,295.547199,,294.988774,294.530826,297.806339,292.025955,295.547199,,294.988774,349.995534,353.890194,347.019258,351.204836,,351.204836,351.204836
2024-11-19,293.866935,298.546489,292.113769,296.892979,,295.370073,293.866935,298.546489,292.113769,296.892979,,295.370073,349.210773,354.774245,347.128972,352.807941,,352.807941,352.807941
2024-11-20,296.909177,298.757266,292.773892,296.772478,,296.30226,296.909177,298.757266,292.773892,296.772478,,296.30226,352.833971,355.030503,347.919706,352.67167,,352.67167,352.67167
2024-11-21,297.989724,301.553823,292.47927,297.654785,,297.432342,297.989724,301.553823,292.47927,297.654785,,297.432342,354.17088,358.406902,347.621741,353.772487,,353.772487,353.772487
2024-11-22,297.571602,301.150074,295.183135,298.437592,,298.088613,297.571602,301.150074,295.183135,298.437592,,298.088613,353.68727,357.941064,350.84807,354.71631,,354.71631,354.71631
2024-11-25,300.258059,303.310982,296.555152,299.457509,,299.876149,300.258059,303.310982,296.555152,299.457509,,299.876149,356.88087,360.509175,352.479518,355.92878,,355.92878,355.92878
2024-11-26,300.046603,303.52636,297.623524,301.28786,,300.63044,300.046603,303.52636,297.623524,301.28786,,300.63044,356.652426,360.789018,353.771418,358.126786,,358.126786,358.126786
2024-11-27,301.046793,303.282963,297.95996,300.212166,,300.621104,301.046793,303.282963,297.95996,300.212166,,300.621104,357.863096,360.521444,354.194756,356.871106,,356.871106,356.871106
2024-11-29,300.570944,303.497739,299.051978,301.807956,,301.236564,300.570944,303.497739,299.051978,301.807956,,301.236564,357.330555,360.812629,355.526525,358.802814,,358.802814,358.802814
2024-12-02,302.235367,305.494704,299.487658,302.702163,,302.484314,302.235367,305.494704,299.487658,302.702163,,302.484314,359.35461,363.229815,356.086437,359.908206,,359.908206,359.908206
2024-12-03,302.718545,305.345341,299.927591,302.808745,,302.704048,302.718545,305.345341,299.927591,302.808745,,302.704048,359.934728,363.057153,356.614896,360.041357,,360.041357,360.041357
2024-12-04,303.730922,307.152714,300.966647,304.829262,,304.184057,303.730922,307.152714,300.966647,304.829262,,304.184057,361.143442,365.212577,357.857162,362.449638,,362.449638,362.449638
2024-12-05,304.936718,307.713953,301.902744,304.226169,,304.697563,304.936718,307.713953,301.902744,304.226169,,304.697563,362.597271,365.899918,358.989348,361.752942,,361.752942,361.752942
2024-12-06,304.61656,308.174218,302.00489,305.190672,,305.003627,304.61656,308.174218,302.00489,305.190672,,305.003627,362.255795,366.486024,359.149378,362.938148,,362.938148,362.938148
2024-12-09,304.83053,308.023115,300.436973,303.331262,,304.144306,304.83053,308.023115,300.436973,303.331262,,304.144306,362.576284,366.373117,357.348351,360.791829,,360.791829,360.791829
2024-12-10,304.158685,307.540312,300.110321,303.26543,,303.77416,304.158685,307.540312,300.110321,303.26543,,303.77416,361.783166,365.805487,356.966759,360.719675,,360.719675,360.719675
2024-12-11,304.645728,309.270194,301.797764,306.392457,,305.535253,304.645728,309.270194,301.797764,306.392457,,305.535253,362.367331,367.8692,358.978866,364.444558,,364.444558,364.444558
2024-12-12,305.979727,308.148468,302.730105,304.54245,,305.348248,305.979727,308.148468,302.730105,304.54245,,305.348248,363.955666,366.535453,360.087799,362.244423,,362.244423,362.244423
2024-12-13,305.286391,307.943927,301.599401,304.314396,,304.784352,305.286391,307.943927,301.599401,304.314396,,304.784352,363.177132,366.339178,358.790388,362.020575,,362.020575,362.020575
2024-12-16,305.292022,309.326471,302.097382,305.938191,,305.663296,305.292022,309.326471,302.097382,305.938191,,305.663296,363.22931,368.027758,359.426204,363.996164,,363.996164,363.996164
2024-12-17,304.725408,308.138084,301.436544,304.781139,,304.766504,304.725408,308.138084,301.436544,304.781139,,304.766504,362.55751,366.618895,358.645274,362.625047,,362.625047,362.625047
2024-12-18,304.665633,307.565144,294.692954,295.780381,,300.643095,304.665633,307.565144,294.692954,295.780381,,300.643095,362.493785,365.943076,350.623916,351.92123,,351.92123,351.92123
2024-12-19,298.305164,301.212958,293.790025,295.533041,,297.20739,298.305164,301.212958,293.790025,295.533041,,297.20739,354.927253,358.387245,349.553494,351.628931,,351.628931,351.628931
2024-12-20,294.109829,302.024774,291.961713,298.584861,,296.690397,294.109829,302.024774,291.961713,298.584861,,296.690397,349.951502,359.368592,347.396134,355.276256,,355.276256,355.276256
2024-12-23,299.000813,301.990362,296.138397,300.850111,,299.488054,299.000813,301.990362,296.138397,300.850111,,299.488054,355.791145,359.35124,352.385416,357.99241,,357.99241,357.99241
2024-12-24,301.378661,304.762442,299.983693,304.187645,,302.596119,301.378661,304.762442,299.983693,304.187645,,302.596119,358.62103,362.648802,356.961323,361.963681,,361.963681,361.963681
2024-12-26,303.235955,305.607597,301.572472,304.014141,,303.60261,303.235955,305.607597,301.572472,304.014141,,303.60261,360.85536,363.679426,358.877732,361.782315,,361.782315,361.782315
2024-12-27,302.165797,303.925109,297.876773,300.594572,,301.11889,302.165797,303.925109,297.876773,300.594572,,301.11889,359.612018,361.706439,354.507398,357.741842,,357.741842,357.741842
2024-12-30,297.148667,299.933106,294.455291,297.423871,,297.24334,297.148667,299.933106,294.455291,297.423871,,297.24334,353.643828,356.956353,350.437551,353.970633,,353.970633,353.970633
2024-12-31,298.178465,299.554713,294.618679,296.05979,,297.097265,298.178465,299.554713,294.618679,296.05979,,297.097265,354.895959,356.533331,350.658426,352.373908,,352.373908,352.373908
2025-01-02,297.655025,300.046764,292.748139,295.438648,,296.453957,297.655025,300.046764,292.748139,295.438648,,296.453957,354.284464,357.132514,348.445182,351.647351,,351.647351,351.647351
2025-01-03,296.974101,300.689094,294.950287,299.146387,,297.951629,296.974101,300.689094,294.950287,299.146387,,297.951629,353.500895,357.924758,351.093546,356.087801,,356.087801,356.087801
2025-01-06,301.317335,305.362336,298.286033,301.039462,,301.491272,301.317335,305.362336,298.286033,301.039462,,301.491272,358.695807,363.511234,355.086989,358.365227,,358.365227,358.365227
2025-01-07,302.064754,304.859609,295.956663,297.794568,,300.151121,302.064754,304.859609,295.956663,297.794568,,300.151121,359.588044,362.915196,352.314839,354.504182,,354.504182,354.504182
2025-01-08,297.540623,300.5235,294.216052,298.165927,,297.609601,297.540623,300.5235,294.216052,298.165927,,297.609601,354.210346,357.762704,350.251959,354.954568,,354.954568,354.954568
2025-01-10,296.389207,298.989048,290.573643,293.697704,,294.894256,296.389207,298.989048,290.573643,293.697704,,294.894256,352.906095,355.999991,345.980748,349.700316,,349.700316,349.700316
2025-01-13,291.096154,295.350047,288.677866,294.037511,,292.298451,291.096154,295.350047,288.677866,294.037511,,292.298451,346.600718,351.668521,343.724139,350.104399,,350.104399,350.104399
2025-01-14,295.459821,297.797063,290.987813,294.194756,,294.602092,295.459821,297.797063,290.987813,294.194756,,294.602092,351.798293,354.582004,346.474605,350.292349,,350.292349,350.292349
2025-01-15,298.441999,302.225083,295.40261,299.764958,,298.960398,298.441999,302.225083,295.40261,299.764958,,298.960398,355.382285,359.886403,351.762761,356.956888,,356.956888,356.956888
2025-01-16,300.183787,303.176924,296.295243,299.014759,,299.670032,300.183787,303.176924,296.295243,299.014759,,299.670032,357.461003,361.027215,352.82944,356.069414,,356.069414,356.069414
2025-01-17,302.600436,304.99264,299.082181,302.061049,,302.182086,302.600436,304.99264,299.082181,302.061049,,302.182086,360.346867,363.195243,356.156911,359.704059,,359.704059,359.704059
2025-01-21,303.719852,307.617244,300.687928,304.780133,,304.208272,303.719852,307.617244,300.687928,304.780133,,304.208272,361.688073,366.330424,358.077084,362.950987,,362.950987,362.950987
2025-01-22,306.57864,309.954536,303.35486,306.599589,,306.608061,306.57864,309.954536,303.35486,306.599589,,306.608061,365.099922,369.119681,361.260421,365.124616,,365.124616,365.124616
2025-01-23,306.302008,309.876467,303.554275,308.10677,,306.98288,306.302008,309.876467,303.554275,308.10677,,306.98288,364.774551,369.031962,361.501852,366.923608,,366.923608,366.923608
2025-01-24,308.108892,311.060495,304.828149,307.508678,,307.87594,308.108892,311.060495,304.828149,307.508678,,307.87594,366.958748,370.4743,363.051311,366.243544,,366.243544,366.243544
2025-01-27,300.343432,307.591414,296.244423,302.796186,,301.751858,300.343432,307.591414,296.244423,302.796186,,301.751858,357.714147,366.346572,352.830251,360.634305,,360.634305,360.634305
2025-01-28,303.622417,308.895086,299.105638,305.622367,,304.327502,303.622417,308.895086,299.105638,305.622367,,304.327502,361.615274,367.895486,356.235178,363.998019,,363.998019,363.998019
2025-01-29,305.208998,308.197787,301.381069,304.359405,,304.779266,305.208998,308.197787,301.381069,304.359405,,304.779266,363.510224,367.068283,358.950185,362.497744,,362.497744,362.497744
2025-01-30,305.670626,309.61331,301.74337,306.395226,,305.846942,305.670626,309.61331,301.74337,306.395226,,305.846942,364.064798,368.761778,359.386962,364.928943,,364.928943,364.928943
2025-01-31,307.681503,311.425725,303.298258,305.184655,,306.912902,307.681503,311.425725,303.298258,305.184655,,306.912902,366.48246,370.941477,361.259895,363.50787,,363.50787,363.50787
2025-02-03,300.230185,305.811896,297.373251,302.883762,,301.652035,300.230185,305.811896,297.373251,302.883762,,301.652035,357.624764,364.274312,354.221716,360.78657,,360.78657,360.78657
2025-02-04,303.1575,307.809274,300.815401,305.337874,,304.28543,303.1575,307.809274,300.815401,305.337874,,304.28543,361.113221,366.656427,358.324232,363.711014,,363.711014,363.711014
2025-02-05,303.787203,307.411431,300.814662,305.39073,,304.361035,303.787203,307.411431,300.814662,305.39073,,304.361035,361.866814,366.183678,358.326322,363.777505,,363.777505,363.777505
2025-02-06,305.973293,309.11669,302.603642,306.488019,,306.067866,305.973293,309.11669,302.603642,306.488019,,306.067866,364.470814,368.216074,360.457491,365.084206,,365.084206,365.084206
2025-02-07,306.630842,308.886568,301.057935,303.293531,,304.98281,306.630842,308.886568,301.057935,303.293531,,304.98281,365.275732,367.96445,358.637012,361.301244,,361.301244,361.301244
2025-02-10,304.934803,307.996859,301.893343,305.351872,,305.04972,304.934803,307.996859,301.893343,305.351872,,305.04972,363.304366,366.952986,359.6787,363.800434,,363.800434,363.800434
2025-02-11,304.201246,307.957993,301.693497,305.328795,,304.789843,304.201246,307.957993,301.693497,305.328795,,304.789843,362.441107,366.917788,359.45194,363.784327,,363.784327,363.784327
2025-02-12,302.384081,306.614001,300.064777,304.424294,,303.381171,302.384081,306.614001,300.064777,304.424294,,303.381171,360.31115,365.35106,357.548404,362.74137,,362.74137,362.74137
2025-02-13,305.000836,309.212672,302.606369,307.647295,,306.123655,305.000836,309.212672,302.606369,307.647295,,306.123655,363.43013,368.449495,360.577092,366.584033,,366.584033,366.584033
2025-02-14,307.729629,310.692227,304.715847,307.562036,,307.677066,307.729629,310.692227,304.715847,307.562036,,307.677066,366.764402,370.295305,363.170466,366.564169,,366.564169,366.564169
2025-02-18,307.998357,310.975333,303.982978,308.162809,,307.769255,307.998357,310.975333,303.982978,308.162809,,307.769255,367.135413,370.685503,362.349192,367.33159,,367.33159,367.33159
2025-02-19,307.502597,310.998826,304.974207,308.962415,,308.106371,307.502597,310.998826,304.974207,308.962415,,308.106371,366.548883,370.718633,363.536756,368.289796,,368.289796,368.289796
2025-02-20,308.136006,310.473861,303.745743,307.458771,,307.439731,308.136006,310.473861,303.745743,307.458771,,307.439731,367.35049,370.140075,362.118003,366.543699,,366.543699,366.543699
2025-02-21,307.32902,309.648738,300.043929,302.108039,,304.758792,307.32902,309.648738,300.043929,302.108039,,304.758792,366.400264,369.165793,357.713653,360.175797,,360.175797,360.175797
2025-02-24,303.233018,306.347362,297.788355,300.666915,,301.999703,303.233018,306.347362,297.788355,300.666915,,301.999703,361.530523,365.242299,355.037596,358.470018,,358.470018,358.470018
2025-02-25,300.711473,303.486813,294.727764,299.125861,,299.50026,300.711473,303.486813,294.727764,299.125861,,299.50026,358.528492,361.836172,351.393177,356.637117,,356.637117,356.637117
2025-02-26,299.993661,303.648008,296.116095,298.912406,,299.677046,299.993661,303.648008,296.116095,298.912406,,299.677046,357.679714,362.035716,353.056795,356.390842,,356.390842,356.390842
2025-02-27,300.303909,303.605992,292.745501,294.186101,,297.691439,300.303909,303.605992,292.745501,294.186101,,297.691439,358.053312,361.991813,349.041074,350.759368,,350.759368,350.759368
2025-02-28,294.313951,299.80603,290.740014,298.805699,,295.923435,294.313951,299.80603,290.740014,298.805699,,295.923435,350.955305,357.506585,346.69499,356.311659,,356.311659,356.311659
2025-03-03,299.853813,302.613233,290.694619,293.672455,,296.695746,299.853813,302.613233,290.694619,293.672455,,296.695746,357.592389,360.883414,346.669577,350.221243,,350.221243,350.221243
2025-03-04,291.227974,296.831992,285.307503,290.369085,,290.932874,291.227974,296.831992,285.307503,290.369085,,290.932874,347.313485,353.997457,340.252952,346.289653,,346.289653,346.289653
2025-03-05,290.36806,295.348332,287.340365,293.618457,,291.678935,290.36806,295.348332,287.340365,293.618457,,291.678935,346.295703,352.237099,342.685622,350.172745,,350.172745,350.172745
2025-03-06,289.895759,293.744221,285.291924,288.50659,,289.326551,289.895759,293.744221,285.291924,288.50659,,289.326551,345.742345,350.333091,340.252301,344.085813,,344.085813,344.085813
2025-03-07,287.535812,292.912262,282.576737,290.009061,,288.250675,287.535812,292.912262,282.576737,290.009061,,288.250675,342.97659,349.389242,337.062462,345.926989,,345.926989,345.926989
2025-03-10,285.562992,289.10025,278.334627,281.939765,,283.718733,285.562992,289.10025,278.334627,281.939765,,283.718733,340.69841,344.917095,332.072605,336.375012,,336.375012,336.375012
2025-03-11,281.112245,285.436613,275.696037,279.745115,,280.508795,281.112245,285.436613,275.696037,279.745115,,280.508795,335.390861,340.550119,328.926862,333.759247,,333.759247,333.759247
2025-03-12,282.741899,285.305568,277.520965,281.259636,,281.70518,282.741899,285.305568,277.520965,281.259636,,281.70518,337.341096,340.402014,331.112175,335.573515,,335.573515,335.573515
2025-03-13,280.912463,283.18922,274.895664,277.238967,,279.042393,280.912463,283.18922,274.895664,277.238967,,279.042393,335.184685,337.901595,328.003993,330.80034,,330.80034,330.80034
2025-03-14,279.47817,284.141964,277.545919,282.967878,,281.050181,279.47817,284.141964,277.545919,282.967878,,281.050181,333.537451,339.10539,331.231359,337.702156,,337.702156,337.702156
2025-03-17,282.657766,287.31891,280.123918,284.620754,,283.693945,282.657766,287.31891,280.123918,284.620754,,283.693945,337.351905,342.913272,334.327432,339.694416,,339.694416,339.694416
2025-03-18,283.600294,285.139197,278.644711,281.402464,,282.186368,283.600294,285.139197,278.644711,281.402464,,282.186368,338.489753,340.32746,332.574577,335.866346,,335.866346,335.866346
2025-03-19,282.388157,287.314784,280.287852,284.532084,,283.646929,282.388157,287.314784,280.287852,284.532084,,283.646929,337.045293,342.925456,334.539809,339.605004,,339.605004,339.605004
2025-03-20,282.598503,287.320054,280.916276,283.877881,,283.68066,282.598503,287.320054,280.916276,283.877881,,283.68066,337.333118,342.969209,335.326837,338.860789,,338.860789,338.860789
2025-03-21,281.559966,285.865304,279.131126,284.207398,,282.698965,281.559966,285.865304,279.131126,284.207398,,282.698965,336.108423,341.248007,333.208268,339.268216,,339.268216,339.268216
2025-03-24,287.538548,291.053399,285.483162,289.326942,,288.353072,287.538548,291.053399,285.483162,289.326942,,288.353072,343.245457,347.443194,340.792627,345.381282,,345.381282,345.381282
2025-03-25,289.899219,292.368358,286.870484,289.95353,,289.784009,289.899219,292.368358,286.870484,289.95353,,289.784009,346.077498,349.024676,342.462597,346.141814,,346.141814,346.141814
2025-03-26,289.681525,291.865886,284.361064,286.49425,,288.088066,289.681525,291.865886,284.361064,286.49425,,288.088066,345.819769,348.426114,339.466806,342.014162,,342.014162,342.014162
2025-03-27,285.615812,288.9528,282.872107,285.394517,,285.710073,285.615812,288.9528,282.872107,285.394517,,285.710073,340.965044,344.951457,337.689698,340.701812,,340.701812,340.701812
2025-03-28,284.529239,286.281539,277.818141,279.412482,,281.984332,284.529239,286.281539,277.818141,279.412482,,281.984332,339.679239,341.770237,331.666198,333.570721,,333.570721,333.570721
2025-03-31,276.247308,283.012413,273.353199,280.934372,,278.393314,276.247308,283.012413,273.353199,280.934372,,278.393314,329.820577,337.899158,326.365001,335.416871,,335.416871,335.416871
2025-04-01,279.981673,284.079285,277.089768,282.175921,,280.835001,279.981673,284.079285,277.089768,282.175921,,280.835001,334.286828,339.181077,330.834557,336.907398,,336.907398,336.907398
2025-04-02,279.031717,286.087244,277.744465,284.020871,,281.737905,279.031717,286.087244,277.744465,284.020871,,281.737905,333.163226,341.58869,331.625318,339.120103,,339.120103,339.120103
2025-04-03,273.838091,278.23154,268.132287,270.494708,,272.680519,273.838091,278.23154,268.132287,270.494708,,272.680519,326.975003,332.220674,320.16035,322.982545,,322.982545,322.982545
2025-04-04,263.323337,267.864059,252.04069,254.69919,,259.454442,263.323337,267.864059,252.04069,254.69919,,259.454442,314.456735,319.878064,300.982724,304.158034,,304.158034,304.158034
2025-04-07,246.175783,264.138549,241.648691,254.29796,,251.601775,246.175783,264.138549,241.648691,254.29796,,251.601775,293.983461,315.433755,288.576317,303.682837,,303.682837,303.682837
2025-04-08,263.013443,266.007781,246.654145,250.362593,,256.471648,263.013443,266.007781,246.654145,250.362593,,256.471648,314.094033,317.668968,294.556997,298.985421,,298.985421,298.985421
2025-04-09,248.964122,276.371504,246.715744,274.018219,,261.599184,248.964122,276.371504,246.715744,274.018219,,261.599184,297.319317,330.050565,294.635236,327.240042,,327.240042,327.240042
2025-04-10,268.307591,271.296245,256.351506,264.687205,,265.143842,268.307591,271.296245,256.351506,264.687205,,265.143842,320.475459,324.043536,306.194084,316.150878,,316.150878,316.150878
2025-04-11,263.795135,271.298963,260.662186,269.465457,,266.315811,263.795135,271.298963,260.662186,269.465457,,266.315811,315.090865,324.05506,311.348431,321.865072,,321.865072,321.865072
2025-04-14,274.261552,276.859138,268.131319,271.645931,,272.7202,274.261552,276.859138,268.131319,271.645931,,272.7202,327.595799,330.697828,320.275181,324.47157,,324.47157,324.47157
2025-04-15,272.026889,275.145334,268.947763,271.010771,,271.797626,272.026889,275.145334,268.947763,271.010771,,271.797626,324.953691,328.678921,321.274969,323.740911,,323.740911,323.740911
2025-04-16,267.787154,270.880023,261.75633,264.976782,,266.338948,267.787154,270.880023,261.75633,264.976782,,266.338948,319.896318,323.590665,312.694225,316.539546,,316.539546,316.539546
2025-04-17,266.274608,269.351596,262.159965,265.255615,,265.756415,266.274608,269.351596,262.159965,265.255615,,265.756415,318.095129,321.771316,313.179386,316.877483,,316.877483,316.877483
2025-04-21,262.453697,263.699673,255.528169,259.034824,,260.174925,262.453697,263.699673,255.528169,259.034824,,260.174925,313.552468,315.042319,305.277985,309.467279,,309.467279,309.467279
2025-04-22,261.842272,267.454481,260.154153,265.54161,,263.77309,261.842272,267.454481,260.154153,265.54161,,263.77309,312.833002,319.537106,310.814931,317.251202,,317.251202,317.251202
2025-04-23,272.198814,276.182021,267.806739,270.028576,,271.552457,272.198814,276.182021,267.806739,270.028576,,271.552457,325.210482,329.969011,319.962294,322.616931,,322.616931,322.616931
2025-04-24,270.503139,276.758016,268.389843,275.521518,,272.824101,270.503139,276.758016,268.389843,275.521518,,272.824101,323.185648,330.658135,320.658906,329.180107,,329.180107,329.180107
2025-04-25,276.046613,279.873966,272.695861,277.552522,,276.543625,276.046613,279.873966,272.695861,277.552522,,276.543625,329.807688,334.381397,325.804093,331.607393,,331.607393,331.607393
2025-04-28,277.991533,280.410965,273.865008,277.651178,,277.476456,277.991533,280.410965,273.865008,277.651178,,277.476456,332.136838,335.02722,327.207687,331.730736,,331.730736,331.730736
2025-04-29,276.570889,280.65334,274.754822,279.179694,,277.801166,276.570889,280.65334,274.754822,279.179694,,277.801166,330.442105,335.322091,328.272563,333.559704,,333.559704,333.559704
2025-04-30,275.731629,280.626159,271.873656,279.484232,,276.949768,275.731629,280.626159,271.873656,279.484232,,276.949768,329.464727,335.31609,324.856349,333.9501,,333.9501,333.9501
2025-05-01,282.078261,285.680131,278.633453,281.308599,,281.927455,282.078261,285.680131,278.633453,281.308599,,281.927455,337.053812,341.35655,332.937576,336.133508,,336.133508,336.133508
2025-05-02,284.307552,288.002052,281.546153,285.491975,,284.843511,284.307552,288.002052,281.546153,285.491975,,284.843511,339.726108,344.141209,336.42714,341.14158,,341.14158,341.14158
2025-05-05,283.290834,286.687183,280.989632,283.764774,,283.693702,283.290834,286.687183,280.989632,283.764774,,283.693702,338.526688,342.585538,335.776845,339.092724,,339.092724,339.092724
2025-05-06,281.111962,284.981439,278.797177,281.636303,,281.63464,281.111962,284.981439,278.797177,281.636303,,281.63464,335.92783,340.551994,333.162989,336.55503,,336.55503,336.55503
2025-05-07,282.243625,286.009746,277.8676,281.960971,,282.030797,282.243625,286.009746,277.8676,281.960971,,282.030797,337.284041,341.784528,332.05383,336.946046,,336.946046,336.946046
2025-05-08,283.988636,287.536096,280.875292,283.643658,,283.999879,283.988636,287.536096,280.875292,283.643658,,283.999879,339.369677,343.60817,335.647595,338.957082,,338.957082,338.957082
2025-05-09,284.44709,286.441342,281.318468,283.325363,,283.876551,284.44709,286.441342,281.318468,283.325363,,283.876551,339.978972,342.361176,336.23644,338.636925,,338.636925,338.636925
2025-05-12,291.887206,295.03501,287.287471,292.484404,,291.665095,291.887206,295.03501,287.287471,292.484404,,291.665095,348.907897,352.672269,343.41002,349.621876,,349.621876,349.621876
2025-05-13,292.8509,297.741721,290.158644,294.605018,,293.853057,292.8509,297.741721,290.158644,294.605018,,293.853057,350.068919,355.916364,346.84954,352.165821,,352.165821,352.165821
2025-05-14,295.149848,298.321932,291.92172,295.36107,,295.195181,295.149848,298.321932,291.92172,295.36107,,295.195181,352.831616,356.623059,348.972482,353.082968,,353.082968,353.082968
2025-05-15,294.265488,298.406528,291.507687,296.352052,,295.150486,294.265488,298.406528,291.507687,296.352052,,295.150486,351.853227,356.807803,348.55807,354.349174,,354.349174,354.349174
2025-05-16,297.496413,299.96405,294.530385,298.511696,,297.625906,297.496413,299.96405,294.530385,298.511696,,297.625906,355.760965,358.714474,352.213447,356.976002,,356.976002,356.976002
2025-05-19,295.2527,299.733654,293.837463,298.747901,,296.900956,295.2527,299.733654,293.837463,298.747901,,296.900956,353.125991,358.487022,351.432863,357.306115,,357.306115,357.306115
2025-05-20,297.687666,299.931088,294.983164,297.44737,,297.513057,297.687666,299.931088,294.983164,297.44737,,297.513057,356.045197,358.728916,352.810292,355.757783,,355.757783,355.757783
2025-05-21,295.382462,299.521056,291.438784,293.255618,,294.907741,295.382462,299.521056,291.438784,293.255618,,294.907741,353.298581,358.246454,348.579286,350.753549,,350.753549,350.753549
2025-05-22,293.165163,296.816783,290.970787,293.302755,,293.563706,293.165163,296.816783,290.970787,293.302755,,293.563706,350.653289,355.020567,348.027901,350.817078,,350.817078,350.817078
2025-05-23,289.690497,293.382128,288.095506,291.294949,,290.620842,289.690497,293.382128,288.095506,291.294949,,290.620842,346.512723,350.927713,344.605023,348.43156,,348.43156,348.43156
2025-05-27,294.543307,298.292585,292.900575,297.298499,,295.76926,294.543307,298.292585,292.900575,297.298499,,295.76926,352.342482,356.829118,350.378494,355.63869,,355.63869,355.63869
2025-05-28,297.543643,299.599555,294.637301,295.714291,,296.873454,297.543643,299.599555,294.637301,295.714291,,296.873454,355.936756,358.394844,352.457247,353.747357,,353.747357,353.747357
2025-05-29,298.448589,300.08715,293.811672,296.778488,,297.268262,298.448589,300.08715,293.811672,296.778488,,297.268262,357.023424,358.985001,351.474915,355.025804,,355.025804,355.025804
2025-05-30,296.170501,299.090182,292.118859,296.803776,,296.043463,296.170501,299.090182,292.118859,296.803776,,296.043463,354.332722,357.827343,349.48534,355.090751,,355.090751,355.090751
2025-06-02,295.423487,298.939993,293.109898,297.800934,,296.325208,295.423487,298.939993,293.109898,297.800934,,296.325208,353.48004,357.690722,350.712732,356.325678,,356.325678,356.325678
2025-06-03,297.652734,301.317115,295.194121,299.166579,,298.332402,297.652734,301.317115,295.194121,299.166579,,298.332402,356.151776,360.536277,353.208879,357.963104,,357.963104,357.963104
2025-06-04,299.784314,302.299448,297.110072,299.284468,,299.628852,299.784314,302.299448,297.110072,299.284468,,299.628852,358.71625,361.72712,355.516092,358.118572,,358.118572,358.118572
2025-06-05,300.190895,302.305006,295.651056,297.76155,,298.981205,300.190895,302.305006,295.651056,297.76155,,298.981205,359.230264,361.760024,353.796982,356.322741,,356.322741,356.322741
2025-06-06,300.512667,303.453667,298.633986,301.091181,,300.915129,300.512667,303.453667,298.633986,301.091181,,300.915129,359.654552,363.17567,357.407462,360.347756,,360.347756,360.347756
2025-06-09,301.456074,304.503547,298.334668,301.552197,,301.450234,301.456074,304.503547,298.334668,301.552197,,301.450234,360.829134,364.478526,357.091456,360.94461,,360.94461,360.94461
2025-06-10,301.823075,305.446046,299.184967,303.310412,,302.423259,301.823075,305.446046,299.184967,303.310412,,302.423259,361.282081,365.616767,358.124801,363.061254,,363.061254,363.061254
2025-06-11,303.99516,306.337441,299.904858,302.368974,,303.15528,303.99516,306.337441,299.904858,302.368974,,303.15528,363.883819,366.687811,358.98678,361.937715,,361.937715,361.937715
2025-06-12,301.705002,304.915767,299.728552,303.432379,,302.445304,301.705002,304.915767,299.728552,303.432379,,302.445304,361.147585,364.992509,358.78203,363.215139,,363.215139,363.215139
2025-06-13,300.626557,304.268881,297.661,300.22087,,300.693392,300.626557,304.268881,297.661,300.22087,,300.693392,359.910875,364.27133,356.360957,359.425776,,359.425776,359.425776
2025-06-16,301.811793,305.483986,299.857802,302.979419,,302.543213,301.811793,305.483986,299.857802,302.979419,,302.543213,361.386589,365.783492,359.045765,362.784828,,362.784828,362.784828
2025-06-17,301.793241,304.191773,298.914616,300.520072,,301.357066,301.793241,304.191773,298.914616,300.520072,,301.357066,361.374609,364.246427,357.923852,359.849111,,359.849111,359.849111
2025-06-18,300.868784,303.770424,297.822109,300.155868,,300.649016,300.868784,303.770424,297.822109,300.155868,,300.649016,360.278391,363.753509,356.628884,359.425275,,359.425275,359.425275
2025-06-20,301.581625,303.548428,296.4995,298.990662,,300.149029,301.581625,303.548428,296.4995,298.990662,,300.149029,361.150011,363.505976,355.062962,358.047951,,358.047951,358.047951
2025-06-23,299.185629,303.652962,295.74205,301.672776,,300.063415,299.185629,303.652962,295.74205,301.672776,,300.063415,358.289414,363.640793,354.166006,361.267452,,361.267452,361.267452
2025-06-24,303.774665,307.257387,301.528129,305.019767,,304.406637,303.774665,307.257387,301.528129,305.019767,,304.406637,363.789023,367.960729,361.096899,365.279762,,365.279762,365.279762
2025-06-25,305.640901,308.737823,302.398501,305.201939,,305.494408,305.640901,308.737823,302.398501,305.201939,,305.494408,366.026627,369.736786,362.143902,365.501663,,365.501663,365.501663
2025-06-26,306.367245,309.69239,303.991749,307.752881,,306.96445,306.367245,309.69239,303.991749,307.752881,,306.96445,366.903233,370.886524,364.057335,368.562193,,368.562193,368.562193
2025-06-27,308.388945,312.26104,305.690896,309.602014,,308.997197,308.388945,312.26104,305.690896,309.602014,,308.997197,369.347242,373.98618,366.115338,370.800434,,370.800434,370.800434
2025-06-30,311.025744,313.764461,307.614657,311.010855,,310.857462,311.025744,313.764461,307.614657,311.010855,,310.857462,372.530175,375.812415,368.444669,372.513559,,372.513559,372.513559
2025-07-01,310.117386,314.435338,306.072934,310.613631,,310.288358,310.117386,314.435338,306.072934,310.613631,,310.288358,371.451927,376.625333,366.610955,372.04727,,372.04727,372.04727
2025-07-02,310.360723,314.315801,307.700388,312.199042,,311.137946,310.360723,314.315801,307.700388,312.199042,,311.137946,371.75377,376.492235,368.56525,373.954975,,373.954975,373.954975
2025-07-03,313.242809,316.440424,311.502756,314.774678,,313.996734,313.242809,316.440424,311.502756,314.774678,,313.996734,375.258614,379.090824,373.17587,377.094722,,377.094722,377.094722
2025-07-07,313.564696,315.698912,309.799828,312.209724,,312.813615,313.564696,315.698912,309.799828,312.209724,,312.813615,375.651494,378.20786,371.140644,374.029187,,374.029187,374.029187
2025-07-08,312.569275,315.187025,308.847975,311.752574,,312.075032,312.569275,315.187025,308.847975,311.752574,,312.075032,374.460683,377.596928,370.001394,373.482659,,373.482659,373.482659
2025-07-09,312.853578,316.14342,310.083931,313.696856,,313.192836,312.853578,316.14342,310.083931,313.696856,,313.192836,374.806453,378.748528,371.488415,375.817171,,375.817171,375.817171
2025-07-10,313.799277,317.143242,310.637993,314.544908,,314.009826,313.799277,317.143242,310.637993,314.544908,,314.009826,375.992309,379.999797,372.203577,376.885244,,376.885244,376.885244
2025-07-11,313.076455,316.337299,310.59619,313.734404,,313.424529,313.076455,316.337299,310.59619,313.734404,,313.424529,375.124642,379.032827,372.152378,375.913092,,375.913092,375.913092
2025-07-14,313.465259,316.465789,310.833323,314.315877,,313.783578,313.465259,316.465789,310.833323,314.315877,,313.783578,375.592406,379.189104,372.437797,376.611855,,376.611855,376.611855
2025-07-15,315.740085,317.686114,311.638159,313.118614,,314.539506,315.740085,317.686114,311.638159,313.118614,,314.539506,378.351601,380.683574,373.434811,375.209547,,375.209547,375.209547
2025-07-16,313.878867,316.300995,310.355845,314.150552,,313.667993,313.878867,316.300995,310.355845,314.150552,,313.667993,376.121367,379.023679,371.897244,376.446374,,376.446374,376.446374
2025-07-17,313.986695,317.860415,311.847189,315.786079,,314.877734,313.986695,317.860415,311.847189,315.786079,,314.877734,376.250903,380.895345,373.689011,378.408571,,378.408571,378.408571
2025-07-18,316.998297,318.794865,313.29848,315.864063,,316.223547,316.998297,318.794865,313.29848,315.864063,,316.223547,379.883601,382.037445,375.44768,378.523912,,378.523912,378.523912
2025-07-21,316.458298,320.001161,314.333677,316.689475,,316.880506,316.458298,320.001161,314.333677,316.689475,,316.880506,379.244673,383.489978,376.696779,379.521254,,379.521254,379.521254
2025-07-22,317.012681,320.090149,312.690309,316.859681,,316.649465,317.012681,320.090149,312.690309,316.859681,,316.649465,379.916747,383.607185,374.737128,379.734113,,379.734113,379.734113
2025-07-23,318.040723,321.160959,315.000089,319.143863,,318.331479,318.040723,321.160959,315.000089,319.143863,,318.331479,381.154447,384.894813,377.510174,382.476197,,382.476197,382.476197
2025-07-24,320.17167,323.242996,316.885203,319.523141,,319.945865,320.17167,323.242996,316.885203,319.523141,,319.945865,383.71218,387.392664,379.771669,382.934288,,382.934288,382.934288
2025-07-25,319.963972,322.911778,317.875769,320.790611,,320.379461,319.963972,322.911778,317.875769,320.790611,,320.379461,383.478655,387.014259,380.977001,384.470258,,384.470258,384.470258
2025-07-28,321.181429,323.568986,318.314991,320.832434,,320.976267,321.181429,323.568986,318.314991,320.832434,,320.976267,384.939019,387.801139,381.500647,384.520172,,384.520172,384.520172
2025-07-29,321.502633,324.327294,317.419032,320.128463,,320.836084,321.502633,324.327294,317.419032,320.128463,,320.836084,385.325225,388.711516,380.431456,383.678843,,383.678843,383.678843
2025-07-30,320.591391,323.331107,316.661307,319.790708,,320.099649,320.591391,323.331107,316.661307,319.790708,,320.099649,384.236436,387.520431,379.524695,383.276791,,383.276791,383.276791
2025-07-31,322.477405,325.377661,316.274141,318.497517,,320.636473,322.477405,325.377661,316.274141,318.497517,,320.636473,386.52574,390.002077,379.089514,381.756105,,381.756105,381.756105
2025-08-01,315.340053,318.391407,309.576073,313.388276,,314.164939,315.340053,318.391407,309.576073,313.388276,,314.164939,377.982215,381.642143,371.072595,375.643322,,375.643322,375.643322
2025-08-04,315.216941,320.186556,313.190443,318.159202,,316.692633,315.216941,320.186556,313.190443,318.159202,,316.692633,377.850257,383.809115,375.420284,381.37698,,381.37698,381.37698
2025-08-05,318.459185,321.149997,314.164393,316.726136,,317.609985,318.459185,321.149997,314.164393,316.726136,,317.609985,381.74211,384.966853,376.592414,379.664673,,379.664673,379.664673
2025-08-06,317.210108,321.712008,314.276071,319.156754,,318.097625,317.210108,321.712008,314.276071,319.156754,,318.097625,380.246301,385.642626,376.729158,382.580029,,382.580029,382.580029
2025-08-07,320.748277,323.36762,315.422914,318.793006,,319.5669,320.748277,323.36762,315.422914,318.793006,,319.5669,384.492565,387.634031,378.107375,382.148765,,382.148765,382.148765
2025-08-08,319.790918,324.146898,317.464839,321.61168,,320.761212,319.790918,324.146898,317.464839,321.61168,,320.761212,383.376741,388.598394,380.587081,385.558617,,385.558617,385.558617
2025-08-11,321.623049,324.457077,318.412007,320.885858,,321.342623,321.623049,324.457077,318.412007,320.885858,,321.342623,385.609217,389.008375,381.757583,384.72533,,384.72533,384.72533
2025-08-12,322.220558,326.507242,319.580923,324.490874,,323.199648,322.220558,326.507242,319.580923,324.490874,,323.199648,386.334753,391.477163,383.171032,389.057588,,389.057588,389.057588
2025-08-13,325.565657,328.829415,320.791129,325.230119,,325.091087,325.565657,328.829415,320.791129,325.230119,,325.091087,390.358536,394.271555,384.633591,389.956367,,389.956367,389.956367
2025-08-14,324.306401,327.935687,321.874608,325.456655,,324.90236,324.306401,327.935687,321.874608,325.456655,,324.90236,388.861294,393.214913,385.943753,390.240647,,390.240647,390.240647
2025-08-15,326.337072,328.521786,321.81545,324.66363,,325.336443,326.337072,328.521786,321.81545,324.66363,,325.336443,391.384469,394.003576,385.961166,389.377313,,389.377313,389.377313
2025-08-18,324.304757,326.946526,321.877431,324.554958,,324.432355,324.304757,326.946526,321.877431,324.554958,,324.432355,388.975419,392.145423,386.06277,389.275226,,389.275226,389.275226
2025-08-19,324.413009,327.044917,320.131607,322.560972,,323.524933,324.413009,327.044917,320.131607,322.560972,,323.524933,389.131614,392.289731,383.994148,386.909263,,386.909263,386.909263
2025-08-20,322.369432,324.85236,317.089191,321.687117,,321.498639,322.369432,324.85236,317.089191,321.687117,,321.498639,386.690231,389.669246,380.35686,385.871017,,385.871017,385.871017
2025-08-21,320.769798,323.119839,318.219997,320.403539,,320.625706,320.769798,323.119839,318.219997,320.403539,,320.625706,384.815861,387.635428,381.756736,384.376412,,384.376412,384.376412
2025-08-22,321.595475,328.260418,319.212489,325.378444,,323.61317,321.595475,328.260418,319.212489,325.378444,,323.61317,385.820314,393.816093,382.960623,390.358178,,390.358178,390.358178
2025-08-25,324.906615,327.812678,322.02167,324.235095,,324.750558,324.906615,327.812678,322.02167,324.235095,,324.750558,389.800859,393.288697,386.339064,388.995739,,388.995739,388.995739
2025-08-26,323.93923,326.934721,321.651238,325.427926,,324.486512,323.93923,326.934721,321.651238,325.427926,,324.486512,388.660814,392.256688,385.915199,390.447375,,390.447375,390.447375
2025-08-27,325.017745,327.982609,323.225378,326.139239,,325.591824,325.017745,327.982609,323.225378,326.139239,,325.591824,389.954178,393.514284,387.804062,391.300728,,391.300728,391.300728
2025-08-28,326.299637,329.663129,323.397638,327.395752,,326.699242,326.299637,329.663129,323.397638,327.395752,,326.699242,391.50167,395.539634,388.019894,392.81705,,392.81705,392.81705
2025-08-29,326.69988,328.887667,323.02346,325.462443,,326.006606,326.69988,328.887667,323.02346,325.462443,,326.006606,392.018021,394.645994,387.605751,390.533455,,390.533455,390.533455
2025-09-02,321.503758,325.046218,318.089313,323.304386,,321.988039,321.503758,325.046218,318.089313,323.304386,,321.988039,385.854121,390.10695,381.75633,388.014821,,388.014821,388.014821
2025-09-03,325.673676,328.673378,322.249167,326.231431,,325.716885,325.673676,328.673378,322.249167,326.231431,,325.716885,390.866744,394.467792,386.756406,391.536294,,391.536294,391.536294
2025-09-04,326.755297,330.335146,324.055867,328.966616,,327.537187,326.755297,330.335146,324.055867,328.966616,,327.537187,392.197622,396.495242,388.957815,394.851597,,394.851597,394.851597
2025-09-05,330.364813,333.186231,324.717957,328.202977,,329.111701,330.364813,333.186231,324.717957,328.202977,,329.111701,396.579646,399.967997,389.80067,393.984254,,393.984254,393.984254
2025-09-08,328.88474,332.170952,325.5915,328.803527,,328.86606,328.88474,332.170952,325.5915,328.803527,,328.86606,394.841161,398.78653,390.886254,394.742472,,394.742472,394.742472
2025-09-09,329.050251,332.815242,326.009023,330.100048,,329.498271,329.050251,332.815242,326.009023,330.100048,,329.498271,395.048753,399.568445,391.396259,396.308794,,396.308794,396.308794
2025-09-10,332.281,335.874153,327.889816,331.464054,,331.86581,332.281,335.874153,327.889816,331.464054,,331.86581,398.939451,403.254396,393.666371,397.958527,,397.958527,397.958527
2025-09-11,332.610973,337.069261,329.398905,334.088389,,333.275207,332.610973,337.069261,329.398905,334.088389,,333.275207,399.338606,404.692785,395.483004,401.112254,,401.112254,401.112254
2025-09-12,334.065719,337.184327,330.779256,333.934061,,333.983108,334.065719,337.184327,330.779256,333.934061,,333.983108,401.100587,404.84636,397.154621,400.943039,,400.943039,400.943039
2025-09-15,335.359917,339.358319,332.275708,336.253308,,335.819034,335.359917,339.358319,332.275708,336.253308,,335.819034,402.737551,407.538452,399.030544,403.809163,,403.809163,403.809163
2025-09-16,336.857674,339.418407,333.129485,335.931335,,336.327768,336.857674,339.418407,333.129485,335.931335,,336.327768,404.549527,407.625802,400.069654,403.436424,,403.436424,403.436424
2025-09-17,336.019614,339.265146,331.748232,335.562868,,335.65394,336.019614,339.265146,331.748232,335.562868,,335.65394,403.548851,407.446813,398.416603,402.999243,,402.999243,402.999243
2025-09-18,337.096217,340.590094,333.616384,337.105639,,337.094027,337.096217,340.590094,333.616384,337.105639,,337.094027,404.845061,409.041825,400.664681,404.855829,,404.855829,404.855829
2025-09-19,338.332528,341.580134,334.963497,338.878748,,338.440942,338.332528,341.580134,334.963497,338.878748,,338.440942,406.330525,410.232117,402.283721,406.986663,,406.986663,406.986663
2025-09-22,338.161323,343.257798,335.317997,340.177329,,339.228991,338.161323,343.257798,335.317997,340.177329,,339.228991,406.156265,412.279692,402.74051,408.577402,,408.577402,408.577402
2025-09-23,340.263501,343.132459,335.645436,338.264252,,339.321203,340.263501,343.132459,335.645436,338.264252,,339.321203,408.681466,412.127069,403.133288,406.279662,,406.279662,406.279662
2025-09-24,338.946916,341.191229,334.375395,337.051599,,337.878118,338.946916,341.191229,334.375395,337.051599,,337.878118,407.101307,409.797536,401.609905,404.825858,,404.825858,404.825858
2025-09-25,335.24542,338.665709,331.130649,335.262821,,335.074676,335.24542,338.665709,331.130649,335.262821,,335.074676,402.659855,406.769587,397.718463,402.681442,,402.681442,402.681442
2025-09-26,336.28276,339.696263,333.526233,337.08148,,336.650828,336.28276,339.696263,333.526233,337.08148,,336.650828,403.917332,408.019406,400.605025,404.876848,,404.876848,404.876848
2025-09-29,338.34646,341.255217,334.610803,337.613702,,337.953918,338.34646,341.255217,334.610803,337.613702,,337.953918,406.399767,409.895095,401.911474,405.519825,,405.519825,405.519825
2025-09-30,337.2935,340.983929,333.577848,338.758882,,337.642374,337.2935,340.983929,333.577848,338.758882,,337.642374,405.169643,409.604575,400.707431,406.930488,,406.930488,406.930488
2025-10-01,337.19211,343.029033,333.91891,339.966483,,338.522065,337.19211,343.029033,333.91891,339.966483,,338.522065,405.065079,412.077364,401.132974,408.397778,,408.397778,408.397778
2025-10-02,340.786155,343.786901,336.415672,340.141584,,340.280242,340.786155,343.786901,336.415672,340.141584,,340.280242,409.387027,412.993671,404.136631,408.613344,,408.613344,408.613344
2025-10-03,340.447767,344.234925,336.690901,340.088604,,340.35809,340.447767,344.234925,336.690901,340.088604,,340.35809,409.018007,413.568808,404.50416,408.586811,,408.586811,408.586811
2025-10-06,341.097059,345.392997,337.323978,341.870031,,341.42465,341.097059,345.392997,337.323978,341.870031,,341.42465,409.827063,414.989362,405.292576,410.755436,,410.755436,410.755436
2025-10-07,342.128264,344.869191,337.118812,340.232829,,341.085037,342.128264,344.869191,337.118812,340.232829,,341.085037,411.068371,414.361657,405.048163,408.79061,,408.79061,408.79061
2025-10-08,340.7686,344.422654,338.018679,341.984079,,341.302675,340.7686,344.422654,338.018679,341.984079,,341.302675,409.434343,413.825793,406.129294,410.894882,,410.894882,410.894882
2025-10-09,342.570767,345.102258,337.55888,340.959127,,341.557783,342.570767,345.102258,337.55888,340.959127,,341.557783,411.617845,414.659727,405.593554,409.680895,,409.680895,409.680895
2025-10-10,341.404027,344.409548,330.855402,332.059699,,337.17555,341.404027,344.409548,330.855402,332.059699,,337.17555,410.263748,413.876505,397.587035,399.035745,,399.035745,399.035745
2025-10-13,336.006866,339.924345,333.074677,337.424097,,336.612063,336.006866,339.924345,333.074677,337.424097,,336.612063,403.780569,408.487433,400.255124,405.482172,,405.482172,405.482172
2025-10-14,334.489618,340.451042,330.998792,337.139279,,335.774202,334.489618,340.451042,330.998792,337.139279,,335.774202,401.96179,409.127241,397.767914,405.146217,,405.146217,405.146217
2025-10-15,339.523881,343.288424,334.788276,338.855198,,339.102211,339.523881,343.288424,334.788276,338.855198,,339.102211,408.041396,412.565502,402.348794,407.237178,,407.237178,407.237178
2025-10-16,339.927042,343.293114,333.983869,336.842657,,338.494817,339.927042,343.293114,333.983869,336.842657,,338.494817,408.525847,412.571783,401.380302,404.818275,,404.818275,404.818275
2025-10-17,336.071852,340.766264,333.283346,338.559905,,337.182603,336.071852,340.766264,333.283346,338.559905,,337.182603,403.8991,409.542031,400.547878,406.889356,,406.889356,406.889356
2025-10-20,340.257074,344.59452,338.146786,342.099272,,341.29136,340.257074,344.59452,338.146786,342.099272,,341.29136,408.934031,414.149348,406.397864,411.148567,,411.148567,411.148567
2025-10-21,342.130826,345.353534,337.799524,341.712907,,341.755776,342.130826,345.353534,337.799524,341.712907,,341.755776,411.188555,415.062118,405.982974,410.686573,,410.686573,410.686573
2025-10-22,342.346507,345.143219,336.186484,340.112954,,340.934637,342.346507,345.143219,336.186484,340.112954,,340.934637,411.453872,414.813874,404.049466,408.769033,,408.769033,408.769033
2025-10-23,340.489506,344.755479,337.665836,342.018489,,341.220767,340.489506,344.755479,337.665836,342.018489,,341.220767,409.228713,414.357332,405.833463,411.065671,,411.065671,411.065671
2025-10-24,344.504242,348.368738,341.498489,344.927233,,344.815975,344.504242,348.368738,341.498489,344.927233,,344.815975,414.069307,418.716243,410.457112,414.577773,,414.577773,414.577773
2025-10-27,348.176572,351.792855,345.271995,349.488387,,348.679572,348.176572,351.792855,345.271995,349.488387,,348.679572,418.486335,422.834111,414.994611,420.062691,,420.062691,420.062691
2025-10-28,350.374527,354.549581,346.44816,350.078658,,350.363171,350.374527,354.549581,346.44816,350.078658,,350.363171,421.130394,426.148971,416.407936,420.773277,,420.773277,420.773277
2025-10-29,350.969872,355.43628,346.15979,350.470118,,350.749903,350.969872,355.43628,346.15979,350.470118,,350.749903,421.848368,427.216627,416.064253,421.246839,,421.246839,421.246839
2025-10-30,350.093942,354.406729,344.344763,347.575519,,349.109799,350.093942,354.406729,344.344763,347.575519,,349.109799,420.795419,425.979786,413.884762,417.767987,,417.767987,417.767987
2025-10-31,350.292038,353.851292,344.472954,348.43271,,349.264919,350.292038,353.851292,344.472954,348.43271,,349.264919,421.062481,425.340808,414.068346,418.827829,,418.827829,418.827829
2025-11-03,350.335843,353.607821,345.080629,349.158132,,349.522119,350.335843,353.607821,345.080629,349.158132,,349.522119,421.139255,425.074836,414.822991,419.724035,,419.724035,419.724035
2025-11-04,345.19373,350.071719,341.483349,344.990449,,345.430136,345.19373,350.071719,341.483349,344.990449,,345.430136,414.963525,420.829067,410.501614,414.719526,,414.719526,414.719526
2025-11-05,344.938435,351.020135,341.429375,346.638302,,346.005156,344.938435,351.020135,341.429375,346.638302,,346.005156,414.657184,421.971653,410.439442,416.701509,,416.701509,416.701509
2025-11-06,346.272958,349.771969,339.688931,343.087433,,344.707152,346.272958,349.771969,339.688931,343.087433,,344.707152,416.265358,420.473164,408.350842,412.436596,,412.436596,412.436596
2025-11-07,341.809782,345.646242,336.028421,343.041371,,341.636433,341.809782,345.646242,336.028421,343.041371,,341.636433,410.937409,415.551435,403.987418,412.419341,,412.419341,412.419341
2025-11-10,346.381295,351.362921,342.999769,348.614586,,347.346945,346.381295,351.362921,342.999769,348.614586,,347.346945,416.481688,422.473139,412.415457,419.167,,419.167,419.167
2025-11-11,347.711259,351.854652,344.927429,349.477753,,348.502867,347.711259,351.854652,344.927429,349.477753,,348.502867,418.080326,423.064073,414.733617,420.204229,,420.204229,420.204229
2025-11-12,350.573446,353.59406,345.557273,349.282568,,349.760033,350.573446,353.59406,345.557273,349.282568,,349.760033,421.539539,425.173238,415.507351,419.988064,,419.988064,419.988064
2025-11-13,347.614039,350.442878,340.766692,343.343418,,345.536884,347.614039,350.442878,340.766692,343.343418,,345.536884,417.992926,421.395631,409.757744,412.858185,,412.858185,412.858185
2025-11-14,339.494255,346.789986,336.140039,343.072704,,341.364426,339.494255,346.789986,336.140039,343.072704,,341.364426,408.310558,417.085327,404.275546,412.613755,,412.613755,412.613755
2025-11-17,342.693267,347.20218,337.974074,340.801979,,342.158398,342.693267,347.20218,337.974074,340.801979,,342.158398,412.194549,417.617306,406.515514,409.918469,,409.918469,409.918469
2025-11-18,339.293471,343.104206,333.811402,338.149451,,338.587975,339.293471,343.104206,333.811402,338.149451,,338.587975,408.12894,412.713707,401.535524,406.753086,,406.753086,406.753086
2025-11-19,338.699882,344.872955,334.902217,339.905085,,339.59171,338.699882,344.872955,334.902217,339.905085,,339.59171,407.426991,414.85372,402.85704,408.876135,,408.876135,408.876135
2025-11-20,345.704454,349.148919,333.380711,334.934604,,340.783894,345.704454,349.148919,333.380711,334.934604,,340.783894,415.903347,420.047503,401.075748,402.94623,,402.94623,402.94623
2025-11-21,336.568818,343.017066,331.57417,338.588808,,337.445903,336.568818,343.017066,331.57417,338.588808,,337.445903,404.941833,412.699733,398.933352,407.371924,,407.371924,407.371924
2025-11-24,341.129766,347.618548,337.855198,344.705988,,342.827962,341.129766,347.618548,337.855198,344.705988,,342.827962,410.430976,418.239838,406.490744,414.734787,,414.734787,414.734787
2025-11-25,345.130173,350.560712,340.519332,348.02993,,346.064212,345.130173,350.560712,340.519332,348.02993,,346.064212,415.270368,421.805613,409.722,418.75888,,418.75888,418.75888
2025-11-26,349.227544,353.100359,346.426626,349.951074,,349.674648,349.227544,353.100359,346.426626,349.951074,,349.674648,420.2086,424.86851,416.836746,421.079387,,421.079387,421.079387
2025-11-28,350.719993,353.974622,348.187527,351.681954,,351.142479,350.719993,353.974622,348.187527,351.681954,,351.142479,422.019978,425.938017,418.971853,423.177845,,423.177845,423.177845
2025-12-01,349.431925,353.488293,346.190004,349.564213,,349.671925,349.431925,353.488293,346.190004,349.564213,,349.671925,420.519485,425.400289,416.616753,420.67819,,420.67819,420.67819
2025-12-02,350.734012,354.476052,347.082932,350.39253,,350.677391,350.734012,354.476052,347.082932,350.39253,,350.677391,422.097438,426.602248,417.701654,421.686163,,421.686163,421.686163
2025-12-03,349.857942,354.841714,346.765071,351.725585,,350.799891,349.857942,354.841714,346.765071,351.725585,,350.799891,421.055688,427.054663,417.331996,423.302732,,423.302732,423.302732
2025-12-04,352.873153,355.67484,348.137125,351.937929,,352.154134,352.873153,355.67484,348.137125,351.937929,,352.154134,424.708056,428.081446,419.007359,423.58329,,423.58329,423.58329
2025-12-05,352.569571,356.196211,349.963355,352.891589,,352.913149,352.569571,356.196211,349.963355,352.891589,,352.913149,424.403795,428.771735,421.265531,424.791981,,424.791981,424.791981
2025-12-08,352.984331,355.865667,347.984737,351.042896,,351.969068,352.984331,355.865667,347.984737,351.042896,,351.969068,424.955221,428.424248,418.93317,422.616085,,422.616085,422.616085
2025-12-09,350.740143,354.695399,347.754405,351.008849,,351.049143,350.740143,354.695399,347.754405,351.008849,,351.049143,422.254314,427.018708,418.658258,422.578514,,422.578514,422.578514
2025-12-10,350.73754,356.060069,347.590941,353.403178,,351.953708,350.73754,356.060069,347.590941,353.403178,,351.953708,422.265538,428.67558,418.476969,425.475578,,425.475578,425.475578
2025-12-11,352.146041,356.803407,347.341813,353.499209,,352.452147,352.146041,356.803407,347.341813,353.499209,,352.452147,423.964859,429.572359,418.179287,425.594121,,425.594121,425.594121
2025-12-12,353.202626,356.687575,346.642223,349.961002,,351.621894,353.202626,356.687575,346.642223,349.961002,,351.621894,425.265028,429.462927,417.363843,421.36251,,421.36251,421.36251
2025-12-15,351.872399,354.235022,346.030648,349.427891,,350.387894,351.872399,354.235022,346.030648,349.427891,,350.387894,423.730825,426.576686,416.694538,420.787009,,420.787009,420.787009
2025-12-16,348.541684,352.367987,344.664187,348.563638,,348.535647,348.541684,352.367987,344.664187,348.563638,,348.535647,419.733619,424.342816,415.061449,419.759414,,419.759414,419.759414
2025-12-17,348.930811,351.668086,342.188962,344.136776,,346.732014,348.930811,351.668086,342.188962,344.136776,,346.732014,420.208206,423.505278,412.087641,414.4348,,414.4348,414.4348
2025-12-18,347.467815,351.211381,343.612241,347.00701,,347.326134,347.467815,351.211381,343.612241,347.00701,,347.326134,418.452134,422.961888,413.806584,417.896698,,417.896698,417.896698
2025-12-19,347.860742,352.859773,345.615837,350.110925,,349.11418,347.860742,352.859773,345.615837,350.110925,,349.11418,418.930579,424.95352,416.225297,421.641394,,421.641394,421.641394
2025-12-22,352.00574,354.887028,348.715955,352.401229,,352.002165,352.00574,354.887028,348.715955,352.401229,,352.002165,423.94712,427.418948,419.982825,424.42281,,424.42281,424.42281
2025-12-23,351.891495,355.867298,350.165393,354.138933,,353.01668,351.891495,355.867298,350.165393,354.138933,,353.01668,423.809949,428.6014,421.730191,426.517991,,426.517991,426.517991
2025-12-24,354.03413,356.521561,352.434514,355.208856,,354.550931,354.03413,356.521561,352.434514,355.208856,,354.550931,426.391994,429.389676,424.464052,427.807106,,427.807106,427.807106
2025-12-26,355.373003,357.169754,353.011205,355.031698,,355.146984,355.373003,357.169754,353.011205,355.031698,,355.146984,428.042294,430.208776,425.195334,427.631073,,427.631073,427.631073
2025-12-29,353.595339,355.930319,351.480478,353.861546,,353.716569,353.595339,355.930319,351.480478,353.861546,,353.716569,425.91246,428.726412,423.363111,426.233289,,426.233289,426.233289
2025-12-30,353.517226,355.871647,351.87886,353.450095,,353.680392,353.517226,355.871647,351.87886,353.450095,,353.680392,425.818659,428.656681,423.843192,425.737876,,425.737876,425.737876
2025-12-31,353.538725,354.639498,350.365434,350.970217,,352.376715,353.538725,354.639498,350.365434,350.970217,,352.376715,425.872774,427.199385,422.047718,422.777756,,422.777756,422.777756
2026-01-02,352.954824,357.503971,347.015338,351.653487,,352.279962,352.954824,357.503971,347.015338,351.653487,,352.279962,425.258071,430.737473,418.101069,423.689662,,423.689662,423.689662
2026-01-05,353.430139,358.833339,348.727496,353.870498,,353.719893,353.430139,358.833339,348.727496,353.870498,,353.719893,425.830819,432.342235,420.163275,426.361056,,426.361056,426.361056
2026-01-06,354.067182,359.987275,349.911923,355.688762,,354.91489,354.067182,359.987275,349.911923,355.688762,,354.91489,426.626081,433.761544,421.617887,428.579904,,428.579904,428.579904
2026-01-07,355.791438,360.836201,351.277007,355.032453,,355.737203,355.791438,360.836201,351.277007,355.032453,,355.737203,428.70737,434.787092,423.265812,427.792098,,427.792098,427.792098
2026-01-08,355.270643,360.095978,350.055716,355.362147,,355.196869,355.270643,360.095978,350.055716,355.362147,,355.196869,428.078337,433.894824,421.79434,428.189044,,428.189044,428.189044
2026-01-09,355.980736,360.668884,352.834115,357.709422,,356.799804,355.980736,360.668884,352.834115,357.709422,,356.799804,428.955545,434.606755,425.162185,431.03878,,431.03878,431.03878
2026-01-12,355.923958,361.391938,353.353725,358.523052,,357.295709,355.923958,361.391938,353.353725,358.523052,,357.295709,428.920671,435.512038,425.821619,432.053282,,432.053282,432.053282
2026-01-13,358.868294,362.791723,354.171179,358.10012,,358.481141,358.868294,362.791723,354.171179,358.10012,,358.481141,432.475779,437.205313,426.813721,431.549743,,431.549743,431.549743
2026-01-14,356.613691,359.974603,351.415123,356.266955,,356.064956,356.613691,359.974603,351.415123,356.266955,,356.064956,429.765826,433.818726,423.499173,429.34856,,429.34856,429.34856
2026-01-15,358.478459,361.676109,353.842404,356.808952,,357.701692,358.478459,361.676109,353.842404,356.808952,,357.701692,432.023555,435.878914,426.43382,430.010937,,430.010937,430.010937
2026-01-16,357.672896,360.760109,353.303778,356.368923,,357.024658,357.672896,360.760109,353.303778,356.368923,,357.024658,431.080002,434.802139,425.812531,429.507475,,429.507475,429.507475
2026-01-20,351.01597,355.528579,345.771392,348.914306,,350.307409,351.01597,355.528579,345.771392,348.914306,,350.307409,423.070501,428.510233,416.747356,420.53727,,420.53727,420.53727
2026-01-21,349.823941,356.968186,346.041885,352.998433,,351.462934,349.823941,356.968186,346.041885,352.998433,,351.462934,421.641207,430.254144,417.081738,425.467142,,425.467142,425.467142
2026-01-22,355.644479,359.45203,351.440544,355.023115,,355.388434,355.644479,359.45203,351.440544,355.023115,,355.388434,428.663222,433.254218,423.594548,427.913765,,427.913765,427.913765
2026-01-23,354.884933,359.013105,351.027025,354.941612,,354.966707,354.884933,359.013105,351.027025,354.941612,,354.966707,427.782461,432.759486,423.130511,427.849891,,427.849891,427.849891
2026-01-26,355.580151,360.452227,352.779109,356.96805,,356.445401,355.580151,360.452227,352.779109,356.96805,,356.445401,428.61965,434.495323,425.242767,430.293542,,430.293542,430.293542
2026-01-27,357.935121,362.126327,354.253874,358.291308,,358.153306,357.935121,362.126327,354.253874,358.291308,,358.153306,431.458926,436.512071,427.020167,431.88813,,431.88813,431.88813
2026-01-28,359.325359,362.558596,354.632431,358.384302,,358.723246,359.325359,362.558596,354.632431,358.384302,,358.723246,433.137697,437.035626,427.478049,432.002412,,432.002412,432.002412
2026-01-29,359.187862,362.93299,350.610995,358.291248,,357.755765,359.187862,362.93299,350.610995,358.291248,,357.755765,432.97952,437.494319,422.639001,431.897687,,431.897687,431.897687
2026-01-30,357.124812,361.936618,351.784641,356.916255,,356.937971,357.124812,361.936618,351.784641,356.916255,,356.937971,430.517327,436.320196,424.079958,430.26666,,430.26666,430.26666
2026-02-02,355.701815,363.065974,352.574803,359.179835,,357.632305,355.701815,363.065974,352.574803,359.179835,,357.632305,428.819553,437.698644,425.049371,433.012362,,433.012362,433.012362
2026-02-03,359.828973,364.671966,350.374137,356.17115,,357.750768,359.828973,364.671966,350.374137,356.17115,,357.750768,433.796474,439.636049,422.398035,429.387344,,429.387344,429.387344
2026-02-04,356.812078,361.990576,347.709329,354.001457,,355.128023,356.812078,361.990576,347.709329,354.001457,,355.128023,430.16196,436.40726,419.187575,426.775022,,426.775022,426.775022
2026-02-05,349.946445,356.678466,342.674977,349.763329,,349.759881,349.946445,356.678466,342.674977,349.763329,,349.759881,421.889076,430.006008,413.121837,421.668207,,421.668207,421.668207
2026-02-06,351.095243,358.894253,347.038791,355.402593,,353.108533,351.095243,358.894253,347.038791,355.402593,,353.108533,423.290352,432.692924,418.398142,428.482445,,428.482445,428.482445
2026-02-09,354.53766,361.616811,349.984666,357.015382,,355.784043,354.53766,361.616811,349.984666,357.015382,,355.784043,427.476619,436.013881,421.986714,430.464552,,430.464552,430.464552
2026-02-10,357.246727,361.110494,352.072576,355.502501,,356.487071,357.246727,361.110494,352.072576,355.502501,,356.487071,430.768545,435.427572,424.527787,428.664781,,428.664781,428.664781
2026-02-11,357.562404,361.786613,350.327882,354.995243,,356.169899,357.562404,361.786613,350.327882,354.995243,,356.169899,431.157087,436.252373,422.433092,428.062809,,428.062809,428.062809
2026-02-12,356.215774,360.621822,346.399615,349.833136,,353.265458,356.215774,360.621822,346.399615,349.833136,,353.265458,429.567154,434.879229,417.72804,421.86988,,421.86988,421.86988
2026-02-13,349.859931,354.782373,344.981846,349.763498,,349.846073,349.859931,354.782373,344.981846,349.763498,,349.846073,421.958385,427.897245,416.075154,421.842727,,421.842727,421.842727
2026-02-17,348.657209,354.247644,343.686525,349.753751,,349.085306,348.657209,354.247644,343.686525,349.753751,,349.085306,420.559719,427.304516,414.562947,421.882358,,421.882358,421.882358
2026-02-18,350.594036,355.336127,347.287833,351.55458,,351.198267,350.594036,355.336127,347.287833,351.55458,,351.198267,422.910407,428.63181,418.920989,424.069295,,424.069295,424.069295
2026-02-19,350.423503,354.18461,346.811006,350.601331,,350.501579,350.423503,354.18461,346.811006,350.601331,,350.501579,422.756546,427.294841,418.397737,422.971241,,422.971241,422.971241
2026-02-20,349.640716,356.342445,346.993418,353.590168,,351.64266,349.640716,356.342445,346.993418,353.590168,,351.64266,421.824575,429.910666,418.631211,426.589533,,426.589533,426.589533
2026-02-23,353.220456,357.112252,346.154427,349.89603,,351.589145,353.220456,357.112252,346.154427,349.89603,,351.589145,426.152799,430.849331,417.628589,422.143101,,422.143101,422.143101
2026-02-24,349.754696,355.291276,345.547288,352.342197,,350.739038,349.754696,355.291276,345.547288,352.342197,,350.739038,421.996681,428.677934,416.919323,425.118188,,425.118188,425.118188
2026-02-25,353.706786,358.337261,350.243566,355.150919,,354.361917,353.706786,358.337261,350.243566,355.150919,,354.361917,426.776372,432.36435,422.596851,428.518885,,428.518885,428.518885
2026-02-26,355.418148,358.703083,347.931924,353.01953,,353.770646,355.418148,358.703083,347.931924,353.01953,,353.770646,428.844051,432.80766,419.80904,425.948937,,425.948937,425.948937
2026-02-27,349.788909,355.593465,345.681468,352.025953,,350.773332,349.788909,355.593465,345.681468,352.025953,,350.773332,422.090392,429.09622,417.13534,424.790454,,424.790454,424.790454
2026-03-02,347.79098,355.137154,344.334631,351.747414,,349.756588,347.79098,355.137154,344.334631,351.747414,,349.756588,419.731079,428.598612,415.559571,424.50665,,424.50665,424.50665
2026-03-03,345.713074,351.665354,341.142559,348.60292,,346.782114,345.713074,351.665354,341.142559,348.60292,,346.782114,417.221912,424.406425,411.705826,420.710113,,420.710113,420.710113
2026-03-04,349.378721,354.440259,346.078184,351.130008,,350.260725,349.378721,354.440259,346.078184,351.130008,,350.260725,421.653833,427.763684,417.670285,423.767592,,423.767592,423.767592
2026-03-05,349.440103,353.534046,343.662245,349.126471,,348.943425,349.440103,353.534046,343.662245,349.126471,,348.943425,421.742906,426.683838,414.767567,421.363389,,421.363389,421.363389
2026-03-06,344.755542,349.063678,340.183703,344.712352,,344.679319,344.755542,349.063678,340.183703,344.712352,,344.679319,416.13868,421.340345,410.619436,416.087242,,416.087242,416.087242
2026-03-09,341.338914,349.579461,337.167606,347.789047,,343.96708,341.338914,349.579461,337.167606,347.789047,,343.96708,412.068484,422.017314,407.033486,419.856122,,419.856122,419.856122
2026-03-10,347.63092,352.126187,343.76231,347.156094,,347.666735,347.63092,352.126187,343.76231,347.156094,,347.666735,419.70598,425.133377,415.034203,419.13259,,419.13259,419.13259
2026-03-11,347.484778,351.056901,343.317605,347.037158,,347.222659,347.484778,351.056901,343.317605,347.037158,,347.222659,419.542565,423.855958,414.511489,419.002331,,419.002331,419.002331
2026-03-12,344.412004,347.651055,338.976469,341.841409,,343.219583,344.412004,347.651055,338.976469,341.841409,,343.219583,415.847775,419.759235,409.284684,412.7439,,412.7439,412.7439
2026-03-13,343.531957,346.456346,337.684539,339.840213,,341.878721,343.531957,346.456346,337.684539,339.840213,,341.878721,414.836167,418.368313,407.774573,410.378676,,410.378676,410.378676
2026-03-16,342.905363,346.854501,339.805909,343.189189,,343.190029,342.905363,346.854501,339.805909,343.189189,,343.190029,414.119648,418.888914,410.375941,414.462217,,414.462217,414.462217
2026-03-17,344.850768,348.651989,341.088737,344.253256,,344.71321,344.850768,348.651989,341.088737,344.253256,,344.71321,416.482813,421.07389,411.938267,415.760886,,415.760886,415.760886
2026-03-18,342.906067,346.006289,338.13152,339.623928,,341.667408,342.906067,346.006289,338.13152,339.623928,,341.667408,414.137043,417.881238,408.369893,410.172854,,410.172854,410.172854
2026-03-19,337.015619,342.046076,333.27205,338.693609,,337.754632,337.015619,342.046076,333.27205,338.693609,,337.754632,407.044145,413.119764,402.522232,409.070237,,409.070237,409.070237
2026-03-20,337.875455,340.062372,330.770088,333.542772,,335.563105,337.875455,340.062372,330.770088,333.542772,,335.563105,408.097186,410.739013,399.515235,402.864205,,402.864205,402.864205
2026-03-23,338.303428,342.53261,334.223452,337.172017,,338.057655,338.303428,342.53261,334.223452,337.172017,,338.057655,408.6384,413.747254,403.709195,407.271606,,407.271606,407.271606
2026-03-24,334.861908,340.198877,330.902458,335.180299,,335.283725,334.861908,340.198877,330.902458,335.180299,,335.283725,404.484575,410.931001,399.70163,404.869247,,404.869247,404.869247
2026-03-25,338.103232,341.560536,333.611998,336.906732,,337.54412,338.103232,341.560536,333.611998,336.906732,,337.54412,408.414371,412.59093,402.988707,406.968997,,406.968997,406.968997
2026-03-26,334.506488,338.024114,328.688683,330.836284,,333.013706,334.506488,338.024114,328.688683,330.836284,,333.013706,404.070552,408.319986,397.042206,399.637065,,399.637065,399.637065
2026-03-27,329.233515,331.785551,323.226707,325.187373,,327.353957,329.233515,331.785551,323.226707,325.187373,,327.353957,397.711961,400.794723,390.455242,392.824219,,392.824219,392.824219
2026-03-30,327.970295,330.82165,321.45469,324.085843,,326.085101,327.970295,330.82165,321.45469,324.085843,,326.085101,396.189069,399.633258,388.317959,391.496479,,391.496479,391.496479
2026-03-31,327.691869,335.813836,324.586512,333.776061,,330.468596,327.691869,335.813836,324.586512,333.776061,,330.468596,395.881965,405.694104,392.130656,403.232287,,403.232287,403.232287
2026-04-01,335.72915,340.731206,332.190172,336.538002,,336.294745,335.72915,340.731206,332.190172,336.538002,,336.294745,405.605725,411.648412,401.329893,406.582923,,406.582923,406.582923
2026-04-02,332.131224,339.518219,329.035713,336.743378,,334.357598,332.131224,339.518219,329.035713,336.743378,,334.357598,401.285969,410.211308,397.545856,406.858632,,406.858632,406.858632
2026-04-06,336.768598,340.790609,334.179969,338.411006,,337.537542,336.768598,340.790609,334.179969,338.411006,,337.537542,406.917469,411.77729,403.789583,408.901967,,408.901967,408.901967
2026-04-07,337.694558,341.166495,332.656723,338.980487,,337.624565,337.694558,341.166495,332.656723,338.980487,,337.624565,408.03973,412.235093,401.95219,409.593446,,409.593446,409.593446
2026-04-08,348.189848,352.650033,342.244467,347.628308,,347.678164,348.189848,352.650033,342.244467,347.628308,,347.678164,420.721093,426.110582,413.536968,420.042773,,420.042773,420.042773
2026-04-09,347.131499,352.70655,343.245427,349.738339,,348.205453,347.131499,352.70655,343.245427,349.738339,,348.205453,419.4707,426.20676,414.773882,422.619793,,422.619793,422.619793
2026-04-10,350.521374,353.859417,345.809282,349.197075,,349.846787,350.521374,353.859417,345.809282,349.197075,,349.846787,423.604535,427.638393,417.909854,422.00377,,422.00377,422.00377
2026-04-13,348.391549,354.324261,345.490686,352.802649,,350.25228,348.391549,354.324261,345.490686,352.802649,,350.25228,421.031401,428.201201,417.525745,426.362246,,426.362246,426.362246
2026-04-14,353.860025,360.048583,350.996546,357.49883,,355.600989,353.860025,360.048583,350.996546,357.49883,,355.600989,427.650056,435.129039,424.189357,432.047571,,432.047571,432.047571
2026-04-15,358.048358,363.517032,354.086592,360.478176,,359.032535,358.048358,363.517032,354.086592,360.478176,,359.032535,432.741452,439.350687,427.95316,435.67793,,435.67793,435.67793
2026-04-16,361.20363,364.984513,356.587635,361.310106,,361.021467,361.20363,364.984513,356.587635,361.310106,,361.021467,436.558488,441.128217,430.979515,436.68725,,436.68725,436.68725
2026-04-17,363.629962,369.303689,360.53417,365.720636,,364.797111,363.629962,369.303689,360.53417,365.720636,,364.797111,439.491093,446.348521,435.749454,442.017935,,442.017935,442.017935
