"m_date","m_open","m_high","m_low","m_close","m_volume","m_vwap","m_open_split_adjusted","m_high_split_adjusted","m_low_split_adjusted","m_close_split_adjusted","m_volume_split_adjusted","m_vwap_split_adjusted","m_open_dividend_and_split_adjusted","m_high_dividend_and_split_adjusted","m_low_dividend_and_split_adjusted","m_close_dividend_and_split_adjusted","m_volume_dividend_and_split_adjusted","m_vwap_dividend_and_split_adjusted","f_accepted_date","f_filing_date","f_fiscal_period","f_fiscal_year","f_period_end_date","f_reported_currency","fbs_accumulated_other_comprehensive_income_after_tax","fbs_additional_paid_in_capital","fbs_assets","fbs_capital_lease_obligations","fbs_cash_and_cash_equivalents","fbs_cash_and_shortterm_investments","fbs_common_stock_value","fbs_current_accounts_payable","fbs_current_accounts_receivable_after_doubtful_accounts","fbs_current_accrued_expenses","fbs_current_assets","fbs_current_capital_lease_obligations","fbs_current_liabilities","fbs_current_net_receivables","fbs_current_tax_payables","fbs_deferred_revenue","fbs_goodwill","fbs_investments","fbs_liabilities","fbs_longterm_debt","fbs_longterm_investments","fbs_net_debt","fbs_net_intangible_assets_excluding_goodwill","fbs_net_intangible_assets_including_goodwill","fbs_net_inventory","fbs_net_property_plant_and_equipment","fbs_noncontrolling_interest","fbs_noncurrent_assets","fbs_noncurrent_capital_lease_obligations","fbs_noncurrent_deferred_revenue","fbs_noncurrent_deferred_tax_assets","fbs_noncurrent_deferred_tax_liabilities","fbs_noncurrent_liabilities","fbs_other_assets","fbs_other_current_assets","fbs_other_current_liabilities","fbs_other_liabilities","fbs_other_noncurrent_assets","fbs_other_noncurrent_liabilities","fbs_other_payables","fbs_other_receivables","fbs_other_stockholder_equity","fbs_preferred_stock_value","fbs_prepaid_expenses","fbs_retained_earnings","fbs_shortterm_debt","fbs_shortterm_investments","fbs_stockholder_equity","fbs_total_debt_including_capital_lease_obligations","fbs_total_equity_including_noncontrolling_interest","fbs_total_liabilities_and_equity","fbs_total_payables_current_and_noncurrent","fbs_treasury_stock_value","fcf_accounts_payable_change","fcf_accounts_receivable_change","fcf_capital_expenditure","fcf_cash_and_cash_equivalents_change","fcf_cash_exchange_rate_effect","fcf_common_stock_dividend_payments","fcf_common_stock_issuance_proceeds","fcf_common_stock_repurchase","fcf_deferred_income_tax","fcf_depreciation_and_amortization","fcf_dividend_payments","fcf_free_cash_flow","fcf_interest_payments","fcf_inventory_change","fcf_investment_sales_maturities_and_collections_proceeds","fcf_investments_purchase","fcf_net_business_acquisition_payments","fcf_net_cash_from_operating_activities","fcf_net_cash_from_investing_activities","fcf_net_cash_from_financing_activities","fcf_net_common_stock_issuance_proceeds","fcf_net_debt_issuance_proceeds","fcf_net_income","fcf_net_income_tax_payments","fcf_net_longterm_debt_issuance_proceeds","fcf_net_shortterm_debt_issuance_proceeds","fcf_net_stock_issuance_proceeds","fcf_other_financing_activities","fcf_other_investing_activities","fcf_other_noncash_items","fcf_other_working_capital","fcf_period_end_cash","fcf_period_start_cash","fcf_preferred_stock_dividend_payments","fcf_preferred_stock_issuance_proceeds","fcf_property_plant_and_equipment_purchase","fcf_stock_based_compensation","fcf_working_capital_change","fis_basic_earnings_per_share","fis_basic_net_income_available_to_common_stockholders","fis_continuing_operations_income_after_tax","fis_costs_and_expenses","fis_cost_of_revenue","fis_depreciation_and_amortization","fis_diluted_earnings_per_share","fis_discontinued_operations_income_after_tax","fis_earnings_before_interest_and_tax","fis_earnings_before_interest_tax_depreciation_and_amortization","fis_general_and_administrative_expense","fis_gross_profit","fis_income_before_tax","fis_income_tax_expense","fis_interest_expense","fis_interest_income","fis_net_income","fis_net_income_deductions","fis_net_interest_income","fis_net_total_other_income","fis_nonoperating_income_excluding_interest","fis_operating_expenses","fis_operating_income","fis_other_expenses","fis_other_net_income_adjustments","fis_research_and_development_expense","fis_revenues","fis_selling_and_marketing_expense","fis_selling_general_and_administrative_expense","fis_weighted_average_basic_shares_outstanding","fis_weighted_average_diluted_shares_outstanding","d_declaration_date_dividend","d_declaration_date_dividend_split_adjusted","d_ex_dividend_date_dividend","d_ex_dividend_date_dividend_split_adjusted","d_record_date_dividend","d_record_date_dividend_split_adjusted","d_payment_date_dividend","d_payment_date_dividend_split_adjusted","s_split_date_numerator","s_split_date_denominator","c_annualized_volatility_5d_log_returns_dividend_and_split_adjusted","c_annualized_volatility_21d_log_returns_dividend_and_split_adjusted","c_annualized_volatility_63d_log_returns_dividend_and_split_adjusted","c_annualized_volatility_252d_log_returns_dividend_and_split_adjusted","c_book_to_price","c_book_value_per_share","c_chaikin_money_flow_21d_dividend_and_split_adjusted","c_chaikin_money_flow_21d_split_adjusted","c_daily_traded_value","c_daily_traded_value_sma_5d","c_daily_traded_value_sma_21d","c_daily_traded_value_sma_63d","c_daily_traded_value_sma_252d","c_earnings_per_share","c_earnings_to_price","c_exponential_moving_average_5d_close_dividend_and_split_adjusted","c_exponential_moving_average_5d_close_split_adjusted","c_exponential_moving_average_21d_close_dividend_and_split_adjusted","c_exponential_moving_average_21d_close_split_adjusted","c_exponential_moving_average_63d_close_dividend_and_split_adjusted","c_exponential_moving_average_63d_close_split_adjusted","c_exponential_moving_average_252d_close_dividend_and_split_adjusted","c_exponential_moving_average_252d_close_split_adjusted","c_last_twelve_months_net_income","c_last_twelve_months_revenue","c_last_twelve_months_revenue_per_share","c_log_difference_high_to_low","c_log_returns_dividend_and_split_adjusted","c_market_cap","c_macd_26d_12d_dividend_and_split_adjusted","c_macd_26d_12d_split_adjusted","c_macd_signal_9d_dividend_and_split_adjusted","c_macd_signal_9d_split_adjusted","c_rsi_14d_dividend_and_split_adjusted","c_rsi_14d_split_adjusted","c_sales_to_price","c_simple_moving_average_5d_close_dividend_and_split_adjusted","c_simple_moving_average_5d_close_split_adjusted","c_simple_moving_average_21d_close_dividend_and_split_adjusted","c_simple_moving_average_21d_close_split_adjusted","c_simple_moving_average_63d_close_dividend_and_split_adjusted","c_simple_moving_average_63d_close_split_adjusted","c_simple_moving_average_252d_close_dividend_and_split_adjusted","c_simple_moving_average_252d_close_split_adjusted","c_sma_50d","c_sma_200d","c_sma_50d_200d_signal","c_daily_traded_value_1d","c_daily_traded_value_63d","c_weighted_average_basic_shares_outstanding_outlier_adjusted","c_weighted_average_diluted_shares_outstanding_outlier_adjusted","c_market_cap_outlier_adjusted","c_split_ratio","c_vwap","c_dividend_split_ratio","c_vwap_dividend_and_split_adjusted"
2024-09-24,,,,,,,32.000000000000000,34.500000000000000,29.510000228881836,29.510000228881836,11200,,,,,29.510000228881836,,,,,,,,,,,,,,,,,,,,,,,,,,,,,,,,,,,,,,,,,,,,,,,,,,,,,,,,,,,,,,,,,,,,,,,,,,,,,,,,,,,,,,,,,,,,,,,,,,,,,,,,,,,,,,,,,,,,,,,,,,,,,,,,,,,,,,,,,,,,,,,,,,,,,,,,,,,,,,,,,,,,,,,,,,,,,,,,,,,,,,,,,,,,330512.002563476563200,,,,,,,,
2024-09-25,,,,,,,31.000000000000000,31.000000000000000,28.000000000000000,28.000000000000000,15100,,,,,28.000000000000000,,,,,,,,,,,,,,,,,,,,,,,,,,,,,,,,,,,,,,,,,,,,,,,,,,,,,,,,,,,,,,,,,,,,,,,,,,,,,,,,,,,,,,,,,,,,,,,,,,,,,,,,,,,,,,,,,,,,,,,,,,,,,,,,,,,,,,,,,,,,,,,,,,,,,,,,,,,,,,,,,,,,,,,,-0.052524686535721184,,,,,,,,,,,,,,,,,,,,422800.000000000000000,,,,,,,,
2024-09-26,,,,,,,28.000000000000000,28.000000000000000,27.010000228881836,27.010000228881836,22300,,,,,27.010000228881836,,,,,,,,,,,,,,,,,,,,,,,,,,,,,,,,,,,,,,,,,,,,,,,,,,,,,,,,,,,,,,,,,,,,,,,,,,,,,,,,,,,,,,,,,,,,,,,,,,,,,,,,,,,,,,,,,,,,,,,,,,,,,,,,,,,,,,,,,,,,,,,,,,,,,,,,,,,,,,,,,,,,,,,,-0.03599733389671321,,,,,,,,,,,,,,,,,,,,602323.005104064942800,,,,,,,,
2024-09-27,,,,,,,27.000000000000000,27.500000000000000,25.399999618530273,25.670000076293945,163300,,,,,25.670000076293945,,,,,,,,,,,,,,,,,,,,,,,,,,,,,,,,,,,,,,,,,,,,,,,,,,,,,,,,,,,,,,,,,,,,,,,,,,,,,,,,,,,,,,,,,,,,,,,,,,,,,,,,,,,,,,,,,,,,,,,,,,,,,,,,,,,,,,,,,,,,,,,,,,,,,,,,,,,,,,,,,,,,,,,,-0.05088417842333632,,,,,,,,,,,,,,,,,,,,4191911.012458801218500,,,,,,,,
2024-09-30,,,,,,,26.250000000000000,32.250000000000000,23.579999923706055,32.250000000000000,18372600,,,,,32.250000000000000,,,,,,,,,,,,,,,,,,,,,,,,,,,,,,,,,,,,,,,,,,,,,,,,,,,,,,,,,,,,,,,,,,,,,,,,,,,,,,,,,,,,,,,,,,,,,,,,,,,,,,,,,,,,,,,,,,,,,,,,,,,,,,,,,,,,,,,,,,,,,,,,,,,,,,,,,,,,28.488000106811523,28.488000106811523,,,,,,,,,,,0.22819504538662713,,,,,,,,,28.488000106811523,28.488000106811523,,,,,,,,,,592516350.000000000000000,,,,,,,,
2024-10-01,,,,,,,28.250000000000000,28.489999771118164,24.559999465942383,25.750000000000000,9674200,,,,,25.750000000000000,,,,,,,,,,,,,,,,,,,,,,,,,,,,,,,,,,,,,,,,,,,,,,,,,,,,,,,,,,,,,,,,,,,,,,,,,,,,,,,,,,,,,,,,,,,,,,,,,,,,,,,,,,,,,,,,,,,,,,,,,,,,,,,,,,,,,,,,,,,,,2.5800853234954935,,,,,,,,,,,,,,,27.575333404541016,27.575333404541016,,,,,,,,,,,-0.22508341613203636,,,,,,,,,27.736000061035156,27.736000061035156,,,,,,,,,,249110650.000000000000000,,,,,,,,
2024-10-02,,,,,,,25.479999542236328,25.940000534057617,24.680000305175780,25.270000457763672,11160600,,,,,25.270000457763672,,,,,,,,,,,,,,,,,,,,,,,,,,,,,,,,,,,,,,,,,,,,,,,,,,,,,,,,,,,,,,,,,,,,,,,,,,,,,,,,,,,,,,,,,,,,,,,,,,,,,,,,,,,,,,,,,,,,,,,,,,,,,,,,,,,,,,,,,,,,,2.57036908626307,,,,,,,,,,,,,,,26.80688908894857,26.80688908894857,,,,,,,,,,,-0.01881668759473659,,,,,,,,,27.190000152587892,27.190000152587892,,,,,,,,,,282028367.108917237723200,,,,,,,,
2024-10-03,,,,,,,25.100000381469727,26.000000000000000,24.950000762939453,25.399999618530273,4698200,,,,,25.399999618530273,,,,,,,,,,,,,,,,,,,,,,,,,,,,,,,,,,,,,,,,,,,,,,,,,,,,,,,,,,,,,,,,,,,,,,,,,,,,,,,,,,,,,,,,,,,,,,,,,,,,,,,,,,,,,,,,,,,,,,,,,,,,,,,,,,,,,,,,,,,,,2.5713481356538472,,,,,,,,,,,,,,,26.33792593214247,26.33792593214247,,,,,,,,,,,0.005131219490989056,,,,,,,,,26.868000030517578,26.868000030517578,,,,,,,,,,119334278.207778928608600,,,,,,,,
2024-10-04,,,,,,,25.500000000000000,27.790000915527344,25.459999084472656,26.469999313354492,3640700,,,,,26.469999313354492,,,,,,,,,,,,,,,,,,,,,,,,,,,,,,,,,,,,,,,,,,,,,,,,,,,,,,,,,,,,,,,,,,,,,,,,,,,,,,,,,,,,,,,,,,,,,,,,,,,,,,,,,,,,,,,,,,,,,,,,,,,,,,,,,,,,,,,,,,,,,2.567430864757929,,,,,,,,,,,,,,,26.38195039254648,26.38195039254648,,,,,,,,,,,0.04126283129249414,,,,,,,,,27.027999877929688,27.027999877929688,,,,,,,,,,96369326.500129699024400,,,,,,,,
2024-10-07,,,,,,,26.200000762939453,26.375000000000000,25.399999618530273,25.549999237060547,3579800,,,,,25.549999237060547,,,,,,,,,,,,,,,,,,,,,,,,,,,,,,,,,,,,,,,,,,,,,,,,,,,,,,,,,,,,,,,,,,,,,,,,,,,,,,,,,,,,,,,,,,,,,,,,,,,,,,,,,,,,,,,,,,,,,,,,,,,,,,,,,,,,,,,,,,,,,1.6487769113786654,,,,,,,,,,,,,,,26.104633340717832,26.104633340717832,,,,,,,,,,,-0.035374703509422685,,,,,,,,,25.687999725341797,25.687999725341797,,,,,,,,,,91463887.268829346150600,,,,,,,,
2024-10-08,,,,,,,25.440000534057617,25.870000839233400,24.690000534057617,24.750000000000000,3113900,,,,,24.750000000000000,,,,,,,,,,,,,,,,,,,,,,,,,,,,,,,,,,,,,,,,,,,,,,,,,,,,,,,,,,,,,,,,,,,,,,,,,,,,,,,,,,,,,,,,,,,,,,,,,,,,,,,,,,,,,,,,,,,,,,,,,,,,,,,,,,,,,,,,,,,,,0.5040376082009682,,,,,,,,,,,,,,,25.65308889381189,25.65308889381189,,,,,,,,,,,-0.031811797774369675,,,,,,,,,25.487999725341798,25.487999725341798,,,,,,,,,,77069025.000000000000000,,,,,,,,
2024-10-09,,,,,,,24.440000534057617,26.340000152587890,24.020000457763672,25.500000000000000,3793000,,,,,25.500000000000000,,,,,,,,,,,,,,,,,,,,,,,,,,,,,,,,,,,,,,,,,,,,,,,,,,,,,,,,,,,,,,,,,,,,,,,,,,,,,,,,,,,,,,,,,,,,,,,,,,,,,,,,,,,,,,,,,,,,,,,,,,,,,,,,,,,,,,,,,,,,,0.5537389022370015,,,,,,,,,,,,,,,25.60205926254126,25.60205926254126,,,,,,,,,,,0.02985296314968113,,,,,,,,,25.533999633789062,25.533999633789062,,,,,,,,,,96721500.000000000000000,,,,,,,,
2024-10-10,,,,,,,25.040000915527344,26.790000915527344,24.809999465942383,25.989999771118164,2715500,,,,,25.989999771118164,,,,,,,,,,,,,,,,,,,,,,,,,,,,,,,,,,,,,,,,,,,,,,,,,,,,,,,,,,,,,,,,,,,,,,,,,,,,,,,,,,,,,,,,,,,,,,,,,,,,,,,,,,,,,,,,,,,,,,,,,,,,,,,,,,,,,,,,,,,,,0.5676104317103083,,,,,,,,,,,,,,,25.731372765400227,25.731372765400227,,,,,,,,,,,0.019033387682483704,,,,,,,,,25.65199966430664,25.65199966430664,,,,,,,,,,70575844.378471374342000,,,,,,,,
2024-10-11,,,,,,,26.000000000000000,27.190000534057617,25.899999618530273,26.899999618530273,2139600,,,,,26.899999618530273,,,,,,,,,,,,,,,,,,,,,,,,,,,,,,,,,,,,,,,,,,,,,,,,,,,,,,,,,,,,,,,,,,,,,,,,,,,,,,,,,,,,,,,,,,,,,,,,,,,,,,,,,,,,,,,,,,,,,,,,,,,,,,,,,,,,,,,,,,,,,0.5412048203931294,,,,,,,,,,,,,,,26.120915049776908,26.120915049776908,,,,,,,,,,,0.03441443257989839,,,,,,,,,25.737999725341798,25.737999725341798,,,,,,,,,,57555239.183807372110800,,,,,,,,
2024-10-14,,,,,,,26.809999465942383,28.639999389648438,26.680000305175780,28.379999160766600,3154200,,,,,28.379999160766600,,,,,,,,,,,,,,,,,,,,,,,,,,,,,,,,,,,,,,,,,,,,,,,,,,,,,,,,,,,,,,,,,,,,,,,,,,,,,,,,,,,,,,,,,,,,,,,,,,,,,,,,,,,,,,,,,,,,,,,,,,,,,,,,,,,,,,,,,,,,,0.5089335097372997,,,,,,,,,,,,,,,26.873943086773473,26.873943086773473,,,,,,,,,,,0.05355836973383696,,,,,,47.640916049890826,47.640916049890826,,26.30399971008301,26.30399971008301,,,,,,,,,,89516193.352890009720000,,,,,,,,
2024-10-15,,,,,,,28.469999313354492,28.870000839233400,28.020000457763672,28.700000762939453,2743400,,,,,28.700000762939453,,,,,,,,,,,,,,,,,,,,,,,,,,,,,,,,,,,,,,,,,,,,,,,,,,,,,,,,,,,,,,,,,,,,,,,,,,,,,,,,,,,,,,,,,,,,,,,,,,,,,,,,,,,,,,,,,,,,,,,,,,,,,,,,,,,,,,,,,,,,,0.25682853954476764,,,,,,,,,,,,,,,27.4826289788288,27.4826289788288,,,,,,,,,,,0.011212507188231809,,,,,,48.38362536610159,48.38362536610159,,27.0939998626709,27.0939998626709,,,,,,,,,,78735582.093048095360200,,,,,,,,
2024-10-16,,,,,,,28.469999313354492,30.290000915527344,27.940000534057617,28.930000305175780,2112300,,,,,28.930000305175780,,,,,,,,,,,,,,,,,,,,,,,,,,,,,,,,,,,,,,,,,,,,,,,,,,,,,,,,,,,,,,,,,,,,,,,,,,,,,,,,,,,,,,,,,,,,,,,,,,,,,,,,,,,,,,,,,,,,,,,,,,,,,,,,,,,,,,,,,,,,,0.2990177642361497,,,,,,,,,,,,,,,27.965086087611127,27.965086087611127,,,,,,,,,,,0.007981980187977652,,,,,,48.94419741806585,48.94419741806585,,27.779999923706054,27.779999923706054,,,,,,,,,,61108839.644622800094000,,,,,,,,
2024-10-17,,,,,,,29.129999160766600,30.030000686645508,28.850000381469727,29.690000534057617,1674600,,,,,29.690000534057617,,,,,,,,,,,,,,,,,,,,,,,,,,,,,,,,,,,,,,,,,,,,,,,,,,,,,,,,,,,,,,,,,,,,,,,,,,,,,,,,,,,,,,,,,,,,,,,,,,,,,,,,,,,,,,,,,,,,,,,,,,,,,,,,,,,,,,,,,,,,,0.2939646446699203,,,,,,,,,,,,,,,28.540057569759956,28.540057569759956,,,,,,,,,,,0.025931177226653647,,,,,,50.84393025825025,50.84393025825025,,28.520000076293947,28.520000076293947,,,,,,,,,,49718874.894332885428200,,,,,,,,
2024-10-18,,,,,,,29.700000762939453,29.819999694824220,28.719999313354492,29.299999237060547,1828700,,,,,29.299999237060547,,,,,,,,,,,,,,,,,,,,,,,,,,,,,,,,,,,,,,,,,,,,,,,,,,,,,,,,,,,,,,,,,,,,,,,,,,,,,,,,,,,,,,,,,,,,,,,,,,,,,,,,,,,,,,,,,,,,,,,,,,,,,,,,,,,,,,,,,,,,,0.3924308854660798,,,,,,,,,,,,,,,28.793371458860154,28.793371458860154,,,,,,,,,,,-0.013222816779330605,,,,,,49.819496761065636,49.819496761065636,,29,29,,,,,,,,,,53580908.604812622298900,,,,,,,,
2024-10-21,,,,,,,29.090000152587890,29.770000457763672,28.549999237060547,28.959999084472656,2767300,,,,,28.959999084472656,,,,,,,,,,,,,,,,,,,,,,,,,,,,,,,,,,,,,,,,,,,,,,,,,,,,,,,,,,,,,,,,,,,,,,,,,,,,,,,,,,,,,,,,,,,,,,,,,,,,,,,,,,,,,,,,,,,,,,,,,,,,,,,,,,,,,,,,,,,,,0.26217914721035407,,,,,,,,,,,,,,,28.84891400073099,28.84891400073099,,,,,,,,,,,-0.011671954080130196,,,,,,48.89457901634174,48.89457901634174,,29.11599998474121,29.11599998474121,,,,,,,,,,80141005.466461180948800,,,,,,,,
2024-10-22,,,,,,,28.610000610351562,29.219999313354492,28.370000839233400,28.969999313354492,1081100,,,,,28.969999313354492,,,,,,,,,,,,,,,,,,,,,,,,,,,,,,,,,,,,,,,,,,,,,,,,,,,,,,,,,,,,,,,,,,,,,,,,,,,,,,,,,,,,,,,,,,,,,,,,,,,,,,,,,,,,,,,,,,,,,,,,,,,,,,,,,,,,,,,,,,,,,0.2547103012234105,,,,,,,0.17805577021712796,,,,,,,,28.88927577160549,28.88927577160549,27.473809378487722,27.473809378487722,,,,,,,,,0.0003452521753062295,,,,,,48.92461424497074,48.92461424497074,,29.16999969482422,29.16999969482422,27.473809378487722,27.473809378487722,,,,,,,,31319466.257667541301200,,,,,,,,
2024-10-23,,,,,,,28.819999694824220,29.239999771118164,28.299999237060547,28.870000839233400,3347200,,,,,28.870000839233400,,,,,,,,,,,,,,,,,,,,,,,,,,,,,,,,,,,,,,,,,,,,,,,,,,,,,,,,,,,,,,,,,,,,,,,,,,,,,,,,,,,,,,,,,,,,,,,,,,,,,,,,,,,,,,,,,,,,,,,,,,,,,,,,,,,,,,,,,,,,,0.25033407396878304,1.2306286227558285,,,,,,0.179637543608984,,,,,,,,28.882850794148126,28.882850794148126,27.60073587491915,27.60073587491915,,,,,,,,,-0.003457765335071067,,,,,,48.61691988962082,48.61691988962082,,29.157999801635743,29.157999801635743,27.443333217075892,27.443333217075892,,,,,,,,96633666.809082036480000,,,,,,,,
2024-10-24,,,,,,,29.450000762939453,30.219999313354492,28.969999313354492,29.969999313354492,1485100,,,,,29.969999313354492,,,,,,,,,,,,,,,,,,,,,,,,,,,,,,,,,,,,,,,,,,,,,,,,,,,,,,,,,,,,,,,,,,,,,,,,,,,,,,,,,,,,,,,,,,,,,,,,,,,,,,,,,,,,,,,,,,,,,,,,,,,,,,,,,,,,,,,,,,,,,0.32762982669719287,1.2226277579523888,,,,,,0.18734873993138065,,,,,,,,29.245233633883583,29.245233633883583,27.816123460231452,27.816123460231452,,,,,,,,,0.03739383567323979,,,,,,52.17969075618982,52.17969075618982,,29.213999557495118,29.213999557495118,27.53714270818801,27.53714270818801,,,,,,,,44508445.980262756069200,,,,,,,,
2024-10-25,,,,,,,30.209999084472656,31.024999618530273,29.510000228881836,29.649999618530273,1282100,,,,,29.649999618530273,,,,,,,,,,,,,,,,,,,,,,,,,,,,,,,,,,,,,,,,,,,,,,,,,,,,,,,,,,,,,,,,,,,,,,,,,,,,,,,,,,,,,,,,,,,,,,,,,,,,,,,,,,,,,,,,,,,,,,,,,,,,,,,,,,,,,,,,,,,,,0.32081063070253185,1.2155242889222735,,,,,,0.17245573358585659,,,,,,,,29.380155628765813,29.380155628765813,27.982839474622253,27.982839474622253,,,,,,,,,-0.010734745839500537,,,,,,51.070315527839135,51.070315527839135,,29.283999633789062,29.283999633789062,27.662856964837935,27.662856964837935,,,,,,,,38014264.510917663013300,,,,,,,,
2024-10-28,,,,,,,29.690000534057617,30.909999847412110,29.690000534057617,30.879999160766600,964400,,,,,30.879999160766600,,,,,,,,,,,,,,,,,,,,,,,,,,,,,,,,,,,,,,,,,,,,,,,,,,,,,,,,,,,,,,,,,,,,,,,,,,,,,,,,,,,,,,,,,,,,,,,,,,,,,,,,,,,,,,,,,,,,,,,,,,,,,,,,,,,,,,,,,,,,,0.3850673934927962,1.2043350217155284,,,,,,0.18300465451169642,,,,,,,,29.880103472766073,29.880103472766073,28.246217627908102,28.246217627908102,,,,,,,,,0.04064658540135139,,,,,,55.02815133064445,55.02815133064445,,29.66799964904785,29.66799964904785,27.910952159336635,27.910952159336635,,,,,,,,29780671.190643309040000,,,,,,,,
2024-10-29,,,,,,,30.909999847412110,31.139999389648438,30.129999160766600,30.809999465942383,1493500,,,,,30.809999465942383,,,,,,,,,,,,,,,,,,,,,,,,,,,,,,,,,,,,,,,,,,,,,,,,,,,,,,,,,,,,,,,,,,,,,,,,,,,,,,,,,,,,,,,,,,,,,,,,,,,,,,,,,,,,,,,,,,,,,,,,,,,,,,,,,,,,,,,,,,,,,0.3908162658916061,0.9019998497608618,,,,,,-0.03271814487415456,,,,,,,,30.190068803824843,30.190068803824843,28.479288704093037,28.479288704093037,,,,,,,,,-0.002269402704656436,,1.4078486947534863,1.4078486947534863,,,54.75669593874036,54.75669593874036,,30.03599967956543,30.03599967956543,27.84238070533389,27.84238070533389,,,,,,,,46014734.202384949010500,,,,,,,,
2024-10-30,,,,,,,30.719999313354492,30.989999771118164,30.049999237060547,30.120000839233400,1004700,,,,,30.120000839233400,,,,,,,,,,,,,,,,,,,,,,,,,,,,,,,,,,,,,,,,,,,,,,,,,,,,,,,,,,,,,,,,,,,,,,,,,,,,,,,,,,,,,,,,,,,,,,,,,,,,,,,,,,,,,,,,,,,,,,,,,,,,,,,,,,,,,,,,,,,,,0.4576516033452041,0.4101565136586848,,,,,,0.012059640832705559,,,,,,,,30.166712815627697,30.166712815627697,28.62844435274216,28.62844435274216,,,,,,,,,-0.022649864479984246,,1.3630427747269778,1.3630427747269778,,,52.0319833802098,52.0319833802098,,30.28599967956543,30.28599967956543,28.050475983392623,28.050475983392623,,,,,,,,30261564.843177796980000,,,,,,,,
2024-10-31,,,,,,,30.000000000000000,30.530000686645508,29.400999069213867,29.739999771118164,1101700,,,,,29.739999771118164,,,,,,,,,,,,,,,,,,,,,,,,,,,,,,,,,,,,,,,,,,,,,,,,,,,,,,,,,,,,,,,,,,,,,,,,,,,,,,,,,,,,,,,,,,,,,,,,,,,,,,,,,,,,,,,,,,,,,,,,,,,,,,,,,,,,,,,,,,,,,0.39165962545922983,0.40573948340522076,,,,,,0.019899816092566282,,,,,,,,30.02447513412452,30.02447513412452,28.7294948453218,28.7294948453218,,,,,,,,,-0.012696497458772153,,1.282091694916648,1.282091694916648,,,50.54041376984405,50.54041376984405,,30.239999771118164,30.239999771118164,28.26333309355236,28.26333309355236,,,,,,,,32764557.747840881278800,,,,,,,,
2024-11-01,,,,,,,30.280000686645508,31.139999389648438,29.829999923706055,30.790000915527344,957000,,,,,30.790000915527344,,,,,,,,,,,,,,,,,,,,,,,,,,,,,,,,,,,,,,,,,,,,,,,,,,,,,,,,,,,,,,,,,,,,,,,,,,,,,,,,,,,,,,,,,,,,,,,,,,,,,,,,,,,,,,,,,,,,,,,,,,,,,,,,,,,,,,,,,,,,,0.45254319858297115,0.41612331502217703,,,,,,0.04580806081889776,,,,,,,,30.279650394592128,30.279650394592128,28.916813578976846,28.916813578976846,,,,,,,,,0.03469705833506146,,1.2878185277256264,1.2878185277256264,,,54.427841952214834,54.427841952214834,,30.46800003051758,30.46800003051758,28.519999821980793,28.519999821980793,,,,,,,,29466030.876159668208000,,,,,,,,
2024-11-04,,,,,,,30.670000076293945,31.059999465942383,29.629999160766600,29.629999160766600,787600,,,,,29.629999160766600,,,,,,,,,,,,,,,,,,,,,,,,,,,,,,,,,,,,,,,,,,,,,,,,,,,,,,,,,,,,,,,,,,,,,,,,,,,,,,,,,,,,,,,,,,,,,,,,,,,,,,,,,,,,,,,,,,,,,,,,,,,,,,,,,,,,,,,,,,,,,0.43593712301962995,0.42997294314681617,,,,,,0.04180779467319767,,,,,,,,30.063099983316953,30.063099983316953,28.981648631866825,28.981648631866825,,,,,,,,,-0.038402658409276105,,1.1850936154129883,1.1850936154129883,,,49.77344756281644,49.77344756281644,,30.21800003051758,30.21800003051758,28.670476005190896,28.670476005190896,,,,,,,,23336587.339019774160000,,,,,,,,
2024-11-05,,,,,,,29.540000915527344,30.200000762939453,29.520000457763672,30.000000000000000,710400,,,,,30.000000000000000,,,,,,,,,,,,,,,,,,,,,,,,,,,,,,,,,,,,,,,,,,,,,,,,,,,,,,,,,,,,,,,,,,,,,,,,,,,,,,,,,,,,,,,,,,,,,,,,,,,,,,,,,,,,,,,,,,,,,,,,,,,,,,,,,,,,,,,,,,,,,0.4604235668941943,0.4039965740127535,,,,,,0.11361603406374392,,,,,,,,30.042066655544634,30.042066655544634,29.074226028969843,29.074226028969843,,,,,,,,,0.012410048400455039,,1.1206215303728477,1.1206215303728477,,,51.20672665551107,51.20672665551107,,30.0560001373291,30.0560001373291,28.882380803426106,28.882380803426106,,,,,,,,21312000.000000000000000,,,,,,,,
2024-11-06,,,,,,,31.290000915527344,31.750000000000000,30.299999237060547,31.000000000000000,1331000,,,,,31.000000000000000,,,,,,,,,,,,,,,,,,,,,,,,,,,,,,,,,,,,,,,,,,,,,,,,,,,,,,,,,,,,,,,,,,,,,,,,,,,,,,,,,,,,,,,,,,,,,,,,,,,,,,,,,,,,,,,,,,,,,,,,,,,,,,,,,,,,,,,,,,,,,0.4958827904564047,0.38608078510159327,,,,,,0.19039189811404766,,,,,,,,30.361377770363088,30.361377770363088,29.24929638997258,29.24929638997258,,,,,,,,,0.03278982282299097,,1.1371106770750323,1.1371106770750323,,,54.94858869664286,54.94858869664286,,30.231999969482423,30.231999969482423,29.179999851045153,29.179999851045153,,,,,,,,41261000.000000000000000,,,,,,,,
2024-11-07,,,,,,,31.190000534057617,31.975000381469727,31.100000381469727,31.840000152587890,1338800,,,,,31.840000152587890,,,,,,,,,,,,,,,,,,,,,,,,,,,,,,,,,,,,,,,,,,,,,,,,,,,,,,,,,,,,,,,,,,,,,,,,,,,,,,,,,,,,,,,,,,,,,,,,,,,,,,,,,,,,,,,,,,,,,,,,,,,,,,,,,,,,,,,,,,,,,0.4822543646935321,0.3842815816317514,,,,,,0.20001426834031064,,,,,,,,30.854251897771356,30.854251897771356,29.4848149138467,29.4848149138467,,,,,,,,,0.02673616128336923,,1.2040795571527063,1.2040795571527063,,,57.87119933804638,57.87119933804638,,30.65200004577637,30.65200004577637,29.481904620216007,29.481904620216007,,,,,,,,42627392.204284667132000,,,,,,,,
2024-11-08,,,,,,,32.029998779296875,33.500000000000000,31.510000228881836,33.400001525878906,1403800,,,,,33.400001525878906,,,,,,,,,,,,,,,,,,,,,,,,,,,,,,,,,,,,,,,,,,,,,,,,,,,,,,,,,,,,,,,,,,,,,,,,,,,,,,,,,,,,,,,,,,,,,,,,,,,,,,,,,,,,,,,,,,,,,,,,,,,,,,,,,,,,,,,,,,,,,0.5254582168945441,0.4046784929674047,,,,,,0.22893860653064763,,,,,,,,31.70283510714054,31.70283510714054,29.840740969485992,29.840740969485992,,,,,,,,,0.047832579899135426,,1.3672709025797651,1.3672709025797651,1.2616642194128975,1.2616642194128975,62.70948238398003,62.70948238398003,,31.17400016784668,31.17400016784668,29.834761846633185,29.834761846633185,,,,,,,,46886922.142028808242800,,,,,,,,
2024-11-11,,,,,,,33.849998474121094,34.470001220703125,32.119998931884766,32.279998779296875,1007000,,,,,32.279998779296875,,,,,,,,,,,,,,,,,,,,,,,,,,,,,,,,,,,,,,,,,,,,,,,,,,,,,,,,,,,,,,,,,,,,,,,,,,,,,,,,,,,,,,,,,,,,,,,,,,,,,,,,,,,,,,,,,,,,,,,,,,,,,,,,,,,,,,,,,,,,,0.49744371364298573,0.4258041907779272,,,,,,0.17568052730181866,,,,,,,,31.895222997859317,31.895222997859317,30.0624916794688,30.0624916794688,,,,,,,,,-0.034108140081985525,,1.3902009865621707,1.3902009865621707,1.2873715728427522,1.2873715728427522,57.595280541631055,57.595280541631055,,31.704000091552736,31.704000091552736,30.090952282860165,30.090952282860165,,,,,,,,32505958.770751953125000,,,,,,,,
2024-11-12,,,,,,,32.000000000000000,32.590000152587890,30.530000686645508,31.239999771118164,1252400,,,,,31.239999771118164,,,,,,,,,,,,,,,,,,,,,,,,,,,,,,,,,,,,,,,,,,,,,,,,,,,,,,,,,,,,,,,,,,,,,,,,,,,,,,,,,,,,,,,,,,,,,,,,,,,,,,,,,,,,,,,,,,,,,,,,,,,,,,,,,,,,,,,,,,,,,0.6140838400557674,0.4160439347397052,,,,,,0.10078156855581326,,,,,,,,31.676815255612265,31.676815255612265,30.169537869618743,30.169537869618743,,,,,,,,,-0.03274848794074343,,1.3093605219465267,1.3093605219465267,1.2917693626635072,1.2917693626635072,53.252358660829465,53.252358660829465,,31.952000045776366,31.952000045776366,30.227142788115003,30.227142788115003,,,,,,,,39124975.713348388593600,,,,,,,,
2024-11-13,,,,,,,31.360000610351562,31.489999771118164,29.399999618530273,29.629999160766600,1693800,,,,,29.629999160766600,,,,,,,,,,,,,,,,,,,,,,,,,,,,,,,,,,,,,,,,,,,,,,,,,,,,,,,,,,,,,,,,,,,,,,,,,,,,,,,,,,,,,,,,,,,,,,,,,,,,,,,,,,,,,,,,,,,,,,,,,,,,,,,,,,,,,,,,,,,,,0.6933035299769947,0.46011468573841247,,,,,,0.007351068508197808,,,,,,,,30.994543223997045,30.994543223997045,30.12048889608673,30.12048889608673,,,,,,,,,-0.05291198438322158,,1.102669391043591,1.102669391043591,1.253949368339524,1.253949368339524,47.305537236402536,47.305537236402536,,31.677999877929686,31.677999877929686,30.27142842610677,30.27142842610677,,,,,,,,50187292.578506467080000,,,,,,,,
2024-11-14,,,,,,,29.290000915527344,29.579999923706055,26.020000457763672,26.409999847412110,2505500,,,,,26.409999847412110,,,,,,,,,,,,,,,,,,,,,,,,,,,,,,,,,,,,,,,,,,,,,,,,,,,,,,,,,,,,,,,,,,,,,,,,,,,,,,,,,,,,,,,,,,,,,,,,,,,,,,,,,,,,,,,,,,,,,,,,,,,,,,,,,,,,,,,,,,,,,0.9244898605943668,0.6109776990817302,,,,,,-0.04509826712149158,,,,,,,,29.466362098468732,29.466362098468732,29.783171709843582,29.783171709843582,,,,,,,,,-0.11504461273031527,,0.6712998202845917,0.6712998202845917,1.1374194587285373,1.1374194587285373,38.13347736636501,38.13347736636501,,30.591999816894532,30.591999816894532,30.1514284043085,30.1514284043085,,,,,,,,66170254.617691041605000,,,,,,,,
2024-11-15,,,,,,,26.190000534057617,26.350000381469727,24.879999160766600,25.200000762939453,2632100,,,,,25.200000762939453,,,,,,,,,,,,,,,,,,,,,,,,,,,,,,,,,,,,,,,,,,,,,,,,,,,,,,,,,,,,,,,,,,,,,,,,,,,,,,,,,,,,,,,,,,,,,,,,,,,,,,,,,,,,,,,,,,,,,,,,,,,,,,,,,,,,,,,,,,,,,0.5382099712197539,0.6175655984349678,,,,,,-0.11241735853212732,,,,,,,,28.044241653292307,28.044241653292307,29.36651980557957,29.36651980557957,,,,,,,,,-0.04689869573863272,,0.22915792397377288,0.22915792397377288,0.9557671517775845,0.9557671517775845,35.35907324112916,35.35907324112916,,28.95199966430664,28.95199966430664,29.937618891398113,29.937618891398113,,,,,,,,66328922.008132934241300,,,,,,,,
2024-11-18,,,,,,,24.790000915527344,25.059999465942383,22.239999771118164,22.770000457763672,3096100,,,,,22.770000457763672,,,,,,,,,,,,,,,,,,,,,,,,,,,,,,,,,,,,,,,,,,,,,,,,,,,,,,,,,,,,,,,,,,,,,,,,,,,,,,,,,,,,,,,,,,,,,,,,,,,,,,,,,,,,,,,,,,,,,,,,,,,,,,,,,,,,,,,,,,,,,0.5739096872290819,0.6976549243755998,,,,,,-0.16925962378492895,,,,,,,,26.286161254782762,26.286161254782762,28.766836228505397,28.766836228505397,,,,,,,,,-0.10140012461329784,,-0.31370720914956607,-0.31370720914956607,0.7018722795921544,0.7018722795921544,30.551730411442602,30.551730411442602,,27.05,27.05,29.62666656857445,29.62666656857445,,,,,,,,70498198.417282104879200,,,,,,,,
2024-11-19,,,,,,,22.219999313354492,22.940000534057617,21.239999771118164,21.940000534057617,4280100,,,,,21.940000534057617,,,,,,,,,,,,,,,,,,,,,,,,,,,,,,,,,,,,,,,,,,,,,,,,,,,,,,,,,,,,,,,,,,,,,,,,,,,,,,,,,,,,,,,,,,,,,,,,,,,,,,,,,,,,,,,,,,,,,,,,,,,,,,,,,,,,,,,,,,,,,0.5566634340071889,0.7030550159662576,,,,,,-0.15751870057074113,,,,,,,,24.837441014541046,24.837441014541046,28.14621480173742,28.14621480173742,,,,,,,,,-0.03713242099063779,,-0.801664703839279,-0.801664703839279,0.4011648829058677,0.4011648829058677,29.096596953215098,29.096596953215098,,25.190000152587892,25.190000152587892,29.292380923316593,29.292380923316593,,,,,,,,93905396.285820006521700,,,,,,,,
2024-11-20,,,,,,,21.959999084472656,22.989999771118164,21.500000000000000,22.409999847412110,2440600,,,,,22.409999847412110,,,,,,,,,,,,,,,,,,,,,,,,,,,,,,,,,,,,,,,,,,,,,,,,,,,,,,,,,,,,,,,,,,,,,,,,,,,,,,,,,,,,,,,,,,,,,,,,,,,,,,,,,,,,,,,,,,,,,,,,,,,,,,,,,,,,,,,,,,,,,0.8675002808908779,0.711779842575217,,,,,,-0.14894815157175495,,,,,,,,24.0282939588314,24.0282939588314,27.62474071498057,27.62474071498057,,,,,,,,,0.021195801815099283,,-1.137338981475711,-1.137338981475711,0.09346411002955199,0.09346411002955199,31.097857323565734,31.097857323565734,,23.746000289916992,23.746000289916992,28.979999996366956,28.979999996366956,,,,,,,,54693845.627593995666000,,,,,,,,
2024-11-21,,,,,,,23.440000534057617,25.290000915527344,23.350000381469727,24.760000228881836,2892000,,,,,24.760000228881836,,,,,,,,,,,,,,,,,,,,,,,,,,,,,,,,,,,,,,,,,,,,,,,,,,,,,,,,,,,,,,,,,,,,,,,,,,,,,,,,,,,,,,,,,,,,,,,,,,,,,,,,,,,,,,,,,,,,,,,,,,,,,,,,,,,,,,,,,,,,,1.214728497852187,0.8106684076226008,,,,,,-0.1340334741035135,,,,,,,,24.272196048848212,24.272196048848212,27.36430976169887,27.36430976169887,,,,,,,,,0.09972217605649548,,-1.199906103250541,-1.199906103250541,-0.1652099326264666,-0.1652099326264666,40.18817321104816,40.18817321104816,,23.416000366210938,23.416000366210938,28.784285681588308,28.784285681588308,,,,,,,,71605920.661926269712000,,,,,,,,
2024-11-22,,,,,,,24.899999618530273,25.440000534057617,24.399999618530273,24.430000305175780,1467000,,,,,24.430000305175780,,,,,,,,,,,,,,,,,,,,,,,,,,,,,,,,,,,,,,,,,,,,,,,,,,,,,,,,,,,,,,,,,,,,,,,,,,,,,,,,,,,,,,,,,,,,,,,,,,,,,,,,,,,,,,,,,,,,,,,,,,,,,,,,,,,,,,,,,,,,,1.1784084806868333,0.7943047692560856,,,,,,-0.19788721601944279,,,,,,,,24.32479746762407,24.32479746762407,27.097554356560405,27.097554356560405,,,,,,,,,-0.01341755929891692,,-1.2615765646147707,-1.2615765646147707,-0.38448325902412744,-0.38448325902412744,39.40204106243022,39.40204106243022,,23.262000274658202,23.262000274658202,28.52047620500837,28.52047620500837,,,,,,,,35838810.447692869260000,,,,,,,,
2024-11-25,,,,,,,24.760000228881836,25.450000762939453,24.469999313354492,24.809999465942383,1451100,,,,,24.809999465942383,,,,,,,,,,,,,,,,,,,,,,,,,,,,,,,,,,,,,,,,,,,,,,,,,,,,,,,,,,,,,,,,,,,,,,,,,,,,,,,,,,,,,,,,,,,,,,,,,,,,,,,,,,,,,,,,,,,,,,,,,,,,,,,,,,,,,,,,,,,,,0.8217427444961938,0.799047795150817,,,,,,-0.18017255113462338,,,,,,,,24.486531467063507,24.486531467063507,26.889594821049677,26.889594821049677,,,,,,,,,0.015434878416313462,,-1.265203613376137,-1.265203613376137,-0.5606273298945293,-0.5606273298945293,40.83719836321946,40.83719836321946,,23.670000076293945,23.670000076293945,28.29000000726609,28.29000000726609,,,,,,,,36001790.225028991971300,,,,,,,,
2024-11-26,,,,,,,24.590000152587890,25.954999923706055,24.360000610351562,24.610000610351562,1098000,,,,,24.610000610351562,,,,,,,,,,,,,,,,,,,,,,,,,,,,,,,,,,,,,,,,,,,,,,,,,,,,,,,,,,,,,,,,,,,,,,,,,,,,,,,,,,,,,,,,,,,,,,,,,,,,,,,,,,,,,,,,,,,,,,,,,,,,,,,,,,,,,,,,,,,,,0.7204929142591739,0.7788689568918459,,,,,,-0.22598515933188598,,,,,,,,24.527687848159527,24.527687848159527,26.682358983713485,26.682358983713485,,,,,,,,,-0.008093886973886227,,-1.2695813681123553,-1.2695813681123553,-0.7024181375380946,-0.7024181375380946,40.296274721365684,40.296274721365684,,24.204000091552736,24.204000091552736,27.99142864772252,27.99142864772252,,,,,,,,27021780.670166015076000,,,,,,,,
2024-11-27,,,,,,,24.610000610351562,24.799999237060547,23.485000610351562,23.899999618530273,1020400,,,,,23.899999618530273,,,,,,,,,,,,,,,,,,,,,,,,,,,,,,,,,,,,,,,,,,,,,,,,,,,,,,,,,,,,,,,,,,,,,,,,,,,,,,,,,,,,,,,,,,,,,,,,,,,,,,,,,,,,,,,,,,,,,,,,,,,,,,,,,,,,,,,,,,,,,0.8116420895958585,0.7807546149459373,,,,,,-0.25419994952505465,,,,,,,,24.31845843828311,24.31845843828311,26.429417223242282,26.429417223242282,,,,,,,,,-0.029274446227533234,,-1.3151813249528352,-1.3151813249528352,-0.8249707750210427,-0.8249707750210427,38.35401635467196,38.35401635467196,,24.502000045776366,24.502000045776366,27.66238103594099,27.66238103594099,,,,,,,,24387559.610748290569200,,,,,,,,
2024-11-29,,,,,,,24.250000000000000,24.659999847412110,24.010000228881836,24.350000381469727,642600,,,,,24.350000381469727,,,,,,,,,,,,,,,,,,,,,,,,,,,,,,,,,,,,,,,,,,,,,,,,,,,,,,,,,,,,,,,,,,,,,,,,,,,,,,,,,,,,,,,,,,,,,,,,,,,,,,,,,,,,,,,,,,,,,,,,,,,,,,,,,,,,,,,,,,,,,0.3207435203708918,0.7868047147856253,,,,,,-0.23162243817599149,,,,,,,,24.328972419345313,24.328972419345313,26.24037932853569,26.24037932853569,,,,,,,,,0.018653422218318047,,-1.3000224687392041,-1.3000224687392041,-0.919981113764675,-0.919981113764675,40.31750349656932,40.31750349656932,,24.420000076293945,24.420000076293945,27.387619109380815,27.387619109380815,,,,,,,,15647310.245132446570200,,,,,,,,
2024-12-02,,,,,,,24.370000839233400,25.045999526977540,23.756000518798828,23.860000610351562,1309800,,,,,23.860000610351562,,,,,,,,,,,,,,,,,,,,,,,,,,,,,,,,,,,,,,,,,,,,,,,,,,,,,,,,,,,,,,,,,,,,,,,,,,,,,,,,,,,,,,,,,,,,,,,,,,,,,,,,,,,,,,,,,,,,,,,,,,,,,,,,,,,,,,,,,,,,,0.33772645067994905,0.7875626187311221,,,,,,-0.24890336944726416,,,,,,,,24.172648483014065,24.172648483014065,26.02398126324622,26.02398126324622,,,,,,,,,-0.020328422944401892,,-1.3124191019517468,-1.3124191019517468,-0.9984687114020894,-0.9984687114020894,38.86586356217348,38.86586356217348,,24.3060001373291,24.3060001373291,27.10761914934431,27.10761914934431,,,,,,,,31251828.799438475907600,,,,,,,,
2024-12-03,,,,,,,23.629999160766600,24.530000686645508,23.614999771118164,24.270000457763672,1420000,,,,,24.270000457763672,,,,,,,,,,,,,,,,,,,,,,,,,,,,,,,,,,,,,,,,,,,,,,,,,,,,,,,,,,,,,,,,,,,,,,,,,,,,,,,,,,,,,,,,,,,,,,,,,,,,,,,,,,,,,,,,,,,,,,,,,,,,,,,,,,,,,,,,,,,,,0.3438881874021854,0.7771023703979919,,,,,,-0.24100456965498254,,,,,,,,24.205099141263933,24.205099141263933,25.864528462747806,25.864528462747806,,,,,,,,,0.017037596349502013,,-1.2744686802939214,-1.2744686802939214,-1.0536687051804556,-1.0536687051804556,40.7869855687242,40.7869855687242,,24.198000335693358,24.198000335693358,26.797142937069847,26.797142937069847,,,,,27.610399971008302,,,34463400.650024414240000,,,,,,,,
2024-12-04,,,,,,,24.270000457763672,24.639999389648438,23.690000534057617,23.909999847412110,1173300,,,,,23.909999847412110,,,,,,,,,,,,,,,,,,,,,,,,,,,,,,,,,,,,,,,,,,,,,,,,,,,,,,,,,,,,,,,,,,,,,,,,,,,,,,,,,,,,,,,,,,,,,,,,,,,,,,,,,,,,,,,,,,,,,,,,,,,,,,,,,,,,,,,,,,,,,0.351868751180352,0.7710305694866172,,,,,,-0.2340732262600438,,,,,,,,24.10673270997999,24.10673270997999,25.686844043171835,25.686844043171835,,,,,,,,,-0.014944263511333624,,-1.2589295817547992,-1.2589295817547992,-1.0947208804953243,-1.0947208804953243,39.60997606288721,39.60997606288721,,24.05800018310547,24.05800018310547,26.5247620173863,26.5247620173863,,,,,27.498399963378905,,,28053602.820968628663000,,,,,,,,
2024-12-05,,,,,,,23.909999847412110,24.040000915527344,22.709999084472656,23.000000000000000,1340800,,,,,23.000000000000000,,,,,,,,,,,,,,,,,,,,,,,,,,,,,,,,,,,,,,,,,,,,,,,,,,,,,,,,,,,,,,,,,,,,,,,,,,,,,,,,,,,,,,,,,,,,,,,,,,,,,,,,,,,,,,,,,,,,,,,,,,,,,,,,,,,,,,,,,,,,,0.39573196870845684,0.7725046825563912,,,,,,-0.2585606913597578,,,,,,,,23.73782180665333,23.73782180665333,25.442585493792578,25.442585493792578,,,,,,,,,-0.03880255915932322,,-1.3050008789122352,-1.3050008789122352,-1.1367768801787066,-1.1367768801787066,36.72499558234957,36.72499558234957,,23.878000259399414,23.878000259399414,26.191428684052966,26.191428684052966,,,,,27.398399963378907,,,30838400.000000000000000,,,,,,,,
2024-12-06,,,,,,,23.209999084472656,23.950000762939453,23.000000000000000,23.170000076293945,1015900,,,,,23.170000076293945,,,,,,,,,,,,,,,,,,,,,,,,,,,,,,,,,,,,,,,,,,,,,,,,,,,,,,,,,,,,,,,,,,,,,,,,,,,,,,,,,,,,,,,,,,,,,,,,,,,,,,,,,,,,,,,,,,,,,,,,,,,,,,,,,,,,,,,,,,,,,0.3543637345195834,0.758554486008485,,,,,,-0.27741679800841806,,,,,,,,23.548547896533535,23.548547896533535,25.23598681947452,25.23598681947452,,,,,,,,,0.007364125807925147,,-1.3126635600131316,-1.3126635600131316,-1.1719542161455916,-1.1719542161455916,37.63878338892966,37.63878338892966,,23.642000198364258,23.642000198364258,25.81857154482887,25.81857154482887,,,,,27.32159996032715,,,23538403.077507018725500,,,,,,,,
2024-12-09,,,,,,,23.649999618530273,24.239999771118164,23.000000000000000,23.750000000000000,2612300,,,,,23.750000000000000,,,,,,,,,,,,,,,,,,,,,,,,,,,,,,,,,,,,,,,,,,,,,,,,,,,,,,,,,,,,,,,,,,,,,,,,,,,,,,,,,,,,,,,,,,,,,,,,,,,,,,,,,,,,,,,,,,,,,,,,,,,,,,,,,,,,,,,,,,,,,0.41093936202126025,0.7572285148290662,,,,,,-0.278069769378597,,,,,,,,23.615698597689022,23.615698597689022,25.1008971086132,25.1008971086132,,,,,,,,,0.0247241887435753,,-1.2574401560214667,-1.2574401560214667,-1.1890514041207667,-1.1890514041207667,40.78101118024256,40.78101118024256,,23.620000076293945,23.620000076293945,25.433333442324685,25.433333442324685,,,,,27.28319995880127,,,62042125.000000000000000,,,,,,,,
2024-12-10,,,,,,,23.799999237060547,25.069999694824220,23.738000869750977,24.020000457763672,2895000,,,,,24.020000457763672,,,,,,,,,,,,,,,,,,,,,,,,,,,,,,,,,,,,,,,,,,,,,,,,,,,,,,,,,,,,,,,,,,,,,,,,,,,,,,,,,,,,,,,,,,,,,,,,,,,,,,,,,,,,,,,,,,,,,,,,,,,,,,,,,,,,,,,,,,,,,0.3969286402649596,0.7297443376928201,,,,,,-0.342210364502374,,,,,,,,23.75046588438057,23.75046588438057,25.00263377671779,25.00263377671779,,,,,,,,,0.011304305228792066,,-1.1783056559098526,-1.1783056559098526,-1.1869022544785839,-1.1869022544785839,42.24006407411503,42.24006407411503,,23.570000076293944,23.570000076293944,24.986666724795388,24.986666724795388,,,,,27.11859996795654,,,69537901.325225830440000,,,,,,,,
2024-12-11,,,,,,,24.440000534057617,24.989999771118164,23.459999084472656,23.850000381469727,2266800,,,,,23.850000381469727,,,,,,,,,,,,,,,,,,,,,,,,,,,,,,,,,,,,,,,,,,,,,,,,,,,,,,,,,,,,,,,,,,,,,,,,,,,,,,,,,,,,,,,,,,,,,,,,,,,,,,,,,,,,,,,,,,,,,,,,,,,,,,,,,,,,,,,,,,,,,0.3846192247367381,0.7271519227654536,,,,,,-0.3375240907222114,,,,,,,,23.78364405007696,23.78364405007696,24.89784892260433,24.89784892260433,,,,,,,,,-0.007102602380554361,,-1.1164389663995848,-1.1164389663995848,-1.172809596862784,-1.172809596862784,41.54598585347514,41.54598585347514,,23.55800018310547,23.55800018310547,24.58523822966076,24.58523822966076,,,,,27.080599975585937,,,54063180.864715577163600,,,,,,,,
2024-12-12,,,,,,,23.590000152587890,24.340000152587890,23.049999237060547,23.610000610351562,1724700,,,,,23.610000610351562,,,,,,,,,,,,,,,,,,,,,,,,,,,,,,,,,,,,,,,,,,,,,,,,,,,,,,,,,,,,,,,,,,,,,,,,,,,,,,,,,,,,,,,,,,,,,,,,,,,,,,,,,,,,,,,,,,,,,,,,,,,,,,,,,,,,,,,,,,,,,0.2257589921403369,0.7241817123530189,,,,,,-0.3296851037085248,,,,,,,,23.725762903501824,23.725762903501824,24.78077180330862,24.78077180330862,,,,,,,,,-0.010113856380066275,,-1.0743902430673522,-1.0743902430673522,-1.1531257261036976,-1.1531257261036976,40.53337401739054,40.53337401739054,,23.68000030517578,23.68000030517578,24.221904936290922,24.221904936290922,,,,,27.047399978637696,,,40720168.052673338981400,,,,,,,,
2024-12-13,,,,,,,23.639999389648438,23.750000000000000,22.649999618530273,23.049999237060547,1598900,,,,,23.049999237060547,,,,,,,,,,,,,,,,,,,,,,,,,,,,,,,,,,,,,,,,,,,,,,,,,,,,,,,,,,,,,,,,,,,,,,,,,,,,,,,,,,,,,,,,,,,,,,,,,,,,,,,,,,,,,,,,,,,,,,,,,,,,,,,,,,,,,,,,,,,,,0.3035561251411395,0.7110809420719684,,,,,,-0.3088047764788358,,,,,,,,23.5005083480214,23.5005083480214,24.623428842740616,24.623428842740616,,,,,,,,,-0.02400464060549009,,-1.0738747973793643,-1.0738747973793643,-1.137275540358831,-1.137275540358831,38.19414028849598,38.19414028849598,,23.6560001373291,23.6560001373291,23.908571606590634,23.908571606590634,,,,,27.0003999710083,,,36854643.780136108598300,,,,,,,,
2024-12-16,,,,,,,23.079999923706055,24.225000381469727,22.840000152587890,23.780000686645508,3791300,,,,,23.780000686645508,,,,,,,,,,,,,,,,,,,,,,,,,,,,,,,,,,,,,,,,,,,,,,,,,,,,,,,,,,,,,,,,,,,,,,,,,,,,,,,,,,,,,,,,,,,,,,,,,,,,,,,,,,,,,,,,,,,,,,,,,,,,,,,,,,,,,,,,,,,,,0.3394111145263504,0.6183493196250225,,,,,,-0.22085777480961746,,,,,,,,23.5936724608961,23.5936724608961,24.546753555822878,24.546753555822878,,,,,,,,,0.031179183794220224,,-1.0029993348662813,-1.0029993348662813,-1.110420299260321,-1.110420299260321,42.82623042762206,42.82623042762206,,23.662000274658205,23.662000274658205,23.783333551316034,23.783333551316034,,,,,26.94659999847412,,,90157116.603279114480400,,,,,,,,
2024-12-17,,,,,,,24.200000762939453,24.889999389648438,20.579999923706055,21.510000228881836,5609500,,,,,21.510000228881836,,,,,,,,,,,,,,,,,,,,,,,,,,,,,,,,,,,,,,,,,,,,,,,,,,,,,,,,,,,,,,,,,,,,,,,,,,,,,,,,,,,,,,,,,,,,,,,,,,,,,,,,,,,,,,,,,,,,,,,,,,,,,,,,,,,,,,,,,,,,,0.7666887491301863,0.6877713869592323,,,,,,-0.24400401851920878,,,,,,,,22.89911505022468,22.89911505022468,24.270685071555512,24.270685071555512,,,,,,,,,-0.10032696621719533,,-1.1171225920936827,-1.1171225920936827,-1.1117607578269935,-1.1117607578269935,34.23422161761082,34.23422161761082,,23.160000228881835,23.160000228881835,23.607619240170433,23.607619240170433,,,,,26.865800018310548,,,120660346.283912659042000,,,,,,,,
2024-12-18,,,,,,,21.590000152587890,21.989999771118164,20.090000152587890,20.329999923706055,4606300,,,,,20.329999923706055,,,,,,,,,,,,,,,,,,,,,,,,,,,,,,,,,,,,,,,,,,,,,,,,,,,,,,,,,,,,,,,,,,,,,,,,,,,,,,,,,,,,,,,,,,,,,,,,,,,,,,,,,,,,,,,,,,,,,,,,,,,,,,,,,,,,,,,,,,,,,0.7857258217724171,0.6252338138614866,,,,,,-0.2684763967667527,,,,,,,,22.042743341385137,22.042743341385137,23.912440967205562,23.912440967205562,,,,,,,,,-0.05642033003287744,,-1.2879357371480502,-1.2879357371480502,-1.1469957536912048,-1.1469957536912048,30.777538233932177,30.777538233932177,,22.456000137329102,22.456000137329102,23.49142873854864,23.49142873854864,,,,,26.777400016784668,,,93646078.648567201146500,,,,,,,,
2024-12-19,,,,,,,20.329999923706055,20.565999984741210,18.889999389648438,18.930000305175780,4027100,,,,,18.930000305175780,,,,,,,,,,,,,,,,,,,,,,,,,,,,,,,,,,,,,,,,,,,,,,,,,,,,,,,,,,,,,,,,,,,,,,,,,,,,,,,,,,,,,,,,,,,,,,,,,,,,,,,,,,,,,,,,,,,,,,,,,,,,,,,,,,,,,,,,,,,,,0.7987318451723999,0.6575191160574587,,,,,,-0.336305184062935,,,,,,,,21.005162329315354,21.005162329315354,23.459491816111942,23.459491816111942,,,,,,,,,-0.07134964254497003,,-1.518767250709896,-1.518767250709896,-1.221350053094943,-1.221350053094943,27.2605978874762,27.2605978874762,,21.520000076293947,21.520000076293947,23.348095394316175,23.348095394316175,,,,,26.646000022888185,,,76233004.228973383638000,,,,,,,,
2024-12-20,,,,,,,18.729999542236328,19.829999923706055,18.379999160766600,19.170000076293945,37788800,,,,,19.170000076293945,,,,,,,,,,,,,,,,,,,,,,,,,,,,,,,,,,,,,,,,,,,,,,,,,,,,,,,,,,,,,,,,,,,,,,,,,,,,,,,,,,,,,,,,,,,,,,,,,,,,,,,,,,,,,,,,,,,,,,,,,,,,,,,,,,,,,,,,,,,,,0.8936262065496067,0.6535318667892669,,,,,,-0.15606119114001013,,,,,,,,20.393441578308217,20.393441578308217,23.069538021583035,23.069538021583035,26.549206355261425,26.549206355261425,,,,,,,0.012598579694905953,,-1.6631649818647638,-1.6631649818647638,-1.309713038848907,-1.309713038848907,28.763400346737775,28.763400346737775,,20.744000244140626,20.744000244140626,23.193809690929594,23.193809690929594,26.549206355261425,26.549206355261425,,,26.5096000289917,,,724411298.883056628816000,77867781.5353333,,,,,,,
2024-12-23,,,,,,,19.200000762939453,20.079999923706055,18.829999923706055,19.969999313354492,2857800,,,,,19.969999313354492,,,,,,,,,,,,,,,,,,,,,,,,,,,,,,,,,,,,,,,,,,,,,,,,,,,,,,,,,,,,,,,,,,,,,,,,,,,,,,,,,,,,,,,,,,,,,,,,,,,,,,,,,,,,,,,,,,,,,,,,,,,,,,,,,,,,,,,,,,,,,0.9415537079174502,0.5565623606466155,0.8967806068140645,,,,,-0.14336311610224634,,,,,,,,20.252294156656976,20.252294156656976,22.78776177538044,22.78776177538044,26.34360613520183,26.34360613520183,,,,,,,0.04088455200645735,,-1.6935260573702706,-1.6935260573702706,-1.38647564255318,-1.38647564255318,33.68184758832041,33.68184758832041,,19.981999969482423,19.981999969482423,22.965714409237815,22.965714409237815,26.397777769300674,26.397777769300674,,,26.371000022888182,,,57070264.037704467237600,78768412.52001807,,,,,,,
2024-12-24,,,,,,,19.909999847412110,20.200000762939453,19.469999313354492,19.809999465942383,1162700,,,,,19.809999465942383,,,,,,,,,,,,,,,,,,,,,,,,,,,,,,,,,,,,,,,,,,,,,,,,,,,,,,,,,,,,,,,,,,,,,,,,,,,,,,,,,,,,,,,,,,,,,,,,,,,,,,,,,,,,,,,,,,,,,,,,,,,,,,,,,,,,,,,,,,,,,0.7451438738866798,0.5564868333306087,0.8918400611680785,,,,,-0.12789755251538684,,,,,,,,20.104862593085443,20.104862593085443,22.51705611088607,22.51705611088607,26.139430926787476,26.139430926787476,,,,,,,-0.008044279292404206,,-1.710777303131163,-1.710777303131163,-1.4513359746687764,-1.4513359746687764,33.188305052119155,33.188305052119155,,19.641999816894533,19.641999816894533,22.74571436927432,22.74571436927432,26.267777760823567,26.267777760823567,,,26.1996000289917,,,23033086.379051208714100,79127305.95460619,,,,,,,
2024-12-26,,,,,,,19.739999771118164,20.719999313354492,19.510000228881836,20.590000152587890,2404200,,,,,20.590000152587890,,,,,,,,,,,,,,,,,,,,,,,,,,,,,,,,,,,,,,,,,,,,,,,,,,,,,,,,,,,,,,,,,,,,,,,,,,,,,,,,,,,,,,,,,,,,,,,,,,,,,,,,,,,,,,,,,,,,,,,,,,,,,,,,,,,,,,,,,,,,,0.729401167113985,0.5753059281825975,0.893949614818277,,,,,-0.09810726880737937,,,,,,,,20.266575112919593,20.266575112919593,22.341869205586235,22.341869205586235,25.966011215093737,25.966011215093737,,,,,,,0.03861869469900667,,-1.6425749217797296,-1.6425749217797296,-1.489583764090967,-1.489583764090967,37.96089687522672,37.96089687522672,,19.6939998626709,19.6939998626709,22.544762021019345,22.544762021019345,26.16587299770779,26.16587299770779,,,26.03740001678467,,,49502478.366851805138000,79903498.89685616,,,,,,,
2024-12-27,,,,,,,20.510000228881836,20.790000915527344,19.780000686645508,20.479999542236328,2451200,,,,,20.479999542236328,,,,,,,,,,,,,,,,,,,,,,,,,,,,,,,,,,,,,,,,,,,,,,,,,,,,,,,,,,,,,,,,,,,,,,,,,,,,,,,,,,,,,,,,,,,,,,,,,,,,,,,,,,,,,,,,,,,,,,,,,,,,,,,,,,,,,,,,,,,,,0.3702808941295714,0.57543106407727,0.8889315642184877,,,,,-0.07621204946114586,,,,,,,,20.337716589358504,20.337716589358504,22.17260832709988,22.17260832709988,25.794573350316945,25.794573350316945,,,,,,,-0.005356750630909643,,-1.5791961825520424,-1.5791961825520424,-1.5075062477831822,-1.5075062477831822,37.55348206825632,37.55348206825632,,20.003999710083008,20.003999710083008,22.348095303490048,22.348095303490048,26.083492036849734,26.083492036849734,,,25.868400001525877,,,50200574.877929687193600,80633795.14868903,,,,,,,
2024-12-30,,,,,,,20.239999771118164,22.489999771118164,19.590000152587890,22.299999237060547,4790500,,,,,22.299999237060547,,,,,,,,,,,,,,,,,,,,,,,,,,,,,,,,,,,,,,,,,,,,,,,,,,,,,,,,,,,,,,,,,,,,,,,,,,,,,,,,,,,,,,,,,,,,,,,,,,,,,,,,,,,,,,,,,,,,,,,,,,,,,,,,,,,,,,,,,,,,,0.611225199873994,0.654996834232098,0.7762213445299171,,,,,-0.021045993822215177,,,,,,,,20.991810805259185,20.991810805259185,22.184189318914488,22.184189318914488,25.68536790927768,25.68536790927768,,,,,,,0.08513786643397603,,-1.36635877664634,-1.36635877664634,-1.4792767535558138,-1.4792767535558138,47.578219675526505,47.578219675526505,,20.629999542236327,20.629999542236327,22.271904809134348,22.271904809134348,25.925555516803076,25.925555516803076,,,25.720599975585937,,,106828146.345138550403500,72924458.58273885,,,,,,,
2024-12-31,,,,,,,22.239999771118164,22.735000610351562,20.879999160766600,21.030000686645508,2489300,,,,,21.030000686645508,,,,,,,,,,,,,,,,,,,,,,,,,,,,,,,,,,,,,,,,,,,,,,,,,,,,,,,,,,,,,,,,,,,,,,,,,,,,,,,,,,,,,,,,,,,,,,,,,,,,,,,,,,,,,,,,,,,,,,,,,,,,,,,,,,,,,,,,,,,,,0.85988523192052,0.6767183638999997,0.6455322118128596,,,,,-0.04430092888841148,,,,,,,,21.00454076572129,21.00454076572129,22.079263079617306,22.079263079617306,25.539887683570427,25.539887683570427,,,,,,,-0.058636621888171946,,-1.2853452087858486,-1.2853452087858486,-1.4404904446018207,-1.4404904446018207,42.45639723389206,42.45639723389206,,20.841999816894532,20.841999816894532,22.11380958557129,22.11380958557129,25.850634892781574,25.850634892781574,,,25.555200004577635,,,52349980.709266663064400,69801273.35590181,,,,,,,
2025-01-02,,,,,,,21.409999847412110,21.860000610351562,20.750000000000000,21.659999847412110,2020200,,,,,21.659999847412110,,,,,,,,,,,,,,,,,,,,,,,,,,,,,,,,,,,,,,,,,,,,,,,,,,,,,,,,,,,,,,,,,,,,,,,,,,,,,,,,,,,,,,,,,,,,,,,,,,,,,,,,,,,,,,,,,,,,,,,,,,,,,,,,,,,,,,,,,,,,,0.8505787336244478,0.6862913482853444,0.6480170507528519,,,,,-0.0174006783886173,,,,,,,,21.223027126284897,21.223027126284897,22.041148240325924,22.041148240325924,25.41864118869048,25.41864118869048,,,,,,,0.029517212162789817,,-1.1569688882780333,-1.1569688882780333,-1.3837861333370631,-1.3837861333370631,45.58572196184213,45.58572196184213,,21.211999893188477,21.211999893188477,22.009047644478933,22.009047644478933,25.793333295791868,25.793333295791868,,,25.409200019836426,,,43757531.691741944622000,66019196.60324823,,,,,,,
2025-01-03,,,,,,,21.799999237060547,22.639999389648438,21.350000381469727,22.569999694824220,1816000,,,,,22.569999694824220,,,,,,,,,,,,,,,,,,,,,,,,,,,,,,,,,,,,,,,,,,,,,,,,,,,,,,,,,,,,,,,,,,,,,,,,,,,,,,,,,,,,,,,,,,,,,,,,,,,,,,,,,,,,,,,,,,,,,,,,,,,,,,,,,,,,,,,,,,,,,0.8546588276074621,0.700806137526345,0.6537093127702496,,,,,-0.006202409613866819,,,,,,,,21.672017982464673,21.672017982464673,22.089225645280315,22.089225645280315,25.32962114200716,25.32962114200716,,,,,,,0.041154342779983484,,-0.9706117389324476,-0.9706117389324476,-1.30115125445614,-1.30115125445614,49.82981879519884,49.82981879519884,,21.607999801635742,21.607999801635742,21.928095227196103,21.928095227196103,25.74841266208225,25.74841266208225,,,25.28120002746582,,,40987119.445800783520000,64775590.90861366,,,,,,,
2025-01-06,,,,,,,23.100000381469727,23.610000610351562,22.479999542236328,22.479999542236328,2431000,,,,,22.479999542236328,,,,,,,,,,,,,,,,,,,,,,,,,,,,,,,,,,,,,,,,,,,,,,,,,,,,,,,,,,,,,,,,,,,,,,,,,,,,,,,,,,,,,,,,,,,,,,,,,,,,,,,,,,,,,,,,,,,,,,,,,,,,,,,,,,,,,,,,,,,,,0.8523302880507029,0.699570301652651,0.6478104906792413,,,,,-0.0257587398097919,,,,,,,,21.941345169055225,21.941345169055225,22.12475054500359,22.12475054500359,25.24057046701432,25.24057046701432,,,,,,,-0.003995572645805042,,-0.8207238222563653,-0.8207238222563653,-1.2050657680161851,-1.2050657680161851,49.419278844261,49.419278844261,,22.00799980163574,22.00799980163574,21.859999974568684,21.859999974568684,25.68507933238196,25.68507933238196,,,25.153400001525878,,,54648878.887176513368000,64113361.58142392,,,,,,,
2025-01-07,,,,,,,22.930000305175780,22.989999771118164,21.649999618530273,22.100000381469727,3519800,,,,,22.100000381469727,,,,,,,,,,,,,,,,,,,,,,,,,,,,,,,,,,,,,,,,,,,,,,,,,,,,,,,,,,,,,,,,,,,,,,,,,,,,,,,,,,,,,,,,,,,,,,,,,,,,,,,,,,,,,,,,,,,,,,,,,,,,,,,,,,,,,,,,,,,,,0.6296788436586744,0.6895039416012096,0.6450722818033481,,,,,-0.029418055615839465,,,,,,,,21.99423023986006,21.99423023986006,22.122500530136875,22.122500530136875,25.14242765184105,25.14242765184105,,,,,,,-0.017048378877556843,,-0.7242506146396046,-0.7242506146396046,-1.108902737340869,-1.108902737340869,47.63478758031661,47.63478758031661,,21.96800003051758,21.96800003051758,21.817142849876767,21.817142849876767,25.63031744578528,25.63031744578528,,,24.996000022888182,,,77787581.342697145094600,63896277.360374205,,,,,,,
2025-01-08,,,,,,,22.000000000000000,22.090000152587890,21.209999084472656,21.489999771118164,3516200,,,,,21.489999771118164,,,,,,,,,,,,,,,,,,,,,,,,,,,,,,,,,,,,,,,,,,,,,,,,,,,,,,,,,,,,,,,,,,,,,,,,,,,,,,,,,,,,,,,,,,,,,,,,,,,,,,,,,,,,,,,,,,,,,,,,,,,,,,,,,,,,,,,,,,,,,0.4736722587064601,0.6943776168585779,0.6444066093804219,,,,,-0.035153154956077994,,,,,,,,21.826153416946095,21.826153416946095,22.065000461135174,22.065000461135174,25.028289280568462,25.028289280568462,,,,,,,-0.027989925780982156,,-0.689073641809621,-0.689073641809621,-1.0249369182346195,-1.0249369182346195,44.83595595918237,44.83595595918237,,22.059999847412108,22.059999847412108,21.73714283534459,21.73714283534459,25.578571410406205,25.578571410406205,,,24.832800025939942,,,75563137.195205688256800,63872374.37934573,,,,,,,
2025-01-10,,,,,,,21.100000381469727,22.840000152587890,20.809999465942383,22.510000228881836,2801200,,,,,22.510000228881836,,,,,,,,,,,,,,,,,,,,,,,,,,,,,,,,,,,,,,,,,,,,,,,,,,,,,,,,,,,,,,,,,,,,,,,,,,,,,,,,,,,,,,,,,,,,,,,,,,,,,,,,,,,,,,,,,,,,,,,,,,,,,,,,,,,,,,,,,,,,,0.5405353497225885,0.7093847738032574,0.6485839917712014,,,,,-0.02118001600967906,,,,,,,,22.054102354258006,22.054102354258006,22.10545498547578,22.10545498547578,24.949592747703253,24.949592747703253,,,,,,,0.04637196508284935,,-0.5722930865023059,-0.5722930865023059,-0.9344081518881567,-0.9344081518881567,50.11414279014442,50.11414279014442,,22.229999923706053,22.229999923706053,21.678095227196103,21.678095227196103,25.531111096578933,25.531111096578933,,,24.665400047302246,,,63055012.641143799003200,63337985.69110992,,,,,,,
2025-01-13,,,,,,,22.379999160766600,23.440000534057617,22.079999923706055,22.819999694824220,3186100,,,,,22.819999694824220,,,,,,,,,,,,,,,,,,,,,,,,,,,,,,,,,,,,,,,,,,,,,,,,,,,,,,,,,,,,,,,,,,,,,,,,,,,,,,,,,,,,,,,,,,,,,,,,,,,,,,,,,,,,,,,,,,,,,,,,,,,,,,,,,,,,,,,,,,,,,0.46303629873213786,0.710016314445728,0.6479668877950904,,,,,-0.0009808902279913548,,,,,,,,22.309401467780077,22.309401467780077,22.170413595416548,22.170413595416548,24.883042964800783,24.883042964800783,,,,,,,0.013677665974109934,,-0.44954718877607647,-0.44954718877607647,-0.8374359592657407,-0.8374359592657407,51.62895702087555,51.62895702087555,,22.279999923706054,22.279999923706054,21.620952333722794,21.620952333722794,25.480793635050457,25.480793635050457,,,24.50560005187988,,,72706801.027679447342000,63371810.3998275,,,,,,,
2025-01-14,,,,,,,22.979999542236328,23.409999847412110,22.579999923706055,23.200000762939453,2068800,,,,,23.200000762939453,,,,,,,,,,,,,,,,,,,,,,,,,,,,,,,,,,,,,,,,,,,,,,,,,,,,,,,,,,,,,,,,,,,,,,,,,,,,,,,,,,,,,,,,,,,,,,,,,,,,,,,,,,,,,,,,,,,,,,,,,,,,,,,,,,,,,,,,,,,,,0.46859948956463515,0.712770587194522,0.6448525013974142,,,,,0.021084963708866977,,,,,,,,22.60626789949987,22.60626789949987,22.26401242882772,22.26401242882772,24.830447895992616,24.830447895992616,,,,,,,0.016514980496827317,,-0.31794222998107813,-0.31794222998107813,-0.7335372134088082,-0.7335372134088082,53.49321829971333,53.49321829971333,,22.42400016784668,22.42400016784668,21.58999997093564,21.58999997093564,25.42206349448552,25.42206349448552,,,24.367200050354004,,,47996161.578369140366400,63220079.00926499,,,,,,,
2025-01-15,,,,,,,23.780000686645508,23.989999771118164,23.274000167846680,23.459999084472656,2476100,,,,,23.459999084472656,,,,,,,,,,,,,,,,,,,,,,,,,,,,,,,,,,,,,,,,,,,,,,,,,,,,,,,,,,,,,,,,,,,,,,,,,,,,,,,,,,,,,,,,,,,,,,,,,,,,,,,,,,,,,,,,,,,,,,,,,,,,,,,,,,,,,,,,,,,,,0.42034050299734327,0.7132683307509269,0.6354168819030729,,,,,0.011043170295306977,,,,,,,,22.890844961157466,22.890844961157466,22.372738488431807,22.372738488431807,24.787621370632618,24.787621370632618,,,,,,,0.011144492642707757,,-0.19046905165778227,-0.19046905165778227,-0.624923581058603,-0.624923581058603,54.77745977495221,54.77745977495221,,22.695999908447266,22.695999908447266,21.58285704113188,21.58285704113188,25.34396825517927,25.34396825517927,,,24.241600036621094,,,58089303.733062743521600,62721239.491489954,,,,,,,
2025-01-16,,,,,,,23.600000381469727,23.649999618530273,23.040000915527344,23.049999237060547,2162900,,,,,23.049999237060547,,,,,,,,,,,,,,,,,,,,,,,,,,,,,,,,,,,,,,,,,,,,,,,,,,,,,,,,,,,,,,,,,,,,,,,,,,,,,,,,,,,,,,,,,,,,,,,,,,,,,,,,,,,,,,,,,,,,,,,,,,,,,,,,,,,,,,,,,,,,,0.3605165313489877,0.7109377227141666,0.6354091944108553,,,,,-0.005921629580249729,,,,,,,,22.943896386458494,22.943896386458494,22.434307647398054,22.434307647398054,24.733320678958492,24.733320678958492,,,,,,,-0.017631067856961218,,-0.12113285644980465,-0.12113285644980465,-0.5241654361368433,-0.5241654361368433,52.32372891162931,52.32372891162931,,23.00799980163574,23.00799980163574,21.58285704113188,21.58285704113188,25.25428569127643,25.25428569127643,,,24.086800003051756,,,49854843.349838257106300,62262815.06699456,,,,,,,
2025-01-17,,,,,,,23.059999465942383,23.319999694824220,22.659999847412110,22.790000915527344,1856100,,,,,22.790000915527344,,,,,,,,,,,,,,,,,,,,,,,,,,,,,,,,,,,,,,,,,,,,,,,,,,,,,,,,,,,,,,,,,,,,,,,,,,,,,,,,,,,,,,,,,,,,,,,,,,,,,,,,,,,,,,,,,,,,,,,,,,,,,,,,,,,,,,,,,,,,,0.25011740641399294,0.7026520783771857,0.6351678016806107,,,,,-0.031862187572228945,,,,,,,,22.89259789614811,22.89259789614811,22.466643399046173,22.466643399046173,24.672591936351267,24.672591936351267,,,,,,,-0.01134385291341187,,-0.08616980201942681,-0.08616980201942681,-0.43656630931336,-0.43656630931336,50.770595276554936,50.770595276554936,,23.063999938964844,23.063999938964844,21.53571419488816,21.53571419488816,25.15682538350423,25.15682538350423,,,23.95000003814697,,,42300520.699310303198400,61964270.32183087,,,,,,,
2025-01-21,,,,,,,22.790000915527344,23.600000381469727,22.165000915527344,23.590000152587890,2233800,,,,,23.590000152587890,,,,,,,,,,,,,,,,,,,,,,,,,,,,,,,,,,,,,,,,,,,,,,,,,,,,,,,,,,,,,,,,,,,,,,,,,,,,,,,,,,,,,,,,,,,,,,,,,,,,,,,,,,,,,,,,,,,,,,,,,,,,,,,,,,,,,,,,,,,,,0.3373608931337522,0.6147076365521033,0.6370260438531055,,,,,0.025157615672420332,,,,,,,,23.12506531496137,23.12506531496137,22.568766740277237,22.568766740277237,24.63876094310866,24.63876094310866,,,,,,,0.03450101645799354,,0.006022499445325735,0.006022499445325735,-0.34804854756162285,-0.34804854756162285,55.17912876458143,55.17912876458143,,23.21800003051758,23.21800003051758,21.634761810302734,21.634761810302734,25.05999998062376,25.05999998062376,,,23.82180004119873,,,52695342.340850828682000,62011515.836854964,,,,,,,
2025-01-22,,,,,,,23.719999313354492,23.879999160766600,23.120000839233400,23.120000839233400,1402100,,,,,23.120000839233400,,,,,,,,,,,,,,,,,,,,,,,,,,,,,,,,,,,,,,,,,,,,,,,,,,,,,,,,,,,,,,,,,,,,,,,,,,,,,,,,,,,,,,,,,,,,,,,,,,,,,,,,,,,,,,,,,,,,,,,,,,,,,,,,,,,,,,,,,,,,,0.368606571211683,0.5814196964883218,0.6375968915119751,,,,,0.048867307353244606,,,,,,,,23.12337715638538,23.12337715638538,22.618878931091434,22.618878931091434,24.59129968986256,24.59129968986256,,,,,,,-0.02012481978471451,,0.040691479875807346,0.040691479875807346,-0.27030054207413684,-0.27030054207413684,52.22041976794601,52.22041976794601,,23.202000045776366,23.202000045776366,21.76761899675642,21.76761899675642,24.961904767959837,24.961904767959837,,,23.664200057983397,,,32416553.176689150140000,61675573.68720221,,,,,,,
2025-01-23,,,,,,,23.040000915527344,23.065000534057617,21.639999389648438,21.700000762939453,2236900,,,,,21.700000762939453,,,,,,,,,,,,,,,,,,,,,,,,,,,,,,,,,,,,,,,,,,,,,,,,,,,,,,,,,,,,,,,,,,,,,,,,,,,,,,,,,,,,,,,,,,,,,,,,,,,,,,,,,,,,,,,,,,,,,,,,,,,,,,,,,,,,,,,,,,,,,0.5519849107722524,0.5685612090768485,0.6485006309763206,,,,,0.07024054712193599,,,,,,,,22.64891835857007,22.64891835857007,22.535344552168528,22.535344552168528,24.50094659839621,24.50094659839621,,,,,,,-0.06338578439828504,,-0.04588629344998196,-0.04588629344998196,-0.22541769234930584,-0.22541769234930584,44.46323253225514,44.46323253225514,,22.850000381469727,22.850000381469727,21.89952378045945,21.89952378045945,24.84666669936407,24.84666669936407,,,23.46140007019043,,,48540731.706619262415700,61173982.040220596,,,,,,,
2025-01-24,,,,,,,21.690000534057617,21.870000839233400,21.250000000000000,21.590000152587890,1693600,,,,,21.590000152587890,,,,,,,,,,,,,,,,,,,,,,,,,,,,,,,,,,,,,,,,,,,,,,,,,,,,,,,,,,,,,,,,,,,,,,,,,,,,,,,,,,,,,,,,,,,,,,,,,,,,,,,,,,,,,,,,,,,,,,,,,,,,,,,,,,,,,,,,,,,,,0.5562444211328986,0.5694710122863326,0.6484238973936367,,,,,0.05688667969982282,,,,,,,,22.295945623242677,22.295945623242677,22.44940415220665,22.44940415220665,24.409979521964704,24.409979521964704,,,,,,,-0.005082044110671245,,-0.12196993897885733,-0.12196993897885733,-0.20472814167521614,-0.20472814167521614,43.91897119502837,43.91897119502837,,22.558000564575195,22.558000564575195,22.01476187933059,22.01476187933059,24.72952385554238,24.72952385554238,,,23.22520004272461,,,36564824.258422850504000,61257241.69102623,,,,,,,
2025-01-27,,,,,,,21.450000762939453,21.600000381469727,21.010000228881836,21.530000686645508,2124100,,,,,21.530000686645508,,,,,,,,,,,,,,,,,,,,,,,,,,,,,,,,,,,,,,,,,,,,,,,,,,,,,,,,,,,,,,,,,,,,,,,,,,,,,,,,,,,,,,,,,,,,,,,,,,,,,,,,,,,,,,,,,,,,,,,,,,,,,,,,,,,,,,,,,,,,,0.561232626749125,0.5553546963990302,0.6484304180492731,,,,,0.043256272771474834,,,,,,,,22.040630644376954,22.040630644376954,22.36582201897382,22.36582201897382,24.31998018336098,24.31998018336098,,,,,,,-0.0027829083254717526,,-0.18497594413814866,-0.18497594413814866,-0.20077770216780264,-0.20077770216780264,43.60543760622274,43.60543760622274,,22.30600051879883,22.30600051879883,22.089047659011115,22.089047659011115,24.61301591661241,24.61301591661241,,,23.01020008087158,,,45731874.458503723542800,60449276.73308054,,,,,,,
2025-01-28,,,,,,,21.629999160766600,21.742000579833984,19.760000228881836,19.889999389648438,2212800,,,,,19.889999389648438,,,,,,,,,,,,,,,,,,,,,,,,,,,,,,,,,,,,,,,,,,,,,,,,,,,,,,,,,,,,,,,,,,,,,,,,,,,,,,,,,,,,,,,,,,,,,,,,,,,,,,,,,,,,,,,,,,,,,,,,,,,,,,,,,,,,,,,,,,,,,0.556316282260699,0.6245670038469368,0.6595463228540224,,,,,0.006867668587563384,,,,,,,,21.32375355946745,21.32375355946745,22.140747234489695,22.140747234489695,24.18154328355746,24.18154328355746,,,,,,,-0.07923028108924303,,-0.36305794971698546,-0.36305794971698546,-0.2332337516776392,-0.2332337516776392,36.03331519526807,36.03331519526807,,21.566000366210936,21.566000366210936,22.092857179187593,22.092857179187593,24.45301591782343,24.45301591782343,,,22.783200073242188,,,44012590.649414063606400,60441406.01354326,,,,,,,
2025-01-29,,,,,,,20.040000915527344,20.128000259399414,19.379999160766600,19.530000686645508,1896900,,,,,19.530000686645508,,,,,,,,,,,,,,,,,,,,,,,,,,,,,,,,,,,,,,,,,,,,,,,,,,,,,,,,,,,,,,,,,,,,,,,,,,,,,,,,,,,,,,,,,,,,,,,,,,,,,,,,,,,,,,,,,,,,,,,,,,,,,,,,,,,,,,,,,,,,,0.5594117014920114,0.6114159879255857,0.6599143548771372,,,,,-0.051907914949743734,,,,,,,,20.72583593519347,20.72583593519347,21.903406639231132,21.903406639231132,24.036182577403963,24.036182577403963,,,,,,,-0.01826528213244018,,-0.5271613212822075,-0.5271613212822075,-0.29201926559855285,-0.29201926559855285,34.612456693503376,34.612456693503376,,20.84800033569336,20.84800033569336,22.042381014142716,22.042381014142716,24.292381014142716,24.292381014142716,,,22.581200103759766,,,37046458.302497864125200,60426044.01023501,,,,,,,
2025-01-30,,,,,,,19.659999847412110,20.034999847412110,18.989999771118164,20.010000228881836,1899200,,,,,20.010000228881836,,,,,,,,,,,,,,,,,,,,,,,,,,,,,,,,,,,,,,,,,,,,,,,,,,,,,,,,,,,,,,,,,,,,,,,,,,,,,,,,,,,,,,,,,,,,,,,,,,,,,,,,,,,,,,,,,,,,,,,,,,,,,,,,,,,,,,,,,,,,,0.6106719581404569,0.6182627474328367,0.6559489326486252,,,,,-0.03551755964850083,,,,,,,,20.487224033089593,20.487224033089593,21.73127878374483,21.73127878374483,23.910364379012645,23.910364379012645,,,,,,,0.024280379986927413,,-0.6114342406915831,-0.6114342406915831,-0.3559022606171589,-0.3559022606171589,38.11632119712683,38.11632119712683,,20.510000228881836,20.510000228881836,22.02000009445917,22.02000009445917,24.119841348557244,24.119841348557244,,,22.45320011138916,,,38002992.434692382931200,60556557.045854844,,,,,,,
2025-01-31,,,,,,,19.899999618530273,21.350000381469727,19.642000198364258,20.969999313354492,2993500,,,,,20.969999313354492,,,,,,,,,,,,,,,,,,,,,,,,,,,,,,,,,,,,,,,,,,,,,,,,,,,,,,,,,,,,,,,,,,,,,,,,,,,,,,,,,,,,,,,,,,,,,,,,,,,,,,,,,,,,,,,,,,,,,,,,,,,,,,,,,,,,,,,,,,,,,0.7627392142643612,0.5627089731822084,0.6646564512573144,,,,,-0.08782763949091747,,,,,,,,20.648149126511225,20.648149126511225,21.66207155916389,21.66207155916389,23.81847797071083,23.81847797071083,,,,,,,0.0468606521356309,,-0.5939109971291252,-0.5939109971291252,-0.40350400791955215,-0.40350400791955215,44.5196546407756,44.5196546407756,,20.386000061035155,20.386000061035155,21.956666764758882,21.956666764758882,23.96365086994474,23.96365086994474,,,22.36860008239746,,,62773692.944526671802000,60822572.26398408,,,,,,,
2025-02-03,,,,,,,20.129999160766600,20.659999847412110,19.620000839233400,20.399999618530273,1622400,,,,,20.399999618530273,,,,,,,,,,,,,,,,,,,,,,,,,,,,,,,,,,,,,,,,,,,,,,,,,,,,,,,,,,,,,,,,,,,,,,,,,,,,,,,,,,,,,,,,,,,,,,,,,,,,,,,,,,,,,,,,,,,,,,,,,,,,,,,,,,,,,,,,,,,,,0.7766611838816871,0.5334811894451372,0.6652252065543712,,,,,-0.02924776997395679,,,,,,,,20.565432623850906,20.565432623850906,21.547337746379018,21.547337746379018,23.711650522205186,23.711650522205186,,,,,,,-0.027557930018971367,,-0.6188838047840726,-0.6188838047840726,-0.44657996729245625,-0.44657996729245625,41.75687366066252,41.75687366066252,,20.15999984741211,20.15999984741211,21.926666713896253,21.926666713896253,23.809365136282786,23.809365136282786,,,22.321200065612793,,,33096959.381103514915200,60867578.52649083,,,,,,,
2025-02-04,,,,,,,20.399999618530273,21.049999237060547,20.200000762939453,20.500000000000000,1706100,,,,,20.500000000000000,,,,,,,,,,,,,,,,,,,,,,,,,,,,,,,,,,,,,,,,,,,,,,,,,,,,,,,,,,,,,,,,,,,,,,,,,,,,,,,,,,,,,,,,,,,,,,,,,,,,,,,,,,,,,,,,,,,,,,,,,,,,,,,,,,,,,,,,,,,,,0.4841026905713459,0.5221712128913878,0.6654553499739883,,,,,-0.06692735953501931,,,,,,,,20.54362174923394,20.54362174923394,21.452125223980925,21.452125223980925,23.611286443386273,23.611286443386273,,,,,,,0.004890003993688467,,-0.623419349527154,-0.623419349527154,-0.4819478437393958,-0.4819478437393958,42.43185017164751,42.43185017164751,,20.28199996948242,20.28199996948242,21.871428625924246,21.871428625924246,23.66269847324916,23.66269847324916,,,22.29240005493164,,,34975050.000000000000000,60902665.705096535,,,,,,,
2025-02-05,,,,,,,21.799999237060547,23.040000915527344,20.899999618530273,22.680000305175780,4632800,,,,,22.680000305175780,,,,,,,,,,,,,,,,,,,,,,,,,,,,,,,,,,,,,,,,,,,,,,,,,,,,,,,,,,,,,,,,,,,,,,,,,,,,,,,,,,,,,,,,,,,,,,,,,,,,,,,,,,,,,,,,,,,,,,,,,,,,,,,,,,,,,,,,,,,,,0.7658403121464711,0.6179060036129242,0.6945139934980064,,,,,-0.03448948829590227,,,,,,,,21.255747934547884,21.255747934547884,21.563750231362274,21.563750231362274,23.582183751567197,23.582183751567197,,,,,,,0.10105860617091111,,-0.4459651867388814,-0.4459651867388814,-0.4747513123392929,-0.4747513123392929,54.74457580557946,54.74457580557946,,20.911999893188476,20.911999893188476,21.8766667502267,21.8766667502267,23.533968304830886,23.533968304830886,,,22.297800064086914,,,105071905.413818353584000,62102758.951726034,,,,,,,
2025-02-06,,,,,,,23.360000610351562,24.299999237060547,22.350000381469727,22.840000152587890,2796500,,,,,22.840000152587890,,,,,,,,,,,,,,,,,,,,,,,,,,,,,,,,,,,,,,,,,,,,,,,,,,,,,,,,,,,,,,,,,,,,,,,,,,,,,,,,,,,,,,,,,,,,,,,,,,,,,,,,,,,,,,,,,,,,,,,,,,,,,,,,,,,,,,,,,,,,,0.7834141561552153,0.6181359868997661,0.6915311377544866,,,,,-0.013867037350213274,,,,,,,,21.783832007227886,21.783832007227886,21.679772951473694,21.679772951473694,23.558990514099094,23.558990514099094,,,,,,,0.007029899153266697,,-0.2890884025757181,-0.2890884025757181,-0.43761873038657795,-0.43761873038657795,55.49690828413087,55.49690828413087,,21.477999877929687,21.477999877929687,21.893809636433918,21.893809636433918,23.426190542796302,23.426190542796302,,,22.259400062561035,,,63872060.426712034385000,62746179.15946718,,,,,,,
2025-02-07,,,,,,,22.600000381469727,22.709999084472656,21.709999084472656,22.159999847412110,1815600,,,,,22.159999847412110,,,,,,,,,,,,,,,,,,,,,,,,,,,,,,,,,,,,,,,,,,,,,,,,,,,,,,,,,,,,,,,,,,,,,,,,,,,,,,,,,,,,,,,,,,,,,,,,,,,,,,,,,,,,,,,,,,,,,,,,,,,,,,,,,,,,,,,,,,,,,0.8455993993038441,0.6245697423835833,0.6926422370236726,,,,,0.005400969111106735,,,,,,,,21.909221287289295,21.909221287289295,21.72342994201355,21.72342994201355,23.515272055765124,23.515272055765124,,,,,,,-0.030224536475192364,,-0.2171298250536431,-0.2171298250536431,-0.393520949319991,-0.393520949319991,51.572857758965526,51.572857758965526,,21.71599998474121,21.71599998474121,21.896666753859748,21.896666753859748,23.301746095929825,23.301746095929825,,,22.214000053405762,,,40233695.722961426916000,63046523.53602213,,,,,,,
2025-02-10,,,,,,,21.850000381469727,22.399999618530273,21.200000762939453,22.100000381469727,1991200,,,,,22.100000381469727,,,,,,,,,,,,,,,,,,,,,,,,,,,,,,,,,,,,,,,,,,,,,,,,,,,,,,,,,,,,,,,,,,,,,,,,,,,,,,,,,,,,,,,,,,,,,,,,,,,,,,,,,,,,,,,,,,,,,,,,,,,,,,,,,,,,,,,,,,,,,0.7907703577570085,0.6163140747269766,0.6884360689645966,,,,,0.05314235239178162,,,,,,,,21.972814318682772,21.972814318682772,21.757663618327747,21.757663618327747,23.471044815943394,23.471044815943394,,,,,,,-0.002711229208567294,,-0.16306389037443836,-0.16306389037443836,-0.34742953753088046,-0.34742953753088046,51.22866494436012,51.22866494436012,,22.0560001373291,22.0560001373291,21.925714401971724,21.925714401971724,23.16047626071506,23.16047626071506,,,22.159800071716308,,,44005520.759582520402400,63090087.3576028,,,,,,,
2025-02-11,,,,,,,22.299999237060547,22.299999237060547,20.670000076293945,20.729999542236328,2519000,,,,,20.729999542236328,,,,,,,,,,,,,,,,,,,,,,,,,,,,,,,,,,,,,,,,,,,,,,,,,,,,,,,,,,,,,,,,,,,,,,,,,,,,,,,,,,,,,,,,,,,,,,,,,,,,,,,,,,,,,,,,,,,,,,,,,,,,,,,,,,,,,,,,,,,,,0.9802971746930664,0.6330478793088145,0.6951200299166613,,,,,-0.03541923901132844,,,,,,,,21.558542726533958,21.558542726533958,21.66423961141035,21.66423961141035,23.385387151140048,23.385387151140048,,,,,,,-0.06399572141927648,,-0.22813407812445874,-0.22813407812445874,-0.32357044564959614,-0.32357044564959614,44.006669130729016,44.006669130729016,,22.102000045776368,22.102000045776368,21.840952464512416,21.840952464512416,22.984127044677734,22.984127044677734,,,22.082200050354004,,,52218868.846893310232000,63242333.01859659,,,,,,,
2025-02-12,,,,,,,20.600000381469727,21.149999618530273,20.479999542236328,20.489999771118164,1803700,,,,,20.489999771118164,,,,,,,,,,,,,,,,,,,,,,,,,,,,,,,,,,,,,,,,,,,,,,,,,,,,,,,,,,,,,,,,,,,,,,,,,,,,,,,,,,,,,,,,,,,,,,,,,,,,,,,,,,,,,,,,,,,,,,,,,,,,,,,,,,,,,,,,,,,,,0.4446994927634337,0.6302484305303436,0.6862374996491613,,,,,-0.0804942189303773,,,,,,,,21.20236174139536,21.20236174139536,21.557490535020147,21.557490535020147,23.294906295514366,23.294906295514366,,,,,,,-0.011644953285112322,,-0.29566045678561537,-0.29566045678561537,-0.3179884478768,-0.3179884478768,42.866582806151364,42.866582806151364,,21.663999938964842,21.663999938964842,21.73000008719308,21.73000008719308,22.779206381903755,22.779206381903755,,,22.014000053405763,,,36957812.587165832406800,63084728.10502733,,,,,,,
2025-02-13,,,,,,,20.620000839233400,20.756000518798828,19.629999160766600,19.809999465942383,1804800,,,,,19.809999465942383,,,,,,,,,,,,,,,,,,,,,,,,,,,,,,,,,,,,,,,,,,,,,,,,,,,,,,,,,,,,,,,,,,,,,,,,,,,,,,,,,,,,,,,,,,,,,,,,,,,,,,,,,,,,,,,,,,,,,,,,,,,,,,,,,,,,,,,,,,,,,0.3756285007807217,0.6325476721621948,0.686181990092808,,,,,-0.129992125821874,,,,,,,,20.738240982911034,20.738240982911034,21.398627710558532,21.398627710558532,23.18600295709024,23.18600295709024,,,,,,,-0.03375011732892382,,-0.3994414278670888,-0.3994414278670888,-0.33427904387485774,-0.33427904387485774,39.72622254594164,39.72622254594164,,21.05799980163574,21.05799980163574,21.568571454002743,21.568571454002743,22.58126988486638,22.58126988486638,,,21.923200035095213,,,35753087.036132812838400,63136269.82352544,,,,,,,
2025-02-14,,,,,,,19.940000534057617,20.100000381469727,19.350000381469727,19.799999237060547,1479100,,,,,19.799999237060547,,,,,,,,,,,,,,,,,,,,,,,,,,,,,,,,,,,,,,,,,,,,,,,,,,,,,,,,,,,,,,,,,,,,,,,,,,,,,,,,,,,,,,,,,,,,,,,,,,,,,,,,,,,,,,,,,,,,,,,,,,,,,,,,,,,,,,,,,,,,,0.42311356960414825,0.629495972439168,0.6844355559863033,,,,,-0.09978354499984078,,,,,,,,20.425493734294204,20.425493734294204,21.253297849331442,21.253297849331442,23.080190340839312,23.080190340839312,,,,,,,-0.0005049345832747128,,-0.4769970054871173,-0.4769970054871173,-0.36282263619730964,-0.36282263619730964,39.68018419024911,39.68018419024911,,20.58599967956543,20.58599967956543,21.39428574698312,21.39428574698312,22.399682574801975,22.399682574801975,,,21.842000007629395,,,29286178.871536255067700,62980098.44508398,,,,,,,
2025-02-18,,,,,,,20.989999771118164,21.950000762939453,20.500000000000000,21.729999542236328,2714800,,,,,21.729999542236328,,,,,,,,,,,,,,,,,,,,,,,,,,,,,,,,,,,,,,,,,,,,,,,,,,,,,,,,,,,,,,,,,,,,,,,,,,,,,,,,,,,,,,,,,,,,,,,,,,,,,,,,,,,,,,,,,,,,,,,,,,,,,,,,,,,,,,,,,,,,,0.9379597245920805,0.7186992109679402,0.7067164768295079,,,,,-0.010907964068867685,,,,,,,,20.860329003608246,20.860329003608246,21.29663436686825,21.29663436686825,23.03799687838297,23.03799687838297,,,,,,,0.09301187403416822,,-0.378363920810866,-0.378363920810866,-0.3659308931200209,-0.3659308931200209,51.388918192200514,51.388918192200514,,20.51199951171875,20.51199951171875,21.33142861865816,21.33142861865816,22.274285755460223,22.274285755460223,,,21.791199989318848,,,58992602.757263183254400,63119865.273318216,,,,,,,
2025-02-19,,,,,,,21.040000915527344,21.600000381469727,20.819999694824220,21.219999313354492,2395600,,,,,21.219999313354492,,,,,,,,,,,,,,,,,,,,,,,,,,,,,,,,,,,,,,,,,,,,,,,,,,,,,,,,,,,,,,,,,,,,,,,,,,,,,,,,,,,,,,,,,,,,,,,,,,,,,,,,,,,,,,,,,,,,,,,,,,,,,,,,,,,,,,,,,,,,,0.8087055915312864,0.7218336956874184,0.6716107427664707,,,,,0.01502399594559205,,,,,,,,20.980219106856996,20.980219106856996,21.289667543821547,21.289667543821547,22.98118445447583,22.98118445447583,,,,,,,-0.02374967237493716,,-0.3374592269062475,-0.3374592269062475,-0.3602365598772662,-0.3602365598772662,48.698832236774436,48.698832236774436,,20.609999465942384,20.609999465942384,21.256666637602308,21.256666637602308,22.191904794602166,22.191904794602166,,,21.737399978637697,,,50834630.355072021035200,62876442.66597506,,,,,,,
2025-02-20,,,,,,,21.139999389648438,21.200000762939453,20.069999694824220,20.750000000000000,1941100,,,,,20.750000000000000,,,,,,,,,,,,,,,,,,,,,,,,,,,,,,,,,,,,,,,,,,,,,,,,,,,,,,,,,,,,,,,,,,,,,,,,,,,,,,,,,,,,,,,,,,,,,,,,,,,,,,,,,,,,,,,,,,,,,,,,,,,,,,,,,,,,,,,,,,,,,0.8257966456563,0.7110209196157895,0.6669431301592789,,,,,-0.024448587457982666,,,,,,,,20.90347940457133,20.90347940457133,21.240606858019586,21.240606858019586,22.91145994027346,22.91145994027346,,,,,,,-0.022397854150717027,,-0.33905852332371467,-0.33905852332371467,-0.3560009525665559,-0.3560009525665559,46.2937465840909,46.2937465840909,,20.66199951171875,20.66199951171875,21.121428535098122,21.121428535098122,22.121269861857098,22.121269861857098,,,21.692399978637695,,,40277825.000000000000000,62462933.18965548,,,,,,,
2025-02-21,,,,,,,21.200000762939453,21.200000762939453,19.780000686645508,20.000000000000000,1991700,,,,,20.000000000000000,,,,,,,,,,,,,,,,,,,,,,,,,,,,,,,,,,,,,,,,,,,,,,,,,,,,,,,,,,,,,,,,,,,,,,,,,,,,,,,,,,,,,,,,,,,,,,,,,,,,,,,,,,,,,,,,,,,,,,,,,,,,,,,,,,,,,,,,,,,,,0.8345153448156079,0.7174872236086355,0.6402190665247335,,,,,-0.023541776626783938,,,,,,,,20.602319603047555,20.602319603047555,21.127824416381443,21.127824416381443,22.820476817139912,22.820476817139912,,,,,,,-0.036813973122716316,,-0.39627667837074654,-0.39627667837074654,-0.36405609772739406,-0.36405609772739406,42.67211020798762,42.67211020798762,,20.699999618530274,20.699999618530274,20.972857066563197,20.972857066563197,22.077301600622754,22.077301600622754,,,21.628999977111818,,,39834000.000000000000000,61976199.881444655,,,,,,,
2025-02-24,,,,,,,20.239999771118164,20.290000915527344,19.670000076293945,19.809999465942383,1366400,,,,,19.809999465942383,,,,,,,,,,,,,,,,,,,,,,,,,,,,,,,,,,,,,,,,,,,,,,,,,,,,,,,,,,,,,,,,,,,,,,,,,,,,,,,,,,,,,,,,,,,,,,,,,,,,,,,,,,,,,,,,,,,,,,,,,,,,,,,,,,,,,,,,,,,,,0.8386208390367679,0.6877055801243461,0.636442608552899,,,,,0.004623139539376571,,,,,,,,20.338212890679163,20.338212890679163,21.00802214815971,21.00802214815971,22.726399399914992,22.726399399914992,,,,,,,-0.009545439802523072,,-0.45174648144215723,-0.45174648144215723,-0.38159417447034666,-0.38159417447034666,41.78038067941884,41.78038067941884,,20.70199966430664,20.70199966430664,20.882857004801433,20.882857004801433,22.04349205985902,22.04349205985902,,,21.550199966430664,,,27068383.270263672131200,60915294.912943766,,,,,,,
2025-02-25,,,,,,,19.690000534057617,20.229999542236328,19.350000381469727,20.120000839233400,1846900,,,,,20.120000839233400,,,,,,,,,,,,,,,,,,,,,,,,,,,,,,,,,,,,,,,,,,,,,,,,,,,,,,,,,,,,,,,,,,,,,,,,,,,,,,,,,,,,,,,,,,,,,,,,,,,,,,,,,,,,,,,,,,,,,,,,,,,,,,,,,,,,,,,,,,,,,0.31430268547006607,0.6911224797343122,0.6357172096095456,,,,,0.03141707254702959,,,,,,,,20.265475540197244,20.265475540197244,20.927292938257317,20.927292938257317,22.64494944489369,22.64494944489369,,,,,,,0.015527553191471092,,-0.4653281665325295,-0.4653281665325295,-0.39834097288278325,-0.39834097288278325,43.8423922895155,43.8423922895155,,20.379999923706055,20.379999923706055,20.812857037498837,20.812857037498837,22.007142869253006,22.007142869253006,,,21.472199974060057,,,37159629.549980166460000,60636974.02282291,,,,,,,
2025-02-26,,,,,,,20.309999465942383,20.899999618530273,19.840000152587890,19.950000762939453,1202100,,,,,19.950000762939453,,,,,,,,,,,,,,,,,,,,,,,,,,,,,,,,,,,,,,,,,,,,,,,,,,,,,,,,,,,,,,,,,,,,,,,,,,,,,,,,,,,,,,,,,,,,,,,,,,,,,,,,,,,,,,,,,,,,,,,,,,,,,,,,,,,,,,,,,,,,,0.30734757578682975,0.6913449583576196,0.6014556842013534,,,,,-0.025575818126974677,,,,,,,,20.16031728111131,20.16031728111131,20.838448195046603,20.838448195046603,22.56073229858262,22.56073229858262,,,,,,,-0.008485205364488222,,-0.4842274624583176,-0.4842274624583176,-0.4155182707978901,-0.4155182707978901,42.94414505691074,42.94414505691074,,20.126000213623048,20.126000213623048,20.737618945893786,20.737618945893786,21.930793671380904,21.930793671380904,,,21.394199981689454,,,23981895.917129516451300,59881037.12211185,,,,,,,
2025-02-27,,,,,,,19.950000762939453,20.149999618530273,19.170000076293945,19.239999771118164,1592500,,,,,19.239999771118164,,,,,,,,,,,,,,,,,,,,,,,,,,,,,,,,,,,,,,,,,,,,,,,,,,,,,,,,,,,,,,,,,,,,,,,,,,,,,,,,,,,,,,,,,,,,,,,,,,,,,,,,,,,,,,,,,,,,,,,,,,,,,,,,,,,,,,,,,,,,,0.3487839355065917,0.6467080458333322,0.6047189438433946,,,,,-0.013268695021975254,,,,,,,,19.853544777780264,19.853544777780264,20.6931347019622,20.6931347019622,22.456959407099358,22.456959407099358,,,,,,,-0.0362377482370358,,-0.550154597218306,-0.550154597218306,-0.4424455360819733,-0.4424455360819733,39.32073264313049,39.32073264313049,,19.82400016784668,19.82400016784668,20.70666658310663,20.70666658310663,21.848412710522847,21.848412710522847,,,21.306799964904783,,,30639699.635505676170000,59798511.55366443,,,,,,,
2025-02-28,,,,,,,19.020000457763672,19.788999557495117,18.809999465942383,19.639999389648438,2081000,,,,,19.639999389648438,,,,,,,,,,,,,,,,,,,,,,,,,,,,,,,,,,,,,,,,,,,,,,,,,,,,,,,,,,,,,,,,,,,,,,,,,,,,,,,,,,,,,,,,,,,,,,,,,,,,,,,,,,,,,,,,,,,,,,,,,,,,,,,,,,,,,,,,,,,,,0.36154287748185704,0.6480787262938773,0.6054703768954286,,,,,0.0452457966856247,,,,,,,,19.78236298173632,19.78236298173632,20.597395128115494,20.597395128115494,22.368929406554017,22.368929406554017,,,,,,,0.02057683850794077,,-0.5636285412390301,-0.5636285412390301,-0.46668213711338463,-0.46668213711338463,42.275733006789956,42.275733006789956,,19.752000045776366,19.752000045776366,20.711904616582963,20.711904616582963,21.76634921724834,21.76634921724834,,,21.238599967956542,,,40870838.729858399478000,59875798.037868075,,,,,,,
2025-03-03,,,,,,,19.770000457763672,19.856000900268555,18.440000534057617,18.440000534057617,1986200,,,,,18.440000534057617,,,,,,,,,,,,,,,,,,,,,,,,,,,,,,,,,,,,,,,,,,,,,,,,,,,,,,,,,,,,,,,,,,,,,,,,,,,,,,,,,,,,,,,,,,,,,,,,,,,,,,,,,,,,,,,,,,,,,,,,,,,,,,,,,,,,,,,,,,,,,0.5610983382859343,0.6772543006858143,0.6169538137428849,,,,,-0.04053129529385585,,,,,,,,19.334908832510088,19.334908832510088,20.401268346837504,20.401268346837504,22.246150379288505,22.246150379288505,,,,,,,-0.06304602475899876,,-0.6634883372427005,-0.6634883372427005,-0.5060433771392479,-0.5060433771392479,36.52854365391958,36.52854365391958,,19.478000259399415,19.478000259399415,20.637142726353236,20.637142726353236,21.668412708100817,21.668412708100817,,,21.131799964904786,,,36625529.060745238885400,60028238.48851219,,,,,,,
2025-03-04,,,,,,,18.040000915527344,19.260000228881836,17.819999694824220,18.709999084472656,2193100,,,,,18.709999084472656,,,,,,,,,,,,,,,,,,,,,,,,,,,,,,,,,,,,,,,,,,,,,,,,,,,,,,,,,,,,,,,,,,,,,,,,,,,,,,,,,,,,,,,,,,,,,,,,,,,,,,,,,,,,,,,,,,,,,,,,,,,,,,,,,,,,,,,,,,,,,0.5578079312395201,0.6556451828685369,0.6160481505171989,,,,,-0.06757942241458281,,,,,,,,19.126605583164277,19.126605583164277,20.247516595713428,20.247516595713428,22.135645651325508,22.135645651325508,,,,,,,0.014535844263125597,,-0.712626602600011,-0.712626602600011,-0.5473600222314005,-0.5473600222314005,38.552647632225934,38.552647632225934,,19.195999908447266,19.195999908447266,20.529523667835054,20.529523667835054,21.58603174724276,21.58603174724276,,,21.0757999420166,,,41032898.992156981873600,60292450.22472503,,,,,,,
2025-03-05,,,,,,,19.010000228881836,19.469999313354492,18.420000076293945,19.250000000000000,2289400,,,,,19.250000000000000,,,,,,,,,,,,,,,,,,,,,,,,,,,,,,,,,,,,,,,,,,,,,,,,,,,,,,,,,,,,,,,,,,,,,,,,,,,,,,,,,,,,,,,,,,,,,,,,,,,,,,,,,,,,,,,,,,,,,,,,,,,,,,,,,,,,,,,,,,,,,0.6387930034655079,0.6605184030213621,0.6178146651073515,,,,,-0.054806676100904825,,,,,,,,19.16773705544285,19.16773705544285,20.15683326883039,20.15683326883039,22.045469224721586,22.045469224721586,,,,,,,0.02845296938031052,,-0.6999271465546997,-0.6999271465546997,-0.5778734470960603,-0.5778734470960603,42.501991123124164,42.501991123124164,,19.055999755859375,19.055999755859375,20.474761781238374,20.474761781238374,21.505079360235307,21.505079360235307,,,21.054199943542482,,,44070950.000000000000000,60743619.10972293,,,,,,,
2025-03-06,,,,,,,18.959999084472656,18.959999084472656,18.129999160766600,18.329999923706055,1896700,,,,,18.329999923706055,,,,,,,,,,,,,,,,,,,,,,,,,,,,,,,,,,,,,,,,,,,,,,,,,,,,,,,,,,,,,,,,,,,,,,,,,,,,,,,,,,,,,,,,,,,,,,,,,,,,,,,,,,,,,,,,,,,,,,,,,,,,,,,,,,,,,,,,,,,,,0.6803759392417303,0.6787564380239188,0.6235715822765671,,,,,-0.06541517513794169,,,,,,,,18.88849134486392,18.88849134486392,19.99075751018272,19.99075751018272,21.92936080906485,21.92936080906485,,,,,,,-0.04897200304442428,,-0.7553913720178009,-0.7553913720178009,-0.6133770320804084,-0.6133770320804084,38.01869902622803,38.01869902622803,,18.873999786376952,18.873999786376952,20.371428444271995,20.371428444271995,21.417301571558394,21.417301571558394,,,21.042199935913086,,,34766510.855293274518500,60799407.71378411,,,,,,,
2025-03-07,,,,,,,18.329999923706055,20.010000228881836,18.290000915527344,19.989999771118164,3628700,,,,,19.989999771118164,,,,,,,,,,,,,,,,,,,,,,,,,,,,,,,,,,,,,,,,,,,,,,,,,,,,,,,,,,,,,,,,,,,,,,,,,,,,,,,,,,,,,,,,,,,,,,,,,,,,,,,,,,,,,,,,,,,,,,,,,,,,,,,,,,,,,,,,,,,,,0.9671474100593018,0.6516698619241922,0.6482793024386442,,,,,-0.056080531532509366,,,,,,,,19.255660820282,19.255660820282,19.990688624813217,19.990688624813217,21.868755776629015,21.868755776629015,,,,,,,0.08669307937312308,,-0.6578161605840265,-0.6578161605840265,-0.622264857781132,-0.622264857781132,48.562001950507806,48.562001950507806,,18.9439998626709,18.9439998626709,20.24333318074544,20.24333318074544,21.34936505272275,21.34936505272275,,,21.05859992980957,,,72537712.169456481706800,61403761.86488621,,,,,,,
2025-03-10,,,,,,,18.600000381469727,19.694999694824220,18.440000534057617,18.559999465942383,1846700,,,,,18.559999465942383,,,,,,,,,,,,,,,,,,,,,,,,,,,,,,,,,,,,,,,,,,,,,,,,,,,,,,,,,,,,,,,,,,,,,,,,,,,,,,,,,,,,,,,,,,,,,,,,,,,,,,,,,,,,,,,,,,,,,,,,,,,,,,,,,,,,,,,,,,,,,1.0175644157786001,0.6907926931241886,0.6633547716503703,,,,,-0.059754716172109354,,,,,,,,19.023773702168796,19.023773702168796,19.860625974006776,19.860625974006776,21.76535714192006,21.76535714192006,,,,,,,-0.07422343847909389,,-0.6879459633142169,-0.6879459633142169,-0.635401078887749,-0.635401078887749,41.94305602857843,41.94305602857843,,18.96799964904785,18.96799964904785,20.039523624238512,20.039523624238512,21.26444441174704,21.26444441174704,,,21.03039993286133,,,34274751.013755798686100,61502510.2488987,,,,,,,
2025-03-11,,,,,,,18.489999771118164,18.770000457763672,16.950000762939453,17.040000915527344,2979900,,,,,17.040000915527344,,,,,,,,,,,,,,,,,,,,,,,,,,,,,,,,,,,,,,,,,,,,,,,,,,,,,,,,,,,,,,,,,,,,,,,,,,,,,,,,,,,,,,,,,,,,,,,,,,,,,,,,,,,,,,,,,,,,,,,,,,,,,,,,,,,,,,,,,,,,,1.1715252793258697,0.7362712040553521,0.6796540417896275,,,,,-0.1156449776299732,,,,,,,,18.362516106621644,18.362516106621644,19.60420551414501,19.60420551414501,21.617689759845288,21.617689759845288,,,,,,,-0.08544512345409923,,-0.8249655396936113,-0.8249655396936113,-0.6733139710489214,-0.6733139710489214,36.28225095284567,36.28225095284567,,18.63400001525879,18.63400001525879,19.79571415129162,19.79571415129162,21.169841251676043,21.169841251676043,,,20.974999961853026,,,50777498.728179932385600,61819003.87950473,,,,,,,
2025-03-12,,,,,,,17.950000762939453,18.538000106811523,17.729999542236328,18.420000076293945,10618500,,,,,18.420000076293945,,,,,,,,,,,,,,,,,,,,,,,,,,,,,,,,,,,,,,,,,,,,,,,,,,,,,,,,,,,,,,,,,,,,,,,,,,,,,,,,,,,,,,,,,,,,,,,,,,,,,,,,,,,,,,,,,,,,,,,,,,,,,,,,,,,,,,,,,,,,,1.3376029046344227,0.7999513531637916,0.6991177006204224,,,,,0.02846125563553601,,,,,,,,18.381677429845745,18.381677429845745,19.496550474340367,19.496550474340367,21.517761957234306,21.517761957234306,,,,,,,0.07787345983977002,,-0.8128303398192323,-0.8128303398192323,-0.7012172448029836,-0.7012172448029836,43.71018869144228,43.71018869144228,,18.46800003051758,18.46800003051758,19.620476041521346,19.620476041521346,21.09444442627922,21.09444442627922,,,20.931599960327148,,,195592770.810127254982500,64550025.58954632,,,,,,,
2025-03-13,,,,,,,18.270000457763672,18.500000000000000,17.299999237060547,17.870000839233400,3222800,,,,,17.870000839233400,,,,,,,,,,,,,,,,,,,,,,,,,,,,,,,,,,,,,,,,,,,,,,,,,,,,,,,,,,,,,,,,,,,,,,,,,,,,,,,,,,,,,,,,,,,,,,,,,,,,,,,,,,,,,,,,,,,,,,,,,,,,,,,,,,,,,,,,,,,,,1.3085564011635908,0.7788318108001202,0.6987068302257176,,,,,0.06916322493599265,,,,,,,,18.211118566308297,18.211118566308297,19.34868232569428,19.34868232569428,21.40376942229678,21.40376942229678,,,,,,,-0.030313658834476398,,-0.837934263787794,-0.837934263787794,-0.7285606485999457,-0.7285606485999457,41.62735499799384,41.62735499799384,,18.376000213623048,18.376000213623048,19.484285627092635,19.484285627092635,21.00111110626705,21.00111110626705,,,20.87939998626709,,,57591438.704681401520000,64479379.77533492,,,,,,,
2025-03-14,,,,,,,18.049999237060547,18.520000457763672,17.799999237060547,17.899999618530273,3728100,,,,,17.899999618530273,,,,,,,,,,,,,,,,,,,,,,,,,,,,,,,,,,,,,,,,,,,,,,,,,,,,,,,,,,,,,,,,,,,,,,,,,,,,,,,,,,,,,,,,,,,,,,,,,,,,,,,,,,,,,,,,,,,,,,,,,,,,,,,,,,,,,,,,,,,,,1.0457004216391956,0.77921286665448,0.6980859143486081,,,,,0.04953484051702411,,,,,,,,18.10741225038229,18.10741225038229,19.21698389777028,19.21698389777028,21.294276615929075,21.294276615929075,,,,,,,0.0016773154009587681,,-0.8456604068530069,-0.8456604068530069,-0.7519806002505579,-0.7519806002505579,41.79028219511556,41.79028219511556,,17.95800018310547,17.95800018310547,19.36095228649321,19.36095228649321,20.903968235803028,20.903968235803028,,,20.791399993896484,,,66732988.577842710771300,64434857.35077328,,,,,,,
2025-03-17,,,,,,,17.979999542236328,19.010000228881836,17.979999542236328,18.829999923706055,2963100,,,,,18.829999923706055,,,,,,,,,,,,,,,,,,,,,,,,,,,,,,,,,,,,,,,,,,,,,,,,,,,,,,,,,,,,,,,,,,,,,,,,,,,,,,,,,,,,,,,,,,,,,,,,,,,,,,,,,,,,,,,,,,,,,,,,,,,,,,,,,,,,,,,,,,,,,1.0291116137823466,0.7965916046540757,0.7067692118081474,,,,,0.10488882901483547,,,,,,,,18.348274808156877,18.348274808156877,19.181803536491714,19.181803536491714,21.217267969297108,21.217267969297108,,,,,,,0.05065064708178687,,-0.7678884386780815,-0.7678884386780815,-0.7551621679360626,-0.7551621679360626,46.75220531380332,46.75220531380332,,18.012000274658202,18.012000274658202,19.314285641624814,19.314285641624814,20.8242856888544,20.8242856888544,,,20.747399978637695,,,55795172.773933411570500,64462349.28584023,,,,,,,
2025-03-18,,,,,,,18.670000076293945,18.750000000000000,18.020000457763672,18.469999313354492,2075200,,,,,18.469999313354492,,,,,,,,,,,,,,,,,,,,,,,,,,,,,,,,,,,,,,,,,,,,,,,,,,,,,,,,,,,,,,,,,,,,,,,,,,,,,,,,,,,,,,,,,,,,,,,,,,,,,,,,,,,,,,,,,,,,,,,,,,,,,,,,,,,,,,,,,,,,,0.7371551809831863,0.7986823801420928,0.7073442072075895,,,,,0.10709745754768221,,,,,,,,18.38884964322275,18.38884964322275,19.117094061661057,19.117094061661057,21.1314158237989,21.1314158237989,,,,,,,-0.019303581582449308,,-0.7269231169886972,-0.7269231169886972,-0.7495143577465896,-0.7495143577465896,45.14786468744493,45.14786468744493,,18.297999954223634,18.297999954223634,19.250952311924525,19.250952311924525,20.742698366679843,20.742698366679843,,,20.683599967956543,,,38328942.575073241798400,64424393.32587832,,,,,,,
2025-03-19,,,,,,,18.459999084472656,19.364999771118164,18.409999847412110,19.030000686645508,2751400,,,,,19.030000686645508,,,,,,,,,,,,,,,,,,,,,,,,,,,,,,,,,,,,,,,,,,,,,,,,,,,,,,,,,,,,,,,,,,,,,,,,,,,,,,,,,,,,,,,,,,,,,,,,,,,,,,,,,,,,,,,,,,,,,,,,,,,,,,,,,,,,,,,,,,,,,0.5347916056791254,0.729704421286191,0.7093232146300925,,,,,0.08812456494995548,,,,,,,,18.602566657697,18.602566657697,19.10917648211419,19.10917648211419,21.065746600762857,21.065746600762857,,,,,,,0.029868960355434043,,-0.6418712811348968,-0.6418712811348968,-0.727985742424251,-0.727985742424251,48.129700806655215,48.129700806655215,,18.420000076293945,18.420000076293945,19.12238093784877,19.12238093784877,20.678888865879603,20.678888865879603,,,20.612799987792968,,,52359143.889236450711200,64670496.502213255,,,,,,,
2025-03-20,,,,,,,18.700000762939453,19.000000000000000,18.260000228881836,18.319999694824220,2463500,,,,,18.319999694824220,,,,,,,,,,,,,,,,,,,,,,,,,,,,,,,,,,,,,,,,,,,,,,,,,,,,,,,,,,,,,,,,,,,,,,,,,,,,,,,,,,,,,,,,,,,,,,,,,,,,,,,,,,,,,,,,,,,,,,,,,,,,,,,,,,,,,,,,,,,,,0.5698903263063443,0.7356517838604908,0.7092561252151132,,,,,0.05051013384436349,,,,,,,,18.50837767007274,18.50837767007274,19.0374331378151,19.0374331378151,20.979942009952275,20.979942009952275,,,,,,,-0.03802337480240532,,-0.6245587107265216,-0.6245587107265216,-0.7073003360847051,-0.7073003360847051,44.804154031360596,44.804154031360596,,18.50999984741211,18.50999984741211,18.98428571791876,18.98428571791876,20.59222218346974,20.59222218346974,,,20.529599990844726,,,45131319.248199465970000,63955801.306100875,,,,,,,
2025-03-21,,,,,,,18.069999694824220,18.379999160766600,17.690000534057617,18.319999694824220,3774100,,,,,18.319999694824220,,,,,,,,,,,,,,,,,,,,,,,,,,,,,,,,,,,,,,,,,,,,,,,,,,,,,,,,,,,,,,,,,,,,,,,,,,,,,,,,,,,,,,,,,,,,,,,,,,,,,,,,,,,,,,,,,,,,,,,,,,,,,,,,,,,,,,,,,,,,,0.5706255377769163,0.7338332521671633,0.6818066502055432,,,,,0.09547003422667306,,,,,,,,18.44558501165657,18.44558501165657,18.972211915725023,18.972211915725023,20.896818812604522,20.896818812604522,,,,,,,0,,-0.6038772528769272,-0.6038772528769272,-0.6866157194431496,-0.6866157194431496,44.804154031360596,44.804154031360596,,18.5939998626709,18.5939998626709,18.868571417672293,18.868571417672293,20.541587254357715,20.541587254357715,,,20.453999977111817,,,69141510.848236088702000,63138042.01347109,,,,,,,
2025-03-24,,,,,,,18.549999237060547,18.825000762939453,18.280000686645508,18.670000076293945,1770300,,,,,18.670000076293945,,,,,,,,,,,,,,,,,,,,,,,,,,,,,,,,,,,,,,,,,,,,,,,,,,,,,,,,,,,,,,,,,,,,,,,,,,,,,,,,,,,,,,,,,,,,,,,,,,,,,,,,,,,,,,,,,,,,,,,,,,,,,,,,,,,,,,,,,,,,,0.4386464043247823,0.7296672162333183,0.6742195139181039,,,,,0.13251798474510643,,,,,,,,18.52039003320236,18.52039003320236,18.944738112140378,18.944738112140378,20.82723072709482,20.82723072709482,,,,,,,0.018924619052159843,,-0.5528717810783519,-0.5528717810783519,-0.6598669317701901,-0.6598669317701901,46.90169050957402,46.90169050957402,,18.561999893188478,18.561999893188478,18.805238087972004,18.805238087972004,20.51523805043054,20.51523805043054,,,20.397599983215333,,,33051501.135063170833500,62176223.32278055,,,,,,,
2025-03-25,,,,,,,18.750000000000000,18.995000839233400,18.389999389648438,18.739999771118164,1620900,,,,,18.739999771118164,,,,,,,,,,,,,,,,,,,,,,,,,,,,,,,,,,,,,,,,,,,,,,,,,,,,,,,,,,,,,,,,,,,,,,,,,,,,,,,,,,,,,,,,,,,,,,,,,,,,,,,,,,,,,,,,,,,,,,,,,,,,,,,,,,,,,,,,,,,,,0.4099770518664651,0.7296807375845417,0.6590894395203676,,,,,0.14909229935049167,,,,,,,,18.593593279174296,18.593593279174296,18.926125535683813,18.926125535683813,20.762004759720547,20.762004759720547,,,,,,,0.003742302956653751,,-0.5010256747421735,-0.5010256747421735,-0.6280986803645867,-0.6280986803645867,47.332768579675644,47.332768579675644,,18.61599998474121,18.61599998474121,18.754285721551803,18.754285721551803,20.512222168937562,20.512222168937562,,,20.32219997406006,,,30375665.629005432027600,61448329.05928899,,,,,,,
2025-03-26,,,,,,,18.819999694824220,19.170000076293945,18.430000305175780,18.450000762939453,1468000,,,,,18.450000762939453,,,,,,,,,,,,,,,,,,,,,,,,,,,,,,,,,,,,,,,,,,,,,,,,,,,,,,,,,,,,,,,,,,,,,,,,,,,,,,,,,,,,,,,,,,,,,,,,,,,,,,,,,,,,,,,,,,,,,,,,,,,,,,,,,,,,,,,,,,,,,0.3431928216858572,0.7278775665114845,0.6592832338155483,,,,,0.10236430385784946,,,,,,,,18.545729107096015,18.545729107096015,18.882841465434325,18.882841465434325,20.68975463482114,20.68975463482114,,,,,,,-0.015595852758463681,,-0.4778296356754659,-0.4778296356754659,-0.5980448714267625,-0.5980448714267625,45.678257010001,45.678257010001,,18.5,18.5,18.67476190839495,18.67476190839495,20.500793608408127,20.500793608408127,,,20.234799995422364,,,27084601.119995117004000,50379651.31701817,,,,,,,
2025-03-27,,,,,,,18.399999618530273,18.739999771118164,18.229999542236328,18.399999618530273,1531500,,,,,18.399999618530273,,,,,,,,,,,,,,,,,,,,,,,,,,,,,,,,,,,,,,,,,,,,,,,,,,,,,,,,,,,,,,,,,,,,,,,,,,,,,,,,,,,,,,,,,,,,,,,,,,,,,,,,,,,,,,,,,,,,,,,,,,,,,,,,,,,,,,,,,,,,,0.19746764520001964,0.7277166271560114,0.6538748311325089,,,,,0.10934747865865113,,,,,,,,18.497152610907435,18.497152610907435,18.838946752079412,18.838946752079412,20.61819979056205,20.61819979056205,,,,,,,-0.00271376795537785,,-0.45819944410114033,-0.45819944410114033,-0.5700757859616381,-0.5700757859616381,45.38369558423715,45.38369558423715,,18.51599998474121,18.51599998474121,18.60095233008975,18.60095233008975,20.47587297833155,20.47587297833155,,,20.13879997253418,,,28179599.415779113099500,49921069.33889238,,,,,,,
2025-03-28,,,,,,,18.389999389648438,18.540000915527344,17.659999847412110,18.069999694824220,6245300,,,,,18.069999694824220,,,,,,,,,,,,,,,,,,,,,,,,,,,,,,,,,,,,,,,,,,,,,,,,,,,,,,,,,,,,,,,,,,,,,,,,,,,,,,,,,,,,,,,,,,,,,,,,,,,,,,,,,,,,,,,,,,,,,,,,,,,,,,,,,,,,,,,,,,,,,0.23976601177399318,0.7202189987333546,0.65460504057253,,,,,0.11616474148939308,,,,,,,,18.35476830554636,18.35476830554636,18.76904247414712,18.76904247414712,20.53856853757024,20.53856853757024,,,,,,,-0.018097556167284826,,-0.4639227985297012,-0.4639227985297012,-0.5488451884752508,-0.5488451884752508,43.394753427604165,43.394753427604165,,18.46599998474121,18.46599998474121,18.54523804074242,18.54523804074242,20.448253934345548,20.448253934345548,,,20.03099998474121,,,112852569.094085701166000,51346775.41373419,,,,,,,
2025-03-31,,,,,,,17.659999847412110,18.280000686645508,17.600000381469727,18.200000762939453,2370500,,,,,18.200000762939453,,,,,,,,,,,,,,,,,,,,,,,,,,,,,,,,,,,,,,,,,,,,,,,,,,,,,,,,,,,,,,,,,,,,,,,,,,,,,,,,,,,,,,,,,,,,,,,,,,,,,,,,,,,,,,,,,,,,,,,,,,,,,,,,,,,,,,,,,,,,,0.1798619379362422,0.7161778066603081,0.6497829672025016,,,,,0.12139222329315515,,,,,,,,18.303179124677392,18.303179124677392,18.717311409491877,18.717311409491877,20.465488294613028,20.465488294613028,,,,,,,0.007168548286894514,,-0.45274958304966617,-0.45274958304966617,-0.5296260673901338,-0.5296260673901338,44.42798158006259,44.42798158006259,,18.37200012207031,18.37200012207031,18.476666677565802,18.476666677565802,20.41031743609716,20.41031743609716,,,19.93400001525879,,,43143101.808547973336500,51245832.92868175,,,,,,,
2025-04-01,,,,,,,18.149999618530273,18.379999160766600,17.584999084472656,17.870000839233400,1904400,,,,,17.870000839233400,,,,,,,,,,,,,,,,,,,,,,,,,,,,,,,,,,,,,,,,,,,,,,,,,,,,,,,,,,,,,,,,,,,,,,,,,,,,,,,,,,,,,,,,,,,,,,,,,,,,,,,,,,,,,,,,,,,,,,,,,,,,,,,,,,,,,,,,,,,,,0.17966618079935764,0.685517628763849,0.6505730861139086,,,,,0.1443967815208276,,,,,,,,18.158786362862728,18.158786362862728,18.640283175832018,18.640283175832018,20.384379311632415,20.384379311632415,,,,,,,-0.018298259867906654,,-0.4651608801281881,-0.4651608801281881,-0.5167330299377447,-0.5167330299377447,42.31643706864066,42.31643706864066,,18.198000335693358,18.198000335693358,18.449523834955123,18.449523834955123,20.368888885255846,20.368888885255846,,,19.83560001373291,,,34031629.598236086960000,50989183.00360725,,,,,,,
2025-04-02,,,,,,,17.600000381469727,19.930000305175780,17.559999465942383,19.709999084472656,5899600,,,,,19.709999084472656,,,,,,,,,,,,,,,,,,,,,,,,,,,,,,,,,,,,,,,,,,,,,,,,,,,,,,,,,,,,,,,,,,,,,,,,,,,,,,,,,,,,,,,,,,,,,,,,,,,,,,,,,,,,,,,,,,,,,,,,,,,,,,,,,,,,,,,,,,,,,0.7717036003630638,0.7663250672479138,0.6580556626278069,,,,,0.20034561323913552,,,,,,,,18.675857270066036,18.675857270066036,18.73753007661753,18.73753007661753,20.363304929533673,20.363304929533673,,,,,,,0.09800269858014486,,-0.32280336534010345,-0.32280336534010345,-0.4779470970182164,-0.4779470970182164,55.12353085664189,55.12353085664189,,18.45,18.45,18.497142882574174,18.497142882574174,20.3277777717227,20.3277777717227,,,19.757999992370607,,,116281110.598754881337600,51139230.055251956,,,,,,,
2025-04-03,,,,,,,18.739999771118164,19.620000839233400,18.200000762939453,18.299999237060547,3350800,,,,,18.299999237060547,,,,,,,,,,,,,,,,,,,,,,,,,,,,,,,,,,,,,,,,,,,,,,,,,,,,,,,,,,,,,,,,,,,,,,,,,,,,,,,,,,,,,,,,,,,,,,,,,,,,,,,,,,,,,,,,,,,,,,,,,,,,,,,,,,,,,,,,,,,,,0.9983817430446643,0.8040903251302415,0.6642223196327866,,,,,0.1354279054615447,,,,,,,,18.550571259064206,18.550571259064206,18.69775454574871,18.69775454574871,20.298826626643887,20.298826626643887,,,,,,,-0.07422505655804326,,-0.32006964938413773,-0.32006964938413773,-0.4463716074914007,-0.4463716074914007,46.587528538013565,46.587528538013565,,18.429999923706056,18.429999923706056,18.451904751005628,18.451904751005628,20.284444415380083,20.284444415380083,,,19.66159996032715,,,61319637.443542480887600,51281605.558970615,,,,,,,
2025-04-04,,,,,,,17.500000000000000,17.864999771118164,16.899999618530273,17.469999313354492,3119300,,,,,17.469999313354492,,,,,,,,,,,,,,,,,,,,,,,,,,,,,,,,,,,,,,,,,,,,,,,,,,,,,,,,,,,,,,,,,,,,,,,,,,,,,,,,,,,,,,,,,,,,,,,,,,,,,,,,,,,,,,,,,,,,,,,,,,,,,,,,,,,,,,,,,,,,,1.0477922472853114,0.8022720590297299,0.6668376112506067,,,,,0.1553712451444643,,,,,,,,18.1903806104943,18.1903806104943,18.586140433712874,18.586140433712874,20.210425773103594,20.210425773103594,,,,,,,-0.04641593331499433,,-0.3804911518865346,-0.3804911518865346,-0.43319551637042747,-0.43319551637042747,42.423028805307425,42.423028805307425,,18.309999847412108,18.309999847412108,18.410952340988885,18.410952340988885,20.217936470395042,20.217936470395042,,,19.57699993133545,,,54494168.858146666895600,51452028.37113577,,,,,,,
2025-04-07,,,,,,,17.170000076293945,17.790000915527344,16.139999389648438,16.959999084472656,2702600,,,,,16.959999084472656,,,,,,,,,,,,,,,,,,,,,,,,,,,,,,,,,,,,,,,,,,,,,,,,,,,,,,,,,,,,,,,,,,,,,,,,,,,,,,,,,,,,,,,,,,,,,,,,,,,,,,,,,,,,,,,,,,,,,,,,,,,,,,,,,,,,,,,,,,,,,1.0495524571785144,0.7383610363961806,0.6626232007018474,,,,,0.10542272811176397,,,,,,,,17.780253435153753,17.780253435153753,18.438309401963764,18.438309401963764,20.10884993908388,20.10884993908388,,,,,,,-0.029627508459509014,,-0.46417763333754536,-0.46417763333754536,-0.43939193976385105,-0.43939193976385105,40.05376451459875,40.05376451459875,,18.06199951171875,18.06199951171875,18.266666594005766,18.266666594005766,20.128888841659304,20.128888841659304,,,19.484399909973146,,,45836093.525695800105600,51528996.213673785,,,,,,,
2025-04-08,,,,,,,17.770000457763672,17.909999847412110,16.139999389648438,16.430000305175780,2337600,,,,,16.430000305175780,,,,,,,,,,,,,,,,,,,,,,,,,,,,,,,,,,,,,,,,,,,,,,,,,,,,,,,,,,,,,,,,,,,,,,,,,,,,,,,,,,,,,,,,,,,,,,,,,,,,,,,,,,,,,,,,,,,,,,,,,,,,,,,,,,,,,,,,,,,,,1.0572471868136082,0.7041010435451429,0.6648522579442318,,,,,0.10353865912845124,,,,,,,,17.33016905849443,17.33016905849443,18.255735847710312,18.255735847710312,19.99388588802425,19.99388588802425,,,,,,,-0.03174862575871194,,-0.566733296260594,-0.566733296260594,-0.46486021106319964,-0.46486021106319964,37.697553484530566,37.697553484530566,,17.773999404907226,17.773999404907226,18.16523806254069,18.16523806254069,20.03285710773771,20.03285710773771,,,19.38239990234375,,,38406768.713378903328000,51271184.94107383,,,,,,,
2025-04-09,,,,,,,16.090000152587890,18.319999694824220,16.010000228881836,18.010000228881836,3676900,,,,,18.010000228881836,,,,,,,,,,,,,,,,,,,,,,,,,,,,,,,,,,,,,,,,,,,,,,,,,,,,,,,,,,,,,,,,,,,,,,,,,,,,,,,,,,,,,,,,,,,,,,,,,,,,,,,,,,,,,,,,,,,,,,,,,,,,,,,,,,,,,,,,,,,,,1.0150062673219582,0.7190753517914129,0.6919196950642271,,,,,0.17973797257620341,,,,,,,,17.556779448623566,17.556779448623566,18.23339624599863,18.23339624599863,19.93188946117605,19.93188946117605,,,,,,,0.09181822127298331,,-0.5145847955626657,-0.5145847955626657,-0.4748051279630929,-0.4748051279630929,47.59475629008711,47.59475629008711,,17.433999633789064,17.433999633789064,18.211428506033762,18.211428506033762,19.967936470395042,19.967936470395042,,,19.34479991912842,,,66220969.841575622788400,51087587.93311951,,,,,,,
2025-04-10,,,,,,,17.719999313354492,17.719999313354492,16.959999084472656,17.260000228881836,1589000,,,,,17.260000228881836,,,,,,,,,,,,,,,,,,,,,,,,,,,,,,,,,,,,,,,,,,,,,,,,,,,,,,,,,,,,,,,,,,,,,,,,,,,,,,,,,,,,,,,,,,,,,,,,,,,,,,,,,,,,,,,,,,,,,,,,,,,,,,,,,,,,,,,,,,,,,0.9254779370791264,0.6802622904558945,0.6946399226145835,,,,,0.07689563022218711,,,,,,,,17.457853042042988,17.457853042042988,18.144905698988012,18.144905698988012,19.848392922666854,19.848392922666854,,,,,,,-0.042535472980355316,,-0.5276925537558839,-0.5276925537558839,-0.48538261312165104,-0.48538261312165104,44.02000115315225,44.02000115315225,,17.22599983215332,17.22599983215332,18.156190418061755,18.156190418061755,19.900793620518275,19.900793620518275,,,19.299399909973143,,,27426140.363693237404000,50323508.61833361,,,,,,,
2025-04-11,,,,,,,17.260000228881836,18.340000152587890,16.870000839233400,18.149999618530273,2282900,,,,,18.149999618530273,,,,,,,,,,,,,,,,,,,,,,,,,,,,,,,,,,,,,,,,,,,,,,,,,,,,,,,,,,,,,,,,,,,,,,,,,,,,,,,,,,,,,,,,,,,,,,,,,,,,,,,,,,,,,,,,,,,,,,,,,,,,,,,,,,,,,,,,,,,,,0.9512113452706757,0.6967239381929589,0.695822469520212,,,,,0.10920033788168289,,,,,,,,17.68856856753875,17.68856856753875,18.145368782582764,18.145368782582764,19.795318131912587,19.795318131912587,,,,,,,0.05027884077713717,,-0.46095147221159394,-0.46095147221159394,-0.48049638493963964,-0.48049638493963964,48.92262826154496,48.92262826154496,,17.361999893188475,17.361999893188475,18.16952369326637,18.16952369326637,19.831587261623806,19.831587261623806,,,19.262199897766113,,,41434634.129142760231700,49980328.007032,,,,,,,
2025-04-14,,,,,,,18.600000381469727,19.215000152587890,18.100000381469727,18.500000000000000,1817200,,,,,18.500000000000000,,,,,,,,,,,,,,,,,,,,,,,,,,,,,,,,,,,,,,,,,,,,,,,,,,,,,,,,,,,,,,,,,,,,,,,,,,,,,,,,,,,,,,,,,,,,,,,,,,,,,,,,,,,,,,,,,,,,,,,,,,,,,,,,,,,,,,,,,,,,,0.8920084755723767,0.6996272653421692,0.6964481803945456,,,,,0.1505733307840343,,,,,,,,17.9590457116925,17.9590457116925,18.17760798416615,18.17760798416615,19.75483944029032,19.75483944029032,,,,,,,0.01910019239103538,,-0.3754881844774651,-0.3754881844774651,-0.4594947448472047,-0.4594947448472047,50.74934610206428,50.74934610206428,,17.670000076293945,17.670000076293945,18.198095140003023,18.198095140003023,19.76301583789644,19.76301583789644,,,19.212799911499022,,,33618200.000000000000000,49359874.02246566,,,,,,,
2025-04-15,,,,,,,18.719999313354492,18.930000305175780,18.420000076293945,18.760000228881836,2628800,,,,,18.760000228881836,,,,,,,,,,,,,,,,,,,,,,,,,,,,,,,,,,,,,,,,,,,,,,,,,,,,,,,,,,,,,,,,,,,,,,,,,,,,,,,,,,,,,,,,,,,,,,,,,,,,,,,,,,,,,,,,,,,,,,,,,,,,,,,,,,,,,,,,,,,,,0.7861448548282578,0.6784181839956414,0.6961705622458957,,,,,0.13313079871762812,,,,,,,,18.226030550755613,18.226030550755613,18.23055273368576,18.23055273368576,19.723750714933804,19.723750714933804,,,,,,,0.013956223694323644,,-0.2835099415330653,-0.2835099415330653,-0.42429778418437686,-0.42429778418437686,52.11926124669352,52.11926124669352,,18.136000061035155,18.136000061035155,18.19476182120187,18.19476182120187,19.692539638943142,19.692539638943142,,,19.179999923706056,,,49316288.601684570476800,49380828.41966114,,,,,,,
2025-04-16,,,,,,,18.340000152587890,18.770000457763672,18.250000000000000,18.700000762939453,2241800,,,,,18.700000762939453,,,,,,,,,,,,,,,,,,,,,,,,,,,,,,,,,,,,,,,,,,,,,,,,,,,,,,,,,,,,,,,,,,,,,,,,,,,,,,,,,,,,,,,,,,,,,,,,,,,,,,,,,,,,,,,,,,,,,,,,,,,,,,,,,,,,,,,,,,,,,0.5397557822713446,0.6749828443216326,0.6955456821545961,,,,,0.1528158038936268,,,,,,,,18.384020621483558,18.384020621483558,18.273229827254276,18.273229827254276,19.691758528933978,19.691758528933978,,,,,,,-0.003203391119161476,,-0.2130026152383131,-0.2130026152383131,-0.3820387503951641,-0.3820387503951641,51.7614561773272,51.7614561773272,,18.27400016784668,18.27400016784668,18.205714271182107,18.205714271182107,19.616984110029918,19.616984110029918,,,19.143999938964843,,,41921661.710357665735400,49124199.1812055,,,,,,,
2025-04-17,,,,,,,18.700000762939453,18.930000305175780,18.420000076293945,18.790000915527344,1572000,,,,,18.790000915527344,,,,,,,,,,,,,,,,,,,,,,,,,,,,,,,,,,,,,,,,,,,,,,,,,,,,,,,,,,,,,,,,,,,,,,,,,,,,,,,,,,,,,,,,,,,,,,,,,,,,,,,,,,,,,,,,,,,,,,,,,,,,,,,,,,,,,,,,,,,,,0.3251505628801026,0.6668181140017709,0.6951531840785841,,,,,0.15402347389707316,,,,,,,,18.51934738616482,18.51934738616482,18.32020901709728,18.32020901709728,19.66357860351502,19.66357860351502,,,,,,,0.004801297490111466,,-0.14815495294637415,-0.14815495294637415,-0.3352619909054061,-0.3352619909054061,52.29055060415962,52.29055060415962,,18.58000030517578,18.58000030517578,18.194285710652668,18.194285710652668,19.5493650890532,19.5493650890532,,,19.066199951171875,,,29537881.439208984768000,48801707.72230663,,,,,,,
2025-04-21,,,,,,,18.709999084472656,18.870000839233400,18.075000762939453,18.420000076293945,1514500,,,,,18.420000076293945,,,,,,,,,,,,,,,,,,,,,,,,,,,,,,,,,,,,,,,,,,,,,,,,,,,,,,,,,,,,,,,,,,,,,,,,,,,,,,,,,,,,,,,,,,,,,,,,,,,,,,,,,,,,,,,,,,,,,,,,,,,,,,,,,,,,,,,,,,,,,0.24397516302956074,0.6568805824872762,0.695767598255466,,,,,0.19029606002973498,,,,,,,,18.486231616207863,18.486231616207863,18.329280931569706,18.329280931569706,19.624716774539362,19.624716774539362,,,,,,,-0.01988782718048402,,-0.1251757408565375,-0.1251757408565375,-0.2932447408956324,-0.2932447408956324,49.86889228992401,49.86889228992401,,18.634000396728517,18.634000396728517,18.1990476335798,18.1990476335798,19.479999996366956,19.479999996366956,,,18.977799949645995,,,27897090.115547179702500,48573081.84002467,,,,,,,
2025-04-22,,,,,,,18.700000762939453,19.239999771118164,18.690000534057617,19.149999618530273,2017900,,,,,19.149999618530273,,,,,,,,,,,,,,,,,,,,,,,,,,,,,,,,,,,,,,,,,,,,,,,,,,,,,,,,,,,,,,,,,,,,,,,,,,,,,,,,,,,,,,,,,,,,,,,,,,,,,,,,,,,,,,,,,,,,,,,,,,,,,,,,,,,,,,,,,,,,,0.34558190225796076,0.6703466919602682,0.6967874506062054,,,,,0.16372134486845277,,,,,,,,18.707487616982,18.707487616982,18.403891721293395,18.403891721293395,19.609881863414078,19.609881863414078,,,,,,,0.03886566073749589,,-0.047511998774634634,-0.047511998774634634,-0.24409819247143283,-0.24409819247143283,54.35987175505576,54.35987175505576,,18.76400032043457,18.76400032043457,18.238571439470565,18.238571439470565,19.40952379741366,19.40952379741366,,,18.91759994506836,,,38642784.230232237886700,48350025.36207835,,,,,,,
2025-04-23,,,,,,,19.850000381469727,20.697999954223633,19.579999923706055,19.750000000000000,3025200,,,,,19.750000000000000,,,,,,,,,,,,,,,,,,,,,,,,,,,,,,,,,,,,,,,,,,,,,,,,,,,,,,,,,,,,,,,,,,,,,,,,,,,,,,,,,,,,,,,,,,,,,,,,,,,,,,,,,,,,,,,,,,,,,,,,,,,,,,,,,,,,,,,,,,,,,0.38577122533666836,0.6753702396918019,0.6992417140099455,,,,,0.10774597818765112,,,,,,,,19.054991744654664,19.054991744654664,18.52626520117581,18.52626520117581,19.61426055518239,19.61426055518239,,,,,,,0.030850795640566222,,0.06174038797401593,0.06174038797401593,-0.18293047638234308,-0.18293047638234308,57.71302934545725,57.71302934545725,,18.9620002746582,18.9620002746582,18.29000000726609,18.29000000726609,19.35603172060043,19.35603172060043,,,18.870599937438964,,,59747700.000000000000000,48783853.08943249,,,,,,,
2025-04-24,,,,,,,19.930000305175780,21.750000000000000,19.704999923706055,21.680000305175780,3458100,,,,,21.680000305175780,,,,,,,,,,,,,,,,,,,,,,,,,,,,,,,,,,,,,,,,,,,,,,,,,,,,,,,,,,,,,,,,,,,,,,,,,,,,,,,,,,,,,,,,,,,,,,,,,,,,,,,,,,,,,,,,,,,,,,,,,,,,,,,,,,,,,,,,,,,,,0.673548072369801,0.7447391948017507,0.7138229198006856,,,,,0.15653365179919837,,,,,,,,19.929994598161706,19.929994598161706,18.812968392448536,18.812968392448536,19.678814922369682,19.678814922369682,,,,,,,0.0932366993006882,,0.30059353141818335,0.30059353141818335,-0.0862256748222378,-0.0862256748222378,66.29192829434703,66.29192829434703,,19.55800018310547,19.55800018310547,18.430000032697404,18.430000032697404,19.35571425301688,19.35571425301688,,,18.889599952697754,,,74971609.055328364818000,49203390.82512628,,,,,,,
2025-04-25,,,,,,,21.559999465942383,22.090000152587890,21.370000839233400,21.920000076293945,2411500,,,,,21.920000076293945,,,,,,,,,,,,,,,,,,,,,,,,,,,,,,,,,,,,,,,,,,,,,,,,,,,,,,,,,,,,,,,,,,,,,,,,,,,,,,,,,,,,,,,,,,,,,,,,,,,,,,,,,,,,,,,,,,,,,,,,,,,,,,,,,,,,,,,,,,,,,0.6604790403881942,0.7402848363121947,0.7140840506561935,,,,,0.2001004645405025,,,,,,,,20.593329757539117,20.593329757539117,19.095425818252664,19.095425818252664,19.748851958429817,19.748851958429817,,,,,,,0.011009274912558846,,0.5034488986910652,0.5034488986910652,0.031709239880422804,0.031709239880422804,67.18349818866851,67.18349818866851,,20.18400001525879,20.18400001525879,18.595238095238095,18.595238095238095,19.36095234704396,19.36095234704396,,,18.91819995880127,,,52860080.183982848367500,49462045.68108755,,,,,,,
2025-04-28,,,,,,,21.770000457763672,22.069999694824220,21.399999618530273,21.840000152587890,1426600,,,,,21.840000152587890,,,,,,,,,,,,,,,,,,,,,,,,,,,,,,,,,,,,,,,,,,,,,,,,,,,,,,,,,,,,,,,,,,,,,,,,,,,,,,,,,,,,,,,,,,,,,,,,,,,,,,,,,,,,,,,,,,,,,,,,,,,,,,,,,,,,,,,,,,,,,0.5880605804717147,0.7404672011863103,0.7141012187185258,,,,,0.2170928834011949,,,,,,,,21.008886555888708,21.008886555888708,19.344932575919504,19.344932575919504,19.814200339497255,19.814200339497255,,,,,,,-0.0036563076970486936,,0.6502620968150268,0.6502620968150268,0.1554198112673436,0.1554198112673436,66.5516053251679,66.5516053251679,,20.868000030517578,20.868000030517578,18.759047644478933,18.759047644478933,19.36587297348749,19.36587297348749,,,18.95879997253418,,,31156944.217681883874000,49230697.58202689,,,,,,,
2025-04-29,,,,,,,21.690000534057617,22.229999542236328,21.309999465942383,22.190000534057617,1320900,,,,,22.190000534057617,,,,,,,,,,,,,,,,,,,,,,,,,,,,,,,,,,,,,,,,,,,,,,,,,,,,,,,,,,,,,,,,,,,,,,,,,,,,,,,,,,,,,,,,,,,,,,,,,,,,,,,,,,,,,,,,,,,,,,,,,,,,,,,,,,,,,,,,,,,,,0.598746368096513,0.7346184608425362,0.6961995826362575,,,,,0.2683747660096041,,,,,,,,21.402591215278346,21.402591215278346,19.603575117568422,19.603575117568422,19.888444095577267,19.888444095577267,,,,,,,0.01589860314866355,,0.7857965463249457,0.7857965463249457,0.281495158278864,0.281495158278864,67.9709520344036,67.9709520344036,,21.476000213623045,21.476000213623045,18.955238160632906,18.955238160632906,19.402380928160653,19.402380928160653,,,19.006599998474123,,,29310771.705436706295300,48997335.37656693,,,,,,,
2025-04-30,,,,,,,21.569999694824220,21.940000534057617,21.250999450683594,21.819999694824220,1791400,,,,,21.819999694824220,,,,,,,,,,,,,,,,,,,,,,,,,,,,,,,,,,,,,,,,,,,,,,,,,,,,,,,,,,,,,,,,,,,,,,,,,,,,,,,,,,,,,,,,,,,,,,,,,,,,,,,,,,,,,,,,,,,,,,,,,,,,,,,,,,,,,,,,,,,,,0.6816893981311007,0.7403683213585348,0.6960362257741545,,,,,0.2589692555908116,,,,,,,,21.54172737512697,21.54172737512697,19.805068260955313,19.805068260955313,19.948805208053734,19.948805208053734,,,,,,,-0.01681479459312605,,0.853513822482757,0.853513822482757,0.3958988911196426,0.3958988911196426,64.83863333468774,64.83863333468774,,21.89000015258789,21.89000015258789,19.12761906215123,19.12761906215123,19.438730118766664,19.438730118766664,,,19.008400001525878,,,39088347.453308107708000,49029746.315468684,,,,,,,
2025-05-01,,,,,,,21.969999313354492,22.149999618530273,21.649999618530273,21.690000534057617,2069600,,,,,21.690000534057617,,,,,,,,,,,,,,,,,,,,,,,,,,,,,,,,,,,,,,,,,,,,,,,,,,,,,,,,,,,,,,,,,,,,,,,,,,,,,,,,,,,,,,,,,,,,,,,,,,,,,,,,,,,,,,,,,,,,,,,,,,,,,,,,,,,,,,,,,,,,,0.21085940407216414,0.7359366686340051,0.6946863884248663,,,,,0.23519575440297003,,,,,,,,21.591151761437185,21.591151761437185,19.97642574032825,19.97642574032825,20.003217561991356,20.003217561991356,,,,,,,-0.005975616957787356,,0.8864717118047025,0.8864717118047025,0.4940134552566546,0.4940134552566546,63.727435075474325,63.727435075474325,,21.892000198364258,21.892000198364258,19.30952380952381,19.30952380952381,19.46539679027739,19.46539679027739,,,19.01780002593994,,,44889625.105285644143200,49139057.94516064,,,,,,,
2025-05-02,,,,,,,22.250000000000000,22.479999542236328,21.770000457763672,21.860000610351562,1199000,,,,,21.860000610351562,,,,,,,,,,,,,,,,,,,,,,,,,,,,,,,,,,,,,,,,,,,,,,,,,,,,,,,,,,,,,,,,,,,,,,,,,,,,,,,,,,,,,,,,,,,,,,,,,,,,,,,,,,,,,,,,,,,,,,,,,,,,,,,,,,,,,,,,,,,,,0.2014294094930318,0.6613929583846427,0.6886359104256915,,,,,0.13859368808505143,,,,,,,,21.680768044408644,21.680768044408644,20.14765981942128,20.14765981942128,20.06124203225261,20.06124203225261,,,,,,,0.007807161208244168,,0.9157524378803323,0.9157524378803323,0.5783612517813901,0.5783612517813901,64.58224966016786,64.58224966016786,,21.88000030517578,21.88000030517578,19.41190483456566,19.41190483456566,19.47952379499163,19.47952379499163,,,19.04000003814697,,,26210140.731811522838000,48558684.10051437,,,,,,,
2025-05-05,,,,,,,21.719999313354492,22.250000000000000,21.620000839233400,21.829999923706055,1400700,,,,,21.829999923706055,,,,,,,,,,,,,,,,,,,,,,,,,,,,,,,,,,,,,,,,,,,,,,,,,,,,,,,,,,,,,,,,,,,,,,,,,,,,,,,,,,,,,,,,,,,,,,,,,,,,,,,,,,,,,,,,,,,,,,,,,,,,,,,,,,,,,,,,,,,,,0.19985601680672022,0.5964989896351529,0.6862620916289268,,,,,0.19741005719465002,,,,,,,,21.730512004174447,21.730512004174447,20.300599828901714,20.300599828901714,20.11651571636053,20.11651571636053,,,,,,,-0.0013733436023838019,,0.9258640352968648,0.9258640352968648,0.647861808484485,0.647861808484485,64.29428922702299,64.29428922702299,,21.878000259399414,21.878000259399414,19.580000105358305,19.580000105358305,19.502222212534104,19.502222212534104,,,19.076600036621095,,,30577280.893135071238500,48518689.203879945,,,,,,,
2025-05-06,,,,,,,21.639999389648438,22.420000076293945,21.635000228881836,22.110000610351562,2595500,,,,,22.110000610351562,,,,,,,,,,,,,,,,,,,,,,,,,,,,,,,,,,,,,,,,,,,,,,,,,,,,,,,,,,,,,,,,,,,,,,,,,,,,,,,,,,,,,,,,,,,,,,,,,,,,,,,,,,,,,,,,,,,,,,,,,,,,,,,,,,,,,,,,,,,,,0.18463382795832461,0.5622185696077447,0.6866192718508296,,,,,0.19925753768550294,,,,,,,,21.857008206233488,21.857008206233488,20.465090809033516,20.465090809033516,20.178812119297753,20.178812119297753,,,,,,,0.01274485540764146,,0.9455713070188949,0.9455713070188949,0.707403708191367,0.707403708191367,65.82583555643768,65.82583555643768,,21.862000274658204,21.862000274658204,19.800952548072452,19.800952548072452,19.52777777777778,19.52777777777778,,,19.122600059509278,,,57386506.584167479171000,48874426.60997784,,,,,,,
2025-05-07,,,,,,,20.139999389648438,21.940000534057617,20.049999237060547,21.110000610351562,3275700,,,,,21.110000610351562,,,,,,,,,,,,,,,,,,,,,,,,,,,,,,,,,,,,,,,,,,,,,,,,,,,,,,,,,,,,,,,,,,,,,,,,,,,,,,,,,,,,,,,,,,,,,,,,,,,,,,,,,,,,,,,,,,,,,,,,,,,,,,,,,,,,,,,,,,,,,0.3709549461120302,0.580139399722327,0.6623286592388437,,,,,0.20584685489086962,,,,,,,,21.608005674272846,21.608005674272846,20.523718972789702,20.523718972789702,20.207911759643185,20.207911759643185,,,,,,,-0.04628313170144094,,0.8704636560088765,0.8704636560088765,0.740015697754869,0.740015697754869,56.504077404003226,56.504077404003226,,21.72000045776367,21.72000045776367,19.9985716683524,19.9985716683524,19.502857147701203,19.502857147701203,,,19.14240005493164,,,69150028.999328611643400,48304238.095462136,,,,,,,
2025-05-08,,,,,,,21.180000305175780,21.379999160766600,20.500000000000000,21.309999465942383,1839800,,,,,21.309999465942383,,,,,,,,,,,,,,,,,,,,,,,,,,,,,,,,,,,,,,,,,,,,,,,,,,,,,,,,,,,,,,,,,,,,,,,,,,,,,,,,,,,,,,,,,,,,,,,,,,,,,,,,,,,,,,,,,,,,,,,,,,,,,,,,,,,,,,,,,,,,,0.38834452677633935,0.5595963213825206,0.662466321818115,,,,,0.2771829343121264,,,,,,,,21.508670271496023,21.508670271496023,20.595199017621766,20.595199017621766,20.242352000465033,20.242352000465033,,,,,,,0.009429530276023444,,0.8176531412076002,0.8176531412076002,0.7555431864454152,0.7555431864454152,57.79147824089397,57.79147824089397,,21.644000244140624,21.644000244140624,20.230952580769856,20.230952580769856,19.478571422516353,19.478571422516353,,,19.1696000289917,,,39206137.017440796243400,47912715.50166418,,,,,,,
2025-05-09,,,,,,,21.469999313354492,21.489999771118164,20.829999923706055,21.209999084472656,1761700,,,,,21.209999084472656,,,,,,,,,,,,,,,,,,,,,,,,,,,,,,,,,,,,,,,,,,,,,,,,,,,,,,,,,,,,,,,,,,,,,,,,,,,,,,,,,,,,,,,,,,,,,,,,,,,,,,,,,,,,,,,,,,,,,,,,,,,,,,,,,,,,,,,,,,,,,0.3752609226370483,0.4813877843279665,0.6598672850177345,,,,,0.2334212404113203,,,,,,,,21.409113209154903,21.409113209154903,20.65108993279003,20.65108993279003,20.272590971840273,20.272590971840273,,,,,,,-0.004703695637464934,,0.7589821588248853,0.7589821588248853,0.7562309809213092,0.7562309809213092,56.88486758156671,56.88486758156671,,21.513999938964844,21.513999938964844,20.383333478655135,20.383333478655135,19.463492045326838,19.463492045326838,,,19.209000015258788,,,37365655.387115478075200,47867191.051888846,,,,,,,
2025-05-12,,,,,,,22.149999618530273,22.280000686645508,20.950000762939453,21.370000839233400,2112100,,,,,21.370000839233400,,,,,,,,,,,,,,,,,,,,,,,,,,,,,,,,,,,,,,,,,,,,,,,,,,,,,,,,,,,,,,,,,,,,,,,,,,,,,,,,,,,,,,,,,,,,,,,,,,,,,,,,,,,,,,,,,,,,,,,,,,,,,,,,,,,,,,,,,,,,,0.3873321737906955,0.4453350817016359,0.660057266622038,,,,,0.2204942513604643,,,,,,,,21.396075752514403,21.396075752514403,20.716445469739426,20.716445469739426,20.306885030196305,20.306885030196305,,,,,,,0.0075153831909241945,,0.7171291683484036,0.7171291683484036,0.7484106184067281,0.7484106184067281,58.019645538616146,58.019645538616146,,21.422000122070312,21.422000122070312,20.57904779343378,20.57904779343378,19.451904751005628,19.451904751005628,,,19.24360004425049,,,45135578.772544864140000,47885128.48066603,,,,,,,
2025-05-13,,,,,,,21.569999694824220,21.659999847412110,21.139999389648438,21.149999618530273,2175200,,,,,21.149999618530273,,,,,,,,,,,,,,,,,,,,,,,,,,,,,,,,,,,,,,,,,,,,,,,,,,,,,,,,,,,,,,,,,,,,,,,,,,,,,,,,,,,,,,,,,,,,,,,,,,,,,,,,,,,,,,,,,,,,,,,,,,,,,,,,,,,,,,,,,,,,,0.35696813875310607,0.42562257745864346,0.6476971892101331,,,,,0.1343521642767442,,,,,,,,21.31405037451969,21.31405037451969,20.755859483265866,20.755859483265866,20.333232361081745,20.333232361081745,,,,,,,-0.010348221146729914,,0.6586159967412364,0.6586159967412364,0.7304516940736298,0.7304516940736298,55.84325456384403,55.84325456384403,,21.229999923706053,21.229999923706053,20.721904936290922,20.721904936290922,19.45857141888331,19.45857141888331,,,19.297800025939942,,,46005479.170227049829600,47786503.24770307,,,,,,,
2025-05-14,,,,,,,21.280000686645508,21.319999694824220,20.770000457763672,20.979999542236328,1549600,,,,,20.979999542236328,,,,,,,,,,,,,,,,,,,,,,,,,,,,,,,,,,,,,,,,,,,,,,,,,,,,,,,,,,,,,,,,,,,,,,,,,,,,,,,,,,,,,,,,,,,,,,,,,,,,,,,,,,,,,,,,,,,,,,,,,,,,,,,,,,,,,,,,,,,,,0.14464662027469224,0.42652441715652584,0.6474682430239788,,,,,0.13857135083652836,,,,,,,,21.202700097091903,21.202700097091903,20.77623585226318,20.77623585226318,20.353443835492826,20.353443835492826,,,,,,,-0.008070306306792386,,0.5917054887208231,0.5917054887208231,0.7027024530030684,0.7027024530030684,54.15284541201929,54.15284541201929,,21.203999710083007,21.203999710083007,20.84000015258789,20.84000015258789,19.46634919302804,19.46634919302804,,,19.343200035095215,,,32510607.290649413868800,47715912.6874409,,,,,,,
2025-05-15,,,,,,,20.920000076293945,22.040000915527344,20.819999694824220,21.600000381469727,2844600,,,,,21.600000381469727,,,,,,,,,,,,,,,,,,,,,,,,,,,,,,,,,,,,,,,,,,,,,,,,,,,,,,,,,,,,,,,,,,,,,,,,,,,,,,,,,,,,,,,,,,,,,,,,,,,,,,,,,,,,,,,,,,,,,,,,,,,,,,,,,,,,,,,,,,,,,0.2587195090627117,0.4332763870389814,0.6462090089770519,,,,,0.1359703283345693,,,,,,,,21.335133525217845,21.335133525217845,20.8511235367365,20.8511235367365,20.392398727554603,20.392398727554603,,,,,,,0.02912375120165384,,0.5819983999403071,0.5819983999403071,0.6785616423905162,0.6785616423905162,59.02446723785814,59.02446723785814,,21.261999893188477,21.261999893188477,20.975238255092076,20.975238255092076,19.49476190597292,19.49476190597292,,,19.390200042724608,,,61443361.085128785424200,48123694.81520274,,,,,,,
2025-05-16,,,,,,,21.569999694824220,21.909999847412110,20.700000762939453,21.840000152587890,2525600,,,,,21.840000152587890,,,,,,,,,,,,,,,,,,,,,,,,,,,,,,,,,,,,,,,,,,,,,,,,,,,,,,,,,,,,,,,,,,,,,,,,,,,,,,,,,,,,,,,,,,,,,,,,,,,,,,,,,,,,,,,,,,,,,,,,,,,,,,,,,,,,,,,,,,,,,0.254442710297771,0.43197755867535975,0.6464856761570361,,,,,0.14865176774491856,,,,,,,,21.50342240100786,21.50342240100786,20.94102141090481,20.94102141090481,20.43763627208689,20.43763627208689,,,,,,,0.011049825512574631,,0.5869059514414587,0.5869059514414587,0.6602305042007046,0.6602305042007046,60.76252982972456,60.76252982972456,,21.388000106811525,21.388000106811525,21.124762035551527,21.124762035551527,19.527142872886053,19.527142872886053,,,19.460400047302247,,,55159104.385375974984000,48534376.17256528,,,,,,,
2025-05-19,,,,,,,21.409999847412110,22.229999542236328,21.250000000000000,22.040000915527344,1722500,,,,,22.040000915527344,,,,,,,,,,,,,,,,,,,,,,,,,,,,,,,,,,,,,,,,,,,,,,,,,,,,,,,,,,,,,,,,,,,,,,,,,,,,,,,,,,,,,,,,,,,,,,,,,,,,,,,,,,,,,,,,,,,,,,,,,,,,,,,,,,,,,,,,,,,,,0.2553531161111868,0.43191015487932,0.6194561743048503,,,,,0.1559927263964551,,,,,,,,21.682281905847688,21.682281905847688,21.04092863859777,21.04092863859777,20.487710167194408,20.487710167194408,,,,,,,0.009115867960736797,,0.600016989103441,0.600016989103441,0.648187801181252,0.648187801181252,62.20140133098384,62.20140133098384,,21.522000122070313,21.522000122070313,21.27952394031343,21.27952394031343,19.532063529604958,19.532063529604958,,,19.501400070190428,,,37963901.576995850040000,48200587.26494199,,,,,,,
2025-05-20,,,,,,,22.000000000000000,22.909999847412110,21.700000762939453,21.899999618530273,2239900,,,,,21.899999618530273,,,,,,,,,,,,,,,,,,,,,,,,,,,,,,,,,,,,,,,,,,,,,,,,,,,,,,,,,,,,,,,,,,,,,,,,,,,,,,,,,,,,,,,,,,,,,,,,,,,,,,,,,,,,,,,,,,,,,,,,,,,,,,,,,,,,,,,,,,,,,0.24026017029493837,0.42352970164008513,0.6176950546068387,,,,,0.12443622234912968,,,,,,,,21.754854476741883,21.754854476741883,21.119026000409814,21.119026000409814,20.531844212548652,20.531844212548652,,,,,,,-0.006372406420320057,,0.5922831745299746,0.5922831745299746,0.6370068758509965,0.6370068758509965,60.52814128870441,60.52814128870441,,21.672000122070312,21.672000122070312,21.445238204229447,21.445238204229447,19.542857185242667,19.542857185242667,,,19.56820007324219,,,49053809.145545958492700,48172320.26161618,,,,,,,
2025-05-21,,,,,,,21.719999313354492,21.764999389648438,20.219999313354492,20.649999618530273,2493900,,,,,20.649999618530273,,,,,,,,,,,,,,,,,,,,,,,,,,,,,,,,,,,,,,,,,,,,,,,,,,,,,,,,,,,,,,,,,,,,,,,,,,,,,,,,,,,,,,,,,,,,,,,,,,,,,,,,,,,,,,,,,,,,,,,,,,,,,,,,,,,,,,,,,,,,,0.5323166779292832,0.4673556709983639,0.627383421492184,,,,,0.06867837655209588,,,,,,,,21.38656952400468,21.38656952400468,21.076387238420764,21.076387238420764,20.535536568985577,20.535536568985577,,,,,,,-0.05877131846981466,,0.47975915257606516,0.47975915257606516,0.6055573311960102,0.6055573311960102,48.089426580783446,48.089426580783446,,21.6060001373291,21.6060001373291,21.516666775658017,21.516666775658017,19.541269877600293,19.541269877600293,,,19.640400047302247,,,51499034.048652647834700,48350434.69095987,,,,,,,
2025-05-22,,,,,,,20.629999160766600,21.209999084472656,20.534999847412110,21.209999084472656,1441900,,,,,21.209999084472656,,,,,,,,,,,,,,,,,,,,,,,,,,,,,,,,,,,,,,,,,,,,,,,,,,,,,,,,,,,,,,,,,,,,,,,,,,,,,,,,,,,,,,,,,,,,,,,,,,,,,,,,,,,,,,,,,,,,,,,,,,,,,,,,,,,,,,,,,,,,,0.5234638401059977,0.4645540559743829,0.6251322844203582,,,,,0.15242053521566043,,,,,,,,21.32771271082734,21.32771271082734,21.088533769880026,21.088533769880026,20.55661352259455,20.55661352259455,,,,,,,0.026757424477767452,,0.43080428761525624,0.43080428761525624,0.5706067224798594,0.5706067224798594,52.77195499036874,52.77195499036874,,21.527999877929688,21.527999877929688,21.586190541585285,21.586190541585285,19.56047621227446,19.56047621227446,,,19.69620002746582,,,30582697.679901122686400,48203588.62238687,,,,,,,
2025-05-23,,,,,,,20.989999771118164,20.989999771118164,20.372999191284180,20.540000915527344,1351500,,,,,20.540000915527344,,,,,,,,,,,,,,,,,,,,,,,,,,,,,,,,,,,,,,,,,,,,,,,,,,,,,,,,,,,,,,,,,,,,,,,,,,,,,,,,,,,,,,,,,,,,,,,,,,,,,,,,,,,,,,,,,,,,,,,,,,,,,,,,,,,,,,,,,,,,,0.5366204655288824,0.3472186583947367,0.6282880523658705,,,,,0.06769787932407971,,,,,,,,21.065142112394007,21.065142112394007,21.038667146757057,21.038667146757057,20.556094378623698,20.556094378623698,,,,,,,-0.03209847633838881,,0.33409273848377197,0.33409273848377197,0.5233039256806419,0.5233039256806419,47.277214775546945,47.277214775546945,,21.268000030517577,21.268000030517577,21.531904856363933,21.531904856363933,19.57206353687105,19.57206353687105,,,19.7496000289917,,,27759811.237335205416000,48214563.669483244,,,,,,,
2025-05-27,,,,,,,21.040000915527344,21.319999694824220,20.570999145507812,21.250000000000000,1552500,,,,,21.250000000000000,,,,,,,,,,,,,,,,,,,,,,,,,,,,,,,,,,,,,,,,,,,,,,,,,,,,,,,,,,,,,,,,,,,,,,,,,,,,,,,,,,,,,,,,,,,,,,,,,,,,,,,,,,,,,,,,,,,,,,,,,,,,,,,,,,,,,,,,,,,,,0.6214057059532326,0.36709237019823526,0.6311509650889442,,,,,0.06887095112888197,,,,,,,,21.12676140826267,21.12676140826267,21.057879224324598,21.057879224324598,20.577778929291707,20.577778929291707,,,,,,,0.03398264629711581,,0.3111523607063944,0.3111523607063944,0.48087361268579243,0.48087361268579243,52.87670495855282,52.87670495855282,,21.10999984741211,21.10999984741211,21.500000090826127,21.500000090826127,19.59000003148639,19.59000003148639,,,19.816600036621093,,,32990625.000000000000000,48148388.994086735,,,,,,,
2025-05-28,,,,,,,21.250000000000000,21.440000534057617,20.629999160766600,20.680000305175780,1233200,,,,,20.680000305175780,,,,,,,,,,,,,,,,,,,,,,,,,,,,,,,,,,,,,,,,,,,,,,,,,,,,,,,,,,,,,,,,,,,,,,,,,,,,,,,,,,,,,,,,,,,,,,,,,,,,,,,,,,,,,,,,,,,,,,,,,,,,,,,,,,,,,,,,,,,,,0.6368300120867187,0.37774916787631196,0.6333822323589317,,,,,0.03146612994675574,,,,,,,,20.97784104056704,20.97784104056704,21.02352659531107,21.02352659531107,20.580973347288086,20.580973347288086,,,,,,,-0.02718983097314818,,0.2441631732799472,0.2441631732799472,0.43353152480462337,0.43353152480462337,48.429739150006554,48.429739150006554,,20.86599998474121,20.86599998474121,21.44476200285412,21.44476200285412,19.601587325807603,19.601587325807603,,,19.853600044250488,,,25502576.376342771896000,48172526.779153615,,,,,,,
2025-05-29,,,,,,,20.860000610351562,20.985000610351562,20.100000381469727,20.360000610351562,1897600,,,,,20.360000610351562,,,,,,,,,,,,,,,,,,,,,,,,,,,,,,,,,,,,,,,,,,,,,,,,,,,,,,,,,,,,,,,,,,,,,,,,,,,,,,,,,,,,,,,,,,,,,,,,,,,,,,,,,,,,,,,,,,,,,,,,,,,,,,,,,,,,,,,,,,,,,0.49208240357019634,0.37405380232424407,0.6298419675574841,,,,,-0.01739295926326148,,,,,,,,20.771894230495214,20.771894230495214,20.96320605122384,20.96320605122384,20.57406794925882,20.57406794925882,,,,,,,-0.015594842736981486,,0.16336923968886552,0.16336923968886552,0.3794990677814718,0.3794990677814718,46.08641711256628,46.08641711256628,,20.80800018310547,20.80800018310547,21.35761914934431,21.35761914934431,19.619365116906543,19.619365116906543,,,19.89140007019043,,,38635137.158203124051200,48299438.4858631,,,,,,,
2025-05-30,,,,,,,20.399999618530273,20.739999771118164,20.069999694824220,20.659999847412110,5625700,,,,,20.659999847412110,,,,,,,,,,,,,,,,,,,,,,,,,,,,,,,,,,,,,,,,,,,,,,,,,,,,,,,,,,,,,,,,,,,,,,,,,,,,,,,,,,,,,,,,,,,,,,,,,,,,,,,,,,,,,,,,,,,,,,,,,,,,,,,,,,,,,,,,,,,,,0.45204159519460074,0.3764357618488952,0.629198492401281,,,,,0.05345317202059201,,,,,,,,20.734596102800847,20.734596102800847,20.93564185087732,20.93564185087732,20.576753321076108,20.576753321076108,,,,,,,0.014627234645528746,,0.12213895462160451,0.12213895462160451,0.3280270451494983,0.3280270451494983,48.597490682157144,48.597490682157144,,20.698000335693358,20.698000335693358,21.3023810613723,21.3023810613723,19.635555600363112,19.635555600363112,,,19.924000053405763,,,116226961.141586307227000,49495567.41303338,,,,,,,
2025-06-02,,,,,,,20.389999389648438,20.552999496459960,19.110000610351562,19.319999694824220,4415400,,,,,19.319999694824220,,,,,,,,,,,,,,,,,,,,,,,,,,,,,,,,,,,,,,,,,,,,,,,,,,,,,,,,,,,,,,,,,,,,,,,,,,,,,,,,,,,,,,,,,,,,,,,,,,,,,,,,,,,,,,,,,,,,,,,,,,,,,,,,,,,,,,,,,,,,,0.6198287522111592,0.4378031072282112,0.6309024026424054,,,,,0.021345755196448032,,,,,,,,20.263063966808637,20.263063966808637,20.78876529123613,20.78876529123613,20.53747977025574,20.53747977025574,,,,,,,-0.06705864331730103,,-0.0184504712600031,-0.0184504712600031,0.25873154186759806,0.25873154186759806,39.70245012894637,39.70245012894637,,20.454000091552736,20.454000091552736,21.189523878551665,21.189523878551665,19.6495238410102,19.6495238410102,,,19.944000053405762,,,85305526.652526860988000,50268265.7875061,,,,,,,
2025-06-03,,,,,,,19.440000534057617,21.479999542236328,19.340000152587890,21.309999465942383,4946100,,,,,21.309999465942383,,,,,,,,,,,,,,,,,,,,,,,,,,,,,,,,,,,,,,,,,,,,,,,,,,,,,,,,,,,,,,,,,,,,,,,,,,,,,,,,,,,,,,,,,,,,,,,,,,,,,,,,,,,,,,,,,,,,,,,,,,,,,,,,,,,,,,,,,,,,,0.981870527406279,0.5653721578779399,0.6597658189864218,,,,,0.11889957374465544,,,,,,,,20.612042466519885,20.612042466519885,20.836150216209425,20.836150216209425,20.561621010745945,20.561621010745945,,,,,,,0.09803560806063993,,0.030357800417796454,0.030357800417796454,0.21305679357763774,0.21305679357763774,53.35641720718972,53.35641720718972,,20.46599998474121,20.46599998474121,21.163333347865514,21.163333347865514,19.690793688335116,19.690793688335116,,,20.003800048828126,,,105401388.358497620556300,51289987.84094008,,,,,,,
2025-06-04,,,,,,,21.409999847412110,21.680000305175780,20.809999465942383,21.280000686645508,3023200,,,,,21.280000686645508,,,,,,,,,,,,,,,,,,,,,,,,,,,,,,,,,,,,,,,,,,,,,,,,,,,,,,,,,,,,,,,,,,,,,,,,,,,,,,,,,,,,,,,,,,,,,,,,,,,,,,,,,,,,,,,,,,,,,,,,,,,,,,,,,,,,,,,,,,,,,0.9525823302552153,0.5653722972524698,0.6576110682356378,,,,,0.128728690532283,,,,,,,,20.83469520656176,20.83469520656176,20.876500258976343,20.876500258976343,20.584070375617806,20.584070375617806,,,,,,,-0.0014087243085444995,,0.06585887645600508,0.06585887645600508,0.1836172101533112,0.1836172101533112,53.160988897000685,53.160988897000685,,20.586000061035158,20.586000061035158,21.137142908005487,21.137142908005487,19.723015921456472,19.723015921456472,,,20.056000061035157,,,64333698.075866699785600,51611618.762779236,,,,,,,
2025-06-05,,,,,,,21.579999923706055,21.950000762939453,21.219999313354492,21.829999923706055,2495600,,,,,21.829999923706055,,,,,,,,,,,,,,,,,,,,,,,,,,,,,,,,,,,,,,,,,,,,,,,,,,,,,,,,,,,,,,,,,,,,,,,,,,,,,,,,,,,,,,,,,,,,,,,,,,,,,,,,,,,,,,,,,,,,,,,,,,,,,,,,,,,,,,,,,,,,,0.9392473212885879,0.5710488646984968,0.6511755033264655,,,,,0.1504796194717243,,,,,,,,21.166463445609857,21.166463445609857,20.96318204667904,20.96318204667904,20.623005673995564,20.623005673995564,,,,,,,0.025517470326320443,,0.13679716432602618,0.13679716432602618,0.1742532009878542,0.1742532009878542,56.31983369084284,56.31983369084284,,20.879999923706055,20.879999923706055,21.123809541974747,21.123809541974747,19.77857147701203,19.77857147701203,,,20.117800064086914,,,54478947.809600830858000,51924514.58745079,,,,,,,
2025-06-06,,,,,,,22.659999847412110,23.218999862670900,22.399999618530273,22.409999847412110,3685100,,,,,22.409999847412110,,,,,,,,,,,,,,,,,,,,,,,,,,,,,,,,,,,,,,,,,,,,,,,,,,,,,,,,,,,,,,,,,,,,,,,,,,,,,,,,,,,,,,,,,,,,,,,,,,,,,,,,,,,,,,,,,,,,,,,,,,,,,,,,,,,,,,,,,,,,,0.9433777634353205,0.5529235177409683,0.6304000515241338,,,,,0.07386636360360058,,,,,,,,21.580975579543942,21.580975579543942,21.094710937654774,21.094710937654774,20.678849241914833,20.678849241914833,,,,,,,0.026222113936976155,,0.2370844531315015,0.2370844531315015,0.18681945141658365,0.18681945141658365,59.42729059062342,59.42729059062342,,21.229999923706053,21.229999923706053,21.18571426754906,21.18571426754906,19.816984176635742,19.816984176635742,,,20.197000045776367,,,82583090.437698366561000,52083965.03615303,,,,,,,
2025-06-09,,,,,,,23.139999389648438,23.700000762939453,22.809999465942383,23.129999160766600,3509200,,,,,23.129999160766600,,,,,,,,,,,,,,,,,,,,,,,,,,,,,,,,,,,,,,,,,,,,,,,,,,,,,,,,,,,,,,,,,,,,,,,,,,,,,,,,,,,,,,,,,,,,,,,,,,,,,,,,,,,,,,,,,,,,,,,,,,,,,,,,,,,,,,,,,,,,,0.5871677961966688,0.5615311966973008,0.6138349968607842,,,,,0.02522071680868474,,,,,,,,22.097316773284827,22.097316773284827,21.279737139755852,21.279737139755852,20.75544767687895,20.75544767687895,,,,,,,0.031623158956102376,,0.370391140832087,0.370391140832087,0.22353378929968432,0.22353378929968432,62.95089674860222,62.95089674860222,,21.99199981689453,21.99199981689453,21.27238091968355,21.27238091968355,19.889523854331365,19.889523854331365,,,20.291600036621094,,,81167793.054962152720000,52828299.036807105,,,,,,,
2025-06-10,,,,,,,23.110000610351562,23.274999618530273,21.889999389648438,22.309999465942383,2394300,,,,,22.309999465942383,,,,,,,,,,,,,,,,,,,,,,,,,,,,,,,,,,,,,,,,,,,,,,,,,,,,,,,,,,,,,,,,,,,,,,,,,,,,,,,,,,,,,,,,,,,,,,,,,,,,,,,,,,,,,,,,,,,,,,,,,,,,,,,,,,,,,,,,,,,,,0.45061165446532014,0.5778847432481078,0.5923307324891591,,,,,0.0030419740132877223,,,,,,,,22.16821100417068,22.16821100417068,21.373397351227354,21.373397351227354,20.80402742028718,20.80402742028718,,,,,,,-0.03609545545361488,,0.405199639690359,0.405199639690359,0.2598669593778193,0.2598669593778193,56.891025411776525,56.891025411776525,,22.19199981689453,22.19199981689453,21.324761890229723,21.324761890229723,19.973174624972874,19.973174624972874,,,20.376400032043456,,,53416831.721305847616900,52870193.21130117,,,,,,,
2025-06-11,,,,,,,22.500000000000000,22.580999374389650,21.659999847412110,22.389999389648438,2350400,,,,,22.389999389648438,,,,,,,,,,,,,,,,,,,,,,,,,,,,,,,,,,,,,,,,,,,,,,,,,,,,,,,,,,,,,,,,,,,,,,,,,,,,,,,,,,,,,,,,,,,,,,,,,,,,,,,,,,,,,,,,,,,,,,,,,,,,,,,,,,,,,,,,,,,,,0.4445841043528139,0.5776071923881807,0.5731374733709951,,,,,0.041852731374134165,,,,,,,,22.2421404659966,22.2421404659966,21.46581571835654,21.46581571835654,20.85358904432972,20.85358904432972,,,,,,,0.0035794188442525646,,0.4342353561890313,0.4342353561890313,0.2947406387400617,0.2947406387400617,57.322663101045976,57.322663101045976,,22.413999557495117,22.413999557495117,21.3733332497733,21.3733332497733,20.036190487089613,20.036190487089613,,,20.460200004577636,,,52625454.565429688675200,50600870.7312266,,,,,,,
2025-06-12,,,,,,,22.270000457763672,23.219999313354492,22.000000000000000,22.959999084472656,2778300,,,,,22.959999084472656,,,,,,,,,,,,,,,,,,,,,,,,,,,,,,,,,,,,,,,,,,,,,,,,,,,,,,,,,,,,,,,,,,,,,,,,,,,,,,,,,,,,,,,,,,,,,,,,,,,,,,,,,,,,,,,,,,,,,,,,,,,,,,,,,,,,,,,,,,,,,0.44376860859394335,0.5809496538273546,0.5707235423431611,,,,,0.10712831377834205,,,,,,,,22.481426672155283,22.481426672155283,21.601650569821643,21.601650569821643,20.91941435808419,20.91941435808419,,,,,,,0.025139128225824654,,0.4975056469795085,0.4975056469795085,0.335293640387951,0.335293640387951,60.36755751884295,60.36755751884295,,22.639999389648438,22.639999389648438,21.459523700532458,21.459523700532458,20.116984110029918,20.116984110029918,,,20.56199996948242,,,63789765.456390380164800,50699256.87014262,,,,,,,
2025-06-13,,,,,,,22.770000457763672,23.180000305175780,22.459999084472656,22.690000534057617,1855200,,,,,22.690000534057617,,,,,,,,,,,,,,,,,,,,,,,,,,,,,,,,,,,,,,,,,,,,,,,,,,,,,,,,,,,,,,,,,,,,,,,,,,,,,,,,,,,,,,,,,,,,,,,,,,,,,,,,,,,,,,,,,,,,,,,,,,,,,,,,,,,,,,,,,,,,,0.4388366726337985,0.5820712118910777,0.571583500793559,,,,,0.10116195098669402,,,,,,,,22.550951292789396,22.550951292789396,21.700591475661277,21.700591475661277,20.974745176083356,20.974745176083356,,,,,,,-0.011829209247594468,,0.5198684617027034,0.5198684617027034,0.3722086046509015,0.3722086046509015,58.247612732038704,58.247612732038704,,22.695999526977538,22.695999526977538,21.540952319190616,21.540952319190616,20.193015870593843,20.193015870593843,,,20.62159999847412,,,42094488.990783691058400,50308169.57510994,,,,,,,
2025-06-16,,,,,,,22.959999084472656,23.159999847412110,22.434999465942383,22.569999694824220,2605400,,,,,22.569999694824220,,,,,,,,,,,,,,,,,,,,,,,,,,,,,,,,,,,,,,,,,,,,,,,,,,,,,,,,,,,,,,,,,,,,,,,,,,,,,,,,,,,,,,,,,,,,,,,,,,,,,,,,,,,,,,,,,,,,,,,,,,,,,,,,,,,,,,,,,,,,,0.35457254166165014,0.5753258476284082,0.5638302216571524,,,,,0.05834820079967919,,,,,,,,22.557300760134336,22.557300760134336,21.779628586494272,21.779628586494272,21.02459687979401,21.02459687979401,,,,,,,-0.0053027450207437125,,0.5218920420546489,0.5218920420546489,0.402145292131651,0.402145292131651,57.28474318779391,57.28474318779391,,22.583999633789062,22.583999633789062,21.587142762683687,21.587142762683687,20.25238094632588,20.25238094632588,,,20.707000007629393,,,58803877.204895022788000,50355926.78829981,,,,,,,
2025-06-17,,,,,,,22.299999237060547,22.655000686645508,22.170000076293945,22.319999694824220,1389800,,,,,22.319999694824220,,,,,,,,,,,,,,,,,,,,,,,,,,,,,,,,,,,,,,,,,,,,,,,,,,,,,,,,,,,,,,,,,,,,,,,,,,,,,,,,,,,,,,,,,,,,,,,,,,,,,,,,,,,,,,,,,,,,,,,,,,,,,,,,,,,,,,,,,,,,,0.24294510459452012,0.5761066286917582,0.5627602102182656,,,,,0.009313371413492056,,,,,,,,22.478200405030965,22.478200405030965,21.828753232706088,21.828753232706088,21.065078217763702,21.065078217763702,,,,,,,-0.01113845346778237,,0.49758696065455155,0.49758696065455155,0.4212336258362311,0.4212336258362311,55.23616180599409,55.23616180599409,,22.58599967956543,22.58599967956543,21.60999988374256,21.60999988374256,20.313492063492063,20.313492063492063,,,20.80400001525879,,,31020335.575866700956000,50239917.15339176,,,,,,,
2025-06-18,,,,,,,22.239999771118164,22.489999771118164,21.639999389648438,21.879999160766600,2977200,,,,,21.879999160766600,,,,,,,,,,,,,,,,,,,,,,,,,,,,,,,,,,,,,,,,,,,,,,,,,,,,,,,,,,,,,,,,,,,,,,,,,,,,,,,,,,,,,,,,,,,,,,,,,,,,,,,,,,,,,,,,,,,,,,,,,,,,,,,,,,,,,,,,,,,,,0.27659067670232546,0.5797399052577572,0.5619077931373391,,,,,-0.03267352980724787,,,,,,,,22.278799990276177,22.278799990276177,21.833411953438862,21.833411953438862,21.090544497232543,21.090544497232543,,,,,,,-0.019910184642768555,,0.4377742535854381,0.4377742535854381,0.4245417513860725,0.4245417513860725,51.72982872051267,51.72982872051267,,22.48399963378906,22.48399963378906,21.602380752563477,21.602380752563477,20.35873013450986,20.35873013450986,,,20.902400016784668,,,65141133.501434321520000,50442805.8773949,,,,,,,
2025-06-20,,,,,,,21.979999542236328,22.120000839233400,21.559999465942383,21.840000152587890,1881400,,,,,21.840000152587890,,,,,,,,,,,,,,,,,,,,,,,,,,,,,,,,,,,,,,,,,,,,,,,,,,,,,,,,,,,,,,,,,,,,,,,,,,,,,,,,,,,,,,,,,,,,,,,,,,,,,,,,,,,,,,,,,,,,,,,,,,,,,,,,,,,,,,,,,,,,,0.10988740324565728,0.5793584596689421,0.5560047935859882,,,,,-0.006060824449346195,,,,,,,,22.132533377713415,22.132533377713415,21.834010880634228,21.834010880634228,21.1139649864624,21.1139649864624,,,,,,,-0.001829781334262149,,0.3827327615986853,0.3827327615986853,0.41617995342859504,0.41617995342859504,51.410336106897255,51.410336106897255,,22.25999984741211,22.25999984741211,21.59952363513765,21.59952363513765,20.414603157648965,20.414603157648965,,,21.010600013732912,,,41089776.287078856246000,50378654.40182156,,,,,,,
2025-06-23,,,,,,,21.690000534057617,22.139999389648438,21.309999465942383,21.909999847412110,1313600,,,,,21.909999847412110,,,,,,,,,,,,,,,,,,,,,,,,,,,,,,,,,,,,,,,,,,,,,,,,,,,,,,,,,,,,,,,,,,,,,,,,,,,,,,,,,,,,,,,,,,,,,,,,,,,,,,,,,,,,,,,,,,,,,,,,,,,,,,,,,,,,,,,,,,,,,0.14141932549389571,0.5386684935918595,0.5559763689152115,,,,,0.024715076292002317,,,,,,,,22.058355534279645,22.058355534279645,21.840918968523123,21.840918968523123,21.138841075867077,21.138841075867077,,,,,,,0.0031999887797423995,,0.3408314798674219,0.3408314798674219,0.4011102587163604,0.4011102587163604,51.96941012457169,51.96941012457169,,22.10399971008301,22.10399971008301,21.659523646036785,21.659523646036785,20.471587287055122,20.471587287055122,,,21.088600006103515,,,28780975.799560547696000,49738010.98835052,,,,,,,
2025-06-24,,,,,,,22.100000381469727,22.448999404907227,21.819999694824220,22.290000915527344,1159300,,,,,22.290000915527344,,,,,,,,,,,,,,,,,,,,,,,,,,,,,,,,,,,,,,,,,,,,,,,,,,,,,,,,,,,,,,,,,,,,,,,,,,,,,,,,,,,,,,,,,,,,,,,,,,,,,,,,,,,,,,,,,,,,,,,,,,,,,,,,,,,,,,,,,,,,,0.22429886018822537,0.5343153150388997,0.5557837248807102,,,,,0.008886438964785547,,,,,,,,22.135570661362213,22.135570661362213,21.881744600068963,21.881744600068963,21.17481482085646,21.17481482085646,,,,,,,0.017195041828161405,,0.3344321964248529,0.3344321964248529,0.3877746462580589,0.3877746462580589,54.99662894707409,54.99662894707409,,22.047999954223634,22.047999954223634,21.710952304658434,21.710952304658434,20.529047617836603,20.529047617836603,,,21.189200019836427,,,25840798.061370849899200,49623555.384006195,,,,,,,
2025-06-25,,,,,,,22.610000610351562,23.659999847412110,22.465000152587890,23.159999847412110,2911200,,,,,23.159999847412110,,,,,,,,,,,,,,,,,,,,,,,,,,,,,,,,,,,,,,,,,,,,,,,,,,,,,,,,,,,,,,,,,,,,,,,,,,,,,,,,,,,,,,,,,,,,,,,,,,,,,,,,,,,,,,,,,,,,,,,,,,,,,,,,,,,,,,,,,,,,,0.345859787200306,0.532742945468756,0.5602948007697593,,,,,0.028191462856162527,,,,,,,,22.477047056712177,22.477047056712177,21.997949622554703,21.997949622554703,21.236851852936326,21.236851852936326,,,,,,,0.0382884576451378,,0.39500894389028574,0.39500894389028574,0.38922150578450426,0.38922150578450426,61.04945289686473,61.04945289686473,,22.21599998474121,22.21599998474121,21.83571415855771,21.83571415855771,20.599206349206348,20.599206349206348,,,21.289400024414064,,,67423391.555786134632000,50211614.52570113,,,,,,,
2025-06-26,,,,,,,23.649999618530273,24.329999923706055,23.409999847412110,24.040000915527344,2755200,,,,,24.040000915527344,,,,,,,,,,,,,,,,,,,,,,,,,,,,,,,,,,,,,,,,,,,,,,,,,,,,,,,,,,,,,,,,,,,,,,,,,,,,,,,,,,,,,,,,,,,,,,,,,,,,,,,,,,,,,,,,,,,,,,,,,,,,,,,,,,,,,,,,,,,,,0.2962725498720266,0.5350739359970884,0.5629997113955042,,,,,0.02333173209578714,,,,,,,,22.998031676317233,22.998031676317233,22.18359064918858,22.18359064918858,21.324450261142292,21.324450261142292,,,,,,,0.03729250163413536,,0.5081673475502875,0.5081673475502875,0.4130106741376609,0.4130106741376609,66.02680686592153,66.02680686592153,,22.64800033569336,22.64800033569336,21.968571345011394,21.968571345011394,20.687936510358536,20.687936510358536,,,21.40020004272461,,,66235010.522460938188800,50833049.59558154,,,,,,,
2025-06-27,,,,,,,24.200000762939453,24.200000762939453,23.079999923706055,23.450000762939453,2825800,,,,,23.450000762939453,,,,,,,,,,,,,,,,,,,,,,,,,,,,,,,,,,,,,,,,,,,,,,,,,,,,,,,,,,,,,,,,,,,,,,,,,,,,,,,,,,,,,,,,,,,,,,,,,,,,,,,,,,,,,,,,,,,,,,,,,,,,,,,,,,,,,,,,,,,,,0.4176141824408875,0.5333096214188857,0.5658380214039287,,,,,0.024778130730889813,,,,,,,,23.14868803852464,23.14868803852464,22.29871884134775,22.29871884134775,21.390873714323455,21.390873714323455,,,,,,,-0.02484862032348698,,0.5439675963931307,0.5439675963931307,0.4392020585887549,0.4392020585887549,60.44942068707954,60.44942068707954,,22.97000045776367,22.97000045776367,22.100476128714426,22.100476128714426,20.768095258682493,20.768095258682493,,,21.494000053405763,,,66265012.155914306287400,51437579.95653607,,,,,,,
2025-06-30,,,,,,,23.739999771118164,23.819999694824220,23.420000076293945,23.610000610351562,1343400,,,,,23.610000610351562,,,,,,,,,,,,,,,,,,,,,,,,,,,,,,,,,,,,,,,,,,,,,,,,,,,,,,,,,,,,,,,,,,,,,,,,,,,,,,,,,,,,,,,,,,,,,,,,,,,,,,,,,,,,,,,,,,,,,,,,,,,,,,,,,,,,,,,,,,,,,0.4123757658315775,0.5275020566889677,0.5641013036258308,,,,,0.037298428184901894,,,,,,,,23.30245889580028,23.30245889580028,22.417926274893553,22.417926274893553,21.460221429824333,21.460221429824333,,,,,,,0.006799849521802335,,0.578580684067628,0.578580684067628,0.4670777836845295,0.4670777836845295,61.401628051619596,61.401628051619596,,23.310000610351562,23.310000610351562,22.25523803347633,22.25523803347633,20.85603178115118,20.85603178115118,,,21.592200050354005,,,31717674.819946288390800,50149724.491867185,,,,,,,
2025-07-01,,,,,,,23.489999771118164,23.989999771118164,23.110000610351562,23.899999618530273,1406700,,,,,23.899999618530273,,,,,,,,,,,,,,,,,,,,,,,,,,,,,,,,,,,,,,,,,,,,,,,,,,,,,,,,,,,,,,,,,,,,,,,,,,,,,,,,,,,,,,,,,,,,,,,,,,,,,,,,,,,,,,,,,,,,,,,,,,,,,,,,,,,,,,,,,,,,,0.41218158979018954,0.527130777700699,0.5642974804838389,,,,,-0.018344358108025142,,,,,,,,23.501639136710278,23.501639136710278,22.55266021522416,22.55266021522416,21.536464498221395,21.536464498221395,,,,,,,0.012208066027566912,,0.6222395119970301,0.6222395119970301,0.49811012934702964,0.49811012934702964,63.13409597536739,63.13409597536739,,23.632000350952147,23.632000350952147,22.40952373686291,22.40952373686291,20.946507953462145,20.946507953462145,,,21.694400024414062,,,33620129.463386535029100,49998566.20067415,,,,,,,
2025-07-02,,,,,,,23.969999313354492,24.325000762939453,23.639999389648438,24.299999237060547,1334000,,,,,24.299999237060547,,,,,,,,,,,,,,,,,,,,,,,,,,,,,,,,,,,,,,,,,,,,,,,,,,,,,,,,,,,,,,,,,,,,,,,,,,,,,,,,,,,,,,,,,,,,,,,,,,,,,,,,,,,,,,,,,,,,,,,,,,,,,,,,,,,,,,,,,,,,,0.35648740093727155,0.4537114979172106,0.5629254910033785,,,,,0.06627124533950769,,,,,,,,23.767759170160367,23.767759170160367,22.71150921720929,22.71150921720929,21.622824958810117,21.622824958810117,,,,,,,0.01659787597342857,,0.6812628993230874,0.6812628993230874,0.5347406833422412,0.5347406833422412,65.43839017505961,65.43839017505961,,23.860000228881837,23.860000228881837,22.646666572207497,22.646666572207497,21.048571420094323,21.048571420094323,,,21.812000007629393,,,32416198.982238769698000,49972924.44486467,,,,,,,
2025-07-03,,,,,,,24.350000381469727,24.569999694824220,24.040000915527344,24.209999084472656,814100,,,,,24.209999084472656,,,,,,,,,,,,,,,,,,,,,,,,,,,,,,,,,,,,,,,,,,,,,,,,,,,,,,,,,,,,,,,,,,,,,,,,,,,,,,,,,,,,,,,,,,,,,,,,,,,,,,,,,,,,,,,,,,,,,,,,,,,,,,,,,,,,,,,,,,,,,0.26229661990609987,0.32667827778250536,0.530348603097439,,,,,-0.022992417968717253,,,,,,,,23.91517247493113,23.91517247493113,22.847735568778685,22.847735568778685,21.70367415023707,21.70367415023707,,,,,,,-0.0037105858159325322,,0.7125631148356533,0.7125631148356533,0.5703051696409236,0.5703051696409236,64.46208467314223,64.46208467314223,,23.8939998626709,23.8939998626709,22.78476179213751,22.78476179213751,21.119999991522896,21.119999991522896,,,21.913199996948244,,,19709360.254669189249600,48440039.518768065,,,,,,,
2025-07-07,,,,,,,24.100000381469727,24.629999160766600,23.930000305175780,24.200000762939453,1448600,,,,,24.200000762939453,,,,,,,,,,,,,,,,,,,,,,,,,,,,,,,,,,,,,,,,,,,,,,,,,,,,,,,,,,,,,,,,,,,,,,,,,,,,,,,,,,,,,,,,,,,,,,,,,,,,,,,,,,,,,,,,,,,,,,,,,,,,,,,,,,,,,,,,,,,,,0.1343433620821528,0.32640895430377304,0.5065248463773695,,,,,-0.036490289494106896,,,,,,,,24.010115237600573,24.010115237600573,22.970668768247847,22.970668768247847,21.78168435688402,21.78168435688402,,,,,,,-0.00041306844482060363,,0.7281681114273475,0.7281681114273475,0.6018777579982084,0.6018777579982084,64.3472292469509,64.3472292469509,,24.043999862670898,24.043999862670898,22.923809414818173,22.923809414818173,21.21365080939399,21.21365080939399,,,22.00220001220703,,,35056121.105194091615800,48023158.30704825,,,,,,,
2025-07-08,,,,,,,24.239999771118164,24.670000076293945,24.030000686645508,24.200000762939453,2005800,,,,,24.200000762939453,,,,,,,,,,,,,,,,,,,,,,,,,,,,,,,,,,,,,,,,,,,,,,,,,,,,,,,,,,,,,,,,,,,,,,,,,,,,,,,,,,,,,,,,,,,,,,,,,,,,,,,,,,,,,,,,,,,,,,,,,,,,,,,,,,,,,,,,,,,,,0.14123458963318905,0.31919451142217914,0.49598184830147757,,,,,-0.09534097020361576,,,,,,,,24.07341041271353,24.07341041271353,23.08242622231072,23.08242622231072,21.857256744573252,21.857256744573252,,,,,,,0,,0.7320960362621207,0.7320960362621207,0.6279214136509909,0.6279214136509909,64.3472292469509,64.3472292469509,,24.161999893188476,24.161999893188476,23.03666659763881,23.03666659763881,21.32047622922867,21.32047622922867,,,22.052600021362306,,,48540361.530303954827400,47928653.42882853,,,,,,,
2025-07-09,,,,,,,24.270000457763672,24.420000076293945,23.784999847412110,24.090000152587890,1016100,,,,,24.090000152587890,,,,,,,,,,,,,,,,,,,,,,,,,,,,,,,,,,,,,,,,,,,,,,,,,,,,,,,,,,,,,,,,,,,,,,,,,,,,,,,,,,,,,,,,,,,,,,,,,,,,,,,,,,,,,,,,,,,,,,,,,,,,,,,,,,,,,,,,,,,,,0.13693640354276826,0.3110002988920605,0.49134490316234075,,,,,-0.016894401612471424,,,,,,,,24.078940326004986,24.078940326004986,23.174023852335917,23.174023852335917,21.92702997607371,21.92702997607371,,,,,,,-0.004555841728207928,,0.718055518013319,0.718055518013319,0.6459482345234565,0.6459482345234565,62.91684901874784,62.91684901874784,,24.2,24.2,23.11666661217099,23.11666661217099,21.433650849357484,21.433650849357484,,,22.096000022888184,,,24477849.155044555029000,47589633.676913425,,,,,,,
2025-07-10,,,,,,,24.010000228881836,24.319999694824220,23.819999694824220,24.020000457763672,1252500,,,,,24.020000457763672,,,,,,,,,,,,,,,,,,,,,,,,,,,,,,,,,,,,,,,,,,,,,,,,,,,,,,,,,,,,,,,,,,,,,,,,,,,,,,,,,,,,,,,,,,,,,,,,,,,,,,,,,,,,,,,,,,,,,,,,,,,,,,,,,,,,,,,,,,,,,0.0320448557504623,0.29412194377862244,0.48579600612800017,,,,,0.0006129919050402109,,,,,,,,24.05929370325788,24.05929370325788,23.25093081646571,23.25093081646571,21.99243530362652,21.99243530362652,,,,,,,-0.0029099872514136713,,0.693288121872147,0.693288121872147,0.6554162119931946,0.6554162119931946,61.97277011867458,61.97277011867458,,24.144000244140624,24.144000244140624,23.159047626313708,23.159047626313708,21.554127042255704,21.554127042255704,,,22.139600028991698,,,30085050.573348999180000,47457542.91278597,,,,,,,
2025-07-11,,,,,,,23.799999237060547,23.995000839233400,23.209999084472656,23.680000305175780,1426700,,,,,23.680000305175780,,,,,,,,,,,,,,,,,,,,,,,,,,,,,,,,,,,,,,,,,,,,,,,,,,,,,,,,,,,,,,,,,,,,,,,,,,,,,,,,,,,,,,,,,,,,,,,,,,,,,,,,,,,,,,,,,,,,,,,,,,,,,,,,,,,,,,,,,,,,,0.09209862081991194,0.2671637734617231,0.4550051158729372,,,,,0.03213006090954268,,,,,,,,23.93286257056385,23.93286257056385,23.289937133621173,23.289937133621173,22.045171709924936,22.045171709924936,,,,,,,-0.014256012806146724,,0.6388602281434501,0.6388602281434501,0.6521050152232457,0.6521050152232457,57.46258724123095,57.46258724123095,,24.03800048828125,24.03800048828125,23.2242857615153,23.2242857615153,21.64412704346672,21.64412704346672,,,22.169400024414063,,,33784256.435394285326000,46942674.446021184,,,,,,,
2025-07-14,,,,,,,23.500000000000000,24.270000457763672,23.200000762939453,24.159999847412110,1356400,,,,,24.159999847412110,,,,,,,,,,,,,,,,,,,,,,,,,,,,,,,,,,,,,,,,,,,,,,,,,,,,,,,,,,,,,,,,,,,,,,,,,,,,,,,,,,,,,,,,,,,,,,,,,,,,,,,,,,,,,,,,,,,,,,,,,,,,,,,,,,,,,,,,,,,,,0.19995210821884607,0.2737642852869401,0.4459247646919085,,,,,0.025101382054626486,,,,,,,,24.008574996179934,24.008574996179934,23.369033743965804,23.369033743965804,22.11126008922141,22.11126008922141,,,,,,,0.020067543847594575,,0.6272273947948861,0.6272273947948861,0.6471294911375738,0.6471294911375738,61.700330693480375,61.700330693480375,,24.030000305175783,24.030000305175783,23.308571497599285,23.308571497599285,21.753650846935454,21.753650846935454,,,22.21620002746582,22.656549997329712,0,32770623.793029786004000,47027507.51632812,,,,,,,
2025-07-15,,,,,,,24.200000762939453,24.489999771118164,23.700000762939453,23.739999771118164,1846800,,,,,23.739999771118164,,,,,,,,,,,,,,,,,,,,,,,,,,,,,,,,,,,,,,,,,,,,,,,,,,,,,,,,,,,,,,,,,,,,,,,,,,,,,,,,,,,,,,,,,,,,,,,,,,,,,,,,,,,,,,,,,,,,,,,,,,,,,,,,,,,,,,,,,,,,,0.23398733436990043,0.27140869353880964,0.43871414205589654,,,,,-0.06238655550378556,,,,,,,,23.919049921159345,23.919049921159345,23.40275792825238,23.40275792825238,22.162158204280683,22.162158204280683,,,,,,,-0.017536987210557676,,0.5774611814436987,0.5774611814436987,0.6331958291987988,0.6331958291987988,56.40520803301695,56.40520803301695,,23.938000106811522,23.938000106811522,23.345714387439546,23.345714387439546,21.842381008087642,21.842381008087642,,,22.257200012207033,22.627699995040892,0,43843031.577301025275200,47065736.04725126,,,,,,,
2025-07-16,,,,,,,23.899999618530273,24.370000839233400,23.479999542236328,24.290000915527344,1051100,,,,,24.290000915527344,,,,,,,,,,,,,,,,,,,,,,,,,,,,,,,,,,,,,,,,,,,,,,,,,,,,,,,,,,,,,,,,,,,,,,,,,,,,,,,,,,,,,,,,,,,,,,,,,,,,,,,,,,,,,,,,,,,,,,,,,,,,,,,,,,,,,,,,,,,,,0.3004487173692564,0.2763925917049812,0.43930252339326686,,,,,-0.021360631563980773,,,,,,,,24.042700252615344,24.042700252615344,23.483416381641014,23.483416381641014,22.22865328900714,22.22865328900714,,,,,,,0.022903401165281157,,0.5757645394098105,0.5757645394098105,0.6217095712410011,0.6217095712410011,61.111787749710324,61.111787749710324,,23.978000259399415,23.978000259399415,23.421904881795246,23.421904881795246,21.934285784524583,21.934285784524583,,,22.305800018310546,22.60914999961853,0,25531219.962310791278400,46937371.284748256,,,,,,,
2025-07-17,,,,,,,24.399999618530273,25.690000534057617,24.395000457763672,25.540000915527344,2748900,,,,,25.540000915527344,,,,,,,,,,,,,,,,,,,,,,,,,,,,,,,,,,,,,,,,,,,,,,,,,,,,,,,,,,,,,,,,,,,,,,,,,,,,,,,,,,,,,,,,,,,,,,,,,,,,,,,,,,,,,,,,,,,,,,,,,,,,,,,,,,,,,,,,,,,,,0.4492239380467225,0.31840738354190185,0.44841126075621657,,,,,0.08205338832772106,,,,,,,,24.54180047358601,24.54180047358601,23.670378611994316,23.670378611994316,22.3321329023359,22.3321329023359,,,,,,,0.050181105745581656,,0.6675889419256009,0.6675889419256009,0.630885445377921,0.630885445377921,69.23989945056816,69.23989945056816,,24.28200035095215,24.28200035095215,23.56333351135254,23.56333351135254,22.04190484304277,22.04190484304277,,,22.380000038146974,22.601800003051757,0,70206908.516693115921600,47268968.42625633,,,,,,,
2025-07-18,,,,,,,25.659999847412110,25.860000610351562,25.059999465942383,25.239999771118164,2351400,,,,,25.239999771118164,,,,,,,,,,,,,,,,,,,,,,,,,,,,,,,,,,,,,,,,,,,,,,,,,,,,,,,,,,,,,,,,,,,,,,,,,,,,,,,,,,,,,,,,,,,,,,,,,,,,,,,,,,,,,,,,,,,,,,,,,,,,,,,,,,,,,,,,,,,,,0.44039302245280204,0.31887207586816,0.4493734333070332,,,,,0.059433859799623144,,,,,,,,24.774533572763396,24.774533572763396,23.813071444641942,23.813071444641942,22.423003741985344,22.423003741985344,,,,,,,-0.011815857846401575,,0.7079915712152953,0.7079915712152953,0.6463066705453959,0.6463066705453959,65.69114385145454,65.69114385145454,,24.594000244140624,24.594000244140624,23.702381134033203,23.702381134033203,22.145714351109095,22.145714351109095,,,22.442600021362306,22.59965000152588,0,59349335.461807250829600,47545598.168342836,,,,,,,
2025-07-21,,,,,,,25.430000305175780,25.514999389648438,24.680999755859375,24.739999771118164,1719800,,,,,24.739999771118164,,,,,,,,,,,,,,,,,,,,,,,,,,,,,,,,,,,,,,,,,,,,,,,,,,,,,,,,,,,,,,,,,,,,,,,,,,,,,,,,,,,,,,,,,,,,,,,,,,,,,,,,,,,,,,,,,,,,,,,,,,,,,,,,,,,,,,,,,,,,,0.48784485943893285,0.31897250919066383,0.45209553911182343,,,,,0.05649301458966901,,,,,,,,24.76302230554832,24.76302230554832,23.89733765613978,23.89733765613978,22.495409867895745,22.495409867895745,,,,,,,-0.02000867089194097,,0.6916917329526306,0.6916917329526306,0.6553836830268428,0.6553836830268428,60.15714977591007,60.15714977591007,,24.710000228881835,24.710000228881835,23.83857163928804,23.83857163928804,22.240158777388316,22.240158777388316,,,22.515200004577636,22.56210000038147,0,42547851.606369018447200,47752105.63131363,,,,,,,
2025-07-22,,,,,,,24.569999694824220,25.030000686645508,24.250000000000000,24.909999847412110,1506700,,,,,24.909999847412110,,,,,,,,,,,,,,,,,,,,,,,,,,,,,,,,,,,,,,,,,,,,,,,,,,,,,,,,,,,,,,,,,,,,,,,,,,,,,,,,,,,,,,,,,,,,,,,,,,,,,,,,,,,,,,,,,,,,,,,,,,,,,,,,,,,,,,,,,,,,,0.44665589887909624,0.3177541643703209,0.44941987205865697,,,,,0.08639305696873781,,,,,,,,24.812014819502917,24.812014819502917,23.989397855346354,23.989397855346354,22.57086580475563,22.57086580475563,,,,,,,0.006847965435668531,,0.6845999371753848,0.6845999371753848,0.6612269338565513,0.6612269338565513,61.3493586918754,61.3493586918754,,24.944000244140625,24.944000244140625,23.984762100946334,23.984762100946334,22.343174646771143,22.343174646771143,,,22.58720001220703,22.55789999961853,1,37531896.770095826137000,47905039.07027472,,,,,,,
2025-07-23,,,,,,,25.250000000000000,25.479999542236328,25.040000915527344,25.409999847412110,1113500,,,,,25.409999847412110,,,,,,,,,,,,,,,,,,,,,,,,,,,,,,,,,,,,,,,,,,,,,,,,,,,,,,,,,,,,,,,,,,,,,,,,,,,,,,,,,,,,,,,,,,,,,,,,,,,,,,,,,,,,,,,,,,,,,,,,,,,,,,,,,,,,,,,,,,,,,0.44146751940403023,0.32096216919344467,0.4451520071548896,,,,,0.09178691270790296,,,,,,,,25.011343162139312,25.011343162139312,24.118543490988696,24.118543490988696,22.659588743588646,22.659588743588646,,,,,,,0.01987346817851831,,0.7111280181228388,0.7111280181228388,0.6712071507098087,0.6712071507098087,64.69545302906774,64.69545302906774,,25.16800003051758,25.16800003051758,24.151428767613,24.151428767613,22.44253972976927,22.44253972976927,,,22.67120002746582,22.558599996566773,1,28294034.830093384485000,47740773.20678045,,,,,,,
2025-07-24,,,,,,,25.360000610351562,25.670000076293945,25.159999847412110,25.309999465942383,1199600,,,,,25.309999465942383,,,,,,,,,,,,,,,,,,,,,,,,,,,,,,,,,,,,,,,,,,,,,,,,,,,,,,,,,,,,,,,,,,,,,,,,,,,,,,,,,,,,,,,,,,,,,,,,,,,,,,,,,,,,,,,,,,,,,,,,,,,,,,,,,,,,,,,,,,,,,0.24860116322532194,0.3209023594723944,0.4422066698410611,,,,,0.06156595255508512,,,,,,,,25.110895263407002,25.110895263407002,24.22685767052994,24.22685767052994,22.7424140786622,22.7424140786622,,,,,,,-0.003943237870663738,,0.7158308657208607,0.7158308657208607,0.6801318937120191,0.6801318937120191,63.511190291666665,63.511190291666665,,25.121999740600586,25.121999740600586,24.29523822239467,24.29523822239467,22.53079368954613,22.53079368954613,,,22.75,22.558149995803834,1,30361875.359344482646800,47274331.545817666,,,,,,,
2025-07-25,,,,,,,25.649999618530273,25.690000534057617,24.850000381469727,25.590000152587890,818500,,,,,25.590000152587890,,,,,,,,,,,,,,,,,,,,,,,,,,,,,,,,,,,,,,,,,,,,,,,,,,,,,,,,,,,,,,,,,,,,,,,,,,,,,,,,,,,,,,,,,,,,,,,,,,,,,,,,,,,,,,,,,,,,,,,,,,,,,,,,,,,,,,,,,,,,,0.2434629082595701,0.2995756239787643,0.40361028804605265,,,,,0.06988614889456883,,,,,,,,25.270596893133966,25.270596893133966,24.35077971435339,24.35077971435339,22.83140114347238,22.83140114347238,,,,,,,0.011002102678115175,,0.7336940533352418,0.7336940533352418,0.6908443256366636,0.6908443256366636,65.41991162705784,65.41991162705784,,25.19199981689453,25.19199981689453,24.410952522641136,24.410952522641136,22.592857179187593,22.592857179187593,,,22.83880001068115,22.55375,1,20945415.124893187965000,46416772.91200123,,,,,,,
2025-07-28,,,,,,,25.690000534057617,25.729999542236328,24.979999542236328,25.239999771118164,1162000,,,,,25.239999771118164,,,,,,,,,,,,,,,,,,,,,,,,,,,,,,,,,,,,,,,,,,,,,,,,,,,,,,,,,,,,,,,,,,,,,,,,,,,,,,,,,,,,,,,,,,,,,,,,,,,,,,,,,,,,,,,,,,,,,,,,,,,,,,,,,,,,,,,,,,,,,0.20819722676631428,0.281356387695042,0.4045615707474053,,,,,0.030097198377448047,,,,,,,,25.26039785246203,25.26039785246203,24.431617901332007,24.431617901332007,22.906669850586308,22.906669850586308,,,,,,,-0.013771627529697341,,0.7114079841029337,0.7114079841029337,0.6949570573299176,0.6949570573299176,61.116291501745074,61.116291501745074,,25.29199981689453,25.29199981689453,24.468095325288317,24.468095325288317,22.645555587041947,22.645555587041947,,,22.924000015258787,22.55220000267029,1,29328879.734039306568000,46043261.79374816,,,,,,,
2025-07-29,,,,,,,25.479999542236328,25.590000152587890,24.610000610351562,24.969999313354492,1874200,,,,,24.969999313354492,,,,,,,,,,,,,,,,,,,,,,,,,,,,,,,,,,,,,,,,,,,,,,,,,,,,,,,,,,,,,,,,,,,,,,,,,,,,,,,,,,,,,,,,,,,,,,,,,,,,,,,,,,,,,,,,,,,,,,,,,,,,,,,,,,,,,,,,,,,,,0.2294565676947547,0.26813416362743986,0.4052305426113587,,,,,0.04601281874034504,,,,,,,,25.163598339426184,25.163598339426184,24.480561666061323,24.480561666061323,22.971148896297816,22.971148896297816,,,,,,,-0.010754951811931283,,0.6643016770012871,0.6643016770012871,0.6888259812641916,0.6888259812641916,57.94925893476406,57.94925893476406,,25.30399971008301,25.30399971008301,24.540476208641415,24.540476208641415,22.69523811340332,22.69523811340332,,,22.991399993896483,22.553299999237062,1,46798772.713088988906400,46291544.78573875,,,,,,,
2025-07-30,,,,,,,24.889999389648438,25.030000686645508,23.941999435424805,24.340000152587890,2203900,,,,,24.340000152587890,,,,,,,,,,,,,,,,,,,,,,,,,,,,,,,,,,,,,,,,,,,,,,,,,,,,,,,,,,,,,,,,,,,,,,,,,,,,,,,,,,,,,,,,,,,,,,,,,,,,,,,,,,,,,,,,,,,,,,,,,,,,,,,,,,,,,,,,,,,,,0.21368096759528563,0.2852218554367309,0.40797558967180975,,,,,0.02819968712700413,,,,,,,,24.88906561048009,24.88906561048009,24.467783346654645,24.467783346654645,23.01392549805688,23.01392549805688,,,,,,,-0.02555398296446384,,0.5695682933476611,0.5695682933476611,0.6649744436808854,0.6649744436808854,51.27284703256662,51.27284703256662,,25.089999771118165,25.089999771118165,24.57523809160505,24.57523809160505,22.72936509147523,22.72936509147523,,,23.041399993896484,22.5475,1,53642926.336288450771000,46677769.462418936,,,,,,,
2025-07-31,,,,,,,24.250000000000000,25.030000686645508,24.139999389648438,24.969999313354492,1727200,,,,,24.969999313354492,,,,,,,,,,,,,,,,,,,,,,,,,,,,,,,,,,,,,,,,,,,,,,,,,,,,,,,,,,,,,,,,,,,,,,,,,,,,,,,,,,,,,,,,,,,,,,,,,,,,,,,,,,,,,,,,,,,,,,,,,,,,,,,,,,,,,,,,,,,,,0.32685711669182516,0.29513891469233894,0.40905702823527346,,,,,0.039654851763348695,,,,,,,,24.91604351143822,24.91604351143822,24.51343934362736,24.51343934362736,23.07505280478493,23.07505280478493,,,,,,,0.025553982964463744,,0.5391125179155445,0.5391125179155445,0.6398020585278172,0.6398020585278172,56.651284819418535,56.651284819418535,,25.021999740600585,25.021999740600585,24.626190458025253,24.626190458025253,22.779365085420153,22.779365085420153,,,23.099999961853026,22.542399997711183,1,43128182.814025878582400,46741893.833223976,,,,,,,
2025-08-01,,,,,,,24.729999542236328,24.780000686645508,23.520000457763672,24.159999847412110,1537000,,,,,24.159999847412110,,,,,,,,,,,,,,,,,,,,,,,,,,,,,,,,,,,,,,,,,,,,,,,,,,,,,,,,,,,,,,,,,,,,,,,,,,,,,,,,,,,,,,,,,,,,,,,,,,,,,,,,,,,,,,,,,,,,,,,,,,,,,,,,,,,,,,,,,,,,,0.358275065732055,0.3137972380030938,0.4147593344757609,,,,,0.0017354441810331857,,,,,,,,24.664028956762852,24.664028956762852,24.481308480335066,24.481308480335066,23.10895739986703,23.10895739986703,,,,,,,-0.03297671004197231,,0.4444920809871036,0.4444920809871036,0.6007400630196745,0.6007400630196745,49.140967902165656,49.140967902165656,,24.73599967956543,24.73599967956543,24.619523820422945,24.619523820422945,22.81857142372737,22.81857142372737,,,23.145199966430663,22.52869999885559,1,37133919.765472413070000,46618787.39925869,,,,,,,
2025-08-04,,,,,,,24.299999237060547,24.479999542236328,24.100000381469727,24.479999542236328,1467300,,,,,24.479999542236328,,,,,,,,,,,,,,,,,,,,,,,,,,,,,,,,,,,,,,,,,,,,,,,,,,,,,,,,,,,,,,,,,,,,,,,,,,,,,,,,,,,,,,,,,,,,,,,,,,,,,,,,,,,,,,,,,,,,,,,,,,,,,,,,,,,,,,,,,,,,,0.39649189107799887,0.31689580624436103,0.41521677036786286,,,,,0.05527805245175595,,,,,,,,24.602685818587343,24.602685818587343,24.481189485962453,24.481189485962453,23.15180246681607,23.15180246681607,,,,,,,0.013158072193738468,,0.39082086439396946,0.39082086439396946,0.5587562232945336,0.5587562232945336,51.8563859696996,51.8563859696996,,24.583999633789062,24.583999633789062,24.632380985078356,24.632380985078356,22.86015870836046,22.86015870836046,,,23.221799964904786,22.509200000762938,1,35919503.328323364074400,46772904.26586999,,,,,,,
2025-08-05,,,,,,,24.159999847412110,25.360000610351562,24.069999694824220,25.309999465942383,1961200,,,,,25.309999465942383,,,,,,,,,,,,,,,,,,,,,,,,,,,,,,,,,,,,,,,,,,,,,,,,,,,,,,,,,,,,,,,,,,,,,,,,,,,,,,,,,,,,,,,,,,,,,,,,,,,,,,,,,,,,,,,,,,,,,,,,,,,,,,,,,,,,,,,,,,,,,0.47899149797344576,0.33659482426613435,0.4199181447717632,,,,,0.11861089419870186,,,,,,,,24.838457034372357,24.838457034372357,24.55653584777881,24.55653584777881,23.21924612303877,23.21924612303877,,,,,,,0.033343114511747186,,0.41052778702383463,0.41052778702383463,0.5291105360403937,0.5291105360403937,58.10450269268293,58.10450269268293,,24.65199966430664,24.65199966430664,24.685238066173735,24.685238066173735,22.915396796332466,22.915396796332466,,,23.30379997253418,22.492249994277955,1,49637970.952606201539600,47075454.90173461,,,,,,,
2025-08-06,,,,,,,23.739999771118164,25.860000610351562,23.680000305175780,25.739999771118164,2612200,,,,,25.739999771118164,,,,,,,,,,,,,,,,,,,,,,,,,,,,,,,,,,,,,,,,,,,,,,,,,,,,,,,,,,,,,,,,,,,,,,,,,,,,,,,,,,,,,,,,,,,,,,,,,,,,,,,,,,,,,,,,,,,,,,,,,,,,,,,,,,,,,,,,,,,,,0.41118143436720245,0.34028688447066613,0.42041077517044534,,,,,0.2126499478012408,,,,,,,,25.138971279954294,25.138971279954294,24.664123477173295,24.664123477173295,23.298019674541248,23.298019674541248,,,,,,,0.016846639819536397,,0.455591322978357,0.455591322978357,0.5144066934279864,0.5144066934279864,60.9332437441561,60.9332437441561,,24.931999588012694,24.931999588012694,24.75857135227748,24.75857135227748,22.97301583063035,22.97301583063035,,,23.407799949645995,22.476299991607664,1,67238027.402114868000800,47231828.24805123,,,,,,,
2025-08-07,,,,,,,25.870000839233400,26.149999618530273,25.121999740600586,25.879999160766600,1713400,,,,,25.879999160766600,,,,,,,,,,,,,,,,,,,,,,,,,,,,,,,,,,,,,,,,,,,,,,,,,,,,,,,,,,,,,,,,,,,,,,,,,,,,,,,,,,,,,,,,,,,,,,,,,,,,,,,,,,,,,,,,,,,,,,,,,,,,,,,,,,,,,,,,,,,,,0.3912133639294296,0.3392723908813645,0.40862129102299144,,,,,0.2329985696402062,,,,,,,,25.385980573558395,25.385980573558395,24.77465763022723,24.77465763022723,23.37870653348579,23.37870653348579,,,,,,,0.005424243928912299,,0.49687363068701274,0.49687363068701274,0.5109000808797917,0.5109000808797917,61.83671360939953,61.83671360939953,,25.113999557495116,25.113999557495116,24.843809400285995,24.843809400285995,23.048730093335347,23.048730093335347,,,23.500399932861328,22.45724998474121,1,44342790.562057492440000,46838062.55857074,,,,,,,
2025-08-08,,,,,,,25.770000457763672,25.909999847412110,25.069999694824220,25.129999160766600,1299800,,,,,25.129999160766600,,,,,,,,,,,,,,,,,,,,,,,,,,,,,,,,,,,,,,,,,,,,,,,,,,,,,,,,,,,,,,,,,,,,,,,,,,,,,,,,,,,,,,,,,,,,,,,,,,,,,,,,,,,,,,,,,,,,,,,,,,,,,,,,,,,,,,,,,,,,,0.3682974071384857,0.3574266075943081,0.413580358143196,,,,,0.20779104442532045,,,,,,,,25.30065343596113,25.30065343596113,24.806961405730814,24.806961405730814,23.433434428088315,23.433434428088315,,,,,,,-0.02940811904500272,,0.46372588167599105,0.46372588167599105,0.5014652410390316,0.5014652410390316,54.55755737142712,54.55755737142712,,25.307999420166016,25.307999420166016,24.89666648138137,24.89666648138137,23.109365009126208,23.109365009126208,,,23.589399909973146,22.436399984359742,1,32663972.909164426680000,46734218.68383619,,,,,,,
2025-08-11,,,,,,,25.049999237060547,25.379999160766600,24.944999694824220,25.350000381469727,1169600,,,,,25.350000381469727,,,,,,,,,,,,,,,,,,,,,,,,,,,,,,,,,,,,,,,,,,,,,,,,,,,,,,,,,,,,,,,,,,,,,,,,,,,,,,,,,,,,,,,,,,,,,,,,,,,,,,,,,,,,,,,,,,,,,,,,,,,,,,,,,,,,,,,,,,,,,0.3656219198196554,0.35297073880346747,0.4134857335091518,,,,,0.2304387874041353,,,,,,,,25.31710241779733,25.31710241779733,24.85632858534344,24.85632858534344,23.493327114131485,23.493327114131485,,,,,,,0.00871642692548564,,0.4500207525448019,0.4500207525448019,0.4911763433401856,0.4911763433401856,56.18680853803737,56.18680853803737,,25.481999588012695,25.481999588012695,24.976190294538224,24.976190294538224,23.175079315427748,23.175079315427748,,,23.68919990539551,22.418349990844728,1,29649360.446166992699200,46611737.81175765,,,,,,,
2025-08-12,,,,,,,25.780000686645508,26.000000000000000,25.495000839233400,25.649999618530273,1452400,,,,,25.649999618530273,,,,,,,,,,,,,,,,,,,,,,,,,,,,,,,,,,,,,,,,,,,,,,,,,,,,,,,,,,,,,,,,,,,,,,,,,,,,,,,,,,,,,,,,,,,,,,,,,,,,,,,,,,,,,,,,,,,,,,,,,,,,,,,,,,,,,,,,,,,,,0.2923715868436607,0.3491358394449208,0.41376868449041304,,,,,0.18236015239467043,,,,,,,,25.428068151374976,25.428068151374976,24.928480497451336,24.928480497451336,23.560723129893947,23.560723129893947,,,,,,,0.011764811659356923,,0.45808623720702,0.45808623720702,0.4845583221135525,0.4845583221135525,58.37823359735255,58.37823359735255,,25.549999618530272,25.549999618530272,25.047142664591473,25.047142664591473,23.24301580398802,23.24301580398802,,,23.78899990081787,22.401749992370604,1,37254059.445953368505200,46486634.33038318,,,,,,,
2025-08-13,,,,,,,25.950000762939453,26.625000000000000,25.809999465942383,26.530000686645508,2746300,,,,,26.530000686645508,,,,,,,,,,,,,,,,,,,,,,,,,,,,,,,,,,,,,,,,,,,,,,,,,,,,,,,,,,,,,,,,,,,,,,,,,,,,,,,,,,,,,,,,,,,,,,,,,,,,,,,,,,,,,,,,,,,,,,,,,,,,,,,,,,,,,,,,,,,,,0.3605791474274849,0.3565096730217346,0.41740931608937987,,,,,0.28400303119397485,,,,,,,,25.795378996465153,25.795378996465153,25.074073241923532,25.074073241923532,23.653513053542433,23.653513053542433,,,,,,,0.03373263728683474,,0.5293845085475049,0.5293845085475049,0.493523559400343,0.493523559400343,64.05733633706909,64.05733633706909,,25.707999801635744,25.707999801635744,25.179999851045153,25.179999851045153,23.328412646339054,23.328412646339054,,,23.933199920654296,22.390049991607665,1,72859340.885734558620400,46912886.103645205,,,,,,,
2025-08-14,,,,,,,26.299999237060547,26.399999618530273,25.319999694824220,25.440000534057617,1409100,,,,,25.440000534057617,,,,,,,,,,,,,,,,,,,,,,,,,,,,,,,,,,,,,,,,,,,,,,,,,,,,,,,,,,,,,,,,,,,,,,,,,,,,,,,,,,,,,,,,,,,,,,,,,,,,,,,,,,,,,,,,,,,,,,,,,,,,,,,,,,,,,,,,,,,,,0.49684910030659857,0.3857340811682145,0.4266573820599926,,,,,0.2264577387536476,,,,,,,,25.676919508995976,25.676919508995976,25.107339359390267,25.107339359390267,23.709340787308534,23.709340787308534,,,,,,,-0.04195343456674695,,0.4922605265303588,0.4922605265303588,0.49327095282634614,0.49327095282634614,54.1937189861366,54.1937189861366,,25.620000076293945,25.620000076293945,25.234761737641833,25.234761737641833,23.3992063128759,23.3992063128759,,,24.015799942016603,22.367399997711182,1,35847504.752540588114700,46965852.73002443,,,,,,,
2025-08-15,,,,,,,25.319999694824220,25.399999618530273,24.950000762939453,25.180000305175780,1235500,,,,,25.180000305175780,,,,,,,,,,,,,,,,,,,,,,,,,,,,,,,,,,,,,,,,,,,,,,,,,,,,,,,,,,,,,,,,,,,,,,,,,,,,,,,,,,,,,,,,,,,,,,,,,,,,,,,,,,,,,,,,,,,,,,,,,,,,,,,,,,,,,,,,,,,,,0.45019744135647277,0.34576697970336734,0.424143444476424,,,,,0.17564435011453455,,,,,,,,25.511279774389244,25.511279774389244,25.113944899916223,25.113944899916223,23.755298897241886,23.755298897241886,,,,,,,-0.01027271872878204,,0.4368242200644623,0.4368242200644623,0.48198160627396935,0.48198160627396935,52.13166153012068,52.13166153012068,,25.63000030517578,25.63000030517578,25.217618851434615,25.217618851434615,23.45603170849028,23.45603170849028,,,24.093799934387206,22.345050001144408,1,31109890.377044676190000,46484369.067991346,,,,,,,
2025-08-18,,,,,,,25.665000915527344,26.079999923706055,25.100000381469727,25.129999160766600,1443500,,,,,25.129999160766600,,,,,,,,,,,,,,,,,,,,,,,,,,,,,,,,,,,,,,,,,,,,,,,,,,,,,,,,,,,,,,,,,,,,,,,,,,,,,,,,,,,,,,,,,,,,,,,,,,,,,,,,,,,,,,,,,,,,,,,,,,,,,,,,,,,,,,,,,,,,,0.4441088176015649,0.3434456460594148,0.42386845703049575,,,,,0.17856923246955272,,,,,,,,25.384186236515028,25.384186236515028,25.11540437817535,25.11540437817535,23.798258280477032,23.798258280477032,,,,,,,-0.00198772257614811,,0.38442446735268376,0.38442446735268376,0.4624701784897122,0.4624701784897122,51.72406046029142,51.72406046029142,,25.586000061035158,25.586000061035158,25.21238072713216,25.21238072713216,23.50825391496931,23.50825391496931,,,24.159799919128417,22.31630000114441,1,36275153.788566587100000,46184623.82042295,,,,,,,
2025-08-19,,,,,,,25.149999618530273,25.299999237060547,24.350000381469727,24.370000839233400,1630400,,,,,24.370000839233400,,,,,,,,,,,,,,,,,,,,,,,,,,,,,,,,,,,,,,,,,,,,,,,,,,,,,,,,,,,,,,,,,,,,,,,,,,,,,,,,,,,,,,,,,,,,,,,,,,,,,,,,,,,,,,,,,,,,,,,,,,,,,,,,,,,,,,,,,,,,,0.46461303493684225,0.3530841424100007,0.42869402381273114,,,,,0.1764866558563056,,,,,,,,25.046124437421152,25.046124437421152,25.047640420089717,25.047640420089717,23.816125235438168,23.816125235438168,,,,,,,-0.03070941608555539,,0.27836297770003426,0.27836297770003426,0.42564873833177663,0.42564873833177663,45.85536857584849,45.85536857584849,,25.33000030517578,25.33000030517578,25.194761730375745,25.194761730375745,23.54523804074242,23.54523804074242,,,24.198999938964842,22.284100008010864,1,39732849.368286135360000,46212702.35679263,,,,,,,
2025-08-20,,,,,,,24.200000762939453,24.405000686645508,23.770000457763672,24.149999618530273,1461000,,,,,24.149999618530273,,,,,,,,,,,,,,,,,,,,,,,,,,,,,,,,,,,,,,,,,,,,,,,,,,,,,,,,,,,,,,,,,,,,,,,,,,,,,,,,,,,,,,,,,,,,,,,,,,,,,,,,,,,,,,,,,,,,,,,,,,,,,,,,,,,,,,,,,,,,,0.26657645944319414,0.35309196711096447,0.4289315409200655,,,,,0.1539989373515478,,,,,,,,24.747416164457526,24.747416164457526,24.96603671085704,24.96603671085704,23.8265588099098,23.8265588099098,,,,,,,-0.009068537771532744,,0.17454418640383196,0.17454418640383196,0.37542782794618773,0.37542782794618773,44.28883364849986,44.28883364849986,,24.854000091552734,24.854000091552734,25.158571243286133,25.158571243286133,23.580952326456707,23.580952326456707,,,24.219399948120117,22.254250001907348,1,35283149.442672728853000,45994120.456747025,,,,,,,
2025-08-21,,,,,,,24.040000915527344,24.440000534057617,23.965000152587890,24.270000457763672,654900,,,,,24.270000457763672,,,,,,,,,,,,,,,,,,,,,,,,,,,,,,,,,,,,,,,,,,,,,,,,,,,,,,,,,,,,,,,,,,,,,,,,,,,,,,,,,,,,,,,,,,,,,,,,,,,,,,,,,,,,,,,,,,,,,,,,,,,,,,,,,,,,,,,,,,,,,0.2123890115465519,0.3454257231625335,0.411067886809891,,,,,0.13867048218749448,,,,,,,,24.588277595559575,24.588277595559575,24.902760687848552,24.902760687848552,23.84041636140523,23.84041636140523,,,,,,,0.004956674297072911,,0.10078828653620775,0.10078828653620775,0.3204999196641917,0.3204999196641917,45.38482493155677,45.38482493155677,,24.620000076293945,24.620000076293945,25.104285558064777,25.104285558064777,23.638412657238188,23.638412657238188,,,24.258599967956542,22.226900005340575,1,15894423.299789428792800,45428967.905177765,,,,,,,
2025-08-22,,,,,,,24.379999160766600,25.225000381469727,24.200000762939453,24.940000534057617,813300,,,,,24.940000534057617,,,,,,,,,,,,,,,,,,,,,,,,,,,,,,,,,,,,,,,,,,,,,,,,,,,,,,,,,,,,,,,,,,,,,,,,,,,,,,,,,,,,,,,,,,,,,,,,,,,,,,,,,,,,,,,,,,,,,,,,,,,,,,,,,,,,,,,,,,,,,0.3345964265417682,0.3600013173223127,0.4111824750265419,,,,,0.16671844938896896,,,,,,,,24.70551857505892,24.70551857505892,24.906146128413013,24.906146128413013,23.874778366800616,23.874778366800616,,,,,,,0.02723192306578125,,0.09530104017293084,0.09530104017293084,0.2754601437659395,0.2754601437659395,51.16179116411317,51.16179116411317,,24.572000122070314,24.572000122070314,25.086666561308363,25.086666561308363,23.697619029453822,23.697619029453822,,,24.309599990844728,22.19765000343323,1,20283702.434349059906100,45265491.79016901,,,,,,,
2025-08-25,,,,,,,24.899999618530273,25.639999389648438,24.809999465942383,25.209999084472656,1800100,,,,,25.209999084472656,,,,,,,,,,,,,,,,,,,,,,,,,,,,,,,,,,,,,,,,,,,,,,,,,,,,,,,,,,,,,,,,,,,,,,,,,,,,,,,,,,,,,,,,,,,,,,,,,,,,,,,,,,,,,,,,,,,,,,,,,,,,,,,,,,,,,,,,,,,,,0.346466064988904,0.3599062226835657,0.4053886677623498,,,,,0.1411798007843808,,,,,,,,24.8736787448635,24.8736787448635,24.933769124418433,24.933769124418433,23.91650401422787,23.91650401422787,,,,,,,0.010767743218201136,,0.11145420969153008,0.11145420969153008,0.24265895695105766,0.24265895695105766,53.3053003494937,53.3053003494937,,24.588000106811524,24.588000106811524,25.068571272350493,25.068571272350493,23.771745984516446,23.771745984516446,,,24.354599990844726,22.175550003051757,1,45380519.351959228065600,45545185.56976621,,,,,,,
2025-08-26,,,,,,,25.069999694824220,25.354999542236328,25.000000000000000,25.139999389648438,1172900,,,,,25.139999389648438,,,,,,,,,,,,,,,,,,,,,,,,,,,,,,,,,,,,,,,,,,,,,,,,,,,,,,,,,,,,,,,,,,,,,,,,,,,,,,,,,,,,,,,,,,,,,,,,,,,,,,,,,,,,,,,,,,,,,,,,,,,,,,,,,,,,,,,,,,,,,0.22146612858048825,0.35688241578971275,0.4007021670703568,,,,,0.1443850678704727,,,,,,,,24.962452293125146,24.962452293125146,24.952517330348435,24.952517330348435,23.954738244709763,23.954738244709763,,,,,,,-0.002780525999792764,,0.11725567215241739,0.11725567215241739,0.2175782999913296,0.2175782999913296,52.659994167768446,52.659994167768446,,24.74199981689453,24.74199981689453,25.063809349423362,25.063809349423362,23.833492006574357,23.833492006574357,,,24.40359996795654,22.15125,1,29486705.284118652930200,45489567.796498254,,,,,,,
2025-08-27,,,,,,,25.049999237060547,25.379999160766600,24.760000228881836,25.170000076293945,1039600,,,,,25.170000076293945,,,,,,,,,,,,,,,,,,,,,,,,,,,,,,,,,,,,,,,,,,,,,,,,,,,,,,,,,,,,,,,,,,,,,,,,,,,,,,,,,,,,,,,,,,,,,,,,,,,,,,,,,,,,,,,,,,,,,,,,,,,,,,,,,,,,,,,,,,,,,0.1859714943633616,0.3548194197428454,0.39610043634807984,,,,,0.17366568100088123,,,,,,,,25.031634887514745,25.031634887514745,24.972288489070753,24.972288489070753,23.992715176946767,23.992715176946767,,,,,,,0.0011926332943744747,,0.12285794769146818,0.12285794769146818,0.19863422953135731,0.19863422953135731,52.9230352704057,52.9230352704057,,24.945999908447266,24.945999908447266,25.073333195277623,25.073333195277623,23.904761844211155,23.904761844211155,,,24.455599975585937,22.12210000038147,1,26166732.079315185222000,45500109.95051369,,,,,,,
2025-08-28,,,,,,,25.270000457763672,25.290000915527344,24.360000610351562,25.250000000000000,1302200,,,,,25.250000000000000,,,,,,,,,,,,,,,,,,,,,,,,,,,,,,,,,,,,,,,,,,,,,,,,,,,,,,,,,,,,,,,,,,,,,,,,,,,,,,,,,,,,,,,,,,,,,,,,,,,,,,,,,,,,,,,,,,,,,,,,,,,,,,,,,,,,,,,,,,,,,0.18839059028276328,0.34209013059090115,0.3942707746681272,,,,,0.23490829700540256,,,,,,,,25.104423258343164,25.104423258343164,24.99753499006432,24.99753499006432,24.032005327667182,24.032005327667182,,,,,,,0.0031733435429982595,,0.13222886463233152,0.13222886463233152,0.18535315655155216,0.18535315655155216,53.66242208224685,53.66242208224685,,25.141999816894533,25.141999816894533,25.116666521344865,25.116666521344865,23.98238088214208,23.98238088214208,,,24.514199981689455,22.08914999961853,1,32880550.000000000000000,45408767.297208875,,,,,,,
2025-08-29,,,,,,,25.129999160766600,25.340000152587890,24.715000152587890,24.950000762939453,1138700,,,,,24.950000762939453,,,,,,,,,,,,,,,,,,,,,,,,,,,,,,,,,,,,,,,,,,,,,,,,,,,,,,,,,,,,,,,,,,,,,,,,,,,,,,,,,,,,,,,,,,,,,,,,,,,,,,,,,,,,,,,,,,,,,,,,,,,,,,,,,,,,,,,,,,,,,0.13233892408844702,0.33377501122344816,0.3947823740452933,,,,,0.18215733586271501,,,,,,,,25.052949093208593,25.052949093208593,24.993213696689335,24.993213696689335,24.06069268501944,24.06069268501944,,,,,,,-0.011952302945105986,,0.11413230640587457,0.11413230640587457,0.17110898652241663,0.17110898652241663,50.46175254626001,50.46175254626001,,25.1439998626709,25.1439998626709,25.11571420942034,25.11571420942034,24.0504761347695,24.0504761347695,,,24.57560001373291,22.046899995803834,1,28410565.868759155131100,44014856.261132255,,,,,,,
2025-09-02,,,,,,,24.620000839233400,25.020000457763672,24.479999542236328,24.979999542236328,926300,,,,,24.979999542236328,,,,,,,,,,,,,,,,,,,,,,,,,,,,,,,,,,,,,,,,,,,,,,,,,,,,,,,,,,,,,,,,,,,,,,,,,,,,,,,,,,,,,,,,,,,,,,,,,,,,,,,,,,,,,,,,,,,,,,,,,,,,,,,,,,,,,,,,,,,,,0.0961440427884134,0.31153471484375733,0.3682648669360773,,,,,0.21092333008958258,,,,,,,,25.028632576217838,25.028632576217838,24.99201240992088,24.99201240992088,24.089421024307466,24.089421024307466,,,,,,,0.001201633595961514,,0.10104650322186615,0.10104650322186615,0.15709648986230654,0.15709648986230654,50.77790660490994,50.77790660490994,,25.09799995422363,25.09799995422363,25.154761813935778,25.154761813935778,24.14031740218874,24.14031740218874,,,24.63840000152588,22.01039999961853,1,23138973.575973510626400,43028085.57737744,,,,,,,
2025-09-03,,,,,,,24.979999542236328,25.110000610351562,24.610000610351562,24.850000381469727,1097100,,,,,24.850000381469727,,,,,,,,,,,,,,,,,,,,,,,,,,,,,,,,,,,,,,,,,,,,,,,,,,,,,,,,,,,,,,,,,,,,,,,,,,,,,,,,,,,,,,,,,,,,,,,,,,,,,,,,,,,,,,,,,,,,,,,,,,,,,,,,,,,,,,,,,,,,,0.09916656227491716,0.309433037020514,0.31527924541468594,,,,,0.16327954652849008,,,,,,,,24.969088511301802,24.969088511301802,24.97910222551623,24.97910222551623,24.11318912921879,24.11318912921879,,,,,,,-0.00521771847869231,,0.0792722627946425,0.0792722627946425,0.14153164444877372,0.14153164444877372,49.30928971309191,49.30928971309191,,25.04000015258789,25.04000015258789,25.172380901518324,25.172380901518324,24.196507892911395,24.196507892911395,,,24.69720001220703,21.97845000267029,1,27262935.418510437491700,41787792.67356812,,,,,,,
2025-09-04,,,,,,,24.850000381469727,25.000000000000000,23.541000366210938,24.170000076293945,1744500,,,,,24.170000076293945,,,,,,,,,,,,,,,,,,,,,,,,,,,,,,,,,,,,,,,,,,,,,,,,,,,,,,,,,,,,,,,,,,,,,,,,,,,,,,,,,,,,,,,,,,,,,,,,,,,,,,,,,,,,,,,,,,,,,,,,,,,,,,,,,,,,,,,,,,,,,0.19806661991890742,0.3005010385723436,0.32093515575445297,,,,,0.0958339173438156,,,,,,,,24.702725699632516,24.702725699632516,24.90554748467784,24.90554748467784,24.114964471314885,24.114964471314885,,,,,,,-0.02774557002158497,,0.007064246516620187,0.007064246516620187,0.11463816486234302,0.11463816486234302,42.401102232249094,42.401102232249094,,24.84000015258789,24.84000015258789,25.118095216296968,25.118095216296968,24.242380899096293,24.242380899096293,,,24.734799995422364,21.951150007247925,1,42164565.133094787052500,41435901.674476504,,,,,,,
2025-09-05,,,,,,,24.420000076293945,24.434999465942383,23.805000305175780,24.239999771118164,1251100,,,,,24.239999771118164,,,,,,,,,,,,,,,,,,,,,,,,,,,,,,,,,,,,,,,,,,,,,,,,,,,,,,,,,,,,,,,,,,,,,,,,,,,,,,,,,,,,,,,,,,,,,,,,,,,,,,,,,,,,,,,,,,,,,,,,,,,,,,,,,,,,,,,,,,,,,0.19706443393744333,0.2931580711894671,0.31737287004630166,,,,,0.03557199863116357,,,,,,,,24.548483723461064,24.548483723461064,24.845043147081505,24.845043147081505,24.11887182443374,24.11887182443374,,,,,,,0.002891953886846593,,-0.04400546860430765,-0.04400546860430765,0.08290943816901289,0.08290943816901289,43.28200497309702,43.28200497309702,,24.638000106811525,24.638000106811525,25.046666644868395,25.046666644868395,24.28063486492823,24.28063486492823,,,24.756399993896483,21.940300006866455,1,30326663.713645934980400,41052532.08565182,,,,,,,
2025-09-08,,,,,,,24.219999313354492,24.256999969482422,23.860000610351562,24.090000152587890,1894900,,,,,24.090000152587890,,,,,,,,,,,,,,,,,,,,,,,,,,,,,,,,,,,,,,,,,,,,,,,,,,,,,,,,,,,,,,,,,,,,,,,,,,,,,,,,,,,,,,,,,,,,,,,,,,,,,,,,,,,,,,,,,,,,,,,,,,,,,,,,,,,,,,,,,,,,,0.194308756929735,0.29178277155172533,0.313779749354186,,,,,0.017473652703572755,,,,,,,,24.39565586650334,24.39565586650334,24.776402874854814,24.776402874854814,24.117969584688556,24.117969584688556,,,,,,,-0.006207328797937673,,-0.0954816483840375,-0.0954816483840375,0.04723122085840281,0.04723122085840281,41.80651439773962,41.80651439773962,,24.46599998474121,24.46599998474121,24.961428596859886,24.961428596859886,24.307301536438956,24.307301536438956,,,24.757399978637697,21.9347500038147,1,45648141.289138792761000,40466263.0515477,,,,,,,
2025-09-09,,,,,,,23.969999313354492,24.030000686645508,23.690000534057617,23.709999084472656,1247500,,,,,23.709999084472656,,,,,,,,,,,,,,,,,,,,,,,,,,,,,,,,,,,,,,,,,,,,,,,,,,,,,,,,,,,,,,,,,,,,,,,,,,,,,,,,,,,,,,,,,,,,,,,,,,,,,,,,,,,,,,,,,,,,,,,,,,,,,,,,,,,,,,,,,,,,,0.18652083441029568,0.2801391730089184,0.3093836394678504,,,,,0.017972548892207722,,,,,,,,24.167103605826444,24.167103605826444,24.67945707572916,24.67945707572916,24.105220506556808,24.105220506556808,,,,,,,-0.015899961497095647,,-0.16503735423336963,-0.16503735423336963,0.004777505840048323,0.004777505840048323,38.2491361401744,38.2491361401744,,24.211999893188477,24.211999893188477,24.893809545607795,24.893809545607795,24.31650788443429,24.31650788443429,,,24.76259994506836,21.93944999694824,1,29578223.857879638360000,39647381.000800356,,,,,,,
2025-09-10,,,,,,,23.690000534057617,24.129999160766600,23.674999237060547,23.770000457763672,1227400,,,,,23.770000457763672,,,,,,,,,,,,,,,,,,,,,,,,,,,,,,,,,,,,,,,,,,,,,,,,,,,,,,,,,,,,,,,,,,,,,,,,,,,,,,,,,,,,,,,,,,,,,,,,,,,,,,,,,,,,,,,,,,,,,,,,,,,,,,,,,,,,,,,,,,,,,0.20713664488943612,0.27775201361643237,0.3003813398664464,,,,,-0.042126852978892175,,,,,,,,24.03473588980552,24.03473588980552,24.596779201368662,24.596779201368662,24.094744880032025,24.094744880032025,,,,,,,0.0025274391663847326,,-0.21286536346267226,-0.21286536346267226,-0.03875106802049579,-0.03875106802049579,39.12988335189333,39.12988335189333,,23.995999908447267,23.995999908447267,24.818571454002743,24.818571454002743,24.33968250335209,24.33968250335209,,,24.765799942016603,21.948599996566774,1,29175298.561859131012800,39262594.76017422,,,,,,,
2025-09-11,,,,,,,23.729999542236328,24.149999618530273,23.600000381469727,23.950000762939453,1247900,,,,,23.950000762939453,,,,,,,,,,,,,,,,,,,,,,,,,,,,,,,,,,,,,,,,,,,,,,,,,,,,,,,,,,,,,,,,,,,,,,,,,,,,,,,,,,,,,,,,,,,,,,,,,,,,,,,,,,,,,,,,,,,,,,,,,,,,,,,,,,,,,,,,,,,,,0.14770157929764763,0.2752865193418886,0.30062394239873785,,,,,-0.010791634889750818,,,,,,,,24.006490847516833,24.006490847516833,24.53798116151146,24.53798116151146,24.09022162637288,24.09022162637288,,,,,,,0.007544055082288223,,-0.23355263565436601,-0.23355263565436601,-0.07771138154726984,-0.07771138154726984,41.81117798619267,41.81117798619267,,23.952000045776366,23.952000045776366,24.737619127546036,24.737619127546036,24.364444429912265,24.364444429912265,,,24.766799964904784,21.95630000114441,1,29887205.952072143398700,38901670.17900982,,,,,,,
2025-09-12,,,,,,,23.729999542236328,24.139999389648438,23.639999389648438,23.850000381469727,991400,,,,,23.850000381469727,,,,,,,,,,,,,,,,,,,,,,,,,,,,,,,,,,,,,,,,,,,,,,,,,,,,,,,,,,,,,,,,,,,,,,,,,,,,,,,,,,,,,,,,,,,,,,,,,,,,,,,,,,,,,,,,,,,,,,,,,,,,,,,,,,,,,,,,,,,,,0.14188163922743113,0.24017294271292897,0.29677702928363536,,,,,-0.09622678044976674,,,,,,,,23.954327358834462,23.954327358834462,24.475437454234942,24.475437454234942,24.082714712469656,24.082714712469656,,,,,,,-0.004184122383545416,,-0.25507628235308744,-0.25507628235308744,-0.11318436170843335,-0.11318436170843335,40.73756303897725,40.73756303897725,,23.87400016784668,23.87400016784668,24.61000006539481,24.61000006539481,24.378571434626505,24.378571434626505,,,24.757799987792968,21.95175000190735,1,23644890.378189087347800,38264449.93967329,,,,,,,
2025-09-15,,,,,,,23.700000762939453,23.700000762939453,22.610000610351562,22.950000762939453,2377800,,,,,22.950000762939453,,,,,,,,,,,,,,,,,,,,,,,,,,,,,,,,,,,,,,,,,,,,,,,,,,,,,,,,,,,,,,,,,,,,,,,,,,,,,,,,,,,,,,,,,,,,,,,,,,,,,,,,,,,,,,,,,,,,,,,,,,,,,,,,,,,,,,,,,,,,,0.29090116483619927,0.2336404584050439,0.30595239589127177,,,,,-0.08558420842131,,,,,,,,23.61955182686946,23.61955182686946,24.336761391389896,24.336761391389896,24.047317401546838,24.047317401546838,,,,,,,-0.038466263578785125,,-0.34082752745731426,-0.34082752745731426,-0.15871299485820953,-0.15871299485820953,32.61940453447744,32.61940453447744,,23.64600028991699,23.64600028991699,24.49142864772252,24.49142864772252,24.382698422386532,24.382698422386532,,,24.732600021362305,21.944350004196167,1,54570511.814117431343400,38462482.047980174,,,,,,,
2025-09-16,,,,,,,23.020000457763672,23.024999618530273,22.620000839233400,22.649999618530273,2115500,,,,,22.649999618530273,,,,,,,,,,,,,,,,,,,,,,,,,,,,,,,,,,,,,,,,,,,,,,,,,,,,,,,,,,,,,,,,,,,,,,,,,,,,,,,,,,,,,,,,,,,,,,,,,,,,,,,,,,,,,,,,,,,,,,,,,,,,,,,,,,,,,,,,,,,,,0.2878524144939626,0.23468717941588113,0.3069264758942957,,,,,-0.14696871926707086,,,,,,,,23.296367757423063,23.296367757423063,24.183419412039022,24.183419412039022,24.00365122082757,24.00365122082757,,,,,,,-0.013158134662990397,,-0.4280591922359207,-0.4280591922359207,-0.21258223433375176,-0.21258223433375176,30.44171077834751,30.44171077834751,,23.434000396728514,23.434000396728514,24.37095242454892,24.37095242454892,24.383968262445357,24.383968262445357,,,24.701599998474123,21.933550004959105,1,47916074.193000792531500,38289659.77795011,,,,,,,
2025-09-17,,,,,,,22.719999313354492,23.200000762939453,22.040000915527344,22.239999771118164,2493800,,,,,22.239999771118164,,,,,,,,,,,,,,,,,,,,,,,,,,,,,,,,,,,,,,,,,,,,,,,,,,,,,,,,,,,,,,,,,,,,,,,,,,,,,,,,,,,,,,,,,,,,,,,,,,,,,,,,,,,,,,,,,,,,,,,,,,,,,,,,,,,,,,,,,,,,,0.27214590551386847,0.2387576769497679,0.30831135181709357,,,,,-0.15116695282514664,,,,,,,,22.94424509532143,22.94424509532143,24.006744899228035,24.006744899228035,23.948537113024152,23.948537113024152,,,,,,,-0.01826737599618021,,-0.5242314622436481,-0.5242314622436481,-0.274912079915731,-0.274912079915731,27.718187609426916,27.718187609426916,,23.128000259399414,23.128000259399414,24.233333405994234,24.233333405994234,24.382698422386532,24.382698422386532,,,24.662399978637694,21.92170000076294,1,55462111.429214477383200,38677624.47403499,,,,,,,
2025-09-18,,,,,,,22.250000000000000,22.440000534057617,21.709999084472656,22.270000457763672,2891500,,,,,22.270000457763672,,,,,,,,,,,,,,,,,,,,,,,,,,,,,,,,,,,,,,,,,,,,,,,,,,,,,,,,,,,,,,,,,,,,,,,,,,,,,,,,,,,,,,,,,,,,,,,,,,,,,,,,,,,,,,,,,,,,,,,,,,,,,,,,,,,,,,,,,,,,,0.24437758486772057,0.22187519770945963,0.30566768283654877,,,,,-0.0444260445633764,,,,,,,,22.71949688280218,22.71949688280218,23.84885904091309,23.84885904091309,23.896082842547262,23.896082842547262,,,,,,,0.0013480427335155227,,-0.5912127419504145,-0.5912127419504145,-0.33817221232266775,-0.33817221232266775,28.224212833529485,28.224212833529485,,22.792000198364256,22.792000198364256,24.13333338782901,24.13333338782901,24.388888919164263,24.388888919164263,,,24.62599998474121,21.913550004959106,1,64393706.323623657588000,38665760.55057768,,,,,,,
2025-09-19,,,,,,,22.479999542236328,22.559999465942383,22.049999237060547,22.350000381469727,3112200,,,,,22.350000381469727,,,,,,,,,,,,,,,,,,,,,,,,,,,,,,,,,,,,,,,,,,,,,,,,,,,,,,,,,,,,,,,,,,,,,,,,,,,,,,,,,,,,,,,,,,,,,,,,,,,,,,,,,,,,,,,,,,,,,,,,,,,,,,,,,,,,,,,,,,,,,0.27001329052297757,0.22277053826183488,0.30570761894816767,,,,,-0.03413162957619669,,,,,,,,22.596331382358027,22.596331382358027,23.712599162781878,23.712599162781878,23.84776776563859,23.84776776563859,,,,,,,0.003585836303126709,,-0.6305717251065133,-0.6305717251065133,-0.39665211487943686,-0.39665211487943686,29.638767168864835,29.638767168864835,,22.49200019836426,22.49200019836426,24.047619138445175,24.047619138445175,24.396984160892547,24.396984160892547,,,24.592599983215333,21.903550004959108,1,69557671.187210084369400,39117631.898198806,,,,,,,
2025-09-22,,,,,,,22.309999465942383,22.930000305175780,21.950000762939453,22.809999465942383,1933500,,,,,22.809999465942383,,,,,,,,,,,,,,,,,,,,,,,,,,,,,,,,,,,,,,,,,,,,,,,,,,,,,,,,,,,,,,,,,,,,,,,,,,,,,,,,,,,,,,,,,,,,,,,,,,,,,,,,,,,,,,,,,,,,,,,,,,,,,,,,,,,,,,,,,,,,,0.24193220345012798,0.23629863704431792,0.3082731164014324,,,,,0.00482545175614129,,,,,,,,22.667554076886145,22.667554076886145,23.63054464488738,23.63054464488738,23.81533750627308,23.81533750627308,,,,,,,0.020372674755411362,,-0.6175274490445908,-0.6175274490445908,-0.44082718171246765,-0.44082718171246765,37.2915566719522,37.2915566719522,,22.463999938964843,22.463999938964843,23.97809528169178,23.97809528169178,24.411269869123185,24.411269869123185,,,24.575199966430663,21.89829999923706,1,44103133.967399597530500,39360840.758005776,,,,,,,
2025-09-23,,,,,,,22.899999618530273,23.290000915527344,22.454999923706055,22.559999465942383,1895800,,,,,22.559999465942383,,,,,,,,,,,,,,,,,,,,,,,,,,,,,,,,,,,,,,,,,,,,,,,,,,,,,,,,,,,,,,,,,,,,,,,,,,,,,,,,,,,,,,,,,,,,,,,,,,,,,,,,,,,,,,,,,,,,,,,,,,,,,,,,,,,,,,,,,,,,,0.23568456688296713,0.21046998544926798,0.30727741542892495,,,,,-0.046325755778697006,,,,,,,,22.631702539904893,22.631702539904893,23.533222355892377,23.533222355892377,23.776108192512748,23.776108192512748,,,,,,,-0.01102060992589457,,-0.6202132447334634,-0.6202132447334634,-0.4767043943166668,-0.4767043943166668,35.05971958329928,35.05971958329928,,22.445999908447266,22.445999908447266,23.864761897495814,23.864761897495814,24.415555560399614,24.415555560399614,,,24.54319995880127,21.889749994277953,1,42769246.987533569691400,39629546.2965163,,,,,,,
2025-09-24,,,,,,,22.680000305175780,22.870000839233400,22.514999389648438,22.590000152587890,1314200,,,,,22.590000152587890,,,,,,,,,,,,,,,,,,,,,,,,,,,,,,,,,,,,,,,,,,,,,,,,,,,,,,,,,,,,,,,,,,,,,,,,,,,,,,,,,,,,,,,,,,,,,,,,,,,,,,,,,,,,,,,,,,,,,,,,,,,,,,,,,,,,,,,,,,,,,0.17822207954650127,0.20413113683253148,0.297384050074158,,,,,-0.06714018340212494,,,,,,,,22.617801744132557,22.617801744132557,23.447474882864697,23.447474882864697,23.739042316265095,23.739042316265095,,,,,,,0.0013289342774861332,,-0.6128563262418147,-0.6128563262418147,-0.5039347807016964,-0.5039347807016964,35.55814010299646,35.55814010299646,,22.51599998474121,22.51599998474121,23.74000004359654,23.74000004359654,24.406507946196058,24.406507946196058,,,24.520199966430663,21.883149995803834,1,29687778.200531005038000,39030568.30675034,,,,,,,
2025-09-25,,,,,,,23.280000686645508,23.520000457763672,22.049999237060547,22.360000610351562,1480500,,,,,22.360000610351562,,,,,,,,,,,,,,,,,,,,,,,,,,,,,,,,,,,,,,,,,,,,,,,,,,,,,,,,,,,,,,,,,,,,,,,,,,,,,,,,,,,,,,,,,,,,,,,,,,,,,,,,,,,,,,,,,,,,,,,,,,,,,,,,,,,,,,,,,,,,,0.20276515497255646,0.20463850627743155,0.28794401128399705,,,,,-0.08406301485305523,,,,,,,,22.531868032872225,22.531868032872225,23.348613585363502,23.348613585363502,23.695947262955297,23.695947262955297,23.029444437178356,23.029444437178356,,,,,-0.010233661651097709,,-0.6184557829154507,-0.6184557829154507,-0.5268389811444473,-0.5268389811444473,33.43920269512308,33.43920269512308,,22.53400001525879,22.53400001525879,23.60761914934431,23.60761914934431,24.37984127468533,24.37984127468533,23.029444437178356,23.029444437178356,24.48159996032715,21.87994999885559,1,33103980.903625487541000,38504678.947721206,,,,,,,
2025-09-26,,,,,,,22.360000610351562,22.635000228881836,22.129999160766600,22.569999694824220,877500,,,,,22.569999694824220,,,,,,,,,,,,,,,,,,,,,,,,,,,,,,,,,,,,,,,,,,,,,,,,,,,,,,,,,,,,,,,,,,,,,,,,,,,,,,,,,,,,,,,,,,,,,,,,,,,,,,,,,,,,,,,,,,,,,,,,,,,,,,,,,,,,,,,,,,,,,0.2116714792131146,0.209921283636939,0.2846076069153927,0.6376263401364526,,,,-0.07530685631001958,,,,,,,,22.544578586856225,22.544578586856225,23.277830504405387,23.277830504405387,23.6607614014512,23.6607614014512,23.025812462930496,23.025812462930496,,,,,0.009347901724662894,,-0.5990428287512195,-0.5990428287512195,-0.5412797506658017,-0.5412797506658017,37.12340299265868,37.12340299265868,,22.577999877929688,22.577999877929688,23.483809607369558,23.483809607369558,24.365873003762864,24.365873003762864,23.001904752519394,23.001904752519394,24.422199935913085,21.87694999694824,1,19805174.732208253050000,37767221.210836984,,,,,,,
2025-09-29,,,,,,,22.709999084472656,22.879999160766600,22.500000000000000,22.819999694824220,1363900,,,,,22.819999694824220,,,,,,,,,,,,,,,,,,,,,,,,,,,,,,,,,,,,,,,,,,,,,,,,,,,,,,,,,,,,,,,,,,,,,,,,,,,,,,,,,,,,,,,,,,,,,,,,,,,,,,,,,,,,,,,,,,,,,,,,,,,,,,,,,,,,,,,,,,,,,0.16585621189254499,0.21554166924126983,0.2851778943279184,0.6356406241340613,,,,-0.08259496583925098,,,,,,,,22.636385622845555,22.636385622845555,23.23620952171619,23.23620952171619,23.634487598119108,23.634487598119108,23.024185484526495,23.024185484526495,,,,,0.011015753752615166,,-0.5570635304316482,-0.5570635304316482,-0.544436506618971,-0.544436506618971,41.28966489754834,41.28966489754834,,22.579999923706055,22.579999923706055,23.36809530712309,23.36809530712309,24.353333306691002,24.353333306691002,22.981349195752824,22.981349195752824,24.373799934387208,21.872299995422363,1,31124197.583770753658000,37757800.9372469,,,,,,,
2025-09-30,,,,,,,22.760000228881836,23.959999084472656,22.680000305175780,23.950000762939453,2751100,,,,,23.950000762939453,,,,,,,,,,,,,,,,,,,,,,,,,,,,,,,,,,,,,,,,,,,,,,,,,,,,,,,,,,,,,,,,,,,,,,,,,,,,,,,,,,,,,,,,,,,,,,,,,,,,,,,,,,,,,,,,,,,,,,,,,,,,,,,,,,,,,,,,,,,,,0.34925218344567394,0.2814781435994491,0.30048189088813576,0.6365472108318784,,,,0.0036105882723335325,,,,,,,,23.074257336210188,23.074257336210188,23.301099634554667,23.301099634554667,23.644347384519744,23.644347384519744,23.03150418237956,23.03150418237956,,,,,0.04833102465167557,,-0.4276829291016355,-0.4276829291016355,-0.5210857911155039,-0.5210857911155039,55.607831905716615,55.607831905716615,,22.858000183105467,22.858000183105467,23.320476259504044,23.320476259504044,24.35412697564988,24.35412697564988,22.969206340729244,22.969206340729244,24.357999954223633,21.871949996948242,1,65888847.098922729148300,38270002.80447763,,,,,,,
2025-10-01,,,,,,,23.610000610351562,25.235000610351562,23.555000305175780,25.159999847412110,1894500,,,,,25.159999847412110,,,,,,,,,,,,,,,,,,,,,,,,,,,,,,,,,,,,,,,,,,,,,,,,,,,,,,,,,,,,,,,,,,,,,,,,,,,,,,,,,,,,,,,,,,,,,,,,,,,,,,,,,,,,,,,,,,,,,,,,,,,,,,,,,,,,,,,,,,,,,0.41673463367135066,0.33285565827696006,0.31458776822870455,0.6364650222739457,,,,0.02868298155272221,,,,,,,,23.76950483994416,23.76950483994416,23.470090562996255,23.470090562996255,23.69171152398513,23.69171152398513,23.048330235067564,23.048330235067564,,,,,0.04928707005510487,,-0.2249183380834161,-0.2249183380834161,-0.4618523005090863,-0.4618523005090863,65.35194990020378,65.35194990020378,,23.37200012207031,23.37200012207031,23.329047702607653,23.329047702607653,24.367777778988792,24.367777778988792,22.967182530297173,22.967182530297173,24.362999954223632,21.878499994277956,1,47665619.710922242395000,38512057.10175832,,,,,,,
2025-10-02,,,,,,,25.020000457763672,25.280000686645508,24.000000000000000,25.149999618530273,2401900,,,,,25.149999618530273,,,,,,,,,,,,,,,,,,,,,,,,,,,,,,,,,,,,,,,,,,,,,,,,,,,,,,,,,,,,,,,,,,,,,,,,,,,,,,,,,,,,,,,,,,,,,,,,,,,,,,,,,,,,,,,,,,,,,,,,,,,,,,,,,,,,,,,,,,,,,0.37303254927547136,0.33225950711591967,0.3144750679598536,0.5937699089040887,,,,0.07855443208601823,,,,,,,,24.229669766139533,24.229669766139533,23.6228095680448,23.6228095680448,23.737283026939668,23.737283026939668,23.064944222288613,23.064944222288613,,,,,-0.000397544389572448,,-0.06429175838639978,-0.06429175838639978,-0.382340192084549,-0.382340192084549,65.22452430227034,65.22452430227034,,23.929999923706056,23.929999923706056,23.343333380562918,23.343333380562918,24.382698422386532,24.382698422386532,22.939007925608802,22.939007925608802,24.357799949645997,21.886199989318847,1,60407784.083747862718700,39158063.829204015,,,,,,,
2025-10-03,,,,,,,25.350000381469727,26.350000381469727,25.264999389648438,25.950000762939453,3006500,,,,,25.950000762939453,,,,,,,,,,,,,,,,,,,,,,,,,,,,,,,,,,,,,,,,,,,,,,,,,,,,,,,,,,,,,,,,,,,,,,,,,,,,,,,,,,,,,,,,,,,,,,,,,,,,,,,,,,,,,,,,,,,,,,,,,,,,,,,,,,,,,,,,,,,,,0.35249947589867253,0.3318258175475322,0.3204035884545008,0.5503897522098201,,,,0.10196195743526337,,,,,,,,24.803113431739504,24.803113431739504,23.834372403944315,23.834372403944315,23.80643045618966,23.80643045618966,23.087750993360952,23.087750993360952,,,,,0.03131375763429577,,0.12610570170955882,0.12610570170955882,-0.28065101332572745,-0.28065101332572745,70.2260246767281,70.2260246767281,,24.6060001373291,24.6060001373291,23.42809531802223,23.42809531802223,24.41047620016431,24.41047620016431,22.93980157942999,22.93980157942999,24.370599975585936,21.90069999694824,1,78018677.293777465444500,39840009.165530734,,,,,,,
2025-10-06,,,,,,,26.000000000000000,26.579999923706055,25.844999313354492,26.270000457763672,3511600,,,,,26.270000457763672,,,,,,,,,,,,,,,,,,,,,,,,,,,,,,,,,,,,,,,,,,,,,,,,,,,,,,,,,,,,,,,,,,,,,,,,,,,,,,,,,,,,,,,,,,,,,,,,,,,,,,,,,,,,,,,,,,,,,,,,,,,,,,,,,,,,,,,,,,,,,0.3488457524930171,0.333233453999013,0.3211679980451509,0.5501985516576708,,,,0.0982110710057864,,,,,,,,25.292075773747563,25.292075773747563,24.05579313610971,24.05579313610971,23.883417018738847,23.883417018738847,23.112907115609197,23.112907115609197,,,,,0.01225598211052645,,0.29936744009881266,0.29936744009881266,-0.16464732264081944,-0.16464732264081944,71.96303298658961,71.96303298658961,,25.296000289916993,25.296000289916993,23.5247620173863,23.5247620173863,24.443333338177393,24.443333338177393,22.943769833398242,22.943769833398242,24.384199981689452,21.913149995803835,1,92249733.607482910595200,40533808.722311355,,,,,,,
2025-10-07,,,,,,,26.389999389648438,26.500000000000000,25.174999237060547,25.250000000000000,1904600,,,,,25.250000000000000,,,,,,,,,,,,,,,,,,,,,,,,,,,,,,,,,,,,,,,,,,,,,,,,,,,,,,,,,,,,,,,,,,,,,,,,,,,,,,,,,,,,,,,,,,,,,,,,,,,,,,,,,,,,,,,,,,,,,,,,,,,,,,,,,,,,,,,,,,,,,0.5365501754450398,0.3645175294648904,0.3312562607595628,0.5516089168080157,,,,0.05086073172840791,,,,,,,,25.27805051583171,25.27805051583171,24.164357396463373,24.164357396463373,23.92612273690326,23.92612273690326,23.129801130505566,23.129801130505566,,,,,-0.03960146540141917,,0.35033466368647126,0.35033466368647126,-0.06165092537536129,-0.06165092537536129,59.95605746821665,59.95605746821665,,25.5560001373291,25.5560001373291,23.580000105358305,23.580000105358305,24.461746034168062,24.461746034168062,22.943174596816775,22.943174596816775,24.38439998626709,21.931849994659423,1,48091150.000000000000000,40908623.02143763,,,,,,,
2025-10-08,,,,,,,25.379999160766600,25.510000228881836,24.989999771118164,25.250000000000000,1418700,,,,,25.250000000000000,,,,,,,,,,,,,,,,,,,,,,,,,,,,,,,,,,,,,,,,,,,,,,,,,,,,,,,,,,,,,,,,,,,,,,,,,,,,,,,,,,,,,,,,,,,,,,,,,,,,,,,,,,,,,,,,,,,,,,,,,,,,,,,,,,,,,,,,,,,,,0.41217545963757896,0.35866228677266215,0.331176821142651,0.5500493266455632,,,,0.07673119070202877,,,,,,,,25.268700343887804,25.268700343887804,24.26305217860307,24.26305217860307,23.967493901375033,23.967493901375033,23.146561595877063,23.146561595877063,,,,,0,,0.38627383129860604,0.38627383129860604,0.027934025959432174,0.027934025959432174,59.95605746821665,59.95605746821665,,25.57400016784668,25.57400016784668,23.65333348228818,23.65333348228818,24.48126983642578,24.48126983642578,22.93833332970029,22.93833332970029,24.39,21.956449995040895,1,35822175.000000000000000,40999688.48852733,,,,,,,
2025-10-09,,,,,,,25.170000076293945,25.170000076293945,23.870000839233400,23.899999618530273,1316700,,,,,23.899999618530273,,,,,,,,,,,,,,,,,,,,,,,,,,,,,,,,,,,,,,,,,,,,,,,,,,,,,,,,,,,,,,,,,,,,,,,,,,,,,,,,,,,,,,,,,,,,,,,,,,,,,,,,,,,,,,,,,,,,,,,,,,,,,,,,,,,,,,,,,,,,,0.5722813524201922,0.411046130203767,0.34825165625991195,0.551652337223373,,,,0.06377807377639304,,,,,,,,24.812466768768626,24.812466768768626,24.23004740041463,24.23004740041463,23.965384705036133,23.965384705036133,23.152517627676694,23.152517627676694,,,,,-0.054947712744980365,,0.3023369796945907,0.3023369796945907,0.08281461670646388,0.08281461670646388,47.73152255470147,47.73152255470147,,25.32400016784668,25.32400016784668,23.65952391851516,23.65952391851516,24.48476188901871,24.48476188901871,22.931785712166437,22.931785712166437,24.381199989318848,21.981299991607667,1,31469129.497718810459100,40962940.441897556,,,,,,,
2025-10-10,,,,,,,23.920000076293945,23.985000610351562,23.319999694824220,23.389999389648438,1370600,,,,,23.389999389648438,,,,,,,,,,,,,,,,,,,,,,,,,,,,,,,,,,,,,,,,,,,,,,,,,,,,,,,,,,,,,,,,,,,,,,,,,,,,,,,,,,,,,,,,,,,,,,,,,,,,,,,,,,,,,,,,,,,,,,,,,,,,,,,,,,,,,,,,,,,,,0.4380248441793911,0.4168765696157126,0.3485273308654209,0.5511591628223605,,,,0.030065389993407993,,,,,,,,24.338310975728565,24.338310975728565,24.153679399435887,24.153679399435887,23.947403913930266,23.947403913930266,23.154394953858286,23.154394953858286,,,,,-0.021569888474852698,,0.19244527451346727,0.19244527451346727,0.10474074826786456,0.10474074826786456,44.075431417058354,44.075431417058354,,24.811999893188478,24.811999893188478,23.632857186453684,23.632857186453684,24.472539659530398,24.472539659530398,22.92638888434758,22.92638888434758,24.349599990844727,22.00239998817444,1,32058333.163452149122800,40951634.24142807,,,,,,,
2025-10-13,,,,,,,23.670000076293945,23.979999542236328,23.364999771118164,23.690000534057617,1143700,,,,,23.690000534057617,,,,,,,,,,,,,,,,,,,,,,,,,,,,,,,,,,,,,,,,,,,,,,,,,,,,,,,,,,,,,,,,,,,,,,,,,,,,,,,,,,,,,,,,,,,,,,,,,,,,,,,,,,,,,,,,,,,,,,,,,,,,,,,,,,,,,,,,,,,,,0.44035298540536943,0.41942900501975233,0.34777699556237496,0.5504869400090148,,,,0.03521224499734148,,,,,,,,24.122207495171583,24.122207495171583,24.11152677531059,24.11152677531059,23.939360058309248,23.939360058309248,23.1586289900654,23.1586289900654,,,,,0.012744486212746991,,0.12808639138125955,0.12808639138125955,0.10940987689054356,0.10940987689054356,46.6634868238448,46.6634868238448,,24.295999908447264,24.295999908447264,23.625238146100724,23.625238146100724,24.471746020846897,24.471746020846897,22.919206346784318,22.919206346784318,24.340200004577635,22.020999994277954,1,27094253.610801696562900,40685780.62291221,,,,,,,
2025-10-14,,,,,,,23.620000839233400,23.829999923706055,23.079999923706055,23.450000762939453,995900,,,,,23.450000762939453,,,,,,,,,,,,,,,,,,,,,,,,,,,,,,,,,,,,,,,,,,,,,,,,,,,,,,,,,,,,,,,,,,,,,,,,,,,,,,,,,,,,,,,,,,,,,,,,,,,,,,,,,,,,,,,,,,,,,,,,,,,,,,,,,,,,,,,,,,,,,0.4091136438253702,0.3979094718428937,0.34519346884600327,0.550232418393052,,,,0.057783013218737043,,,,,,,,23.89813858442754,23.89813858442754,24.051388046913214,24.051388046913214,23.92406758032894,23.92406758032894,23.160932324238313,23.160932324238313,,,,,-0.010182513287263294,,0.0570578101328465,0.0570578101328465,0.09893946353900414,0.09893946353900414,44.8743573558884,44.8743573558884,,23.936000061035156,23.936000061035156,23.64904766991025,23.64904766991025,24.458412685091535,24.458412685091535,22.909126985640754,22.909126985640754,24.3196000289917,22.03920000076294,1,23353855.759811401242700,40651219.2863646,,,,,,,
2025-10-15,,,,,,,23.559999465942383,24.090000152587890,22.790000915527344,23.049999237060547,1375100,,,,,23.049999237060547,,,,,,,,,,,,,,,,,,,,,,,,,,,,,,,,,,,,,,,,,,,,,,,,,,,,,,,,,,,,,,,,,,,,,,,,,,,,,,,,,,,,,,,,,,,,,,,,,,,,,,,,,,,,,,,,,,,,,,,,,,,,,,,,,,,,,,,,,,,,,0.3875930349305829,0.3999686517948714,0.3309496063260214,0.549373198704624,,,,0.08299260330674957,,,,,,,,23.61542546863854,23.61542546863854,23.96035270056297,23.96035270056297,23.896752944601804,23.896752944601804,23.1600553828377,23.1600553828377,,,,,-0.017204791083687835,,-0.031150548295791225,-0.031150548295791225,0.07292146117204507,0.07292146117204507,41.985043670711576,41.985043670711576,,23.495999908447267,23.495999908447267,23.668095270792644,23.668095270792644,24.418888848925395,24.418888848925395,22.893849206349206,22.893849206349206,24.274400024414064,22.051499996185303,1,31696053.950881958179700,40039935.88055807,,,,,,,
2025-10-16,,,,,,,23.260000228881836,23.403999328613280,22.590000152587890,22.670000076293945,902700,,,,,22.670000076293945,,,,,,,,,,,,,,,,,,,,,,,,,,,,,,,,,,,,,,,,,,,,,,,,,,,,,,,,,,,,,,,,,,,,,,,,,,,,,,,,,,,,,,,,,,,,,,,,,,,,,,,,,,,,,,,,,,,,,,,,,,,,,,,,,,,,,,,,,,,,,0.21669945137918412,0.3990187672558204,0.3316899366344965,0.5469025671819129,,,,0.10977041863910188,,,,,,,,23.300283671190343,23.300283671190343,23.843047916538513,23.843047916538513,23.858416917467185,23.858416917467185,23.156181427845258,23.156181427845258,,,,,-0.016623268458479397,,-0.13021799238741139,-0.13021799238741139,0.03229357046015378,0.03229357046015378,39.39031708233847,39.39031708233847,,23.25,23.25,23.688571475801012,23.688571475801012,24.378095202975803,24.378095202975803,22.87119047982352,22.87119047982352,24.213000030517577,22.06244999885559,1,20464209.068870544151500,39422711.65209876,,,,,,,
2025-10-17,,,,,,,22.329999923706055,22.600000381469727,22.174999237060547,22.399999618530273,995800,,,,,22.399999618530273,,,,,,,,,,,,,,,,,,,,,,,,,,,,,,,,,,,,,,,,,,,,,,,,,,,,,,,,,,,,,,,,,,,,,,,,,,,,,,,,,,,,,,,,,,,,,,,,,,,,,,,,,,,,,,,,,,,,,,,,,,,,,,,,,,,,,,,,,,,,,0.19570267558302307,0.4014991962982257,0.33027497316771215,0.546879022842144,,,,0.07519609990148139,,,,,,,,23.00018898697032,23.00018898697032,23.711861707628675,23.711861707628675,23.812841376875404,23.812841376875404,23.150203706032492,23.150203706032492,,,,,-0.011981526053756547,,-0.22788946809404464,-0.22788946809404464,-0.019743037250685904,-0.019743037250685904,37.611684187678954,37.611684187678954,,23.052000045776367,23.052000045776367,23.694761912027996,23.694761912027996,24.340952343410915,24.340952343410915,22.846190475282214,22.846190475282214,24.14340003967285,22.06295000076294,1,22305919.620132445853400,39101411.14438072,,,,,,,
2025-10-20,,,,,,,22.639999389648438,23.079999923706055,22.239999771118164,22.879999160766600,766900,,,,,22.879999160766600,,,,,,,,,,,,,,,,,,,,,,,,,,,,,,,,,,,,,,,,,,,,,,,,,,,,,,,,,,,,,,,,,,,,,,,,,,,,,,,,,,,,,,,,,,,,,,,,,,,,,,,,,,,,,,,,,,,,,,,,,,,,,,,,,,,,,,,,,,,,,0.25436931555253,0.4079147712436097,0.33299973747614114,0.5472562785003429,,,,0.07602914742586095,,,,,,,,22.96012571156908,22.96012571156908,23.63623783973212,23.63623783973212,23.783690057622003,23.783690057622003,23.14806770172209,23.14806770172209,,,,,0.021202188000719626,,-0.2635251112972661,-0.2635251112972661,-0.06849945206000195,-0.06849945206000195,42.575914656460895,42.575914656460895,,22.889999771118163,22.889999771118163,23.71999994913737,23.71999994913737,24.30873011028956,24.30873011028956,22.822182534232972,22.822182534232972,24.098400039672853,22.072199993133545,1,17546671.356391905540000,38784185.3441632,,,,,,,
2025-10-21,,,,,,,22.799999237060547,23.340000152587890,22.770000457763672,22.850000381469727,810700,,,,,22.850000381469727,,,,,,,,,,,,,,,,,,,,,,,,,,,,,,,,,,,,,,,,,,,,,,,,,,,,,,,,,,,,,,,,,,,,,,,,,,,,,,,,,,,,,,,,,,,,,,,,,,,,,,,,,,,,,,,,,,,,,,,,,,,,,,,,,,,,,,,,,,,,,0.2550794316335195,0.40188841649640955,0.330195686878037,0.5465914113113722,,,,0.017586753216919177,,,,,,,,22.92341726820263,22.92341726820263,23.564761707162813,23.564761707162813,23.754512255242247,23.754512255242247,23.145711438320884,23.145711438320884,,,,,-0.0013119957970839456,,-0.290834704619229,-0.290834704619229,-0.11296650257184736,-0.11296650257184736,42.34911600587378,42.34911600587378,,22.769999694824218,22.769999694824218,23.721904754638672,23.721904754638672,24.268095198131743,24.268095198131743,22.795039676484606,22.795039676484606,24.048400039672853,22.078149995803834,1,18524495.309257507678900,38629113.28827692,,,,,,,
2025-10-22,,,,,,,22.680000305175780,23.030000686645508,22.280000686645508,22.340000152587890,877500,,,,,22.340000152587890,,,,,,,,,,,,,,,,,,,,,,,,,,,,,,,,,,,,,,,,,,,,,,,,,,,,,,,,,,,,,,,,,,,,,,,,,,,,,,,,,,,,,,,,,,,,,,,,,,,,,,,,,,,,,,,,,,,,,,,,,,,,,,,,,,,,,,,,,,,,,0.2732168255552447,0.407857858300798,0.332805132212719,0.5468805311325295,,,,0.039132597878504795,,,,,,,,22.72894489633105,22.72894489633105,23.453419747656003,23.453419747656003,23.710308752034297,23.710308752034297,23.13934217914513,23.13934217914513,,,,,-0.02257233356342183,,-0.34960053297750093,-0.34960053297750093,-0.16029330865297808,-0.16029330865297808,38.58592022483512,38.58592022483512,,22.62799987792969,22.62799987792969,23.711428596859886,23.711428596859886,24.22095235188802,24.22095235188802,22.767420632498606,22.767420632498606,23.982200050354002,22.076999998092653,1,19603350.133895873475000,38458343.04660313,,,,,,,
2025-10-23,,,,,,,22.520000457763672,23.239999771118164,22.440000534057617,23.159999847412110,994200,,,,,23.159999847412110,,,,,,,,,,,,,,,,,,,,,,,,,,,,,,,,,,,,,,,,,,,,,,,,,,,,,,,,,,,,,,,,,,,,,,,,,,,,,,,,,,,,,,,,,,,,,,,,,,,,,,,,,,,,,,,,,,,,,,,,,,,,,,,,,,,,,,,,,,,,,0.38167479391912057,0.4270642231650774,0.3404582200361307,0.548033040592759,,,,0.0878500743990491,,,,,,,,22.872629880024736,22.872629880024736,23.426745211270195,23.426745211270195,23.693111598764855,23.693111598764855,23.13950548087056,23.13950548087056,,,,,0.03604784564506143,,-0.3262450036656439,-0.3262450036656439,-0.19348364765551124,-0.19348364765551124,46.775343758176895,46.775343758176895,,22.72599983215332,22.72599983215332,23.738571439470565,23.738571439470565,24.182380918472532,24.182380918472532,22.744404762510268,22.744404762510268,23.914800033569335,22.080399999618532,1,23025671.848297119762000,38491362.994593665,,,,,,,
2025-10-24,,,,,,,23.239999771118164,23.399999618530273,22.430000305175780,22.549999237060547,1329500,,,,,22.549999237060547,,,,,,,,,,,,,,,,,,,,,,,,,,,,,,,,,,,,,,,,,,,,,,,,,,,,,,,,,,,,,,,,,,,,,,,,,,,,,,,,,,,,,,,,,,,,,,,,,,,,,,,,,,,,,,,,,,,,,,,,,,,,,,,,,,,,,,,,,,,,,0.4321063996284942,0.4363148850664989,0.34330680434767863,0.548638601754869,,,,0.08375068860993859,,,,,,,,22.765086332370007,22.765086332370007,23.34704103179659,23.34704103179659,23.657389337461595,23.657389337461595,23.134845352460996,23.134845352460996,,,,,-0.026691614000919305,,-0.35288963760985936,-0.35288963760985936,-0.22536484564638087,-0.22536484564638087,42.260701453542985,42.260701453542985,,22.755999755859374,22.755999755859374,23.74761899312337,23.74761899312337,24.139682497297013,24.139682497297013,22.718928571731325,22.718928571731325,23.857000007629395,22.082649993896485,1,29980223.985671997236500,38501701.79223863,,,,,,,
2025-10-27,,,,,,,22.579999923706055,22.969999313354492,22.260000228881836,22.459999084472656,1814600,,,,,22.459999084472656,,,,,,,,,,,,,,,,,,,,,,,,,,,,,,,,,,,,,,,,,,,,,,,,,,,,,,,,,,,,,,,,,,,,,,,,,,,,,,,,,,,,,,,,,,,,,,,,,,,,,,,,,,,,,,,,,,,,,,,,,,,,,,,,,,,,,,,,,,,,,0.39451125712739654,0.43531574324061884,0.342855247979958,0.5486413094440032,,,,0.03754317844056407,,,,,,,,22.66339058307089,22.66339058307089,23.26640085476714,23.26640085476714,23.61997089205569,23.61997089205569,23.12951059935437,23.12951059935437,,,,,-0.003999123567726293,,-0.376923028084736,-0.376923028084736,-0.25567648213405186,-0.25567648213405186,41.622392322630354,41.622392322630354,,22.671999740600587,22.671999740600587,23.742380868820916,23.742380868820916,24.0998412238227,24.0998412238227,22.69349205683148,22.69349205683148,23.80259998321533,22.087499990463257,1,40755914.338684081577600,38405783.40534332,,,,,,,
2025-10-28,,,,,,,22.409999847412110,22.500000000000000,21.770000457763672,21.879999160766600,1317100,,,,,21.879999160766600,,,,,,,,,,,,,,,,,,,,,,,,,,,,,,,,,,,,,,,,,,,,,,,,,,,,,,,,,,,,,,,,,,,,,,,,,,,,,,,,,,,,,,,,,,,,,,,,,,,,,,,,,,,,,,,,,,,,,,,,,,,,,,,,,,,,,,,,,,,,,0.4234032175249954,0.44220833599718995,0.3430297132441461,0.547857101383337,,,,-0.018736955641819732,,,,,,,,22.40226010896946,22.40226010896946,23.140364337130727,23.140364337130727,23.565596775452907,23.565596775452907,23.119633038575017,23.119633038575017,,,,,-0.026162969350133878,,-0.4377249885748249,-0.4377249885748249,-0.2920861834222065,-0.2920861834222065,37.67329912061201,37.67329912061201,,22.47799949645996,22.47799949645996,23.6976189386277,23.6976189386277,24.060793589031885,24.060793589031885,22.6613888816228,22.6613888816228,23.737599983215333,22.08434998512268,1,28818146.894645688860000,38011739.287222,,,,,,,
2025-10-29,,,,,,,21.780000686645508,22.079999923706055,21.399999618530273,21.479999542236328,1683200,,,,,21.479999542236328,,,,,,,,,,,,,,,,,,,,,,,,,,,,,,,,,,,,,,,,,,,,,,,,,,,,,,,,,,,,,,,,,,,,,,,,,,,,,,,,,,,,,,,,,,,,,,,,,,,,,,,,,,,,,,,,,,,,,,,,,,,,,,,,,,,,,,,,,,,,,0.41582393904174136,0.40541161778243073,0.3401014452493397,0.5480455393109058,,,,-0.14487681264440522,,,,,,,,22.094839920058416,22.094839920058416,22.98942208304942,22.98942208304942,23.500421861914887,23.500421861914887,23.106671508959693,23.106671508959693,,,,,-0.01845069086808564,,-0.5122823347267413,-0.5122823347267413,-0.33612541368311344,-0.33612541368311344,35.19332595760092,35.19332595760092,,22.30599937438965,22.30599937438965,23.579999832879928,23.579999832879928,24.005396767268106,24.005396767268106,22.62896824639941,22.62896824639941,23.679799957275392,22.07764998435974,1,36155135.229492187289600,37901055.9922294,,,,,,,
2025-10-30,,,,,,,21.309999465942383,22.180000305175780,21.283000946044922,21.899999618530273,1561500,,,,,21.899999618530273,,,,,,,,,,,,,,,,,,,,,,,,,,,,,,,,,,,,,,,,,,,,,,,,,,,,,,,,,,,,,,,,,,,,,,,,,,,,,,,,,,,,,,,,,,,,,,,,,,,,,,,,,,,,,,,,,,,,,,,,,,,,,,,,,,,,,,,,,,,,,0.3076631316708111,0.36610055610711284,0.3370654644353006,0.5468228159995082,,,,-0.1825587418602683,,,,,,,,22.02989315288237,22.02989315288237,22.89038367718404,22.89038367718404,23.450408666809118,23.450408666809118,23.097132600734955,23.097132600734955,,,,,0.019364371074240175,,-0.5313539550020678,-0.5313539550020678,-0.37517112194690433,-0.37517112194690433,39.68312242710634,39.68312242710634,,22.05399932861328,22.05399932861328,23.424761726742698,23.424761726742698,23.969523747762043,23.969523747762043,22.59333332758101,22.59333332758101,23.63479995727539,22.071149978637695,1,34196849.404335021289500,37854435.8277669,,,,,,,
2025-10-31,,,,,,,22.219999313354492,22.420000076293945,21.879999160766600,22.409999847412110,1550900,,,,,22.409999847412110,,,,,,,,,,,,,,,,,,,,,,,,,,,,,,,,,,,,,,,,,,,,,,,,,,,,,,,,,,,,,,,,,,,,,,,,,,,,,,,,,,,,,,,,,,,,,,,,,,,,,,,,,,,,,,,,,,,,,,,,,,,,,,,,,,,,,,,,,,,,,0.34942805558293377,0.37983630562219683,0.33938491372363694,0.5473653078781088,,,,-0.20134984610886736,,,,,,,,22.156595384392283,22.156595384392283,22.846712419932047,22.846712419932047,23.417895891202964,23.417895891202964,23.091700721262047,23.091700721262047,,,,,0.02302066160016985,,-0.49955701297077226,-0.49955701297077226,-0.4000483001516779,-0.4000483001516779,44.69369387030551,44.69369387030551,,22.025999450683592,22.025999450683592,23.294285547165643,23.294285547165643,23.93666660974896,23.93666660974896,22.559999995761448,22.559999995761448,23.59759994506836,22.065899982452393,1,34755668.763351441399000,37835962.26324354,,,,,,,
2025-11-03,,,,,,,22.229999542236328,22.350000381469727,21.500000000000000,22.200000762939453,1234500,,,,,22.200000762939453,,,,,,,,,,,,,,,,,,,,,,,,,,,,,,,,,,,,,,,,,,,,,,,,,,,,,,,,,,,,,,,,,,,,,,,,,,,,,,,,,,,,,,,,,,,,,,,,,,,,,,,,,,,,,,,,,,,,,,,,,,,,,,,,,,,,,,,,,,,,,0.3541995010055485,0.35553418702428347,0.3322923941508834,0.5470060211871534,,,,-0.21339190363033286,,,,,,,,22.171063843908005,22.171063843908005,22.78792045111454,22.78792045111454,23.379836668444728,23.379836668444728,23.084651709733805,23.084651709733805,,,,,-0.009414957759040696,,-0.4857039852065128,-0.4857039852065128,-0.4171794371626449,-0.4171794371626449,43.10581989323691,43.10581989323691,,21.973999786376954,21.973999786376954,23.115714118594216,23.115714118594216,23.887301550971138,23.887301550971138,22.528571424030122,22.528571424030122,23.542799949645996,22.061649990081786,1,27405900.941848754728500,37483072.26307279,,,,,,,
2025-11-04,,,,,,,21.799999237060547,22.309999465942383,21.665000915527344,21.950000762939453,1024900,,,,,21.950000762939453,,,,,,,,,,,,,,,,,,,,,,,,,,,,,,,,,,,,,,,,,,,,,,,,,,,,,,,,,,,,,,,,,,,,,,,,,,,,,,,,,,,,,,,,,,,,,,,,,,,,,,,,,,,,,,,,,,,,,,,,,,,,,,,,,,,,,,,,,,,,,0.30330463877564,0.34839304369263313,0.330542299124711,0.5469788298015956,,,,-0.2588366896333274,,,,,,,,22.097376150251822,22.097376150251822,22.711745934007713,22.711745934007713,23.335154296397686,23.335154296397686,23.075682137031873,23.075682137031873,,,,,-0.011325148965633766,,-0.4892584052179174,-0.4892584052179174,-0.4315952307736994,-0.4315952307736994,41.22793629669031,41.22793629669031,,21.988000106811523,21.988000106811523,22.90999984741211,22.90999984741211,23.827142836555602,23.827142836555602,22.497658729553223,22.497658729553223,23.47759998321533,22.057449989318847,1,22496555.781936645379700,36772890.173863605,,,,,,,
2025-11-05,,,,,,,21.809999465942383,22.534999847412110,21.780000686645508,22.239999771118164,695300,,,,,22.239999771118164,,,,,,,,,,,,,,,,,,,,,,,,,,,,,,,,,,,,,,,,,,,,,,,,,,,,,,,,,,,,,,,,,,,,,,,,,,,,,,,,,,,,,,,,,,,,,,,,,,,,,,,,,,,,,,,,,,,,,,,,,,,,,,,,,,,,,,,,,,,,,0.25747915260138776,0.3368790632887673,0.33165234359115564,0.5459817369966463,,,,-0.19815663151846769,,,,,,,,22.14491735720727,22.14491735720727,22.668859919199573,22.668859919199573,23.300930717482704,23.300930717482704,23.069075952321093,23.069075952321093,,,,,0.01312528481169063,,-0.46333378884543563,-0.46333378884543563,-0.43794294238804665,-0.43794294238804665,44.26134170069731,44.26134170069731,,22.14000015258789,22.14000015258789,22.766666503179643,22.766666503179643,23.769365068465945,23.769365068465945,22.463730153583345,22.463730153583345,23.419599990844727,22.050699987411498,1,15463471.840858459429200,36314488.28940013,,,,,,,
2025-11-06,,,,,,,22.200000762939453,22.420000076293945,21.780000686645508,21.790000915527344,1233900,,,,,21.790000915527344,,,,,,,,,,,,,,,,,,,,,,,,,,,,,,,,,,,,,,,,,,,,,,,,,,,,,,,,,,,,,,,,,,,,,,,,,,,,,,,,,,,,,,,,,,,,,,,,,,,,,,,,,,,,,,,,,,,,,,,,,,,,,,,,,,,,,,,,,,,,,0.28967157208524397,0.3396881300818441,0.3291605399095452,0.5450506383903243,,,,-0.24744445682799096,,,,,,,,22.026611876647294,22.026611876647294,22.58896364613846,22.58896364613846,23.253714161171597,23.253714161171597,23.0589646872081,23.0589646872081,,,,,-0.020441268118463984,,-0.47363966718939565,-0.47363966718939565,-0.44508228734831645,-0.44508228734831645,40.746919923477265,40.746919923477265,,22.118000411987303,22.118000411987303,22.601904642014276,22.601904642014276,23.716349223303418,23.716349223303418,22.43261904943557,22.43261904943557,23.352000007629396,22.04404998779297,1,26886682.129669189761600,36222785.261154175,,,,,,,
2025-11-07,,,,,,,21.590000152587890,22.469999313354492,21.469999313354492,22.409999847412110,1153100,,,,,22.409999847412110,,,,,,,,,,,,,,,,,,,,,,,,,,,,,,,,,,,,,,,,,,,,,,,,,,,,,,,,,,,,,,,,,,,,,,,,,,,,,,,,,,,,,,,,,,,,,,,,,,,,,,,,,,,,,,,,,,,,,,,,,,,,,,,,,,,,,,,,,,,,,0.3169105222211567,0.31274417407471305,0.33401940405288966,0.5456676607087411,,,,-0.15763232283818449,,,,,,,,22.154407866902233,22.154407866902233,22.57269420989061,22.57269420989061,23.227348088866613,23.227348088866613,23.053834530371766,23.053834530371766,,,,,0.02805609003144769,,-0.4268578660015301,-0.4268578660015301,-0.4414374030789592,-0.4414374030789592,46.9919604973248,46.9919604973248,,22.118000411987303,22.118000411987303,22.53095227196103,22.53095227196103,23.669682548159646,23.669682548159646,22.402500001211013,22.402500001211013,23.295200004577637,22.04759998321533,1,25840970.824050904041000,36162334.6322317,,,,,,,
2025-11-10,,,,,,,23.149999618530273,23.312999725341797,22.149999618530273,22.809999465942383,1854200,,,,,22.809999465942383,,,,,,,,,,,,,,,,,,,,,,,,,,,,,,,,,,,,,,,,,,,,,,,,,,,,,,,,,,,,,,,,,,,,,,,,,,,,,,,,,,,,,,,,,,,,,,,,,,,,,,,,,,,,,,,,,,,,,,,,,,,,,,,,,,,,,,,,,,,,,0.32451281749936106,0.31304680591775363,0.3352172123961349,0.5449330094283272,,,,-0.10199011473139044,,,,,,,,22.372938399915615,22.372938399915615,22.594267414986227,22.594267414986227,23.21430594440023,23.21430594440023,23.05190698045533,23.05190698045533,,,,,0.017691731879069746,,-0.3534321790798245,-0.3534321790798245,-0.42383635827913224,-0.42383635827913224,50.60878442884555,50.60878442884555,,22.24000015258789,22.24000015258789,22.503333227975027,22.503333227975027,23.624603180658248,23.624603180658248,22.36999999909174,22.36999999909174,23.252399978637694,22.053699979782106,1,42294301.009750366558600,36242338.46657768,,,,,,,
2025-11-11,,,,,,,22.809999465942383,23.090000152587890,22.620000839233400,22.959999084472656,767600,,,,,22.959999084472656,,,,,,,,,,,,,,,,,,,,,,,,,,,,,,,,,,,,,,,,,,,,,,,,,,,,,,,,,,,,,,,,,,,,,,,,,,,,,,,,,,,,,,,,,,,,,,,,,,,,,,,,,,,,,,,,,,,,,,,,,,,,,,,,,,,,,,,,,,,,,0.28929819110025246,0.31029599077288617,0.32781253401251964,0.5442669291271882,,,,-0.09238609068968112,,,,,,,,22.568625294767962,22.568625294767962,22.627515748575902,22.627515748575902,23.206358855027496,23.206358855027496,23.051180435823056,23.051180435823056,,,,,0.00655451869349486,,-0.27991143281590425,-0.27991143281590425,-0.39505137318648664,-0.39505137318648664,51.9332647546556,51.9332647546556,,22.44199981689453,22.44199981689453,22.468571254185267,22.468571254185267,23.567936488560267,23.567936488560267,22.334761899615092,22.334761899615092,23.21199996948242,22.06084997177124,1,17624095.297241210745600,35365588.536601596,,,,,,,
2025-11-12,,,,,,,23.469999313354492,24.079999923706055,22.940000534057617,22.959999084472656,2221600,,,,,22.959999084472656,,,,,,,,,,,,,,,,,,,,,,,,,,,,,,,,,,,,,,,,,,,,,,,,,,,,,,,,,,,,,,,,,,,,,,,,,,,,,,,,,,,,,,,,,,,,,,,,,,,,,,,,,,,,,,,,,,,,,,,,,,,,,,,,,,,,,,,,,,,,,0.29248787575478646,0.3087028148180476,0.31776711209315495,0.5420292277297406,,,,-0.16947976851834745,,,,,,,,22.699083224669526,22.699083224669526,22.6577415063847,22.6577415063847,23.198660112197658,23.198660112197658,23.05045963462661,23.05045963462661,,,,,0,,-0.21911983465681573,-0.21911983465681573,-0.35986506548055247,-0.35986506548055247,51.9332647546556,51.9332647546556,,22.58599967956543,22.58599967956543,22.445237840924943,22.445237840924943,23.528571386185902,23.528571386185902,22.293333318498398,22.293333318498398,23.17419994354248,22.076199970245362,1,51007933.966064452569600,35606230.270149596,,,,,,,
2025-11-13,,,,,,,22.889999389648438,23.190000534057617,22.069999694824220,22.159999847412110,1525000,,,,,22.159999847412110,,,,,,,,,,,,,,,,,,,,,,,,,,,,,,,,,,,,,,,,,,,,,,,,,,,,,,,,,,,,,,,,,,,,,,,,,,,,,,,,,,,,,,,,,,,,,,,,,,,,,,,,,,,,,,,,,,,,,,,,,,,,,,,,,,,,,,,,,,,,,0.38429304741638365,0.3267301112083616,0.3244761607944691,0.5421128841811261,,,,-0.18579924915264182,,,,,,,,22.51938876558372,22.51938876558372,22.612492264659917,22.612492264659917,23.16620197892311,23.16620197892311,23.043420426822543,23.043420426822543,,,,,-0.03546467658313269,,-0.23281160048393446,-0.23281160048393446,-0.33445437248122883,-0.33445437248122883,44.54469217466347,44.54469217466347,,22.659999465942384,22.659999465942384,22.402856917608354,22.402856917608354,23.480634870983305,23.480634870983305,22.253174592578223,22.253174592578223,23.133999938964845,22.089349966049195,1,33793999.767303467750000,35648835.18110608,,,,,,,
2025-11-14,,,,,,,21.610000610351562,22.280000686645508,21.549999237060547,22.069999694824220,890600,,,,,22.069999694824220,,,,,,,,,,,,,,,,,,,,,,,,,,,,,,,,,,,,,,,,,,,,,,,,,,,,,,,,,,,,,,,,,,,,,,,,,,,,,,,,,,,,,,,,,,,,,,,,,,,,,,,,,,,,,,,,,,,,,,,,,,,,,,,,,,,,,,,,,,,,,0.3158507882368089,0.32245632516771655,0.3245018269380606,0.5412106362407367,,,,-0.14393207531033553,,,,,,,,22.369592408663888,22.369592408663888,22.563174758311217,22.563174758311217,23.131945657545018,23.131945657545018,23.035725401273147,23.035725401273147,,,,,-0.004069648552332336,,-0.248065143142,-0.248065143142,-0.3171765266133831,-0.3171765266133831,43.789900274170556,43.789900274170556,,22.591999435424803,22.591999435424803,22.374285470871698,22.374285470871698,23.432063450888982,23.432063450888982,22.21678570338658,22.21678570338658,23.090599937438967,22.099649963378905,1,19655541.728210450332000,35385031.815068685,,,,,,,
2025-11-17,,,,,,,21.870000839233400,22.030000686645508,21.329999923706055,21.489999771118164,1533800,,,,,21.489999771118164,,,,,,,,,,,,,,,,,,,,,,,,,,,,,,,,,,,,,,,,,,,,,,,,,,,,,,,,,,,,,,,,,,,,,,,,,,,,,,,,,,,,,,,,,,,,,,,,,,,,,,,,,,,,,,,,,,,,,,,,,,,,,,,,,,,,,,,,,,,,,0.28791588071330376,0.3324234141939267,0.3231381649336392,0.5393331032076238,,,,-0.17425090876204904,,,,,,,,22.076394862815313,22.076394862815313,22.46561339583912,22.46561339583912,23.08063484859418,23.08063484859418,23.02350622633121,23.02350622633121,,,,,-0.02663150643721704,,-0.3034567714102927,-0.3034567714102927,-0.314432575572765,-0.314432575572765,39.18215026191536,39.18215026191536,,22.32799949645996,22.32799949645996,22.330952144804456,22.330952144804456,23.386349148220486,23.386349148220486,22.184484118507022,22.184484118507022,23.03859992980957,22.102249965667724,1,32961361.648941039943200,35277547.88301559,,,,,,,
2025-11-18,,,,,,,21.200000762939453,22.139999389648438,21.110000610351562,21.790000915527344,1639800,,,,,21.790000915527344,,,,,,,,,,,,,,,,,,,,,,,,,,,,,,,,,,,,,,,,,,,,,,,,,,,,,,,,,,,,,,,,,,,,,,,,,,,,,,,,,,,,,,,,,,,,,,,,,,,,,,,,,,,,,,,,,,,,,,,,,,,,,,,,,,,,,,,,,,,,,0.32031829188980665,0.3269026497065444,0.32435074803796893,0.5273034070510219,,,,-0.16430009870574774,,,,,,,,21.980930213719322,21.980930213719322,22.40419407944714,22.40419407944714,23.04030253818584,23.04030253818584,23.01375519620628,23.01375519620628,,,,,0.013863490968669729,,-0.31946485871707964,-0.31946485871707964,-0.31543903220162794,-0.31543903220162794,42.54950145539941,42.54950145539941,,22.0939998626709,22.0939998626709,22.27904746645973,22.27904746645973,23.348888851347425,23.348888851347425,22.166150789412242,22.166150789412242,23.000199966430664,22.10919997215271,1,35731243.501281738691200,35284660.487120494,,,,,,,
2025-11-19,,,,,,,21.750000000000000,25.889999389648438,21.514999389648438,25.520000457763672,10203200,,,,,25.520000457763672,,,,,,,,,,,,,,,,,,,,,,,,,,,,,,,,,,,,,,,,,,,,,,,,,,,,,,,,,,,,,,,,,,,,,,,,,,,,,,,,,,,,,,,,,,,,,,,,,,,,,,,,,,,,,,,,,,,,,,,,,,,,,,,,,,,,,,,,,,,,,1.2526895165083662,0.6446215156640821,0.45508695690995965,0.5486842003696947,,,,0.1214685220571956,,,,,,,,23.16062029506744,23.16062029506744,22.687449204748646,22.687449204748646,23.117793098172648,23.117793098172648,23.033567411712664,23.033567411712664,,,,,0.1580112854415687,,-0.030816361258050762,-0.030816361258050762,-0.2585144980129125,-0.2585144980129125,67.00821839041095,67.00821839041095,,22.6060001373291,22.6060001373291,22.40619032723563,22.40619032723563,23.368730121188694,23.368730121188694,22.167420629471067,22.167420629471067,23.035199966430664,22.13429997444153,1,260385668.670654298150400,39165473.905705646,,,,,,,
2025-11-20,,,,,,,25.549999237060547,26.200000762939453,24.020000457763672,24.379999160766600,4207500,,,,,24.379999160766600,,,,,,,,,,,,,,,,,,,,,,,,,,,,,,,,,,,,,,,,,,,,,,,,,,,,,,,,,,,,,,,,,,,,,,,,,,,,,,,,,,,,,,,,,,,,,,,,,,,,,,,,,,,,,,,,,,,,,,,,,,,,,,,,,,,,,,,,,,,,,1.2835531100046451,0.6619496830453099,0.46120267373370294,0.5411193911562496,,,,0.0600069258980096,,,,,,,,23.56707991696716,23.56707991696716,22.84131738256846,22.84131738256846,23.157237037628708,23.157237037628708,23.044211140954197,23.044211140954197,,,,,-0.04569938678393911,,0.10474365563752741,0.10474365563752741,-0.18586286728282453,-0.18586286728282453,58.772603188480346,58.772603188480346,,23.05,23.05,22.503333137148903,22.503333137148903,23.359841210501536,23.359841210501536,22.173809513213143,22.173809513213143,23.043799934387206,22.142799968719483,1,102578846.468925469500000,40471746.033238605,,,,,,,
2025-11-21,,,,,,,24.379999160766600,25.030000686645508,23.129999160766600,24.260000228881836,3225400,,,,,24.260000228881836,,,,,,,,,,,,,,,,,,,,,,,,,,,,,,,,,,,,,,,,,,,,,,,,,,,,,,,,,,,,,,,,,,,,,,,,,,,,,,,,,,,,,,,,,,,,,,,,,,,,,,,,,,,,,,,,,,,,,,,,,,,,,,,,,,,,,,,,,,,,,1.2845503402768539,0.6522275795295984,0.46073168549466487,0.5398413380438769,,,,0.05255111706393685,,,,,,,,23.798053354272053,23.798053354272053,22.97028855041513,22.97028855041513,23.19169838735537,23.19169838735537,23.05382212188643,23.05382212188643,,,,,-0.004934176679658167,,0.20018542182259935,0.20018542182259935,-0.10865320946173974,-0.10865320946173974,57.96501373833668,57.96501373833668,,23.488000106811523,23.488000106811523,22.55571410769508,22.55571410769508,23.344761863587394,23.344761863587394,22.183015861208478,22.183015861208478,23.05199993133545,22.149899969100954,1,78248204.738235473834400,40993455.32508426,,,,,,,
2025-11-24,,,,,,,24.649999618530273,25.450000762939453,24.041999816894530,25.370000839233400,2982700,,,,,25.370000839233400,,,,,,,,,,,,,,,,,,,,,,,,,,,,,,,,,,,,,,,,,,,,,,,,,,,,,,,,,,,,,,,,,,,,,,,,,,,,,,,,,,,,,,,,,,,,,,,,,,,,,,,,,,,,,,,,,,,,,,,,,,,,,,,,,,,,,,,,,,,,,1.2235791954410846,0.6592454609092449,0.4695395240352203,0.5412633933962164,,,,0.13281740761919192,,,,,,,,24.32203584925917,24.32203584925917,23.188444213034973,23.188444213034973,23.25977033897656,23.25977033897656,23.072131835067037,23.072131835067037,,,,,0.04473849374050578,,0.3612274762483736,0.3612274762483736,-0.014677072319717077,-0.014677072319717077,63.0260769685479,63.0260769685479,,24.26400032043457,24.26400032043457,22.68999989827474,22.68999989827474,23.348412680247474,23.348412680247474,22.194761896890306,22.194761896890306,23.10039993286133,22.16594997406006,1,75671101.503181462180000,41726540.979355104,,,,,,,
2025-11-25,,,,,,,28.350000381469727,31.871000289916992,27.559999465942383,30.000000000000000,10550000,,,,,30.000000000000000,,,,,,,,,,,,,,,,,,,,,,,,,,,,,,,,,,,,,,,,,,,,,,,,,,,,,,,,,,,,,,,,,,,,,,,,,,,,,,,,,,,,,,,,,,,,,,,,,,,,,,,,,,,,,,,,,,,,,,,,,,,,,,,,,,,,,,,,,,,,,1.5212666539161845,0.8640130599267246,0.5767936693755454,0.5577707306110106,,,,0.15212829474667006,,,,,,,,26.214690566172777,26.214690566172777,23.80767655730452,23.80767655730452,23.47040251588354,23.47040251588354,23.126897591311568,23.126897591311568,,,,,0.1676299749712098,,0.8526281359736174,0.8526281359736174,0.1587839693389498,0.1587839693389498,76.00413363504123,76.00413363504123,,25.9060001373291,25.9060001373291,23.0490475609189,23.0490475609189,23.425079345703125,23.425079345703125,22.215555546775697,22.215555546775697,23.247399940490723,22.20544997215271,1,316500000.000000000000000,46335005.5495247,,,,,,,
2025-11-26,,,,,,,30.569999694824220,30.969999313354492,29.110000610351562,29.329999923706055,4045700,,,,,29.329999923706055,,,,,,,,,,,,,,,,,,,,,,,,,,,,,,,,,,,,,,,,,,,,,,,,,,,,,,,,,,,,,,,,,,,,,,,,,,,,,,,,,,,,,,,,,,,,,,,,,,,,,,,,,,,,,,,,,,,,,,,,,,,,,,,,,,,,,,,,,,,,,1.3482078447679597,0.8620161087404035,0.579020028164854,0.5580800232833995,,,,0.1058145925612811,,,,,,,,27.25312701868387,27.25312701868387,24.309705954250113,24.309705954250113,23.653514934877993,23.653514934877993,23.17593397338583,23.17593397338583,,,,,-0.022586501274021214,,1.1744647933648338,1.1744647933648338,0.3619201341441266,0.3619201341441266,72.06227775533627,72.06227775533627,,26.66800003051758,26.66800003051758,23.403809502011253,23.403809502011253,23.489841249254013,23.489841249254013,22.234999989706374,22.234999989706374,23.38919994354248,22.24844997406006,1,118660380.691337586713500,47696590.16367292,,,,,,,
2025-11-28,,,,,,,29.260000228881836,29.399999618530273,28.620000839233400,28.629999160766600,1370800,,,,,28.629999160766600,,,,,,,,,,,,,,,,,,,,,,,,,,,,,,,,,,,,,,,,,,,,,,,,,,,,,,,,,,,,,,,,,,,,,,,,,,,,,,,,,,,,,,,,,,,,,,,,,,,,,,,,,,,,,,,,,,,,,,,,,,,,,,,,,,,,,,,,,,,,,1.2811956220932141,0.8649399695268243,0.5807593734755525,0.5584365464411546,,,,0.10553612502243713,,,,,,,,27.712084399378114,27.712084399378114,24.70245988211525,24.70245988211525,23.809030066937012,23.809030066937012,23.219049113207024,23.219049113207024,,,,,-0.024155790591187998,,1.3573912897945206,1.3573912897945206,0.5610143652742055,0.5610143652742055,68.08900083418659,68.08900083418659,,27.518000030517577,27.518000030517577,23.74428567432222,23.74428567432222,23.548253922235396,23.548253922235396,22.250158718654088,22.250158718654088,23.516399917602538,22.2891499710083,1,39246002.849578855280000,47868581.22686053,,,,,,,
2025-12-01,,,,,,,28.549999237060547,29.049999237060547,28.170000076293945,28.209999084472656,1967000,,,,,28.209999084472656,,,,,,,,,,,,,,,,,,,,,,,,,,,,,,,,,,,,,,,,,,,,,,,,,,,,,,,,,,,,,,,,,,,,,,,,,,,,,,,,,,,,,,,,,,,,,,,,,,,,,,,,,,,,,,,,,,,,,,,,,,,,,,,,,,,,,,,,,,,,,1.3008963565548632,0.8701846783913509,0.5817478078491833,0.5585806400027112,,,,0.06226954375462518,,,,,,,,27.878055961076296,27.878055961076296,25.02132708232956,25.02132708232956,23.946560348735,23.946560348735,23.258503263177502,23.258503263177502,,,,,-0.014778597237041884,,1.4517366437055017,1.4517366437055017,0.7391588209604647,0.7391588209604647,65.74666002990067,65.74666002990067,,28.30799980163574,28.30799980163574,24.044761839367094,24.044761839367094,23.59952375623915,23.59952375623915,22.264444426884726,22.264444426884726,23.6335998916626,22.331149969100952,1,55489068.199157714352000,48382074.7923079,,,,,,,
2025-12-02,,,,,,,28.840000152587890,28.889999389648438,28.299999237060547,28.719999313354492,2218400,,,,,28.719999313354492,,,,,,,,,,,,,,,,,,,,,,,,,,,,,,,,,,,,,,,,,,,,,,,,,,,,,,,,,,,,,,,,,,,,,,,,,,,,,,,,,,,,,,,,,,,,,,,,,,,,,,,,,,,,,,,,,,,,,,,,,,,,,,,,,,,,,,,,,,,,,1.2958983509641497,0.8695538354769341,0.5824320976054735,0.5580448192685811,,,,0.05174654073940488,,,,,,,,28.158703745169028,28.158703745169028,25.357570012422734,25.357570012422734,24.09573031637936,24.09573031637936,23.301677144997086,23.301677144997086,,,,,0.017917227711849098,,1.549793715384677,1.549793715384677,0.9012857998453071,0.9012857998453071,67.2212497409415,67.2212497409415,,28.97799949645996,28.97799949645996,24.34523800441197,24.34523800441197,23.660952310713512,23.660952310713512,22.283571409800697,22.283571409800697,23.75179988861084,22.37574996948242,1,63712446.476745605052800,48960638.459898934,,,,,,,
2025-12-03,,,,,,,28.790000915527344,28.959999084472656,28.270000457763672,28.559999465942383,2451800,,,,,28.559999465942383,,,,,,,,,,,,,,,,,,,,,,,,,,,,,,,,,,,,,,,,,,,,,,,,,,,,,,,,,,,,,,,,,,,,,,,,,,,,,,,,,,,,,,,,,,,,,,,,,,,,,,,,,,,,,,,,,,,,,,,,,,,,,,,,,,,,,,,,,,,,,0.27269521075244024,0.868476671264777,0.5794648904322705,0.5577895316061596,,,,0.03006014496442022,,,,,,,,28.29246898542681,28.29246898542681,25.648699962742704,25.648699962742704,24.235238727303205,24.235238727303205,23.34324491038005,23.34324491038005,,,,,-0.005586601499866309,,1.5961940690105898,1.5961940690105898,1.0402674536783636,1.0402674536783636,66.25755921710972,66.25755921710972,,28.689999389648438,28.689999389648438,24.648095085507347,24.648095085507347,23.730634840707932,23.730634840707932,22.300277755374,22.300277755374,23.87179988861084,22.40989996910095,1,70023406.690597534639400,49402842.29414501,,,,,,,
2025-12-04,,,,,,,28.870000839233400,29.684000015258790,28.450000762939453,29.250000000000000,3924400,,,,,29.250000000000000,,,,,,,,,,,,,,,,,,,,,,,,,,,,,,,,,,,,,,,,,,,,,,,,,,,,,,,,,,,,,,,,,,,,,,,,,,,,,,,,,,,,,,,,,,,,,,,,,,,,,,,,,,,,,,,,,,,,,,,,,,,,,,,,,,,,,,,,,,,,,0.32942457443603534,0.8651201369945986,0.5810178134636994,0.5578731794562747,,,,0.049775596122367115,,,,,,,,28.61164599028454,28.61164599028454,25.97609087522064,25.97609087522064,24.39195001707498,24.39195001707498,23.38993862650353,23.38993862650353,,,,,0.023872454905978394,,1.669400154266139,1.669400154266139,1.1660939937959187,1.1660939937959187,68.36389932207595,68.36389932207595,,28.673999404907228,28.673999404907228,24.995714096795943,24.995714096795943,23.810158653864786,23.810158653864786,22.32166664184086,22.32166664184086,24.004999885559084,22.45004997253418,1,114788700.000000000000000,50743509.53678555,,,,,,,
2025-12-05,,,,,,,28.870000839233400,28.909999847412110,28.190000534057617,28.879999160766600,2885900,,,,,28.879999160766600,,,,,,,,,,,,,,,,,,,,,,,,,,,,,,,,,,,,,,,,,,,,,,,,,,,,,,,,,,,,,,,,,,,,,,,,,,,,,,,,,,,,,,,,,,,,,,,,,,,,,,,,,,,,,,,,,,,,,,,,,,,,,,,,,,,,,,,,,,,,,0.2848004229615873,0.8699489697726204,0.5815833310082453,0.5577979334089392,,,,0.08771228498471123,,,,,,,,28.701097047111894,28.701097047111894,26.240082537543,26.240082537543,24.53220155281534,24.53220155281534,23.433338314521418,23.433338314521418,,,,,-0.012730288712568642,,1.6782151096213376,1.6782151096213376,1.2685182169610025,1.2685182169610025,65.98521608876774,65.98521608876774,,28.723999404907225,28.723999404907225,25.31190454392206,25.31190454392206,23.886190384153334,23.886190384153334,22.339960287487695,22.339960287487695,24.135399856567382,22.490699968338014,1,83344789.578056330940000,51341869.03343503,,,,,,,
2025-12-08,,,,,,,28.750000000000000,29.000000000000000,28.329999923706055,28.819999694824220,2245000,,,,,28.819999694824220,,,,,,,,,,,,,,,,,,,,,,,,,,,,,,,,,,,,,,,,,,,,,,,,,,,,,,,,,,,,,,,,,,,,,,,,,,,,,,,,,,,,,,,,,,,,,,,,,,,,,,,,,,,,,,,,,,,,,,,,,,,,,,,,,,,,,,,,,,,,,0.25061919879765077,0.863505683808243,0.5804252616441863,0.5575842268906704,,,,0.1213055463912145,,,,,,,,28.740731263016002,28.740731263016002,26.4746204609322,26.4746204609322,24.66619524475312,24.66619524475312,23.475920617923023,23.475920617923023,,,,,-0.0020797049829486937,,1.661210172976915,1.661210172976915,1.347056608164185,1.347056608164185,65.58669173195312,65.58669173195312,,28.84599952697754,28.84599952697754,25.646666390555247,25.646666390555247,23.967301504952566,23.967301504952566,22.359444413866317,22.359444413866317,24.260399856567382,22.534799966812134,1,64700899.314880373900000,51899371.81846679,,,,,,,
2025-12-09,,,,,,,28.430000305175780,29.319999694824220,28.010000228881836,28.840000152587890,2576700,,,,,28.840000152587890,,,,,,,,,,,,,,,,,,,,,,,,,,,,,,,,,,,,,,,,,,,,,,,,,,,,,,,,,,,,,,,,,,,,,,,,,,,,,,,,,,,,,,,,,,,,,,,,,,,,,,,,,,,,,,,,,,,,,,,,,,,,,,,,,,,,,,,,,,,,,0.2194609528205125,0.8628221801050401,0.5804441737149915,0.5561690584563909,,,,0.1136625743678392,,,,,,,,28.7738208928733,28.7738208928733,26.689654978355446,26.689654978355446,24.796626648122956,24.796626648122956,23.518324408710885,23.518324408710885,,,,,0.0006937377252423068,,1.6305515249662577,1.6305515249662577,1.4037555915245996,1.4037555915245996,65.66114286261286,65.66114286261286,,28.86999969482422,28.86999969482422,25.952856881277903,25.952856881277903,24.0477776905847,24.0477776905847,22.382619017646427,22.382619017646427,24.380799865722658,22.579949970245362,1,74312028.393173216163000,52615827.84753527,,,,,,,
2025-12-10,,,,,,,28.700000762939453,29.610000610351562,28.500000000000000,29.600000381469727,2460000,,,,,29.600000381469727,,,,,,,,,,,,,,,,,,,,,,,,,,,,,,,,,,,,,,,,,,,,,,,,,,,,,,,,,,,,,,,,,,,,,,,,,,,,,,,,,,,,,,,,,,,,,,,,,,,,,,,,,,,,,,,,,,,,,,,,,,,,,,,,,,,,,,,,,,,,,0.2700389276923158,0.8639926774975667,0.5821953010053056,0.5566990579742024,,,,0.14547950076580932,,,,,,,,29.049214055738776,29.049214055738776,26.954231833184018,26.954231833184018,24.946732077290044,24.946732077290044,23.56640089861412,23.56640089861412,,,,,0.02601105650991487,,1.6485762318206625,1.6485762318206625,1.4527197195838122,1.4527197195838122,68.45399362886737,68.45399362886737,,29.077999877929688,29.077999877929688,26.276190258207777,26.276190258207777,24.137460224212163,24.137460224212163,22.408134891873313,22.408134891873313,24.49379985809326,22.627349967956544,1,72816000.938415528420000,53297237.29176294,,,,,,,
2025-12-11,,,,,,,29.670000076293945,30.180000305175780,28.899999618530273,30.129999160766600,2777500,,,,,30.129999160766600,,,,,,,,,,,,,,,,,,,,,,,,,,,,,,,,,,,,,,,,,,,,,,,,,,,,,,,,,,,,,,,,,,,,,,,,,,,,,,,,,,,,,,,,,,,,,,,,,,,,,,,,,,,,,,,,,,,,,,,,,,,,,,,,,,,,,,,,,,,,,0.2488135214935457,0.8639071270276003,0.5826919818738802,0.5564438440602524,,,,0.17383087376126036,,,,,,,,29.409475757414718,29.409475757414718,27.24293795387334,27.24293795387334,25.108709173648684,25.108709173648684,23.6182870508841,23.6182870508841,,,,,0.017746951070957098,,1.6861900645214902,1.6861900645214902,1.4994137885713477,1.4994137885713477,70.26994193023317,70.26994193023317,,29.253999710083008,29.253999710083008,26.617618833269393,26.617618833269393,24.23714274451846,24.23714274451846,22.433452348860484,22.433452348860484,24.593199844360353,22.678249959945678,1,83686072.669029231500000,54250271.93130009,,,,,,,
2025-12-12,,,,,,,29.709999084472656,29.989999771118164,29.200000762939453,29.719999313354492,2644500,,,,,29.719999313354492,,,,,,,,,,,,,,,,,,,,,,,,,,,,,,,,,,,,,,,,,,,,,,,,,,,,,,,,,,,,,,,,,,,,,,,,,,,,,,,,,,,,,,,,,,,,,,,,,,,,,,,,,,,,,,,,,,,,,,,,,,,,,,,,,,,,,,,,,,,,,0.25345237280931376,0.867788226343108,0.5774879994627744,0.556538265822256,,,,0.21637713979082127,,,,,,,,29.51298360939464,29.51298360939464,27.468125350189812,27.468125350189812,25.25281199051449,25.25281199051449,23.66652193042932,23.66652193042932,,,,,-0.013701128542723554,,1.6637372098408747,1.6637372098408747,1.5322784728252532,1.5322784728252532,67.05421837229538,67.05421837229538,,29.421999740600587,29.421999740600587,26.939523606073287,26.939523606073287,24.344603038969495,24.344603038969495,22.456071391938224,22.456071391938224,24.684599838256837,22.730649957656862,1,78594538.184165954094000,54631605.68320562,,,,,,,
2025-12-15,,,,,,,29.629999160766600,29.920000076293945,28.799999237060547,29.350000381469727,1957300,,,,,29.350000381469727,,,,,,,,,,,,,,,,,,,,,,,,,,,,,,,,,,,,,,,,,,,,,,,,,,,,,,,,,,,,,,,,,,,,,,,,,,,,,,,,,,,,,,,,,,,,,,,,,,,,,,,,,,,,,,,,,,,,,,,,,,,,,,,,,,,,,,,,,,,,,0.2828891011711375,0.8554340996989344,0.5774127722077832,0.5566424773953559,,,,0.23312313907275012,,,,,,,,29.458655866753002,29.458655866753002,27.639204898487986,27.639204898487986,25.380849127731842,25.380849127731842,23.711450613836753,23.711450613836753,,,,,-0.012527637474368542,,1.597670389415498,1.597670389415498,1.5453568561433022,1.5453568561433022,64.19900311552358,64.19900311552358,,29.527999877929688,29.527999877929688,27.281904583885556,27.281904583885556,24.45095225742885,24.45095225742885,22.477896788763623,22.477896788763623,24.752599830627442,22.779199962615966,1,57446755.746650696657100,54782886.34278736,,,,,,,
2025-12-16,,,,,,,28.790000915527344,29.170000076293945,28.139999389648438,29.129999160766600,2299500,,,,,29.129999160766600,,,,,,,,,,,,,,,,,,,,,,,,,,,,,,,,,,,,,,,,,,,,,,,,,,,,,,,,,,,,,,,,,,,,,,,,,,,,,,,,,,,,,,,,,,,,,,,,,,,,,,,,,,,,,,,,,,,,,,,,,,,,,,,,,,,,,,,,,,,,,0.2940837617080345,0.8564051509474161,0.5761185829882682,0.5565974106076995,,,,0.2532786297864255,,,,,,,,29.349103631424203,29.349103631424203,27.774731649604224,27.774731649604224,25.49801006626418,25.49801006626418,23.754284989701812,23.754284989701812,,,,,-0.0075240171099622164,,1.5101516106282347,1.5101516106282347,1.5383158070402887,1.5383158070402887,62.49501167742302,62.49501167742302,,29.58599967956543,29.58599967956543,27.618095034644718,27.618095034644718,24.56031732710581,24.56031732710581,22.49980154491606,22.49980154491606,24.8097998046875,22.832649955749513,1,66984433.070182796700000,54965780.33708845,,,,,,,
2025-12-17,,,,,,,28.940000534057617,29.440000534057617,28.530000686645508,28.670000076293945,2845100,,,,,28.670000076293945,,,,,,,,,,,,,,,,,,,,,,,,,,,,,,,,,,,,,,,,,,,,,,,,,,,,,,,,,,,,,,,,,,,,,,,,,,,,,,,,,,,,,,,,,,,,,,,,,,,,,,,,,,,,,,,,,,,,,,,,,,,,,,,,,,,,,,,,,,,,,0.21964407115938545,0.8509103151557645,0.5775093168537392,0.5562937425432719,,,,0.23272443516852584,,,,,,,,29.122735779714116,29.122735779714116,27.856119688394198,27.856119688394198,25.597134754077608,25.597134754077608,23.79314439750096,23.79314439750096,,,,,-0.015917259605022424,,1.3876779782229853,1.3876779782229853,1.508188241276828,1.508188241276828,58.970564782145665,58.970564782145665,,29.399999618530273,29.399999618530273,27.95999981108166,27.95999981108166,24.661904622638037,24.661904622638037,22.52210313554794,22.52210313554794,24.878199806213377,22.88244996070862,1,81569017.217063902919500,55238404.319524005,,,,,,,
2025-12-18,,,,,,,28.899999618530273,29.177000045776367,28.629999160766600,28.690000534057617,1431500,,,,,28.690000534057617,,,,,,,,,,,,,,,,,,,,,,,,,,,,,,,,,,,,,,,,,,,,,,,,,,,,,,,,,,,,,,,,,,,,,,,,,,,,,,,,,,,,,,,,,,,,,,,,,,,,,,,,,,,,,,,,,,,,,,,,,,,,,,,,,,,,,,,,,,,,,0.10513620705513245,0.8521051500542546,0.5775468262343423,0.5554606137957139,,,,0.21035379967772141,,,,,,,,28.978490697828615,28.978490697828615,27.931927037999962,27.931927037999962,25.693786809701983,25.693786809701983,23.83185472269113,23.83185472269113,,,,,0.0006973660516527901,,1.2775043371775325,1.2775043371775325,1.4620514604569688,1.4620514604569688,59.078624416507466,59.078624416507466,,29.111999893188475,29.111999893188475,28.288571221487864,28.288571221487864,24.762539545694988,24.762539545694988,22.54158726192656,22.54158726192656,24.946999816894532,22.929649963378907,1,41069735.764503478735500,54786214.86836994,,,,,,,
2025-12-19,,,,,,,28.635000228881836,29.531999588012695,28.399999618530273,29.209999084472656,2308100,,,,,29.209999084472656,,,,,,,,,,,,,,,,,,,,,,,,,,,,,,,,,,,,,,,,,,,,,,,,,,,,,,,,,,,,,,,,,,,,,,,,,,,,,,,,,,,,,,,,,,,,,,,,,,,,,,,,,,,,,,,,,,,,,,,,,,,,,,,,,,,,,,,,,,,,,0.21447130767720352,0.6708364336280459,0.5772885559838843,0.546371815294454,,,,0.11849342174251132,,,,,,,,29.055660160043296,29.055660160043296,28.048115405861118,28.048115405861118,25.80366844328857,25.80366844328857,23.87436969788308,23.87436969788308,,,,,0.017962436448668264,,1.2181088693012114,1.2181088693012114,1.4132629422258174,1.4132629422258174,61.88900491921767,61.88900491921767,,29.00999984741211,29.00999984741211,28.464285441807338,28.464285441807338,24.864126841227215,24.864126841227215,22.57214281294081,22.57214281294081,25.053199806213378,22.98404995918274,1,67419598.886871337313600,55156317.48613933,,,,,,,
2025-12-22,,,,,,,29.340000152587890,30.212999343872070,29.260000228881836,29.870000839233400,1726000,,,,,29.870000839233400,,,,,,,,,,,,,,,,,,,,,,,,,,,,,,,,,,,,,,,,,,,,,,,,,,,,,,,,,,,,,,,,,,,,,,,,,,,,,,,,,,,,,,,,,,,,,,,,,,,,,,,,,,,,,,,,,,,,,,,,,,,,,,,,,,,,,,,,,,,,,0.25971385081655346,0.6451300510207619,0.5776340244631488,0.543700920792453,,,,0.17753912368366565,,,,,,,,29.327107053106666,29.327107053106666,28.213741354349505,28.213741354349505,25.930741330661846,25.930741330661846,23.92176599149059,23.92176599149059,,,,,0.022343575267508096,,1.2103420886462501,1.2103420886462501,1.372678771509904,1.372678771509904,65.15959238225841,65.15959238225841,,29.113999938964845,29.113999938964845,28.7257140931629,28.7257140931629,24.98015860905723,24.98015860905723,22.609999959430997,22.609999959430997,25.182799835205078,23.033449964523314,1,51555621.448516848400000,55295783.747424774,,,,,,,
2025-12-23,,,,,,,29.620000839233400,29.719999313354492,29.149999618530273,29.459999084472656,1020900,,,,,29.459999084472656,,,,,,,,,,,,,,,,,,,,,,,,,,,,,,,,,,,,,,,,,,,,,,,,,,,,,,,,,,,,,,,,,,,,,,,,,,,,,,,,,,,,,,,,,,,,,,,,,,,,,,,,,,,,,,,,,,,,,,,,,,,,,,,,,,,,,,,,,,,,,0.2796548604909319,0.648391439403279,0.5787609176625246,0.5389822551007638,,,,0.17532076762325557,,,,,,,,29.37140439689533,29.37140439689533,28.327037511633428,28.327037511633428,26.04103063546843,26.04103063546843,23.96554649024934,23.96554649024934,,,,,-0.013821280366694616,,1.1577572391647664,1.1577572391647664,1.3296944650408764,1.3296944650408764,61.62177823261527,61.62177823261527,,29.179999923706056,29.179999923706056,28.97333308628627,28.97333308628627,25.08920621115064,25.08920621115064,22.65178566887265,22.65178566887265,25.29819980621338,23.087949962615966,1,30075713.065338134510400,55301941.44369156,,,,,,,
2025-12-24,,,,,,,29.629999160766600,30.000000000000000,29.370000839233400,29.909999847412110,854100,,,,,29.909999847412110,,,,,,,,,,,,,,,,,,,,,,,,,,,,,,,,,,,,,,,,,,,,,,,,,,,,,,,,,,,,,,,,,,,,,,,,,,,,,,,,,,,,,,,,,,,,,,,,,,,,,,,,,,,,,,,,,,,,,,,,,,,,,,,,,,,,,,,,,,,,,0.23607782916716658,0.6359685931891914,0.5784124759342217,0.5390400626411511,,,,0.14596268732238193,,,,,,,,29.550936213734257,29.550936213734257,28.4709431785224,28.4709431785224,26.161935923341673,26.161935923341673,24.012538216392922,24.012538216392922,,,,,0.015159487582768659,,1.139261965085673,1.139261965085673,1.2916079650498358,1.2916079650498358,63.936189255326916,63.936189255326916,,29.427999877929686,29.427999877929686,29.189523515247163,29.189523515247163,25.20904746888176,25.20904746888176,22.69440471558344,22.69440471558344,25.427399787902832,23.15229995727539,1,25546130.869674683151000,55181975.57013678,,,,,,,
2025-12-26,,,,,,,30.040000915527344,30.079999923706055,29.530000686645508,29.729999542236328,843900,,,,,29.729999542236328,,,,,,,,,,,,,,,,,,,,,,,,,,,,,,,,,,,,,,,,,,,,,,,,,,,,,,,,,,,,,,,,,,,,,,,,,,,,,,,,,,,,,,,,,,,,,,,,,,,,,,,,,,,,,,,,,,,,,,,,,,,,,,,,,,,,,,,,,,,,,0.2541871400484196,0.2589776929772687,0.5787193946705639,0.5376617043727165,,,,0.14156815531736222,,,,,,,,29.61062398990161,29.61062398990161,28.585402847950938,28.585402847950938,26.27343791143213,26.27343791143213,24.057735539126863,24.057735539126863,,,,,-0.006036245927648062,,1.0974293246953124,1.0974293246953124,1.2527722369789311,1.2527722369789311,62.317329779400346,62.317329779400346,,29.63599967956543,29.63599967956543,29.176666350591752,29.176666350591752,25.32269826011052,25.32269826011052,22.733134875221857,22.733134875221857,25.56099979400635,23.208849954605103,1,25089146.613693237199200,55265848.13968416,,,,,,,
2025-12-29,,,,,,,29.579999923706055,29.829999923706055,29.159999847412110,29.200000762939453,1067500,,,,,29.200000762939453,,,,,,,,,,,,,,,,,,,,,,,,,,,,,,,,,,,,,,,,,,,,,,,,,,,,,,,,,,,,,,,,,,,,,,,,,,,,,,,,,,,,,,,,,,,,,,,,,,,,,,,,,,,,,,,,,,,,,,,,,,,,,,,,,,,,,,,,,,,,,0.2839773852923943,0.2544713414245974,0.5802714407957137,0.5379322705869295,,,,0.20014789675807057,,,,,,,,29.473749580914227,29.473749580914227,28.64127538567717,28.64127538567717,26.364893000541734,26.364893000541734,24.098385857101665,24.098385857101665,,,,,-0.01798788621034163,,1.009869041998897,1.009869041998897,1.2041915979829243,1.2041915979829243,57.68586738128249,57.68586738128249,,29.63400001525879,29.63400001525879,29.17047591436477,29.17047591436477,25.423968118334574,25.423968118334574,22.770396785130576,22.770396785130576,25.69159980773926,23.265499954223632,1,31171000.814437866077500,55266591.04810745,,,,,,,
2025-12-30,,,,,,,29.459999084472656,29.649999618530273,28.889999389648438,29.299999237060547,1242600,,,,,29.299999237060547,,,,,,,,,,,,,,,,,,,,,,,,,,,,,,,,,,,,,,,,,,,,,,,,,,,,,,,,,,,,,,,,,,,,,,,,,,,,,,,,,,,,,,,,,,,,,,,,,,,,,,,,,,,,,,,,,,,,,,,,,,,,,,,,,,,,,,,,,,,,,0.21272451852812285,0.23925212182669572,0.573207416252607,0.5366464391002013,,,,0.23350771188628952,,,,,,,,29.415832799629666,29.415832799629666,28.701159372166565,28.701159372166565,26.456615070432946,26.456615070432946,24.139505330461024,24.139505330461024,,,,,0.003418754581832859,,0.937736288055536,0.937736288055536,1.1509005359974467,1.1509005359974467,58.31535701096709,58.31535701096709,,29.519999694824218,29.519999694824218,29.202380679902575,29.202380679902575,25.508888729034908,25.508888729034908,22.804960273561022,22.804960273561022,25.829599800109865,23.322499952316285,1,36408179.051971435702200,54798643.93625108,,,,,,,
2025-12-31,,,,,,,29.239999771118164,29.243999481201172,28.780000686645508,29.000000000000000,1444100,,,,,29.000000000000000,,,,,,,,,,,,,,,,,,,,,,,,,,,,,,,,,,,,,,,,,,,,,,,,,,,,,,,,,,,,,,,,,,,,,,,,,,,,,,,,,,,,,,,,,,,,,,,,,,,,,,,,,,,,,,,,,,,,,,,,,,,,,,,,,,,,,,,,,,,,,0.20358436381201092,0.2359821786274939,0.5660782796106761,0.5367315034660166,,,,0.2759738822343655,,,,,,,,29.27722186641978,29.27722186641978,28.728326701969603,28.728326701969603,26.536095849481917,26.536095849481917,24.177928213224178,24.177928213224178,,,,,-0.010291659997658093,,0.8466040056500042,0.8466040056500042,1.090041229927958,1.090041229927958,55.64105792270154,55.64105792270154,,29.427999877929686,29.427999877929686,29.239999771118164,29.239999771118164,25.569841112409318,25.569841112409318,22.83876979918707,22.83876979918707,25.95199981689453,23.373349952697755,1,41878900.000000000000000,54706791.24242692,,,,,,,
2026-01-02,,,,,,,29.100000381469727,30.700000762939453,28.930000305175780,30.479999542236328,2351600,,,,,30.479999542236328,,,,,,,,,,,,,,,,,,,,,,,,,,,,,,,,,,,,,,,,,,,,,,,,,,,,,,,,,,,,,,,,,,,,,,,,,,,,,,,,,,,,,,,,,,,,,,,,,,,,,,,,,,,,,,,,,,,,,,,,,,,,,,,,,,,,,,,,,,,,,0.42624391924535554,0.28494706761640765,0.5739616885249385,0.5323380646798681,,,,0.29420025103559205,,,,,,,,29.678147758358627,29.678147758358627,28.887569687448398,28.887569687448398,26.65934283988049,26.65934283988049,24.227746958908067,24.227746958908067,,,,,0.04977488581347816,,0.883618801942017,0.883618801942017,1.04875674433077,1.04875674433077,64.33143770454868,64.33143770454868,,29.54199981689453,29.54199981689453,29.323809305826824,29.323809305826824,25.65444428580148,25.65444428580148,22.871230117858403,22.871230117858403,26.104599800109863,23.433399953842162,1,71676766.923522948924800,54885663.98591541,,,,,,,
2026-01-05,,,,,,,30.799999237060547,31.729999542236328,30.799999237060547,31.440000534057617,2318100,,,,,31.440000534057617,,,,,,,,,,,,,,,,,,,,,,,,,,,,,,,,,,,,,,,,,,,,,,,,,,,,,,,,,,,,,,,,,,,,,,,,,,,,,,,,,,,,,,,,,,,,,,,,,,,,,,,,,,,,,,,,,,,,,,,,,,,,,,,,,,,,,,,,,,,,,0.45282985664635655,0.29916985533144796,0.5739012650984592,0.5297566425362341,,,,0.3243363742705501,,,,,,,,30.265432016924958,30.265432016924958,29.119608855321964,29.119608855321964,26.80873839282353,26.80873839282353,24.284760821162216,24.284760821162216,,,,,0.03101026874761883,,0.9791305442312819,0.9791305442312819,1.0348315043108722,1.0348315043108722,68.62515937110672,68.62515937110672,,29.88400001525879,29.88400001525879,29.46095221383231,29.46095221383231,25.741587139311292,25.741587139311292,22.91253964106242,22.91253964106242,26.286599807739258,23.495449953079223,1,72881065.237998961967700,54804114.588204645,,,,,,,
2026-01-06,,,,,,,31.409999847412110,31.680000305175780,31.049999237060547,31.530000686645508,2328900,,,,,31.530000686645508,,,,,,,,,,,,,,,,,,,,,,,,,,,,,,,,,,,,,,,,,,,,,,,,,,,,,,,,,,,,,,,,,,,,,,,,,,,,,,,,,,,,,,,,,,,,,,,,,,,,,,,,,,,,,,,,,,,,,,,,,,,,,,,,,,,,,,,,,,,,,0.38772517397007644,0.29083089554449126,0.5735959846040511,0.529016215411676,,,,0.33811102327068016,,,,,,,,30.686954906831808,30.686954906831808,29.338735385442284,29.338735385442284,26.956277839505464,26.956277839505464,24.34203544460477,24.34203544460477,,,,,0.0028585107869277234,,1.0499829978639923,1.0499829978639923,1.0378618030214963,1.0378618030214963,69.00189755575538,69.00189755575538,,30.35,30.35,29.569523675101145,29.569523675101145,25.8250792064364,25.8250792064364,22.951706311059375,22.951706311059375,26.453999824523926,23.56149995803833,1,73430218.599128723581200,54505392.12775458,,,,,,,
2026-01-07,,,,,,,31.700000762939453,31.940000534057617,30.959999084472656,31.190000534057617,1312100,,,,,31.190000534057617,,,,,,,,,,,,,,,,,,,,,,,,,,,,,,,,,,,,,,,,,,,,,,,,,,,,,,,,,,,,,,,,,,,,,,,,,,,,,,,,,,,,,,,,,,,,,,,,,,,,,,,,,,,,,,,,,,,,,,,,,,,,,,,,,,,,,,,,,,,,,0.42664580100752497,0.2895678284767752,0.567789748936709,0.5276556986801478,,,,0.26797004643798983,,,,,,,,30.854636782573746,30.854636782573746,29.50703221713459,29.50703221713459,27.08858167371022,27.08858167371022,24.396169555983843,24.396169555983843,,,,,-0.010841947592067644,,1.066406041981029,1.066406041981029,1.0435706508134028,1.0435706508134028,65.78804715731309,65.78804715731309,,30.728000259399415,30.728000259399415,29.679523740495956,29.679523740495956,25.91936492919922,25.91936492919922,22.985912663596018,22.985912663596018,26.62679985046387,23.625849962234497,1,40924399.700736999265700,54391634.18649643,,,,,,,
2026-01-08,,,,,,,31.549999237060547,32.849998474121094,31.351999282836914,32.470001220703125,2637000,,,,,32.470001220703125,,,,,,,,,,,,,,,,,,,,,,,,,,,,,,,,,,,,,,,,,,,,,,,,,,,,,,,,,,,,,,,,,,,,,,,,,,,,,,,,,,,,,,,,,,,,,,,,,,,,,,,,,,,,,,,,,,,,,,,,,,,,,,,,,,,,,,,,,,,,,0.40687458742760657,0.31495582235941544,0.5725024804326863,0.5290621655251615,,,,0.27181140514142327,,,,,,,,31.393091595283536,31.393091595283536,29.77639303564082,29.77639303564082,27.256751034553748,27.256751034553748,24.459994312226684,24.459994312226684,,,,,0.04021907596712172,,1.1692286408138948,1.1692286408138948,1.0687022488135012,1.0687022488135012,71.22226459920786,71.22226459920786,,31.42200050354004,31.42200050354004,29.85333333696638,29.85333333696638,26.033968123178635,26.033968123178635,23.025555527399458,23.025555527399458,26.826999893188475,23.694849967956543,1,85623393.218994140625000,55182129.71378205,,,,,,,
2026-01-09,,,,,,,32.590000152587890,33.779998779296875,32.590000152587890,33.630001068115234,2434500,,,,,33.630001068115234,,,,,,,,,,,,,,,,,,,,,,,,,,,,,,,,,,,,,,,,,,,,,,,,,,,,,,,,,,,,,,,,,,,,,,,,,,,,,,,,,,,,,,,,,,,,,,,,,,,,,,,,,,,,,,,,,,,,,,,,,,,,,,,,,,,,,,,,,,,,,0.35519685044743954,0.3302757898729941,0.5630719923797217,0.5298003387602892,,,,0.3008647291617386,,,,,,,,32.13872808622744,32.13872808622744,30.12672103859304,30.12672103859304,27.455915098102544,27.455915098102544,24.53248448420999,24.53248448420999,,,,,0.03510193380341074,,1.3289987144415925,1.3289987144415925,1.1207615419391195,1.1207615419391195,75.08467268109153,75.08467268109153,,32.05200080871582,32.05200080871582,30.08142861865816,30.08142861865816,26.188412590632364,26.188412590632364,23.07130949837821,23.07130949837821,27.06199993133545,23.769299974441527,1,81872237.600326537173000,55982179.04874408,,,,,,,
2026-01-12,,,,,,,33.900001525878906,34.639999389648440,33.520000457763670,34.400001525878906,1914700,,,,,34.400001525878906,,,,,,,,,,,,,,,,,,,,,,,,,,,,,,,,,,,,,,,,,,,,,,,,,,,,,,,,,,,,,,,,,,,,,,,,,,,,,,,,,,,,,,,,,,,,,,,,,,,,,,,,,,,,,,,,,,,,,,,,,,,,,,,,,,,,,,,,,,,,,0.34312423893941135,0.32806954508371805,0.5613979723532057,0.529373955577468,,,,0.27175238263867685,,,,,,,,32.892485899444594,32.892485899444594,30.515201082891753,30.515201082891753,27.672917798970555,27.672917798970555,24.610488571495914,24.610488571495914,,,,,0.022638051223332928,,1.5004539514992317,1.5004539514992317,1.1967000238511418,1.1967000238511418,77.26588219262652,77.26588219262652,,32.64400100708008,32.64400100708008,30.31000010172526,30.31000010172526,26.36317452930269,26.36317452930269,23.122539664071702,23.122539664071702,27.3203999710083,23.849049978256225,1,65865682.921600341318200,56518803.64807977,,,,,,,
2026-01-13,,,,,,,34.400001525878906,34.500000000000000,33.991001129150390,34.299999237060550,1466300,,,,,34.299999237060550,,,,,,,,,,,,,,,,,,,,,,,,,,,,,,,,,,,,,,,,,,,,,,,,,,,,,,,,,,,,,,,,,,,,,,,,,,,,,,,,,,,,,,,,,,,,,,,,,,,,,,,,,,,,,,,,,,,,,,,,,,,,,,,,,,,,,,,,,,,,,0.36113196759094973,0.3274712421577605,0.5615206155688026,0.5275049213472343,,,,0.22259060396709723,,,,,,,,33.36165701198325,33.36165701198325,30.859273642361643,30.859273642361643,27.880014093910866,27.880014093910866,24.68708549375334,24.68708549375334,,,,,-0.0029112768075354066,,1.6097083967925094,1.6097083967925094,1.2793016984394154,1.2793016984394154,76.3312583668808,76.3312583668808,,33.19800071716308,33.19800071716308,30.508571533929732,30.508571533929732,26.53158720712813,26.53158720712813,23.169325374421618,23.169325374421618,27.568399963378905,23.928549976348876,1,50294088.881301884465000,56887055.00157977,,,,,,,
2026-01-14,,,,,,,34.500000000000000,34.930000305175780,34.069999694824220,34.599998474121094,1586100,,,,,34.599998474121094,,,,,,,,,,,,,,,,,,,,,,,,,,,,,,,,,,,,,,,,,,,,,,,,,,,,,,,,,,,,,,,,,,,,,,,,,,,,,,,,,,,,,,,,,,,,,,,,,,,,,,,,,,,,,,,,,,,,,,,,,,,,,,,,,,,,,,,,,,,,,0.2854594580641697,0.31943790664213656,0.5605952875349979,0.5274147646596236,,,,0.21637455941329026,,,,,,,,33.77443749936253,33.77443749936253,31.199339536157957,31.199339536157957,28.090013605792436,28.090013605792436,24.765448442214748,24.765448442214748,,,,,0.008708306034369938,,1.700893916753131,1.700893916753131,1.3636201421021585,1.3636201421021585,77.22142345032627,77.22142345032627,,33.880000305175784,33.880000305175784,30.74095244634719,30.74095244634719,26.70857129778181,26.70857129778181,23.216071401323592,23.216071401323592,27.812199935913085,24.01119997024536,1,54879057.579803467193400,57387455.03046853,,,,,,,
2026-01-15,,,,,,,34.849998474121094,34.939998626708984,34.369998931884766,34.580001831054690,1489400,,,,,34.580001831054690,,,,,,,,,,,,,,,,,,,,,,,,,,,,,,,,,,,,,,,,,,,,,,,,,,,,,,,,,,,,,,,,,,,,,,,,,,,,,,,,,,,,,,,,,,,,,,,,,,,,,,,,,,,,,,,,,,,,,,,,,,,,,,,,,,,,,,,,,,,,,0.2555384813765981,0.3127324298186923,0.558760205218787,0.527208083093342,,,,0.20944804548436327,,,,,,,,34.04295894325992,34.04295894325992,31.506672472057662,31.506672472057662,28.292825737831883,28.292825737831883,24.843033844498066,24.843033844498066,,,,,-0.0005781047567247589,,1.7513569831813278,1.7513569831813278,1.4411675103179924,1.4411675103179924,77.01350935743154,77.01350935743154,,34.30200042724609,34.30200042724609,30.990000134422665,30.990000134422665,26.89158721197219,26.89158721197219,23.261230135720872,23.261230135720872,28.05979995727539,24.093099975585936,1,51503454.727172855286000,57701858.217393786,,,,,,,
2026-01-16,,,,,,,34.569999694824220,35.000000000000000,34.409999847412110,34.799999237060550,2347400,,,,,34.799999237060550,,,,,,,,,,,,,,,,,,,,,,,,,,,,,,,,,,,,,,,,,,,,,,,,,,,,,,,,,,,,,,,,,,,,,,,,,,,,,,,,,,,,,,,,,,,,,,,,,,,,,,,,,,,,,,,,,,,,,,,,,,,,,,,,,,,,,,,,,,,,,0.1594248062534088,0.30781676465686825,0.556792001257471,0.5271425132208774,,,,0.17225589897377405,,,,,,,,34.29530570786013,34.29530570786013,31.80606581433065,31.80606581433065,28.49617490968278,28.49617490968278,24.921745033372076,24.921745033372076,,,,,0.0063418316504744955,,1.7884847401704818,1.7884847401704818,1.5106309562884903,1.5106309562884903,77.72411117734092,77.72411117734092,,34.53600006103515,34.53600006103515,31.26000013805571,31.26000013805571,27.08412688119071,27.08412688119071,23.30623013632638,23.30623013632638,28.316799926757813,24.177749967575075,1,81689518.209075935070000,58673688.521206565,,,,,,,
2026-01-20,,,,,,,34.479999542236330,35.000000000000000,34.189998626708984,34.389999389648440,1844600,,,,,34.389999389648440,,,,,,,,,,,,,,,,,,,,,,,,,,,,,,,,,,,,,,,,,,,,,,,,,,,,,,,,,,,,,,,,,,,,,,,,,,,,,,,,,,,,,,,,,,,,,,,,,,,,,,,,,,,,,,,,,,,,,,,,,,,,,,,,,,,,,,,,,,,,,0.12928363284017805,0.30405757659532534,0.5567742400360953,0.5269628667932889,,,,0.20584961537574611,,,,,,,,34.32687026845623,34.32687026845623,32.04096886663227,32.04096886663227,28.680356924681707,28.680356924681707,24.996592893896,24.996592893896,,,,,-0.011851558160643516,,1.7644853056513838,1.7644853056513838,1.561401826161069,1.561401826161069,73.18346728427058,73.18346728427058,,34.533999633789065,34.533999633789065,31.532381057739258,31.532381057739258,27.274444337875124,27.274444337875124,23.35123013693189,23.35123013693189,28.55979991912842,24.25114996910095,1,63435792.874145512424000,59326543.65222265,,,,,,,
2026-01-21,,,,,,,34.549999237060550,35.169998168945310,34.000000000000000,34.669998168945310,1529100,,,,,34.669998168945310,,,,,,,,,,,,,,,,,,,,,,,,,,,,,,,,,,,,,,,,,,,,,,,,,,,,,,,,,,,,,,,,,,,,,,,,,,,,,,,,,,,,,,,,,,,,,,,,,,,,,,,,,,,,,,,,,,,,,,,,,,,,,,,,,,,,,,,,,,,,,0.13738041228248443,0.30269210200353747,0.5560133976404198,0.52684263267549,,,,0.2424353324077045,,,,,,,,34.441246235285924,34.441246235285924,32.27997153047891,32.27997153047891,28.867533213564943,28.867533213564943,25.07306250081339,25.07306250081339,,,,,0.008108900186886333,,1.7479103201954196,1.7479103201954196,1.598703524967939,1.598703524967939,74.28818553894747,74.28818553894747,,34.60799942016602,34.60799942016602,31.817142849876767,31.817142849876767,27.461587179274787,27.461587179274787,23.398372983175612,23.398372983175612,28.817399864196776,24.332999963760376,1,53013894.200134273521000,59889515.44339316,,,,,,,
2026-01-22,,,,,,,35.000000000000000,35.869998931884766,34.790000915527344,35.560001373291016,1405800,,,,,35.560001373291016,,,,,,,,,,,,,,,,,,,,,,,,,,,,,,,,,,,,,,,,,,,,,,,,,,,,,,,,,,,,,,,,,,,,,,,,,,,,,,,,,,,,,,,,,,,,,,,,,,,,,,,,,,,,,,,,,,,,,,,,,,,,,,,,,,,,,,,,,,,,,0.21583269770756192,0.3064991445964178,0.5570275515737745,0.5263491079396979,,,,0.23738799010110176,,,,,,,,34.81416461462096,34.81416461462096,32.57815606164365,32.57815606164365,29.076672843556384,29.076672843556384,25.155963203362617,25.155963203362617,,,,,0.025346742381561885,,1.78600242116552,1.78600242116552,1.6361633042074553,1.6361633042074553,77.4658638884309,77.4658638884309,,34.8,34.8,32.11952391124907,32.11952391124907,27.663333226764014,27.663333226764014,23.44587298801967,23.44587298801967,29.080399894714354,24.42344997406006,1,49990249.930572510292800,60388971.86595372,,,,,,,
2026-01-23,,,,,,,35.830001831054690,36.000000000000000,35.069999694824220,35.380001068115234,1184800,,,,,35.380001068115234,,,,,,,,,,,,,,,,,,,,,,,,,,,,,,,,,,,,,,,,,,,,,,,,,,,,,,,,,,,,,,,,,,,,,,,,,,,,,,,,,,,,,,,,,,,,,,,,,,,,,,,,,,,,,,,,,,,,,,,,,,,,,,,,,,,,,,,,,,,,,0.22590162795815255,0.3065892142839344,0.5543420991245477,0.5259396345010812,,,,0.2157255424681683,,,,,,,,35.00277676578571,35.00277676578571,32.83286924405015,32.83286924405015,29.273651850573845,29.273651850573845,25.23678563707608,25.23678563707608,,,,,-0.0050747303432436995,,1.7811343571689306,1.7811343571689306,1.6651575147997504,1.6651575147997504,75.43529304570596,75.43529304570596,,34.95999984741211,34.95999984741211,32.381904874529155,32.381904874529155,27.87031736828032,27.87031736828032,23.494523782578725,23.494523782578725,29.331799926757814,24.51554998397827,1,41918225.265502929243200,60743176.23312208,,,,,,,
2026-01-26,,,,,,,35.509998321533200,35.729000091552734,34.380001068115234,34.889999389648440,1700800,,,,,34.889999389648440,,,,,,,,,,,,,,,,,,,,,,,,,,,,,,,,,,,,,,,,,,,,,,,,,,,,,,,,,,,,,,,,,,,,,,,,,,,,,,,,,,,,,,,,,,,,,,,,,,,,,,,,,,,,,,,,,,,,,,,,,,,,,,,,,,,,,,,,,,,,,0.25934229005277415,0.3067020965336032,0.5528189208329222,0.5221079151198087,,,,0.19728468611371855,,,,,,,,34.96518430707329,34.96518430707329,33.01988107546818,33.01988107546818,29.44916271116993,29.44916271116993,25.313095627214988,25.313095627214988,,,,,-0.013946481216355272,,1.7179340664999572,1.7179340664999572,1.6757128251397917,1.6757128251397917,70.05212311685041,70.05212311685041,,34.97799987792969,34.97799987792969,32.64047631763277,32.64047631763277,28.056507837204705,28.056507837204705,23.546865046970428,23.546865046970428,29.570399932861328,24.607849979400633,1,59340910.961914066752000,61319608.60000489,,,,,,,
2026-01-27,,,,,,,34.939998626708984,35.659999847412110,34.700000762939450,35.369998931884766,1452500,,,,,35.369998931884766,,,,,,,,,,,,,,,,,,,,,,,,,,,,,,,,,,,,,,,,,,,,,,,,,,,,,,,,,,,,,,,,,,,,,,,,,,,,,,,,,,,,,,,,,,,,,,,,,,,,,,,,,,,,,,,,,,,,,,,,,,,,,,,,,,,,,,,,,,,,,0.24557626506935146,0.3063090848368801,0.5488470138509269,0.5221933099909528,,,,0.1930180048722548,,,,,,,,35.100122515343784,35.100122515343784,33.23352815332423,33.23352815332423,29.634188843067268,29.634188843067268,25.39259683910961,25.39259683910961,,,,,0.013663735313963575,,1.6871311348265863,1.6871311348265863,1.6779964870771507,1.6779964870771507,72.14881729211969,72.14881729211969,,35.17399978637695,35.17399978637695,32.90047627403622,32.90047627403622,28.259999895852708,28.259999895852708,23.60154758180891,23.60154758180891,29.81859992980957,24.69464997291565,1,51374923.448562622615000,61659207.00417776,,,,,,,
2026-01-28,,,,,,,35.340000152587890,35.979999542236330,34.930000305175780,35.709999084472656,1492300,,,,,35.709999084472656,,,,,,,,,,,,,,,,,,,,,,,,,,,,,,,,,,,,,,,,,,,,,,,,,,,,,,,,,,,,,,,,,,,,,,,,,,,,,,,,,,,,,,,,,,,,,,,,,,,,,,,,,,,,,,,,,,,,,,,,,,,,,,,,,,,,,,,,,,,,,0.24672266921838693,0.3020494444616256,0.5483978864984965,0.5222267535404425,,,,0.21572195454563892,,,,,,,,35.303414705053406,35.303414705053406,33.45866187433773,33.45866187433773,29.824057913111186,29.824057913111186,25.474157331167817,25.474157331167817,,,,,0.009566762949464395,,1.6708937374561614,1.6708937374561614,1.6765759371529527,1.6765759371529527,73.56083380791085,73.56083380791085,,35.38199996948242,35.38199996948242,33.18523815699986,33.18523815699986,28.47031735617017,28.47031735617017,23.65781741672092,23.65781741672092,30.08959991455078,24.786899967193605,1,53290031.633758544548800,61858161.24695672,,,,,,,
2026-01-29,,,,,,,37.509998321533200,37.939998626708984,35.840000152587890,37.119998931884766,2936500,,,,,37.119998931884766,,,,,,,,,,,,,,,,,,,,,,,,,,,,,,,,,,,,,,,,,,,,,,,,,,,,,,,,,,,,,,,,,,,,,,,,,,,,,,,,,,,,,,,,,,,,,,,,,,,,,,,,,,,,,,,,,,,,,,,,,,,,,,,,,,,,,,,,,,,,,0.32039790052432876,0.30273705680018453,0.5476306896865135,0.5171005206920108,,,,0.24643791422235906,,,,,,,,35.90894278066386,35.90894278066386,33.79151069775109,33.79151069775109,30.05205606994786,30.05205606994786,25.566219320106292,25.566219320106292,,,,,0.03872514317482873,,1.7516092260625626,1.7516092260625626,1.6915825949348748,1.6915825949348748,78.44205172588212,78.44205172588212,,35.693999481201175,35.693999481201175,33.562380926949636,33.562380926949636,28.712222114441886,28.712222114441886,23.726190430777415,23.726190430777415,30.390599899291992,24.881749963760377,1,109002876.863479615359000,63130934.73852551,,,,,,,
2026-01-30,,,,,,,36.750000000000000,37.415000915527344,35.169998168945310,35.779998779296875,2291900,,,,,35.779998779296875,,,,,,,,,,,,,,,,,,,,,,,,,,,,,,,,,,,,,,,,,,,,,,,,,,,,,,,,,,,,,,,,,,,,,,,,,,,,,,,,,,,,,,,,,,,,,,,,,,,,,,,,,,,,,,,,,,,,,,,,,,,,,,,,,,,,,,,,,,,,,0.4558834098383212,0.3451652376466408,0.55248321762164,0.5181754564058576,,,,0.21088804993746413,,,,,,,,35.86596144687486,35.86596144687486,33.97228234152798,33.97228234152798,30.231054279615016,30.231054279615016,25.646960659704636,25.646960659704636,,,,,-0.03676683517968315,,1.6879918989686828,1.6879918989686828,1.6908644557416364,1.6908644557416364,65.97580771485529,65.97580771485529,,35.7739990234375,35.7739990234375,33.8709523337228,33.8709523337228,28.939206229315865,28.939206229315865,23.790674550192698,23.790674550192698,30.676399879455566,24.96814995765686,1,82004179.202270507812500,63858697.341268025,,,,,,,
2026-02-02,,,,,,,35.830001831054690,36.525001525878906,35.040000915527344,35.889999389648440,2528200,,,,,35.889999389648440,,,,,,,,,,,,,,,,,,,,,,,,,,,,,,,,,,,,,,,,,,,,,,,,,,,,,,,,,,,,,,,,,,,,,,,,,,,,,,,,,,,,,,,,,,,,,,,,,,,,,,,,,,,,,,,,,,,,,,,,,,,,,,,,,,,,,,,,,,,,,0.43324409891306237,0.33854475549240776,0.5520938559554509,0.5177102574998786,,,,0.2161183215889335,,,,,,,,35.87397409446606,35.87397409446606,34.14662025499348,34.14662025499348,30.40789631430356,30.40789631430356,25.72793329788601,25.72793329788601,,,,,0.003069644189682166,,1.6276878663280954,1.6276878663280954,1.6782291378589282,1.6782291378589282,66.44720846351761,66.44720846351761,,35.9739990234375,35.9739990234375,34.199047542753675,34.199047542753675,29.16126971774631,29.16126971774631,23.85369041987828,23.85369041987828,30.958399848937987,25.053799953460693,1,90737096.456909186008000,64756161.580197774,,,,,,,
2026-02-03,,,,,,,36.909999847412110,36.970001220703125,35.189998626708984,36.209999084472656,1959100,,,,,36.209999084472656,,,,,,,,,,,,,,,,,,,,,,,,,,,,,,,,,,,,,,,,,,,,,,,,,,,,,,,,,,,,,,,,,,,,,,,,,,,,,,,,,,,,,,,,,,,,,,,,,,,,,,,,,,,,,,,,,,,,,,,,,,,,,,,,,,,,,,,,,,,,,0.42897873695580907,0.30634352363785305,0.5512372482073752,0.5158191778870179,,,,0.1813566171738655,,,,,,,,35.985982424468254,35.985982424468254,34.3342001485825,34.3342001485825,30.589212025871344,30.589212025871344,25.81079547801713,25.81079547801713,,,,,0.00887661034038111,,1.587419008816994,1.587419008816994,1.6600671120505412,1.6600671120505412,67.84298940858032,67.84298940858032,,36.141999053955075,36.141999053955075,34.471904663812545,34.471904663812545,29.38031732468378,29.38031732468378,23.91416660944621,23.91416660944621,31.17219982147217,25.14134994506836,1,70939009.206390380369600,65330500.31738887,,,,,,,
2026-02-04,,,,,,,36.590000152587890,37.000000000000000,35.419998168945310,36.450000762939450,2178200,,,,,36.450000762939450,,,,,,,,,,,,,,,,,,,,,,,,,,,,,,,,,,,,,,,,,,,,,,,,,,,,,,,,,,,,,,,,,,,,,,,,,,,,,,,,,,,,,,,,,,,,,,,,,,,,,,,,,,,,,,,,,,,,,,,,,,,,,,,,,,,,,,,,,,,,,0.42737209892493166,0.2949017327823405,0.5501555417696817,0.5149732266395288,,,,0.1767264217408288,,,,,,,,36.14065520395865,36.14065520395865,34.526545658978584,34.526545658978584,30.772361673904722,30.772361673904722,25.89489986762126,25.89489986762126,,,,,0.006606180892067084,,1.5569245220541674,1.5569245220541674,1.6394385940512666,1.6394385940512666,68.88833818240268,68.88833818240268,,36.289999389648436,36.289999389648436,34.71047610328311,34.71047610328311,29.606507800874255,29.606507800874255,23.97785709017799,23.97785709017799,31.413599853515624,25.22964994430542,1,79395391.661834709990000,66155730.32881722,,,,,,,
2026-02-05,,,,,,,35.750000000000000,37.279998779296875,35.604000091552734,36.400001525878906,2253100,,,,,36.400001525878906,,,,,,,,,,,,,,,,,,,,,,,,,,,,,,,,,,,,,,,,,,,,,,,,,,,,,,,,,,,,,,,,,,,,,,,,,,,,,,,,,,,,,,,,,,,,,,,,,,,,,,,,,,,,,,,,,,,,,,,,,,,,,,,,,,,,,,,,,,,,,0.297918069628462,0.2960199718122825,0.5491031887475905,0.5149797233794511,,,,0.14369482852597995,,,,,,,,36.227103977932074,36.227103977932074,34.696859828696795,34.696859828696795,30.948225419278916,30.948225419278916,25.97794414950472,25.97794414950472,,,,,-0.0013726628233461727,,1.511301557422577,1.511301557422577,1.6138111867255287,1.6138111867255287,68.38955807464166,68.38955807464166,,36.145999908447266,36.145999908447266,34.94238090515137,34.94238090515137,29.835872892349485,29.835872892349485,24.040952334328303,24.040952334328303,31.656399879455567,25.319549951553345,1,82012843.437957763108600,67100433.30748422,,,,,,,
2026-02-06,,,,,,,36.330001831054690,38.110000610351560,36.215000152587890,37.529998779296875,4578800,,,,,37.529998779296875,,,,,,,,,,,,,,,,,,,,,,,,,,,,,,,,,,,,,,,,,,,,,,,,,,,,,,,,,,,,,,,,,,,,,,,,,,,,,,,,,,,,,,,,,,,,,,,,,,,,,,,,,,,,,,,,,,,,,,,,,,,,,,,,,,,,,,,,,,,,,0.1964103377041492,0.29959333866119925,0.5508671871626656,0.5061537452818877,,,,0.19004272205751038,,,,,,,,36.66140224505367,36.66140224505367,34.95441791511498,34.95441791511498,31.153905836779476,31.153905836779476,26.06926473946355,26.06926473946355,,,,,0.030571764058422102,,1.5484764907340463,1.5484764907340463,1.6007442475272322,1.6007442475272322,73.12546416732006,73.12546416732006,,36.49599990844727,36.49599990844727,35.244285583496094,35.244285583496094,30.0785712893047,30.0785712893047,24.099880899701798,24.099880899701798,31.899599838256837,25.411449947357177,1,171842358.410644531250000,69582637.85621098,,,,,,,
2026-02-09,,,,,,,37.599998474121094,37.896999359130860,36.520000457763670,36.590000152587890,3519200,,,,,36.590000152587890,,,,,,,,,,,,,,,,,,,,,,,,,,,,,,,,,,,,,,,,,,,,,,,,,,,,,,,,,,,,,,,,,,,,,,,,,,,,,,,,,,,,,,,,,,,,,,,,,,,,,,,,,,,,,,,,,,,,,,,,,,,,,,,,,,,,,,,,,,,,,0.3202308170869481,0.29910553387540423,0.5519985407944722,0.5068666520970591,,,,0.08507883908293058,,,,,,,,36.637601547565076,36.637601547565076,35.1031072094307,35.1031072094307,31.32378378414849,31.32378378414849,26.152432608342004,26.152432608342004,,,,,-0.02536559741954357,,1.4849700495655753,1.4849700495655753,1.5775894079349009,1.5775894079349009,64.47220777684024,64.47220777684024,,36.636000061035155,36.636000061035155,35.44047600882394,35.44047600882394,30.31349191211519,30.31349191211519,24.154444391765292,24.154444391765292,32.03139984130859,25.495649948120118,1,128767528.536987302488000,71199794.14839064,,,,,,,
2026-02-10,,,,,,,33.639999389648440,33.750000000000000,31.149999618530273,32.060001373291016,6815200,,,,,32.060001373291016,,,,,,,,,,,,,,,,,,,,,,,,,,,,,,,,,,,,,,,,,,,,,,,,,,,,,,,,,,,,,,,,,,,,,,,,,,,,,,,,,,,,,,,,,,,,,,,,,,,,,,,,,,,,,,,,,,,,,,,,,,,,,,,,,,,,,,,,,,,,,1.0079974971995564,0.5488388315985028,0.6177059915829775,0.5233310853653863,,,,-0.0023499997154369495,,,,,,,,35.11173482280706,35.11173482280706,34.82646122432709,34.82646122432709,31.346790583809195,31.346790583809195,26.19913275668152,26.19913275668152,,,,,-0.13216579318488839,,1.056924131218267,1.056924131218267,1.473456352591574,1.473456352591574,39.94217266150085,39.94217266150085,,35.806000518798825,35.806000518798825,35.36571411859421,35.36571411859421,30.46666653951009,30.46666653951009,24.19373011210608,24.19373011210608,32.08599987030029,25.547549953460692,1,218495321.359252932243200,74257799.71244146,,,,,,,
2026-02-11,,,,,,,32.119998931884766,32.240001678466800,30.200000762939453,30.389999389648438,3600200,,,,,30.389999389648438,,,,,,,,,,,,,,,,,,,,,,,,,,,,,,,,,,,,,,,,,,,,,,,,,,,,,,,,,,,,,,,,,,,,,,,,,,,,,,,,,,,,,,,,,,,,,,,,,,,,,,,,,,,,,,,,,,,,,,,,,,,,,,,,,,,,,,,,,,,,,0.9816952264623402,0.5683128875019102,0.6283968855040251,0.5261942594189942,,,,-0.08248914664828971,,,,,,,,33.537823011754185,33.537823011754185,34.42314651208358,34.42314651208358,31.31689085899167,31.31689085899167,26.232262137179283,26.232262137179283,,,,,-0.05349560317169366,,0.5762962690747528,0.5762962690747528,1.2940243358882098,1.2940243358882098,34.7005519091597,34.7005519091597,,34.594000244140624,34.594000244140624,35.174761635916575,35.174761635916575,30.586983998616535,30.586983998616535,24.226626933567108,24.226626933567108,32.12119987487793,25.589899950027466,1,109410075.802612306487600,75323129.47105831,,,,,,,
2026-02-12,,,,,,,30.319999694824220,30.995000839233400,29.350000381469727,30.069999694824220,3311800,,,,,30.069999694824220,,,,,,,,,,,,,,,,,,,,,,,,,,,,,,,,,,,,,,,,,,,,,,,,,,,,,,,,,,,,,,,,,,,,,,,,,,,,,,,,,,,,,,,,,,,,,,,,,,,,,,,,,,,,,,,,,,,,,,,,,,,,,,,,,,,,,,,,,,,,,0.9630070354236782,0.568425797059339,0.6291097446138735,0.52223960391102,,,,-0.09353579585597542,,,,,,,,32.38188190611086,32.38188190611086,34.02740589233273,34.02740589233273,31.277925510111437,31.277925510111437,26.262599983484776,26.262599983484776,,,,,-0.010585599993148622,,0.1676414581891521,0.1676414581891521,1.0687477603483984,1.0687477603483984,33.7856317125696,33.7856317125696,,33.327999877929685,33.327999877929685,34.973333086286274,34.973333086286274,30.6998411511618,30.6998411511618,24.263690426236106,24.263690426236106,32.15839988708496,25.631049947738646,1,99585824.989318851796000,76624109.3074405,,,,,,,
2026-02-13,,,,,,,30.200000762939453,31.409999847412110,29.681999206542970,31.000000000000000,3400200,,,,,31.000000000000000,,,,,,,,,,,,,,,,,,,,,,,,,,,,,,,,,,,,,,,,,,,,,,,,,,,,,,,,,,,,,,,,,,,,,,,,,,,,,,,,,,,,,,,,,,,,,,,,,,,,,,,,,,,,,,,,,,,,,,,,,,,,,,,,,,,,,,,,,,,,,0.9625008212146172,0.5805115777482602,0.6312130013902958,0.5228744317718053,,,,-0.06403866420819082,,,,,,,,31.92125460407391,31.92125460407391,33.75218717484793,33.75218717484793,31.269240337920454,31.269240337920454,26.300049785986875,26.300049785986875,,,,,0.030459217633553918,,-0.0802520753760092,-0.0802520753760092,0.8389477932035168,0.8389477932035168,38.83318496986315,38.83318496986315,,32.02200012207031,32.02200012207031,34.8019045875186,34.8019045875186,30.827460213313028,30.827460213313028,24.30539677635072,24.30539677635072,32.20399990081787,25.67509994506836,1,105406200.000000000000000,77487573.8476617,,,,,,,
2026-02-17,,,,,,,30.719999313354492,30.950000762939453,30.000000000000000,30.049999237060547,1814300,,,,,30.049999237060547,,,,,,,,,,,,,,,,,,,,,,,,,,,,,,,,,,,,,,,,,,,,,,,,,,,,,,,,,,,,,,,,,,,,,,,,,,,,,,,,,,,,,,,,,,,,,,,,,,,,,,,,,,,,,,,,,,,,,,,,,,,,,,,,,,,,,,,,,,,,,0.9585113943679248,0.5870336451066145,0.6301474743250414,0.5227025650122983,,,,-0.08639730649965367,,,,,,,,31.297502815069453,31.297502815069453,33.415624635049085,33.415624635049085,31.231139053518582,31.231139053518582,26.329693655165322,26.329693655165322,,,,,-0.031124568892930034,,-0.3493396388837695,-0.3493396388837695,0.6012903067860595,0.6012903067860595,35.82860278097412,35.82860278097412,,30.713999938964843,30.713999938964843,34.58619017828079,34.58619017828079,30.952698298863,30.952698298863,24.34603169607738,24.34603169607738,32.233799896240235,25.71624994277954,1,54519713.615798950422100,77816553.43255845,,,,,,,
2026-02-18,,,,,,,30.200000762939453,31.059999465942383,30.049999237060547,30.870000839233400,1487700,,,,,30.870000839233400,,,,,,,,,,,,,,,,,,,,,,,,,,,,,,,,,,,,,,,,,,,,,,,,,,,,,,,,,,,,,,,,,,,,,,,,,,,,,,,,,,,,,,,,,,,,,,,,,,,,,,,,,,,,,,,,,,,,,,,,,,,,,,,,,,,,,,,,,,,,,0.5783316440312971,0.5970325595771909,0.6314147344275529,0.5233080842059817,,,,-0.08456256377684644,,,,,,,,31.155002156457435,31.155002156457435,33.18420428997493,33.18420428997493,31.219853484322172,31.219853484322172,26.365585411561117,26.365585411561117,,,,,0.02692223010790257,,-0.4907689167990341,-0.4907689167990341,0.3828784620690408,0.3828784620690408,40.13421755245242,40.13421755245242,,30.47599983215332,30.47599983215332,34.39904739743187,34.39904739743187,31.09238085671077,31.09238085671077,24.389960273863778,24.389960273863778,32.266199913024906,25.76214994430542,1,45925300.248527529180000,78233533.72653174,,,,,,,
2026-02-19,,,,,,,30.500000000000000,32.029998779296875,30.250000000000000,32.020000457763670,1563300,,,,,32.020000457763670,,,,,,,,,,,,,,,,,,,,,,,,,,,,,,,,,,,,,,,,,,,,,,,,,,,,,,,,,,,,,,,,,,,,,,,,,,,,,,,,,,,,,,,,,,,,,,,,,,,,,,,,,,,,,,,,,,,,,,,,,,,,,,,,,,,,,,,,,,,,,0.47126202885895285,0.614077330959221,0.6310663893514172,0.5164260038725514,,,,-0.03823245401399696,,,,,,,,31.443334923559515,31.443334923559515,33.078367577955724,33.078367577955724,31.244858077242217,31.244858077242217,26.410284344732677,26.410284344732677,,,,,0.03657585616462943,,-0.5042446616442007,-0.5042446616442007,0.2054538373263925,0.2054538373263925,45.64255328403503,45.64255328403503,,30.802000045776367,30.802000045776367,34.28619030543736,34.28619030543736,31.25952372475276,31.25952372475276,24.430793610830154,24.430793610830154,32.32899993896484,25.81294994354248,1,50056866.715621945311000,78504890.94981238,,,,,,,
2026-02-20,,,,,,,31.979999542236328,32.240001678466800,30.879999160766600,30.969999313354492,1802400,,,,,30.969999313354492,,,,,,,,,,,,,,,,,,,,,,,,,,,,,,,,,,,,,,,,,,,,,,,,,,,,,,,,,,,,,,,,,,,,,,,,,,,,,,,,,,,,,,,,,,,,,,,,,,,,,,,,,,,,,,,,,,,,,,,,,,,,,,,,,,,,,,,,,,,,,0.555428087285866,0.6210369531277613,0.635820080631438,0.5169863516341975,,,,-0.07156008832885741,,,,,,,,31.285556386824506,31.285556386824506,32.886697735719245,32.886697735719245,31.236268740870727,31.236268740870727,26.446329522350243,26.446329522350243,,,,,-0.03334175005094815,,-0.5928169785367956,-0.5928169785367956,0.04579967415375487,0.04579967415375487,41.855742946403254,41.855742946403254,,30.981999969482423,30.981999969482423,34.10999988374256,34.10999988374256,31.40523798503573,31.40523798503573,24.469484087020632,24.469484087020632,32.37199993133545,25.85864994049072,1,55820326.762390136380800,78823765.2872903,,,,,,,
2026-02-23,,,,,,,30.840000152587890,30.840000152587890,29.479999542236328,29.549999237060547,1771800,,,,,29.549999237060547,,,,,,,,,,,,,,,,,,,,,,,,,,,,,,,,,,,,,,,,,,,,,,,,,,,,,,,,,,,,,,,,,,,,,,,,,,,,,,,,,,,,,,,,,,,,,,,,,,,,,,,,,,,,,,,,,,,,,,,,,,,,,,,,,,,,,,,,,,,,,0.608998968514545,0.6264383165111869,0.5642048636114838,0.5187045799201813,,,,-0.11186392034957401,,,,,,,,30.707037336903188,30.707037336903188,32.58336150856846,32.58336150856846,31.18357281887666,31.18357281887666,26.47086446080645,26.47086446080645,,,,,-0.046935253780287164,,-0.7687318542278092,-0.7687318542278092,-0.11710663152255794,-0.11710663152255794,37.34341243443134,37.34341243443134,,30.69199981689453,30.69199981689453,33.82380930582682,33.82380930582682,31.469206219627743,31.469206219627743,24.50440471891373,24.50440471891373,32.3861999130249,25.895849933624266,1,52356688.648223877174600,75521717.98534696,,,,,,,
2026-02-24,,,,,,,29.500000000000000,30.270000457763672,29.159999847412110,30.190000534057617,2776400,,,,,30.190000534057617,,,,,,,,,,,,,,,,,,,,,,,,,,,,,,,,,,,,,,,,,,,,,,,,,,,,,,,,,,,,,,,,,,,,,,,,,,,,,,,,,,,,,,,,,,,,,,,,,,,,,,,,,,,,,,,,,,,,,,,,,,,,,,,,,,,,,,,,,,,,,0.606147833818074,0.6350997832433725,0.5569058132004995,0.5176650844764472,,,,-0.0584696912803711,,,,,,,,30.534691735954663,30.534691735954663,32.36578323815838,32.36578323815838,31.152523684976064,31.152523684976064,26.50026474597049,26.50026474597049,,,,,0.021427043375118995,,-0.8467421877953321,-0.8467421877953321,-0.2630337427771128,-0.2630337427771128,40.45899440857845,40.45899440857845,,30.720000076293946,30.720000076293946,33.576666423252654,33.576666423252654,31.561428463648237,31.561428463648237,24.544841228969513,24.544841228969513,32.39799991607666,25.941249933242798,1,83819517.482757567838800,75223950.85858239,,,,,,,
2026-02-25,,,,,,,30.479999542236328,30.680000305175780,29.309999465942383,29.530000686645508,1836600,,,,,29.530000686645508,,,,,,,,,,,,,,,,,,,,,,,,,,,,,,,,,,,,,,,,,,,,,,,,,,,,,,,,,,,,,,,,,,,,,,,,,,,,,,,,,,,,,,,,,,,,,,,,,,,,,,,,,,,,,,,,,,,,,,,,,,,,,,,,,,,,,,,,,,,,,0.5727049931844523,0.6367608428558627,0.5590040585357126,0.5180895426743393,,,,-0.07335144341562652,,,,,,,,30.199794719518277,30.199794719518277,32.10798482438448,32.10798482438448,31.101819841278235,31.101819841278235,26.524215227714958,26.524215227714958,,,,,-0.022104042400328535,,-0.9508614718620763,-0.9508614718620763,-0.4005992885941055,-0.4005992885941055,38.34165276981165,38.34165276981165,,30.452000045776366,30.452000045776366,33.32142838977632,33.32142838977632,31.64507926456512,31.64507926456512,24.583412662385,24.583412662385,32.38599994659424,25.982349939346314,1,54234799.261093139992800,74842785.69227855,,,,,,,
2026-02-26,,,,,,,29.590000152587890,30.316999435424805,29.299999237060547,30.229999542236328,1210100,,,,,30.229999542236328,,,,,,,,,,,,,,,,,,,,,,,,,,,,,,,,,,,,,,,,,,,,,,,,,,,,,,,,,,,,,,,,,,,,,,,,,,,,,,,,,,,,,,,,,,,,,,,,,,,,,,,,,,,,,,,,,,,,,,,,,,,,,,,,,,,,,,,,,,,,,0.5112802572590079,0.6418137971814648,0.5541592029693906,0.5183631831670794,,,,-0.06590798369186077,,,,,,,,30.20986299375763,30.20986299375763,31.93725888964374,31.93725888964374,31.074575456933175,31.074575456933175,26.553509965379156,26.553509965379156,,,,,0.02342807464036824,,-0.96576001680328,-0.96576001680328,-0.5136314342359404,-0.5136314342359404,41.81935628360521,41.81935628360521,,30.0939998626709,30.0939998626709,33.076666514078774,33.076666514078774,31.72222210112072,31.72222210112072,24.623531704857236,24.623531704857236,32.39619995117187,26.027449941635133,1,36581322.446060180512800,74222313.00883217,,,,,,,
2026-02-27,,,,,,,29.920000076293945,30.360000610351562,29.510000228881836,29.870000839233400,1678400,,,,,29.870000839233400,,,,,,,,,,,,,,,,,,,,,,,,,,,,,,,,,,,,,,,,,,,,,,,,,,,,,,,,,,,,,,,,,,,,,,,,,,,,,,,,,,,,,,,,,,,,,,,,,,,,,,,,,,,,,,,,,,,,,,,,,,,,,,,,,,,,,,,,,,,,,0.47500679798484274,0.6389377179033888,0.4420908090010415,0.5184433318557585,,,,-0.08343102136843575,,,,,,,,30.09657560891622,30.09657560891622,31.749326339606437,31.749326339606437,31.036932500130057,31.036932500130057,26.579727284540063,26.579727284540063,,,,,-0.011980133324456677,,-0.9951446990702344,-0.9951446990702344,-0.6099340872027992,-0.6099340872027992,40.552558700621105,40.552558700621105,,29.87400016784668,29.87400016784668,32.79857135954357,32.79857135954357,31.720158622378396,31.720158622378396,24.66289678452507,24.66289678452507,32.40659996032715,26.06994994163513,1,50133809.408569338560000,69994278.23753962,,,,,,,
2026-03-02,,,,,,,29.729999542236328,31.100000381469727,29.709999084472656,30.700000762939453,1725000,,,,,30.700000762939453,,,,,,,,,,,,,,,,,,,,,,,,,,,,,,,,,,,,,,,,,,,,,,,,,,,,,,,,,,,,,,,,,,,,,,,,,,,,,,,,,,,,,,,,,,,,,,,,,,,,,,,,,,,,,,,,,,,,,,,,,,,,,,,,,,,,,,,,,,,,,0.36371144741203437,0.629530850012316,0.44304716722438653,0.5176856597244205,,,,-0.08365491526297339,,,,,,,,30.297717326923962,30.297717326923962,31.653933105363986,31.653933105363986,31.02640338334285,31.02640338334285,26.612298616385115,26.612298616385115,,,,,0.02740801912038424,,-0.940615385575537,-0.940615385575537,-0.6760703468773468,-0.6760703468773468,44.71099859240412,44.71099859240412,,30.10400047302246,30.10400047302246,32.49285716102237,32.49285716102237,31.741904667445592,31.741904667445592,24.708372978937057,24.708372978937057,32.43799999237061,26.117699947357178,1,52957501.316070556425000,68951375.39031316,,,,,,,
2026-03-03,,,,,,,29.809999465942383,30.719999313354492,29.360000610351562,30.659999847412110,1363600,,,,,30.659999847412110,,,,,,,,,,,,,,,,,,,,,,,,,,,,,,,,,,,,,,,,,,,,,,,,,,,,,,,,,,,,,,,,,,,,,,,,,,,,,,,,,,,,,,,,,,,,,,,,,,,,,,,,,,,,,,,,,,,,,,,,,,,,,,,,,,,,,,,,,,,,,0.34471427116226677,0.6217911843453048,0.4401792198339999,0.5173534730855812,,,,-0.04205457469613508,,,,,,,,30.41847816708668,30.41847816708668,31.56357553645927,31.56357553645927,31.014953272845013,31.014953272845013,26.644296254575053,26.644296254575053,,,,,-0.0013038109777050498,,-0.8903646815340025,-0.8903646815340025,-0.7189292138086779,-0.7189292138086779,44.54925975537203,44.54925975537203,,30.198000335693358,30.198000335693358,32.24904768807547,32.24904768807547,31.774126900566948,31.774126900566948,24.75210313948374,24.75210313948374,32.47779998779297,26.16609994888306,1,41807975.791931153196000,68992041.62749335,,,,,,,
2026-03-04,,,,,,,30.309999465942383,31.370000839233400,30.190000534057617,31.190000534057617,2124200,,,,,31.190000534057617,,,,,,,,,,,,,,,,,,,,,,,,,,,,,,,,,,,,,,,,,,,,,,,,,,,,,,,,,,,,,,,,,,,,,,,,,,,,,,,,,,,,,,,,,,,,,,,,,,,,,,,,,,,,,,,,,,,,,,,,,,,,,,,,,,,,,,,,,,,,,0.2680882791043582,0.6266538604834887,0.44013187623373284,0.5134673289395603,,,,-0.021339642260448016,,,,,,,,30.675652289410326,30.675652289410326,31.529614172604575,31.529614172604575,31.020423499757907,31.020423499757907,26.680230675756732,26.680230675756732,,,,,0.01713867927553698,,-0.798568608703146,-0.798568608703146,-0.7348570927875715,-0.7348570927875715,47.27096418786646,47.27096418786646,,30.530000305175783,30.530000305175783,32.02523821876163,32.02523821876163,31.821428510877823,31.821428510877823,24.802698377578977,24.802698377578977,32.52779998779297,26.214049949645997,1,66253799.134445190031400,69162910.37249792,,,,,,,
2026-03-05,,,,,,,30.629999160766600,31.200000762939453,29.639999389648438,30.569999694824220,2850900,,,,,30.569999694824220,,,,,,,,,,,,,,,,,,,,,,,,,,,,,,,,,,,,,,,,,,,,,,,,,,,,,,,,,,,,,,,,,,,,,,,,,,,,,,,,,,,,,,,,,,,,,,,,,,,,,,,,,,,,,,,,,,,,,,,,,,,,,,,,,,,,,,,,,,,,,0.3143275344227894,0.6256211520979255,0.4409637410893064,0.5137913004202963,,,,-0.016100859703950966,,,,,,,,30.640434757881625,30.640434757881625,31.44237649280636,31.44237649280636,31.00634775585373,31.00634775585373,26.7109798379628,26.7109798379628,,,,,-0.020078421822539903,,-0.76700686806279,-0.76700686806279,-0.7412870478426152,-0.7412870478426152,44.51818371898663,44.51818371898663,,30.59800033569336,30.59800033569336,31.75666681925456,31.75666681925456,31.850793596297976,31.850793596297976,24.849761872064498,24.849761872064498,32.555,26.257699947357178,1,87152012.129974368798000,69534966.97016822,,,,,,,
2026-03-06,,,,,,,30.069999694824220,30.090000152587890,29.159999847412110,30.010000228881836,2248400,,,,,30.010000228881836,,,,,,,,,,,,,,,,,,,,,,,,,,,,,,,,,,,,,,,,,,,,,,,,,,,,,,,,,,,,,,,,,,,,,,,,,,,,,,,,,,,,,,,,,,,,,,,,,,,,,,,,,,,,,,,,,,,,,,,,,,,,,,,,,,,,,,,,,,,,,0.3355522223642486,0.6242454277500606,0.4424982444189376,0.513504378138234,,,,0.00625048967386083,,,,,,,,30.430289914881694,30.430289914881694,31.31216046881322,31.31216046881322,30.97521189563586,30.97521189563586,26.737059050539234,26.737059050539234,,,,,-0.01848845884076331,,-0.7782105116469467,-0.7782105116469467,-0.7486717406034815,-0.7486717406034815,42.131660248848476,42.131660248848476,,30.626000213623048,30.626000213623048,31.450000127156574,31.450000127156574,31.873809481423997,31.873809481423997,24.892460285671174,24.892460285671174,32.55779998779297,26.29754994392395,1,67474484.514617920062400,69494507.88800982,,,,,,,
2026-03-09,,,,,,,29.690000534057617,30.850000381469727,29.020000457763672,30.299999237060547,1530000,,,,,30.299999237060547,,,,,,,,,,,,,,,,,,,,,,,,,,,,,,,,,,,,,,,,,,,,,,,,,,,,,,,,,,,,,,,,,,,,,,,,,,,,,,,,,,,,,,,,,,,,,,,,,,,,,,,,,,,,,,,,,,,,,,,,,,,,,,,,,,,,,,,,,,,,,0.26306780892111936,0.627148548809415,0.4403887499888426,0.5110291829149698,,,,0.019979683675274508,,,,,,,,30.38685968894131,30.38685968894131,31.22014581138116,31.22014581138116,30.95411150005538,30.95411150005538,26.76522458561055,26.76522458561055,,,,,0.009617020256675239,,-0.7549859752083456,-0.7549859752083456,-0.7499345875244543,-0.7499345875244543,43.811505407568454,43.811505407568454,,30.545999908447264,30.545999908447264,31.159523827689036,31.159523827689036,31.890476135980514,31.890476135980514,24.93996028294639,24.93996028294639,32.574599990844725,26.339549942016603,1,46358998.832702636910000,68408322.15519556,,,,,,,
2026-03-10,,,,,,,30.549999237060547,30.549999237060547,28.479999542236328,28.790000915527344,2241200,,,,,28.790000915527344,,,,,,,,,,,,,,,,,,,,,,,,,,,,,,,,,,,,,,,,,,,,,,,,,,,,,,,,,,,,,,,,,,,,,,,,,,,,,,,,,,,,,,,,,,,,,,,,,,,,,,,,,,,,,,,,,,,,,,,,,,,,,,,,,,,,,,,,,,,,,0.43127422702742607,0.6264827036644931,0.45164654531468823,0.5066606997891547,,,,-0.04512974060334087,,,,,,,,29.854573431136657,29.854573431136657,30.999223548121723,30.999223548121723,30.88648304428888,30.88648304428888,26.78123072260594,26.78123072260594,,,,,-0.05111955091153363,,-0.84864199111,-0.84864199111,-0.7696760682415634,-0.7696760682415634,37.67834063027803,37.67834063027803,,30.172000122070312,30.172000122070312,30.74333345322382,30.74333345322382,31.889047592405287,31.889047592405287,24.97488092240833,24.97488092240833,32.55220001220703,26.380249948501586,1,64524150.051879883372800,68109581.84525625,,,,,,,
2026-03-11,,,,,,,28.799999237060547,28.799999237060547,27.899999618530273,27.989999771118164,2048900,,,,,27.989999771118164,,,,,,,,,,,,,,,,,,,,,,,,,,,,,,,,,,,,,,,,,,,,,,,,,,,,,,,,,,,,,,,,,,,,,,,,,,,,,,,,,,,,,,,,,,,,,,,,,,,,,,,,,,,,,,,,,,,,,,,,,,,,,,,,,,,,,,,,,,,,,0.34608594099133116,0.6272795216633625,0.4551268317207954,0.5018257079813708,,,,-0.01553803291277484,,,,,,,,29.23304887779716,29.23304887779716,30.725657750212306,30.725657750212306,30.795967942002296,30.795967942002296,26.790786209155442,26.790786209155442,,,,,-0.02818084107417922,,-0.9761658328535106,-0.9761658328535106,-0.8109740211639529,-0.8109740211639529,34.891483418362895,34.891483418362895,,29.53199996948242,29.53199996948242,30.333809625534784,30.333809625534784,31.8758729904417,31.8758729904417,25.01230155853998,25.01230155853998,32.51740001678467,26.414149951934814,1,57348710.531044006219600,67992880.43598902,,,,,,,
2026-03-12,,,,,,,27.870000839233400,28.329999923706055,27.639999389648438,28.000000000000000,2038400,,,,,28.000000000000000,,,,,,,,,,,,,,,,,,,,,,,,,,,,,,,,,,,,,,,,,,,,,,,,,,,,,,,,,,,,,,,,,,,,,,,,,,,,,,,,,,,,,,,,,,,,,,,,,,,,,,,,,,,,,,,,,,,,,,,,,,,,,,,,,,,,,,,,,,,,,0.3806179950574268,0.45327415153998046,0.4551238504528421,0.49415483246355835,,,,0.030810038884567948,,,,,,,,28.822032585198105,28.822032585198105,30.47787068201119,30.47787068201119,30.708593943814723,30.708593943814723,26.80034521145461,26.80034521145461,,,,,0.00035721482511352857,,-1.0641555386636519,-1.0641555386636519,-0.8616103246638926,-0.8616103246638926,34.956247252981406,34.956247252981406,,29.018000030517577,29.018000030517577,30.14047622680664,30.14047622680664,31.862539654686337,31.862539654686337,25.055793618399,25.055793618399,32.49340000152588,26.451449947357176,1,57075200.000000000000000,67719279.98530373,,,,,,,
2026-03-13,,,,,,,28.110000610351562,28.500000000000000,27.329999923706055,27.899999618530273,1720300,,,,,27.899999618530273,,,,,,,,,,,,,,,,,,,,,,,,,,,,,,,,,,,,,,,,,,,,,,,,,,,,,,,,,,,,,,,,,,,,,,,,,,,,,,,,,,,,,,,,,,,,,,,,,,,,,,,,,,,,,,,,,,,,,,,,,,,,,,,,,,,,,,,,,,,,,0.3928568242333842,0.4197334565524371,0.4519628980831398,0.488271758023738,,,,0.09999476776251726,,,,,,,,28.514688262975493,28.514688262975493,30.243518767149286,30.243518767149286,30.620825371149582,30.620825371149582,26.809038131668647,26.809038131668647,,,,,-0.003577835020634081,,-1.1289434521231598,-1.1289434521231598,-0.9150769501557461,-0.9150769501557461,34.58576404481663,34.58576404481663,,28.595999908447265,28.595999908447265,30.021904809134348,30.021904809134348,31.83555551559206,31.83555551559206,25.093412664201523,25.093412664201523,32.465400009155275,26.48469994544983,1,47996369.343757628641900,67325317.57903932,,,,,,,
2026-03-16,,,,,,,28.079999923706055,28.489999771118164,27.389999389648438,27.430000305175780,1968200,,,,,27.430000305175780,,,,,,,,,,,,,,,,,,,,,,,,,,,,,,,,,,,,,,,,,,,,,,,,,,,,,,,,,,,,,,,,,,,,,,,,,,,,,,,,,,,,,,,,,,,,,,,,,,,,,,,,,,,,,,,,,,,,,,,,,,,,,,,,,,,,,,,,,,,,,0.32999053941999273,0.4215680198255226,0.45146489075236795,0.4875774104011027,,,,0.0689760204138952,,,,,,,,28.15312561037559,28.15312561037559,29.987744361515333,29.987744361515333,30.521112087837903,30.521112087837903,26.813946923554077,26.813946923554077,,,,,-0.01698935907943712,,-1.2043305836524993,-1.2043305836524993,-0.9729276768550967,-0.9729276768550967,32.82489398788131,32.82489398788131,,28.022000122070313,28.022000122070313,29.89619055248442,29.89619055248442,31.792698390900142,31.792698390900142,25.131349170018755,25.131349170018755,32.43400001525879,26.51844994544983,1,53987726.600646970196000,66853915.26049357,,,,,,,
2026-03-17,,,,,,,27.659999847412110,28.309999465942383,27.600000381469727,27.649999618530273,1278000,,,,,27.649999618530273,,,,,,,,,,,,,,,,,,,,,,,,,,,,,,,,,,,,,,,,,,,,,,,,,,,,,,,,,,,,,,,,,,,,,,,,,,,,,,,,,,,,,,,,,,,,,,,,,,,,,,,,,,,,,,,,,,,,,,,,,,,,,,,,,,,,,,,,,,,,,0.22909257827812593,0.4050346150737217,0.4511644108436631,0.487617952601184,,,,-0.0010965258340646688,,,,,,,,27.98541694642715,27.98541694642715,29.775222112153052,29.775222112153052,30.43138982317204,30.43138982317204,26.82055603576733,26.82055603576733,,,,,0.00798839809683746,,-1.2321202077608504,-1.2321202077608504,-1.0247661830362476,-1.0247661830362476,34.50579294573666,34.50579294573666,,27.793999862670898,27.793999862670898,29.736666724795388,29.736666724795388,31.75984125288706,31.75984125288706,25.170039646209233,25.170039646209233,32.37740001678467,26.554899940490724,1,35336699.512481688894000,66167282.900625564,,,,,,,
2026-03-18,,,,,,,27.500000000000000,27.899999618530273,27.049999237060547,27.069999694824220,1650800,,,,,27.069999694824220,,,,,,,,,,,,,,,,,,,,,,,,,,,,,,,,,,,,,,,,,,,,,,,,,,,,,,,,,,,,,,,,,,,,,,,,,,,,,,,,,,,,,,,,,,,,,,,,,,,,,,,,,,,,,,,,,,,,,,,,,,,,,,,,,,,,,,,,,,,,,0.1930254540785166,0.3985129959909244,0.4523853330026105,0.485669793269089,,,,0.00018914296932081738,,,,,,,,27.680277862559507,27.680277862559507,29.529292801486797,29.529292801486797,30.326346381661168,30.326346381661168,26.82252792240019,26.82252792240019,,,,,-0.02119962181933939,,-1.2861192495344227,-1.2861192495344227,-1.0770367963358825,-1.0770367963358825,32.216984585064985,32.216984585064985,,27.60999984741211,27.60999984741211,29.594761984688894,29.594761984688894,31.723650765797448,31.723650765797448,25.202738057999383,25.202738057999383,32.29,26.586949939727784,1,44687155.496215822376000,65964749.563317075,,,,,,,
2026-03-19,,,,,,,26.909999847412110,27.450000762939453,26.559999465942383,27.200000762939453,1671700,,,,,27.200000762939453,,,,,,,,,,,,,,,,,,,,,,,,,,,,,,,,,,,,,,,,,,,,,,,,,,,,,,,,,,,,,,,,,,,,,,,,,,,,,,,,,,,,,,,,,,,,,,,,,,,,,,,,,,,,,,,,,,,,,,,,,,,,,,,,,,,,,,,,,,,,,0.2053856088604728,0.38327769588391164,0.4523653393414282,0.485234046413208,,,,-0.004810171498459312,,,,,,,,27.52018549601949,27.52018549601949,29.317538979800673,29.317538979800673,30.228648081076116,30.228648081076116,26.825511897424214,26.825511897424214,,,,,0.004790908998565094,,-1.3033991058944423,-1.3033991058944423,-1.1223092582475944,-1.1223092582475944,33.28516231792834,33.28516231792834,,27.45,27.45,29.420000076293945,29.420000076293945,31.693015870593843,31.693015870593843,25.237380920894562,25.237380920894562,32.20340000152588,26.62634994506836,1,45470241.275405883580100,65623254.45546347,,,,,,,
2026-03-20,,,,,,,27.059999465942383,27.190000534057617,26.629999160766600,26.799999237060547,3637400,,,,,26.799999237060547,,,,,,,,,,,,,,,,,,,,,,,,,,,,,,,,,,,,,,,,,,,,,,,,,,,,,,,,,,,,,,,,,,,,,,,,,,,,,,,,,,,,,,,,,,,,,,,,,,,,,,,,,,,,,,,,,,,,,,,,,,,,,,,,,,,,,,,,,,,,,0.21308398618483013,0.35131352376510616,0.45222384108068964,0.48467163535515273,,,,-0.07681769072832721,,,,,,,,27.280123409699844,27.280123409699844,29.088671730460664,29.088671730460664,30.12150280470063,30.12150280470063,26.82531021631462,26.82531021631462,,,,,-0.014815142302275305,,-1.333992857461503,-1.333992857461503,-1.1646459780903762,-1.1646459780903762,31.63332638756307,31.63332638756307,,27.229999923706053,27.229999923706053,29.171428589593795,29.171428589593795,31.663333317590137,31.663333317590137,25.268214248475573,25.268214248475573,32.11559997558594,26.65379994392395,1,97482317.224884033657800,65875846.51907966,,,,,,,
2026-03-23,,,,,,,27.000000000000000,27.459999084472656,26.680000305175780,26.739999771118164,2030600,,,,,26.739999771118164,,,,,,,,,,,,,,,,,,,,,,,,,,,,,,,,,,,,,,,,,,,,,,,,,,,,,,,,,,,,,,,,,,,,,,,,,,,,,,,,,,,,,,,,,,,,,,,,,,,,,,,,,,,,,,,,,,,,,,,,,,,,,,,,,,,,,,,,,,,,,0.19936418625836436,0.3399096861937116,0.45221533669809527,0.4830707814348827,,,,-0.08012258020500916,,,,,,,,27.10008219683928,27.10008219683928,28.875156097793163,28.875156097793163,30.015830834901177,30.015830834901177,26.824635825443504,26.824635825443504,,,,,-0.00224129593465361,,-1.3475464053175763,-1.3475464053175763,-1.2012260635358163,-1.2012260635358163,31.38175348760481,31.38175348760481,,27.091999816894532,27.091999816894532,28.970000039963494,28.970000039963494,31.632380924527606,31.632380924527606,25.301626947191025,25.301626947191025,32.00099994659424,26.681099939346314,1,54298243.535232543818400,66085822.832900755,,,,,,,
2026-03-24,,,,,,,26.479999542236328,26.840000152587890,26.139999389648438,26.590000152587890,1704000,,,,,26.590000152587890,,,,,,,,,,,,,,,,,,,,,,,,,,,,,,,,,,,,,,,,,,,,,,,,,,,,,,,,,,,,,,,,,,,,,,,,,,,,,,,,,,,,,,,,,,,,,,,,,,,,,,,,,,,,,,,,,,,,,,,,,,,,,,,,,,,,,,,,,,,,,0.1632297230377751,0.3073055353893377,0.4506282172921989,0.4831210772152783,,,,-0.030021429818403007,,,,,,,,26.930054848755486,26.930054848755486,28.667414648229048,28.667414648229048,29.908773626078887,29.908773626078887,26.822780997990098,26.822780997990098,,,,,-0.005625352120794342,,-1.3547744091865148,-1.3547744091865148,-1.231935732665956,-1.231935732665956,30.723909478766814,30.723909478766814,,26.879999923706055,26.879999923706055,28.829047702607653,28.829047702607653,31.590793639894517,31.590793639894517,25.33444440932501,25.33444440932501,31.86019992828369,26.704899940490723,1,45309360.260009764560000,65734866.664220415,,,,,,,
2026-03-25,,,,,,,26.959999084472656,27.100000381469727,26.305000305175780,26.739999771118164,1055300,,,,,26.739999771118164,,,,,,,,,,,,,,,,,,,,,,,,,,,,,,,,,,,,,,,,,,,,,,,,,,,,,,,,,,,,,,,,,,,,,,,,,,,,,,,,,,,,,,,,,,,,,,,,,,,,,,,,,,,,,,,,,,,,,,,,,,,,,,,,,,,,,,,,,,,,,0.13297333165844033,0.29478686322786135,0.4482683392571122,0.4828218631542594,,,,-0.08879941648081913,,,,,,,,26.866703156209713,26.866703156209713,28.492195113946238,28.492195113946238,29.809749443111365,29.809749443111365,26.82212660093973,26.82212660093973,,,,,0.005625352120794227,,-1.333032569039407,-1.333032569039407,-1.252155099940646,-1.252155099940646,32.2533005220443,32.2533005220443,,26.813999938964844,26.813999938964844,28.66476195199149,28.66476195199149,31.541111083257768,31.541111083257768,25.366468217637802,25.366468217637802,31.706999893188478,26.72654994010925,1,28218721.758460998469200,65364439.68501318,,,,,,,
2026-03-26,,,,,,,26.450000762939453,26.920000076293945,26.239999771118164,26.540000915527344,968100,,,,,26.540000915527344,,,,,,,,,,,,,,,,,,,,,,,,,,,,,,,,,,,,,,,,,,,,,,,,,,,,,,,,,,,,,,,,,,,,,,,,,,,,,,,,,,,,,,,,,,,,,,,,,,,,,,,,,,,,,,,,,,,,,,,,,,,,,,,,,,,,,,,,,,,,,0.11865760974549776,0.28887880152604173,0.44775524955475193,0.48289872256815797,,,,-0.061550287764082855,,,,,,,,26.757802409315588,26.757802409315588,28.314722914089977,28.314722914089977,29.707569801624363,29.707569801624363,26.8198963583673,26.8198963583673,,,,,-0.007507499714074072,,-1.316761434110429,-1.316761434110429,-1.2650763667746028,-1.2650763667746028,31.26229059136152,31.26229059136152,,26.681999969482423,26.681999969482423,28.522381010509672,28.522381010509672,31.49476190597292,31.49476190597292,25.39742060313149,25.39742060313149,31.551799926757813,26.743599948883055,1,25693374.886322021726400,65294878.76153673,,,,,,,
2026-03-27,,,,,,,26.399999618530273,26.399999618530273,25.584999084472656,25.840000152587890,1156000,,,,,25.840000152587890,,,,,,,,,,,,,,,,,,,,,,,,,,,,,,,,,,,,,,,,,,,,,,,,,,,,,,,,,,,,,,,,,,,,,,,,,,,,,,,,,,,,,,,,,,,,,,,,,,,,,,,,,,,,,,,,,,,,,,,,,,,,,,,,,,,,,,,,,,,,,0.18999792756405706,0.27857221880936706,0.44919622386307884,0.4834197559910618,,,,-0.09874402423819285,,,,,,,,26.45186832373969,26.45186832373969,28.089748117589785,28.089748117589785,29.586708250091974,29.586708250091974,26.81215014330185,26.81215014330185,,,,,-0.0267293785806877,,-1.344848082316684,-1.344848082316684,-1.281030709883019,-1.281030709883019,28.017485027819493,28.017485027819493,,26.49000015258789,26.49000015258789,28.313333420526412,28.313333420526412,31.430158736213805,31.430158736213805,25.42674599753486,25.42674599753486,31.376599960327148,26.761249952316284,1,29871040.176391600840000,65363528.115611605,,,,,,,
2026-03-30,,,,,,,26.040000915527344,26.129999160766600,24.889999389648438,25.170000076293945,1419200,,,,,25.170000076293945,,,,,,,,,,,,,,,,,,,,,,,,,,,,,,,,,,,,,,,,,,,,,,,,,,,,,,,,,,,,,,,,,,,,,,,,,,,,,,,,,,,,,,,,,,,,,,,,,,,,,,,,,,,,,,,,,,,,,,,,,,,,,,,,,,,,,,,,,,,,,0.22337871841423496,0.2857913539679146,0.4516923738017901,0.4841912789353523,,,,-0.1129820201507837,,,,,,,,26.02457890792444,26.02457890792444,27.82431647747198,27.82431647747198,29.448686119660785,29.448686119660785,26.79916871984724,26.79916871984724,,,,,-0.026270872641134736,,-1.4049746864867245,-1.4049746864867245,-1.30581950520376,-1.30581950520376,25.309690316107506,25.309690316107506,,26.17600021362305,26.17600021362305,28.08952386038644,28.08952386038644,31.357777792309957,31.357777792309957,25.45361107871646,25.45361107871646,31.188399925231934,26.775149955749512,1,35721264.108276366744000,65532291.885366894,,,,,,,
2026-03-31,,,,,,,25.870000839233400,26.489999771118164,25.379999160766600,26.079999923706055,3113500,,,,,26.079999923706055,,,,,,,,,,,,,,,,,,,,,,,,,,,,,,,,,,,,,,,,,,,,,,,,,,,,,,,,,,,,,,,,,,,,,,,,,,,,,,,,,,,,,,,,,,,,,,,,,,,,,,,,,,,,,,,,,,,,,,,,,,,,,,,,,,,,,,,,,,,,,0.4108243350056258,0.2995517381220801,0.4569492084790709,0.4850087423229208,,,,-0.10700195362796616,,,,,,,,26.043052579851647,26.043052579851647,27.665742245311446,27.665742245311446,29.3434146760372,29.3434146760372,26.79348359102399,26.79348359102399,,,,,0.035515921954700325,,-1.363478736837937,-1.363478736837937,-1.3173513515305955,-1.3173513515305955,34.56046200245307,34.56046200245307,,26.07400016784668,26.07400016784668,27.869523820422945,27.869523820422945,31.30825396946498,31.30825396946498,25.485396793910436,25.485396793910436,31.013999938964844,26.79074995994568,1,81200079.762458802242500,66326404.2496212,,,,,,,
2026-04-01,,,,,,,26.559999465942383,26.739999771118164,26.159999847412110,26.340000152587890,2937900,,,,,26.340000152587890,,,,,,,,,,,,,,,,,,,,,,,,,,,,,,,,,,,,,,,,,,,,,,,,,,,,,,,,,,,,,,,,,,,,,,,,,,,,,,,,,,,,,,,,,,,,,,,,,,,,,,,,,,,,,,,,,,,,,,,,,,,,,,,,,,,,,,,,,,,,,0.4181460525898787,0.30507505626664116,0.4574353620142171,0.4850490808522929,,,,-0.15989018748642123,,,,,,,,26.14203510409706,26.14203510409706,27.54522023688203,27.54522023688203,29.24955797217941,29.24955797217941,26.78989874170829,26.78989874170829,,,,,0.009919967975074407,,-1.2946886869534318,-1.2946886869534318,-1.3128188186151628,-1.3128188186151628,36.96276589930453,36.96276589930453,,25.994000244140626,25.994000244140626,27.66380954924084,27.66380954924084,31.261269857013037,31.261269857013037,25.517698378789994,25.517698378789994,30.852999954223634,26.80899995803833,1,77384286.448287962031000,66976818.65273733,,,,,,,
2026-04-02,,,,,,,26.090000152587890,27.420000076293945,26.000000000000000,27.040000915527344,1392500,,,,,27.040000915527344,,,,,,,,,,,,,,,,,,,,,,,,,,,,,,,,,,,,,,,,,,,,,,,,,,,,,,,,,,,,,,,,,,,,,,,,,,,,,,,,,,,,,,,,,,,,,,,,,,,,,,,,,,,,,,,,,,,,,,,,,,,,,,,,,,,,,,,,,,,,,0.4616366412451984,0.3156655979396328,0.46046557682181066,0.48527113525180854,,,,-0.18315333220239285,,,,,,,,26.441357041240487,26.441357041240487,27.499291207667966,27.499291207667966,29.180509314159032,29.180509314159032,26.791875833991444,26.791875833991444,,,,,0.02622858292487729,,-1.170198544992303,-1.170198544992303,-1.2842947638905908,-1.2842947638905908,43.02687781197193,43.02687781197193,,26.094000244140624,26.094000244140624,27.466190519787016,27.466190519787016,31.230158760434104,31.230158760434104,25.554087267981636,25.554087267981636,30.700400009155274,26.831349964141847,1,37653201.274871826520000,66909744.06979879,,,,,,,
2026-04-06,,,,,,,27.170000076293945,27.450000762939453,26.850000381469727,27.059999465942383,1022000,,,,,27.059999465942383,,,,,,,,,,,,,,,,,,,,,,,,,,,,,,,,,,,,,,,,,,,,,,,,,,,,,,,,,,,,,,,,,,,,,,,,,,,,,,,,,,,,,,,,,,,,,,,,,,,,,,,,,,,,,,,,,,,,,,,,,,,,,,,,,,,,,,,,,,,,,0.38171352156094424,0.3128559773059727,0.4487347506616017,0.47553038049876156,,,,-0.21379323151573637,,,,,,,,26.647571182807788,26.647571182807788,27.459355594783823,27.459355594783823,29.11424338140226,29.11424338140226,26.79399538839422,26.79399538839422,,,,,0.000739317973565385,,-1.0577326115709305,-1.0577326115709305,-1.2389823334266588,-1.2389823334266588,43.19500628228842,43.19500628228842,,26.338000106811524,26.338000106811524,27.299047651745024,27.299047651745024,31.175873044937376,31.175873044937376,25.58325393616207,25.58325393616207,30.5303999710083,26.855049962997438,1,27655319.454193115426000,66210990.935364984,,,,,,,
2026-04-07,,,,,,,26.950000762939453,27.308000564575195,26.559999465942383,26.670000076293945,1903000,,,,,26.670000076293945,,,,,,,,,,,,,,,,,,,,,,,,,,,,,,,,,,,,,,,,,,,,,,,,,,,,,,,,,,,,,,,,,,,,,,,,,,,,,,,,,,,,,,,,,,,,,,,,,,,,,,,,,,,,,,,,,,,,,,,,,,,,,,,,,,,,,,,,,,,,,0.31638221540424694,0.3111255293365798,0.444384981423844,0.46972804763601345,,,,-0.29898342578228376,,,,,,,,26.655047480636505,26.655047480636505,27.387596002193835,27.387596002193835,29.037860778117626,29.037860778117626,26.793015188298565,26.793015188298565,,,,,-0.014517261951999642,,-0.9886754057959912,-0.9886754057959912,-1.1889209479005252,-1.1889209479005252,40.67419517628901,40.67419517628901,,26.638000106811525,26.638000106811525,27.140000025431316,27.140000025431316,31.100158751957,31.100158751957,25.61646822520665,25.61646822520665,30.356199951171874,26.878999967575073,1,50753010.145187377335000,65859751.96563781,,,,,,,
2026-04-08,,,,,,,27.299999237060547,27.639999389648438,27.065000534057617,27.149999618530273,2880600,,,,,27.149999618530273,,,,,,,,,,,,,,,,,,,,,,,,,,,,,,,,,,,,,,,,,,,,,,,,,,,,,,,,,,,,,,,,,,,,,,,,,,,,,,,,,,,,,,,,,,,,,,,,,,,,,,,,,,,,,,,,,,,,,,,,,,,,,,,,,,,,,,,,,,,,,0.2500529272125707,0.3174370493539397,0.4461407971663227,0.46753779240684495,,,,-0.3550980192307749,,,,,,,,26.820031526601095,26.820031526601095,27.365996330951692,27.365996330951692,28.978865116880524,28.978865116880524,26.795837199604744,26.795837199604744,,,,,0.01783769127490585,,-0.8850132394315722,-0.8850132394315722,-1.1281394062067347,-1.1281394062067347,44.93365560454523,44.93365560454523,,26.852000045776368,26.852000045776368,26.99000004359654,26.99000004359654,31.03063492547898,31.03063492547898,25.654880924830362,25.654880924830362,30.201399955749512,26.905549964904786,1,78208288.901138304403800,65935594.351384,,,,,,,
2026-04-09,,,,,,,27.129999160766600,27.360000610351562,26.520000457763672,26.530000686645508,1138200,,,,,26.530000686645508,,,,,,,,,,,,,,,,,,,,,,,,,,,,,,,,,,,,,,,,,,,,,,,,,,,,,,,,,,,,,,,,,,,,,,,,,,,,,,,,,,,,,,,,,,,,,,,,,,,,,,,,,,,,,,,,,,,,,,,,,,,,,,,,,,,,,,,,,,,,,0.3311591279086169,0.2788970371924597,0.44775728632393597,0.4671434225984206,,,,-0.3533645010649767,,,,,,,,26.723354579949234,26.723354579949234,27.289996726923857,27.289996726923857,28.902338103435678,28.902338103435678,26.793735725193997,26.793735725193997,,,,,-0.023100838297994985,,-0.8431694257131497,-0.8431694257131497,-1.0711454101080176,-1.0711454101080176,40.853514572505055,40.853514572505055,,26.89000015258789,26.89000015258789,26.882380985078356,26.882380985078356,30.956666673932755,30.956666673932755,25.69285712166438,25.69285712166438,30.024599990844727,26.928649969100952,1,30196446.781539917205600,65765309.38441262,,,,,,,
2026-04-10,,,,,,,26.629999160766600,26.799999237060547,25.889999389648438,26.290000915527344,1119200,,,,,26.290000915527344,,,,,,,,,,,,,,,,,,,,,,,,,,,,,,,,,,,,,,,,,,,,,,,,,,,,,,,,,,,,,,,,,,,,,,,,,,,,,,,,,,,,,,,,,,,,,,,,,,,,,,,,,,,,,,,,,,,,,,,,,,,,,,,,,,,,,,,,,,,,,0.24942038648074863,0.26546573470957563,0.4393873160266542,0.46605907724141393,,,,-0.32227561678956823,,,,,,,,26.57890335847527,26.57890335847527,27.199088016796903,27.199088016796903,28.820702566313543,28.820702566313543,26.78975363183695,26.78975363183695,,,,,-0.009087520465543012,,-0.819922323479215,-0.819922323479215,-1.020900792782257,-1.020900792782257,39.36346303113741,39.36346303113741,,26.74000015258789,26.74000015258789,26.801428658621653,26.801428658621653,30.858571430993457,30.858571430993457,25.731984108213393,25.731984108213393,29.83620002746582,26.948649969100952,1,29423769.024658203404800,64873251.85751839,,,,,,,
2026-04-13,,,,,,,26.379999160766600,27.709999084472656,26.215000152587890,27.569999694824220,2246000,,,,,27.569999694824220,,,,,,,,,,,,,,,,,,,,,,,,,,,,,,,,,,,,,,,,,,,,,,,,,,,,,,,,,,,,,,,,,,,,,,,,,,,,,,,,,,,,,,,,,,,,,,,,,,,,,,,,,,,,,,,,,,,,,,,,,,,,,,,,,,,,,,,,,,,,,0.45840290390957306,0.3180542412182602,0.4444860230650256,0.4595366613832964,,,,-0.27482747772545063,,,,,,,,26.90926880392492,26.90926880392492,27.23280726025393,27.23280726025393,28.7816181015795,28.7816181015795,26.795921584904043,26.795921584904043,,,,,0.04753954040062421,,-0.6902567729704927,-0.6902567729704927,-0.9547719888199042,-0.9547719888199042,49.865868355463014,49.865868355463014,,26.842000198364257,26.842000198364257,26.78095245361328,26.78095245361328,30.762380933004714,30.762380933004714,25.769920614030625,25.769920614030625,29.64520004272461,26.970699968338014,1,61922219.314575198120000,64556584.90060171,,,,,,,
2026-04-14,,,,,,,27.649999618530273,27.979999542236328,27.260000228881836,27.479999542236328,1001400,,,,,27.479999542236328,,,,,,,,,,,,,,,,,,,,,,,,,,,,,,,,,,,,,,,,,,,,,,,,,,,,,,,,,,,,,,,,,,,,,,,,,,,,,,,,,,,,,,,,,,,,,,,,,,,,,,,,,,,,,,,,,,,,,,,,,,,,,,,,,,,,,,,,,,,,,0.43662714973982447,0.3180213584549951,0.44138506575151676,0.4574153885058211,,,,-0.2893848513857027,,,,,,,,27.099512383362057,27.099512383362057,27.255279285888694,27.255279285888694,28.740942521600026,28.740942521600026,26.801329315792046,26.801329315792046,,,,,-0.003269763270498378,,-0.587980279496648,-0.587980279496648,-0.8814136469552529,-0.8814136469552529,49.22033700089835,49.22033700089835,,27.004000091552733,27.004000091552733,26.760952449980238,26.760952449980238,30.65253963167705,30.65253963167705,25.8104761668614,25.8104761668614,29.479200057983398,26.98789996147156,1,27518471.541595458859200,63947899.00568099,,,,,,,
2026-04-15,,,,,,,27.590000152587890,28.100000381469727,27.350000381469727,27.579999923706055,1155700,,,,,27.579999923706055,,,,,,,,,,,,,,,,,,,,,,,,,,,,,,,,,,,,,,,,,,,,,,,,,,,,,,,,,,,,,,,,,,,,,,,,,,,,,,,,,,,,,,,,,,,,,,,,,,,,,,,,,,,,,,,,,,,,,,,,,,,,,,,,,,,,,,,,,,,,,0.4237884545020712,0.31270943723340006,0.44161842448443694,0.45482770427165975,,,,-0.2580519780343184,,,,,,,,27.259674896810054,27.259674896810054,27.28479934387209,27.28479934387209,28.70466306541584,28.70466306541584,26.807484814668836,26.807484814668836,,,,,0.003632418902795976,,-0.493171255267459,-0.493171255267459,-0.8037651686176942,-0.8037651686176942,49.99492564742362,49.99492564742362,,27.09000015258789,27.09000015258789,26.76809528895787,26.76809528895787,30.54587297590952,30.54587297590952,25.84789680299305,25.84789680299305,29.31300006866455,27.00854995727539,1,31874205.911827087763500,63655519.91092742,,,,,,,
2026-04-16,,,,,,,27.750000000000000,28.219999313354492,27.250000000000000,27.500000000000000,1640500,,,,,27.500000000000000,,,,,,,,,,,,,,,,,,,,,,,,,,,,,,,,,,,,,,,,,,,,,,,,,,,,,,,,,,,,,,,,,,,,,,,,,,,,,,,,,,,,,,,,,,,,,,,,,,,,,,,,,,,,,,,,,,,,,,,,,,,,,,,,,,,,,,,,,,,,,0.36520098794540967,0.31159194741437424,0.44092794126802787,0.45451279178728143,,,,-0.24728577951363162,,,,,,,,27.33978326454004,27.33978326454004,27.304363039883718,27.304363039883718,28.667017344621595,28.667017344621595,26.812959243011374,26.812959243011374,,,,,-0.002904864926352218,,-0.4196522557793436,-0.4196522557793436,-0.726942586050024,-0.726942586050024,49.34642618935484,49.34642618935484,,27.28400001525879,27.28400001525879,26.760952449980238,26.760952449980238,30.43317458743141,30.43317458743141,25.883611088707333,25.883611088707333,29.1388000869751,27.02799995422363,1,45113750.000000000000000,63500515.028708324,,,,,,,
2026-04-17,,,,,,,27.829999923706055,28.149999618530273,26.930000305175780,27.579999923706055,1838100,,,,,27.579999923706055,,,,,,,,,,,,,,,,,,,,,,,,,,,,,,,,,,,,,,,,,,,,,,,,,,,,,,,,,,,,,,,,,,,,,,,,,,,,,,,,,,,,,,,,,,,,,,,,,,,,,,,,,,,,,,,,,,,,,,,,,,,,,,,,,,,,,,,,,,,,,0.3406410219121949,0.3022281447446886,0.44108142321268917,0.45434482365349116,,,,-0.20029903930869952,,,,,,,,27.419855484262044,27.419855484262044,27.329420938413023,27.329420938413023,28.633048050217983,28.633048050217983,26.819022805704613,26.819022805704613,,,,,0.0029048649263521214,,-0.3508877778701738,-0.3508877778701738,-0.651731624414054,-0.651731624414054,50.04426279393101,50.04426279393101,,27.54199981689453,27.54199981689453,26.785238175165084,26.785238175165084,30.322063446044922,30.322063446044922,25.91861108749632,25.91861108749632,28.96140007019043,27.04639995574951,1,50694797.859764099695500,63487679.20541612,,,,,,,
2026-04-20,,,,,,,27.479999542236328,27.930000305175780,27.018999099731445,27.629999160766600,1682700,,,,,27.629999160766600,,,,,,,,,,,,,,,,,,,,,,,,,,,,,,,,,,,,,,,,,,,,,,,,,,,,,,,,,,,,,,,,,,,,,,,,,,,,,,,,,,,,,,,,,,,,,,,,,,,,,,,,,,,,,,,,,,,,,,,,,,,,,,,,,,,,,,,,,,,,,0.05210716375177895,0.30191951289338437,0.44075972554822157,0.45432005413203425,,,,-0.20450773816676596,,,,,,,,27.489903376430227,27.489903376430227,27.356746231354258,27.356746231354258,28.60170277242263,28.60170277242263,26.825433685981782,26.825433685981782,,,,,0.0018112389624548627,,-0.2890252104223201,-0.2890252104223201,-0.5791903416157073,-0.5791903416157073,50.5032272209846,50.5032272209846,,27.55399971008301,27.55399971008301,26.805714289347332,26.805714289347332,30.208253921024383,30.208253921024383,25.954047589074996,25.954047589074996,28.786000022888185,27.063049955368044,1,46492999.587821957820000,62929004.306666054,,,,,,,
2026-04-21,,,,,,,27.610000610351562,28.139999389648438,27.319999694824220,27.649999618530273,1787000,,,,,27.649999618530273,,,,,,,,,,,,,,,,,,,,,,,,,,,,,,,,,,,,,,,,,,,,,,,,,,,,,,,,,,,,,,,,,,,,,,,,,,,,,,,,,,,,,,,,,,,,,,,,,,,,,,,,,,,,,,,,,,,,,,,,,,,,,,,,,,,,,,,,,,,,,0.04068035179949976,0.2965789800430069,0.44052754850045794,0.4543090476136703,,,,-0.18456317333554806,,,,,,,,27.54326879046358,27.54326879046358,27.383405630188438,27.383405630188438,28.571962048863494,28.571962048863494,26.831951993748966,26.831951993748966,,,,,0.0007236056106375659,,-0.23566817421937714,-0.23566817421937714,-0.5104859081364412,-0.5104859081364412,50.6983537487973,50.6983537487973,,27.587999725341795,27.587999725341795,26.846190497988747,26.846190497988747,30.1012697976733,30.1012697976733,25.989206314086914,25.989206314086914,28.58840003967285,27.08024995803833,1,49410549.318313597851000,62706381.39308142,,,,,,,
2026-04-22,,,,,,,28.069999694824220,28.540000915527344,27.639999389648438,27.790000915527344,1574700,,,,,27.790000915527344,,,,,,,,,,,,,,,,,,,,,,,,,,,,,,,,,,,,,,,,,,,,,,,,,,,,,,,,,,,,,,,,,,,,,,,,,,,,,,,,,,,,,,,,,,,,,,,,,,,,,,,,,,,,,,,,,,,,,,,,,,,,,,,,,,,,,,,,,,,,,0.04674306311756838,0.2964997148766272,0.44024340237561094,0.4538127131114771,,,,-0.16774283942286097,,,,,,,,27.6255128321515,27.6255128321515,27.420368837946523,27.420368837946523,28.54752576344674,28.54752576344674,26.839525503012034,26.839525503012034,,,,,0.005050562526930307,,-0.1800103566450062,-0.1800103566450062,-0.4443907978381542,-0.4443907978381542,52.121204844771526,52.121204844771526,,27.629999923706055,27.629999923706055,26.89619055248442,26.89619055248442,29.99206349206349,29.99206349206349,26.026388857099747,26.026388857099747,28.41240005493164,27.09819995880127,1,43760914.441680908596800,62559508.6985028,,,,,,,
2026-04-23,,,,,,,27.659999847412110,27.905000686645508,26.601999282836914,26.870000839233400,1658500,,,,,26.870000839233400,,,,,,,,,,,,,,,,,,,,,,,,,,,,,,,,,,,,,,,,,,,,,,,,,,,,,,,,,,,,,,,,,,,,,,,,,,,,,,,,,,,,,,,,,,,,,,,,,,,,,,,,,,,,,,,,,,,,,,,,,,,,,,,,,,,,,,,,,,,,,0.25887095555947176,0.32034088238186814,0.44034151539406147,0.4536342538346331,,,,-0.21013965087863007,,,,,,,,27.3736755011788,27.3736755011788,27.370335383518057,27.370335383518057,28.495103109565072,28.495103109565072,26.83976641476082,26.83976641476082,,,,,-0.033665822838401194,,-0.20774272381508752,-0.20774272381508752,-0.3970611830335409,-0.3970611830335409,43.28144830452184,43.28144830452184,,27.504000091552733,27.504000091552733,26.90952391851516,26.90952391851516,29.85412697564988,29.85412697564988,26.057023782578725,26.057023782578725,28.30860004425049,27.11154995918274,1,44563896.391868593900000,62473376.10265035,,,,,,,
2026-04-24,,,,,,,27.000000000000000,27.000000000000000,25.690000534057617,25.850000381469727,1967700,,,,,25.850000381469727,,,,,,,,,,,,,,,,,,,,,,,,,,,,,,,,,,,,,,,,,,,,,,,,,,,,,,,,,,,,,,,,,,,,,,,,,,,,,,,,,,,,,,,,,,,,,,,,,,,,,,,,,,,,,,,,,,,,,,,,,,,,,,,,,,,,,,,,,,,,,0.33871539164723924,0.34708592935561783,0.4456395497655706,0.45442331901560135,,,,-0.24931848321058991,,,,,,,,26.865783794609108,26.865783794609108,27.232123110604572,27.232123110604572,28.41244364931209,28.41244364931209,26.8319421773435,26.8319421773435,,,,,-0.03869983814901202,,-0.30847048134755184,-0.30847048134755184,-0.37934304269634306,-0.37934304269634306,35.99291608108673,35.99291608108673,,27.158000183105468,27.158000183105468,26.867142995198567,26.867142995198567,29.702857123480904,29.702857123480904,26.081230133298842,26.081230133298842,28.217800064086916,27.120349960327147,1,50865045.750617981817900,62615389.12622361,,,,,,,
2026-04-27,,,,,,,25.899999618530273,26.670000076293945,25.879999160766600,26.139999389648438,1617800,,,,,26.139999389648438,,,,,,,,,,,,,,,,,,,,,,,,,,,,,,,,,,,,,,,,,,,,,,,,,,,,,,,,,,,,,,,,,,,,,,,,,,,,,,,,,,,,,,,,,,,,,,,,,,,,,,,,,,,,,,,,,,,,,,,,,,,,,,,,,,,,,,,,,,,,,0.3694821566507765,0.34910708841141547,0.44641435526208584,0.4450247023411373,,,,-0.25696066280206115,,,,,,,,26.62385565962222,26.62385565962222,27.132839135972198,27.132839135972198,28.341429766197603,28.341429766197603,26.82647227388346,26.82647227388346,,,,,0.011156069135255338,,-0.36073908296302903,-0.36073908296302903,-0.37562225074968025,-0.37562225074968025,39.131348649050274,39.131348649050274,,26.860000228881837,26.860000228881837,26.848095303490048,26.848095303490048,29.563968234592014,29.563968234592014,26.098928542364213,26.098928542364213,28.1392000579834,27.130949954986573,1,42289291.012573242996400,62344728.492107086,,,,,,,
2026-04-28,,,,,,,26.409999847412110,26.700000762939453,25.610000610351562,25.899999618530273,1063600,,,,,25.899999618530273,,,,,,,,,,,,,,,,,,,,,,,,,,,,,,,,,,,,,,,,,,,,,,,,,,,,,,,,,,,,,,,,,,,,,,,,,,,,,,,,,,,,,,,,,,,,,,,,,,,,,,,,,,,,,,,,,,,,,,,,,,,,,,,,,,,,,,,,,,,,,0.35595086774670187,0.3377583282924043,0.4449564569955384,0.4450160044108077,,,,-0.2594159293016279,,,,,,,,26.38257031259157,26.38257031259157,27.020762816204748,27.020762816204748,28.265135074083,28.265135074083,26.819148379374738,26.819148379374738,,,,,-0.00922373086981157,,-0.4167245607513834,-0.4167245607513834,-0.3838427127500209,-0.3838427127500209,37.49290015410636,37.49290015410636,,26.510000228881836,26.510000228881836,26.850952420915878,26.850952420915878,29.41365078517369,29.41365078517369,26.11472219134134,26.11472219134134,28.037200050354002,27.142049951553346,1,27547239.594268798362800,61966511.28807068,,,,,,,
2026-04-29,,,,,,,25.920000076293945,26.040000915527344,25.129999160766600,25.340000152587890,1501000,,,,,25.340000152587890,,,,,,,,,,,,,,,,,,,,,,,,,,,,,,,,,,,,,,,,,,,,,,,,,,,,,,,,,,,,,,,,,,,,,,,,,,,,,,,,,,,,,,,,,,,,,,,,,,,,,,,,,,,,,,,,,,,,,,,,,,,,,,,,,,,,,,,,,,,,,0.3189591157657097,0.33373804666734036,0.44522914749835535,0.44556527105664084,,,,-0.2596570702139006,,,,,,,,26.035046925923677,26.035046925923677,26.867966210421397,26.867966210421397,28.173724607786276,28.173724607786276,26.80745550801674,26.80745550801674,,,,,-0.021858773062316567,,-0.5005111510510396,-0.5005111510510396,-0.4071764004102246,-0.4071764004102246,33.92368693248006,33.92368693248006,,26.020000076293947,26.020000076293947,26.85904766264416,26.85904766264416,29.249047627524725,29.249047627524725,26.12861108023023,26.12861108023023,27.94300006866455,27.147949953079223,1,38035340.229034422890000,61724373.329265535,,,,,,,
2026-04-30,,,,,,,25.440000534057617,26.290000915527344,25.399999618530273,26.229999542236328,1453000,,,,,26.229999542236328,,,,,,,,,,,,,,,,,,,,,,,,,,,,,,,,,,,,,,,,,,,,,,,,,,,,,,,,,,,,,,,,,,,,,,,,,,,,,,,,,,,,,,,,,,,,,,,,,,,,,,,,,,,,,,,,,,,,,,,,,,,,,,,,,,,,,,,,,,,,,0.4532161304325766,0.3324294366688562,0.44360983748236027,0.44659551283198057,,,,-0.2592960040140866,,,,,,,,26.100031131361227,26.100031131361227,26.80996924058639,26.80996924058639,28.11298319948784,28.11298319948784,26.802890638722033,26.802890638722033,,,,,0.03451959551225492,,-0.4894549824414831,-0.4894549824414831,-0.42363211681647633,-0.42363211681647633,43.181345918021776,43.181345918021776,,25.891999816894533,25.891999816894533,26.86619050162179,26.86619050162179,29.0761904943557,29.0761904943557,26.144642822326176,26.144642822326176,27.85020004272461,27.160399951934814,1,38112189.334869384584000,60599124.32087489,,,,,,,
2026-05-01,,,,,,,26.430000305175780,26.670000076293945,25.479999542236328,25.649999618530273,2066700,,,,,25.649999618530273,,,,,,,,,,,,,,,,,,,,,,,,,,,,,,,,,,,,,,,,,,,,,,,,,,,,,,,,,,,,,,,,,,,,,,,,,,,,,,,,,,,,,,,,,,,,,,,,,,,,,,,,,,,,,,,,,,,,,,,,,,,,,,,,,,,,,,,,,,,,,0.38615025954308246,0.33936132080086073,0.4404084145700131,0.4468477681795201,,,,-0.2767312510439698,,,,,,,,25.950020627084243,25.950020627084243,26.704517456763107,26.704517456763107,28.036014962582918,28.036014962582918,26.793776875716564,26.793776875716564,,,,,-0.02236021968220507,,-0.5214827077018107,-0.5214827077018107,-0.4432022349935432,-0.4432022349935432,39.31551984881226,39.31551984881226,,25.85199966430664,25.85199966430664,26.833333333333332,26.833333333333332,28.915396856883216,28.915396856883216,26.159841234721835,26.159841234721835,27.722800025939943,27.16719994544983,1,53010854.211616515209100,60138912.81308673,,,,,,,
2026-05-04,,,,,,,25.620000839233400,26.379999160766600,25.520000457763672,25.760000228881836,1454500,,,,,25.760000228881836,,,,,,,,,,,,,,,,,,,,,,,,,,,,,,,,,,,,,,,,,,,,,,,,,,,,,,,,,,,,,,,,,,,,,,,,,,,,,,,,,,,,,,,,,,,,,,,,,,,,,,,,,,,,,,,,,,,,,,,,,,,,,,,,,,,,,,,,,,,,,0.3748107044273117,0.32517777673301396,0.4405083038070644,0.4468129700175452,,,,-0.31441785602294114,,,,,,,,25.886680494350106,25.886680494350106,26.618652254228447,26.618652254228447,27.964889502154758,27.964889502154758,26.785604728310755,26.785604728310755,,,,,0.004279353376652944,,-0.5318578544993606,-0.5318578544993606,-0.46093335889470666,-0.46093335889470666,40.40521799730956,40.40521799730956,,25.77599983215332,25.77599983215332,26.77238091968355,26.77238091968355,28.75460321941073,28.75460321941073,26.175992027161612,26.175992027161612,27.61860004425049,27.168299942016603,1,37467920.332908630462000,59293370.334928,,,,,,,
2026-05-05,,,,,,,25.909999847412110,25.989999771118164,24.010000228881836,24.319999694824220,2748300,,,,,24.319999694824220,,,,,,,,,,,,,,,,,,,,,,,,,,,,,,,,,,,,,,,,,,,,,,,,,,,,,,,,,,,,,,,,,,,,,,,,,,,,,,,,,,,,,,,,,,,,,,,,,,,,,,,,,,,,,,,,,,,,,,,,,,,,,,,,,,,,,,,,,,,,,0.5444000801735683,0.3768285481352748,0.45171996429212835,0.45052783700533733,,,,-0.34366833568533733,,,,,,,,25.364453561174813,25.364453561174813,26.409683839737152,26.409683839737152,27.85098669567568,27.85098669567568,26.76611377942944,26.76611377942944,,,,,-0.05752386557169732,,-0.6487973100689928,-0.6487973100689928,-0.4985061491295639,-0.4985061491295639,32.242878935969216,32.242878935969216,,25.45999984741211,25.45999984741211,26.64190474010649,26.64190474010649,28.565873070368692,28.565873070368692,26.185753928290474,26.185753928290474,27.514000053405763,27.16369994163513,1,66838655.161285403826000,59228285.350085065,,,,,,,
2026-05-06,,,,,,,24.500000000000000,25.010000228881836,23.750000000000000,24.889999389648438,1645800,,,,,24.889999389648438,,,,,,,,,,,,,,,,,,,,,,,,,,,,,,,,,,,,,,,,,,,,,,,,,,,,,,,,,,,,,,,,,,,,,,,,,,,,,,,,,,,,,,,,,,,,,,,,,,,,,,,,,,,,,,,,,,,,,,,,,,,,,,,,,,,,,,,,,,,,,0.5881815990327605,0.3874048310979317,0.45484929670128177,0.4510975912010154,,,,-0.2702534925073242,,,,,,,,25.20630217066602,25.20630217066602,26.271530707910905,26.271530707910905,27.758455842362327,27.758455842362327,26.751282835636705,26.751282835636705,,,,,0.02316704730792135,,-0.6875527789758173,-0.6875527789758173,-0.5363154750988146,-0.5363154750988146,37.61509360287803,37.61509360287803,,25.36999969482422,25.36999969482422,26.55714280264718,26.55714280264718,28.382380985078356,28.382380985078356,26.197896783314054,26.197896783314054,27.408000030517577,27.164449939727785,1,40963960.995483399260400,58618262.641095355,,,,,,,
2026-05-07,,,,,,,25.059999465942383,25.332000732421875,24.385000228881836,24.559999465942383,1310000,,,,,24.559999465942383,,,,,,,,,,,,,,,,,,,,,,,,,,,,,,,,,,,,,,,,,,,,,,,,,,,,,,,,,,,,,,,,,,,,,,,,,,,,,,,,,,,,,,,,,,,,,,,,,,,,,,,,,,,,,,,,,,,,,,,,,,,,,,,,,,,,,,,,,,,,,0.48127629048811094,0.3809851263758439,0.4549787122719951,0.4511422961591292,,,,-0.2471278441859774,,,,,,,,24.990867935758143,24.990867935758143,26.11593695864104,26.11593695864104,27.658504080599204,27.658504080599204,26.733960437457302,26.733960437457302,,,,,-0.013347010323616766,,-0.7364061712756538,-0.7364061712756538,-0.5763336143341824,-0.5763336143341824,35.84323324657075,35.84323324657075,,25.03599967956543,25.03599967956543,26.43380946204776,26.43380946204776,28.194444444444443,28.194444444444443,26.20761900099497,26.20761900099497,27.308600006103514,27.162699937820435,1,32173599.300384521730000,57827163.527800545,,,,,,,
2026-05-08,,,,,,,24.600000381469727,24.795000076293945,23.930000305175780,24.530000686645508,2029500,,,,,24.530000686645508,,,,,,,,,,,,,,,,,,,,,,,,,,,,,,,,,,,,,,,,,,,,,,,,,,,,,,,,,,,,,,,,,,,,,,,,,,,,,,,,,,,,,,,,,,,,,,,,,,,,,,,,,,,,,,,,,,,,,,,,,,,,,,,,,,,,,,,,,,,,,0.47920190141754465,0.3752192937466127,0.4489248792142858,0.4487030047649761,,,,-0.18586470329053728,,,,,,,,24.837245519387263,24.837245519387263,25.971760933914176,25.971760933914176,27.560738349538152,27.560738349538152,26.716537830731518,26.716537830731518,,,,,-0.001222195271455698,,-0.7686825929784042,-0.7686825929784042,-0.6148034100630267,-0.6148034100630267,35.678701083879226,35.678701083879226,,24.811999893188478,24.811999893188478,26.338571366809663,26.338571366809663,27.988095268370614,27.988095268370614,26.221190429869154,26.221190429869154,27.1946000289917,27.1582999420166,1,49783636.393547058486000,55889723.49578313,,,,,,,
2026-05-11,,,,,,,24.530000686645508,25.239999771118164,23.850000381469727,23.940000534057617,5092400,,,,,23.940000534057617,,,,,,,,,,,,,,,,,,,,,,,,,,,,,,,,,,,,,,,,,,,,,,,,,,,,,,,,,,,,,,,,,,,,,,,,,,,,,,,,,,,,,,,,,,,,,,,,,,,,,,,,,,,,,,,,,,,,,,,,,,,,,,,,,,,,,,,,,,,,,0.4725377739918483,0.38163148713462125,0.44875765810959994,0.4493062186305689,,,,-0.27822745698877466,,,,,,,,24.538163857610716,24.538163857610716,25.787055443018122,25.787055443018122,27.447590292804385,27.447590292804385,26.69458891929536,26.69458891929536,,,,,-0.024346163824470777,,-0.8322760114080445,-0.8322760114080445,-0.6582979303320303,-0.6582979303320303,32.51722216245907,32.51722216245907,,24.447999954223633,24.447999954223633,26.226666586739675,26.226666586739675,27.787301623632036,27.787301623632036,26.231626942044212,26.231626942044212,27.076000022888184,27.15144994735718,0,121912058.719635008810800,55780906.51455531,,,,,,,
2026-05-12,,,,,,,25.520000457763672,25.530000686645508,23.829999923706055,24.309999465942383,4175000,,,,,24.309999465942383,,,,,,,,,,,,,,,,,,,,,,,,,,,,,,,,,,,,,,,,,,,,,,,,,,,,,,,,,,,,,,,,,,,,,,,,,,,,,,,,,,,,,,,,,,,,,,,,,,,,,,,,,,,,,,,,,,,,,,,,,,,,,,,,,,,,,,,,,,,,,0.31191239841313173,0.34042572602674775,0.37149937666887656,0.4495217944229951,,,,-0.3549872724819109,,,,,,,,24.462109060387938,24.462109060387938,25.65277762692033,25.65277762692033,27.349540579464946,27.349540579464946,26.67573840978269,26.67573840978269,,,,,0.01533704392139471,,-0.843099703515577,-0.843099703515577,-0.6952582849687396,-0.6952582849687396,36.32757899580376,36.32757899580376,,24.445999908447266,24.445999908447266,26.071428480602446,26.071428480602446,27.66428572034079,27.66428572034079,26.24392853085957,26.24392853085957,26.948199996948244,27.14504994392395,0,101494247.770309449025000,53923746.616318114,,,,,,,
2026-05-13,,,,,,,24.549999237060547,24.600000381469727,22.600000381469727,23.149999618530273,3975100,,,,,23.149999618530273,,,,,,,,,,,,,,,,,,,,,,,,,,,,,,,,,,,,,,,,,,,,,,,,,,,,,,,,,,,,,,,,,,,,,,,,,,,,,,,,,,,,,,,,,,,,,,,,,,,,,,,,,,,,,,,,,,,,,,,,,,,,,,,,,,,,,,,,,,,,,0.3845846534943613,0.3711296281027046,0.3691332301047797,0.4521745512279126,,,,-0.3629006406432398,,,,,,,,24.02473924643538,24.02473924643538,25.425252353430324,25.425252353430324,27.21830492443574,27.21830492443574,26.647866956887412,26.647866956887412,,,,,-0.048893002305323646,,-0.9345074307037535,-0.9345074307037535,-0.7431081141157424,-0.7431081141157424,30.51095890353039,30.51095890353039,,24.09799995422363,24.09799995422363,25.865238008045015,25.865238008045015,27.5493650890532,27.5493650890532,26.250992018079,26.250992018079,26.797999992370606,27.13459994316101,0,92023563.483619688202300,53647770.230302356,,,,,,,
2026-05-14,,,,,,,23.270000457763672,23.540000915527344,22.944999694824220,23.250000000000000,2227300,,,,,23.250000000000000,,,,,,,,,,,,,,,,,,,,,,,,,,,,,,,,,,,,,,,,,,,,,,,,,,,,,,,,,,,,,,,,,,,,,,,,,,,,,,,,,,,,,,,,,,,,,,,,,,,,,,,,,,,,,,,,,,,,,,,,,,,,,,,,,,,,,,,,,,,,,0.40764159113063514,0.3714084894125254,0.3693076246081513,0.4520650006178645,,,,-0.3428619874175068,,,,,,,,23.76649283095692,23.76649283095692,25.227502139482112,25.227502139482112,27.09429539554712,27.09429539554712,26.62100634853257,26.62100634853257,,,,,0.004310367979296219,,-0.9874962756404528,-0.9874962756404528,-0.7919857464206845,-0.7919857464206845,31.528778312024052,31.528778312024052,,23.836000061035158,23.836000061035158,25.659047535487584,25.659047535487584,27.441111125643292,27.441111125643292,26.2593253529261,26.2593253529261,26.639199981689455,27.125999946594238,0,51784725.000000000000000,52889022.61142428,,,,,,,
2026-05-15,,,,,,,23.309999465942383,23.309999465942383,22.610000610351562,22.979999542236328,1945000,,,,,22.979999542236328,,,,,,,,,,,,,,,,,,,,,,,,,,,,,,,,,,,,,,,,,,,,,,,,,,,,,,,,,,,,,,,,,,,,,,,,,,,,,,,,,,,,,,,,,,,,,,,,,,,,,,,,,,,,,,,,,,,,,,,,,,,,,,,,,,,,,,,,,,,,,0.3985580572550596,0.37109612298732175,0.3628478826579173,0.45214713704460785,,,,-0.32031480646914606,,,,,,,,23.50432840138339,23.50432840138339,25.023183721550676,25.023183721550676,26.96572365013116,26.96572365013116,26.592223686032206,26.592223686032206,,,,,-0.011680879532846026,,-1.0392967316872124,-1.0392967316872124,-0.8414479434739901,-0.8414479434739901,30.240837938935613,30.240837938935613,,23.52599983215332,23.52599983215332,25.443809418451217,25.443809418451217,27.313809531075613,27.313809531075613,26.26726186086261,26.26726186086261,26.487399978637697,27.11919994354248,0,44696099.109649657960000,51925370.21633936,,,,,,,
2026-05-18,,,,,,,22.940000534057617,23.479999542236328,22.639999389648438,23.290000915527344,1868500,,,,,23.290000915527344,,,,,,,,,,,,,,,,,,,,,,,,,,,,,,,,,,,,,,,,,,,,,,,,,,,,,,,,,,,,,,,,,,,,,,,,,,,,,,,,,,,,,,,,,,,,,,,,,,,,,,,,,,,,,,,,,,,,,,,,,,,,,,,,,,,,,,,,,,,,,0.420658479664371,0.37691343551753376,0.36061462853411264,0.4514157246998991,,,,-0.2999678952095509,,,,,,,,23.43288590609804,23.43288590609804,24.86562164827583,24.86562164827583,26.85085731467479,26.85085731467479,26.566119158202127,26.566119158202127,,,,,0.013399870705619916,,-1.0433078428950786,-1.0433078428950786,-0.8818199233582078,-0.8818199233582078,33.59492026018267,33.59492026018267,,23.395999908447266,23.395999908447266,25.23952375139509,25.23952375139509,27.206507970416357,27.206507970416357,26.273968212188237,26.273968212188237,26.352999992370606,27.110799951553346,0,43517366.710662842264000,51750729.7892737,,,,,,,
2026-05-19,,,,,,,23.350000381469727,23.500000000000000,22.629999160766600,22.629999160766600,2489500,,,,,22.629999160766600,,,,,,,,,,,,,,,,,,,,,,,,,,,,,,,,,,,,,,,,,,,,,,,,,,,,,,,,,,,,,,,,,,,,,,,,,,,,,,,,,,,,,,,,,,,,,,,,,,,,,,,,,,,,,,,,,,,,,,,,,,,,,,,,,,,,,,,,,,,,,0.3989129753841067,0.38167435635873254,0.35836497745640694,0.45221772677006783,,,,-0.36178329152688876,,,,,,,,23.16525699098756,23.16525699098756,24.662383240320445,24.662383240320445,26.718955497365158,26.718955497365158,26.535003585099872,26.535003585099872,,,,,-0.028747700645687137,,-1.0872106159545751,-1.0872106159545751,-0.9228980618774812,-0.9228980618774812,30.2591554659491,30.2591554659491,,23.059999847412108,23.059999847412108,25.00142851329985,25.00142851329985,27.075714292980376,27.075714292980376,26.277103128887358,26.277103128887358,26.199599990844728,27.103149948120116,0,56337382.910728450700000,51916000.942641966,,,,,,,
2026-05-20,,,,,,,22.659999847412110,22.709999084472656,22.110000610351562,22.500000000000000,2111800,,,,,22.500000000000000,,,,,,,,,,,,,,,,,,,,,,,,,,,,,,,,,,,,,,,,,,,,,,,,,,,,,,,,,,,,,,,,,,,,,,,,,,,,,,,,,,,,,,,,,,,,,,,,,,,,,,,,,,,,,,,,,,,,,,,,,,,,,,,,,,,,,,,,,,,,,0.2549803267338617,0.3801424279729773,0.3482972603657448,0.4521660041910847,,,,-0.33786342467430447,,,,,,,,22.943504660658373,22.943504660658373,24.46580294574586,24.46580294574586,26.587113138072496,26.587113138072496,26.503106323557578,26.503106323557578,,,,,-0.005761113350077624,,-1.1195878143278222,-1.1195878143278222,-0.9622360123675494,-0.9622360123675494,29.634980151510156,29.634980151510156,,22.929999923706056,22.929999923706056,24.75619043622698,24.75619043622698,26.924603174603174,26.924603174603174,26.27892852207971,26.27892852207971,26.07379997253418,27.093249950408936,0,47515500.000000000000000,51875661.78842575,,,,,,,
2026-05-21,,,,,,,22.219999313354492,23.219999313354492,22.049999237060547,23.159999847412110,2069700,,,,,23.159999847412110,,,,,,,,,,,,,,,,,,,,,,,,,,,,,,,,,,,,,,,,,,,,,,,,,,,,,,,,,,,,,,,,,,,,,,,,,,,,,,,,,,,,,,,,,,,,,,,,,,,,,,,,,,,,,,,,,,,,,,,,,,,,,,,,,,,,,,,,,,,,,0.3557162570699822,0.4003482349491806,0.3503915197797304,0.4530361510888211,,,,-0.2717042550077712,,,,,,,,23.01566972290962,23.01566972290962,24.347093573170064,24.347093573170064,26.48001584773936,26.48001584773936,26.476678604378563,26.476678604378563,,,,,0.028911336905996447,,-1.079546169221814,-1.079546169221814,-0.9856980437384023,-0.9856980437384023,36.76654252108748,36.76654252108748,,22.911999893188476,22.911999893188476,24.53571419488816,24.53571419488816,26.800634929112025,26.800634929112025,26.28392852298797,26.28392852298797,25.97719997406006,27.082499952316283,0,47934251.684188844067000,51750485.99353366,,,,,,,
2026-05-22,,,,,,,23.299999237060547,23.719999313354492,22.969999313354492,23.229999542236328,1466300,,,,,23.229999542236328,,,,,,,,,,,,,,,,,,,,,,,,,,,,,,,,,,,,,,,,,,,,,,,,,,,,,,,,,,,,,,,,,,,,,,,,,,,,,,,,,,,,,,,,,,,,,,,,,,,,,,,,,,,,,,,,,,,,,,,,,,,,,,,,,,,,,,,,,,,,,0.34238323465097376,0.39157128882904296,0.3399551191685769,0.4491551140269678,,,,-0.2614538608881568,,,,,,,,23.087112996018522,23.087112996018522,24.245539570357906,24.245539570357906,26.37845283819239,26.37845283819239,26.451013157247004,26.451013157247004,,,,,0.0030178809602354486,,-1.0302879682642185,-1.0302879682642185,-0.9946160286435656,-0.9946160286435656,37.490166924053966,37.490166924053966,,22.961999893188477,22.961999893188477,24.362380799793062,24.362380799793062,26.700317473638627,26.700317473638627,26.294166617923313,26.294166617923313,25.881799964904786,27.069949951171875,0,34062148.328781127746400,51460096.46465362,,,,,,,
2026-05-26,,,,,,,23.229999542236328,23.459999084472656,22.745000839233400,22.909999847412110,2750200,,,,,22.909999847412110,,,,,,,,,,,,,,,,,,,,,,,,,,,,,,,,,,,,,,,,,,,,,,,,,,,,,,,,,,,,,,,,,,,,,,,,,,,,,,,,,,,,,,,,,,,,,,,,,,,,,,,,,,,,,,,,,,,,,,,,,,,,,,,,,,,,,,,,,,,,,0.34073612697616407,0.3752983358133928,0.3366140645783702,0.4486047401884934,,,,-0.2569756957674,,,,,,,,23.028075279816385,23.028075279816385,24.124126868271926,24.124126868271926,26.270063682230507,26.270063682230507,26.423020957169257,26.423020957169257,,,,,-0.013871037271520498,,-1.0054812284314032,-1.0054812284314032,-0.9967890686011331,-0.9967890686011331,35.490679440083746,35.490679440083746,,22.88599967956543,22.88599967956543,24.222380774361746,24.222380774361746,26.584761907183935,26.584761907183935,26.300912652696883,26.300912652696883,25.78199996948242,27.0550999546051,0,63007081.580352784922000,51129740.339218624,,,,,,,
2026-05-27,,,,,,,22.950000762939453,23.200000762939453,22.665000915527344,23.110000610351562,2003800,,,,,23.110000610351562,,,,,,,,,,,,,,,,,,,,,,,,,,,,,,,,,,,,,,,,,,,,,,,,,,,,,,,,,,,,,,,,,,,,,,,,,,,,,,,,,,,,,,,,,,,,,,,,,,,,,,,,,,,,,,,,,,,,,,,,,,,,,,,,,,,,,,,,,,,,,0.2581757546213869,0.3739945849881827,0.335656857409188,0.4474996744261661,,,,-0.21520835818369802,,,,,,,,23.05538372332811,23.05538372332811,24.031933572097344,24.031933572097344,26.17131171123429,26.17131171123429,26.39683107300469,26.39683107300469,,,,,0.00869196089191552,,-0.9586327961520418,-0.9586327961520418,-0.9891578141113149,-0.9891578141113149,37.72617409421334,37.72617409421334,,22.981999969482423,22.981999969482423,24.078095118204754,24.078095118204754,26.48285714406816,26.48285714406816,26.31111106418428,26.31111106418428,25.69559997558594,27.044999961853026,0,46307819.223022459935600,51003915.25924925,,,,,,,
2026-05-28,,,,,,,23.100000381469727,24.219999313354492,22.879999160766600,23.840000152587890,2097800,,,,,23.840000152587890,,,,,,,,,,,,,,,,,,,,,,,,,,,,,,,,,,,,,,,,,,,,,,,,,,,,,,,,,,,,,,,,,,,,,,,,,,,,,,,,,,,,,,,,,,,,,,,,,,,,,,,,,,,,,,,,,,,,,,,,,,,,,,,,,,,,,,,,,,,,,0.2981268475029297,0.3949331704402676,0.33853295300484415,0.4472921177873831,,,,-0.18162371189778834,,,,,,,,23.31692253308137,23.31692253308137,24.01448507941467,24.01448507941467,26.09845822502659,26.09845822502659,26.37661897086701,26.37661897086701,,,,,0.031099397900646385,,-0.8527700119809651,-0.8527700119809651,-0.9618802536852449,-0.9618802536852449,45.19189231826574,45.19189231826574,,23.25,23.25,23.97999990554083,23.97999990554083,26.381428582327707,26.381428582327707,26.321388842567565,26.321388842567565,25.61939998626709,27.037449960708617,0,50011552.320098875642000,51217093.511218116,,,,,,,
