"m_date","m_open","m_high","m_low","m_close","m_volume","m_vwap","m_open_split_adjusted","m_high_split_adjusted","m_low_split_adjusted","m_close_split_adjusted","m_volume_split_adjusted","m_vwap_split_adjusted","m_open_dividend_and_split_adjusted","m_high_dividend_and_split_adjusted","m_low_dividend_and_split_adjusted","m_close_dividend_and_split_adjusted","m_volume_dividend_and_split_adjusted","m_vwap_dividend_and_split_adjusted","f_accepted_date","f_filing_date","f_fiscal_period","f_fiscal_year","f_period_end_date","f_reported_currency","fbs_accumulated_other_comprehensive_income_after_tax","fbs_additional_paid_in_capital","fbs_assets","fbs_capital_lease_obligations","fbs_cash_and_cash_equivalents","fbs_cash_and_shortterm_investments","fbs_common_stock_value","fbs_current_accounts_payable","fbs_current_accounts_receivable_after_doubtful_accounts","fbs_current_accrued_expenses","fbs_current_assets","fbs_current_capital_lease_obligations","fbs_current_liabilities","fbs_current_net_receivables","fbs_current_tax_payables","fbs_deferred_revenue","fbs_goodwill","fbs_investments","fbs_liabilities","fbs_longterm_debt","fbs_longterm_investments","fbs_net_debt","fbs_net_intangible_assets_excluding_goodwill","fbs_net_intangible_assets_including_goodwill","fbs_net_inventory","fbs_net_property_plant_and_equipment","fbs_noncontrolling_interest","fbs_noncurrent_assets","fbs_noncurrent_capital_lease_obligations","fbs_noncurrent_deferred_revenue","fbs_noncurrent_deferred_tax_assets","fbs_noncurrent_deferred_tax_liabilities","fbs_noncurrent_liabilities","fbs_other_assets","fbs_other_current_assets","fbs_other_current_liabilities","fbs_other_liabilities","fbs_other_noncurrent_assets","fbs_other_noncurrent_liabilities","fbs_other_payables","fbs_other_receivables","fbs_other_stockholder_equity","fbs_preferred_stock_value","fbs_prepaid_expenses","fbs_retained_earnings","fbs_shortterm_debt","fbs_shortterm_investments","fbs_stockholder_equity","fbs_total_debt_including_capital_lease_obligations","fbs_total_equity_including_noncontrolling_interest","fbs_total_liabilities_and_equity","fbs_total_payables_current_and_noncurrent","fbs_treasury_stock_value","fcf_accounts_payable_change","fcf_accounts_receivable_change","fcf_capital_expenditure","fcf_cash_and_cash_equivalents_change","fcf_cash_exchange_rate_effect","fcf_common_stock_dividend_payments","fcf_common_stock_issuance_proceeds","fcf_common_stock_repurchase","fcf_deferred_income_tax","fcf_depreciation_and_amortization","fcf_dividend_payments","fcf_free_cash_flow","fcf_interest_payments","fcf_inventory_change","fcf_investment_sales_maturities_and_collections_proceeds","fcf_investments_purchase","fcf_net_business_acquisition_payments","fcf_net_cash_from_operating_activities","fcf_net_cash_from_investing_activities","fcf_net_cash_from_financing_activities","fcf_net_common_stock_issuance_proceeds","fcf_net_debt_issuance_proceeds","fcf_net_income","fcf_net_income_tax_payments","fcf_net_longterm_debt_issuance_proceeds","fcf_net_shortterm_debt_issuance_proceeds","fcf_net_stock_issuance_proceeds","fcf_other_financing_activities","fcf_other_investing_activities","fcf_other_noncash_items","fcf_other_working_capital","fcf_period_end_cash","fcf_period_start_cash","fcf_preferred_stock_dividend_payments","fcf_preferred_stock_issuance_proceeds","fcf_property_plant_and_equipment_purchase","fcf_stock_based_compensation","fcf_working_capital_change","fis_basic_earnings_per_share","fis_basic_net_income_available_to_common_stockholders","fis_continuing_operations_income_after_tax","fis_costs_and_expenses","fis_cost_of_revenue","fis_depreciation_and_amortization","fis_diluted_earnings_per_share","fis_discontinued_operations_income_after_tax","fis_earnings_before_interest_and_tax","fis_earnings_before_interest_tax_depreciation_and_amortization","fis_general_and_administrative_expense","fis_gross_profit","fis_income_before_tax","fis_income_tax_expense","fis_interest_expense","fis_interest_income","fis_net_income","fis_net_income_deductions","fis_net_interest_income","fis_net_total_other_income","fis_nonoperating_income_excluding_interest","fis_operating_expenses","fis_operating_income","fis_other_expenses","fis_other_net_income_adjustments","fis_research_and_development_expense","fis_revenues","fis_selling_and_marketing_expense","fis_selling_general_and_administrative_expense","fis_weighted_average_basic_shares_outstanding","fis_weighted_average_diluted_shares_outstanding","d_declaration_date_dividend","d_declaration_date_dividend_split_adjusted","d_ex_dividend_date_dividend","d_ex_dividend_date_dividend_split_adjusted","d_record_date_dividend","d_record_date_dividend_split_adjusted","d_payment_date_dividend","d_payment_date_dividend_split_adjusted","s_split_date_numerator","s_split_date_denominator","c_annualized_volatility_5d_log_returns_dividend_and_split_adjusted","c_annualized_volatility_21d_log_returns_dividend_and_split_adjusted","c_annualized_volatility_63d_log_returns_dividend_and_split_adjusted","c_annualized_volatility_252d_log_returns_dividend_and_split_adjusted","c_book_to_price","c_book_value_per_share","c_chaikin_money_flow_21d_dividend_and_split_adjusted","c_chaikin_money_flow_21d_split_adjusted","c_daily_traded_value","c_daily_traded_value_sma_5d","c_daily_traded_value_sma_21d","c_daily_traded_value_sma_63d","c_daily_traded_value_sma_252d","c_earnings_per_share","c_earnings_to_price","c_exponential_moving_average_5d_close_dividend_and_split_adjusted","c_exponential_moving_average_5d_close_split_adjusted","c_exponential_moving_average_21d_close_dividend_and_split_adjusted","c_exponential_moving_average_21d_close_split_adjusted","c_exponential_moving_average_63d_close_dividend_and_split_adjusted","c_exponential_moving_average_63d_close_split_adjusted","c_exponential_moving_average_252d_close_dividend_and_split_adjusted","c_exponential_moving_average_252d_close_split_adjusted","c_last_twelve_months_net_income","c_last_twelve_months_revenue","c_last_twelve_months_revenue_per_share","c_log_difference_high_to_low","c_log_returns_dividend_and_split_adjusted","c_market_cap","c_macd_26d_12d_dividend_and_split_adjusted","c_macd_26d_12d_split_adjusted","c_macd_signal_9d_dividend_and_split_adjusted","c_macd_signal_9d_split_adjusted","c_rsi_14d_dividend_and_split_adjusted","c_rsi_14d_split_adjusted","c_sales_to_price","c_simple_moving_average_5d_close_dividend_and_split_adjusted","c_simple_moving_average_5d_close_split_adjusted","c_simple_moving_average_21d_close_dividend_and_split_adjusted","c_simple_moving_average_21d_close_split_adjusted","c_simple_moving_average_63d_close_dividend_and_split_adjusted","c_simple_moving_average_63d_close_split_adjusted","c_simple_moving_average_252d_close_dividend_and_split_adjusted","c_simple_moving_average_252d_close_split_adjusted","c_sma_50d","c_sma_200d","c_sma_50d_200d_signal","c_daily_traded_value_1d","c_daily_traded_value_63d","c_weighted_average_basic_shares_outstanding_outlier_adjusted","c_weighted_average_diluted_shares_outstanding_outlier_adjusted","c_market_cap_outlier_adjusted","c_split_ratio","c_vwap","c_dividend_split_ratio","c_vwap_dividend_and_split_adjusted"
2023-10-09,,,,,,,5.00000000000000000,5.00000000000000000,5.00000000000000000,5.00000000000000000,0,,,,,5.00000000000000000,,,,,,,,,,,,,,,,,,,,,,,,,,,,,,,,,,,,,,,,,,,,,,,,,,,,,,,,,,,,,,,,,,,,,,,,,,,,,,,,,,,,,,,,,,,,,,,,,,,,,,,,,,,,,,,,,,,,,,,,,,,,,,,,,,,,,,,,,,,,,,,,,,,,,,,,,,,,,,,,,,,,,,,,,,,,,,,,,,,,,,,,,,,,0,,,,,,,,
2023-10-10,,,,,,,5.00000000000000000,6.09999990463256800,4.59999990463256800,5.09999990463256800,3886900,,,,,5.09999990463256800,,,,,,,,,,,,,,,,,,,,,,,,,,,,,,,,,,,,,,,,,,,,,,,,,,,,,,,,,,,,,,,,,,,,,,,,,,,,,,,,,,,,,,,,,,,,,,,,,,,,,,,,,,,,,,,,,,,,,,,,,,,,,,,,,,,,,,,,,,,,,,,,,,,,,,,,,,,,,,,,,,,,,,,,0.01980260859668314,,,,,,,,,,,,,,,,,,,,19823189.62931633,,,,,,,,
2023-10-11,,,,,,,4.82000017166137700,5.28000020980835000,4.63999986648559600,5.19999980926513700,549600,,,,,5.19999980926513700,,,,,,,,,,,,,,,,,,,,,,,,,,,,,,,,,,,,,,,,,,,,,,,,,,,,,,,,,,,,,,,,,,,,,,,,,,,,,,,,,,,,,,,,,,,,,,,,,,,,,,,,,,,,,,,,,,,,,,,,,,,,,,,,,,,,,,,,,,,,,,,,,,,,,,,,,,,,,,,,,,,,,,,,0.019418067876816054,,,,,,,,,,,,,,,,,,,,2857919.895172119,,,,,,,,
2023-10-12,,,,,,,4.55000019073486300,4.94000005722045900,4.55000019073486300,4.73999977111816400,183600,,,,,4.73999977111816400,,,,,,,,,,,,,,,,,,,,,,,,,,,,,,,,,,,,,,,,,,,,,,,,,,,,,,,,,,,,,,,,,,,,,,,,,,,,,,,,,,,,,,,,,,,,,,,,,,,,,,,,,,,,,,,,,,,,,,,,,,,,,,,,,,,,,,,,,,,,,,,,,,,,,,,,,,,,,,,,,,,,,,,,-0.09262150148792278,,,,,,,,,,,,,,,,,,,,870263.9579772949,,,,,,,,
2023-10-13,,,,,,,4.65999984741210900,5.19999980926513700,4.65999984741210900,5.01000022888183600,181300,,,,,5.01000022888183600,,,,,,,,,,,,,,,,,,,,,,,,,,,,,,,,,,,,,,,,,,,,,,,,,,,,,,,,,,,,,,,,,,,,,,,,,,,,,,,,,,,,,,,,,,,,,,,,,,,,,,,,,,,,,,,,,,,,,,,,,,,,,,,,,,,,,,,,,,,,,,,,,,,,,,,,,,,,5.009999942779541,5.009999942779541,,,,,,,,,,,0.0553988733620928,,,,,,,,,5.009999942779541,5.009999942779541,,,,,,,,,,908313.0414962769,,,,,,,,
2023-10-16,,,,,,,5.01999998092651400,5.30999994277954100,4.71000003814697300,4.98999977111816400,179200,,,,,4.98999977111816400,,,,,,,,,,,,,,,,,,,,,,,,,,,,,,,,,,,,,,,,,,,,,,,,,,,,,,,,,,,,,,,,,,,,,,,,,,,,,,,,,,,,,,,,,,,,,,,,,,,,,,,,,,,,,,,,,,,,,,,,,,,,,,,,,,,,,,,,,,,,,0.8850013757927997,,,,,,,,,,,,,,,5.003333218892415,5.003333218892415,,,,,,,,,,,-0.004000096886446756,,,,,,,,,5.007999897003174,5.007999897003174,,,,,,,,,,894207.958984375,,,,,,,,
2023-10-17,,,,,,,4.84000015258789100,5.07999992370605500,4.57000017166137700,4.92000007629394500,233500,,,,,4.92000007629394500,,,,,,,,,,,,,,,,,,,,,,,,,,,,,,,,,,,,,,,,,,,,,,,,,,,,,,,,,,,,,,,,,,,,,,,,,,,,,,,,,,,,,,,,,,,,,,,,,,,,,,,,,,,,,,,,,,,,,,,,,,,,,,,,,,,,,,,,,,,,,0.8688374842417345,,,,,,,,,,,,,,,4.975555504692926,4.975555504692926,,,,,,,,,,,-0.014127317884206752,,,,,,,,,4.971999931335449,4.971999931335449,,,,,,,,,,1148820.0178146362,,,,,,,,
2023-10-18,,,,,,,4.84999990463256800,5.09999990463256800,4.76000022888183600,4.92000007629394500,179100,,,,,4.92000007629394500,,,,,,,,,,,,,,,,,,,,,,,,,,,,,,,,,,,,,,,,,,,,,,,,,,,,,,,,,,,,,,,,,,,,,,,,,,,,,,,,,,,,,,,,,,,,,,,,,,,,,,,,,,,,,,,,,,,,,,,,,,,,,,,,,,,,,,,,,,,,,0.8418966391721387,,,,,,,,,,,,,,,4.957037028559932,4.957037028559932,,,,,,,,,,,0,,,,,,,,,4.915999984741211,4.915999984741211,,,,,,,,,,881172.0136642456,,,,,,,,
2023-10-19,,,,,,,4.80999994277954100,5.69999980926513700,4.80999994277954100,5.59999990463256800,310600,,,,,5.59999990463256800,,,,,,,,,,,,,,,,,,,,,,,,,,,,,,,,,,,,,,,,,,,,,,,,,,,,,,,,,,,,,,,,,,,,,,,,,,,,,,,,,,,,,,,,,,,,,,,,,,,,,,,,,,,,,,,,,,,,,,,,,,,,,,,,,,,,,,,,,,,,,0.955252880700611,,,,,,,,,,,,,,,5.17135798725081,5.17135798725081,,,,,,,,,,,0.12945803470008882,,,,,,,,,5.088000011444092,5.088000011444092,,,,,,,,,,1739359.9703788757,,,,,,,,
2023-10-20,,,,,,,5.28999996185302700,5.50000000000000000,5.11999988555908200,5.50000000000000000,140500,,,,,5.50000000000000000,,,,,,,,,,,,,,,,,,,,,,,,,,,,,,,,,,,,,,,,,,,,,,,,,,,,,,,,,,,,,,,,,,,,,,,,,,,,,,,,,,,,,,,,,,,,,,,,,,,,,,,,,,,,,,,,,,,,,,,,,,,,,,,,,,,,,,,,,,,,,0.9900336289693369,,,,,,,,,,,,,,,5.280905324833873,5.280905324833873,,,,,,,,,,,-0.018018488472779644,,,,,,,,,5.185999965667724,5.185999965667724,,,,,,,,,,772750,,,,,,,,
2023-10-23,,,,,,,5.23000001907348600,7.44000005722045900,5.23000001907348600,6.44999980926513700,212300,,,,,6.44999980926513700,,,,,,,,,,,,,,,,,,,,,,,,,,,,,,,,,,,,,,,,,,,,,,,,,,,,,,,,,,,,,,,,,,,,,,,,,,,,,,,,,,,,,,,,,,,,,,,,,,,,,,,,,,,,,,,,,,,,,,,,,,,,,,,,,,,,,,,,,,,,,1.3632003359013767,,,,,,,,,,,,,,,5.670603486310961,5.670603486310961,,,,,,,,,,,0.1593320089979589,,,,,,,,,5.477999973297119,5.477999973297119,,,,,,,,,,1369334.9595069885,,,,,,,,
2023-10-24,,,,,,,6.44999980926513700,8.05000019073486300,6.32999992370605500,7.36999988555908200,90000,,,,,7.36999988555908200,,,,,,,,,,,,,,,,,,,,,,,,,,,,,,,,,,,,,,,,,,,,,,,,,,,,,,,,,,,,,,,,,,,,,,,,,,,,,,,,,,,,,,,,,,,,,,,,,,,,,,,,,,,,,,,,,,,,,,,,,,,,,,,,,,,,,,,,,,,,,1.318368329754969,,,,,,,,,,,,,,,6.237068952727002,6.237068952727002,,,,,,,,,,,0.1333375894369211,,,,,,,,,5.9679999351501465,5.9679999351501465,,,,,,,,,,663299.9897003174,,,,,,,,
2023-10-25,,,,,,,7.28999996185302700,7.94899988174438500,6.86000013351440400,7.53999996185302700,43500,,,,,7.53999996185302700,,,,,,,,,,,,,,,,,,,,,,,,,,,,,,,,,,,,,,,,,,,,,,,,,,,,,,,,,,,,,,,,,,,,,,,,,,,,,,,,,,,,,,,,,,,,,,,,,,,,,,,,,,,,,,,,,,,,,,,,,,,,,,,,,,,,,,,,,,,,,1.2377700367961098,,,,,,,,,,,,,,,6.671379289102344,6.671379289102344,,,,,,,,,,,0.022804486287279446,,,,,,,,,6.491999912261963,6.491999912261963,,,,,,,,,,327989.9983406067,,,,,,,,
2023-10-26,,,,,,,7.03000020980835000,9.80000019073486300,6.99599981307983400,9.50000000000000000,221500,,,,,9.50000000000000000,,,,,,,,,,,,,,,,,,,,,,,,,,,,,,,,,,,,,,,,,,,,,,,,,,,,,,,,,,,,,,,,,,,,,,,,,,,,,,,,,,,,,,,,,,,,,,,,,,,,,,,,,,,,,,,,,,,,,,,,,,,,,,,,,,,,,,,,,,,,,1.6176369114582283,,,,,,,,,,,,,,,7.614252859401562,7.614252859401562,,,,,,,,,,,0.23106962164591058,,,,,,,,,7.271999931335449,7.271999931335449,,,,,,,,,,2104250,,,,,,,,
2023-10-27,,,,,,,9.39999961853027300,10.69999980926513700,9.02000045776367200,10.57999992370605500,238500,,,,,10.57999992370605500,,,,,,,,,,,,,,,,,,,,,,,,,,,,,,,,,,,,,,,,,,,,,,,,,,,,,,,,,,,,,,,,,,,,,,,,,,,,,,,,,,,,,,,,,,,,,,,,,,,,,,,,,,,,,,,,,,,,,,,,,,,,,,,,,,,,,,,,,,,,,1.2056362890898584,,,,,,,,,,,,,,,8.602835214169726,8.602835214169726,,,,,,,,,,,0.10767362061251017,,,,,,90.55232435239208,90.55232435239208,,8.28799991607666,8.28799991607666,,,,,,,,,,2523329.981803894,,,,,,,,
2023-10-30,,,,,,,10.84000015258789000,15.47000026702880900,9.89999961853027300,13.69999980926513700,1669500,,,,,13.69999980926513700,,,,,,,,,,,,,,,,,,,,,,,,,,,,,,,,,,,,,,,,,,,,,,,,,,,,,,,,,,,,,,,,,,,,,,,,,,,,,,,,,,,,,,,,,,,,,,,,,,,,,,,,,,,,,,,,,,,,,,,,,,,,,,,,,,,,,,,,,,,,,1.5179693283292415,,,,,,,,,,,,,,,10.30189007920153,10.30189007920153,,,,,,,,,,,0.258430399692821,,,,,,93.65234281322046,93.65234281322046,,9.73799991607666,9.73799991607666,,,,,,,,,,22872149.681568146,,,,,,,,
2023-10-31,,,,,,,12.77000045776367200,13.50000000000000000,10.46000003814697300,10.76000022888183600,186300,,,,,10.76000022888183600,,,,,,,,,,,,,,,,,,,,,,,,,,,,,,,,,,,,,,,,,,,,,,,,,,,,,,,,,,,,,,,,,,,,,,,,,,,,,,,,,,,,,,,,,,,,,,,,,,,,,,,,,,,,,,,,,,,,,,,,,,,,,,,,,,,,,,,,,,,,,3.1947267281477494,,,,,,,,,,,,,,,10.4545934624283,10.4545934624283,,,,,,,,,,,-0.24156024290664205,,,,,,70.25793485451582,70.25793485451582,,10.41599998474121,10.41599998474121,,,,,,,,,,2004588.042640686,,,,,,,,
2023-11-01,,,,,,,10.19999980926513700,11.44999980926513700,10.01099967956543000,10.86999988555908200,165300,,,,,10.86999988555908200,,,,,,,,,,,,,,,,,,,,,,,,,,,,,,,,,,,,,,,,,,,,,,,,,,,,,,,,,,,,,,,,,,,,,,,,,,,,,,,,,,,,,,,,,,,,,,,,,,,,,,,,,,,,,,,,,,,,,,,,,,,,,,,,,,,,,,,,,,,,,3.2091269848091586,,,,,,,,,,,,,,,10.59306227013856,10.59306227013856,,,,,,,,,,,0.010171114599790523,,,,,,70.5543114274978,70.5543114274978,,11.081999969482421,11.081999969482421,,,,,,,,,,1796810.9810829163,,,,,,,,
2023-11-02,,,,,,,10.56000041961670000,12.73999977111816400,10.47000026702880900,12.18000030517578100,103100,,,,,12.18000030517578100,,,,,,,,,,,,,,,,,,,,,,,,,,,,,,,,,,,,,,,,,,,,,,,,,,,,,,,,,,,,,,,,,,,,,,,,,,,,,,,,,,,,,,,,,,,,,,,,,,,,,,,,,,,,,,,,,,,,,,,,,,,,,,,,,,,,,,,,,,,,,2.942481779838952,,,,,,,,,,,,,,,11.122041615150966,11.122041615150966,,,,,,,,,,,0.11378859673225884,,,,,,73.8910824591193,73.8910824591193,,11.618000030517578,11.618000030517578,,,,,,,,,,1255758.031463623,,,,,,,,
2023-11-03,,,,,,,12.19999980926513700,12.68500041961670000,11.61999988555908200,12.08500003814697300,79500,,,,,12.08500003814697300,,,,,,,,,,,,,,,,,,,,,,,,,,,,,,,,,,,,,,,,,,,,,,,,,,,,,,,,,,,,,,,,,,,,,,,,,,,,,,,,,,,,,,,,,,,,,,,,,,,,,,,,,,,,,,,,,,,,,,,,,,,,,,,,,,,,,,,,,,,,,2.9132257989773005,,,,,,,,,,,,,,,11.443027756149636,11.443027756149636,,,,,,,,,,,-0.007830270025231739,,,,,,73.2428836908563,73.2428836908563,,11.919000053405762,11.919000053405762,,,,,,,,,,960757.5030326843,,,,,,,,
2023-11-06,,,,,,,12.09000015258789000,14.56000041961670000,12.09000015258789000,14.25000000000000000,200900,,,,,14.25000000000000000,,,,,,,,,,,,,,,,,,,,,,,,,,,,,,,,,,,,,,,,,,,,,,,,,,,,,,,,,,,,,,,,,,,,,,,,,,,,,,,,,,,,,,,,,,,,,,,,,,,,,,,,,,,,,,,,,,,,,,,,,,,,,,,,,,,,,,,,,,,,,2.488686298932488,,,,,,,,,,,,,,,12.378685170766424,12.378685170766424,7.917380923316593,7.917380923316593,,,,,,,,,0.1647918894026578,,,,,,77.98302754757272,77.98302754757272,,12.029000091552735,12.029000091552735,7.917380923316593,7.917380923316593,,,,,,,,2862825,,,,,,,,
2023-11-07,,,,,,,14.42000007629394500,14.50000000000000000,11.85000038146972700,13.02999973297119100,137600,,,,,13.02999973297119100,,,,,,,,,,,,,,,,,,,,,,,,,,,,,,,,,,,,,,,,,,,,,,,,,,,,,,,,,,,,,,,,,,,,,,,,,,,,,,,,,,,,,,,,,,,,,,,,,,,,,,,,,,,,,,,,,,,,,,,,,,,,,,,,,,,,,,,,,,,,,1.6062195683691394,1.838018626618754,,,,,,0.07726199413385774,,,,,,,,12.59579002483468,12.59579002483468,8.38216445146701,8.38216445146701,,,,,,,,,-0.08950253607129113,,,,,,70.41308939543958,70.41308939543958,,12.482999992370605,12.482999992370605,8.299761862981887,8.299761862981887,,,,,,,,1792927.963256836,,,,,,,,
2023-11-08,,,,,,,12.61999988555908200,12.61999988555908200,7.30999994277954100,10.40999984741211000,291500,,,,,10.40999984741211000,,,,,,,,,,,,,,,,,,,,,,,,,,,,,,,,,,,,,,,,,,,,,,,,,,,,,,,,,,,,,,,,,,,,,,,,,,,,,,,,,,,,,,,,,,,,,,,,,,,,,,,,,,,,,,,,,,,,,,,,,,,,,,,,,,,,,,,,,,,,,2.487248812746371,2.062357735124723,,,,,,0.3671151120530263,,,,,,,,11.867193299027157,11.867193299027157,8.566513123825656,8.566513123825656,,,,,,,,,-0.2244875026743095,,,,,,57.5034971032278,57.5034971032278,,12.39099998474121,12.39099998474121,8.552619003114247,8.552619003114247,,,,,,,,3034514.95552063,,,,,,,,
2023-11-09,,,,,,,10.82999992370605500,11.85999965667724600,9.61999988555908200,10.89999961853027300,201200,,,,,10.89999961853027300,,,,,,,,,,,,,,,,,,,,,,,,,,,,,,,,,,,,,,,,,,,,,,,,,,,,,,,,,,,,,,,,,,,,,,,,,,,,,,,,,,,,,,,,,,,,,,,,,,,,,,,,,,,,,,,,,,,,,,,,,,,,,,,,,,,,,,,,,,,,,2.3178004609858713,2.0620486632011046,,,,,,0.31842431505069557,,,,,,,,11.544795405528195,11.544795405528195,8.778648259707893,8.778648259707893,,,,,,,,,0.0459958862688159,,,,,,59.01686189144666,59.01686189144666,,12.134999847412109,12.134999847412109,8.824047565460205,8.824047565460205,,,,,,,,2193079.923248291,,,,,,,,
2023-11-10,,,,,,,10.69999980926513700,13.95699977874755900,10.69999980926513700,13.51000022888183600,74400,,,,,13.51000022888183600,,,,,,,,,,,,,,,,,,,,,,,,,,,,,,,,,,,,,,,,,,,,,,,,,,,,,,,,,,,,,,,,,,,,,,,,,,,,,,,,,,,,,,,,,,,,,,,,,,,,,,,,,,,,,,,,,,,,,,,,,,,,,,,,,,,,,,,,,,,,,2.8758121720095384,2.0964303291300888,,,,,,0.3366093293389934,,,,,,,,12.199863679979408,12.199863679979408,9.208771165996433,9.208771165996433,,,,,,,,,0.21466741467589326,,,,,,65.9686832109608,65.9686832109608,,12.419999885559083,12.419999885559083,9.241666634877523,9.241666634877523,,,,,,,,1005144.0170288086,,,,,,,,
2023-11-13,,,,,,,13.60999965667724600,13.80000019073486300,12.11999988555908200,12.75000000000000000,58800,,,,,12.75000000000000000,,,,,,,,,,,,,,,,,,,,,,,,,,,,,,,,,,,,,,,,,,,,,,,,,,,,,,,,,,,,,,,,,,,,,,,,,,,,,,,,,,,,,,,,,,,,,,,,,,,,,,,,,,,,,,,,,,,,,,,,,,,,,,,,,,,,,,,,,,,,,2.602174165046128,2.1291519366487326,,,,,,0.3311907062273139,,,,,,,,12.383242453319605,12.383242453319605,9.530701059996758,9.530701059996758,,,,,,,,,-0.05789889730933292,,2.7215461022343455,2.7215461022343455,,,62.63686569653867,62.63686569653867,,12.119999885559082,12.119999885559082,9.610238052549816,9.610238052549816,,,,,,,,749700,,,,,,,,
2023-11-14,,,,,,,12.46000003814697300,13.19999980926513700,12.00000000000000000,13.07999992370605500,30500,,,,,13.07999992370605500,,,,,,,,,,,,,,,,,,,,,,,,,,,,,,,,,,,,,,,,,,,,,,,,,,,,,,,,,,,,,,,,,,,,,,,,,,,,,,,,,,,,,,,,,,,,,,,,,,,,,,,,,,,,,,,,,,,,,,,,,,,,,,,,,,,,,,,,,,,,,2.5423343673036225,2.1231257723519956,,,,,,0.34877351316462857,,,,,,,,12.615494943448422,12.615494943448422,9.85336459306124,9.85336459306124,,,,,,,,,0.025553068591747122,,2.650208084486435,2.650208084486435,,,63.49891860708611,63.49891860708611,,12.129999923706055,12.129999923706055,9.995476155054002,9.995476155054002,,,,,,,,398939.99767303467,,,,,,,,
2023-11-15,,,,,,,12.81000041961670000,15.00000000000000000,12.81000041961670000,14.47999954223632800,162800,,,,,14.47999954223632800,,,,,,,,,,,,,,,,,,,,,,,,,,,,,,,,,,,,,,,,,,,,,,,,,,,,,,,,,,,,,,,,,,,,,,,,,,,,,,,,,,,,,,,,,,,,,,,,,,,,,,,,,,,,,,,,,,,,,,,,,,,,,,,,,,,,,,,,,,,,,1.602507877158101,2.119777987757178,,,,,,0.35360040364988327,,,,,,,,13.236996476377724,13.236996476377724,10.273967770258976,10.273967770258976,,,,,,,,,0.10168401514787445,,2.6757955548574497,2.6757955548574497,,,66.97965395009741,66.97965395009741,,12.943999862670898,12.943999862670898,10.450714224860782,10.450714224860782,,,,,,,,2357343.925476074,,,,,,,,
2023-11-16,,,,,,,15.00000000000000000,15.00000000000000000,13.13000011444091800,13.68000030517578100,52400,,,,,13.68000030517578100,,,,,,,,,,,,,,,,,,,,,,,,,,,,,,,,,,,,,,,,,,,,,,,,,,,,,,,,,,,,,,,,,,,,,,,,,,,,,,,,,,,,,,,,,,,,,,,,,,,,,,,,,,,,,,,,,,,,,,,,,,,,,,,,,,,,,,,,,,,,,1.8330688395780215,2.146121721250859,,,,,,0.36082844382534185,,,,,,,,13.38466441931041,13.38466441931041,10.583607091615049,10.583607091615049,,,,,,,,,-0.056833420841481276,,2.6015317186605937,2.6015317186605937,,,63.26696462440959,63.26696462440959,,13.5,13.5,10.867857092902774,10.867857092902774,,,,,,,,716832.0159912109,,,,,,,,
2023-11-17,,,,,,,13.64000034332275400,14.68000030517578100,12.11999988555908200,13.09000015258789000,66800,,,,,13.09000015258789000,,,,,,,,,,,,,,,,,,,,,,,,,,,,,,,,,,,,,,,,,,,,,,,,,,,,,,,,,,,,,,,,,,,,,,,,,,,,,,,,,,,,,,,,,,,,,,,,,,,,,,,,,,,,,,,,,,,,,,,,,,,,,,,,,,,,,,,,,,,,,1.103222469346599,2.1480349932716085,,,,,,0.32265038512920247,,,,,,,,13.28644299706957,13.28644299706957,10.811461006248942,10.811461006248942,,,,,,,,,-0.0440863429239379,,2.466635177061626,2.466635177061626,,,60.59912747608577,60.59912747608577,,13.41599998474121,13.41599998474121,11.224523771376838,11.224523771376838,,,,,,,,874412.0101928711,,,,,,,,
2023-11-20,,,,,,,12.02000045776367200,13.50000000000000000,12.02000045776367200,13.35000038146972700,100200,,,,,13.35000038146972700,,,,,,,,,,,,,,,,,,,,,,,,,,,,,,,,,,,,,,,,,,,,,,,,,,,,,,,,,,,,,,,,,,,,,,,,,,,,,,,,,,,,,,,,,,,,,,,,,,,,,,,,,,,,,,,,,,,,,,,,,,,,,,,,,,,,,,,,,,,,,1.0080668156117978,2.1390621397235243,,,,,,0.31179734292814554,,,,,,,,13.307628791869622,13.307628791869622,11.042237313087195,11.042237313087195,,,,,,,,,0.01966782184213199,,2.3535779598557216,2.3535779598557216,,,61.37214475538963,61.37214475538963,,13.536000061035157,13.536000061035157,11.598333313351585,11.598333313351585,,,,,,,,1337670.0382232666,,,,,,,,
2023-11-21,,,,,,,12.75000000000000000,13.81999969482421900,12.11999988555908200,13.23999977111816400,99400,,,,,13.23999977111816400,,,,,,,,,,,,,,,,,,,,,,,,,,,,,,,,,,,,,,,,,,,,,,,,,,,,,,,,,,,,,,,,,,,,,,,,,,,,,,,,,,,,,,,,,,,,,,,,,,,,,,,,,,,,,,,,,,,,,,,,,,,,,,,,,,,,,,,,,,,,,1.0020762900644937,2.101921783880334,,,,,,0.3222523381771408,,,,,,,,13.28508578495247,13.28508578495247,11.242033900180921,11.242033900180921,,,,,,,,,-0.008273880199055257,,2.2294039893118764,2.2294039893118764,,,60.82839910328057,60.82839910328057,,13.568000030517577,13.568000030517577,11.921666644868397,11.921666644868397,,,,,,,,1316055.9772491455,,,,,,,,
2023-11-22,,,,,,,13.34000015258789000,14.48999977111816400,13.10999965667724600,13.48999977111816400,119400,,,,,13.48999977111816400,,,,,,,,,,,,,,,,,,,,,,,,,,,,,,,,,,,,,,,,,,,,,,,,,,,,,,,,,,,,,,,,,,,,,,,,,,,,,,,,,,,,,,,,,,,,,,,,,,,,,,,,,,,,,,,,,,,,,,,,,,,,,,,,,,,,,,,,,,,,,0.5598862945219638,2.071113713586679,,,,,,0.30320679634302194,,,,,,,,13.353390447007701,13.353390447007701,11.446394433902489,11.446394433902489,,,,,,,,,0.018706120031172068,,2.1266533971272477,2.1266533971272477,,,61.65979621345051,61.65979621345051,,13.370000076293945,13.370000076293945,12.213095210847401,12.213095210847401,,,,,,,,1610705.9726715088,,,,,,,,
2023-11-24,,,,,,,13.39000034332275400,14.85000038146972700,13.25000000000000000,14.69999980926513700,265000,,,,,14.69999980926513700,,,,,,,,,,,,,,,,,,,,,,,,,,,,,,,,,,,,,,,,,,,,,,,,,,,,,,,,,,,,,,,,,,,,,,,,,,,,,,,,,,,,,,,,,,,,,,,,,,,,,,,,,,,,,,,,,,,,,,,,,,,,,,,,,,,,,,,,,,,,,0.7568799287854897,2.0803293979058757,,,,,,0.33355797638049917,,,,,,,,13.802260234426846,13.802260234426846,11.742176740753639,11.742176740753639,,,,,,,,,0.08589882755664345,,2.1184396496310445,2.1184396496310445,2.438199070358482,2.438199070358482,65.47882409563113,65.47882409563113,,13.573999977111816,13.573999977111816,12.554047584533691,12.554047584533691,,,,,,,,3895499.949455261,,,,,,,,
2023-11-27,,,,,,,14.85000038146972700,14.85000038146972700,12.52999973297119100,13.68000030517578100,266800,,,,,13.68000030517578100,,,,,,,,,,,,,,,,,,,,,,,,,,,,,,,,,,,,,,,,,,,,,,,,,,,,,,,,,,,,,,,,,,,,,,,,,,,,,,,,,,,,,,,,,,,,,,,,,,,,,,,,,,,,,,,,,,,,,,,,,,,,,,,,,,,,,,,,,,,,,0.903819430585781,1.9768236237580306,,,,,,0.2916503813373849,,,,,,,,13.76150692467649,13.76150692467649,11.91834251933747,11.91834251933747,,,,,,,,,-0.07191254630695447,,2.0064951331795307,2.0064951331795307,2.351858282922692,2.351858282922692,60.048797151856135,60.048797151856135,,13.692000007629394,13.692000007629394,12.75309521811349,12.75309521811349,,,,,,,,3649824.0814208984,,,,,,,,
2023-11-28,,,,,,,13.50000000000000000,14.75000000000000000,13.01000022888183600,14.00000000000000000,222200,,,,,14.00000000000000000,,,,,,,,,,,,,,,,,,,,,,,,,,,,,,,,,,,,,,,,,,,,,,,,,,,,,,,,,,,,,,,,,,,,,,,,,,,,,,,,,,,,,,,,,,,,,,,,,,,,,,,,,,,,,,,,,,,,,,,,,,,,,,,,,,,,,,,,,,,,,0.9067601824611738,1.9496657619518023,,,,,,0.2545310825652546,,,,,,,,13.841004616450995,13.841004616450995,12.107584108488608,12.107584108488608,,,,,,,,,0.02312239511268329,,1.9214503152256661,1.9214503152256661,2.2657766893832867,2.2657766893832867,61.13763845766372,61.13763845766372,,13.82199993133545,13.82199993133545,12.915952364603678,12.915952364603678,,,,,,,,3110800,,,,,,,,
2023-11-29,,,,,,,14.13000011444091800,15.39999961853027300,12.10000038146972700,13.31999969482421900,259600,,,,,13.31999969482421900,,,,,,,,,,,,,,,,,,,,,,,,,,,,,,,,,,,,,,,,,,,,,,,,,,,,,,,,,,,,,,,,,,,,,,,,,,,,,,,,,,,,,,,,,,,,,,,,,,,,,,,,,,,,,,,,,,,,,,,,,,,,,,,,,,,,,,,,,,,,,1.001052355089742,1.7428489657435355,,,,,,0.15361712952670903,,,,,,,,13.667336309242069,13.667336309242069,12.217803707246391,12.217803707246391,,,,,,,,,-0.0497906874141105,,1.778677851570004,1.778677851570004,2.1683569218206302,2.1683569218206302,57.54832301387097,57.54832301387097,,13.83799991607666,13.83799991607666,12.897857121058873,12.897857121058873,,,,,,,,3457871.920776367,,,,,,,,
2023-11-30,,,,,,,13.48999977111816400,14.80000019073486300,12.50100040435791000,13.75000000000000000,310600,,,,,13.75000000000000000,,,,,,,,,,,,,,,,,,,,,,,,,,,,,,,,,,,,,,,,,,,,,,,,,,,,,,,,,,,,,,,,,,,,,,,,,,,,,,,,,,,,,,,,,,,,,,,,,,,,,,,,,,,,,,,,,,,,,,,,,,,,,,,,,,,,,,,,,,,,,1.0195700117375461,1.509773098002166,,,,,,0.20175693787168644,,,,,,,,13.694890872828045,13.694890872828045,12.3570942793149,12.3570942793149,,,,,,,,,0.0317721819114322,,1.6808512693287927,1.6808512693287927,2.0708557913222627,2.0708557913222627,59.18031115165196,59.18031115165196,,13.889999961853027,13.889999961853027,13.04023806254069,13.04023806254069,,,,,,,,4270750,,,,,,,,
2023-12-01,,,,,,,13.98999977111816400,14.21000003814697300,12.72000026702880900,12.93000030517578100,162100,,,,,12.93000030517578100,,,,,,,,,,,,,,,,,,,,,,,,,,,,,,,,,,,,,,,,,,,,,,,,,,,,,,,,,,,,,,,,,,,,,,,,,,,,,,,,,,,,,,,,,,,,,,,,,,,,,,,,,,,,,,,,,,,,,,,,,,,,,,,,,,,,,,,,,,,,,0.78106187638304,1.5309325197592931,,,,,,0.15648283045028663,,,,,,,,13.43992735027729,13.43992735027729,12.409176645302253,12.409176645302253,,,,,,,,,-0.061488607726665846,,1.51963842987373,1.51963842987373,1.9606123190325562,1.9606123190325562,54.84991418879787,54.84991418879787,,13.536000061035157,13.536000061035157,13.138333320617676,13.138333320617676,,,,,,,,2095953.0494689941,,,,,,,,
2023-12-04,,,,,,,13.05000019073486300,13.60000038146972700,12.64000034332275400,13.17000007629394500,201900,,,,,13.17000007629394500,,,,,,,,,,,,,,,,,,,,,,,,,,,,,,,,,,,,,,,,,,,,,,,,,,,,,,,,,,,,,,,,,,,,,,,,,,,,,,,,,,,,,,,,,,,,,,,,,,,,,,,,,,,,,,,,,,,,,,,,,,,,,,,,,,,,,,,,,,,,,0.7034045466204655,1.4829968558412006,,,,,,0.14261058352488387,,,,,,,,13.349951592282842,13.349951592282842,12.478342411756044,12.478342411756044,,,,,,,,,0.018391305162285595,,1.395159538197582,1.395159538197582,1.8475217628655614,1.8475217628655614,55.86777434767969,55.86777434767969,,13.434000015258789,13.434000015258789,13.185476166861397,13.185476166861397,,,,,,,,2659023.0154037476,,,,,,,,
2023-12-05,,,,,,,12.51000022888183600,14.14200019836425800,12.51000022888183600,13.36999988555908200,288100,,,,,13.36999988555908200,,,,,,,,,,,,,,,,,,,,,,,,,,,,,,,,,,,,,,,,,,,,,,,,,,,,,,,,,,,,,,,,,,,,,,,,,,,,,,,,,,,,,,,,,,,,,,,,,,,,,,,,,,,,,,,,,,,,,,,,,,,,,,,,,,,,,,,,,,,,,0.6832876254198902,1.4828711996064803,,,,,,0.1414526409354666,,,,,,,,13.356634356708255,13.356634356708255,12.559402182101774,12.559402182101774,,,,,,,,,0.0150718610061216,,1.2976884877579593,1.2976884877579593,1.737555107844041,1.737555107844041,56.74293942164781,56.74293942164781,,13.307999992370606,13.307999992370606,13.246666635785784,13.246666635785784,,,,,,,,3851896.9670295715,,,,,,,,
2023-12-06,,,,,,,13.35000038146972700,14.47500038146972700,11.46000003814697300,13.19999980926513700,373900,,,,,13.19999980926513700,,,,,,,,,,,,,,,,,,,,,,,,,,,,,,,,,,,,,,,,,,,,,,,,,,,,,,,,,,,,,,,,,,,,,,,,,,,,,,,,,,,,,,,,,,,,,,,,,,,,,,,,,,,,,,,,,,,,,,,,,,,,,,,,,,,,,,,,,,,,,0.5888080405146171,1.3643355458290978,,,,,,0.11013873493569483,,,,,,,,13.304422840893883,13.304422840893883,12.617638330025716,12.617638330025716,,,,,,,,,-0.012796567411607394,,1.1929725477062263,1.1929725477062263,1.628638595816478,1.628638595816478,55.73127301529932,55.73127301529932,,13.284000015258789,13.284000015258789,13.196666626703172,13.196666626703172,,,,,,,,4935479.928684235,,,,,,,,
2023-12-07,,,,,,,13.43999958038330000,13.80000019073486300,12.64999961853027300,13.18000030517578100,307300,,,,,13.18000030517578100,,,,,,,,,,,,,,,,,,,,,,,,,,,,,,,,,,,,,,,,,,,,,,,,,,,,,,,,,,,,,,,,,,,,,,,,,,,,,,,,,,,,,,,,,,,,,,,,,,,,,,,,,,,,,,,,,,,,,,,,,,,,,,,,,,,,,,,,,,,,,0.5115555737152845,1.3281347830977654,,,,,,0.10306787243804862,,,,,,,,13.262948662321183,13.262948662321183,12.668762145948449,12.668762145948449,,,,,,,,,-0.0015162629138934837,,1.0957396137473836,1.0957396137473836,1.522058799402659,1.522058799402659,55.605670200265635,55.605670200265635,,13.170000076293945,13.170000076293945,13.203809511093866,13.203809511093866,,,,,,,,4050214.0937805176,,,,,,,,
2023-12-08,,,,,,,13.19999980926513700,13.30000019073486300,12.11999988555908200,12.92000007629394500,279800,,,,,12.92000007629394500,,,,,,,,,,,,,,,,,,,,,,,,,,,,,,,,,,,,,,,,,,,,,,,,,,,,,,,,,,,,,,,,,,,,,,,,,,,,,,,,,,,,,,,,,,,,,,,,,,,,,,,,,,,,,,,,,,,,,,,,,,,,,,,,,,,,,,,,,,,,,0.26661379534704716,1.0516909510880026,,,,,,0.11637436667632865,,,,,,,,13.14863246697877,13.14863246697877,12.69160195779804,12.69160195779804,,,,,,,,,-0.019924047969260898,,0.9863321445098858,0.9863321445098858,1.4149134684241045,1.4149134684241045,53.90481570593044,53.90481570593044,,13.168000030517579,13.168000030517579,13.32333333151681,13.32333333151681,,,,,,,,3615016.021347046,,,,,,,,
2023-12-11,,,,,,,12.46000003814697300,12.80000019073486300,11.01099967956543000,11.80000019073486300,284600,,,,,11.80000019073486300,,,,,,,,,,,,,,,,,,,,,,,,,,,,,,,,,,,,,,,,,,,,,,,,,,,,,,,,,,,,,,,,,,,,,,,,,,,,,,,,,,,,,,,,,,,,,,,,,,,,,,,,,,,,,,,,,,,,,,,,,,,,,,,,,,,,,,,,,,,,,0.6447981271443538,1.0987345623776277,,,,,,0.09831011707903298,,,,,,,,12.699088374897467,12.699088374897467,12.610547251701387,12.610547251701387,,,,,,,,,-0.0906769566239695,,0.8000290692563041,0.8000290692563041,1.2919365885905443,1.2919365885905443,47.20632166825489,47.20632166825489,,12.894000053405762,12.894000053405762,13.36619050162179,13.36619050162179,,,,,,,,3358280.054283142,,,,,,,,
2023-12-12,,,,,,,11.60000038146972700,12.52000045776367200,11.25000000000000000,12.02999973297119100,348900,,,,,12.02999973297119100,,,,,,,,,,,,,,,,,,,,,,,,,,,,,,,,,,,,,,,,,,,,,,,,,,,,,,,,,,,,,,,,,,,,,,,,,,,,,,,,,,,,,,,,,,,,,,,,,,,,,,,,,,,,,,,,,,,,,,,,,,,,,,,,,,,,,,,,,,,,,0.660620037994208,0.7918192829178621,,,,,,0.0980062912664257,,,,,,,,12.476058827588709,12.476058827588709,12.557770204544097,12.557770204544097,,,,,,,,,0.01930396015408836,,0.6632955228484931,0.6632955228484931,1.1662083754421342,1.1662083754421342,48.61837506839183,48.61837506839183,,12.626000022888183,12.626000022888183,13.295714287530808,13.295714287530808,,,,,,,,4197266.906833649,,,,,,,,
2023-12-13,,,,,,,11.97999954223632800,12.27200031280517600,10.65999984741211000,11.10999965667724600,369600,,,,,11.10999965667724600,,,,,,,,,,,,,,,,,,,,,,,,,,,,,,,,,,,,,,,,,,,,,,,,,,,,,,,,,,,,,,,,,,,,,,,,,,,,,,,,,,,,,,,,,,,,,,,,,,,,,,,,,,,,,,,,,,,,,,,,,,,,,,,,,,,,,,,,,,,,,0.7687801456079316,0.8131378602080833,,,,,,0.05885229729367279,,,,,,,,12.020705770618221,12.020705770618221,12.426154700192566,12.426154700192566,,,,,,,,,-0.07955793504027876,,0.4752188576354648,0.4752188576354648,1.0280104718808003,1.0280104718808003,43.59545788735297,43.59545788735297,,12.207999992370606,12.207999992370606,13.217619033086867,13.217619033086867,,,,,,,,4106255.87310791,,,,,,,,
2023-12-14,,,,,,,11.85000038146972700,11.98999977111816400,11.14999961853027300,11.35000038146972700,205700,,,,,11.35000038146972700,,,,,,,,,,,,,,,,,,,,,,,,,,,,,,,,,,,,,,,,,,,,,,,,,,,,,,,,,,,,,,,,,,,,,,,,,,,,,,,,,,,,,,,,,,,,,,,,,,,,,,,,,,,,,,,,,,,,,,,,,,,,,,,,,,,,,,,,,,,,,0.8440827234639741,0.811184286531166,,,,,,0.028842777688867612,,,,,,,,11.797137307568724,11.797137307568724,12.32832248939958,12.32832248939958,,,,,,,,,0.02137220478767867,,0.341595102450464,0.341595102450464,0.890727397994733,0.890727397994733,45.18639608196815,45.18639608196815,,11.842000007629395,11.842000007629395,13.135238102504186,13.135238102504186,,,,,,,,2334695.0784683228,,,,,,,,
2023-12-15,,,,,,,11.93999958038330000,12.19999980926513700,10.81000041961670000,11.44999980926513700,276000,,,,,11.44999980926513700,,,,,,,,,,,,,,,,,,,,,,,,,,,,,,,,,,,,,,,,,,,,,,,,,,,,,,,,,,,,,,,,,,,,,,,,,,,,,,,,,,,,,,,,,,,,,,,,,,,,,,,,,,,,,,,,,,,,,,,,,,,,,,,,,,,,,,,,,,,,,0.8888394316484882,0.7125398887347779,,,,,,0.006087935099075149,,,,,,,,11.681424808134194,11.681424808134194,12.248474973023722,12.248474973023722,,,,,,,,,0.008771935805103142,,0.24098846681683028,0.24098846681683028,0.7607796117591524,0.7607796117591524,45.87146637791407,45.87146637791407,,11.547999954223632,11.547999954223632,12.990952400934129,12.990952400934129,,,,,,,,3160199.9473571777,,,,,,,,
2023-12-18,,,,,,,11.39000034332275400,12.19999980926513700,11.14099979400634800,11.25000000000000000,335400,,,,,11.25000000000000000,,,,,,,,,,,,,,,,,,,,,,,,,,,,,,,,,,,,,,,,,,,,,,,,,,,,,,,,,,,,,,,,,,,,,,,,,,,,,,,,,,,,,,,,,,,,,,,,,,,,,,,,,,,,,,,,,,,,,,,,,,,,,,,,,,,,,,,,,,,,,0.6683661975271079,0.6935790898917991,,,,,,-0.04183901298306537,,,,,,,,11.53761653875613,11.53761653875613,12.157704520930656,12.157704520930656,,,,,,,,,-0.01762158469175275,,0.14346489608765367,0.14346489608765367,0.6373166686248527,0.6373166686248527,44.66900857903832,44.66900857903832,,11.43799991607666,11.43799991607666,12.875238100687662,12.875238100687662,,,,,10.769699974060059,,,3773250,,,,,,,,
2023-12-19,,,,,,,11.07999992370605500,11.96000003814697300,10.68999958038330000,11.32999992370605500,213500,,,,,11.32999992370605500,,,,,,,,,,,,,,,,,,,,,,,,,,,,,,,,,,,,,,,,,,,,,,,,,,,,,,,,,,,,,,,,,,,,,,,,,,,,,,,,,,,,,,,,,,,,,,,,,,,,,,,,,,,,,,,,,,,,,,,,,,,,,,,,,,,,,,,,,,,,,0.6401741836269713,0.6838370669253061,,,,,,-0.03730270999625055,,,,,,,,11.468411000406105,11.468411000406105,12.082458648455692,12.082458648455692,,,,,,,,,0.0070859396556866554,,0.07180437280815433,0.07180437280815433,0.524214209461513,0.524214209461513,45.28683114019566,45.28683114019566,,11.297999954223632,11.297999954223632,12.791428565979004,12.791428565979004,,,,,10.89629997253418,,,2418954.9837112427,,,,,,,,
2023-12-20,,,,,,,11.19999980926513700,12.09000015258789000,10.57999992370605500,10.80000019073486300,313800,,,,,10.80000019073486300,,,,,,,,,,,,,,,,,,,,,,,,,,,,,,,,,,,,,,,,,,,,,,,,,,,,,,,,,,,,,,,,,,,,,,,,,,,,,,,,,,,,,,,,,,,,,,,,,,,,,,,,,,,,,,,,,,,,,,,,,,,,,,,,,,,,,,,,,,,,,0.4368696436759099,0.690817860334806,,,,,,-0.09077368680851283,,,,,,,,11.245607397182358,11.245607397182358,11.965871515935616,11.965871515935616,,,,,,,,,-0.0479079165153063,,-0.027437376241099543,-0.027437376241099543,0.41388389232099054,0.41388389232099054,41.94527245611354,41.94527245611354,,11.236000061035156,11.236000061035156,12.66999998546782,12.66999998546782,,,,,11.010299978256226,,,3389040.0598526,,,,,,,,
2023-12-21,,,,,,,11.25000000000000000,11.67000007629394500,11.11999988555908200,11.18999958038330000,303100,,,,,11.18999958038330000,,,,,,,,,,,,,,,,,,,,,,,,,,,,,,,,,,,,,,,,,,,,,,,,,,,,,,,,,,,,,,,,,,,,,,,,,,,,,,,,,,,,,,,,,,,,,,,,,,,,,,,,,,,,,,,,,,,,,,,,,,,,,,,,,,,,,,,,,,,,,0.49890940340539947,0.7086625388439675,,,,,,-0.13265533921830377,,,,,,,,11.227071458249338,11.227071458249338,11.895337703612679,11.895337703612679,,,,,,,,,0.03547433303376569,,-0.07376714425655173,-0.07376714425655173,0.31635368500548205,0.31635368500548205,45.15234081434929,45.15234081434929,,11.203999900817871,11.203999900817871,12.57238092876616,12.57238092876616,,,,,11.13009997367859,,,3391688.8728141785,,,,,,,,
2023-12-22,,,,,,,11.18999958038330000,11.50000000000000000,11.00000000000000000,11.11999988555908200,230200,,,,,11.11999988555908200,,,,,,,,,,,,,,,,,,,,,,,,,,,,,,,,,,,,,,,,,,,,,,,,,,,,,,,,,,,,,,,,,,,,,,,,,,,,,,,,,,,,,,,,,,,,,,,,,,,,,,,,,,,,,,,,,,,,,,,,,,,,,,,,,,,,,,,,,,,,,0.4881674689874602,0.7020487512416062,,,,,,-0.1414833809984593,,,,,,,,11.191380934019254,11.191380934019254,11.824852447425988,11.824852447425988,,,,,,,,,-0.006275206293588142,,-0.1148087655736525,-0.1148087655736525,0.23012119488965516,0.23012119488965516,44.67530057796655,44.67530057796655,,11.13799991607666,11.13799991607666,12.459523791358585,12.459523791358585,,,,,11.257699975967407,,,2559823.9736557007,,,,,,,,
2023-12-26,,,,,,,11.19999980926513700,11.43999958038330000,10.17000007629394500,10.94999980926513700,252800,,,,,10.94999980926513700,,,,,,,,,,,,,,,,,,,,,,,,,,,,,,,,,,,,,,,,,,,,,,,,,,,,,,,,,,,,,,,,,,,,,,,,,,,,,,,,,,,,,,,,,,,,,,,,,,,,,,,,,,,,,,,,,,,,,,,,,,,,,,,,,,,,,,,,,,,,,0.4850445036952963,0.6109402573866097,,,,,,-0.16892312683499833,,,,,,,,11.110920559101213,11.110920559101213,11.745320389411365,11.745320389411365,,,,,,,,,-0.015405839687186156,,-0.1592167796367221,-0.1592167796367221,0.1522535999843797,0.1522535999843797,43.47402608410732,43.47402608410732,,11.077999877929688,11.077999877929688,12.280952362787156,12.280952362787156,,,,,11.376499967575073,,,2768159.9517822266,,,,,,,,
2023-12-27,,,,,,,10.61999988555908200,11.46000003814697300,10.61999988555908200,10.77999973297119100,292700,,,,,10.77999973297119100,,,,,,,,,,,,,,,,,,,,,,,,,,,,,,,,,,,,,,,,,,,,,,,,,,,,,,,,,,,,,,,,,,,,,,,,,,,,,,,,,,,,,,,,,,,,,,,,,,,,,,,,,,,,,,,,,,,,,,,,,,,,,,,,,,,,,,,,,,,,,0.47490377722697125,0.5737231973402519,,,,,,-0.19884876100920243,,,,,,,,11.000613617057873,11.000613617057873,11.657563966098623,11.657563966098623,,,,,,,,,-0.015646898133711385,,-0.20575620665959704,-0.20575620665959704,0.08065163865558435,0.08065163865558435,42.250560024427806,42.250560024427806,,10.967999839782715,10.967999839782715,12.14285709744408,12.14285709744408,,,,,11.492299966812134,,,3155305.9218406677,,,,,,,,
2023-12-28,,,,,,,11.00000000000000000,11.49499988555908200,10.92000007629394500,11.14000034332275400,370500,,,,,11.14000034332275400,,,,,,,,,,,,,,,,,,,,,,,,,,,,,,,,,,,,,,,,,,,,,,,,,,,,,,,,,,,,,,,,,,,,,,,,,,,,,,,,,,,,,,,,,,,,,,,,,,,,,,,,,,,,,,,,,,,,,,,,,,,,,,,,,,,,,,,,,,,,,0.40989783997111134,0.5820160443521839,,,,,,-0.21358856431771944,,,,,,,,11.047075859146167,11.047075859146167,11.610512727664453,11.610512727664453,,,,,,,,,0.032849724607966785,,-0.2111559232260003,-0.2111559232260003,0.022290126279267422,0.022290126279267422,45.73339970086442,45.73339970086442,,11.035999870300293,11.035999870300293,12.006666637602306,12.006666637602306,,,,,11.616699972152709,,,4127370.1272010803,,,,,,,,
2023-12-29,,,,,,,8.19999980926513700,10.25000000000000000,5.19000005722045900,5.57999992370605500,715800,,,,,5.57999992370605500,,,,,,,,,,,,,,,,,,,,,,,,,,,,,,,,,,,,,,,,,,,,,,,,,,,,,,,,,,,,,,,,,,,,,,,,,,,,,,,,,,,,,,,,,,,,,,,,,,,,,,,,,,,,,,,,,,,,,,,,,,,,,,,,,,,,,,,,,,,,,4.910421494423623,2.4304390168532746,,,,,,-0.28200781529015384,,,,,,,,9.224717213999464,9.224717213999464,11.062284290940962,11.062284290940962,,,,,,,,,-0.6913535025975868,,-0.6565129320924523,-0.6565129320924523,-0.11347048539507652,-0.11347048539507652,22.83137064373099,22.83137064373099,,9.913999938964844,9.913999938964844,11.638095219930014,11.638095219930014,,,,,11.629899969100952,,,3994163.945388794,,,,,,,,
2024-01-02,,,,,,,5.51999998092651400,5.51999998092651400,4.86499977111816400,5.07000017166137700,281400,,,,,5.07000017166137700,,,,,,,,,,,,,,,,,,,,,,,,,,,,,,,,,,,,,,,,,,,,,,,,,,,,,,,,,,,,,,,,,,,,,,,,,,,,,,,,,,,,,,,,,,,,,,,,,,,,,,,,,,,,,,,,,,,,,,,,,,,,,,,,,,,,,,,,,,,,,4.797580773392047,2.4221992062177113,,,,,,-0.30391727394841755,,,,,,,,7.839811533220101,7.839811533220101,10.517531189188272,10.517531189188272,,,,,,,,,-0.09584791125911842,,-1.038641475588621,-1.038641475588621,-0.29850468343378544,-0.29850468343378544,21.755194716550147,21.755194716550147,,8.703999996185303,8.703999996185303,11.224761894771031,11.224761894771031,,,,,11.619299974441528,,,1426698.0483055115,,,,,,,,
2024-01-03,,,,,,,4.86999988555908200,5.09000015258789100,4.76000022888183600,4.82999992370605500,374400,,,,,4.82999992370605500,,,,,,,,,,,,,,,,,,,,,,,,,,,,,,,,,,,,,,,,,,,,,,,,,,,,,,,,,,,,,,,,,,,,,,,,,,,,,,,,,,,,,,,,,,,,,,,,,,,,,,,,,,,,,,,,,,,,,,,,,,,,,,,,,,,,,,,,,,,,,4.741444519366129,2.4216724899861624,,,,,,-0.3091496647425859,,,,,,,,6.836540996715419,6.836540996715419,10.000482892326252,10.000482892326252,,,,,,,,,-0.04849439959271764,,-1.345338884425777,-1.345338884425777,-0.5078715236321837,-0.5078715236321837,21.247633688895835,21.247633688895835,,7.480000019073486,7.480000019073486,10.83904759089152,10.83904759089152,,,,,11.60589997291565,,,1808351.9714355469,,,,,,,,
2024-01-04,,,,,,,4.59999990463256800,4.82999992370605500,4.01999998092651400,4.09999990463256800,407300,,,,,4.09999990463256800,,,,,,,,,,,,,,,,,,,,,,,,,,,,,,,,,,,,,,,,,,,,,,,,,,,,,,,,,,,,,,,,,,,,,,,,,,,,,,,,,,,,,,,,,,,,,,,,,,,,,,,,,,,,,,,,,,,,,,,,,,,,,,,,,,,,,,,,,,,,,4.563288026232573,2.441978734411783,,,,,,-0.35081792428725617,,,,,,,,5.924360632687802,5.924360632687802,9.464075347990462,9.464075347990462,,,,,,,,,-0.1638595014187206,,-1.6285309996011943,-1.6285309996011943,-0.7320034188259859,-0.7320034188259859,19.739121001998402,19.739121001998402,,6.144000053405762,6.144000053405762,10.407142820812407,10.407142820812407,,,,,11.558899974822998,,,1669929.961156845,,,,,,,,
2024-01-05,,,,,,,4.05000019073486300,4.21999979019165000,3.93000006675720200,3.95000004768371600,480000,,,,,3.95000004768371600,,,,,,,,,,,,,,,,,,,,,,,,,,,,,,,,,,,,,,,,,,,,,,,,,,,,,,,,,,,,,,,,,,,,,,,,,,,,,,,,,,,,,,,,,,,,,,,,,,,,,,,,,,,,,,,,,,,,,,,,,,,,,,,,,,,,,,,,,,,,,4.3672598485292315,2.429600537960823,,,,,,-0.4024099593125707,,,,,,,,5.26624043768644,5.26624043768644,8.962795775235303,8.962795775235303,,,,,,,,,-0.03727135946505547,,-1.84381220663653,-1.84381220663653,-0.9543651763880947,-0.9543651763880947,19.43380546567509,19.43380546567509,,4.7059999942779545,4.7059999942779545,9.9585713999612,9.9585713999612,,,,,11.490499978065492,,,1896000.0228881836,,,,,,,,
2024-01-08,,,,,,,3.98000001907348630,4.03200006484985350,3.73000001907348630,3.73000001907348630,399800,,,,,3.73000001907348630,,,,,,,,,,,,,,,,,,,,,,,,,,,,,,,,,,,,,,,,,,,,,,,,,,,,,,,,,,,,,,,,,,,,,,,,,,,,,,,,,,,,,,,,,,,,,,,,,,,,,,,,,,,,,,,,,,,,,,,,,,,,,,,,,,,,,,,,,,,,,0.8177807019623808,2.424038069049194,,,,,,-0.4658870338725576,,,,,,,,4.754160298148789,4.754160298148789,8.487087070129684,8.487087070129684,10.207222193006485,10.207222193006485,,,,,,,-0.057307352215597906,,-2.0090175738993734,-2.0090175738993734,-1.1652956558903504,-1.1652956558903504,18.970344784983574,18.970344784983574,,4.33600001335144,4.33600001335144,9.507619028999692,9.507619028999692,10.207222193006485,10.207222193006485,,,11.4142999792099,,,1491254.0076255798,2867356.129929376,,,,,,,
2024-01-09,,,,,,,3.73000001907348630,3.83999991416931150,3.45099997520446780,3.57999992370605470,384200,,,,,3.57999992370605470,,,,,,,,,,,,,,,,,,,,,,,,,,,,,,,,,,,,,,,,,,,,,,,,,,,,,,,,,,,,,,,,,,,,,,,,,,,,,,,,,,,,,,,,,,,,,,,,,,,,,,,,,,,,,,,,,,,,,,,,,,,,,,,,,,,,,,,,,,,,,0.8453049426391079,2.4158379182406917,2.0101312525168153,,,,,-0.47565001683633534,,,,,,,,4.362773506667877,4.362773506667877,8.040988238636627,8.040988238636627,10.000121497090847,10.000121497090847,,,,,,,-0.041045459667808516,,-2.127523010856561,-2.127523010856561,-1.3577411268835926,-1.3577411268835926,18.64387373327012,18.64387373327012,,4.037999963760376,4.037999963760376,9.05047615369161,9.05047615369161,10.184682509255788,10.184682509255788,,,11.295899977684021,,,1375435.9706878662,2889188.4469244215,,,,,,,
2024-01-10,,,,,,,3.57999992370605470,3.61999988555908200,3.18000006675720200,3.24000000953674300,380400,,,,,3.24000000953674300,,,,,,,,,,,,,,,,,,,,,,,,,,,,,,,,,,,,,,,,,,,,,,,,,,,,,,,,,,,,,,,,,,,,,,,,,,,,,,,,,,,,,,,,,,,,,,,,,,,,,,,,,,,,,,,,,,,,,,,,,,,,,,,,,,,,,,,,,,,,,0.84307244445103,2.414125932933195,2.018274025913612,,,,,-0.5211333249372351,,,,,,,,3.9885156742908325,3.9885156742908325,7.60453476326391,7.60453476326391,9.788867700604781,9.788867700604781,,,,,,,-0.0997894463537735,,-2.2232463747213496,-2.2232463747213496,-1.530842176451144,-1.530842176451144,17.892240229708236,17.892240229708236,,3.719999980926514,3.719999980926514,8.589523769560314,8.589523769560314,10.155158701397124,10.155158701397124,,,11.149099979400635,,,1232496.003627777,2594098.071913492,,,,,,,
2024-01-11,,,,,,,3.24000000953674300,3.42799997329711900,3.16000008583068850,3.40000009536743160,391900,,,,,3.40000009536743160,,,,,,,,,,,,,,,,,,,,,,,,,,,,,,,,,,,,,,,,,,,,,,,,,,,,,,,,,,,,,,,,,,,,,,,,,,,,,,,,,,,,,,,,,,,,,,,,,,,,,,,,,,,,,,,,,,,,,,,,,,,,,,,,,,,,,,,,,,,,,0.8559645486139507,2.443895141451672,2.020636694501155,,,,,-0.4666126411002683,,,,,,,,3.792343814649699,3.792343814649699,7.2223043389096855,7.2223043389096855,9.589215587941114,9.589215587941114,,,,,,,0.04820212692368266,,-2.2601436315893615,-2.2601436315893615,-1.6767024674787874,-1.6767024674787874,19.536220113534647,19.536220113534647,,3.5800000190734864,3.5800000190734864,8.189523765019008,8.189523765019008,10.126587277367001,10.126587277367001,,,10.94309998512268,,,1332460.0373744965,2569884.4233770217,,,,,,,
2024-01-12,,,,,,,3.43000006675720200,3.71000003814697270,3.15000009536743160,3.15000009536743160,419200,,,,,3.15000009536743160,,,,,,,,,,,,,,,,,,,,,,,,,,,,,,,,,,,,,,,,,,,,,,,,,,,,,,,,,,,,,,,,,,,,,,,,,,,,,,,,,,,,,,,,,,,,,,,,,,,,,,,,,,,,,,,,,,,,,,,,,,,,,,,,,,,,,,,,,,,,,0.8993839695317707,2.4275637280027653,2.0180895970132955,,,,,-0.5296142373905761,,,,,,,,3.5782292415556096,3.5782292415556096,6.852094862224026,6.852094862224026,9.387990103798186,9.387990103798186,,,,,,,-0.07637297655844359,,-2.2832381361829386,-2.2832381361829386,-1.7980096012196176,-1.7980096012196176,18.899473734852478,18.899473734852478,,3.4200000286102297,3.4200000286102297,7.766666639418829,7.766666639418829,10.10134918727572,10.10134918727572,,,10.790899982452393,,,1320480.0399780273,2577030.7103929063,,,,,,,
2024-01-16,,,,,,,3.17000007629394530,3.20000004768371600,2.95000004768371600,3.03999996185302730,63700,,,,,3.03999996185302730,,,,,,,,,,,,,,,,,,,,,,,,,,,,,,,,,,,,,,,,,,,,,,,,,,,,,,,,,,,,,,,,,,,,,,,,,,,,,,,,,,,,,,,,,,,,,,,,,,,,,,,,,,,,,,,,,,,,,,,,,,,,,,,,,,,,,,,,,,,,,0.8942782823058367,2.428753674274169,2.014948628129375,,,,,-0.5319545810605432,,,,,,,,3.398819481654749,3.398819481654749,6.505540780372117,6.505540780372117,9.1896154118624,9.1896154118624,,,,,,,-0.03554498024313233,,-2.284087252869279,-2.284087252869279,-1.8952251315495499,-1.8952251315495499,18.612026918533676,18.612026918533676,,3.282000017166138,3.282000017166138,7.382380939665294,7.382380939665294,10.070079341767327,10.070079341767327,,,10.634299983978272,,,193647.99757003784,2565686.8208067757,,,,,,,
2024-01-17,,,,,,,2.89000010490417500,3.16000008583068850,2.85999989509582500,3.09999990463256840,51500,,,,,3.09999990463256840,,,,,,,,,,,,,,,,,,,,,,,,,,,,,,,,,,,,,,,,,,,,,,,,,,,,,,,,,,,,,,,,,,,,,,,,,,,,,,,,,,,,,,,,,,,,,,,,,,,,,,,,,,,,,,,,,,,,,,,,,,,,,,,,,,,,,,,,,,,,,0.9918299841458426,2.42797402605476,2.0156853700985895,,,,,-0.5237932835414383,,,,,,,,3.2992129559806886,3.2992129559806886,6.195946155304885,6.195946155304885,8.999314927261468,8.999314927261468,,,,,,,0.019544577857628517,,-2.25393671064546,-2.25393671064546,-1.966967447368732,-1.966967447368732,19.332715327855794,19.332715327855794,,3.1860000133514403,3.1860000133514403,6.98952377410162,6.98952377410162,10.040079343886603,10.040079343886603,,,10.452699975967407,,,159649.99508857727,2554027.1705862074,,,,,,,
2024-01-18,,,,,,,3.07500004768371600,3.23000001907348630,3.00200009346008300,3.02999997138977050,33500,,,,,3.02999997138977050,,,,,,,,,,,,,,,,,,,,,,,,,,,,,,,,,,,,,,,,,,,,,,,,,,,,,,,,,,,,,,,,,,,,,,,,,,,,,,,,,,,,,,,,,,,,,,,,,,,,,,,,,,,,,,,,,,,,,,,,,,,,,,,,,,,,,,,,,,,,,0.7705788771906117,2.4188490070013096,2.015876112486181,,,,,-0.5432776791246007,,,,,,,,3.2094752944503826,3.2094752944503826,5.9081328658580565,5.9081328658580565,8.812773834890477,8.812773834890477,,,,,,,-0.022839470648454752,,-2.2102126427727136,-2.2102126427727136,-2.0156164864495283,-2.0156164864495283,19.119996182765945,19.119996182765945,,3.144000005722046,3.144000005722046,6.58857140086946,6.58857140086946,10.010079342221458,10.010079342221458,,,10.271599974632263,,,101504.99904155731,2537403.1226691743,,,,,,,
2024-01-19,,,,,,,2.92000007629394530,3.16000008583068850,2.92000007629394530,3.06999993324279800,42400,,,,,3.06999993324279800,,,,,,,,,,,,,,,,,,,,,,,,,,,,,,,,,,,,,,,,,,,,,,,,,,,,,,,,,,,,,,,,,,,,,,,,,,,,,,,,,,,,,,,,,,,,,,,,,,,,,,,,,,,,,,,,,,,,,,,,,,,,,,,,,,,,,,,,,,,,,0.6192641982834418,2.4284877367328597,2.0162501871670915,,,,,-0.5248812417343487,,,,,,,,3.162983507381188,3.162983507381188,5.650120781074851,5.650120781074851,8.633312150463988,8.633312150463988,,,,,,,0.013114929775130771,,-2.1475774058268984,-2.1475774058268984,-2.042008670325002,-2.042008670325002,19.66396095181726,19.66396095181726,,3.077999973297119,3.077999973297119,6.199047588166737,6.199047588166737,9.980714260585724,9.980714260585724,,,10.047999973297118,,,130167.99716949463,2525482.423994655,,,,,,,
2024-01-22,,,,,,,3.04999995231628400,3.29999995231628400,3.04999995231628400,3.14000010490417500,157600,,,,,3.14000010490417500,,,,,,,,,,,,,,,,,,,,,,,,,,,,,,,,,,,,,,,,,,,,,,,,,,,,,,,,,,,,,,,,,,,,,,,,,,,,,,,,,,,,,,,,,,,,,,,,,,,,,,,,,,,,,,,,,,,,,,,,,,,,,,,,,,,,,,,,,,,,,0.4233873778314505,2.434599227327072,1.9979910681260171,,,,,-0.536722943739291,,,,,,,,3.1553223732221833,3.1553223732221833,5.421927992332062,5.421927992332062,8.461646149040243,8.461646149040243,,,,,,,0.0225452934750457,,-2.0684463386191347,-2.0684463386191347,-2.0472962039838287,-2.0472962039838287,20.669488733194758,20.669488733194758,,3.0759999752044678,3.0759999752044678,5.809047596795218,5.809047596795218,9.941666644717019,9.941666644717019,,,9.850199980735779,,,494864.01653289795,2505728.5199653534,,,,,,,
2024-01-23,,,,,,,3.29999995231628400,3.44000005722045900,3.16000008583068850,3.22000002861022950,140300,,,,,3.22000002861022950,,,,,,,,,,,,,,,,,,,,,,,,,,,,,,,,,,,,,,,,,,,,,,,,,,,,,,,,,,,,,,,,,,,,,,,,,,,,,,,,,,,,,,,,,,,,,,,,,,,,,,,,,,,,,,,,,,,,,,,,,,,,,,,,,,,,,,,,,,,,,0.31300130416678834,2.452680090958253,1.999080855456673,,,,,-0.5287736538386552,,,,,,,,3.1768815916848654,3.1768815916848654,5.221752722902805,5.221752722902805,8.297844707776806,8.297844707776806,,,,,,,0.025158535112346943,,-1.9764952653986767,-1.9764952653986767,-2.0331360162667984,-2.0331360162667984,21.873026740245557,21.873026740245557,,3.111999988555908,3.111999988555908,5.448095208122616,5.448095208122616,9.905476168980675,9.905476168980675,,,9.706399984359741,,,451766.0040140152,2500633.535902084,,,,,,,
2024-01-24,,,,,,,3.11999988555908200,3.31999993324279800,3.11999988555908200,3.23000001907348630,140100,,,,,3.23000001907348630,,,,,,,,,,,,,,,,,,,,,,,,,,,,,,,,,,,,,,,,,,,,,,,,,,,,,,,,,,,,,,,,,,,,,,,,,,,,,,,,,,,,,,,,,,,,,,,,,,,,,,,,,,,,,,,,,,,,,,,,,,,,,,,,,,,,,,,,,,,,,0.30812348692668423,2.4397259972911467,1.9699775706323348,,,,,-0.5031870720496396,,,,,,,,3.1945877341477393,3.1945877341477393,5.040684295281958,5.040684295281958,8.139474561254827,8.139474561254827,,,,,,,0.0031007746981880084,,-1.8811319436602374,-1.8811319436602374,-2.002735201745486,-2.002735201745486,22.032258321499913,22.032258321499913,,3.138000011444092,3.138000011444092,5.069047609965007,5.069047609965007,9.854365061199854,9.854365061199854,,,9.552999992370605,,,452523.00267219543,2486080.9651586744,,,,,,,
2024-01-25,,,,,,,3.20000004768371600,3.30999994277954100,3.20000004768371600,3.24000000953674300,70000,,,,,3.24000000953674300,,,,,,,,,,,,,,,,,,,,,,,,,,,,,,,,,,,,,,,,,,,,,,,,,,,,,,,,,,,,,,,,,,,,,,,,,,,,,,,,,,,,,,,,,,,,,,,,,,,,,,,,,,,,,,,,,,,,,,,,,,,,,,,,,,,,,,,,,,,,,0.1654163322228209,2.4424987747562565,1.948299346463613,,,,,-0.4997675272434279,,,,,,,,3.209725159277407,3.209725159277407,4.8769857238505745,4.8769857238505745,7.986365981513637,7.986365981513637,,,,,,,0.0030911896080078717,,-1.7841819693420526,-1.7841819693420526,-1.9590245552647996,-1.9590245552647996,22.20301419953315,22.20301419953315,,3.1800000190734865,3.1800000190734865,4.69380952063061,4.69380952063061,9.788809507612198,9.788809507612198,,,9.347599987983704,,,226800.00066757202,2479152.3939041863,,,,,,,
2024-01-26,,,,,,,3.17000007629394530,3.32999992370605470,3.17000007629394530,3.19000005722045900,77600,,,,,3.19000005722045900,,,,,,,,,,,,,,,,,,,,,,,,,,,,,,,,,,,,,,,,,,,,,,,,,,,,,,,,,,,,,,,,,,,,,,,,,,,,,,,,,,,,,,,,,,,,,,,,,,,,,,,,,,,,,,,,,,,,,,,,,,,,,,,,,,,,,,,,,,,,,0.26423383015717417,2.4424660780492027,1.9469404905251155,,,,,-0.5356283858467028,,,,,,,,3.2031501252584245,3.2031501252584245,4.723623390520564,4.723623390520564,7.836479546379475,7.836479546379475,,,,,,,-0.01555239801347629,,-1.6918800543847508,-1.6918800543847508,-1.9055956550887898,-1.9055956550887898,21.944231186462282,21.944231186462282,,3.2040000438690184,3.2040000438690184,4.324285722914196,4.324285722914196,9.719761890078347,9.719761890078347,,,9.156399989128113,,,247544.00444030762,2477875.4733660864,,,,,,,
2024-01-29,,,,,,,3.22000002861022950,3.31999993324279800,3.14000010490417500,3.19000005722045900,86300,,,,,3.19000005722045900,,,,,,,,,,,,,,,,,,,,,,,,,,,,,,,,,,,,,,,,,,,,,,,,,,,,,,,,,,,,,,,,,,,,,,,,,,,,,,,,,,,,,,,,,,,,,,,,,,,,,,,,,,,,,,,,,,,,,,,,,,,,,,,,,,,,,,,,,,,,,0.2306019153915079,2.44654163620025,1.882675722978048,,,,,-0.5297237222107147,,,,,,,,3.1987667692457693,3.1987667692457693,4.5842030874932815,4.5842030874932815,7.691277062343255,7.691277062343255,,,,,,,0,,-1.6002830548668094,-1.6002830548668094,-1.8445331350443936,-1.8445331350443936,21.944231186462282,21.944231186462282,,3.214000034332275,3.214000034332275,3.962857166926066,3.962857166926066,9.619603160827879,9.619603160827879,,,8.958599991798401,,,275297.0049381256,2448844.4734444693,,,,,,,
2024-01-30,,,,,,,3.23000001907348630,3.26999998092651370,2.79099988937377930,2.89000010490417500,125800,,,,,2.89000010490417500,,,,,,,,,,,,,,,,,,,,,,,,,,,,,,,,,,,,,,,,,,,,,,,,,,,,,,,,,,,,,,,,,,,,,,,,,,,,,,,,,,,,,,,,,,,,,,,,,,,,,,,,,,,,,,,,,,,,,,,,,,,,,,,,,,,,,,,,,,,,,0.6954618791950443,2.4273784372827585,1.8722111492224416,,,,,-0.5520157918468511,,,,,,,,3.095844547798571,3.095844547798571,4.430184634530636,4.430184634530636,7.541237157423284,7.541237157423284,,,,,,,-0.09876439631083825,,-1.534213800103149,-1.534213800103149,-1.7824692680561447,-1.7824692680561447,20.29797470541905,20.29797470541905,,3.1480000495910643,3.1480000495910643,3.5700000127156577,3.5700000127156577,9.497539671640547,9.497539671640547,,,8.726800003051757,,,363562.01319694525,2414562.44219674,,,,,,,
2024-01-31,,,,,,,2.92000007629394530,3.26999998092651370,2.32999992370605470,2.50999999046325700,249300,,,,,2.50999999046325700,,,,,,,,,,,,,,,,,,,,,,,,,,,,,,,,,,,,,,,,,,,,,,,,,,,,,,,,,,,,,,,,,,,,,,,,,,,,,,,,,,,,,,,,,,,,,,,,,,,,,,,,,,,,,,,,,,,,,,,,,,,,,,,,,,,,,,,,,,,,,1.039705763786066,0.9107955097461442,1.799257265178444,,,,,-0.511205864058628,,,,,,,,2.9005630286867996,2.9005630286867996,4.255622394160874,4.255622394160874,7.384010995955784,7.384010995955784,,,,,,,-0.14097378907916952,,-1.4952796204562158,-1.4952796204562158,-1.7250313385361589,-1.7250313385361589,18.41361656473824,18.41361656473824,,3.0040000438690186,3.0040000438690186,3.423809539704096,3.423809539704096,9.31992062689766,9.31992062689766,,,8.503399996757507,,,625742.9976224899,2061444.8757849042,,,,,,,
2024-02-01,,,,,,,2.39000010490417500,2.61999988555908200,2.35999989509582500,2.40000009536743160,87200,,,,,2.40000009536743160,,,,,,,,,,,,,,,,,,,,,,,,,,,,,,,,,,,,,,,,,,,,,,,,,,,,,,,,,,,,,,,,,,,,,,,,,,,,,,,,,,,,,,,,,,,,,,,,,,,,,,,,,,,,,,,,,,,,,,,,,,,,,,,,,,,,,,,,,,,,,0.9346309632006572,0.8868268658152313,1.7461116891456672,,,,,-0.5231267568671704,,,,,,,,2.7337087175803436,2.7337087175803436,4.086929457906924,4.086929457906924,7.228260655312397,7.228260655312397,,,,,,,-0.04481397225386422,,-1.4565103303649094,-1.4565103303649094,-1.671327136901909,-1.671327136901909,17.895708278182145,17.895708278182145,,2.8360000610351563,2.8360000610351563,3.2966666789281938,3.2966666789281938,9.187222212079972,9.187222212079972,,,8.289599995613099,,,209280.00831604004,2032947.9228591162,,,,,,,
2024-02-02,,,,,,,2.38000011444091800,2.42000007629394530,2.31999993324279800,2.31999993324279800,21200,,,,,2.31999993324279800,,,,,,,,,,,,,,,,,,,,,,,,,,,,,,,,,,,,,,,,,,,,,,,,,,,,,,,,,,,,,,,,,,,,,,,,,,,,,,,,,,,,,,,,,,,,,,,,,,,,,,,,,,,,,,,,,,,,,,,,,,,,,,,,,,,,,,,,,,,,,0.8875207725353313,0.8855960047336513,1.7448493832708658,,,,,-0.520847061528773,,,,,,,,2.5958057894678284,2.5958057894678284,3.926299501119277,3.926299501119277,7.074877507747722,7.074877507747722,,,,,,,-0.03390162018676693,,-1.4159189014273625,-1.4159189014273625,-1.6202454898069998,-1.6202454898069998,17.509978943882494,17.509978943882494,,2.662000036239624,2.662000036239624,3.177142869858515,3.177142869858515,9.05150792712257,9.05150792712257,,,8.06899998664856,,,49183.998584747314,2005207.812025812,,,,,,,
2024-02-05,,,,,,,2.31999993324279800,2.31999993324279800,2.13000011444091800,2.18000006675720200,19800,,,,,2.18000006675720200,,,,,,,,,,,,,,,,,,,,,,,,,,,,,,,,,,,,,,,,,,,,,,,,,,,,,,,,,,,,,,,,,,,,,,,,,,,,,,,,,,,,,,,,,,,,,,,,,,,,,,,,,,,,,,,,,,,,,,,,,,,,,,,,,,,,,,,,,,,,,0.6953066939554698,0.7602668413955065,1.7235254439258116,,,,,-0.4905894430387284,,,,,,,,2.4572038818976196,2.4572038818976196,3.767545007086361,3.767545007086361,6.921912587716768,6.921912587716768,,,,,,,-0.06224224947999514,,-1.379148752418991,-1.379148752418991,-1.572026142329398,-1.572026142329398,16.826463908561504,16.826463908561504,,2.4600000381469727,2.4600000381469727,3.0857143061501637,3.0857143061501637,8.89277776460799,8.89277776460799,,,7.84779999256134,,,43164.0013217926,1985960.2877378464,,,,,,,
2024-02-06,,,,,,,2.35999989509582500,2.58999991416931150,2.23000001907348630,2.25000000000000000,7800,,,,,2.25000000000000000,,,,,,,,,,,,,,,,,,,,,,,,,,,,,,,,,,,,,,,,,,,,,,,,,,,,,,,,,,,,,,,,,,,,,,,,,,,,,,,,,,,,,,,,,,,,,,,,,,,,,,,,,,,,,,,,,,,,,,,,,,,,,,,,,,,,,,,,,,,,,0.9840774010648398,0.7889550974093996,1.7271378026282909,,,,,-0.4382836648747438,,,,,,,,2.38813592126508,2.38813592126508,3.62958637007851,3.62958637007851,6.775915319350619,6.775915319350619,,,,,,,0.0316053087927617,,-1.3290393959580902,-1.3290393959580902,-1.5234287930551365,-1.5234287930551365,18.538718633201142,18.538718633201142,,2.3320000171661377,2.3320000171661377,3.0047619229271296,3.0047619229271296,8.73666665289137,8.73666665289137,,,7.622999997138977,,,17550,1970988.7400706608,,,,,,,
2024-02-07,,,,,,,2.19000005722045900,2.42000007629394530,2.14000010490417500,2.23000001907348630,19000,,,,,2.23000001907348630,,,,,,,,,,,,,,,,,,,,,,,,,,,,,,,,,,,,,,,,,,,,,,,,,,,,,,,,,,,,,,,,,,,,,,,,,,,,,,,,,,,,,,,,,,,,,,,,,,,,,,,,,,,,,,,,,,,,,,,,,,,,,,,,,,,,,,,,,,,,,0.5785076161345434,0.7831618348637531,1.6832478079405435,,,,,-0.36211960676049565,,,,,,,,2.335423953867882,2.335423953867882,3.5023512472598712,3.5023512472598712,6.633855466216959,6.633855466216959,,,,,,,-0.00892862219116849,,-1.2762296206172419,-1.2762296206172419,-1.4739889585675576,-1.4739889585675576,18.422027656076725,18.422027656076725,,2.2760000228881836,2.2760000228881836,2.9333333514985585,2.9333333514985585,8.545873002400475,8.545873002400475,,,7.373600001335144,,,42370.00036239624,1926219.6130922863,,,,,,,
2024-02-08,,,,,,,2.21000003814697270,2.40000009536743160,2.21000003814697270,2.29999995231628400,34900,,,,,2.29999995231628400,,,,,,,,,,,,,,,,,,,,,,,,,,,,,,,,,,,,,,,,,,,,,,,,,,,,,,,,,,,,,,,,,,,,,,,,,,,,,,,,,,,,,,,,,,,,,,,,,,,,,,,,,,,,,,,,,,,,,,,,,,,,,,,,,,,,,,,,,,,,,0.6494518132476335,0.803405676959838,1.6830115291330092,,,,,-0.36171558039405777,,,,,,,,2.3236159533506826,2.3236159533506826,3.393046584083182,3.393046584083182,6.498422481407563,6.498422481407563,,,,,,,0.03090750817789317,,-1.2147264729477243,-1.2147264729477243,-1.422136461443591,-1.422136461443591,20.312628268095875,20.312628268095875,,2.2559999942779543,2.2559999942779543,2.8723809719085693,2.8723809719085693,8.375555545564682,8.375555545564682,,,7.145999994277954,,,80269.99833583832,1899034.5660300483,,,,,,,
2024-02-09,,,,,,,2.29999995231628400,2.44000005722045900,2.28999996185302730,2.33999991416931150,24800,,,,,2.33999991416931150,,,,,,,,,,,,,,,,,,,,,,,,,,,,,,,,,,,,,,,,,,,,,,,,,,,,,,,,,,,,,,,,,,,,,,,,,,,,,,,,,,,,,,,,,,,,,,,,,,,,,,,,,,,,,,,,,,,,,,,,,,,,,,,,,,,,,,,,,,,,,0.6245025521083883,0.7600366656053142,1.6368360199738716,,,,,-0.29998058841723885,,,,,,,,2.3290772736235588,2.3290772736235588,3.297315068636466,3.297315068636466,6.368471776181368,6.368471776181368,,,,,,,0.01724179048677462,,-1.149506329264553,-1.149506329264553,-1.3676104350077833,-1.3676104350077833,21.433131124165595,21.433131124165595,,2.259999990463257,2.259999990463257,2.82952382451012,2.82952382451012,8.247460308529082,8.247460308529082,,,6.91279999256134,,,58031.997871398926,1851788.8047975206,,,,,,,
2024-02-12,,,,,,,2.33999991416931150,2.49000000953674300,2.33999991416931150,2.46000003814697270,50100,,,,,2.46000003814697270,,,,,,,,,,,,,,,,,,,,,,,,,,,,,,,,,,,,,,,,,,,,,,,,,,,,,,,,,,,,,,,,,,,,,,,,,,,,,,,,,,,,,,,,,,,,,,,,,,,,,,,,,,,,,,,,,,,,,,,,,,,,,,,,,,,,,,,,,,,,,0.3470610645849752,0.7619696399012609,1.6375502672370805,,,,,-0.498973410671138,,,,,,,,2.3727181951313634,2.3727181951313634,3.2211955204101486,3.2211955204101486,6.246332034367793,6.246332034367793,,,,,,,0.05001047276134278,,-1.0757354794032863,-1.0757354794032863,-1.3092354438868838,-1.3092354438868838,24.847223711556502,24.847223711556502,,2.315999984741211,2.315999984741211,2.784761917023432,2.784761917023432,8.113492061221411,8.113492061221411,,,6.695599999427795,,,123246.00191116333,1818934.29810963,,,,,,,
2024-02-13,,,,,,,2.50000000000000000,2.53999996185302730,2.34999990463256840,2.41000008583068850,27500,,,,,2.41000008583068850,,,,,,,,,,,,,,,,,,,,,,,,,,,,,,,,,,,,,,,,,,,,,,,,,,,,,,,,,,,,,,,,,,,,,,,,,,,,,,,,,,,,,,,,,,,,,,,,,,,,,,,,,,,,,,,,,,,,,,,,,,,,,,,,,,,,,,,,,,,,,0.45672993003189166,0.7295412522989418,1.5643648098978686,,,,,-0.3593886071464772,,,,,,,,2.3851454920311386,2.3851454920311386,3.147450480902925,3.147450480902925,6.126446660976009,6.126446660976009,,,,,,,-0.02053458233421425,,-1.009667311412957,-1.009667311412957,-1.2493218173920986,-1.2493218173920986,24.371998394905244,24.371998394905244,,2.348000001907349,2.348000001907349,2.7495238213312057,2.7495238213312057,7.937301582760281,7.937301582760281,,,6.468800001144409,,,66275.00236034393,1804031.6153371145,,,,,,,
2024-02-14,,,,,,,2.36999988555908200,2.58999991416931150,2.07999992370605470,2.23000001907348630,198000,,,,,2.23000001907348630,,,,,,,,,,,,,,,,,,,,,,,,,,,,,,,,,,,,,,,,,,,,,,,,,,,,,,,,,,,,,,,,,,,,,,,,,,,,,,,,,,,,,,,,,,,,,,,,,,,,,,,,,,,,,,,,,,,,,,,,,,,,,,,,,,,,,,,,,,,,,0.801660283359896,0.7600331246153739,1.5664260390587499,,,,,-0.3686559837654875,,,,,,,,2.333430334378588,2.333430334378588,3.0640458934638852,3.0640458934638852,6.004682703416554,6.004682703416554,,,,,,,-0.07762518909179626,,-0.9607573012312165,-0.9607573012312165,-1.1916089141599222,-1.1916089141599222,22.689573123473824,22.689573123473824,,2.348000001907349,2.348000001907349,2.710952395484561,2.710952395484561,7.7703174560789074,7.7703174560789074,,,6.254799995422363,,,441540.0037765503,1799140.1868256312,,,,,,,
2024-02-15,,,,,,,2.50999999046325700,2.50999999046325700,2.10999989509582500,2.28999996185302730,74300,,,,,2.28999996185302730,,,,,,,,,,,,,,,,,,,,,,,,,,,,,,,,,,,,,,,,,,,,,,,,,,,,,,,,,,,,,,,,,,,,,,,,,,,,,,,,,,,,,,,,,,,,,,,,,,,,,,,,,,,,,,,,,,,,,,,,,,,,,,,,,,,,,,,,,,,,,0.7916105539176843,0.7643916634736598,1.5665650219599372,,,,,-0.38638907152768176,,,,,,,,2.3189535435367343,2.3189535435367343,2.9936780814992616,2.9936780814992616,5.888598867742695,5.888598867742695,,,,,,,0.02655020688292125,,-0.9067023713089077,-0.9067023713089077,-1.1346276055897193,-1.1346276055897193,24.559027093214258,24.559027093214258,,2.346000003814697,2.346000003814697,2.672380969637916,2.672380969637916,7.599047615414574,7.599047615414574,,,6.0371999931335445,,,170146.99716567993,1795508.551896943,,,,,,,
2024-02-16,,,,,,,2.33999991416931150,2.45000004768371600,2.20000004768371600,2.38000011444091800,78500,,,,,2.38000011444091800,,,,,,,,,,,,,,,,,,,,,,,,,,,,,,,,,,,,,,,,,,,,,,,,,,,,,,,,,,,,,,,,,,,,,,,,,,,,,,,,,,,,,,,,,,,,,,,,,,,,,,,,,,,,,,,,,,,,,,,,,,,,,,,,,,,,,,,,,,,,,0.8355575076759075,0.7851714532399274,1.5503830315429632,,,,,-0.3418294679756388,,,,,,,,2.3393024005047955,2.3393024005047955,2.9378891754030487,2.9378891754030487,5.778955156702014,5.778955156702014,,,,,,,0.03854873485971994,,-0.8468393528293303,-0.8468393528293303,-1.0770699550376415,-1.0770699550376415,27.395114696981246,27.395114696981246,,2.3540000438690187,2.3540000438690187,2.6414285954974948,2.6414285954974948,7.406984132433695,7.406984132433695,,,5.817399997711181,,,186830.00898361206,1761055.9500478562,,,,,,,
2024-02-20,,,,,,,2.40000009536743160,2.48000001907348630,2.25000000000000000,2.31999993324279800,85100,,,,,2.31999993324279800,,,,,,,,,,,,,,,,,,,,,,,,,,,,,,,,,,,,,,,,,,,,,,,,,,,,,,,,,,,,,,,,,,,,,,,,,,,,,,,,,,,,,,,,,,,,,,,,,,,,,,,,,,,,,,,,,,,,,,,,,,,,,,,,,,,,,,,,,,,,,0.7362227548686652,0.7813109949756384,1.5493347770013624,,,,,-0.3583368377157687,,,,,,,,2.3328682447507965,2.3328682447507965,2.881717426115753,2.881717426115753,5.6708628059689135,5.6708628059689135,,,,,,,-0.02553337886423942,,-0.7950738758502598,-0.7950738758502598,-1.020670739200165,-1.020670739200165,26.675146724316274,26.675146724316274,,2.3260000228881834,2.3260000228881834,2.6057143097832087,2.6057143097832087,7.226666666212536,7.226666666212536,,,5.599800000190735,,,197431.9943189621,1752811.505259408,,,,,,,
2024-02-21,,,,,,,2.25000000000000000,2.38499999046325700,2.16000008583068850,2.35999989509582500,56400,,,,,2.35999989509582500,,,,,,,,,,,,,,,,,,,,,,,,,,,,,,,,,,,,,,,,,,,,,,,,,,,,,,,,,,,,,,,,,,,,,,,,,,,,,,,,,,,,,,,,,,,,,,,,,,,,,,,,,,,,,,,,,,,,,,,,,,,,,,,,,,,,,,,,,,,,,0.7560355401958856,0.7783792976219521,1.5516095035520865,,,,,-0.32743436866929104,,,,,,,,2.341912128199139,2.341912128199139,2.834288559659396,2.834288559659396,5.56739834000413,5.56739834000413,,,,,,,0.017094417683034057,,-0.7422653271194051,-0.7422653271194051,-0.9649896567840132,-0.9649896567840132,28.033037769464283,28.033037769464283,,2.315999984741211,2.315999984741211,2.568571442649478,2.568571442649478,7.0563492018079,7.0563492018079,,,5.383399991989136,,,133103.99408340454,1741044.7113529085,,,,,,,
2024-02-22,,,,,,,2.29999995231628400,2.34999990463256840,2.17000007629394530,2.20000004768371600,42400,,,,,2.20000004768371600,,,,,,,,,,,,,,,,,,,,,,,,,,,,,,,,,,,,,,,,,,,,,,,,,,,,,,,,,,,,,,,,,,,,,,,,,,,,,,,,,,,,,,,,,,,,,,,,,,,,,,,,,,,,,,,,,,,,,,,,,,,,,,,,,,,,,,,,,,,,,0.7111279225944332,0.7885842679245255,1.550988205804011,,,,,-0.31484063197033973,,,,,,,,2.294608101360665,2.294608101360665,2.776625967661607,2.776625967661607,5.462167143369117,5.462167143369117,,,,,,,-0.07020419254790997,,-0.7051957644928417,-0.7051957644928417,-0.9130308783257788,-0.9130308783257788,25.961962359426394,25.961962359426394,,2.3099999904632567,2.3099999904632567,2.520000014986311,2.520000014986311,6.879365069525583,6.879365069525583,,,5.168999991416931,,,93280.00202178955,1721292.4885560595,,,,,,,
2024-02-23,,,,,,,2.20000004768371600,2.21000003814697270,1.96000003814697270,2.01999998092651370,74900,,,,,2.01999998092651370,,,,,,,,,,,,,,,,,,,,,,,,,,,,,,,,,,,,,,,,,,,,,,,,,,,,,,,,,,,,,,,,,,,,,,,,,,,,,,,,,,,,,,,,,,,,,,,,,,,,,,,,,,,,,,,,,,,,,,,,,,,,,,,,,,,,,,,,,,,,,0.8510779171174686,0.8175696797825348,1.5545365378315066,,,,,-0.3634777315811164,,,,,,,,2.2030720612159476,2.2030720612159476,2.707841787049326,2.707841787049326,5.354599419542785,5.354599419542785,,,,,,,-0.08535988006789277,,-0.6824752205866464,-0.6824752205866464,-0.8669197467779524,-0.8669197467779524,23.829062401046606,23.829062401046606,,2.2559999942779543,2.2559999942779543,2.4623809655507407,2.4623809655507407,6.701269834760636,6.701269834760636,,,4.973399987220764,,,151297.99857139587,1702804.2666722857,,,,,,,
2024-02-26,,,,,,,2.14000010490417500,2.14000010490417500,2.01999998092651370,2.01999998092651370,20900,,,,,2.01999998092651370,,,,,,,,,,,,,,,,,,,,,,,,,,,,,,,,,,,,,,,,,,,,,,,,,,,,,,,,,,,,,,,,,,,,,,,,,,,,,,,,,,,,,,,,,,,,,,,,,,,,,,,,,,,,,,,,,,,,,,,,,,,,,,,,,,,,,,,,,,,,,0.7000870035310436,0.8164269110016191,1.5526110035005276,,,,,-0.376924063178957,,,,,,,,2.1420480344528032,2.1420480344528032,2.6453107137654337,2.6453107137654337,5.2503931870860265,5.2503931870860265,,,,,,,0,,-0.656896729257443,-0.656896729257443,-0.8249151432738505,-0.8249151432738505,23.829062401046606,23.829062401046606,,2.1839999675750734,2.1839999675750734,2.4042857260931108,2.4042857260931108,6.519206346027435,6.519206346027435,,,4.773199992179871,,,42217.999601364136,1677907.632179109,,,,,,,
2024-02-27,,,,,,,2.02999997138977050,2.07999992370605470,2.00000000000000000,2.00999999046325700,42800,,,,,2.00999999046325700,,,,,,,,,,,,,,,,,,,,,,,,,,,,,,,,,,,,,,,,,,,,,,,,,,,,,,,,,,,,,,,,,,,,,,,,,,,,,,,,,,,,,,,,,,,,,,,,,,,,,,,,,,,,,,,,,,,,,,,,,,,,,,,,,,,,,,,,,,,,,0.7282063102530326,0.8183839549794394,1.5355506000388166,,,,,-0.3678259254064465,,,,,,,,2.098032019789621,2.098032019789621,2.587555193465236,2.587555193465236,5.149130899691565,5.149130899691565,,,,,,,-0.00496278464445737,,-0.6301683181475015,-0.6301683181475015,-0.7859657782485807,-0.7859657782485807,23.70359138692336,23.70359138692336,,2.121999979019165,2.121999979019165,2.34809524672372,2.34809524672372,6.317777777475024,6.317777777475024,,,4.591199998855591,,,86027.99959182739,1617439.8234511178,,,,,,,
2024-02-28,,,,,,,2.01099991798400900,2.12400007247924800,1.87999999523162840,2.01999998092651370,57800,,,,,2.01999998092651370,,,,,,,,,,,,,,,,,,,,,,,,,,,,,,,,,,,,,,,,,,,,,,,,,,,,,,,,,,,,,,,,,,,,,,,,,,,,,,,,,,,,,,,,,,,,,,,,,,,,,,,,,,,,,,,,,,,,,,,,,,,,,,,,,,,,,,,,,,,,,0.6839021029364067,0.8202429754271611,1.5350413439710378,,,,,-0.3417977825691558,,,,,,,,2.072021340168585,2.072021340168585,2.535959265052625,2.535959265052625,5.051345558480157,5.051345558480157,,,,,,,0.004962784644457254,,-0.601248129940108,-0.601248129940108,-0.7490222485868862,-0.7490222485868862,24.133790512121315,24.133790512121315,,2.053999996185303,2.053999996185303,2.2923809573763894,2.2923809573763894,6.132698407248845,6.132698407248845,,,4.404599990844726,,,116755.99889755249,1561359.377696779,,,,,,,
2024-02-29,,,,,,,2.00000000000000000,2.10999989509582500,1.90999996662139900,1.92999994754791260,95900,,,,,1.92999994754791260,,,,,,,,,,,,,,,,,,,,,,,,,,,,,,,,,,,,,,,,,,,,,,,,,,,,,,,,,,,,,,,,,,,,,,,,,,,,,,,,,,,,,,,,,,,,,,,,,,,,,,,,,,,,,,,,,,,,,,,,,,,,,,,,,,,,,,,,,,,,,0.61399456800551,0.776873623911735,1.5314572351841675,,,,,-0.3513993487496803,,,,,,,,2.0246808759616943,2.0246808759616943,2.480872054370378,2.480872054370378,4.953803508138525,4.953803508138525,,,,,,,-0.04557752623124693,,-0.5789175221275928,-0.5789175221275928,-0.7150013032950274,-0.7150013032950274,22.883214136949658,22.883214136949658,,1.9999999761581422,1.9999999761581422,2.246666664168948,2.246666664168948,5.941111104828971,5.941111104828971,,,4.214199993610382,,,185086.99496984482,1514919.4887280464,,,,,,,
2024-03-01,,,,,,,1.92999994754791260,2.05299997329711900,1.83000004291534420,2.00000000000000000,66900,,,,,2.00000000000000000,,,,,,,,,,,,,,,,,,,,,,,,,,,,,,,,,,,,,,,,,,,,,,,,,,,,,,,,,,,,,,,,,,,,,,,,,,,,,,,,,,,,,,,,,,,,,,,,,,,,,,,,,,,,,,,,,,,,,,,,,,,,,,,,,,,,,,,,,,,,,0.46118555286400803,0.6602771312831719,1.536819138880954,,,,,-0.2461657123142611,,,,,,,,2.016453917307796,2.016453917307796,2.4371564130639802,2.4371564130639802,4.861497148509196,4.861497148509196,,,,,,,0.03562720482039889,,-0.5492406312284177,-0.5492406312284177,-0.6818491688817055,-0.6818491688817055,26.091120464411762,26.091120464411762,,1.9959999799728394,1.9959999799728394,2.2223809503373646,2.2223809503373646,5.761428569990491,5.761428569990491,,,4.029199993610382,,,133800,1462156.4423665167,,,,,,,
2024-03-04,,,,,,,1.95000004768371580,2.09899997711181640,1.60000002384185800,1.62999999523162840,289900,,,,,1.62999999523162840,,,,,,,,,,,,,,,,,,,,,,,,,,,,,,,,,,,,,,,,,,,,,,,,,,,,,,,,,,,,,,,,,,,,,,,,,,,,,,,,,,,,,,,,,,,,,,,,,,,,,,,,,,,,,,,,,,,,,,,,,,,,,,,,,,,,,,,,,,,,,1.5068253717035087,0.9375965834814154,1.5704694388849827,,,,,-0.3504031874475084,,,,,,,,1.887635943282407,1.887635943282407,2.363778556897403,2.363778556897403,4.760512862469271,4.760512862469271,,,,,,,-0.2045671686666557,,-0.5492460232834819,-0.5492460232834819,-0.6553285397620608,-0.6553285397620608,21.09586091356367,21.09586091356367,,1.9179999828338623,1.9179999828338623,2.1857142789023265,2.1857142789023265,5.56904761753385,5.56904761753385,,,3.8351999950408935,,,472536.9986176491,1401867.3471064796,,,,,,,
2024-03-05,,,,,,,1.72000002861022950,1.85000002384185800,1.70000004768371580,1.84000003337860100,51600,,,,,1.84000003337860100,,,,,,,,,,,,,,,,,,,,,,,,,,,,,,,,,,,,,,,,,,,,,,,,,,,,,,,,,,,,,,,,,,,,,,,,,,,,,,,,,,,,,,,,,,,,,,,,,,,,,,,,,,,,,,,,,,,,,,,,,,,,,,,,,,,,,,,,,,,,,1.9171892315809174,1.0522449293117409,1.5996278299472222,,,,,-0.2964524635933988,,,,,,,,1.871757306647805,1.871757306647805,2.3161623274866026,2.3161623274866026,4.6692468365601885,4.6692468365601885,,,,,,,0.12118557786814851,,-0.5262388940922951,-0.5262388940922951,-0.6295106106281076,-0.6295106106281076,29.362056948687453,29.362056948687453,,1.8839999914169312,1.8839999914169312,2.162857140813555,2.162857140813555,5.393015867187863,5.393015867187863,,,3.6559999918937685,,,94944.00172233582,1370105.2987295485,,,,,,,
2024-03-06,,,,,,,1.84000003337860100,1.89999997615814200,1.58000004291534420,1.63999998569488530,119000,,,,,1.63999998569488530,,,,,,,,,,,,,,,,,,,,,,,,,,,,,,,,,,,,,,,,,,,,,,,,,,,,,,,,,,,,,,,,,,,,,,,,,,,,,,,,,,,,,,,,,,,,,,,,,,,,,,,,,,,,,,,,,,,,,,,,,,,,,,,,,,,,,,,,,,,,,2.014796804504274,1.0994875660944352,1.605156264626112,,,,,-0.31988875038387393,,,,,,,,1.794504866330165,1.794504866330165,2.2546930236873557,2.2546930236873557,4.574582872470647,4.574582872470647,,,,,,,-0.11506935664796214,,-0.5181707608478467,-0.5181707608478467,-0.6072426406720555,-0.6072426406720555,26.513242473362293,26.513242473362293,,1.8079999923706054,1.8079999923706054,2.137142851239159,2.137142851239159,5.20999999273391,5.20999999273391,,,3.465,,,195159.99829769135,1330996.3619500871,,,,,,,
2024-03-07,,,,,,,1.64999997615814200,1.65600001811981200,1.39999997615814200,1.62999999523162840,282800,,,,,1.62999999523162840,,,,,,,,,,,,,,,,,,,,,,,,,,,,,,,,,,,,,,,,,,,,,,,,,,,,,,,,,,,,,,,,,,,,,,,,,,,,,,,,,,,,,,,,,,,,,,,,,,,,,,,,,,,,,,,,,,,,,,,,,,,,,,,,,,,,,,,,,,,,,2.029411502708018,1.0876674417266208,1.6031316030088312,,,,,-0.1413222886553766,,,,,,,,1.7396699092973196,1.7396699092973196,2.1979027483731985,2.1979027483731985,4.482564657556928,4.482564657556928,,,,,,,-0.006116221220186404,,-0.5067422139742188,-0.5067422139742188,-0.5871425553324882,-0.5871425553324882,26.375448029514537,26.375448029514537,,1.7480000019073487,1.7480000019073487,2.107619041488284,2.107619041488284,5.023650788125538,5.023650788125538,,,3.275200002193451,,,460963.9986515045,1277172.0291186892,,,,,,,
2024-03-08,,,,,,,1.61000001430511470,1.89999997615814200,1.60000002384185800,1.88999998569488530,143000,,,,,1.88999998569488530,,,,,,,,,,,,,,,,,,,,,,,,,,,,,,,,,,,,,,,,,,,,,,,,,,,,,,,,,,,,,,,,,,,,,,,,,,,,,,,,,,,,,,,,,,,,,,,,,,,,,,,,,,,,,,,,,,,,,,,,,,,,,,,,,,,,,,,,,,,,,2.3953555416336183,1.226344596208641,1.6432846537428853,,,,,-0.0590399612903362,,,,,,,,1.7897799347631749,1.7897799347631749,2.1699115881297155,2.1699115881297155,4.401547011561239,4.401547011561239,,,,,,,0.14799680960941763,,-0.47127264423314763,-0.47127264423314763,-0.56396857311262,-0.56396857311262,35.72835675283006,35.72835675283006,,1.7259999990463257,1.7259999990463257,2.0914285637083507,2.0914285637083507,4.8441269814022005,4.8441269814022005,,,3.094000005722046,,,270269.9979543686,1203121.0778372628,,,,,,,
2024-03-11,,,,,,,1.95000004768371580,2.49000000953674300,1.73000001907348630,2.47000002861022950,725900,,,,,2.47000002861022950,,,,,,,,,,,,,,,,,,,,,,,,,,,,,,,,,,,,,,,,,,,,,,,,,,,,,,,,,,,,,,,,,,,,,,,,,,,,,,,,,,,,,,,,,,,,,,,,,,,,,,,,,,,,,,,,,,,,,,,,,,,,,,,,,,,,,,,,,,,,,2.3404570026791522,1.5517134461535795,1.7476706752711264,,,,,0.22094020725240476,,,,,,,,2.0165199660455264,2.0165199660455264,2.1971923554461257,2.1971923554461257,4.34118616834402,4.34118616834402,,,,,,,0.26764134072026735,,-0.3918446571751515,-0.3918446571751515,-0.5295437899251263,-0.5295437899251263,50.756685455168295,50.756685455168295,,1.8940000057220459,1.8940000057220459,2.099523805436634,2.099523805436634,4.674126977012271,4.674126977012271,,,2.927800011634827,,,1792973.0207681656,1167291.8544561143,,,,,,,
2024-03-12,,,,,,,2.49000000953674300,2.75000000000000000,2.19000005722045900,2.65000009536743160,442000,,,,,2.65000009536743160,,,,,,,,,,,,,,,,,,,,,,,,,,,,,,,,,,,,,,,,,,,,,,,,,,,,,,,,,,,,,,,,,,,,,,,,,,,,,,,,,,,,,,,,,,,,,,,,,,,,,,,,,,,,,,,,,,,,,,,,,,,,,,,,,,,,,,,,,,,,,2.3160777963422814,1.5684952219067647,1.7583593357842822,,,,,0.28711776287173224,,,,,,,,2.227680009152828,2.227680009152828,2.2383566954389718,2.2383566954389718,4.2883366035635015,4.2883366035635015,,,,,,,0.07034151376286558,,-0.3107903069220139,-0.3107903069220139,-0.4857930933245038,-0.4857930933245038,54.326036829565396,54.326036829565396,,2.056000018119812,2.056000018119812,2.1142857188270208,2.1142857188270208,4.511111104299152,4.511111104299152,,,2.7580000066757204,,,1171300.0421524048,1128502.7119292154,,,,,,,
2024-03-13,,,,,,,2.65000009536743160,2.96000003814697270,2.50000000000000000,2.81999993324279800,2417900,,,,,2.81999993324279800,,,,,,,,,,,,,,,,,,,,,,,,,,,,,,,,,,,,,,,,,,,,,,,,,,,,,,,,,,,,,,,,,,,,,,,,,,,,,,,,,,,,,,,,,,,,,,,,,,,,,,,,,,,,,,,,,,,,,,,,,,,,,,,,,,,,,,,,,,,,,1.6578161629127983,1.5733628003532285,1.7617773923360227,,,,,0.3309179540393768,,,,,,,,2.4251199838494846,2.4251199838494846,2.2912333534211378,2.2912333534211378,4.24245108261598,4.24245108261598,,,,,,,0.06217718529141514,,-0.23018317584562897,-0.23018317584562897,-0.43467110982872886,-0.43467110982872886,57.462058261249986,57.462058261249986,,2.2920000076293947,2.2920000076293947,2.1314285709744407,2.1314285709744407,4.368571417672293,4.368571417672293,,,2.7028000068664553,,,6818477.838587762,1183426.486283257,,,,,,,
2024-03-14,,,,,,,2.75000000000000000,3.04999995231628400,2.75000000000000000,3.00000000000000000,2926700,,,,,3.00000000000000000,,,,,,,,,,,,,,,,,,,,,,,,,,,,,,,,,,,,,,,,,,,,,,,,,,,,,,,,,,,,,,,,,,,,,,,,,,,,,,,,,,,,,,,,,,,,,,,,,,,,,,,,,,,,,,,,,,,,,,,,,,,,,,,,,,,,,,,,,,,,,1.4142922954756227,1.581396965714289,1.7679513366715358,,,,,0.451731236567287,,,,,,,,2.6167466558996564,2.6167466558996564,2.355666684928307,2.355666684928307,4.20362448628423,4.20362448628423,,,,,,,0.06187542739085431,,-0.1500472908923811,-0.1500472908923811,-0.3777463460414593,-0.3777463460414593,60.5506401948033,60.5506401948033,,2.5660000085830688,2.5660000085830688,2.1595238049825034,2.1595238049825034,4.2252380885775125,4.2252380885775125,,,2.6614000034332275,,,8780100,1256169.8687144688,,,,,,,
2024-03-15,,,,,,,2.98000001907348630,3.03999996185302730,2.79999995231628400,2.94000005722045900,1032500,,,,,2.94000005722045900,,,,,,,,,,,,,,,,,,,,,,,,,,,,,,,,,,,,,,,,,,,,,,,,,,,,,,,,,,,,,,,,,,,,,,,,,,,,,,,,,,,,,,,,,,,,,,,,,,,,,,,,,,,,,,,,,,,,,,,,,,,,,,,,,,,,,,,,,,,,,1.6956637469416034,1.553372960037141,1.7640843921122566,,,,,0.4382160080965424,,,,,,,,2.7244977896732574,2.7244977896732574,2.40878790059123,2.40878790059123,4.164136222875988,4.164136222875988,,,,,,,-0.020202687854778488,,-0.09033914522888953,-0.09033914522888953,-0.32026490587894535,-0.32026490587894535,59.012522090340916,59.012522090340916,,2.7760000228881836,2.7760000228881836,2.1933333306085494,2.1933333306085494,4.095555555252802,4.095555555252802,,,2.6236000061035156,,,3035550.059080124,1239174.5383330754,,,,,,,
2024-03-18,,,,,,,2.71000003814697270,2.72000002861022950,0.85000002384185790,0.97000002861022950,5620800,,,,,0.97000002861022950,,,,,,,,,,,,,,,,,,,,,,,,,,,,,,,,,,,,,,,,,,,,,,,,,,,,,,,,,,,,,,,,,,,,,,,,,,,,,,,,,,,,,,,,,,,,,,,,,,,,,,,,,,,,,,,,,,,,,,,,,,,,,,,,,,,,,,,,,,,,,8.202360943456393,4.1833025424987795,2.7984867307860264,,,,,-0.06080938936164561,,,,,,,,2.1396652026522482,2.1396652026522482,2.277989003138412,2.277989003138412,4.064319466805182,4.064319466805182,,,,,,,-1.1088687788029583,,-0.199680752530059,-0.199680752530059,-0.2961480752091681,-0.2961480752091681,31.088743216684353,31.088743216684353,,2.4760000228881838,2.4760000228881838,2.130476190930321,2.130476190930321,3.9307936448899525,3.9307936448899525,,,2.561000008583069,,,5452176.160812378,1288658.3650369493,,,,,,,
2024-03-19,,,,,,,0.93999999761581420,0.99000000953674320,0.64999997615814210,0.96200001239776610,2716400,,,,,0.96200001239776610,,,,,,,,,,,,,,,,,,,,,,,,,,,,,,,,,,,,,,,,,,,,,,,,,,,,,,,,,,,,,,,,,,,,,,,,,,,,,,,,,,,,,,,,,,,,,,,,,,,,,,,,,,,,,,,,,,,,,,,,,,,,,,,,,,,,,,,,,,,,,8.064834708457571,4.175233102728805,2.797510109249964,,,,,0.07752918576074684,,,,,,,,1.7471101392340873,1.7471101392340873,2.1583536403438077,2.1583536403438077,3.967371983854951,3.967371983854951,,,,,,,-0.008281637439312812,,-0.28370986777692675,-0.28370986777692675,-0.2936604337227198,-0.2936604337227198,31.02454178570085,31.02454178570085,,2.1384000062942503,2.1384000062942503,2.062952376547314,2.062952376547314,3.76431745763809,3.76431745763809,,,2.50124000787735,,,2613176.833677292,1279975.4584706018,,,,,,,
2024-03-20,,,,,,,0.91900002956390380,0.94999998807907100,0.81199997663497920,0.89999997615814210,714300,,,,,0.89999997615814210,,,,,,,,,,,,,,,,,,,,,,,,,,,,,,,,,,,,,,,,,,,,,,,,,,,,,,,,,,,,,,,,,,,,,,,,,,,,,,,,,,,,,,,,,,,,,,,,,,,,,,,,,,,,,,,,,,,,,,,,,,,,,,,,,,,,,,,,,,,,,7.847275851956701,4.175476488888525,2.79768228311381,,,,,0.08762962241240148,,,,,,,,1.464740084875439,1.464740084875439,2.0439578526905655,2.0439578526905655,3.8715166086144257,3.8715166086144257,,,,,,,-0.06661972671984004,,-0.3512573556301759,-0.3512573556301759,-0.305179818104211,-0.305179818104211,30.498874303864365,30.498874303864365,,1.7544000148773193,1.7544000148773193,1.9953333309718542,1.9953333309718542,3.600031742973933,3.600031742973933,,,2.444640007019043,,,642869.9829697609,1230286.8867717092,,,,,,,
2024-03-21,,,,,,,0.87999999523162840,0.90799999237060550,0.81999999284744260,0.83499997854232790,503700,,,,,0.83499997854232790,,,,,,,,,,,,,,,,,,,,,,,,,,,,,,,,,,,,,,,,,,,,,,,,,,,,,,,,,,,,,,,,,,,,,,,,,,,,,,,,,,,,,,,,,,,,,,,,,,,,,,,,,,,,,,,,,,,,,,,,,,,,,,,,,,,,,,,,,,,,,7.584082295474948,4.170376032986969,2.796871166855647,,,,,0.06505808987841469,,,,,,,,1.2548267160977353,1.2548267160977353,1.934052591404362,1.934052591404362,3.7766254639246726,3.7766254639246726,,,,,,,-0.07496303768031291,,-0.40536142876512016,-0.40536142876512016,-0.32521614023639284,-0.32521614023639284,29.926386683117357,29.926386683117357,,1.3214000105857848,1.3214000105857848,1.9227142873264493,1.9227142873264493,3.4334444422570485,3.4334444422570485,,,2.3897400081157683,,,420589.48919177055,1198566.7995571145,,,,,,,
2024-03-22,,,,,,,0.81900000572204590,0.89999997615814210,0.76599997282028200,0.89999997615814210,545800,,,,,0.89999997615814210,,,,,,,,,,,,,,,,,,,,,,,,,,,,,,,,,,,,,,,,,,,,,,,,,,,,,,,,,,,,,,,,,,,,,,,,,,,,,,,,,,,,,,,,,,,,,,,,,,,,,,,,,,,,,,,,,,,,,,,,,,,,,,,,,,,,,,,,,,,,,7.797410997891658,4.191549653246901,2.8064872106536027,,,,,0.09371205722996817,,,,,,,,1.1365511361178708,1.1365511361178708,1.8400478082001601,1.8400478082001601,3.6867309174319685,3.6867309174319685,,,,,,,0.074963037680313,,-0.4379459713970473,-0.4379459713970473,-0.34776210646852374,-0.34776210646852374,31.3148356295629,31.3148356295629,,0.9133999943733215,0.9133999943733215,1.860809522015708,1.860809522015708,3.276301581708212,3.276301581708212,,,2.3429400074481963,,,491219.98698711395,1152569.6555433765,,,,,,,
2024-03-25,,,,,,,0.85900002717971800,1.02999997138977050,0.83999997377395630,1.00999999046325680,855400,,,,,1.00999999046325680,,,,,,,,,,,,,,,,,,,,,,,,,,,,,,,,,,,,,,,,,,,,,,,,,,,,,,,,,,,,,,,,,,,,,,,,,,,,,,,,,,,,,,,,,,,,,,,,,,,,,,,,,,,,,,,,,,,,,,,,,,,,,,,,,,,,,,,,,,,,,1.3450237648478938,4.223256158638297,2.8196607607636657,,,,,0.12630262923963279,,,,,,,,1.094367420899666,1.094367420899666,1.7645889156786234,1.7645889156786234,3.603083075964196,3.603083075964196,,,,,,,0.11531086355962804,,-0.4497094042678409,-0.4497094042678409,-0.36815156602838717,-0.36815156602838717,33.70868128556601,33.70868128556601,,0.921399986743927,0.921399986743927,1.8127142843746005,1.8127142843746005,3.114714286630116,3.114714286630116,,,2.2951400053501128,,,863953.9918422699,1112446.8796549335,,,,,,,
2024-03-26,,,,,,,0.95999997854232790,0.97500002384185790,0.89999997615814210,0.91500002145767210,566900,,,,,0.91500002145767210,,,,,,,,,,,,,,,,,,,,,,,,,,,,,,,,,,,,,,,,,,,,,,,,,,,,,,,,,,,,,,,,,,,,,,,,,,,,,,,,,,,,,,,,,,,,,,,,,,,,,,,,,,,,,,,,,,,,,,,,,,,,,,,,,,,,,,,,,,,,,1.5519244625271251,4.227389486962133,2.821476158139746,,,,,0.1071018826313029,,,,,,,,1.0345782877523348,1.0345782877523348,1.687353561658537,1.687353561658537,3.5190804805108673,3.5190804805108673,,,,,,,-0.09878151166645614,,-0.46137922066257975,-0.46137922066257975,-0.3867970969552257,-0.3867970969552257,32.650315028749795,32.650315028749795,,0.9119999885559082,0.9119999885559082,1.760095238685608,1.760095238685608,2.9527301618031094,2.9527301618031094,,,2.2504400038719177,,,518713.5121643544,1080048.3009011026,,,,,,,
2024-03-27,,,,,,,0.93099999427795410,0.93699997663497920,0.86000001430511470,0.90700000524520870,328500,,,,,0.90700000524520870,,,,,,,,,,,,,,,,,,,,,,,,,,,,,,,,,,,,,,,,,,,,,,,,,,,,,,,,,,,,,,,,,,,,,,,,,,,,,,,,,,,,,,,,,,,,,,,,,,,,,,,,,,,,,,,,,,,,,,,,,,,,,,,,,,,,,,,,,,,,,1.4712510672756545,4.227037421718676,2.8217385458571704,,,,,0.11071230831280722,,,,,,,,0.9920521935832928,0.9920521935832928,1.6164123292573254,1.6164123292573254,3.4374529656588155,3.4374529656588155,,,,,,,-0.00878163282836182,,-0.4659025342803911,-0.4659025342803911,-0.40261818442025876,-0.40261818442025876,32.55761095087493,32.55761095087493,,0.9133999943733215,0.9133999943733215,1.7075714298657008,1.7075714298657008,2.7933174665012057,2.7933174665012057,,,2.2077800047397615,,,297949.5017230511,1040838.6112176237,,,,,,,
2024-03-28,,,,,,,0.87999999523162840,0.89999997615814210,0.82099997997283940,0.82300001382827760,284300,,,,,0.82300001382827760,,,,,,,,,,,,,,,,,,,,,,,,,,,,,,,,,,,,,,,,,,,,,,,,,,,,,,,,,,,,,,,,,,,,,,,,,,,,,,,,,,,,,,,,,,,,,,,,,,,,,,,,,,,,,,,,,,,,,,,,,,,,,,,,,,,,,,,,,,,,,1.5503920295925733,4.228799080133237,2.8236442027250757,,,,,0.09607139805473351,,,,,,,,0.9357014669982877,0.9357014669982877,1.5442839369455936,1.5442839369455936,3.355751310914111,3.355751310914111,,,,,,,-0.0971862384188159,,-0.4708378643870881,-0.4708378643870881,-0.41626212041362465,-0.41626212041362465,31.544836355002083,31.544836355002083,,0.9110000014305115,0.9110000014305115,1.6505714314324516,1.6505714314324516,2.6352698519116355,2.6352698519116355,,,2.1622400069236756,,,233978.90393137935,994468.3410920794,,,,,,,
2024-04-01,,,,,,,0.86000001430511470,0.86000001430511470,0.77999997138977050,0.79000002145767210,263400,,,,,0.79000002145767210,,,,,,,,,,,,,,,,,,,,,,,,,,,,,,,,,,,,,,,,,,,,,,,,,,,,,,,,,,,,,,,,,,,,,,,,,,,,,,,,,,,,,,,,,,,,,,,,,,,,,,,,,,,,,,,,,,,,,,,,,,,,,,,,,,,,,,,,,,,,,1.3941699743497078,4.228790700915199,2.8196717056918876,,,,,0.08951940174079889,,,,,,,,0.8871343184847492,0.8871343184847492,1.4757126719012372,1.4757126719012372,3.2755715831185976,3.2755715831185976,,,,,,,-0.04092324485667397,,-0.47197138036478115,-0.47197138036478115,-0.4274039724038559,-0.4274039724038559,31.13507642483579,31.13507642483579,,0.8890000104904174,0.8890000104904174,1.5962857206662495,1.5962857206662495,2.4709841325169517,2.4709841325169517,,,2.1174400079250337,,,208086.00565195087,932257.482019871,,,,,,,
2024-04-02,,,,,,,0.85000002384185790,0.85000002384185790,0.79199999570846560,0.81199997663497920,228300,,,,,0.81199997663497920,,,,,,,,,,,,,,,,,,,,,,,,,,,,,,,,,,,,,,,,,,,,,,,,,,,,,,,,,,,,,,,,,,,,,,,,,,,,,,,,,,,,,,,,,,,,,,,,,,,,,,,,,,,,,,,,,,,,,,,,,,,,,,,,,,,,,,,,,,,,,0.876214097245552,4.226984425703086,2.4945957167837913,,,,,0.08380213993004272,,,,,,,,0.8620895378681592,0.8620895378681592,1.4153751541497592,1.4153751541497592,3.1985849704159843,3.1985849704159843,,,,,,,0.027467338764344113,,-0.4657258892748719,-0.4657258892748719,-0.43506835577805913,-0.43506835577805913,31.7713742983062,31.7713742983062,,0.849400007724762,0.849400007724762,1.539714290982201,1.539714290982201,2.395301593674554,2.395301593674554,,,2.072280008792877,,,185379.59466576576,871800.5875639499,,,,,,,
2024-04-03,,,,,,,0.80000001192092900,0.83300000429153440,0.80000001192092900,0.82999998331069950,165200,,,,,0.82999998331069950,,,,,,,,,,,,,,,,,,,,,,,,,,,,,,,,,,,,,,,,,,,,,,,,,,,,,,,,,,,,,,,,,,,,,,,,,,,,,,,,,,,,,,,,,,,,,,,,,,,,,,,,,,,,,,,,,,,,,,,,,,,,,,,,,,,,,,,,,,,,,0.8145255692264685,4.190511518497564,2.493194202386029,,,,,0.10294077589542484,,,,,,,,0.8513930196823393,0.8513930196823393,1.3621592295280265,1.3621592295280265,3.1245666895689443,3.1245666895689443,,,,,,,0.02192536929603107,,-0.4540893827399868,-0.4540893827399868,-0.43887256117044465,-0.43887256117044465,32.32236356463898,32.32236356463898,,0.8324000000953674,0.8324000000953674,1.5016190523192996,1.5016190523192996,2.328000003383273,2.328000003383273,,,2.0260800063610076,,,137115.99724292758,851331.0311978771,,,,,,,
2024-04-04,,,,,,,0.81999999284744260,0.96399998664855960,0.81300002336502080,0.92000001668930050,531400,,,,,0.92000001668930050,,,,,,,,,,,,,,,,,,,,,,,,,,,,,,,,,,,,,,,,,,,,,,,,,,,,,,,,,,,,,,,,,,,,,,,,,,,,,,,,,,,,,,,,,,,,,,,,,,,,,,,,,,,,,,,,,,,,,,,,,,,,,,,,,,,,,,,,,,,,,1.201461162492868,4.182572456255616,2.506674836493261,,,,,0.10889939588444031,,,,,,,,0.8742620186846597,0.8742620186846597,1.3219629374517787,1.3219629374517787,3.0556739810414553,3.0556739810414553,,,,,,,0.10294800750057743,,-0.43261816404296627,-0.43261816404296627,-0.437621681744949,-0.437621681744949,35.14263247521646,35.14263247521646,,0.8350000023841858,0.8350000023841858,1.4578095277150471,1.4578095277150471,2.265936512795706,2.265936512795706,,,1.9800800061225892,,,488888.0088686943,830387.158776181,,,,,,,
2024-04-05,,,,,,,0.89200001955032350,0.92000001668930050,0.89099997282028200,0.91799998283386230,135600,,,,,0.91799998283386230,,,,,,,,,,,,,,,,,,,,,,,,,,,,,,,,,,,,,,,,,,,,,,,,,,,,,,,,,,,,,,,,,,,,,,,,,,,,,,,,,,,,,,,,,,,,,,,,,,,,,,,,,,,,,,,,,,,,,,,,,,,,,,,,,,,,,,,,,,,,,0.8372275919744395,4.172935520916928,2.4914280986537944,,,,,0.11774010956230423,,,,,,,,0.8888413400677272,0.8888413400677272,1.2852390324865135,1.2852390324865135,2.988871668597468,2.988871668597468,,,,,,,-0.0021763162626359874,,-0.411025409484846,-0.411025409484846,-0.4323024272929284,-0.4323024272929284,35.10761973651352,35.10761973651352,,0.8539999961853028,0.8539999961853028,1.4234285751978557,1.4234285751978557,2.2154285775290594,2.2154285775290594,,,1.9338400053977967,,,124480.79767227173,805856.2196732514,,,,,,,
2024-04-08,,,,,,,0.91000002622604370,1.01999998092651370,0.89399999380111690,1.00999999046325680,425400,,,,,1.00999999046325680,,,,,,,,,,,,,,,,,,,,,,,,,,,,,,,,,,,,,,,,,,,,,,,,,,,,,,,,,,,,,,,,,,,,,,,,,,,,,,,,,,,,,,,,,,,,,,,,,,,,,,,,,,,,,,,,,,,,,,,,,,,,,,,,,,,,,,,,,,,,,0.7483369464877586,4.194331837650634,2.502627849815648,,,,,0.12310460006920634,,,,,,,,0.929227556866237,0.929227556866237,1.2602173013934903,1.2602173013934903,2.927031928655774,2.927031928655774,,,,,,,0.0955082284719913,,-0.3820849269918387,-0.3820849269918387,-0.42225892723271047,-0.42225892723271047,38.159717605735146,38.159717605735146,,0.8979999899864197,0.8979999899864197,1.3939047654469807,1.3939047654469807,2.1687619099541315,2.1687619099541315,,,1.889240005016327,,,429653.99594306946,782580.8859122178,,,,,,,
2024-04-09,,,,,,,0.98000001907348630,1.02999997138977050,0.95999997854232790,1.00000000000000000,269200,,,,,1.00000000000000000,,,,,,,,,,,,,,,,,,,,,,,,,,,,,,,,,,,,,,,,,,,,,,,,,,,,,,,,,,,,,,,,,,,,,,,,,,,,,,,,,,,,,,,,,,,,,,,,,,,,,,,,,,,,,,,,,,,,,,,,,,,,,,,,,,,,,,,,,,,,,0.8559935438475181,4.1487350329632005,2.5016772136792955,,,,,0.11801026029159387,,,,,,,,0.952818371244158,0.952818371244158,1.2365611830849912,1.2365611830849912,2.866812180885281,2.866812180885281,,,,,,,-0.00995032141084811,,-0.3558542356511747,-0.3558542356511747,-0.4089779889164033,-0.4089779889164033,37.95077748819642,37.95077748819642,,0.9355999946594238,0.9355999946594238,1.3515238137472243,1.3515238137472243,2.1254285763180447,2.1254285763180447,,,1.8454400038719176,,,269200,763183.2032514943,,,,,,,
2024-04-10,,,,,,,1.01999998092651370,1.02999997138977050,0.92900002002716060,0.99000000953674320,364900,,,,,0.99000000953674320,,,,,,,,,,,,,,,,,,,,,,,,,,,,,,,,,,,,,,,,,,,,,,,,,,,,,,,,,,,,,,,,,,,,,,,,,,,,,,,,,,,,,,,,,,,,,,,,,,,,,,,,,,,,,,,,,,,,,,,,,,,,,,,,,,,,,,,,,,,,,0.9293704805649555,4.006534564530351,2.5014305205013367,,,,,0.09133453482940375,,,,,,,,0.9652122506750198,0.9652122506750198,1.2141465309442412,1.2141465309442412,2.8081618005306392,2.8081618005306392,,,,,,,-0.010050326220427473,,-0.33204552531409126,-0.33204552531409126,-0.3935914961959409,-0.3935914961959409,37.728308896747386,37.728308896747386,,0.9675999999046325,0.9675999999046325,1.2810476223627727,1.2810476223627727,2.0843174665693254,2.0843174665693254,,,1.8014400029182434,,,361251.00347995764,747085.0291688291,,,,,,,
2024-04-11,,,,,,,0.97600001096725460,1.01999998092651370,0.96200001239776610,0.99699997901916500,109900,,,,,0.99699997901916500,,,,,,,,,,,,,,,,,,,,,,,,,,,,,,,,,,,,,,,,,,,,,,,,,,,,,,,,,,,,,,,,,,,,,,,,,,,,,,,,,,,,,,,,,,,,,,,,,,,,,,,,,,,,,,,,,,,,,,,,,,,,,,,,,,,,,,,,,,,,,0.7136524835170849,3.9898313093430176,2.496771022325371,,,,,0.08033446742030936,,,,,,,,0.9758081601230681,0.9758081601230681,1.194405935314689,1.194405935314689,2.7515629936084056,2.7515629936084056,,,,,,,0.007045796156161597,,-0.3090495806147693,-0.3090495806147693,-0.3766831130797066,-0.3766831130797066,38.002280145375366,38.002280145375366,,0.9829999923706054,0.9829999923706054,1.2023333311080933,1.2023333311080933,2.048714291481745,2.048714291481745,,,1.7635800004005433,,,109570.29769420624,729260.811614328,,,,,,,
2024-04-12,,,,,,,0.99000000953674320,1.00000000000000000,0.89999997615814210,0.89999997615814210,298800,,,,,0.89999997615814210,,,,,,,,,,,,,,,,,,,,,,,,,,,,,,,,,,,,,,,,,,,,,,,,,,,,,,,,,,,,,,,,,,,,,,,,,,,,,,,,,,,,,,,,,,,,,,,,,,,,,,,,,,,,,,,,,,,,,,,,,,,,,,,,,,,,,,,,,,,,,1.1160187526185583,3.974015163082419,2.498528825450318,,,,,0.023434257124942997,,,,,,,,0.9505387654680928,0.9505387654680928,1.1676417572095483,1.1676417572095483,2.693701649313085,2.693701649313085,,,,,,,-0.10235601208451406,,-0.2952487742482055,-0.2952487742482055,-0.36039624531340636,-0.36039624531340636,35.66092539027924,35.66092539027924,,0.9793999910354614,0.9793999910354614,1.1109047617231096,1.1109047617231096,2.009031749906994,2.009031749906994,,,1.7313800001144408,,,268919.99287605286,712379.2236064161,,,,,,,
2024-04-15,,,,,,,0.89999997615814210,0.93000000715255740,0.82999998331069950,0.82999998331069950,214100,,,,,0.82999998331069950,,,,,,,,,,,,,,,,,,,,,,,,,,,,,,,,,,,,,,,,,,,,,,,,,,,,,,,,,,,,,,,,,,,,,,,,,,,,,,,,,,,,,,,,,,,,,,,,,,,,,,,,,,,,,,,,,,,,,,,,,,,,,,,,,,,,,,,,,,,,,0.7767664953556319,3.952106842966049,2.4989589784301347,,,,,-0.10650035367500923,,,,,,,,0.9103591714156284,0.9103591714156284,1.1369470504914712,1.1369470504914712,2.6354609722505105,2.6354609722505105,,,,,,,-0.08096905615030459,,-0.28665556328504427,-0.28665556328504427,-0.34564810890773395,-0.34564810890773395,34.03144589507333,34.03144589507333,,0.94339998960495,0.94339998960495,1.0075714275950478,1.0075714275950478,1.9722063513029189,1.9722063513029189,,,1.6999799978733063,,,177702.99642682078,694239.9054548097,,,,,,,
2024-04-16,,,,,,,0.85900002717971800,0.85900002717971800,0.83099997043609620,0.85399997234344480,67900,,,,,0.85399997234344480,,,,,,,,,,,,,,,,,,,,,,,,,,,,,,,,,,,,,,,,,,,,,,,,,,,,,,,,,,,,,,,,,,,,,,,,,,,,,,,,,,,,,,,,,,,,,,,,,,,,,,,,,,,,,,,,,,,,,,,,,,,,,,,,,,,,,,,,,,,,,0.905482595850076,3.962060729011011,2.500744170955998,,,,,-0.12169835541376568,,,,,,,,0.8915727717249006,0.8915727717249006,1.1112245888416505,1.1112245888416505,2.5797903160034146,2.5797903160034146,,,,,,,0.028505480720791877,,-0.27474173148753334,-0.27474173148753334,-0.3314668334236938,-0.3314668334236938,35.1259689312112,35.1259689312112,,0.9141999840736389,0.9141999840736389,0.9082380902199518,0.9082380902199518,1.9375079387710208,1.9375079387710208,,,1.6706599986553192,,,57986.5981221199,692086.5499080174,,,,,,,
2024-04-17,,,,,,,0.83200001716613770,0.87800002098083500,0.82999998331069950,0.87800002098083500,68500,,,,,0.87800002098083500,,,,,,,,,,,,,,,,,,,,,,,,,,,,,,,,,,,,,,,,,,,,,,,,,,,,,,,,,,,,,,,,,,,,,,,,,,,,,,,,,,,,,,,,,,,,,,,,,,,,,,,,,,,,,,,,,,,,,,,,,,,,,,,,,,,,,,,,,,,,,0.9970749412784191,1.0610261703309323,2.5013247035424406,,,,,0.3227262190955626,,,,,,,,0.8870485214768786,0.8870485214768786,1.0900223553997581,1.0900223553997581,2.526609369283959,2.526609369283959,,,,,,,0.02771545612743951,,-0.2603620390883521,-0.2603620390883521,-0.31724587455662545,-0.31724587455662545,36.26478389689996,36.26478389689996,,0.8917999863624573,0.8917999863624573,0.903857137475695,0.903857137475695,1.9022380993479775,1.9022380993479775,,,1.644619997739792,,,60143.0014371872,690507.0738183127,,,,,,,
2024-04-18,,,,,,,0.85299998521804810,0.89700001478195190,0.83099997043609620,0.87999999523162840,61800,,,,,0.87999999523162840,,,,,,,,,,,,,,,,,,,,,,,,,,,,,,,,,,,,,,,,,,,,,,,,,,,,,,,,,,,,,,,,,,,,,,,,,,,,,,,,,,,,,,,,,,,,,,,,,,,,,,,,,,,,,,,,,,,,,,,,,,,,,,,,,,,,,,,,,,,,,0.9882496000608502,1.0612130355415044,2.5017141062647665,,,,,0.125344929066309,,,,,,,,0.884699012728462,0.884699012728462,1.070929413566292,1.070929413566292,2.4751528263448237,2.4751528263448237,,,,,,,0.002275284522364224,,-0.245969267449747,-0.245969267449747,-0.3029905531352498,-0.3029905531352498,36.365031749605755,36.365031749605755,,0.8683999896049499,0.8683999896049499,0.8999523747534979,0.8999523747534979,1.8681111155994354,1.8681111155994354,,,1.6172199976444244,,,54383.99970531464,689759.1214478962,,,,,,,
2024-04-19,,,,,,,0.85399997234344480,0.88999998569488530,0.83799999952316280,0.88899999856948850,123000,,,,,0.88899999856948850,,,,,,,,,,,,,,,,,,,,,,,,,,,,,,,,,,,,,,,,,,,,,,,,,,,,,,,,,,,,,,,,,,,,,,,,,,,,,,,,,,,,,,,,,,,,,,,,,,,,,,,,,,,,,,,,,,,,,,,,,,,,,,,,,,,,,,,,,,,,,0.7194132548574906,1.03741421943198,2.501564644433261,,,,,0.1246734573118212,,,,,,,,0.8861326746754707,0.8861326746754707,1.0543903758393098,1.0543903758393098,2.4255855504768444,2.4255855504768444,,,,,,,0.010175331851132084,,-0.2311718618546601,-0.2311718618546601,-0.28862681487913183,-0.28862681487913183,36.84642115991752,36.84642115991752,,0.8661999940872193,0.8661999940872193,0.8994285662968954,0.8994285662968954,1.8334920690173195,1.8334920690173195,,,1.5903999972343446,,,109346.99982404709,689428.6294265399,,,,,,,
2024-04-22,,,,,,,0.83600002527236940,0.92000001668930050,0.83600002527236940,0.91900002956390380,140200,,,,,0.91900002956390380,,,,,,,,,,,,,,,,,,,,,,,,,,,,,,,,,,,,,,,,,,,,,,,,,,,,,,,,,,,,,,,,,,,,,,,,,,,,,,,,,,,,,,,,,,,,,,,,,,,,,,,,,,,,,,,,,,,,,,,,,,,,,,,,,,,,,,,,,,,,,0.21235921730660004,1.0069160598194795,2.50238517378267,,,,,0.20968048432182476,,,,,,,,0.8970884596382818,0.8970884596382818,1.0420821625415455,1.0420821625415455,2.378504752948315,2.378504752948315,,,,,,,0.03318892062055142,,-0.21455085087485615,-0.21455085087485615,-0.2738116220782767,-0.2738116220782767,38.51607335442026,38.51607335442026,,0.8840000033378601,0.8840000033378601,0.9034285687264942,0.9034285687264942,1.7982380995674738,1.7982380995674738,,,1.562779998779297,,,128843.80414485933,683618.7847854599,,,,,,,
2024-04-23,,,,,,,0.88599997758865360,0.94999998807907100,0.85000002384185790,0.87000000476837160,199600,,,,,0.87000000476837160,,,,,,,,,,,,,,,,,,,,,,,,,,,,,,,,,,,,,,,,,,,,,,,,,,,,,,,,,,,,,,,,,,,,,,,,,,,,,,,,,,,,,,,,,,,,,,,,,,,,,,,,,,,,,,,,,,,,,,,,,,,,,,,,,,,,,,,,,,,,,0.5562719116060778,0.9928376517300401,2.501694164493406,,,,,0.10569285408207071,,,,,,,,0.8880589746816451,0.8880589746816451,1.0264383300167115,1.0264383300167115,2.331363979567692,2.331363979567692,,,,,,,-0.05479293739581545,,-0.20299250122052404,-0.20299250122052404,-0.25964779790672615,-0.25964779790672615,36.80452737384159,36.80452737384159,,0.8872000098228454,0.8872000098228454,0.9019999986603147,0.9019999986603147,1.7609365118874445,1.7609365118874445,,,1.533380000591278,,,173652.00095176697,679204.2768003448,,,,,,,
2024-04-24,,,,,,,0.85000002384185790,0.88899999856948850,0.85000002384185790,0.87099999189376830,104000,,,,,0.87099999189376830,,,,,,,,,,,,,,,,,,,,,,,,,,,,,,,,,,,,,,,,,,,,,,,,,,,,,,,,,,,,,,,,,,,,,,,,,,,,,,,,,,,,,,,,,,,,,,,,,,,,,,,,,,,,,,,,,,,,,,,,,,,,,,,,,,,,,,,,,,,,,0.5144534355416966,0.8976313352306752,2.501621497661721,,,,,-0.013052918648374096,,,,,,,,0.8823726470856862,0.8823726470856862,1.012307572005535,1.012307572005535,2.2857276049528816,2.2857276049528816,,,,,,,0.0011487504161764644,,-0.1915437382594568,-0.1915437382594568,-0.2460269859772723,-0.2460269859772723,36.86618565116789,36.86618565116789,,0.8858000040054321,0.8858000040054321,0.8953809511093866,0.8953809511093866,1.7234920670115759,1.7234920670115759,,,1.501599999666214,,,90583.99915695192,673459.2132524839,,,,,,,
2024-04-25,,,,,,,0.87999999523162840,0.94499999284744260,0.85100001096725460,0.87999999523162840,145200,,,,,0.87999999523162840,,,,,,,,,,,,,,,,,,,,,,,,,,,,,,,,,,,,,,,,,,,,,,,,,,,,,,,,,,,,,,,,,,,,,,,,,,,,,,,,,,,,,,,,,,,,,,,,,,,,,,,,,,,,,,,,,,,,,,,,,,,,,,,,,,,,,,,,,,,,,0.5213455509366995,0.8344857274707375,2.5019418765041097,,,,,0.04855321523553917,,,,,,,,0.8815817631343336,0.8815817631343336,1.0002796104806344,1.0002796104806344,2.2417986171490925,2.2417986171490925,,,,,,,0.010279934507955573,,-0.17967312612045017,-0.17967312612045017,-0.23275621400590787,-0.23275621400590787,37.45762839978432,37.45762839978432,,0.8858000040054321,0.8858000040054321,0.8937142831938607,0.8937142831938607,1.686031749324193,1.686031749324193,,,1.4709999978542327,,,127775.99930763246,671887.403707088,,,,,,,
2024-04-26,,,,,,,0.87800002098083500,0.92000001668930050,0.85100001096725460,0.87999999523162840,32700,,,,,0.87999999523162840,,,,,,,,,,,,,,,,,,,,,,,,,,,,,,,,,,,,,,,,,,,,,,,,,,,,,,,,,,,,,,,,,,,,,,,,,,,,,,,,,,,,,,,,,,,,,,,,,,,,,,,,,,,,,,,,,,,,,,,,,,,,,,,,,,,,,,,,,,,,,0.5137837654923253,0.8341219859349464,2.502264986151374,,,,,0.03358247953390658,,,,,,,,0.8810545071667651,0.8810545071667651,0.989345100003452,0.989345100003452,2.199242410214172,2.199242410214172,,,,,,,0,,-0.16832523198167892,-0.16832523198167892,-0.2198700176010621,-0.2198700176010621,37.45762839978432,37.45762839978432,,0.8840000033378601,0.8840000033378601,0.8924285684313092,0.8924285684313092,1.6493650816735768,1.6493650816735768,,,1.4439999973773956,,,28775.999844074253,668414.895697624,,,,,,,
2024-04-29,,,,,,,0.89399999380111690,0.95899999141693120,0.87999999523162840,0.93000000715255740,351000,,,,,0.93000000715255740,,,,,,,,,,,,,,,,,,,,,,,,,,,,,,,,,,,,,,,,,,,,,,,,,,,,,,,,,,,,,,,,,,,,,,,,,,,,,,,,,,,,,,,,,,,,,,,,,,,,,,,,,,,,,,,,,,,,,,,,,,,,,,,,,,,,,,,,,,,,,0.6216908650375287,0.7789829735205823,2.506537289831911,,,,,0.11752675812988171,,,,,,,,0.8973696738286959,0.8973696738286959,0.9839500915624616,0.9839500915624616,2.1595785851184965,2.1595785851184965,,,,,,,0.05526269178457542,,-0.1535275905290444,-0.1535275905290444,-0.20660153218665855,-0.20660153218665855,41.01778084844725,41.01778084844725,,0.8861999988555909,0.8861999988555909,0.8975238062086559,0.8975238062086559,1.6134920650058322,1.6134920650058322,,,1.4167999982833863,,,326430.0025105477,669226.5305797259,,,,,,,
2024-04-30,,,,,,,1.50999999046325680,1.87999999523162840,1.32000005245208740,1.48000001907348630,80369600,,,,,1.48000001907348630,,,,,,,,,,,,,,,,,,,,,,,,,,,,,,,,,,,,,,,,,,,,,,,,,,,,,,,,,,,,,,,,,,,,,,,,,,,,,,,,,,,,,,,,,,,,,,,,,,,,,,,,,,,,,,,,,,,,,,,,,,,,,,,,,,,,,,,,,,,,,3.2002903514546244,1.7544582043029062,2.6813418222468024,,,,,-0.3997473252069753,,,,,,,,1.0915797889102927,1.0915797889102927,1.0290455395180091,1.0290455395180091,2.1383417549295896,2.1383417549295896,,,,,,,0.4646127858074279,,-0.09630974980147533,-0.09630974980147533,-0.1845431757096219,-0.1845431757096219,64.7726126202098,64.7726126202098,,1.0082000017166137,1.0082000017166137,0.9303809489522662,0.9303809489522662,1.591111111262488,1.591111111262488,,,1.3987999963760376,,,118947009.53292847,2551503.475337369,,,,,,,
2024-05-01,,,,,,,1.19000005722045900,1.44000005722045900,1.12899994850158700,1.29999995231628420,3177900,,,,,1.29999995231628420,,,,,,,,,,,,,,,,,,,,,,,,,,,,,,,,,,,,,,,,,,,,,,,,,,,,,,,,,,,,,,,,,,,,,,,,,,,,,,,,,,,,,,,,,,,,,,,,,,,,,,,,,,,,,,,,,,,,,,,,,,,,,,,,,,,,,,,,,,,,,3.582899475069585,1.8395833535421857,2.679204147568588,,,,,-0.3818124898427177,,,,,,,,1.1610531767122898,1.1610531767122898,1.053677758863307,1.053677758863307,2.112143573597924,2.112143573597924,,,,,,,-0.12967787287580534,,-0.064742389886701,-0.064742389886701,-0.16058301854503773,-0.16058301854503773,56.721219033734265,56.721219033734265,,1.093999993801117,1.093999993801117,0.9536190430323283,0.9536190430323283,1.5719047614506312,1.5719047614506312,,,1.3783999967575074,,,4131269.8484659195,2607146.7586840903,,,,,,,
2024-05-02,,,,,,,1.24000000953674320,1.33000004291534420,1.11000001430511470,1.16999995708465580,1587100,,,,,1.16999995708465580,,,,,,,,,,,,,,,,,,,,,,,,,,,,,,,,,,,,,,,,,,,,,,,,,,,,,,,,,,,,,,,,,,,,,,,,,,,,,,,,,,,,,,,,,,,,,,,,,,,,,,,,,,,,,,,,,,,,,,,,,,,,,,,,,,,,,,,,,,,,,3.8116157945356344,1.8921002036870695,2.6850912825995317,,,,,-0.385345741051078,,,,,,,,1.1640354368364119,1.1640354368364119,1.0642525041561568,1.0642525041561568,2.0827015855818845,2.0827015855818845,,,,,,,-0.10536051565782628,,-0.049642692822245094,-0.049642692822245094,-0.1383949534004792,-0.1383949534004792,51.720864774586,51.720864774586,,1.1519999861717225,1.1519999861717225,0.9698095179739452,0.9698095179739452,1.552380949731857,1.552380949731857,,,1.354599997997284,,,1856906.9318890572,2633299.566994773,,,,,,,
2024-05-03,,,,,,,1.12000000476837160,1.16999995708465580,1.08000004291534420,1.12999999523162840,558300,,,,,1.12999999523162840,,,,,,,,,,,,,,,,,,,,,,,,,,,,,,,,,,,,,,,,,,,,,,,,,,,,,,,,,,,,,,,,,,,,,,,,,,,,,,,,,,,,,,,,,,,,,,,,,,,,,,,,,,,,,,,,,,,,,,,,,,,,,,,,,,,,,,,,,,,,,3.8521543865542354,1.8727294611457361,2.685121985610495,,,,,-0.3870270815222865,,,,,,,,1.1526902896348175,1.1526902896348175,1.0702295487993816,1.0702295487993816,2.052929660883439,2.052929660883439,,,,,,,-0.034786083625431376,,-0.040437597289112226,-0.040437597289112226,-0.1188034821782058,-0.1188034821782058,50.25289462458987,50.25289462458987,,1.2019999861717223,1.2019999861717223,0.9798095169521513,0.9798095169521513,1.5334920618269179,1.5334920618269179,,,1.3331999969482422,,,630878.9973378181,2642532.8209432345,,,,,,,
2024-05-06,,,,,,,1.12999999523162840,1.16900002956390380,1.00999999046325680,1.00999999046325680,688600,,,,,1.00999999046325680,,,,,,,,,,,,,,,,,,,,,,,,,,,,,,,,,,,,,,,,,,,,,,,,,,,,,,,,,,,,,,,,,,,,,,,,,,,,,,,,,,,,,,,,,,,,,,,,,,,,,,,,,,,,,,,,,,,,,,,,,,,,,,,,,,,,,,,,,,,,,4.017805532179399,1.9198320850572097,2.6908284883489704,,,,,-0.39364621213251033,,,,,,,,1.1051268565776304,1.1051268565776304,1.0647541344051883,1.0647541344051883,2.0203381086828083,2.0203381086828083,,,,,,,-0.11226730709360325,,-0.042337450487820005,-0.042337450487820005,-0.10351027584012865,-0.10351027584012865,46.03188292011332,46.03188292011332,,1.2179999828338623,1.2179999828338623,0.9841904696964082,0.9841904696964082,1.5149206320444744,1.5149206320444744,,,1.312999997138977,,,695485.9934329987,2652887.138278333,,,,,,,
2024-05-07,,,,,,,1.00000000000000000,1.05999994277954100,0.93999999761581420,1.05999994277954100,349300,,,,,1.05999994277954100,,,,,,,,,,,,,,,,,,,,,,,,,,,,,,,,,,,,,,,,,,,,,,,,,,,,,,,,,,,,,,,,,,,,,,,,,,,,,,,,,,,,,,,,,,,,,,,,,,,,,,,,,,,,,,,,,,,,,,,,,,,,,,,,,,,,,,,,,,,,,1.1715175309009707,1.8985019203595206,2.6921419804986035,,,,,-0.39407779853682723,,,,,,,,1.0900845519782674,1.0900845519782674,1.0643219351664932,1.0643219351664932,1.990327540998331,1.990327540998331,,,,,,,0.04831853273156113,,-0.039354861208154235,-0.039354861208154235,-0.09067919291373376,-0.09067919291373376,47.99207230588542,47.99207230588542,,1.1339999675750732,1.1339999675750732,0.9865714198067075,0.9865714198067075,1.4960317422473242,1.4960317422473242,,,1.2937999963760376,,,370257.9800128937,2658485.677643617,,,,,,,
2024-05-08,,,,,,,1.03999996185302730,1.04999995231628420,0.97200000286102300,0.98000001907348630,221400,,,,,0.98000001907348630,,,,,,,,,,,,,,,,,,,,,,,,,,,,,,,,,,,,,,,,,,,,,,,,,,,,,,,,,,,,,,,,,,,,,,,,,,,,,,,,,,,,,,,,,,,,,,,,,,,,,,,,,,,,,,,,,,,,,,,,,,,,,,,,,,,,,,,,,,,,,1.0481536545106456,1.918803276343159,2.6954159180909647,,,,,-0.3966920405843656,,,,,,,,1.0533897076766736,1.0533897076766736,1.0566563064307652,1.0566563064307652,1.9587548059381796,1.9587548059381796,,,,,,,-0.07847154199718777,,-0.042951346584304995,-0.042951346584304995,-0.08113362364784801,-0.08113362364784801,45.165425541771626,45.165425541771626,,1.0699999809265137,1.0699999809265137,0.9856190397625878,0.9856190397625878,1.4761904724060544,1.4761904724060544,,,1.2731999969482422,,,216972.00422286987,2661257.138022355,,,,,,,
2024-05-09,,,,,,,1.00999999046325680,1.00999999046325680,0.97000002861022950,0.97100001573562620,127700,,,,,0.97100001573562620,,,,,,,,,,,,,,,,,,,,,,,,,,,,,,,,,,,,,,,,,,,,,,,,,,,,,,,,,,,,,,,,,,,,,,,,,,,,,,,,,,,,,,,,,,,,,,,,,,,,,,,,,,,,,,,,,,,,,,,,,,,,,,,,,,,,,,,,,,,,,0.9862717048251927,1.9187562113183334,2.6939503509943634,,,,,-0.39996498428813776,,,,,,,,1.025926477029658,1.025926477029658,1.0488693709130255,1.0488693709130255,1.92788746874435,1.92788746874435,,,,,,,-0.009226106630445353,,-0.04599758073121163,-0.04599758073121163,-0.07410641506452073,-0.07410641506452073,44.84541969721919,44.84541969721919,,1.0301999926567078,1.0301999926567078,0.9847142781530108,0.9847142781530108,1.4550952353174724,1.4550952353174724,,,1.2522199976444244,,,123996.70200943948,2661951.21268384,,,,,,,
2024-05-10,,,,,,,0.98000001907348630,1.00000000000000000,0.95200002193450930,0.97000002861022950,122100,,,,,0.97000002861022950,,,,,,,,,,,,,,,,,,,,,,,,,,,,,,,,,,,,,,,,,,,,,,,,,,,,,,,,,,,,,,,,,,,,,,,,,,,,,,,,,,,,,,,,,,,,,,,,,,,,,,,,,,,,,,,,,,,,,,,,,,,,,,,,,,,,,,,,,,,,,1.020193531289636,1.9185375501419706,2.693345473219617,,,,,-0.4005085623151804,,,,,,,,1.007284327556515,1.007284327556515,1.0416994307036802,1.0416994307036802,1.8979534862401586,1.8979534862401586,,,,,,,-0.0010303835044032019,,-0.04793981351464649,-0.04793981351464649,-0.06887309475454588,-0.06887309475454588,44.80743240971923,44.80743240971923,,0.998199999332428,0.998199999332428,0.9834285662287757,0.9834285662287757,1.4333492053879633,1.4333492053879633,,,1.2330199992656707,,,118437.00349330902,2662910.0222968864,,,,,,,
2024-05-13,,,,,,,0.99800002574920650,0.99900001287460330,0.94800001382827760,0.97200000286102300,280900,,,,,0.97200000286102300,,,,,,,,,,,,,,,,,,,,,,,,,,,,,,,,,,,,,,,,,,,,,,,,,,,,,,,,,,,,,,,,,,,,,,,,,,,,,,,,,,,,,,,,,,,,,,,,,,,,,,,,,,,,,,,,,,,,,,,,,,,,,,,,,,,,,,,,,,,,,0.722627899015875,1.883011191089056,2.6904209125610206,,,,,-0.3974171535143405,,,,,,,,0.9955228859913511,0.9955228859913511,1.0353631190816206,1.0353631190816206,1.8690174398845607,1.8690174398845607,,,,,,,0.002059706411368326,,-0.04875564109972874,-0.04875564109972874,-0.06484960402358246,-0.06484960402358246,44.90794578015891,44.90794578015891,,0.9906000018119812,0.9906000018119812,0.9868571389289129,0.9868571389289129,1.4097301572088212,1.4097301572088212,,,1.2124599993228913,,,273034.8008036614,2665287.6222793073,,,,,,,
2024-05-14,,,,,,,0.95700001716613770,0.98000001907348630,0.91000002622604370,0.92900002002716060,321600,,,,,0.92900002002716060,,,,,,,,,,,,,,,,,,,,,,,,,,,,,,,,,,,,,,,,,,,,,,,,,,,,,,,,,,,,,,,,,,,,,,,,,,,,,,,,,,,,,,,,,,,,,,,,,,,,,,,,,,,,,,,,,,,,,,,,,,,,,,,,,,,,,,,,,,,,,0.5507773790575483,1.8667771518287304,2.6910911845476586,,,,,-0.39618475021612715,,,,,,,,0.9733485973366209,0.9733485973366209,1.025693746440306,1.025693746440306,1.8396418955140168,1.8396418955140168,,,,,,,-0.04524704703227832,,-0.05226940047536055,-0.05226940047536055,-0.06233356331393807,-0.06233356331393807,43.09093414509916,43.09093414509916,,0.9644000172615051,0.9644000172615051,0.9915714263916016,0.9915714263916016,1.3862222196563843,1.3862222196563843,,,1.1984399998188018,,,298766.4064407349,2668977.962026615,,,,,,,
2024-05-15,,,,,,,0.92000001668930050,0.95999997854232790,0.87000000476837160,0.93000000715255740,325600,,,,,0.93000000715255740,,,,,,,,,,,,,,,,,,,,,,,,,,,,,,,,,,,,,,,,,,,,,,,,,,,,,,,,,,,,,,,,,,,,,,,,,,,,,,,,,,,,,,,,,,,,,,,,,,,,,,,,,,,,,,,,,,,,,,,,,,,,,,,,,,,,,,,,,,,,,0.31653589350476224,1.8649104076721075,2.688264476233778,,,,,-0.39431604171124496,,,,,,,,0.9588990672752664,0.9588990672752664,1.0169943155959653,1.0169943155959653,1.8112155865027213,1.8112155865027213,,,,,,,0.0010758334666234632,,-0.05434691211891107,-0.05434691211891107,-0.06073623307493267,-0.06073623307493267,43.14854269322639,43.14854269322639,,0.9544000148773193,0.9544000148773193,0.9951904756682259,0.9951904756682259,1.3655872988322424,1.3655872988322424,,,1.180239999294281,,,302808.00232887274,2666775.8667655406,,,,,,,
2024-05-16,,,,,,,0.94999998807907100,0.94999998807907100,0.89999997615814210,0.93000000715255740,281700,,,,,0.93000000715255740,,,,,,,,,,,,,,,,,,,,,,,,,,,,,,,,,,,,,,,,,,,,,,,,,,,,,,,,,,,,,,,,,,,,,,,,,,,,,,,,,,,,,,,,,,,,,,,,,,,,,,,,,,,,,,,,,,,,,,,,,,,,,,,,,,,,,,,,,,,,,0.3254769879802743,1.862951072909087,2.687165634075592,,,,,-0.39351321698510744,,,,,,,,0.9492660472343634,0.9492660472343634,1.00908574210111,1.00908574210111,1.7836775996480287,1.7836775996480287,,,,,,,0,,-0.055355254151676525,-0.055355254151676525,-0.059660037290281444,-0.059660037290281444,43.14854269322639,43.14854269322639,,0.9462000131607056,0.9462000131607056,0.9976666654859271,0.9976666654859271,1.343999997963981,1.343999997963981,,,1.1660399997234345,,,261981.00201487544,2668233.5493821944,,,,,,,
2024-05-17,,,,,,,0.94199997186660770,0.98699998855590820,0.92699998617172240,0.94999998807907100,280800,,,,,0.94999998807907100,,,,,,,,,,,,,,,,,,,,,,,,,,,,,,,,,,,,,,,,,,,,,,,,,,,,,,,,,,,,,,,,,,,,,,,,,,,,,,,,,,,,,,,,,,,,,,,,,,,,,,,,,,,,,,,,,,,,,,,,,,,,,,,,,,,,,,,,,,,,,0.39034908964561077,1.8640539613117897,2.6860066858997778,,,,,-0.3936168409241311,,,,,,,,0.9495106941825993,0.9495106941825993,1.0037143099172883,1.0037143099172883,1.7576251742864988,1.7576251742864988,,,,,,,0.021277378208016763,,-0.05391899653475751,-0.05391899653475751,-0.05851182913917666,-0.05851182913917666,44.452826134467045,44.452826134467045,,0.9422000050544739,0.9422000050544739,1.0009999984786624,1.0009999984786624,1.3213015832598247,1.3213015832598247,,,1.1524399995803833,,,266759.9966526032,2669502.2793451943,,,,,,,
2024-05-20,,,,,,,0.93199998140335080,0.94999998807907100,0.91600000858306880,0.93000000715255740,165600,,,,,0.93000000715255740,,,,,,,,,,,,,,,,,,,,,,,,,,,,,,,,,,,,,,,,,,,,,,,,,,,,,,,,,,,,,,,,,,,,,,,,,,,,,,,,,,,,,,,,,,,,,,,,,,,,,,,,,,,,,,,,,,,,,,,,,,,,,,,,,,,,,,,,,,,,,0.40188591391827794,1.8658489395082307,2.6859496150760234,,,,,-0.3950720715195962,,,,,,,,0.943007131839252,0.943007131839252,0.9970130096659491,0.9970130096659491,1.731761887813563,1.731761887813563,,,,,,,-0.021277378208016652,,-0.05377470204800738,-0.05377470204800738,-0.0575644037209428,-0.0575644037209428,43.38102341242811,43.38102341242811,,0.9338000059127808,0.9338000059127808,1.0029523798397608,1.0029523798397608,1.2992380923695035,1.2992380923695035,,,1.1332400000095368,,,154008.00118446353,2668813.0096129007,,,,,,,
2024-05-21,,,,,,,0.91000002622604370,0.93999999761581420,0.88200002908706670,0.89300000667572020,197400,,,,,0.89300000667572020,,,,,,,,,,,,,,,,,,,,,,,,,,,,,,,,,,,,,,,,,,,,,,,,,,,,,,,,,,,,,,,,,,,,,,,,,,,,,,,,,,,,,,,,,,,,,,,,,,,,,,,,,,,,,,,,,,,,,,,,,,,,,,,,,,,,,,,,,,,,,0.37586134139353355,1.8678881463697836,2.685668815493291,,,,,-0.39770632538369105,,,,,,,,0.9263380901180747,0.9263380901180747,0.9875572821213828,0.9875572821213828,1.7055505790280054,1.7055505790280054,,,,,,,-0.040598005486114024,,-0.056000400684198426,-0.056000400684198426,-0.057251603113593924,-0.057251603113593924,41.39266050955603,41.39266050955603,,0.9266000032424927,0.9266000032424927,1.001714283511752,1.001714283511752,1.2759523798548986,1.2759523798548986,,,1.1016999995708465,,,176278.20131778717,2669498.314489637,,,,,,,
2024-05-22,,,,,,,0.87999999523162840,0.92199999094009400,0.87999999523162840,0.91200000047683720,114500,,,,,0.91200000047683720,,,,,,,,,,,,,,,,,,,,,,,,,,,,,,,,,,,,,,,,,,,,,,,,,,,,,,,,,,,,,,,,,,,,,,,,,,,,,,,,,,,,,,,,,,,,,,,,,,,,,,,,,,,,,,,,,,,,,,,,,,,,,,,,,,,,,,,,,,,,,0.4289422405974976,1.859011291091307,2.68430479982241,,,,,-0.39608175297295695,,,,,,,,0.9215587269043288,0.9215587269043288,0.980688438335515,0.980688438335515,1.6807521234482814,1.6807521234482814,,,,,,,0.02105340224506955,,-0.05559033144141934,-0.05559033144141934,-0.05691934877915901,-0.05691934877915901,42.84147663857777,42.84147663857777,,0.9230000019073487,0.9230000019073487,1.0037142833073933,1.0037142833073933,1.2555079346611386,1.2555079346611386,,,1.0669399976730347,,,104424.00005459785,2669675.2033473006,,,,,,,
2024-05-23,,,,,,,0.93000000715255740,0.93000000715255740,0.87999999523162840,0.88099998235702510,144400,,,,,0.88099998235702510,,,,,,,,,,,,,,,,,,,,,,,,,,,,,,,,,,,,,,,,,,,,,,,,,,,,,,,,,,,,,,,,,,,,,,,,,,,,,,,,,,,,,,,,,,,,,,,,,,,,,,,,,,,,,,,,,,,,,,,,,,,,,,,,,,,,,,,,,,,,,0.47669092118456763,1.8633922600284263,2.680735154690926,,,,,-0.3975356413510445,,,,,,,,0.9080391453885609,0.9080391453885609,0.9716258514283795,0.9716258514283795,1.6557598690391797,1.6557598690391797,,,,,,,-0.03458238468707802,,-0.05710847998792856,-0.05710847998792856,-0.056957175020912916,-0.056957175020912916,41.05805981096791,41.05805981096791,,0.9131999969482422,0.9131999969482422,1.0041904733294533,1.0041904733294533,1.23742856960448,1.23742856960448,,,1.0281599986553192,,,127216.39745235443,2669292.9557104907,,,,,,,
2024-05-24,,,,,,,0.89999997615814210,0.89999997615814210,0.85100001096725460,0.86000001430511470,223800,,,,,0.86000001430511470,,,,,,,,,,,,,,,,,,,,,,,,,,,,,,,,,,,,,,,,,,,,,,,,,,,,,,,,,,,,,,,,,,,,,,,,,,,,,,,,,,,,,,,,,,,,,,,,,,,,,,,,,,,,,,,,,,,,,,,,,,,,,,,,,,,,,,,,,,,,,0.3840277985031237,1.8649380103000357,2.6806875941084947,,,,,-0.3981443113407841,,,,,,,,0.8920261016940789,0.8920261016940789,0.9614780480535373,0.9614780480535373,1.6308923735787402,1.6308923735787402,,,,,,,-0.0241252000286935,,-0.059322314847734314,-0.059322314847734314,-0.0574302029862772,-0.0574302029862772,39.8479202522927,39.8479202522927,,0.895200002193451,0.895200002193451,1.0032380932853335,1.0032380932853335,1.2190158717216006,1.2190158717216006,,,0.9853599989414215,,,192468.00320148468,2671677.876402556,,,,,,,
2024-05-28,,,,,,,0.88999998569488530,0.89999997615814210,0.87000000476837160,0.89399999380111690,87100,,,,,0.89399999380111690,,,,,,,,,,,,,,,,,,,,,,,,,,,,,,,,,,,,,,,,,,,,,,,,,,,,,,,,,,,,,,,,,,,,,,,,,,,,,,,,,,,,,,,,,,,,,,,,,,,,,,,,,,,,,,,,,,,,,,,,,,,,,,,,,,,,,,,,,,,,,0.5646656668454011,1.8700545237728319,2.6826837196778586,,,,,-0.3972648342731285,,,,,,,,0.8926840657297582,0.8926840657297582,0.9553436794851354,0.9553436794851354,1.6078644867106895,1.6078644867106895,,,,,,,0.03877336235823286,,-0.05766851399635997,-0.05766851399635997,-0.05747786518829375,-0.05747786518829375,42.788062836973765,42.788062836973765,,0.8879999995231629,0.8879999995231629,1.0039047598838806,1.0039047598838806,1.201301586060297,1.201301586060297,,,0.9444399976730347,,,77867.3994600773,2671548.3430671315,,,,,,,
2024-05-29,,,,,,,0.88999998569488530,0.92500001192092900,0.88099998235702510,0.90499997138977050,160300,,,,,0.90499997138977050,,,,,,,,,,,,,,,,,,,,,,,,,,,,,,,,,,,,,,,,,,,,,,,,,,,,,,,,,,,,,,,,,,,,,,,,,,,,,,,,,,,,,,,,,,,,,,,,,,,,,,,,,,,,,,,,,,,,,,,,,,,,,,,,,,,,,,,,,,,,,0.4917577154186423,1.8601645807384626,2.682919288440081,,,,,-0.3989854846538183,,,,,,,,0.896789367616429,0.896789367616429,0.9507669787491931,0.9507669787491931,1.5858999706069108,1.5858999706069108,,,,,,,0.012229143846772017,,-0.05483811894622981,-0.05483811894622981,-0.05694991593988096,-0.05694991593988096,43.74606931783396,43.74606931783396,,0.8903999924659729,0.8903999924659729,1.0027142819904147,1.0027142819904147,1.1836031732105075,1.1836031732105075,,,0.9431399965286255,,,145071.49541378024,2671997.7953927857,,,,,,,
2024-05-30,,,,,,,0.88099998235702510,0.92000001668930050,0.88099998235702510,0.92000001668930050,72700,,,,,0.92000001668930050,,,,,,,,,,,,,,,,,,,,,,,,,,,,,,,,,,,,,,,,,,,,,,,,,,,,,,,,,,,,,,,,,,,,,,,,,,,,,,,,,,,,,,,,,,,,,,,,,,,,,,,,,,,,,,,,,,,,,,,,,,,,,,,,,,,,,,,,,,,,,0.4818815349883343,0.7800939749450372,2.682701607327782,,,,,-0.1376751386479625,,,,,,,,0.9045262506407195,0.9045262506407195,0.9479699821982939,0.9479699821982939,1.5650905970469855,1.5650905970469855,,,,,,,0.01643877609721746,,-0.0507990523281171,-0.0507990523281171,-0.05571974321752819,-0.05571974321752819,45.096181323997065,45.096181323997065,,0.8919999957084656,0.8919999957084656,0.9760476152102152,0.9760476152102152,1.1675714282762437,1.1675714282762437,,,0.9422999966144562,,,66884.00121331215,2670121.5573966503,,,,,,,
2024-05-31,,,,,,,0.89999997615814210,1.00999999046325680,0.89999997615814210,1.00000000000000000,383100,,,,,1.00000000000000000,,,,,,,,,,,,,,,,,,,,,,,,,,,,,,,,,,,,,,,,,,,,,,,,,,,,,,,,,,,,,,,,,,,,,,,,,,,,,,,,,,,,,,,,,,,,,,,,,,,,,,,,,,,,,,,,,,,,,,,,,,,,,,,,,,,,,,,,,,,,,0.6273551399619516,0.760642872708501,2.6878254296864843,,,,,-0.19565182985860438,,,,,,,,0.9363508337604797,0.9363508337604797,0.9526999838166308,0.9526999838166308,1.547431515889267,1.547431515889267,,,,,,,0.08338159079850707,,-0.0406738698153164,-0.0406738698153164,-0.05271056853708583,-0.05271056853708583,51.74764803404358,51.74764803404358,,0.9157999992370606,0.9157999992370606,0.9617619031951541,0.9617619031951541,1.151698412403228,1.151698412403228,,,0.9442999970912933,,,383100,2674078.700253793,,,,,,,
2024-06-03,,,,,,,0.98699998855590820,1.00999999046325680,0.90700000524520870,0.92699998617172240,152300,,,,,0.92699998617172240,,,,,,,,,,,,,,,,,,,,,,,,,,,,,,,,,,,,,,,,,,,,,,,,,,,,,,,,,,,,,,,,,,,,,,,,,,,,,,,,,,,,,,,,,,,,,,,,,,,,,,,,,,,,,,,,,,,,,,,,,,,,,,,,,,,,,,,,,,,,,0.9220860706538884,0.7210321436034555,2.662351582419512,,,,,-0.12957060709742096,,,,,,,,0.9332338845642273,0.9332338845642273,0.9503636203943664,0.9503636203943664,1.5280430305855939,1.5280430305855939,,,,,,,-0.07580172833351781,,-0.038100877555801715,-0.038100877555801715,-0.04978863034082901,-0.04978863034082901,46.242444459323316,46.242444459323316,,0.9291999936103821,0.9291999936103821,0.9501904760088239,0.9501904760088239,1.1405396821006897,1.1405396821006897,,,0.9461399972438812,,,141182.09789395332,2668819.0986550045,,,,,,,
2024-06-04,,,,,,,0.94999998807907100,0.96499997377395630,0.91000002622604370,0.93999999761581420,69400,,,,,0.93999999761581420,,,,,,,,,,,,,,,,,,,,,,,,,,,,,,,,,,,,,,,,,,,,,,,,,,,,,,,,,,,,,,,,,,,,,,,,,,,,,,,,,,,,,,,,,,,,,,,,,,,,,,,,,,,,,,,,,,,,,,,,,,,,,,,,,,,,,,,,,,,,,0.898300491420372,0.7206032203636106,2.649652761253069,,,,,-0.1545315764775797,,,,,,,,0.9354892555814229,0.9354892555814229,0.9494214728690434,0.9494214728690434,1.5096666858052883,1.5096666858052883,,,,,,,0.01392632207906257,,-0.034613764444621165,-0.034613764444621165,-0.04675365716158744,-0.04675365716158744,47.317314960973704,47.317314960973704,,0.9383999943733216,0.9383999943733216,0.9411428570747375,0.9411428570747375,1.126253967247312,1.126253967247312,,,0.9469399976730347,,,65235.99983453751,2668347.5430694837,,,,,,,
2024-06-05,,,,,,,0.93999999761581420,0.95999997854232790,0.91000002622604370,0.93000000715255740,141200,,,,,0.93000000715255740,,,,,,,,,,,,,,,,,,,,,,,,,,,,,,,,,,,,,,,,,,,,,,,,,,,,,,,,,,,,,,,,,,,,,,,,,,,,,,,,,,,,,,,,,,,,,,,,,,,,,,,,,,,,,,,,,,,,,,,,,,,,,,,,,,,,,,,,,,,,,0.9094460899297195,0.6149381041889801,2.6411454296946246,,,,,-0.018187022963129223,,,,,,,,0.9336595061051344,0.9336595061051344,0.9476558850766357,0.9476558850766357,1.4915521020973903,1.4915521020973903,,,,,,,-0.01069527888945819,,-0.032284956950655586,-0.032284956950655586,-0.04385991711940107,-0.04385991711940107,46.54633575545868,46.54633575545868,,0.9434000015258789,0.9434000015258789,0.9373333340599423,0.9373333340599423,1.1149841263180686,1.1149841263180686,,,0.9453399980068207,,,131316.00100994113,2667334.1462871386,,,,,,,
2024-06-06,,,,,,,0.94999998807907100,0.94999998807907100,0.89999997615814210,0.91000002622604370,174500,,,,,0.91000002622604370,,,,,,,,,,,,,,,,,,,,,,,,,,,,,,,,,,,,,,,,,,,,,,,,,,,,,,,,,,,,,,,,,,,,,,,,,,,,,,,,,,,,,,,,,,,,,,,,,,,,,,,,,,,,,,,,,,,,,,,,,,,,,,,,,,,,,,,,,,,,,0.9207029940820044,0.587200572175764,2.6412608336284893,,,,,-0.13112364972178092,,,,,,,,0.9257730128121041,0.9257730128121041,0.9442326251811273,0.9442326251811273,1.4733785997264108,1.4733785997264108,,,,,,,-0.02173996550750004,,-0.03168791301133711,-0.03168791301133711,-0.041425516297788276,-0.041425516297788276,44.96820563305157,44.96820563305157,,0.9414000034332275,0.9414000034332275,0.9301904808907282,0.9301904808907282,1.1035555553814722,1.1035555553814722,,,0.9452399981021881,,,158795.00457644463,2662537.813047852,,,,,,,
2024-06-07,,,,,,,0.91000002622604370,0.93500000238418580,0.87099999189376830,0.88999998569488530,79300,,,,,0.88999998569488530,,,,,,,,,,,,,,,,,,,,,,,,,,,,,,,,,,,,,,,,,,,,,,,,,,,,,,,,,,,,,,,,,,,,,,,,,,,,,,,,,,,,,,,,,,,,,,,,,,,,,,,,,,,,,,,,,,,,,,,,,,,,,,,,,,,,,,,,,,,,,0.5207650720670868,0.5308857659062096,2.6219399174177274,,,,,-0.09908673850487576,,,,,,,,0.9138486704396979,0.9138486704396979,0.9393023852278325,0.9393023852278325,1.4551480180379257,1.4551480180379257,,,,,,,-0.022223181677700703,,-0.0324544725541136,-0.0324544725541136,-0.03963130754905334,-0.03963130754905334,43.384136093104324,43.384136093104324,,0.9194000005722046,0.9194000005722046,0.9259047650155567,0.9259047650155567,1.0876825395084562,1.0876825395084562,,,0.9448999977111816,,,70576.99886560442,2659368.082903586,,,,,,,
2024-06-10,,,,,,,0.89300000667572020,0.92500001192092900,0.89300000667572020,0.91900002956390380,80300,,,,,0.91900002956390380,,,,,,,,,,,,,,,,,,,,,,,,,,,,,,,,,,,,,,,,,,,,,,,,,,,,,,,,,,,,,,,,,,,,,,,,,,,,,,,,,,,,,,,,,,,,,,,,,,,,,,,,,,,,,,,,,,,,,,,,,,,,,,,,,,,,,,,,,,,,,0.3796587008250474,0.54540989664859,2.5614695353475794,,,,,-0.05585708054821767,,,,,,,,0.9155657901477665,0.9155657901477665,0.9374567165311117,0.9374567165311117,1.4383933933981123,1.4383933933981123,,,,,,,0.032064707872308806,,-0.030371808040479675,-0.030371808040479675,-0.03777940764733861,-0.03777940764733861,46.336050621253946,46.336050621253946,,0.9178000092506409,0.9178000092506409,0.9234285751978556,0.9234285751978556,1.0630634919045463,1.0630634919045463,,,0.9468199980258941,,,73795.70237398149,2632079.554040186,,,,,,,
2024-06-11,,,,,,,0.91000002622604370,0.91000002622604370,0.87999999523162840,0.88999998569488530,88900,,,,,0.88999998569488530,,,,,,,,,,,,,,,,,,,,,,,,,,,,,,,,,,,,,,,,,,,,,,,,,,,,,,,,,,,,,,,,,,,,,,,,,,,,,,,,,,,,,,,,,,,,,,,,,,,,,,,,,,,,,,,,,,,,,,,,,,,,,,,,,,,,,,,,,,,,,0.3999987895058854,0.554784252060351,2.555670822506418,,,,,-0.056108814215126084,,,,,,,,0.9070438553301394,0.9070438553301394,0.933142468273273,0.933142468273273,1.4212560994073866,1.4212560994073866,,,,,,,-0.03206470787230879,,-0.03070736717130973,-0.03070736717130973,-0.036364999552132835,-0.036364999552132835,43.87260089009181,43.87260089009181,,0.9078000068664551,0.9078000068664551,0.919619049344744,0.919619049344744,1.0351269822272042,1.0351269822272042,,,0.9488199973106384,,,79120.99872827531,2614743.3787477394,,,,,,,
2024-06-12,,,,,,,0.89999997615814210,0.89999997615814210,0.87999999523162840,0.87999999523162840,70300,,,,,0.87999999523162840,,,,,,,,,,,,,,,,,,,,,,,,,,,,,,,,,,,,,,,,,,,,,,,,,,,,,,,,,,,,,,,,,,,,,,,,,,,,,,,,,,,,,,,,,,,,,,,,,,,,,,,,,,,,,,,,,,,,,,,,,,,,,,,,,,,,,,,,,,,,,0.39999929391394495,0.5548458554305504,2.5506011163480005,,,,,-0.07425445740252497,,,,,,,,0.8980292352973024,0.8980292352973024,0.9283113343603963,0.9283113343603963,1.4043418461518942,1.4043418461518942,,,,,,,-0.011299544599374644,,-0.03141804815496829,-0.03141804815496829,-0.03537560927269993,-0.03537560927269993,43.023199420983275,43.023199420983275,,0.8978000044822693,0.8978000044822693,0.9152380966004872,0.9152380966004872,1.0043333324175032,1.0043333324175032,,,0.9501799976825714,,,61863.999664783485,2507495.5400346764,,,,,,,
2024-06-13,,,,,,,0.87000000476837160,0.91000002622604370,0.87000000476837160,0.89999997615814210,100900,,,,,0.89999997615814210,,,,,,,,,,,,,,,,,,,,,,,,,,,,,,,,,,,,,,,,,,,,,,,,,,,,,,,,,,,,,,,,,,,,,,,,,,,,,,,,,,,,,,,,,,,,,,,,,,,,,,,,,,,,,,,,,,,,,,,,,,,,,,,,,,,,,,,,,,,,,0.4460742908091369,0.5419872257834714,2.5467697956572994,,,,,-0.02090334880243482,,,,,,,,0.8986861489175824,0.8986861489175824,0.9257375745238277,0.9257375745238277,1.3885811627145894,1.3885811627145894,,,,,,,0.022472834779709055,,-0.030021368986717256,-0.030021368986717256,-0.03430476121550339,-0.03430476121550339,45.304012895308944,45.304012895308944,,0.895799994468689,0.895799994468689,0.9138571421305338,0.9138571421305338,0.9709999987057277,0.9709999987057277,,,0.9515799975395203,,,90809.99759435654,2369570.3019012534,,,,,,,
2024-06-14,,,,,,,0.87400001287460330,0.93500000238418580,0.87400001287460330,0.93500000238418580,155400,,,,,0.93500000238418580,,,,,,,,,,,,,,,,,,,,,,,,,,,,,,,,,,,,,,,,,,,,,,,,,,,,,,,,,,,,,,,,,,,,,,,,,,,,,,,,,,,,,,,,,,,,,,,,,,,,,,,,,,,,,,,,,,,,,,,,,,,,,,,,,,,,,,,,,,,,,0.4800539927099629,0.559161726174793,2.5493409665753717,,,,,-0.007469689897730136,,,,,,,,0.9107907667397834,0.9107907667397834,0.9265796134202239,0.9265796134202239,1.3744067514542644,1.3744067514542644,,,,,,,0.03815179500526111,,-0.02579295593388209,-0.02579295593388209,-0.03260240015917913,-0.03260240015917913,49.14093970182343,49.14093970182343,,0.9047999978065491,0.9047999978065491,0.9140952371415638,0.9140952371415638,0.9391746010099139,0.9391746010099139,,,0.951879997253418,,,145299.00037050247,2323693.300969355,,,,,,,
2024-06-17,,,,,,,0.93999999761581420,0.93999999761581420,0.88999998569488530,0.90499997138977050,106900,,,,,0.90499997138977050,,,,,,,,,,,,,,,,,,,,,,,,,,,,,,,,,,,,,,,,,,,,,,,,,,,,,,,,,,,,,,,,,,,,,,,,,,,,,,,,,,,,,,,,,,,,,,,,,,,,,,,,,,,,,,,,,,,,,,,,,,,,,,,,,,,,,,,,,,,,,0.5102610218587881,0.5706433936470028,1.2610063610445839,,,,,-0.04039942224659863,,,,,,,,0.9088605016231125,0.9088605016231125,0.9246178277810917,0.9246178277810917,1.359737789577249,1.359737789577249,,,,,,,-0.03261161975220579,,-0.024579324750344855,-0.024579324750344855,-0.030997785077412274,-0.030997785077412274,46.15239142087847,46.15239142087847,,0.9019999861717224,0.9019999861717224,0.9129047592480978,0.9129047592480978,0.9381428540699066,0.9381428540699066,,,0.9516199970245361,,,96744.49694156648,2238686.4491618816,,,,,,,
2024-06-18,,,,,,,0.88999998569488530,0.91000002622604370,0.87000000476837160,0.89600002765655520,137900,,,,,0.89600002765655520,,,,,,,,,,,,,,,,,,,,,,,,,,,,,,,,,,,,,,,,,,,,,,,,,,,,,,,,,,,,,,,,,,,,,,,,,,,,,,,,,,,,,,,,,,,,,,,,,,,,,,,,,,,,,,,,,,,,,,,,,,,,,,,,,,,,,,,,,,,,,0.4519808342205758,0.5653130076838796,1.2610506567479605,,,,,-0.005605886045130009,,,,,,,,0.9045736769675934,0.9045736769675934,0.922016209587952,0.922016209587952,1.345245984517227,1.345245984517227,,,,,,,-0.009994468244791287,,-0.024066312072441476,-0.024066312072441476,-0.029611490476418114,-0.029611490476418114,45.26306026514139,45.26306026514139,,0.9031999945640564,0.9031999945640564,0.9103333325613112,0.9103333325613112,0.9370952352644906,0.9370952352644906,,,0.949339997768402,,,123558.40381383897,2199168.696306906,,,,,,,
2024-06-20,,,,,,,0.87999999523162840,0.89999997615814210,0.85199999809265140,0.86000001430511470,84200,,,,,0.86000001430511470,,,,,,,,,,,,,,,,,,,,,,,,,,,,,,,,,,,,,,,,,,,,,,,,,,,,,,,,,,,,,,,,,,,,,,,,,,,,,,,,,,,,,,,,,,,,,,,,,,,,,,,,,,,,,,,,,,,,,,,,,,,,,,,,,,,,,,,,,,,,,0.5441478601656662,0.5774462424522777,1.2566771120278222,,,,,-0.015293694615468516,,,,,,,,0.8897157894134339,0.8897157894134339,0.9163783736531487,0.9163783736531487,1.3300820479480986,1.3300820479480986,,,,,,,-0.0410080379602135,,-0.026261915032917638,-0.026261915032917638,-0.02894157538771802,-0.02894157538771802,41.793860284029186,41.793860284029186,,0.8991999983787536,0.8991999983787536,0.9069999995685759,0.9069999995685759,0.9364603152350773,0.9364603152350773,,,0.9465399980545044,,,72412.00120449066,2190113.8077074573,,,,,,,
2024-06-21,,,,,,,0.86000001430511470,0.89700001478195190,0.86000001430511470,0.86400002241134640,33500,,,,,0.86400002241134640,,,,,,,,,,,,,,,,,,,,,,,,,,,,,,,,,,,,,,,,,,,,,,,,,,,,,,,,,,,,,,,,,,,,,,,,,,,,,,,,,,,,,,,,,,,,,,,,,,,,,,,,,,,,,,,,,,,,,,,,,,,,,,,,,,,,,,,,,,,,,0.5012973031156114,0.5621105607803928,1.2476147862245976,,,,,0.019942831047223816,,,,,,,,0.8811438670794047,0.8811438670794047,0.9116167053584393,0.9116167053584393,1.3155169846500752,1.3155169846500752,,,,,,,0.004640388861706005,,-0.027363746733842897,-0.027363746733842897,-0.028626009656942994,-0.028626009656942994,42.32283174869574,42.32283174869574,,0.8920000076293946,0.8920000076293946,0.905619047936939,0.905619047936939,0.9369206333917285,0.9369206333917285,,,0.9440199983119965,,,28944.000750780106,2183897.2126528383,,,,,,,
2024-06-24,,,,,,,0.87599998712539670,0.88999998569488530,0.85000002384185790,0.86799997091293330,65500,,,,,0.86799997091293330,,,,,,,,,,,,,,,,,,,,,,,,,,,,,,,,,,,,,,,,,,,,,,,,,,,,,,,,,,,,,,,,,,,,,,,,,,,,,,,,,,,,,,,,,,,,,,,,,,,,,,,,,,,,,,,,,,,,,,,,,,,,,,,,,,,,,,,,,,,,,0.3350804484484866,0.5566318901244226,1.2384585726215493,,,,,-0.005153518470318009,,,,,,,,0.8767625683572475,0.8767625683572475,0.9076515476815752,0.9076515476815752,1.3015320779707895,1.3015320779707895,,,,,,,0.004618886406790486,,-0.027596083408414573,-0.027596083408414573,-0.028420024407237312,-0.028420024407237312,42.881837003679024,42.881837003679024,,0.878600001335144,0.878600001335144,0.903523808433896,0.903523808433896,0.9364126968005347,0.9364126968005347,,,0.9414399981498718,,,56853.998094797134,2177002.5144164525,,,,,,,
2024-06-25,,,,,,,0.85000002384185790,0.86599999666213990,0.83999997377395630,0.85000002384185790,57200,,,,,0.85000002384185790,,,,,,,,,,,,,,,,,,,,,,,,,,,,,,,,,,,,,,,,,,,,,,,,,,,,,,,,,,,,,,,,,,,,,,,,,,,,,,,,,,,,,,,,,,,,,,,,,,,,,,,,,,,,,,,,,,,,,,,,,,,,,,,,,,,,,,,,,,,,,0.3050756003716331,0.5486349944415143,1.216423333201268,,,,,0.04434736103811572,,,,,,,,0.867841720185451,0.867841720185451,0.9024105000597827,0.9024105000597827,1.2874217012792604,1.2874217012792604,,,,,,,-0.020955303616297685,,-0.02889952149919428,-0.02889952149919428,-0.028515923825628706,-0.028515923825628706,40.95806794974782,40.95806794974782,,0.8676000118255616,0.8676000118255616,0.9020476199331737,0.9020476199331737,0.9338730147906712,0.9338730147906712,,,0.9404399991035461,,,48620.00136375428,2164060.7050437774,,,,,,,
2024-06-26,,,,,,,0.86000001430511470,0.87999999523162840,0.85000002384185790,0.85000002384185790,71100,,,,,0.85000002384185790,,,,,,,,,,,,,,,,,,,,,,,,,,,,,,,,,,,,,,,,,,,,,,,,,,,,,,,,,,,,,,,,,,,,,,,,,,,,,,,,,,,,,,,,,,,,,,,,,,,,,,,,,,,,,,,,,,,,,,,,,,,,,,,,,,,,,,,,,,,,,0.3182935345867002,0.5425446125774959,1.2006639001176944,,,,,0.07691882319638169,,,,,,,,0.86189448807092,0.86189448807092,0.8976459113126987,0.8976459113126987,1.2737522738593414,1.2737522738593414,,,,,,,0,,-0.029591394402236015,-0.029591394402236015,-0.028731017940950166,-0.028731017940950166,40.95806794974782,40.95806794974782,,0.8584000110626221,0.8584000110626221,0.9015714299111139,0.9015714299111139,0.9328412687967694,0.9328412687967694,,,0.9408399999141693,,,60435.001695156105,2156786.442972838,,,,,,,
2024-06-27,,,,,,,0.85000002384185790,0.89999997615814210,0.85000002384185790,0.89999997615814210,79100,,,,,0.89999997615814210,,,,,,,,,,,,,,,,,,,,,,,,,,,,,,,,,,,,,,,,,,,,,,,,,,,,,,,,,,,,,,,,,,,,,,,,,,,,,,,,,,,,,,,,,,,,,,,,,,,,,,,,,,,,,,,,,,,,,,,,,,,,,,,,,,,,,,,,,,,,,0.4584205931788276,0.5627011329833171,1.2061947980614052,,,,,0.08853273240308412,,,,,,,,0.8745963174333273,0.8745963174333273,0.897859917207739,0.897859917207739,1.262072514556179,1.262072514556179,,,,,,,0.05715835929975063,,-0.02580763601440561,-0.02580763601440561,-0.028146341555641257,-0.028146341555641257,48.41365791620137,48.41365791620137,,0.8664000034332275,0.8664000034332275,0.9018571433566865,0.9018571433566865,0.9327301572239588,0.9327301572239588,,,0.9417599999904632,,,71189.99811410904,2153187.085772696,,,,,,,
2024-06-28,,,,,,,0.88999998569488530,0.89999997615814210,0.86100000143051150,0.86500000953674320,18600,,,,,0.86500000953674320,,,,,,,,,,,,,,,,,,,,,,,,,,,,,,,,,,,,,,,,,,,,,,,,,,,,,,,,,,,,,,,,,,,,,,,,,,,,,,,,,,,,,,,,,,,,,,,,,,,,,,,,,,,,,,,,,,,,,,,,,,,,,,,,,,,,,,,,,,,,,0.5778734548436083,0.5773845269620125,1.192792828108062,,,,,0.08096757609572239,,,,,,,,0.871397548134466,0.871397548134466,0.8948726528740121,0.8948726528740121,1.2496639987743217,1.2496639987743217,,,,,,,-0.039665218876341175,,-0.025341068962235425,-0.025341068962235425,-0.027585287036960088,-0.027585287036960088,44.205602131224204,44.205602131224204,,0.8666000008583069,0.8666000008583069,0.8999523832684472,0.8999523832684472,0.9333968238225059,0.9333968238225059,,,0.9414999997615814,,,16089.000177383425,2149728.515871839,,,,,,,
2024-07-01,,,,,,,0.85000002384185790,0.87999999523162840,0.85000002384185790,0.86000001430511470,52700,,,,,0.86000001430511470,,,,,,,,,,,,,,,,,,,,,,,,,,,,,,,,,,,,,,,,,,,,,,,,,,,,,,,,,,,,,,,,,,,,,,,,,,,,,,,,,,,,,,,,,,,,,,,,,,,,,,,,,,,,,,,,,,,,,,,,,,,,,,,,,,,,,,,,,,,,,0.5776222806204152,0.5734880245571486,1.189865217382035,,,,,0.04071542373466697,,,,,,,,0.8675983701913489,0.8675983701913489,0.8917024130041122,0.8917024130041122,1.2374869992596589,1.2374869992596589,,,,,,,-0.005797112075608327,,-0.0250855978832889,-0.0250855978832889,-0.02708534920622585,-0.02708534920622585,43.62227981199672,43.62227981199672,,0.8650000095367432,0.8650000095367432,0.8970952402977717,0.8970952402977717,0.9345079348200843,0.9345079348200843,,,0.9411000001430512,,,45322.00075387955,2147144.9602385364,,,,,,,
2024-07-02,,,,,,,1.05999994277954100,1.29999995231628420,0.83200001716613770,0.87999999523162840,35708400,,,,,0.87999999523162840,,,,,,,,,,,,,,,,,,,,,,,,,,,,,,,,,,,,,,,,,,,,,,,,,,,,,,,,,,,,,,,,,,,,,,,,,,,,,,,,,,,,,,,,,,,,,,,,,,,,,,,,,,,,,,,,,,,,,,,,,,,,,,,,,,,,,,,,,,,,,0.5702636045256965,0.4907857274244032,1.1894993349916902,,,,,-0.7623024196741535,,,,,,,,0.8717322452047754,0.8717322452047754,0.8906385568429774,0.8906385568429774,1.226315530383783,1.226315530383783,,,,,,,0.02298949617224055,,-0.023004126646292367,-0.023004126646292367,-0.026269104694239154,-0.026269104694239154,46.65458597182672,46.65458597182672,,0.8710000038146972,0.8710000038146972,0.8913809543564206,0.8913809543564206,0.9355873001946343,0.9355873001946343,,,0.940920000076294,,,31423391.829729084,2642986.4242871604,,,,,,,
2024-07-03,,,,,,,0.84200000762939450,0.85000002384185790,0.70099997520446780,0.82099997997283940,1652500,,,,,0.82099997997283940,,,,,,,,,,,,,,,,,,,,,,,,,,,,,,,,,,,,,,,,,,,,,,,,,,,,,,,,,,,,,,,,,,,,,,,,,,,,,,,,,,,,,,,,,,,,,,,,,,,,,,,,,,,,,,,,,,,,,,,,,,,,,,,,,,,,,,,,,,,,,0.7928408623853989,0.4797019287703844,1.1970546644387934,,,,,-0.7047535773055129,,,,,,,,0.8548214901274633,0.8548214901274633,0.8843077771275103,0.8843077771275103,1.213649419433441,1.213649419433441,,,,,,,-0.06939881699483842,,-0.02581774297246575,-0.02581774297246575,-0.026178832349884475,-0.026178832349884475,39.84599237945353,39.84599237945353,,0.8651999950408935,0.8651999950408935,0.8863333350136167,0.8863333350136167,0.9354444429987953,0.9354444429987953,,,0.9389599990844727,,,1356702.4669051173,2662344.9396786233,,,,,,,
2024-07-05,,,,,,,0.82999998331069950,0.84500002861022950,0.76999998092651370,0.83399999141693120,580000,,,,,0.83399999141693120,,,,,,,,,,,,,,,,,,,,,,,,,,,,,,,,,,,,,,,,,,,,,,,,,,,,,,,,,,,,,,,,,,,,,,,,,,,,,,,,,,,,,,,,,,,,,,,,,,,,,,,,,,,,,,,,,,,,,,,,,,,,,,,,,,,,,,,,,,,,,0.616778896281491,0.4806642959748485,1.1790896483711646,,,,,-0.685445656771511,,,,,,,,0.8478809905572859,0.8478809905572859,0.8797343420629122,0.8797343420629122,1.201785374807925,1.201785374807925,,,,,,,0.01571030700848765,,-0.026690885984925194,-0.026690885984925194,-0.026281243076892617,-0.026281243076892617,41.859342499234515,41.859342499234515,,0.8519999980926514,0.8519999980926514,0.8812857156708127,0.8812857156708127,0.9340793632325672,0.9340793632325672,,,0.9382399988174438,,,483719.9950218201,2662262.9077128,,,,,,,
2024-07-08,,,,,,,0.83399999141693120,0.84399998188018800,0.80000001192092900,0.80099999904632570,513700,,,,,0.80099999904632570,,,,,,,,,,,,,,,,,,,,,,,,,,,,,,,,,,,,,,,,,,,,,,,,,,,,,,,,,,,,,,,,,,,,,,,,,,,,,,,,,,,,,,,,,,,,,,,,,,,,,,,,,,,,,,,,,,,,,,,,,,,,,,,,,,,,,,,,,,,,,0.6185617603202798,0.49532279861081124,1.1816430211786124,,,,,-0.6906267420773478,,,,,,,,0.8322539933869659,0.8322539933869659,0.8725766745159498,0.8725766745159498,1.189260831815375,1.189260831815375,,,,,,,-0.040372446189542714,,-0.029703280773710317,-0.029703280773710317,-0.026965650616256158,-0.026965650616256158,38.35037651126903,38.35037651126903,,0.8391999959945678,0.8391999959945678,0.8751428581419445,0.8751428581419445,0.932222220632765,0.932222220632765,,,0.936839998960495,,,411473.69951009756,2666818.350599115,,,,,,,
2024-07-09,,,,,,,0.80000001192092900,0.81800001859664920,0.76999998092651370,0.81000000238418580,284400,,,,,0.81000000238418580,,,,,,,,,,,,,,,,,,,,,,,,,,,,,,,,,,,,,,,,,,,,,,,,,,,,,,,,,,,,,,,,,,,,,,,,,,,,,,,,,,,,,,,,,,,,,,,,,,,,,,,,,,,,,,,,,,,,,,,,,,,,,,,,,,,,,,,,,,,,,0.6462282779935512,0.4961958383003527,1.1652336235021197,,,,,-0.6813765664585955,,,,,,,,0.8248359963860392,0.8248359963860392,0.8668878861403349,0.8668878861403349,1.1774089308956504,1.1774089308956504,,,,,,,0.011173304732169046,,-0.031006971230579272,-0.031006971230579272,-0.027773914739120782,-0.027773914739120782,39.831760262583444,39.831760262583444,,0.8291999936103821,0.8291999936103821,0.8703809522447132,0.8703809522447132,0.929047617647383,0.929047617647383,,,0.9354399991035461,,,230364.00067806244,2663655.01734094,,,,,,,
2024-07-10,,,,,,,0.81000000238418580,0.81999999284744260,0.75999999046325680,0.80000001192092900,239500,,,,,0.80000001192092900,,,,,,,,,,,,,,,,,,,,,,,,,,,,,,,,,,,,,,,,,,,,,,,,,,,,,,,,,,,,,,,,,,,,,,,,,,,,,,,,,,,,,,,,,,,,,,,,,,,,,,,,,,,,,,,,,,,,,,,,,,,,,,,,,,,,,,,,,,,,,0.5698981544538646,0.49319713536815263,1.1652997117884434,,,,,-0.6758713359771761,,,,,,,,0.8165573348976691,0.8165573348976691,0.8608071703022071,0.8608071703022071,1.1656149021776905,1.1656149021776905,,,,,,,-0.01242250804083518,,-0.032472745372140066,-0.032472745372140066,-0.028713680865724636,-0.028713680865724636,38.71849859622522,38.71849859622522,,0.8131999969482422,0.8131999969482422,0.8660952392078581,0.8660952392078581,0.9258730146620009,0.9258730146620009,,,0.9338399994373322,,,191600.0028550625,2662423.271354513,,,,,,,
2024-07-11,,,,,,,0.82999998331069950,0.88800001144409180,0.79699999094009400,0.87999999523162840,572300,,,,,0.87999999523162840,,,,,,,,,,,,,,,,,,,,,,,,,,,,,,,,,,,,,,,,,,,,,,,,,,,,,,,,,,,,,,,,,,,,,,,,,,,,,,,,,,,,,,,,,,,,,,,,,,,,,,,,,,,,,,,,,,,,,,,,,,,,,,,,,,,,,,,,,,,,,0.8046315351898773,0.5919785616297801,1.1818428276412904,,,,,-0.6573328277100965,,,,,,,,0.8377048883423223,0.8377048883423223,0.8625519725685181,0.8625519725685181,1.156689436335626,1.156689436335626,,,,,,,0.09531015948455968,,-0.026869319089351085,-0.026869319089351085,-0.028344808510449928,-0.028344808510449928,50.61099494862245,50.61099494862245,,0.825,0.825,0.864238094715845,0.864238094715845,0.9241269826889038,0.9241269826889038,,,0.9328399991989136,,,503623.997271061,2664683.1601448474,,,,,,,
2024-07-12,,,,,,,0.87599998712539670,1.02999997138977050,0.85000002384185790,1.02999997138977050,980000,,,,,1.02999997138977050,,,,,,,,,,,,,,,,,,,,,,,,,,,,,,,,,,,,,,,,,,,,,,,,,,,,,,,,,,,,,,,,,,,,,,,,,,,,,,,,,,,,,,,,,,,,,,,,,,,,,,,,,,,,,,,,,,,,,,,,,,,,,,,,,,,,,,,,,,,,,1.3007026412645109,0.7987097563301462,1.2239545230428415,,,,,-0.6189491568533243,,,,,,,,0.9018032493581383,0.9018032493581383,0.8777745179159047,0.8777745179159047,1.152730390556068,1.152730390556068,,,,,,,0.15739215139311105,,-0.010207157161851499,-0.010207157161851499,-0.02471727824073024,-0.02471727824073024,64.51579358081831,64.51579358081831,,0.8641999959945679,0.8641999959945679,0.8709047607013157,0.8709047607013157,0.9246507920916118,0.9246507920916118,,,0.9238399982452392,,,1009399.9719619751,2678966.1708475105,,,,,,,
2024-07-15,,,,,,,0.94999998807907100,0.97200000286102300,0.84899997711181640,0.87999999523162840,600000,,,,,0.87999999523162840,,,,,,,,,,,,,,,,,,,,,,,,,,,,,,,,,,,,,,,,,,,,,,,,,,,,,,,,,,,,,,,,,,,,,,,,,,,,,,,,,,,,,,,,,,,,,,,,,,,,,,,,,,,,,,,,,,,,,,,,,,,,,,,,,,,,,,,,,,,,,1.8972905036149388,0.9804413219688464,1.2474794346961446,,,,,-0.6165593392022558,,,,,,,,0.894535497982635,0.894535497982635,0.877976834035516,0.877976834035516,1.1442075657021793,1.1442075657021793,,,,,,,-0.157392151393111,,-0.00900224597586341,-0.00900224597586341,-0.021574271787756876,-0.021574271787756876,49.505940921497334,49.505940921497334,,0.8799999952316284,0.8799999952316284,0.8709047607013157,0.8709047607013157,0.9243333320769053,0.9243333320769053,,,0.9154399991035461,,,527999.9971389772,2683078.5518675568,,,,,,,
2024-07-16,,,,,,,0.86000001430511470,0.89999997615814210,0.78100001811981200,0.85500001907348630,295400,,,,,0.85500001907348630,,,,,,,,,,,,,,,,,,,,,,,,,,,,,,,,,,,,,,,,,,,,,,,,,,,,,,,,,,,,,,,,,,,,,,,,,,,,,,,,,,,,,,,,,,,,,,,,,,,,,,,,,,,,,,,,,,,,,,,,,,,,,,,,,,,,,,,,,,,,,1.9284241901988164,0.9817275556780893,1.2381073618048266,,,,,-0.6132142204204469,,,,,,,,0.8813570050129188,0.8813570050129188,0.8758880326753314,0.8758880326753314,1.1351698298700326,1.1351698298700326,,,,,,,-0.028820410808717133,,-0.00994993763505947,-0.00994993763505947,-0.019249404957217393,-0.019249404957217393,47.52152000232092,47.52152000232092,,0.8889999985694885,0.8889999985694885,0.8687619056020465,0.8687619056020465,0.9247301580413939,0.9247301580413939,,,0.9091400003433228,,,252567.00563430786,2684266.869474025,,,,,,,
2024-07-17,,,,,,,0.85900002717971800,0.87999999523162840,0.80800002813339230,0.86000001430511470,52900,,,,,0.86000001430511470,,,,,,,,,,,,,,,,,,,,,,,,,,,,,,,,,,,,,,,,,,,,,,,,,,,,,,,,,,,,,,,,,,,,,,,,,,,,,,,,,,,,,,,,,,,,,,,,,,,,,,,,,,,,,,,,,,,,,,,,,,,,,,,,,,,,,,,,,,,,,1.9188984867384065,0.9712163218718255,1.2368504404275724,,,,,-0.617830544678476,,,,,,,,0.8742380081103174,0.8742380081103174,0.8744436673689481,0.8744436673689481,1.126570773133629,1.126570773133629,,,,,,,0.0058309146364764605,,-0.010180181479085282,-0.010180181479085282,-0.01743556026159097,-0.01743556026159097,47.97071920738234,47.97071920738234,,0.9009999990463257,0.9009999990463257,0.8651904775982812,0.8651904775982812,0.9248253968026903,0.9248253968026903,,,0.9037400007247924,,,45494.00075674057,2684068.5742777493,,,,,,,
2024-07-18,,,,,,,0.87199997901916500,0.88099998235702510,0.83999997377395630,0.83999997377395630,35000,,,,,0.83999997377395630,,,,,,,,,,,,,,,,,,,,,,,,,,,,,,,,,,,,,,,,,,,,,,,,,,,,,,,,,,,,,,,,,,,,,,,,,,,,,,,,,,,,,,,,,,,,,,,,,,,,,,,,,,,,,,,,,,,,,,,,,,,,,,,,,,,,,,,,,,,,,1.7842067295152335,0.9683485729587414,1.2364482204301512,,,,,-0.6187010871763582,,,,,,,,0.862825329998197,0.862825329998197,0.8713124224966761,0.8713124224966761,1.1176154356536392,1.1176154356536392,,,,,,,-0.023530545265529317,,-0.011840003319721126,-0.011840003319721126,-0.016316448873217003,-0.016316448873217003,46.264815416461836,46.264815416461836,,0.8929999947547913,0.8929999947547913,0.8620952396165757,0.8620952396165757,0.9242222214502002,0.9242222214502002,,,0.9003400003910065,,,29399.999082088474,2683580.5901133823,,,,,,,
2024-07-19,,,,,,,0.86299997568130490,0.88800001144409180,0.82999998331069950,0.82999998331069950,39700,,,,,0.82999998331069950,,,,,,,,,,,,,,,,,,,,,,,,,,,,,,,,,,,,,,,,,,,,,,,,,,,,,,,,,,,,,,,,,,,,,,,,,,,,,,,,,,,,,,,,,,,,,,,,,,,,,,,,,,,,,,,,,,,,,,,,,,,,,,,,,,,,,,,,,,,,,1.035270562832943,0.9685390835671162,1.2366372402723795,,,,,-0.6220766469886851,,,,,,,,0.8518835477690312,0.8518835477690312,0.8675567462070418,0.8675567462070418,1.1086274527679223,1.1086274527679223,,,,,,,-0.011976179932825855,,-0.013803224760938204,-0.013803224760938204,-0.015813804050761243,-0.015813804050761243,45.39556457517238,45.39556457517238,,0.852999997138977,0.852999997138977,0.8589523803620112,0.8589523803620112,0.9234285704673283,0.9234285704673283,,,0.8957400012016297,,,32950.999337434776,2683240.383758337,,,,,,,
2024-07-22,,,,,,,0.82999998331069950,0.84799998998641970,0.81000000238418580,0.84799998998641970,60800,,,,,0.84799998998641970,,,,,,,,,,,,,,,,,,,,,,,,,,,,,,,,,,,,,,,,,,,,,,,,,,,,,,,,,,,,,,,,,,,,,,,,,,,,,,,,,,,,,,,,,,,,,,,,,,,,,,,,,,,,,,,,,,,,,,,,,,,,,,,,,,,,,,,,,,,,,0.33181466044498503,0.9623269966419801,1.2372545088940572,,,,,-0.6196386602604173,,,,,,,,0.8505890285081606,0.8505890285081606,0.8657788592778944,0.8657788592778944,1.1004828445560002,1.1004828445560002,,,,,,,0.021454943300383188,,-0.013748161542621262,-0.013748161542621262,-0.015400675549133247,-0.015400675549133247,47.31442665364115,47.31442665364115,,0.8465999960899353,0.8465999960899353,0.8583809506325495,0.8583809506325495,0.9227777766802955,0.9227777766802955,,,0.8931000006198883,,,51558.399391174324,2682323.1043863865,,,,,,,
2024-07-23,,,,,,,0.93500000238418580,0.93500000238418580,0.87199997901916500,0.90399998426437380,211400,,,,,0.90399998426437380,,,,,,,,,,,,,,,,,,,,,,,,,,,,,,,,,,,,,,,,,,,,,,,,,,,,,,,,,,,,,,,,,,,,,,,,,,,,,,,,,,,,,,,,,,,,,,,,,,,,,,,,,,,,,,,,,,,,,,,,,,,,,,,,,,,,,,,,,,,,,0.541815672673285,0.9880376691330855,1.2422035206324065,,,,,-0.6163224329022065,,,,,,,,0.8683926804268984,0.8683926804268984,0.869253507003938,0.869253507003938,1.094342755171887,1.094342755171887,,,,,,,0.06394871900207438,,-0.009081110628118894,-0.009081110628118894,-0.014136762564930376,-0.014136762564930376,52.864102530824695,52.864102530824695,,0.8563999891281128,0.8563999891281128,0.8602857107207889,0.8602857107207889,0.9225396807231601,0.9225396807231601,,,0.8917599999904633,,,191105.59667348862,2683311.3868074757,,,,,,,
2024-07-24,,,,,,,0.93000000715255740,0.94300001859664920,0.89999997615814210,0.91000002622604370,164400,,,,,0.91000002622604370,,,,,,,,,,,,,,,,,,,,,,,,,,,,,,,,,,,,,,,,,,,,,,,,,,,,,,,,,,,,,,,,,,,,,,,,,,,,,,,,,,,,,,,,,,,,,,,,,,,,,,,,,,,,,,,,,,,,,,,,,,,,,,,,,,,,,,,,,,,,,0.5413593814889818,0.988124595132982,1.2373082918154192,,,,,-0.6168057687339562,,,,,,,,0.8822617956932801,0.8822617956932801,0.8729577360241294,0.8729577360241294,1.0885820448923293,1.0885820448923293,,,,,,,0.006615285345213411,,-0.004842464990149065,-0.004842464990149065,-0.012277903049974113,-0.012277903049974113,53.4301228082138,53.4301228082138,,0.8663999915122986,0.8663999915122986,0.8622857133547465,0.8622857133547465,0.9231746016986786,0.9231746016986786,,,0.8905599999427796,,,149604.00431156158,2682929.6725750915,,,,,,,
2024-07-25,,,,,,,0.93999999761581420,0.93999999761581420,0.89999997615814210,0.89999997615814210,125800,,,,,0.89999997615814210,,,,,,,,,,,,,,,,,,,,,,,,,,,,,,,,,,,,,,,,,,,,,,,,,,,,,,,,,,,,,,,,,,,,,,,,,,,,,,,,,,,,,,,,,,,,,,,,,,,,,,,,,,,,,,,,,,,,,,,,,,,,,,,,,,,,,,,,,,,,,0.4961285855973617,0.985786570579697,1.2375313640808039,,,,,-0.6184659275481952,,,,,,,,0.8881745225149008,0.8881745225149008,0.8754161214908578,0.8754161214908578,1.082688855244386,1.082688855244386,,,,,,,-0.011049891497366387,,-0.0022641287835933888,-0.0022641287835933888,-0.010275148196697968,-0.010275148196697968,52.302826870981804,52.302826870981804,,0.8783999919891358,0.8783999919891358,0.8646666634650457,0.8646666634650457,0.9236349189092242,0.9236349189092242,,,0.8891199994087219,4.225119991600513,0,113219.99700069427,2683288.9741281667,,,,,,,
2024-07-26,,,,,,,0.92000001668930050,0.92000001668930050,0.88200002908706670,0.89999997615814210,122100,,,,,0.89999997615814210,,,,,,,,,,,,,,,,,,,,,,,,,,,,,,,,,,,,,,,,,,,,,,,,,,,,,,,,,,,,,,,,,,,,,,,,,,,,,,,,,,,,,,,,,,,,,,,,,,,,,,,,,,,,,,,,,,,,,,,,,,,,,,,,,,,,,,,,,,,,,0.46311803891673947,0.985786570579697,1.2373726107392935,,,,,-0.616196097519986,,,,,,,,0.8921163403959812,0.8921163403959812,0.8776510173697019,0.8776510173697019,1.076979827772941,1.076979827772941,,,,,,,0,,-0.00021826276667846756,-0.00021826276667846756,-0.008263771110694068,-0.008263771110694068,52.302826870981804,52.302826870981804,,0.8923999905586243,0.8923999905586243,0.867047613575345,0.867047613575345,0.9239523789239308,0.9239523789239308,,,0.8885399985313416,4.204619991481304,0,109889.99708890915,2683005.0693310443,,,,,,,
2024-07-29,,,,,,,0.93000000715255740,0.93000000715255740,0.89499998092651370,0.91000002622604370,81000,,,,,0.91000002622604370,,,,,,,,,,,,,,,,,,,,,,,,,,,,,,,,,,,,,,,,,,,,,,,,,,,,,,,,,,,,,,,,,,,,,,,,,,,,,,,,,,,,,,,,,,,,,,,,,,,,,,,,,,,,,,,,,,,,,,,,,,,,,,,,,,,,,,,,,,,,,0.4615596850288789,0.9664550830258227,1.2375570033812593,,,,,-0.6183074264074765,,,,,,,,0.8980775690060021,0.8980775690060021,0.8805918363566421,0.8805918363566421,1.0717617089746003,1.0717617089746003,,,,,,,0.011049891497366392,,0.00218483583052842,0.00218483583052842,-0.006174049722449571,-0.006174049722449571,53.44206585502475,53.44206585502475,,0.9047999978065491,0.9047999978065491,0.8675238064357212,0.8675238064357212,0.9244285698920961,0.9244285698920961,,,0.8881399989128113,4.183669992089271,0,73710.00212430954,2683718.3074624767,,,,,,,
2024-07-30,,,,,,,0.90499997138977050,0.95999997854232790,0.90499997138977050,0.93999999761581420,144400,,,,,0.93999999761581420,,,,,,,,,,,,,,,,,,,,,,,,,,,,,,,,,,,,,,,,,,,,,,,,,,,,,,,,,,,,,,,,,,,,,,,,,,,,,,,,,,,,,,,,,,,,,,,,,,,,,,,,,,,,,,,,,,,,,,,,,,,,,,,,,,,,,,,,,,,,,0.2553549804852938,0.9609329393094803,1.2342915465768547,,,,,-0.6152039272538709,,,,,,,,0.9120517118759395,0.9120517118759395,0.885992578289294,0.885992578289294,1.0676441554946383,1.0676441554946383,,,,,,,0.03243524439695832,,0.006435867083586455,0.006435867083586455,-0.0036520663612423657,-0.0036520663612423657,56.77737921787396,56.77737921787396,,0.9120000004768372,0.9120000004768372,0.8710952344394866,0.8710952344394866,0.9245872998994494,0.9245872998994494,,,0.8883399987220764,4.1623699930310245,0,135735.9996557236,2680691.418528273,,,,,,,
2024-07-31,,,,,,,0.89499998092651370,0.95999997854232790,0.81499999761581420,0.95200002193450930,3629200,,,,,0.95200002193450930,,,,,,,,,,,,,,,,,,,,,,,,,,,,,,,,,,,,,,,,,,,,,,,,,,,,,,,,,,,,,,,,,,,,,,,,,,,,,,,,,,,,,,,,,,,,,,,,,,,,,,,,,,,,,,,,,,,,,,,,,,,,,,,,,,,,,,,,,,,,,0.2571950234419855,0.9607013368283086,0.7963602920261857,,,,,-0.49703860930555566,,,,,,,,0.9253678152287961,0.9253678152287961,0.8919932549843136,0.8919932549843136,1.0640302763208842,1.0640302763208842,,,,,,,0.012685185104134213,,0.010650370807746112,0.010650370807746112,-0.0007915789274446701,-0.0007915789274446701,58.07127867011816,58.07127867011816,,0.9203999996185303,0.9203999996185303,0.8754761871837434,0.8754761871837434,0.9162063475639101,0.9162063475639101,,,0.8883799993991852,4.143429994285107,0,3454998.4796047215,847484.8938723407,,,,,,,
2024-08-01,,,,,,,0.88999998569488530,0.93999999761581420,0.87999999523162840,0.93999999761581420,483100,,,,,0.93999999761581420,,,,,,,,,,,,,,,,,,,,,,,,,,,,,,,,,,,,,,,,,,,,,,,,,,,,,,,,,,,,,,,,,,,,,,,,,,,,,,,,,,,,,,,,,,,,,,,,,,,,,,,,,,,,,,,,,,,,,,,,,,,,,,,,,,,,,,,,,,,,,0.2653681249244097,0.9601575422015477,0.7564860479579241,,,,,0.5481202305350812,,,,,,,,0.9302452093578021,0.9302452093578021,0.89635750431445,0.89635750431445,1.0601543301113507,1.0601543301113507,,,,,,,-0.012685185104134215,,0.01287369377067904,0.01287369377067904,0.0019414756121800718,0.0019414756121800718,56.257620345187334,56.257620345187334,,0.9284000039100647,0.9284000039100647,0.878333330154419,0.878333330154419,0.9104920625686646,0.9104920625686646,,,0.8885799992084503,4.123079993128776,0,454113.9988481999,789117.3407038054,,,,,,,
2024-08-02,,,,,,,0.91000002622604370,0.97000002861022950,0.87000000476837160,0.94999998807907100,1027600,,,,,0.94999998807907100,,,,,,,,,,,,,,,,,,,,,,,,,,,,,,,,,,,,,,,,,,,,,,,,,,,,,,,,,,,,,,,,,,,,,,,,,,,,,,,,,,,,,,,,,,,,,,,,,,,,,,,,,,,,,,,,,,,,,,,,,,,,,,,,,,,,,,,,,,,,,0.2539053797725291,0.923288023461033,0.7291023360850186,,,,,0.5432226345608332,,,,,,,,0.936830135598225,0.936830135598225,0.9012340937475974,0.9012340937475974,1.0567120069228422,1.0567120069228422,,,,,,,0.010582099318558432,,0.015266624747018231,0.015266624747018231,0.004606505439147704,0.004606505439147704,57.45021697488326,57.45021697488326,,0.9384000062942505,0.9384000062942505,0.8844761876832872,0.8844761876832872,0.9069999995685759,0.9069999995685759,,,0.8897199988365173,4.102879994213581,0,976219.9877500535,775138.1828603292,,,,,,,
2024-08-05,,,,,,,0.87000000476837160,0.94999998807907100,0.86000001430511470,0.94900000095367430,721100,,,,,0.94900000095367430,,,,,,,,,,,,,,,,,,,,,,,,,,,,,,,,,,,,,,,,,,,,,,,,,,,,,,,,,,,,,,,,,,,,,,,,,,,,,,,,,,,,,,,,,,,,,,,,,,,,,,,,,,,,,,,,,,,,,,,,,,,,,,,,,,,,,,,,,,,,,0.26737645533376764,0.9231099719559777,0.7262985586263221,,,,,0.5642708870194165,,,,,,,,0.9408867573833748,0.9408867573833748,0.9055764489481498,0.9055764489481498,1.0533460067363056,1.0533460067363056,,,,,,,-0.001053172431386941,,0.01688767853617512,0.01688767853617512,0.007062740058553187,0.007062740058553187,57.282031266726406,57.282031266726406,,0.9462000012397767,0.9462000012397767,0.8899523786136082,0.8899523786136082,0.9041269837863861,0.9041269837863861,,,0.8904599988460541,4.0830249938368794,0,684323.9006876945,775986.5146595335,,,,,,,
2024-08-06,,,,,,,0.92000001668930050,0.94999998807907100,0.90399998426437380,0.90799999237060550,258100,,,,,0.90799999237060550,,,,,,,,,,,,,,,,,,,,,,,,,,,,,,,,,,,,,,,,,,,,,,,,,,,,,,,,,,,,,,,,,,,,,,,,,,,,,,,,,,,,,,,,,,,,,,,,,,,,,,,,,,,,,,,,,,,,,,,,,,,,,,,,,,,,,,,,,,,,,0.3676492033376037,0.9256080576773521,0.6967375558600366,,,,,0.6058740314249007,,,,,,,,0.9299245023791184,0.9299245023791184,0.905796771077464,0.905796771077464,1.0488039437873775,1.0488039437873775,,,,,,,-0.044164429415977015,,0.014694626791296295,0.014694626791296295,0.008589117405101808,0.008589117405101808,50.72518131338272,50.72518131338272,,0.9398000001907348,0.9398000001907348,0.8950476163909549,0.8950476163909549,0.9025079361976139,0.9025079361976139,,,0.8909999990463257,4.062964993417263,0,234354.79803085327,768666.9718753725,,,,,,,
2024-08-07,,,,,,,0.94900000095367430,0.98000001907348630,0.85699999332427980,0.93500000238418580,2155800,,,,,0.93500000238418580,,,,,,,,,,,,,,,,,,,,,,,,,,,,,,,,,,,,,,,,,,,,,,,,,,,,,,,,,,,,,,,,,,,,,,,,,,,,,,,,,,,,,,,,,,,,,,,,,,,,,,,,,,,,,,,,,,,,,,,,,,,,,,,,,,,,,,,,,,,,,0.43605686538700833,0.9290161274144891,0.6922132467751434,,,,,0.5437846756433854,,,,,,,,0.9316163357141408,0.9316163357141408,0.9084516102871659,0.9084516102871659,1.0452475706185278,1.0452475706185278,,,,,,,0.029302161639742003,,0.014962810675550942,0.014962810675550942,0.009863856059191635,0.009863856059191635,54.424903336802906,54.424903336802906,,0.9363999962806702,0.9363999962806702,0.9009999973433358,0.9009999973433358,0.9005238101595924,0.9005238101595924,,,0.8924999988079071,4.039639993906021,0,2015673.0051398277,794784.6706869111,,,,,,,
2024-08-08,,,,,,,0.89499998092651370,1.10000002384185800,0.87099999189376830,1.00999999046325680,2336500,,,,,1.00999999046325680,,,,,,,,,,,,,,,,,,,,,,,,,,,,,,,,,,,,,,,,,,,,,,,,,,,,,,,,,,,,,,,,,,,,,,,,,,,,,,,,,,,,,,,,,,,,,,,,,,,,,,,,,,,,,,,,,,,,,,,,,,,,,,,,,,,,,,,,,,,,,0.7029709202931332,0.9570259880084149,0.69230490455052,,,,,0.49269429923910046,,,,,,,,0.9577442206305128,0.9577442206305128,0.9176832812122652,0.9176832812122652,1.0441460837386756,1.0441460837386756,,,,,,,0.07715906855436684,,0.020985314925356713,0.020985314925356713,0.01208814783242465,0.01208814783242465,62.78394275931139,62.78394275931139,,0.9503999948501587,0.9503999948501587,0.9109999963215419,0.9109999963215419,0.9010000001816523,0.9010000001816523,,,0.8948199987411499,4.017189993858337,0,2359864.9777173996,828798.8448693639,,,,,,,
2024-08-09,,,,,,,1.00999999046325680,1.12999999523162840,0.94099998474121090,0.99000000953674320,1704100,,,,,0.99000000953674320,,,,,,,,,,,,,,,,,,,,,,,,,,,,,,,,,,,,,,,,,,,,,,,,,,,,,,,,,,,,,,,,,,,,,,,,,,,,,,,,,,,,,,,,,,,,,,,,,,,,,,,,,,,,,,,,,,,,,,,,,,,,,,,,,,,,,,,,,,,,,0.7455770558244375,0.9114583226540631,0.6932535233628038,,,,,0.37122393824841216,,,,,,,,0.968496150265923,0.968496150265923,0.9242575292417632,0.9242575292417632,1.0424540189198652,1.0424540189198652,,,,,,,-0.020000647631275507,,0.02386921219901128,0.02386921219901128,0.014444360705741977,0.014444360705741977,59.64244135849477,59.64244135849477,,0.9583999991416932,0.9583999991416932,0.9162380922408331,0.9162380922408331,0.9013015873848446,0.9013015873848446,,,0.8965199995040893,3.9898899948596953,0,1687059.0162515643,853609.3577938422,,,,,,,
2024-08-12,,,,,,,1.02999997138977050,1.13999998569488530,0.94999998807907100,1.00999999046325680,1117300,,,,,1.00999999046325680,,,,,,,,,,,,,,,,,,,,,,,,,,,,,,,,,,,,,,,,,,,,,,,,,,,,,,,,,,,,,,,,,,,,,,,,,,,,,,,,,,,,,,,,,,,,,,,,,,,,,,,,,,,,,,,,,,,,,,,,,,,,,,,,,,,,,,,,,,,,,0.7440094491861576,0.7292179154921058,0.6943636809300765,,,,,0.2773391264968272,,,,,,,,0.9823307636650342,0.9823307636650342,0.9320522984437171,0.9320522984437171,1.041439830530596,1.041439830530596,,,,,,,0.02000064763127551,,0.027452102134627676,0.027452102134627676,0.017045908991519115,0.017045908991519115,61.70594262291995,61.70594262291995,,0.9705999970436097,0.9705999970436097,0.9152857121967134,0.9152857121967134,0.9019365074142577,0.9019365074142577,,,0.8983199989795685,3.958089995384216,0,1128472.9893445969,869641.6750295769,,,,,,,
2024-08-13,,,,,,,1.04999995231628420,1.04999995231628420,0.92799997329711910,0.95999997854232790,358900,,,,,0.95999997854232790,,,,,,,,,,,,,,,,,,,,,,,,,,,,,,,,,,,,,,,,,,,,,,,,,,,,,,,,,,,,,,,,,,,,,,,,,,,,,,,,,,,,,,,,,,,,,,,,,,,,,,,,,,,,,,,,,,,,,,,,,,,,,,,,,,,,,,,,,,,,,0.7764634693475214,0.4977918177807092,0.7019235750198531,,,,,0.29015287354589653,,,,,,,,0.9748871686241322,0.9748871686241322,0.9345929966344999,0.9345929966344999,1.0388948351559628,1.0388948351559628,,,,,,,-0.05077233828284527,,0.02595776022571028,0.02595776022571028,0.018828279238357348,0.018828279238357348,54.239394096113855,54.239394096113855,,0.9809999942779541,0.9809999942779541,0.9190952352115086,0.9190952352115086,0.9017460308377705,0.9017460308377705,,,0.8975199985504151,3.925189995467663,0,344543.9922988415,870776.7415612465,,,,,,,
2024-08-14,,,,,,,0.94900000095367430,0.94900000095367430,0.91000002622604370,0.92000001668930050,187600,,,,,0.92000001668930050,,,,,,,,,,,,,,,,,,,,,,,,,,,,,,,,,,,,,,,,,,,,,,,,,,,,,,,,,,,,,,,,,,,,,,,,,,,,,,,,,,,,,,,,,,,,,,,,,,,,,,,,,,,,,,,,,,,,,,,,,,,,,,,,,,,,,,,,,,,,,0.8358802410472631,0.5113460929799551,0.7012427617188647,,,,,0.2813557402678249,,,,,,,,0.9565914513125215,0.9565914513125215,0.9332663620940272,0.9332663620940272,1.0351793720788796,1.0351793720788796,,,,,,,-0.04255957392650997,,0.02130028444867349,0.02130028444867349,0.019322680280420577,0.019322680280420577,49.11885925210592,49.11885925210592,,0.977999997138977,0.977999997138977,0.922190473193214,0.922190473193214,0.9016031736419314,0.9016031736419314,,,0.8973799991607666,3.882289995551109,0,172592.00313091278,868773.9732547413,,,,,,,
2024-08-15,,,,,,,0.93000000715255740,0.93999999761581420,0.90100002288818360,0.92100000381469730,138800,,,,,0.92100000381469730,,,,,,,,,,,,,,,,,,,,,,,,,,,,,,,,,,,,,,,,,,,,,,,,,,,,,,,,,,,,,,,,,,,,,,,,,,,,,,,,,,,,,,,,,,,,,,,,,,,,,,,,,,,,,,,,,,,,,,,,,,,,,,,,,,,,,,,,,,,,,0.4688042781893117,0.5113364540124136,0.7012428370473535,,,,,0.2784343650863719,,,,,,,,0.9447276354799135,0.9447276354799135,0.9321512386140881,0.9321512386140881,1.0316112668206239,1.0316112668206239,,,,,,,0.0010863522135849653,,0.017488297733663116,0.017488297733663116,0.018955803771069084,0.018955803771069084,49.247854709187514,49.247854709187514,,0.9601999998092652,0.9601999998092652,0.9250952345984322,0.9250952345984322,0.9014603164460924,0.9014603164460924,,,0.8969999992847443,3.8339949959516524,0,127834.80052948,865996.6208452272,,,,,,,
2024-08-16,,,,,,,0.92199999094009400,0.94999998807907100,0.92199999094009400,0.93999999761581420,44000,,,,,0.93999999761581420,,,,,,,,,,,,,,,,,,,,,,,,,,,,,,,,,,,,,,,,,,,,,,,,,,,,,,,,,,,,,,,,,,,,,,,,,,,,,,,,,,,,,,,,,,,,,,,,,,,,,,,,,,,,,,,,,,,,,,,,,,,,,,,,,,,,,,,,,,,,,0.54242031365416,0.5049447246880557,0.7024492986253819,,,,,0.28141652765225944,,,,,,,,0.9431517561918804,0.9431517561918804,0.9328647621596996,0.9328647621596996,1.0287484146579735,1.0287484146579735,,,,,,,0.020419832330466826,,0.015818070636423043,0.015818070636423043,0.018328257144139878,0.018328257144139878,51.750800384335086,51.750800384335086,,0.9501999974250793,0.9501999974250793,0.9298571404956636,0.9298571404956636,0.9016190464534457,0.9016190464534457,,,0.8971999990940094,3.770194996893406,0,41359.99989509583,862494.7001766592,,,,,,,
2024-08-19,,,,,,,0.94999998807907100,0.95999997854232790,0.93999999761581420,0.95999997854232790,117100,,,,,0.95999997854232790,,,,,,,,,,,,,,,,,,,,,,,,,,,,,,,,,,,,,,,,,,,,,,,,,,,,,,,,,,,,,,,,,,,,,,,,,,,,,,,,,,,,,,,,,,,,,,,,,,,,,,,,,,,,,,,,,,,,,,,,,,,,,,,,,,,,,,,,,,,,,0.5461716952311566,0.5036210567276842,0.702422084520463,,,,,0.29030568900873976,,,,,,,,0.9487678303086963,0.9487678303086963,0.9353316000126658,0.9353316000126658,1.0266000260293595,1.0266000260293595,,,,,,,0.02105338938245812,,0.01592466531350456,0.01592466531350456,0.017847538778012813,0.017847538778012813,54.30539923182782,54.30539923182782,,0.9401999950408936,0.9401999950408936,0.9360476164590745,0.9360476164590745,0.9017777764607989,0.9017777764607989,,,0.8981999981403351,3.7211949956417083,0,112415.9974873066,860044.7954280037,,,,,,,
2024-08-20,,,,,,,0.94999998807907100,0.96299999952316280,0.93999999761581420,0.95899999141693120,134000,,,,,0.95899999141693120,,,,,,,,,,,,,,,,,,,,,,,,,,,,,,,,,,,,,,,,,,,,,,,,,,,,,,,,,,,,,,,,,,,,,,,,,,,,,,,,,,,,,,,,,,,,,,,,,,,,,,,,,,,,,,,,,,,,,,,,,,,,,,,,,,,,,,,,,,,,,0.4104090823983986,0.501470261483783,0.7010758352172112,,,,,0.2906556256056058,,,,,,,,0.9521785506781079,0.9521785506781079,0.9374832719585081,0.9374832719585081,1.0244875249477212,1.0244875249477212,,,,,,,-0.0010421961767212618,,0.015746930941517023,0.015746930941517023,0.017427417210713655,0.017427417210713655,54.15102004435724,54.15102004435724,,0.9399999976158142,0.9399999976158142,0.9413333308129084,0.9413333308129084,0.9022380936713446,0.9022380936713446,,,0.899579998254776,3.6716399961709976,0,128505.99884986879,859640.001740153,,,,,,,
2024-08-21,,,,,,,0.95899999141693120,0.97899997234344480,0.92100000381469730,0.95499998331069950,199300,,,,,0.95499998331069950,,,,,,,,,,,,,,,,,,,,,,,,,,,,,,,,,,,,,,,,,,,,,,,,,,,,,,,,,,,,,,,,,,,,,,,,,,,,,,,,,,,,,,,,,,,,,,,,,,,,,,,,,,,,,,,,,,,,,,,,,,,,,,,,,,,,,,,,,,,,,0.1946054661695663,0.4554528992464464,0.6961676137793451,,,,,0.2929194304606636,,,,,,,,0.9531190282223051,0.9531190282223051,0.9390757002632528,0.9390757002632528,1.0223160392715642,1.0223160392715642,,,,,,,-0.004179742928395792,,0.015109139194972365,0.015109139194972365,0.016963761607565398,0.016963761607565398,53.49590522007943,53.49590522007943,,0.946999990940094,0.946999990940094,0.9437619021960667,0.9437619021960667,0.9032222202845982,0.9032222202845982,,,0.9002999973297119,3.6155149945616722,0,190331.49667382243,859863.0699204075,,,,,,,
2024-08-22,,,,,,,0.97699999809265140,0.97699999809265140,0.93000000715255740,0.93500000238418580,183300,,,,,0.93500000238418580,,,,,,,,,,,,,,,,,,,,,,,,,,,,,,,,,,,,,,,,,,,,,,,,,,,,,,,,,,,,,,,,,,,,,,,,,,,,,,,,,,,,,,,,,,,,,,,,,,,,,,,,,,,,,,,,,,,,,,,,,,,,,,,,,,,,,,,,,,,,,0.28410481274473415,0.46248957071077673,0.6963613508957136,,,,,0.2888653846709224,,,,,,,,0.947079352942932,0.947079352942932,0.9387051822742467,0.9387051822742467,1.0195874131188338,1.0195874131188338,,,,,,,-0.02116479116640452,,0.01284182081029428,0.01284182081029428,0.016139373448111175,0.016139373448111175,50.2241785033478,50.2241785033478,,0.9497999906539917,0.9497999906539917,0.9449523772512164,0.9449523772512164,0.903587299679953,0.903587299679953,,,0.9011999976634979,3.559764994382858,0,171385.50043702126,860925.9508788587,,,,,,,
2024-08-23,,,,,,,0.93000000715255740,0.94900000095367430,0.92000001668930050,0.93000000715255740,256500,,,,,0.93000000715255740,,,,,,,,,,,,,,,,,,,,,,,,,,,,,,,,,,,,,,,,,,,,,,,,,,,,,,,,,,,,,,,,,,,,,,,,,,,,,,,,,,,,,,,,,,,,,,,,,,,,,,,,,,,,,,,,,,,,,,,,,,,,,,,,,,,,,,,,,,,,,0.24017540142521138,0.4609945765163161,0.6928391381451499,,,,,0.2894135588830135,,,,,,,,0.9413862376794738,0.9413862376794738,0.9379138027177295,0.9379138027177295,1.0167878066823877,1.0167878066823877,,,,,,,-0.005361938000394748,,0.01052022620769233,0.01052022620769233,0.015015544000027406,0.015015544000027406,49.410596619271416,49.410596619271416,,0.9477999925613403,0.9477999925613403,0.9463809501557123,0.9463809501557123,0.9043650778513106,0.9043650778513106,,,0.9021999979019165,3.493164994418621,0,238545.001834631,862693.0715833392,,,,,,,
2024-08-26,,,,,,,0.93000000715255740,0.97100001573562620,0.93000000715255740,0.93000000715255740,328400,,,,,0.93000000715255740,,,,,,,,,,,,,,,,,,,,,,,,,,,,,,,,,,,,,,,,,,,,,,,,,,,,,,,,,,,,,,,,,,,,,,,,,,,,,,,,,,,,,,,,,,,,,,,,,,,,,,,,,,,,,,,,,,,,,,,,,,,,,,,,,,,,,,,,,,,,,0.13601674470746727,0.4609945765163161,0.69098073542755,,,,,0.2649564940808298,,,,,,,,0.937590827503835,0.937590827503835,0.9371943667572593,0.9371943667572593,1.0140756879470805,1.0140756879470805,,,,,,,0,,0.00858142443975407,0.00858142443975407,0.013728720087972738,0.013728720087972738,49.410596619271416,49.410596619271416,,0.9417999982833862,0.9417999982833862,0.9478095230602083,0.9478095230602083,0.905476188848889,0.905476188848889,,,0.9027999985218048,3.432664995789528,0,305412.0023488999,864485.8334745681,,,,,,,
2024-08-27,,,,,,,0.93000000715255740,0.94999998807907100,0.89300000667572020,0.92599999904632570,197300,,,,,0.92599999904632570,,,,,,,,,,,,,,,,,,,,,,,,,,,,,,,,,,,,,,,,,,,,,,,,,,,,,,,,,,,,,,,,,,,,,,,,,,,,,,,,,,,,,,,,,,,,,,,,,,,,,,,,,,,,,,,,,,,,,,,,,,,,,,,,,,,,,,,,,,,,,0.12982021496414556,0.4600809346475956,0.6868294324878671,,,,,0.26571397919494355,,,,,,,,0.9337272180179985,0.9337272180179985,0.9361766969653562,0.9361766969653562,1.0113233226689318,1.0113233226689318,,,,,,,-0.004310360221929958,,0.006645537229165832,0.006645537229165832,0.012312083516211356,0.012312083516211356,48.67896841025743,48.67896841025743,,0.9351999998092652,0.9351999998092652,0.9485714265278408,0.9485714265278408,0.9059841254400829,0.9059841254400829,,,0.9026199984550476,3.385244996547699,0,182699.7998118401,866149.8398293579,,,,,,,
2024-08-28,,,,,,,0.90100002288818360,0.93699997663497920,0.88999998569488530,0.90100002288818360,298100,,,,,0.90100002288818360,,,,,,,,,,,,,,,,,,,,,,,,,,,,,,,,,,,,,,,,,,,,,,,,,,,,,,,,,,,,,,,,,,,,,,,,,,,,,,,,,,,,,,,,,,,,,,,,,,,,,,,,,,,,,,,,,,,,,,,,,,,,,,,,,,,,,,,,,,,,,0.18895813008634219,0.4549304988265858,0.688658047376586,,,,,0.25067341497053686,,,,,,,,0.9228181529747269,0.9228181529747269,0.9329788175037951,0.9329788175037951,1.0078757195507835,1.0078757195507835,,,,,,,-0.027368950604866465,,0.0030587837697458875,0.0030587837697458875,0.010461423566918263,0.010461423566918263,44.26717139429255,44.26717139429255,,0.9244000077247619,0.9244000077247619,0.9467142848741441,0.9467142848741441,0.9059206341940259,0.9059206341940259,,,0.9025399994850158,3.3352499985694886,0,268588.1068229676,868110.4209628372,,,,,,,
2024-08-29,,,,,,,0.89999997615814210,0.91900002956390380,0.87099999189376830,0.89499998092651370,236800,,,,,0.89499998092651370,,,,,,,,,,,,,,,,,,,,,,,,,,,,,,,,,,,,,,,,,,,,,,,,,,,,,,,,,,,,,,,,,,,,,,,,,,,,,,,,,,,,,,,,,,,,,,,,,,,,,,,,,,,,,,,,,,,,,,,,,,,,,,,,,,,,,,,,,,,,,0.16999355480322073,0.4519811044104692,0.6879573322573801,,,,,0.06015662329234333,,,,,,,,0.9135454289586559,0.9135454289586559,0.9295261959967696,0.9295261959967696,1.004348352718775,1.004348352718775,,,,,,,-0.006681586047729795,,-0.00026484446770791426,-0.00026484446770791426,0.008316169959993028,0.008316169959993028,43.25396149973436,43.25396149973436,,0.9164000034332276,0.9164000034332276,0.9439999972070966,0.9439999972070966,0.9055238082295373,0.9055238082295373,,,0.9025199985504151,3.272174997329712,0,211935.99548339847,870412.8335702989,,,,,,,
2024-08-30,,,,,,,0.91000002622604370,0.92000001668930050,0.88999998569488530,0.89999997615814210,118900,,,,,0.89999997615814210,,,,,,,,,,,,,,,,,,,,,,,,,,,,,,,,,,,,,,,,,,,,,,,,,,,,,,,,,,,,,,,,,,,,,,,,,,,,,,,,,,,,,,,,,,,,,,,,,,,,,,,,,,,,,,,,,,,,,,,,,,,,,,,,,,,,,,,,,,,,,0.19895195174961053,0.45144555176750534,0.6666976205461704,,,,,0.018832769286912722,,,,,,,,0.9090302780251512,0.9090302780251512,0.926841994193258,0.926841994193258,1.0010874659512552,1.0010874659512552,,,,,,,0.0055710398696598214,,-0.0024669485159795057,-0.0024669485159795057,0.006159546264798521,0.006159546264798521,44.39611061258077,44.39611061258077,,0.9103999972343445,0.9103999972343445,0.9420952342805409,0.9420952342805409,0.9039365062637935,0.9039365062637935,,,0.9033199977874756,3.2129249972105027,0,107009.9971652031,866030.452572921,,,,,,,
2024-09-03,,,,,,,0.89999997615814210,0.89999997615814210,0.87999999523162840,0.88999998569488530,76800,,,,,0.88999998569488530,,,,,,,,,,,,,,,,,,,,,,,,,,,,,,,,,,,,,,,,,,,,,,,,,,,,,,,,,,,,,,,,,,,,,,,,,,,,,,,,,,,,,,,,,,,,,,,,,,,,,,,,,,,,,,,,,,,,,,,,,,,,,,,,,,,,,,,,,,,,,0.1914194293780683,0.45005102015975845,0.649806105159391,,,,,-0.03476819304221972,,,,,,,,0.902686847248396,0.902686847248396,0.9234927206934058,0.9234927206934058,0.9976159821932437,0.9976159821932437,,,,,,,-0.01117329018033423,,-0.004961850374047838,-0.004961850374047838,0.003935266937029249,0.003935266937029249,42.551450706190046,42.551450706190046,,0.90239999294281,0.90239999294281,0.9392380913098654,0.9392380913098654,0.903349204668923,0.903349204668923,,,0.9038399970531463,3.1519749975204467,0,68351.9989013672,864874.4192555784,,,,,,,
2024-09-04,,,,,,,0.87599998712539670,0.89200001955032350,0.87599998712539670,0.87999999523162840,98100,,,,,0.87999999523162840,,,,,,,,,,,,,,,,,,,,,,,,,,,,,,,,,,,,,,,,,,,,,,,,,,,,,,,,,,,,,,,,,,,,,,,,,,,,,,,,,,,,,,,,,,,,,,,,,,,,,,,,,,,,,,,,,,,,,,,,,,,,,,,,,,,,,,,,,,,,,0.1874996511546981,0.4508608900429552,0.6494651744897569,,,,,-0.10833242694416569,,,,,,,,0.8951245632428068,0.8951245632428068,0.919538836560517,0.919538836560517,0.9939404826006932,0.9939404826006932,,,,,,,-0.011299544599374644,,-0.007657720295540016,-0.007657720295540016,0.0016166694905153961,0.0016166694905153961,40.728983837149464,40.728983837149464,,0.8931999921798706,0.8931999921798706,0.9359523767516726,0.9359523767516726,0.9023968236786979,0.9023968236786979,,,0.9040799975395203,3.0839749997854233,0,86327.99953222276,865209.2129015734,,,,,,,
2024-09-05,,,,,,,0.87699997425079350,0.93500000238418580,0.85699999332427980,0.87500000000000000,226700,,,,,0.87500000000000000,,,,,,,,,,,,,,,,,,,,,,,,,,,,,,,,,,,,,,,,,,,,,,,,,,,,,,,,,,,,,,,,,,,,,,,,,,,,,,,,,,,,,,,,,,,,,,,,,,,,,,,,,,,,,,,,,,,,,,,,,,,,,,,,,,,,,,,,,,,,,0.10917390375368123,0.42626872331806354,0.649240294712736,,,,,-0.09998740027467864,,,,,,,,0.8884163754952045,0.8884163754952045,0.9154898514186518,0.9154898514186518,0.9902235925194215,0.9902235925194215,,,,,,,-0.005698015696033632,,-0.010081461645152001,-0.010081461645152001,-0.0007229567366180833,-0.0007229567366180833,39.81085947331691,39.81085947331691,,0.8879999876022339,0.8879999876022339,0.9343809485435486,0.9343809485435486,0.9015238076921493,0.9015238076921493,,,0.9045799970626831,3.0199499982595444,0,198362.50000000003,866273.4430442728,,,,,,,
2024-09-06,,,,,,,0.87999999523162840,0.87999999523162840,0.83999997377395630,0.85000002384185790,88600,,,,,0.85000002384185790,,,,,,,,,,,,,,,,,,,,,,,,,,,,,,,,,,,,,,,,,,,,,,,,,,,,,,,,,,,,,,,,,,,,,,,,,,,,,,,,,,,,,,,,,,,,,,,,,,,,,,,,,,,,,,,,,,,,,,,,,,,,,,,,,,,,,,,,,,,,,0.19828069799419584,0.42053040578855905,0.6503436634657205,,,,,-0.19817244210739007,,,,,,,,0.875610924944089,0.875610924944089,0.9095362307298523,0.9095362307298523,0.9858416059982477,0.9858416059982477,,,,,,,-0.02898750882400805,,-0.013859815938572773,-0.013859815938572773,-0.0033503285770090214,-0.0033503285770090214,35.501618524185744,35.501618524185744,,0.8789999961853028,0.8789999961853028,0.9303333305177235,0.9303333305177235,0.9005714267019241,0.9005714267019241,,,0.9045799970626831,2.958749997615814,0,75310.00211238863,864948.2842750021,,,,,,,
2024-09-09,,,,,,,0.84899997711181640,0.89499998092651370,0.84600001573562620,0.85000002384185790,18300,,,,,0.85000002384185790,,,,,,,,,,,,,,,,,,,,,,,,,,,,,,,,,,,,,,,,,,,,,,,,,,,,,,,,,,,,,,,,,,,,,,,,,,,,,,,,,,,,,,,,,,,,,,,,,,,,,,,,,,,,,,,,,,,,,,,,,,,,,,,,,,,,,,,,,,,,,0.172413812028552,0.299055985331192,0.6489246981865416,,,,,-0.3572001548723922,,,,,,,,0.867073957910012,0.867073957910012,0.9041238482854892,0.9041238482854892,0.9815965565558604,0.9815965565558604,,,,,,,0,,-0.016662118408476978,-0.016662118408476978,-0.006012686543302613,-0.006012686543302613,35.501618524185744,35.501618524185744,,0.8690000057220459,0.8690000057220459,0.922714284488133,0.922714284488133,0.899936506672511,0.899936506672511,,,0.9035799980163575,2.896249995827675,0,15555.000436306002,864074.9192205687,,,,,,,
2024-09-10,,,,,,,0.86900001764297490,0.86900001764297490,0.83999997377395630,0.86500000953674320,89100,,,,,0.86500000953674320,,,,,,,,,,,,,,,,,,,,,,,,,,,,,,,,,,,,,,,,,,,,,,,,,,,,,,,,,,,,,,,,,,,,,,,,,,,,,,,,,,,,,,,,,,,,,,,,,,,,,,,,,,,,,,,,,,,,,,,,,,,,,,,,,,,,,,,,,,,,,0.26847105504148794,0.3084902597657907,0.6465817600534476,,,,,-0.28893665293155407,,,,,,,,0.866382641785589,0.866382641785589,0.9005671356719669,0.9005671356719669,0.9779529144615131,0.9779529144615131,,,,,,,0.017493140423409482,,-0.01747119278492426,-0.01747119278492426,-0.008304387791626943,-0.008304387791626943,40.0194525013468,40.0194525013468,,0.8640000104904175,0.8640000104904175,0.916761903535752,0.916761903535752,0.8990793634974767,0.8990793634974767,,,0.9035799980163575,2.8343749970197676,0,77071.50084972383,864126.916021771,,,,,,,
2024-09-11,,,,,,,0.81999999284744260,0.89999997615814210,0.81999999284744260,0.88300001621246340,182700,,,,,0.88300001621246340,,,,,,,,,,,,,,,,,,,,,,,,,,,,,,,,,,,,,,,,,,,,,,,,,,,,,,,,,,,,,,,,,,,,,,,,,,,,,,,,,,,,,,,,,,,,,,,,,,,,,,,,,,,,,,,,,,,,,,,,,,,,,,,,,,,,,,,,,,,,,0.3175516055066515,0.3091387829949194,0.6448610095464453,,,,,-0.22002673307861945,,,,,,,,0.8719217665945471,0.8719217665945471,0.898970124812012,0.898970124812012,0.9749856363912303,0.9749856363912303,,,,,,,0.020595701007604553,,-0.016470083085388998,-0.016470083085388998,-0.009937526850379354,-0.009937526850379354,44.998250004403275,44.998250004403275,,0.8646000146865844,0.8646000146865844,0.9107142857142857,0.9107142857142857,0.8989682528707716,0.8989682528707716,,,0.9040399980545044,2.771339998245239,0,161324.10296201706,865431.7272000844,,,,,,,
2024-09-12,,,,,,,0.89200001955032350,0.93999999761581420,0.88300001621246340,0.89600002765655520,314400,,,,,0.89600002765655520,,,,,,,,,,,,,,,,,,,,,,,,,,,,,,,,,,,,,,,,,,,,,,,,,,,,,,,,,,,,,,,,,,,,,,,,,,,,,,,,,,,,,,,,,,,,,,,,,,,,,,,,,,,,,,,,,,,,,,,,,,,,,,,,,,,,,,,,,,,,,0.32451414978602844,0.2715812809377147,0.6451186261782308,,,,,-0.22289986970484135,,,,,,,,0.8799478536152165,0.8799478536152165,0.8987001159796978,0.8987001159796978,0.9725173361182716,0.9725173361182716,,,,,,,0.014615224877000748,,-0.014461006674710064,-0.014461006674710064,-0.010842222815245495,-0.010842222815245495,48.33386388930935,48.33386388930935,,0.8688000202178955,0.8688000202178955,0.9076666690054394,0.9076666690054394,0.8992222216394212,0.8992222216394212,,,0.9043599987030029,2.7023199993371962,0,281702.408695221,868921.2257561231,,,,,,,
2024-09-13,,,,,,,0.89999997615814210,0.92000001668930050,0.88999998569488530,0.88999998569488530,131900,,,,,0.88999998569488530,,,,,,,,,,,,,,,,,,,,,,,,,,,,,,,,,,,,,,,,,,,,,,,,,,,,,,,,,,,,,,,,,,,,,,,,,,,,,,,,,,,,,,,,,,,,,,,,,,,,,,,,,,,,,,,,,,,,,,,,,,,,,,,,,,,,,,,,,,,,,0.18883614011976613,0.23173084064808439,0.6436782817455338,,,,,-0.23811087874198975,,,,,,,,0.8832985643084394,0.8832985643084394,0.8979091950447148,0.8979091950447148,0.9699386689175409,0.9699386689175409,,,,,,,-0.006718997188598226,,-0.013200781988929933,-0.013200781988929933,-0.011313934649982383,-0.011313934649982383,46.919541990921545,46.919541990921545,,0.8768000125885009,0.8768000125885009,0.9062380961009434,0.9062380961009434,0.899063491632068,0.899063491632068,,,0.9057399988174438,2.638369997739792,0,117390.99811315538,869343.1463992787,,,,,,,
2024-09-16,,,,,,,0.89999997615814210,0.93999999761581420,0.84500002861022950,0.86400002241134640,173400,,,,,0.86400002241134640,,,,,,,,,,,,,,,,,,,,,,,,,,,,,,,,,,,,,,,,,,,,,,,,,,,,,,,,,,,,,,,,,,,,,,,,,,,,,,,,,,,,,,,,,,,,,,,,,,,,,,,,,,,,,,,,,,,,,,,,,,,,,,,,,,,,,,,,,,,,,0.33811299086097324,0.25093972047264945,0.6415482405863959,,,,,-0.2663888462521186,,,,,,,,0.8768657170094084,0.8768657170094084,0.8948265429871358,0.8948265429871358,0.9666280862142222,0.9666280862142222,,,,,,,-0.029648651909909226,,-0.01413706134902648,-0.01413706134902648,-0.011878559989791202,-0.011878559989791202,41.282333249285706,41.282333249285706,,0.8796000123023987,0.8796000123023987,0.9035238112722125,0.9035238112722125,0.8979365078229753,0.8979365078229753,,,0.9063399994373321,2.5726899978518487,0,149817.60388612747,869414.870264606,,,,,,,
2024-09-17,,,,,,,0.89999997615814210,0.89999997615814210,0.79000002145767210,0.81499999761581420,1495100,,,,,0.81499999761581420,,,,,,,,,,,,,,,,,,,,,,,,,,,,,,,,,,,,,,,,,,,,,,,,,,,,,,,,,,,,,,,,,,,,,,,,,,,,,,,,,,,,,,,,,,,,,,,,,,,,,,,,,,,,,,,,,,,,,,,,,,,,,,,,,,,,,,,,,,,,,0.5181580597487775,0.30149598826978746,0.6486994525043563,,,,,-0.35531973162290903,,,,,,,,0.856243810544877,0.856243810544877,0.8875695843170157,0.8875695843170157,0.961889708445522,0.961889708445522,,,,,,,-0.0583846844276322,,-0.01861834132881368,-0.01861834132881368,-0.013226516257595697,-0.013226516257595697,33.18921955927033,33.18921955927033,,0.8696000099182128,0.8696000099182128,0.8975714303198314,0.8975714303198314,0.8965079368106903,0.8965079368106903,,,0.906619999408722,2.5101649993658066,0,1218506.496435404,887220.6162883177,,,,,,,
2024-09-18,,,,,,,0.86900001764297490,0.90499997138977050,0.80800002813339230,0.90499997138977050,849700,,,,,0.90499997138977050,,,,,,,,,,,,,,,,,,,,,,,,,,,,,,,,,,,,,,,,,,,,,,,,,,,,,,,,,,,,,,,,,,,,,,,,,,,,,,,,,,,,,,,,,,,,,,,,,,,,,,,,,,,,,,,,,,,,,,,,,,,,,,,,,,,,,,,,,,,,,0.9849018786552622,0.483413763646303,0.6824234983719859,,,,,-0.18104598651339537,,,,,,,,0.8724958641598415,0.8724958641598415,0.8891541649599934,0.8891541649599934,0.9601119041625298,0.9601119041625298,,,,,,,0.104746801770931,,-0.01473765575461261,-0.01473765575461261,-0.013528744156999081,-0.013528744156999081,51.857701182825544,51.857701182825544,,0.8740000009536744,0.8740000009536744,0.8949523823601859,0.8949523823601859,0.8966507930604238,0.8966507930604238,,,0.9085199987888336,2.4459399992227553,0,768978.4756898881,897465.3793339693,,,,,,,
2024-09-19,,,,,,,0.90499997138977050,0.97799998521804810,0.87599998712539670,0.87999999523162840,951700,,,,,0.87999999523162840,,,,,,,,,,,,,,,,,,,,,,,,,,,,,,,,,,,,,,,,,,,,,,,,,,,,,,,,,,,,,,,,,,,,,,,,,,,,,,,,,,,,,,,,,,,,,,,,,,,,,,,,,,,,,,,,,,,,,,,,,,,,,,,,,,,,,,,,,,,,,1.0047650121335836,0.49113829825897276,0.6797268491646163,,,,,-0.30635590050803085,,,,,,,,0.8749972411837704,0.8749972411837704,0.8883219677119603,0.8883219677119603,0.9576084070084391,0.9576084070084391,,,,,,,-0.02801301003276431,,-0.013523582183399663,-0.013523582183399663,-0.013527711762279198,-0.013527711762279198,47.857393568563396,47.857393568563396,,0.8707999944686889,0.8707999944686889,0.8911904777799334,0.8911904777799334,0.8969682530751304,0.8969682530751304,,,0.9101199984550477,2.3856899976730346,0,837495.9954619409,909609.5697190082,,,,,,,
2024-09-20,,,,,,,0.90499997138977050,1.00000000000000000,0.85600000619888310,0.99000000953674320,2716900,,,,,0.99000000953674320,,,,,,,,,,,,,,,,,,,,,,,,,,,,,,,,,,,,,,,,,,,,,,,,,,,,,,,,,,,,,,,,,,,,,,,,,,,,,,,,,,,,,,,,,,,,,,,,,,,,,,,,,,,,,,,,,,,,,,,,,,,,,,,,,,,,,,,,,,,,,1.3198184308296532,0.6476508850742724,0.7191425207730188,,,,,0.03423691024387999,,,,,,,,0.913331497301428,0.913331497301428,0.8975654260596678,0.8975654260596678,0.9586206445874487,0.9586206445874487,,,,,,,0.11778305070806137,,-0.0036433401282419675,-0.0036433401282419675,-0.01155083743547175,-0.01155083743547175,61.81499541608659,61.81499541608659,,0.8907999992370605,0.8907999992370605,0.8928571456954593,0.8928571456954593,0.8989682528707716,0.8989682528707716,,,0.9123199987411499,2.3247899973392485,0,2689731.025910378,951844.2844040812,,,,,,,
2024-09-23,,,,,,,0.98000001907348630,1.03999996185302730,0.93999999761581420,0.94999998807907100,2093800,,,,,0.94999998807907100,,,,,,,,,,,,,,,,,,,,,,,,,,,,,,,,,,,,,,,,,,,,,,,,,,,,,,,,,,,,,,,,,,,,,,,,,,,,,,,,,,,,,,,,,,,,,,,,,,,,,,,,,,,,,,,,,,,,,,,,,,,,,,,,,,,,,,,,,,,,,1.3502300577513393,0.66020092013506,0.7243361191003128,,,,,-0.11162077644245709,,,,,,,,0.9255543275606424,0.9255543275606424,0.9023322044250681,0.9023322044250681,0.9583512490715618,0.9583512490715618,,,,,,,-0.0412429807154693,,0.0009482248998677889,0.0009482248998677889,-0.009051024968403843,-0.009051024968403843,55.94996761848047,55.94996761848047,,0.9079999923706055,0.9079999923706055,0.893571430728549,0.893571430728549,0.9002698404448373,0.9002698404448373,,,0.910719999074936,2.2626899978518487,0,1989109.9750399592,982515.0141968614,,,,,,,
2024-09-24,,,,,,,0.93999999761581420,0.97000002861022950,0.83999997377395630,0.83999997377395630,2504600,,,,,0.83999997377395630,,,,,,,,,,,,,,,,,,,,,,,,,,,,,,,,,,,,,,,,,,,,,,,,,,,,,,,,,,,,,,,,,,,,,,,,,,,,,,,,,,,,,,,,,,,,,,,,,,,,,,,,,,,,,,,,,,,,,,,,,,,,,,,,,,,,,,,,,,,,,1.6322913713788847,0.7875601011740824,0.7648181843063154,,,,,-0.27643105378339866,,,,,,,,0.897036209631747,0.897036209631747,0.8966656380022398,0.8966656380022398,0.9546527717185116,0.9546527717185116,,,,,,,-0.12306011143036198,,-0.004240130990196267,-0.004240130990196267,-0.008088846172762327,-0.008088846172762327,43.67707397921641,43.67707397921641,,0.9129999876022339,0.9129999876022339,0.8892857148533776,0.8892857148533776,0.9001111094913785,0.9001111094913785,,,0.9099199986457824,2.2008899986743926,0,2103863.9343142514,1015137.9337675043,,,,,,,
2024-09-25,,,,,,,0.86100000143051150,0.87999999523162840,0.77999997138977050,0.79000002145767210,816200,,,,,0.79000002145767210,,,,,,,,,,,,,,,,,,,,,,,,,,,,,,,,,,,,,,,,,,,,,,,,,,,,,,,,,,,,,,,,,,,,,,,,,,,,,,,,,,,,,,,,,,,,,,,,,,,,,,,,,,,,,,,,,,,,,,,,,,,,,,,,,,,,,,,,,,,,,1.4103904649538213,0.8111405834612635,0.7745435457701045,,,,,-0.29030010610231344,,,,,,,,0.8613574802403887,0.8613574802403887,0.8869687637709154,0.8869687637709154,0.9495073732728604,0.9495073732728604,,,,,,,-0.06136888799320108,,-0.012245361789805398,-0.012245361789805398,-0.008920149296170942,-0.008920149296170942,39.44194196275051,39.44194196275051,,0.8899999976158142,0.8899999976158142,0.8826190488679069,0.8826190488679069,0.8991587285011534,0.8991587285011534,,,0.9086199986934662,2.138939997255802,0,644798.0175137521,1024413.5371931962,,,,,,,
2024-09-26,,,,,,,0.78700000047683720,0.79699999094009400,0.64999997615814210,0.68400001525878910,1034300,,,,,0.68400001525878910,,,,,,,,,,,,,,,,,,,,,,,,,,,,,,,,,,,,,,,,,,,,,,,,,,,,,,,,,,,,,,,,,,,,,,,,,,,,,,,,,,,,,,,,,,,,,,,,,,,,,,,,,,,,,,,,,,,,,,,,,,,,,,,,,,,,,,,,,,,,,1.6371576552308948,0.9381774885575886,0.8163914079860459,,,,,-0.31399925819494756,,,,,,,,0.8022383252465222,0.8022383252465222,0.8685170593607221,0.8685170593607221,0.9412102683349207,0.9412102683349207,,,,,,,-0.14407503269195573,,-0.026833558930266954,-0.026833558930266954,-0.012502831222990144,-0.012502831222990144,32.292986234777956,32.292986234777956,,0.8508000016212464,0.8508000016212464,0.8710952401161194,0.8710952401161194,0.8957301576932272,0.8957301576932272,,,0.9050999987125397,2.0777599969506264,0,707461.2157821656,1034513.0803307844,,,,,,,
2024-09-27,,,,,,,0.68699997663497920,0.72399997711181640,0.66000002622604370,0.69300001859664920,592200,,,,,0.69300001859664920,,,,,,,,,,,,,,,,,,,,,,,,,,,,,,,,,,,,,,,,,,,,,,,,,,,,,,,,,,,,,,,,,,,,,,,,,,,,,,,,,,,,,,,,,,,,,,,,,,,,,,,,,,,,,,,,,,,,,,,,,,,,,,,,,,,,,,,,,,,,,1.006999775763615,0.9416002039212534,0.8139304068732515,,,,,-0.2958079379970763,,,,,,,,0.7658255563632311,0.7658255563632311,0.8525609647458063,0.8525609647458063,0.9334536980305997,0.9334536980305997,,,,,,,0.013072086094173202,,-0.037239313586807654,-0.037239313586807654,-0.017450127695753645,-0.017450127695753645,33.39681267872601,33.39681267872601,,0.7914000034332276,0.7914000034332276,0.8611904780069987,0.8611904780069987,0.8929999991068764,0.8929999991068764,,,0.9021599996089935,2.0222249960899354,0,410394.6110129357,1040771.8995503964,,,,,,,
2024-09-30,,,,,,,0.74099999666213990,0.76999998092651370,0.73000001907348630,0.74000000953674320,473200,,,,,0.74000000953674320,,,,,,,,,,,,,,,,,,,,,,,,,,,,,,,,,,,,,,,,,,,,,,,,,,,,,,,,,,,,,,,,,,,,,,,,,,,,,,,,,,,,,,,,,,,,,,,,,,,,,,,,,,,,,,,,,,,,,,,,,,,,,,,,,,,,,,,,,,,,,1.4123684593309467,0.97976553579048,0.8255676101428061,,,,,-0.30688490617647496,,,,,,,,0.7572170407544019,0.7572170407544019,0.8423281506358915,0.8423281506358915,0.9274082702651667,0.9274082702651667,,,,,,,0.06562017306081173,,-0.041218303700422454,-0.041218303700422454,-0.022203762896687407,-0.022203762896687407,38.990573162078846,38.990573162078846,,0.749400007724762,0.749400007724762,0.8538095269884381,0.8538095269884381,0.8910952371264261,0.8910952371264261,,,0.9003600001335144,1.965774997472763,0,350168.0045127869,1045610.725006887,,,,,,,
2024-10-01,,,,,,,0.74000000953674320,0.75099998712539670,0.61000001430511470,0.66799998283386230,562400,,,,,0.66799998283386230,,,,,,,,,,,,,,,,,,,,,,,,,,,,,,,,,,,,,,,,,,,,,,,,,,,,,,,,,,,,,,,,,,,,,,,,,,,,,,,,,,,,,,,,,,,,,,,,,,,,,,,,,,,,,,,,,,,,,,,,,,,,,,,,,,,,,,,,,,,,,1.351199767058567,1.0295392979831919,0.8476775357792956,,,,,-0.3019772249615476,,,,,,,,0.7274780214475554,0.7274780214475554,0.8264801353811616,0.8264801353811616,0.9193017612829384,0.9193017612829384,,,,,,,-0.10236205124687157,,-0.0496096137121691,-0.0496096137121691,-0.027684933059783746,-0.027684933059783746,34.24560537829702,34.24560537829702,,0.7150000095367431,0.7150000095367431,0.8427619082587106,0.8427619082587106,0.8877301575645568,0.8877301575645568,,,0.8967599999904633,1.9135649991035462,0,375683.1903457642,552789.9529531834,,,,,,,
2024-10-02,,,,,,,0.72600001096725460,0.73600000143051150,0.67500001192092900,0.68500000238418580,380500,,,,,0.68500000238418580,,,,,,,,,,,,,,,,,,,,,,,,,,,,,,,,,,,,,,,,,,,,,,,,,,,,,,,,,,,,,,,,,,,,,,,,,,,,,,,,,,,,,,,,,,,,,,,,,,,,,,,,,,,,,,,,,,,,,,,,,,,,,,,,,,,,,,,,,,,,,1.425975436269837,1.038523887418816,0.8392461793583226,,,,,-0.3123632951877662,,,,,,,,0.7133186817597655,0.7133186817597655,0.8136183051087092,0.8136183051087092,0.9119798313173524,0.9119798313173524,,,,,,,0.02513069390395383,,-0.05426252325909964,-0.05426252325909964,-0.03300045109964692,-0.03300045109964692,36.21923131772098,36.21923131772098,,0.6940000057220459,0.6940000057220459,0.8330000042915344,0.8330000042915344,0.8855714277615623,0.8855714277615623,,,0.8923800003528595,1.8602399972081185,0,260642.5009071827,535392.1757151211,,,,,,,
2024-10-03,,,,,,,0.69199997186660770,0.70300000905990600,0.65399998426437380,0.66100001335144040,293700,,,,,0.66100001335144040,,,,,,,,,,,,,,,,,,,,,,,,,,,,,,,,,,,,,,,,,,,,,,,,,,,,,,,,,,,,,,,,,,,,,,,,,,,,,,,,,,,,,,,,,,,,,,,,,,,,,,,,,,,,,,,,,,,,,,,,,,,,,,,,,,,,,,,,,,,,,1.0233960145533898,1.0416041759717851,0.8409103168139493,,,,,-0.31859474524353837,,,,,,,,0.6958791256236572,0.6958791256236572,0.7997439149489576,0.7997439149489576,0.9041367120059176,0.9041367120059176,,,,,,,-0.035664981692251525,,-0.05920411791803515,-0.05920411791803515,-0.03824118446332457,-0.03824118446332457,34.63854390862772,34.63854390862772,,0.6894000053405762,0.6894000053405762,0.8225714337258112,0.8225714337258112,0.8828253963636974,0.8828253963636974,,,0.8874000000953675,1.8062949982285499,0,194135.70392131805,530795.5996659067,,,,,,,
2024-10-04,,,,,,,0.66000002622604370,0.67299997806549070,0.63999998569488530,0.64899998903274540,318100,,,,,0.64899998903274540,,,,,,,,,,,,,,,,,,,,,,,,,,,,,,,,,,,,,,,,,,,,,,,,,,,,,,,,,,,,,,,,,,,,,,,,,,,,,,,,,,,,,,,,,,,,,,,,,,,,,,,,,,,,,,,,,,,,,,,,,,,,,,,,,,,,,,,,,,,,,1.0090807460820377,1.041311256704552,0.8381525460499037,,,,,-0.31818444481034447,,,,,,,,0.6802527467600199,0.6802527467600199,0.7860399216838474,0.7860399216838474,0.8961636894130061,0.8961636894130061,,,,,,,-0.018321160245144356,,-0.06335831375979739,-0.06335831375979739,-0.043264610322619135,-0.043264610322619135,33.84323758792921,33.84323758792921,,0.6805999994277954,0.6805999994277954,0.8118095284416562,0.8118095284416562,0.8804126977920532,0.8804126977920532,,,0.8823800003528595,1.7532899981737138,0,206446.89651131633,527541.2059675134,,,,,,,
2024-10-07,,,,,,,0.66000002622604370,0.66900002956390380,0.63200002908706670,0.66799998283386230,256900,,,,,0.66799998283386230,,,,,,,,,,,,,,,,,,,,,,,,,,,,,,,,,,,,,,,,,,,,,,,,,,,,,,,,,,,,,,,,,,,,,,,,,,,,,,,,,,,,,,,,,,,,,,,,,,,,,,,,,,,,,,,,,,,,,,,,,,,,,,,,,,,,,,,,,,,,,0.8494803561021781,1.050221385656022,0.8401407416490191,,,,,-0.2972070916768387,,,,,,,,0.6761684921179674,0.6761684921179674,0.7753090181520306,0.7753090181520306,0.8890335735824078,0.8890335735824078,,,,,,,0.028855448033441956,,-0.06437532451482353,-0.06437532451482353,-0.04748675316106001,-0.04748675316106001,36.335689914029615,36.335689914029615,,0.6661999940872192,0.6661999940872192,0.8031428598222279,0.8031428598222279,0.8781587292277624,0.8781587292277624,,,0.8777400004863739,1.6999799984693527,0,171609.19559001926,526608.5900137349,,,,,,,
2024-10-08,,,,,,,0.66299998760223390,0.66299998760223390,0.63300001621246340,0.63899999856948850,143500,,,,,0.63899999856948850,,,,,,,,,,,,,,,,,,,,,,,,,,,,,,,,,,,,,,,,,,,,,,,,,,,,,,,,,,,,,,,,,,,,,,,,,,,,,,,,,,,,,,,,,,,,,,,,,,,,,,,,,,,,,,,,,,,,,,,,,,,,,,,,,,,,,,,,,,,,,0.5411190164768921,1.0553534482483315,0.8440113635842696,,,,,-0.29925771670783846,,,,,,,,0.6637789942684744,0.6637789942684744,0.7629172890990722,0.7629172890990722,0.8812200243632541,0.8812200243632541,3.5335317393617025,3.5335317393617025,,,,,-0.04438369569997198,,-0.06675189493925482,-0.06675189493925482,-0.051339781516698976,-0.051339781516698976,34.2167421067916,34.2167421067916,,0.6603999972343445,0.6603999972343445,0.7930952395711627,0.7930952395711627,0.8756031734602792,0.8756031734602792,3.5335317393617025,3.5335317393617025,0.8723199999332428,1.649174997508526,0,91696.4997947216,525022.8201238882,,,,,,,
2024-10-09,,,,,,,0.63800001144409180,0.63800001144409180,0.56999999284744260,0.58099997043609620,316800,,,,,0.58099997043609620,,,,,,,,,,,,,,,,,,,,,,,,,,,,,,,,,,,,,,,,,,,,,,,,,,,,,,,,,,,,,,,,,,,,,,,,,,,,,,,,,,,,,,,,,,,,,,,,,,,,,,,,,,,,,,,,,,,,,,,,,,,,,,,,,,,,,,,,,,,,,0.7117606757272474,1.085271783976702,0.8392682959244597,1.7536526457351211,,,,-0.3119481042596485,,,,,,,,0.6361859863243483,0.6361859863243483,0.7463793510388016,0.7463793510388016,0.8718381476780304,0.8718381476780304,3.510191567275334,3.510191567275334,,,,,-0.0951537461714688,,-0.07247995783012817,-0.07247995783012817,-0.05556781677938481,-0.05556781677938481,30.39857290754683,30.39857290754683,,0.6395999908447265,0.6395999908447265,0.7795714281854176,0.7795714281854176,0.8708571413206676,0.8708571413206676,3.515996024958671,3.515996024958671,0.8651399993896485,1.5961299994587899,0,184060.79063415527,519950.3882725088,,,,,,,
2024-10-10,,,,,,,0.58099997043609620,0.58999997377395630,0.55099999904632570,0.57999998331069950,161100,,,,,0.57999998331069950,,,,,,,,,,,,,,,,,,,,,,,,,,,,,,,,,,,,,,,,,,,,,,,,,,,,,,,,,,,,,,,,,,,,,,,,,,,,,,,,,,,,,,,,,,,,,,,,,,,,,,,,,,,,,,,,,,,,,,,,,,,,,,,,,,,,,,,,,,,,,0.7436309352737513,1.077752289606787,0.7704146426053758,1.753435442658301,,,,-0.31395686793027006,,,,,,,,0.617457318653132,0.617457318653132,0.7312539539726105,0.7312539539726105,0.8627182050415513,0.8627182050415513,3.4870279974416216,3.4870279974416216,,,,,-0.001722631201585205,,-0.0762215450186774,-0.0762215450186774,-0.05969856242724333,-0.05969856242724333,30.335720529240533,30.335720529240533,,0.6233999848365783,0.6233999848365783,0.7651428551900954,0.7651428551900954,0.8637142843670316,0.8637142843670316,3.498059517334378,3.498059517334378,0.8576999986171723,1.5434299999475478,0,93437.9973113537,505411.3093098005,,,,,,,
2024-10-11,,,,,,,0.56300002336502080,0.59799998998641970,0.49799999594688416,0.50199997425079350,802400,,,,,0.50199997425079350,,,,,,,,,,,,,,,,,,,,,,,,,,,,,,,,,,,,,,,,,,,,,,,,,,,,,,,,,,,,,,,,,,,,,,,,,,,,,,,,,,,,,,,,,,,,,,,,,,,,,,,,,,,,,,,,,,,,,,,,,,,,,,,,,,,,,,,,,,,,,1.1091329359833273,1.151649376446645,0.7606475776535343,1.7584523514412354,,,,-0.3382126910978609,,,,,,,,0.5789715371856858,0.5789715371856858,0.710412683088809,0.710412683088809,0.85144576032934,0.85144576032934,3.463430937969757,3.463430937969757,,,,,-0.14442800636732073,,-0.0845065893219642,-0.0845065893219642,-0.06466016780618751,-0.06466016780618751,25.846638716771285,25.846638716771285,,0.593999981880188,0.593999981880188,0.7463809478850592,0.7463809478850592,0.8577142840340024,0.8577142840340024,3.479416660846226,3.479416660846226,0.8489399981498719,1.491190000772476,0,402804.7793388368,503424.0836304332,,,,,,,
2024-10-14,,,,,,,0.51300001144409180,0.55000001192092900,0.51300001144409180,0.52899998426437380,223900,,,,,0.52899998426437380,,,,,,,,,,,,,,,,,,,,,,,,,,,,,,,,,,,,,,,,,,,,,,,,,,,,,,,,,,,,,,,,,,,,,,,,,,,,,,,,,,,,,,,,,,,,,,,,,,,,,,,,,,,,,,,,,,,,,,,,,,,,,,,,,,,,,,,,,,,,,1.2230931678187704,1.1829219512912028,0.7692985536577073,1.7575308503950542,,,,-0.3304763633094277,,,,,,,,0.5623143528785819,0.5623143528785819,0.6939206195593148,0.6939206195593148,0.8413693298273099,0.8413693298273099,3.44023385533177,3.44023385533177,,,,,0.0523883337138256,,-0.08788083589101203,-0.08788083589101203,-0.06930430142315241,-0.06930430142315241,29.72339021736443,29.72339021736443,,0.5661999821662903,0.5661999821662903,0.7291904716264634,0.7291904716264634,0.8525396803068737,0.8525396803068737,3.4627063442317265,3.4627063442317265,0.8405199980735779,1.439935002028942,0,118443.09647679329,501295.13269142504,,,,,,,
2024-10-15,,,,,,,0.55000001192092900,0.55000001192092900,0.40099999308586120,0.40299999713897705,821200,,,,,0.40299999713897705,,,,,,,,,,,,,,,,,,,,,,,,,,,,,,,,,,,,,,,,,,,,,,,,,,,,,,,,,,,,,,,,,,,,,,,,,,,,,,,,,,,,,,,,,,,,,,,,,,,,,,,,,,,,,,,,,,,,,,,,,,,,,,,,,,,,,,,,,,,,,2.010729305922823,1.4608898843139702,0.9329036210839751,1.7759481752494353,,,,-0.35748817429393426,,,,,,,,0.5092095676320469,0.5092095676320469,0.6674732902483751,0.6674732902483751,0.8276702881807995,0.8276702881807995,3.4162241015120642,3.4162241015120642,,,,,-0.2720518472649432,,-0.0995742663822804,-0.0995742663822804,-0.075358294414978,-0.075358294414978,23.53878003399968,23.53878003399968,,0.518999981880188,0.518999981880188,0.7072380894706363,0.7072380894706363,0.845285711780427,0.845285711780427,3.444424597280366,3.444424597280366,0.8295999979972839,1.3862500002980231,0,330943.59765052795,505826.0786738661,,,,,,,
2024-10-16,,,,,,,0.41999998688697815,0.46299999952316284,0.41999998688697815,0.46000000834465027,680900,,,,,0.46000000834465027,,,,,,,,,,,,,,,,,,,,,,,,,,,,,,,,,,,,,,,,,,,,,,,,,,,,,,,,,,,,,,,,,,,,,,,,,,,,,,,,,,,,,,,,,,,,,,,,,,,,,,,,,,,,,,,,,,,,,,,,,,,,,,,,,,,,,,,,,,,,,2.5623083784189293,1.5698538367173118,0.9761475354137555,1.781631035127946,,,,-0.2921513735047618,,,,,,,,0.4928063812029147,0.4928063812029147,0.6486120828025819,0.6486120828025819,0.8161805919359199,0.8161805919359199,3.392854741091768,3.392854741091768,,,,,0.1322899527763141,,-0.10305402708259626,-0.10305402708259626,-0.08089744094850165,-0.08089744094850165,30.576170936992145,30.576170936992145,,0.4947999894618988,0.4947999894618988,0.6903333280767713,0.6903333280767713,0.8392539662974221,0.8392539662974221,3.4264484077455504,3.4264484077455504,0.8206399983167648,1.3606500007212161,0,313214.00568187237,510331.06290560873,,,,,,,
2024-10-17,,,,,,,0.45800000429153440,0.48500001430511475,0.40599998831748960,0.40999999642372130,568100,,,,,0.40999999642372130,,,,,,,,,,,,,,,,,,,,,,,,,,,,,,,,,,,,,,,,,,,,,,,,,,,,,,,,,,,,,,,,,,,,,,,,,,,,,,,,,,,,,,,,,,,,,,,,,,,,,,,,,,,,,,,,,,,,,,,,,,,,,,,,,,,,,,,,,,,,,2.563301657332593,1.5209102901707188,0.9987007006426697,1.7847533207135569,,,,-0.37846696044580325,,,,,,,,0.46520425294318357,0.46520425294318357,0.6269200749499582,0.6269200749499582,0.8034874483261636,0.8034874483261636,3.369274861687278,3.369274861687278,,,,,-0.11506935664796214,,-0.10859453539610753,-0.10859453539610753,-0.08643685983802284,-0.08643685983802284,28.1303459598844,28.1303459598844,,0.4607999920845032,0.4607999920845032,0.6667619006974357,0.6667619006974357,0.8325872998388987,0.8325872998388987,3.4085515820317798,3.4085515820317798,0.8101399981975556,1.337349999845028,0,232920.99796831608,513505.18986800365,,,,,,,
2024-10-18,,,,,,,0.41999998688697815,0.45500001311302185,0.40599998831748960,0.41899999976158140,771900,,,,,0.41899999976158140,,,,,,,,,,,,,,,,,,,,,,,,,,,,,,,,,,,,,,,,,,,,,,,,,,,,,,,,,,,,,,,,,,,,,,,,,,,,,,,,,,,,,,,,,,,,,,,,,,,,,,,,,,,,,,,,,,,,,,,,,,,,,,,,,,,,,,,,,,,,,2.5279526543054445,1.534595937522647,0.9987352263095602,1.785005836770237,,,,-0.35144833689427213,,,,,,,,0.44980283521598285,0.44980283521598285,0.608018249932833,0.608018249932833,0.7914722155585204,0.7914722155585204,3.3459525307629643,3.3459525307629643,,,,,0.021713768377397316,,-0.11097989594075452,-0.11097989594075452,-0.09134546705856918,-0.09134546705856918,29.22773997810363,29.22773997810363,,0.44419999718666076,0.44419999718666076,0.6448095199607667,0.6448095199607667,0.8257777761845362,0.8257777761845362,3.3906904706169687,3.3906904706169687,0.7983199983835221,1.3152950002253057,0,323426.09981596476,517820.5501922067,,,,,,,
2024-10-21,,,,,,,0.40999999642372130,0.41800001263618470,0.39199998974800110,0.40599998831748960,349100,,,,,0.40599998831748960,,,,,,,,,,,,,,,,,,,,,,,,,,,,,,,,,,,,,,,,,,,,,,,,,,,,,,,,,,,,,,,,,,,,,,,,,,,,,,,,,,,,,,,,,,,,,,,,,,,,,,,,,,,,,,,,,,,,,,,,,,,,,,,,,,,,,,,,,,,,,2.4102643492155984,1.4305181745181603,0.9877325308744989,1.7796500483849715,,,,-0.5734676394411997,,,,,,,,0.4352018862498184,0.4352018862498184,0.5896529534223472,0.5896529534223472,0.7794262084572382,0.7794262084572382,3.3227117992021302,3.3227117992021302,,,,,-0.031517788526043686,,-0.11262107795343113,-0.11262107795343113,-0.09560058923754156,-0.09560058923754156,28.549625224505636,28.549625224505636,,0.4195999979972839,0.4195999979972839,0.6169999951408023,0.6169999951408023,0.8178730143441094,0.8178730143441094,3.370079359837941,3.370079359837941,0.786639997959137,1.29682500064373,0,141734.59592163563,517036.88351360586,,,,,,,
2024-10-22,,,,,,,0.40599998831748960,0.43000000715255740,0.39599999785423280,0.39700001478195190,306900,,,,,0.39700001478195190,,,,,,,,,,,,,,,,,,,,,,,,,,,,,,,,,,,,,,,,,,,,,,,,,,,,,,,,,,,,,,,,,,,,,,,,,,,,,,,,,,,,,,,,,,,,,,,,,,,,,,,,,,,,,,,,,,,,,,,,,,,,,,,,,,,,,,,,,,,,,1.4345136573282105,1.4322031134510946,0.9871307570420185,1.7796743539426674,,,,-0.5442652572505692,,,,,,,,0.42246792909386294,0.42246792909386294,0.5721390499095841,0.5721390499095841,0.7674753899048855,0.7674753899048855,3.299583642803552,3.299583642803552,,,,,-0.02241681290575051,,-0.11334141983567436,-0.11334141983567436,-0.09914875535716812,-0.09914875535716812,28.064177512907253,28.064177512907253,,0.4184000015258789,0.4184000015258789,0.5906666630790347,0.5906666630790347,0.8097301570196,0.8097301570196,3.3498293598965994,3.3498293598965994,0.7743799984455109,1.2790600004792214,0,121839.30453658105,516596.17399336805,,,,,,,
2024-10-23,,,,,,,0.39700001478195190,0.40700000524520874,0.38499999046325684,0.39800000190734863,578100,,,,,0.39800000190734863,,,,,,,,,,,,,,,,,,,,,,,,,,,,,,,,,,,,,,,,,,,,,,,,,,,,,,,,,,,,,,,,,,,,,,,,,,,,,,,,,,,,,,,,,,,,,,,,,,,,,,,,,,,,,,,,,,,,,,,,,,,,,,,,,,,,,,,,,,,,,0.8333257377811369,1.4080106163309682,0.9876217260713209,1.7715464643853975,,,,-0.39488984197587773,,,,,,,,0.4143119533650248,0.4143119533650248,0.5563082273639263,0.5563082273639263,0.7559292840299625,0.7559292840299625,3.276646222717416,3.276646222717416,,,,,0.002515692155445461,,-0.11253437909140968,-0.11253437909140968,-0.10182588010401643,-0.10182588010401643,28.210241247323644,28.210241247323644,,0.4060000002384186,0.4060000002384186,0.569619045371101,0.569619045371101,0.8017619034600636,0.8017619034600636,3.3258134876451795,3.3258134876451795,0.7631399989128113,1.2624000003933906,0,230083.80110263827,518451.15501085925,,,,,,,
2024-10-24,,,,,,,0.39800000190734863,0.39800000190734863,0.33000001311302185,0.35600000619888306,474200,,,,,0.35600000619888306,,,,,,,,,,,,,,,,,,,,,,,,,,,,,,,,,,,,,,,,,,,,,,,,,,,,,,,,,,,,,,,,,,,,,,,,,,,,,,,,,,,,,,,,,,,,,,,,,,,,,,,,,,,,,,,,,,,,,,,,,,,,,,,,,,,,,,,,,,,,,0.8102888033559413,1.4301342236001575,1.0066793708399964,1.7684287759875303,,,,-0.35469651809990105,,,,,,,,0.3948746376429776,0.3948746376429776,0.5380983890761951,0.5380983890761951,0.7434314940977412,0.7434314940977412,3.25355811033387,3.25355811033387,,,,,-0.1115212618121479,,-0.11397006615351396,-0.11397006615351396,-0.10425471731391595,-0.10425471731391595,25.837315764698495,25.837315764698495,,0.3952000021934509,0.3952000021934509,0.5489523779778254,0.5489523779778254,0.7931269833019802,0.7931269833019802,3.2979801547905754,3.2979801547905754,0.7518599987030029,1.2462800008058548,0,168815.20293951035,519386.4757386466,,,,,,,
2024-10-25,,,,,,,0.35600000619888306,0.36399999260902405,0.31700000166893005,0.35199999809265137,832900,,,,,0.35199999809265137,,,,,,,,,,,,,,,,,,,,,,,,,,,,,,,,,,,,,,,,,,,,,,,,,,,,,,,,,,,,,,,,,,,,,,,,,,,,,,,,,,,,,,,,,,,,,,,,,,,,,,,,,,,,,,,,,,,,,,,,,,,,,,,,,,,,,,,,,,,,,0.7097071299053415,1.3790474470597065,1.00534530805453,1.7680832332801653,,,,-0.2646681175620384,,,,,,,,0.38058309112620214,0.38058309112620214,0.5211803535322366,0.5211803535322366,0.7311992598475822,0.7311992598475822,3.2306208920552835,3.2306208920552835,,,,,-0.0112995780851302,,-0.11411517699237178,-0.11411517699237178,-0.1062268092496071,-0.1062268092496071,25.6163167721213,25.6163167721213,,0.3818000018596649,0.3818000018596649,0.5331428533508664,0.5331428533508664,0.7842698399982755,0.7842698399982755,3.269456345410574,3.269456345410574,0.7404799985885621,1.2318400007486343,0,293180.7984113693,522870.1391717745,,,,,,,
2024-10-28,,,,,,,0.55699998140335080,0.69999998807907100,0.42199999094009400,0.46999999880790710,148785700,,,,,0.46999999880790710,,,,,,,,,,,,,,,,,,,,,,,,,,,,,,,,,,,,,,,,,,,,,,,,,,,,,,,,,,,,,,,,,,,,,,,,,,,,,,,,,,,,,,,,,,,,,,,,,,,,,,,,,,,,,,,,,,,,,,,,,,,,,,,,,,,,,,,,,,,,,2.4122959991966653,1.7683483867948173,1.1719044781895087,1.7770280409943333,,,,-0.6328042099753741,,,,,,,,0.4103887270201038,0.4103887270201038,0.516527594011843,0.516527594011843,0.7230367829400923,0.7230367829400923,3.208797801990087,3.208797801990087,,,,,0.28910152198824357,,-0.10351530449291102,-0.10351530449291102,-0.10568450829826789,-0.10568450829826789,41.51016665740131,41.51016665740131,,0.3946000039577484,0.3946000039577484,0.5225238047894978,0.5225238047894978,0.7768095225568802,0.7768095225568802,3.2336230120725102,3.2336230120725102,0.7310799986124039,1.2171900002658367,0,69929278.82263364,1630704.1522349159,,,,,,,
2024-10-29,,,,,,,0.47999998927116394,0.49599999189376830,0.34599998593330383,0.36599999666213990,12968600,,,,,0.36599999666213990,,,,,,,,,,,,,,,,,,,,,,,,,,,,,,,,,,,,,,,,,,,,,,,,,,,,,,,,,,,,,,,,,,,,,,,,,,,,,,,,,,,,,,,,,,,,,,,,,,,,,,,,,,,,,,,,,,,,,,,,,,,,,,,,,,,,,,,,,,,,,3.1487832598682677,1.9115458417835745,1.2645086336562752,1.7888285123369365,,,,-0.6408146909605946,,,,,,,,0.3955924835674492,0.3955924835674492,0.5028432669800518,0.5028432669800518,0.7118793833689063,0.7118793833689063,3.1863250920665456,3.1863250920665456,,,,,-0.25009936788620646,,-0.10232719595945838,-0.10232719595945838,-0.10501304583050598,-0.10501304583050598,34.51101797741114,34.51101797741114,,0.388400000333786,0.388400000333786,0.5047142803668976,0.5047142803668976,0.7675079348541441,0.7675079348541441,3.1930912663302724,3.1930912663302724,0.7191999989748001,1.2032699997723102,0,4746507.556712628,1651204.2963159939,,,,,,,
2024-10-30,,,,,,,0.38499999046325684,0.43599998950958250,0.38100001215934753,0.43000000715255740,6829200,,,,,0.43000000715255740,,,,,,,,,,,,,,,,,,,,,,,,,,,,,,,,,,,,,,,,,,,,,,,,,,,,,,,,,,,,,,,,,,,,,,,,,,,,,,,,,,,,,,,,,,,,,,,,,,,,,,,,,,,,,,,,,,,,,,,,,,,,,,,,,,,,,,,,,,,,,3.399776181564174,2.007526881982278,1.3127740658619105,1.7765931434074516,,,,-0.5873567429799498,,,,,,,,0.40706165809581857,0.40706165809581857,0.4962211524502796,0.4962211524502796,0.7030706528621454,0.7030706528621454,3.164535960960506,3.164535960960506,,,,,0.16115190103993265,,-0.09512480586182592,-0.09512480586182592,-0.10303539783676997,-0.10303539783676997,41.093440833392314,41.093440833392314,,0.3948000013828278,0.3948000013828278,0.49338094819159733,0.49338094819159733,0.7594126969102829,0.7594126969102829,3.14043253695681,3.14043253695681,0.7086199992895126,1.190219999998808,0,2936556.0488462457,1690608.1383794548,,,,,,,
2024-10-31,,,,,,,0.43000000715255740,0.48199999332427980,0.38499999046325684,0.42899999022483826,4667200,,,,,0.42899999022483826,,,,,,,,,,,,,,,,,,,,,,,,,,,,,,,,,,,,,,,,,,,,,,,,,,,,,,,,,,,,,,,,,,,,,,,,,,,,,,,,,,,,,,,,,,,,,,,,,,,,,,,,,,,,,,,,,,,,,,,,,,,,,,,,,,,,,,,,,,,,,3.226803875488597,2.0018260665960828,1.3121086156629154,1.7618385166358457,,,,-0.5744363805286169,,,,,,,,0.41437443547215846,0.41437443547215846,0.49011013770251216,0.49011013770251216,0.6945059446547296,0.6945059446547296,3.1429111706780106,3.1429111706780106,,,,,-0.002328329179370638,,-0.0884776376956718,-0.0884776376956718,-0.10012384580855034,-0.10012384580855034,41.024055429866586,41.024055429866586,,0.4093999981880188,0.4093999981880188,0.4811904714221046,0.4811904714221046,0.7511428556745015,0.7511428556745015,3.0994365042637266,3.0994365042637266,0.6980999994277954,1.1768650004267693,0,2002228.754377365,1706893.9918179836,,,,,,,
2024-11-01,,,,,,,0.39800000190734863,0.42500001192092896,0.39800000190734863,0.40099999308586120,1681900,,,,,0.40099999308586120,,,,,,,,,,,,,,,,,,,,,,,,,,,,,,,,,,,,,,,,,,,,,,,,,,,,,,,,,,,,,,,,,,,,,,,,,,,,,,,,,,,,,,,,,,,,,,,,,,,,,,,,,,,,,,,,,,,,,,,,,,,,,,,,,,,,,,,,,,,,,3.303873597818993,2.0075355840129174,1.3164499365015,1.7625342016353482,,,,-0.5760849506972074,,,,,,,,0.40991628801005936,0.40991628801005936,0.4820092154646348,0.4820092154646348,0.6853338836682025,0.6853338836682025,3.1212359835033694,3.1212359835033694,,,,,-0.06749548607776426,,-0.08449506824671532,-0.08449506824671532,-0.09699809029618334,-0.09699809029618334,39.036575977591426,39.036575977591426,,0.4191999971866608,0.4191999971866608,0.46880951807612464,0.46880951807612464,0.7424444428512028,0.7424444428512028,3.057892853896769,3.057892853896769,0.687419999241829,1.1637200005352497,0,674441.88837111,1706737.1344796252,,,,,,,
2024-11-04,,,,,,,0.38999998569488525,0.39899998903274536,0.37000000476837160,0.37200000882148740,1311200,,,,,0.37200000882148740,,,,,,,,,,,,,,,,,,,,,,,,,,,,,,,,,,,,,,,,,,,,,,,,,,,,,,,,,,,,,,,,,,,,,,,,,,,,,,,,,,,,,,,,,,,,,,,,,,,,,,,,,,,,,,,,,,,,,,,,,,,,,,,,,,,,,,,,,,,,,2.351621044724034,2.015193949968769,1.3208028134635632,1.758998928701956,,,,-0.5783387498707283,,,,,,,,0.39727752828053536,0.39727752828053536,0.47200837849707594,0.47200837849707594,0.6755422000792426,0.6755422000792426,3.0995028927944217,3.0995028927944217,,,,,-0.07506753207750562,,-0.08272530382492788,-0.08272530382492788,-0.09414353300193225,-0.09414353300193225,37.03531136536044,37.03531136536044,,0.39959999918937683,0.39959999918937683,0.4556190428279695,0.4556190428279695,0.7339365066043915,0.7339365066043915,3.0110357098636173,3.0110357098636173,0.6762599992752075,1.1502300009131432,0,487766.41156673426,1710759.5410436867,,,,,,,
2024-11-05,,,,,,,0.37299999594688416,0.43200001120567320,0.37099999189376830,0.41400000452995300,1523300,,,,,0.41400000452995300,,,,,,,,,,,,,,,,,,,,,,,,,,,,,,,,,,,,,,,,,,,,,,,,,,,,,,,,,,,,,,,,,,,,,,,,,,,,,,,,,,,,,,,,,,,,,,,,,,,,,,,,,,,,,,,,,,,,,,,,,,,,,,,,,,,,,,,,,,,,,1.675717765756659,2.059904426486147,1.3401844905735116,1.7631344447774857,,,,-0.5723121805610513,,,,,,,,0.40285168703034124,0.40285168703034124,0.46673488995461027,0.46673488995461027,0.6673690064683273,0.6673690064683273,3.0782736209504336,3.0782736209504336,,,,,0.1069721067804077,,-0.07704557074479018,-0.07704557074479018,-0.09072394055050383,-0.09072394055050383,41.697165046485416,41.697165046485416,,0.40920000076293944,0.40920000076293944,0.4435238057658786,0.4435238057658786,0.7256666653686099,0.7256666653686099,2.9647222176667243,2.9647222176667243,0.6659399992227555,1.136600000411272,0,630646.2069004774,1688774.988690681,,,,,,,
2024-11-06,,,,,,,0.38800001144409180,0.40000000596046450,0.37299999594688416,0.38400000333786010,1349700,,,,,0.38400000333786010,,,,,,,,,,,,,,,,,,,,,,,,,,,,,,,,,,,,,,,,,,,,,,,,,,,,,,,,,,,,,,,,,,,,,,,,,,,,,,,,,,,,,,,,,,,,,,,,,,,,,,,,,,,,,,,,,,,,,,,,,,,,,,,,,,,,,,,,,,,,,1.248384932233877,2.0667383250918387,1.3331838040340964,1.7551004823211247,,,,-0.5694817139919711,,,,,,,,0.39656779246618085,0.39656779246618085,0.45921353662581477,0.45921353662581477,0.6585137251205002,0.6585137251205002,3.056975015277607,3.056975015277607,,,,,-0.07522342348715898,,-0.07411078770593427,-0.07411078770593427,-0.08740130998158992,-0.08740130998158992,39.45034106868603,39.45034106868603,,0.4,0.4,0.43138094885008677,0.43138094885008677,0.7157301576364608,0.7157301576364608,2.9096984081561605,2.9096984081561605,0.6550999993085861,1.1224200002849103,0,518284.8045051098,1659543.5573698513,,,,,,,
2024-11-07,,,,,,,0.38400000333786010,0.41400000452995300,0.38100001215934753,0.40299999713897705,982200,,,,,0.40299999713897705,,,,,,,,,,,,,,,,,,,,,,,,,,,,,,,,,,,,,,,,,,,,,,,,,,,,,,,,,,,,,,,,,,,,,,,,,,,,,,,,,,,,,,,,,,,,,,,,,,,,,,,,,,,,,,,,,,,,,,,,,,,,,,,,,,,,,,,,,,,,,1.3480000151397358,2.064467885458469,1.3391989789891874,1.7545851346070807,,,,-0.5645498013122818,,,,,,,,0.3987118606904463,0.3987118606904463,0.45410321485428407,0.45410321485428407,0.6505289211210776,0.6505289211210776,3.035994975608527,3.035994975608527,,,,,0.04829399356729956,,-0.06945121986279928,-0.06945121986279928,-0.0838112919578318,-0.0838112919578318,41.59676878420415,41.59676878420415,,0.3948000013828278,0.3948000013828278,0.42290475964546204,0.42290475964546204,0.7064126971222106,0.7064126971222106,2.8595912663473024,2.8595912663473024,0.645139998793602,1.1082850001752376,0,395826.59718990326,1639047.8046863328,,,,,,,
2024-11-08,,,,,,,0.40299999713897705,0.40999999642372130,0.37500000000000000,0.39700001478195190,1304200,,,,,0.39700001478195190,,,,,,,,,,,,,,,,,,,,,,,,,,,,,,,,,,,,,,,,,,,,,,,,,,,,,,,,,,,,,,,,,,,,,,,,,,,,,,,,,,,,,,,,,,,,,,,,,,,,,,,,,,,,,,,,,,,,,,,,,,,,,,,,,,,,,,,,,,,,,1.2618472925972148,2.0637080727431907,1.3373871712069039,1.7417884425418537,,,,-0.5597459795243418,,,,,,,,0.3981412453876148,0.3981412453876148,0.44891201484770843,0.44891201484770843,0.6426061427979799,0.6426061427979799,3.0151333553648385,3.0151333553648385,,,,,-0.015000236926044781,,-0.06548772547443288,-0.06548772547443288,-0.080146578661152,-0.080146578661152,41.10127179015899,41.10127179015899,,0.3940000057220459,0.3940000057220459,0.4141904754298074,0.4141904754298074,0.6966825387780629,0.6966825387780629,2.8198571400273416,2.8198571400273416,0.6351799994707108,1.0940700002014636,0,517767.41927862173,1629354.0654789363,,,,,,,
2024-11-11,,,,,,,0.38999998569488525,0.39700001478195190,0.37200000882148740,0.39300000667572020,945500,,,,,0.39300000667572020,,,,,,,,,,,,,,,,,,,,,,,,,,,,,,,,,,,,,,,,,,,,,,,,,,,,,,,,,,,,,,,,,,,,,,,,,,,,,,,,,,,,,,,,,,,,,,,,,,,,,,,,,,,,,,,,,,,,,,,,,,,,,,,,,,,,,,,,,,,,,1.0986235819337375,2.011871516816664,1.3354153995592575,1.7407850376635239,,,,-0.5519715630095989,,,,,,,,0.3964274991503166,0.3964274991503166,0.44382910501389133,0.44382910501389133,0.6348059510441593,0.6348059510441593,2.994405028497731,2.994405028497731,,,,,-0.010126689065499137,,-0.061955213703139445,-0.061955213703139445,-0.0765083056695495,-0.0765083056695495,40.75274682222072,40.75274682222072,,0.39820000529289246,0.39820000529289246,0.40900000078337534,0.40900000078337534,0.6876825392246246,0.6876825392246246,2.7781626971231566,2.7781626971231566,0.6250400000810623,1.08008499994874,0,371581.50631189346,1629783.2323680324,,,,,,,
2024-11-12,,,,,,,0.38100001215934753,0.38999998569488525,0.30000001192092896,0.30099999904632570,2554300,,,,,0.30099999904632570,,,,,,,,,,,,,,,,,,,,,,,,,,,,,,,,,,,,,,,,,,,,,,,,,,,,,,,,,,,,,,,,,,,,,,,,,,,,,,,,,,,,,,,,,,,,,,,,,,,,,,,,,,,,,,,,,,,,,,,,,,,,,,,,,,,,,,,,,,,,,1.9300088732173486,2.1804687271955085,1.4268860650560773,1.74407886029792,,,,-0.5581778262739043,,,,,,,,0.3646183324489863,0.3646183324489863,0.4308446408350217,0.4308446408350217,0.624374515044227,0.624374515044227,2.9731132891344787,2.9731132891344787,,,,,-0.26669936727530397,,-0.06582056590172858,-0.06582056590172858,-0.07437075771598531,-0.07437075771598531,33.679000176666015,33.679000176666015,,0.375600004196167,0.375600004196167,0.39814285863013493,0.39814285863013493,0.6778571421191806,0.6778571421191806,2.7257460295444442,2.7257460295444442,0.6132600003480911,1.0656399996578694,0,768844.2975640297,1639247.5545018914,,,,,,,
2024-11-13,,,,,,,0.31000000238418580,0.33599999547004700,0.30300000309944153,0.31499999761581420,1669100,,,,,0.31499999761581420,,,,,,,,,,,,,,,,,,,,,,,,,,,,,,,,,,,,,,,,,,,,,,,,,,,,,,,,,,,,,,,,,,,,,,,,,,,,,,,,,,,,,,,,,,,,,,,,,,,,,,,,,,,,,,,,,,,,,,,,,,,,,,,,,,,,,,,,,,,,,2.069918146550822,2.0005724431124055,1.4320160723381707,1.7445947811930933,,,,-0.5539021710826921,,,,,,,,0.3480788875045956,0.3480788875045956,0.42031330963327557,0.42031330963327557,0.6147065613745891,0.6147065613745891,2.9521005358418413,2.9521005358418413,,,,,0.0454623696762667,,-0.0669820748221257,-0.0669820748221257,-0.0728930211372134,-0.0728930211372134,35.513370863771726,35.513370863771726,,0.3618000030517578,0.3618000030517578,0.3939523824623653,0.3939523824623653,0.668238094401738,0.668238094401738,2.676400791439745,2.676400791439745,0.6019600003957748,1.0527649991214276,0,525766.4960205555,1645563.9306207974,,,,,,,
2024-11-14,,,,,,,0.31000000238418580,0.31499999761581420,0.25900000333786010,0.26800000667572020,1595800,,,,,0.26800000667572020,,,,,,,,,,,,,,,,,,,,,,,,,,,,,,,,,,,,,,,,,,,,,,,,,,,,,,,,,,,,,,,,,,,,,,,,,,,,,,,,,,,,,,,,,,,,,,,,,,,,,,,,,,,,,,,,,,,,,,,,,,,,,,,,,,,,,,,,,,,,,2.044490619236562,1.9930050030504787,1.458686379915969,1.750288976549931,,,,-0.5599526547960432,,,,,,,,0.3213859272283038,0.3213859272283038,0.40646664572804325,0.40646664572804325,0.6038719815402495,0.6038719815402495,2.930882349840528,2.930882349840528,,,,,-0.16158562583652913,,-0.0708780474721068,-0.0708780474721068,-0.07249002640419207,-0.07249002640419207,32.2849467820305,32.2849467820305,,0.33480000495910645,0.33480000495910645,0.3848095252400353,0.3848095252400353,0.6575714278788793,0.6575714278788793,2.62555952192772,2.62555952192772,0.5898200005292893,1.04155499920249,0,427674.4106531143,1651695.905394734,,,,,,,
2024-11-15,,,,,,,0.27799999713897705,0.28999999165534973,0.21999999880790710,0.23899999260902405,1775800,,,,,0.23899999260902405,,,,,,,,,,,,,,,,,,,,,,,,,,,,,,,,,,,,,,,,,,,,,,,,,,,,,,,,,,,,,,,,,,,,,,,,,,,,,,,,,,,,,,,,,,,,,,,,,,,,,,,,,,,,,,,,,,,,,,,,,,,,,,,,,,,,,,,,,,,,,1.960642215991237,1.9926975455875704,1.4683781365792419,1.7491181896215833,,,,-0.5580120705170667,,,,,,,,0.29392394902187724,0.29392394902187724,0.39124240453540515,0.39124240453540515,0.5924697318861487,0.5924697318861487,2.90960264741182,2.90960264741182,,,,,-0.11452348441333554,,-0.0754361120952517,-0.0754361120952517,-0.073079243542404,-0.073079243542404,30.44582077536585,30.44582077536585,,0.3032000005245209,0.3032000005245209,0.3766666679155259,0.3766666679155259,0.6461269836577158,0.6461269836577158,2.5690476189530087,2.5690476189530087,0.5775999999046326,1.0307499986886979,0,424416.1868751049,1656648.2893532705,,,,,,,
2024-11-18,,,,,,,0.23899999260902405,0.28400000929832460,0.22100000083446503,0.28400000929832460,1363300,,,,,0.28400000929832460,,,,,,,,,,,,,,,,,,,,,,,,,,,,,,,,,,,,,,,,,,,,,,,,,,,,,,,,,,,,,,,,,,,,,,,,,,,,,,,,,,,,,,,,,,,,,,,,,,,,,,,,,,,,,,,,,,,,,,,,,,,,,,,,,,,,,,,,,,,,,2.761859627472513,2.1033058290660014,1.5186456412678535,1.7587894816755196,,,,-0.5474077492318122,,,,,,,,0.2906159691140263,0.2906159691140263,0.38149309587748875,0.38149309587748875,0.5828300530552791,0.5828300530552791,2.888846895331872,2.888846895331872,,,,,0.1725107498948606,,-0.07455782963281132,-0.07455782963281132,-0.07337496076048547,-0.07337496076048547,36.49146587711566,36.49146587711566,,0.2814000010490417,0.2814000010490417,0.3702380969410851,0.3702380969410851,0.6354126982272618,0.6354126982272618,2.5158888876201613,2.5158888876201613,0.5662799996137619,1.0205699990689754,0,387177.21267640596,1660754.1816362315,,,,,,,
2024-11-19,,,,,,,0.28700000047683716,0.31999999284744260,0.27000001072883606,0.30000001192092896,876500,,,,,0.30000001192092896,,,,,,,,,,,,,,,,,,,,,,,,,,,,,,,,,,,,,,,,,,,,,,,,,,,,,,,,,,,,,,,,,,,,,,,,,,,,,,,,,,,,,,,,,,,,,,,,,,,,,,,,,,,,,,,,,,,,,,,,,,,,,,,,,,,,,,,,,,,,,2.159955006479591,2.1177921522188274,1.52560186381006,1.7599486733419885,,,,-0.545158754048718,,,,,,,,0.2937439833829939,0.2937439833829939,0.3740846336996197,0.3740846336996197,0.5739916142698307,0.5739916142698307,2.868381702577635,2.868381702577635,,,,,0.054808243490844934,,-0.07174370123071655,-0.07174370123071655,-0.07304870885453169,-0.07304870885453169,38.5370843627341,38.5370843627341,,0.2812000036239624,0.2812000036239624,0.36519047901743934,0.36519047901743934,0.625015873284567,0.625015873284567,2.465134918807991,2.465134918807991,0.5549799996614456,1.0111699987947942,0,262950.01044869423,1661906.8564580549,,,,,,,
2024-11-20,,,,,,,0.27500000596046450,0.30099999904632570,0.27000001072883606,0.27799999713897705,384900,,,,,0.27799999713897705,,,,,,,,,,,,,,,,,,,,,,,,,,,,,,,,,,,,,,,,,,,,,,,,,,,,,,,,,,,,,,,,,,,,,,,,,,,,,,,,,,,,,,,,,,,,,,,,,,,,,,,,,,,,,,,,,,,,,,,,,,,,,,,,,,,,,,,,,,,,,2.1688817458075214,2.128509351634499,1.5299688342173192,1.7606632023782969,,,,-0.5444124220553999,,,,,,,,0.2884959879683216,0.2884959879683216,0.36534966673956126,0.36534966673956126,0.5647418762344916,0.5647418762344916,2.847904376842942,2.847904376842942,,,,,-0.07616141099344256,,-0.07047629467343941,-0.07047629467343941,-0.07253422601831322,-0.07253422601831322,36.78270381535129,36.78270381535129,,0.27380000352859496,0.27380000352859496,0.359523811510631,0.359523811510631,0.6145873017727382,0.6145873017727382,2.413261901409853,2.413261901409853,0.5428799992799759,1.001309998780489,0,107002.19889879227,1660884.8992907815,,,,,,,
2024-11-21,,,,,,,0.27799999713897705,0.27799999713897705,0.23800000548362732,0.27000001072883606,351900,,,,,0.27000001072883606,,,,,,,,,,,,,,,,,,,,,,,,,,,,,,,,,,,,,,,,,,,,,,,,,,,,,,,,,,,,,,,,,,,,,,,,,,,,,,,,,,,,,,,,,,,,,,,,,,,,,,,,,,,,,,,,,,,,,,,,,,,,,,,,,,,,,,,,,,,,,1.8190278355627838,2.1276867412549567,1.5298319526590611,1.7607029514566865,,,,-0.5445005409995616,,,,,,,,0.2823306622218264,0.2823306622218264,0.3566815161931317,0.3566815161931317,0.5555311929374398,0.5555311929374398,2.827525686201724,2.827525686201724,,,,,-0.029199104664383493,,-0.06931833922483249,-0.06931833922483249,-0.07189104865961708,-0.07189104865961708,36.138437710848144,36.138437710848144,,0.27420000433921815,0.27420000433921815,0.3534285738354638,0.3534285738354638,0.6041111113533141,0.6041111113533141,2.361793648392435,2.361793648392435,0.5303599989414215,0.9915099987387657,0,95013.00377547742,1658606.6136073028,,,,,,,
2024-11-22,,,,,,,0.27500000596046450,0.29499998688697815,0.23100000619888306,0.24099999666213990,1522900,,,,,0.24099999666213990,,,,,,,,,,,,,,,,,,,,,,,,,,,,,,,,,,,,,,,,,,,,,,,,,,,,,,,,,,,,,,,,,,,,,,,,,,,,,,,,,,,,,,,,,,,,,,,,,,,,,,,,,,,,,,,,,,,,,,,,,,,,,,,,,,,,,,,,,,,,,1.8154257536985214,2.1288580979964147,1.5407452384104032,1.7630971166203608,,,,-0.5463666159347215,,,,,,,,0.2685537737019309,0.2685537737019309,0.34616501441758696,0.34616501441758696,0.5457020930538367,0.5457020930538367,2.807078842806154,2.807078842806154,,,,,-0.11362507909419088,,-0.0699345480242663,-0.0699345480242663,-0.07149974853254693,-0.07149974853254693,33.82552211405171,33.82552211405171,,0.2746000051498413,0.2746000051498413,0.34795238290514263,0.34795238290514263,0.5931746032502916,0.5931746032502916,2.309218252462054,2.309218252462054,0.5173799991607666,0.981214998960495,0,367018.8949167729,1659584.5007909199,,,,,,,
2024-11-25,,,,,,,0.23999999463558197,0.26899999380111694,0.20999999344348907,0.22900000214576720,2625000,,,,,0.22900000214576720,,,,,,,,,,,,,,,,,,,,,,,,,,,,,,,,,,,,,,,,,,,,,,,,,,,,,,,,,,,,,,,,,,,,,,,,,,,,,,,,,,,,,,,,,,,,,,,,,,,,,,,,,,,,,,,,,,,,,,,,,,,,,,,,,,,,,,,,,,,,,1.0011545551019139,2.1316018579473637,1.5414712922958513,1.7604700642932434,,,,-0.5482074361758653,,,,,,,,0.25536918318320967,0.25536918318320967,0.3355136496656034,0.3355136496656034,0.5358051527129595,0.5358051527129595,2.7866987729195105,2.7866987729195105,,,,,-0.051074906716211066,,-0.07057762230975251,-0.07057762230975251,-0.07131532328798804,-0.07131532328798804,32.8875509916936,32.8875509916936,,0.26360000371932985,0.26360000371932985,0.3420952402410053,0.3420952402410053,0.582111111235997,0.582111111235997,2.2517936500528504,2.2517936500528504,0.504679998755455,0.9706599994003773,0,601125.0056326389,1666226.1707245833,,,,,,,
2024-11-26,,,,,,,3.30999994277954100,4.01000022888183600,3.03999996185302730,3.58999991416931150,266500,,,,,3.58999991416931150,,,,,,,,,,,,,,,,,,,,,,,,,,,,,,,,,,,,,,,,,,,,,,,,,,,,,,,,,,,,,,,,,,,,,,,,,,,,,,,,,,,,,,,,,,,,,,,,,,,,,,,,,,,,,,,,,,,,,,,,,,,,,,,,,,,,,,,,,,,,,20.024086113018626,9.8265073772236,5.758690141872389,3.2803420218054464,,,,-0.21817297516321546,,,,,,,,1.3669127601785769,1.3669127601785769,0.6313760373477586,0.6313760373477586,0.6312487390084706,0.6312487390084706,2.793048979569707,2.793048979569707,,,,,2.7521854446496525,,0.19783680104463364,0.19783680104463364,-0.017484898421463703,-0.017484898421463703,92.83297468725199,92.83297468725199,,0.9215999841690063,0.9215999841690063,0.4906666647820246,0.4906666647820246,0.6247936491928403,0.6247936491928403,2.2117539659615546,2.2117539659615546,0.560179997086525,0.976309998780489,0,956734.9771261215,1677149.1369198714,,,,,,,
2024-11-27,,,,,,,3.82999992370605470,4.80000019073486300,3.68899989128112800,4.65000009536743200,379300,,,,,4.65000009536743200,,,,,,,,,,,,,,,,,,,,,,,,,,,,,,,,,,,,,,,,,,,,,,,,,,,,,,,,,,,,,,,,,,,,,,,,,,,,,,,,,,,,,,,,,,,,,,,,,,,,,,,,,,,,,,,,,,,,,,,,,,,,,,,,,,,,,,,,,,,,,19.556483176334293,9.758008880664601,5.777758969652771,3.2908353579550904,,,,-0.02238328189392091,,,,,,,,2.4612752052415288,2.4612752052415288,0.9967054971677289,0.9967054971677289,0.756834718894688,0.756834718894688,2.8077284350305582,2.8077284350305582,,,,,0.25871506151647233,,0.49043687025211236,0.49043687025211236,0.08409945531325151,0.08409945531325151,94.5011654783314,94.5011654783314,,1.7960000038146973,1.7960000038146973,0.6946666694822765,0.6946666694822765,0.6843968256125375,0.6843968256125375,2.174650791736822,2.174650791736822,0.6350799995660782,0.9875099988281727,0,1763745.0361728668,1701781.026454625,,,,,,,
2024-11-29,,,,,,,4.69999980926513700,4.80999994277954100,4.17999982833862300,4.69000005722045900,110500,,,,,4.69000005722045900,,,,,,,,,,,,,,,,,,,,,,,,,,,,,,,,,,,,,,,,,,,,,,,,,,,,,,,,,,,,,,,,,,,,,,,,,,,,,,,,,,,,,,,,,,,,,,,,,,,,,,,,,,,,,,,,,,,,,,,,,,,,,,,,,,,,,,,,,,,,,19.48610104113081,9.764421076781693,5.777718713324545,3.2905441737512358,,,,-0.20777975401843107,,,,,,,,3.2041834892345054,3.2041834892345054,1.3324595480816135,1.3324595480816135,0.8797461357173684,0.8797461357173684,2.822608052597277,2.822608052597277,,,,,0.008565354550322386,,0.7172837947049127,0.7172837947049127,0.21073632319158375,0.21073632319158375,94.55269155428498,94.55269155428498,,2.680000013113022,2.680000013113022,0.8975238147236052,0.8975238147236052,0.744555557057971,0.744555557057971,2.140404761428871,2.140404761428871,0.7112800008058549,0.9998099990189075,0,518245.0063228607,1708308.5662825243,,,,,,,
2024-12-02,,,,,,,4.61000013351440400,4.78000020980835000,4.19999980926513700,4.59999990463256800,88500,,,,,4.59999990463256800,,,,,,,,,,,,,,,,,,,,,,,,,,,,,,,,,,,,,,,,,,,,,,,,,,,,,,,,,,,,,,,,,,,,,,,,,,,,,,,,,,,,,,,,,,,,,,,,,,,,,,,,,,,,,,,,,,,,,,,,,,,,,,,,,,,,,,,,,,,,,19.287981379720485,9.767153538001198,5.777957687816654,3.290381217686703,,,,-0.22743537925676377,,,,,,,,3.6694556277005264,3.6694556277005264,1.6295086714044276,1.6295086714044276,0.9960040659959684,0.9960040659959684,2.8366585810718643,2.8366585810718643,,,,,-0.019376311895713497,,0.8796591929192703,0.8796591929192703,0.3445208971371211,0.3445208971371211,92.45351863425716,92.45351863425716,,3.5517999947071077,3.5517999947071077,1.0961428582668304,1.0961428582668304,0.8034444446601565,0.8034444446601565,2.1040952372409047,2.1040952372409047,0.7834799987077713,1.0113599987328052,0,407099.9915599823,1713685.5185469468,,,,,,,
2024-12-03,,,,,,,4.57999992370605500,4.67000007629394500,4.17100000381469700,4.38999986648559600,95100,,,,,4.38999986648559600,,,,,,,,,,,,,,,,,,,,,,,,,,,,,,,,,,,,,,,,,,,,,,,,,,,,,,,,,,,,,,,,,,,,,,,,,,,,,,,,,,,,,,,,,,,,,,,,,,,,,,,,,,,,,,,,,,,,,,,,,,,,,,,,,,,,,,,,,,,,,19.278902699254633,9.762582417242728,5.7793233535003585,3.2901569401320305,,,,-0.18688909826996378,,,,,,,,3.909637040628883,3.909637040628883,1.8804624164118064,1.8804624164118064,1.1020664347612692,1.1020664347612692,2.8489379588221704,2.8489379588221704,,,,,-0.046727086089223185,,0.9800996392701422,0.9800996392701422,0.4716366455637253,0.4716366455637253,87.56832083946092,87.56832083946092,,4.383999967575074,4.383999967575074,1.2860952331906272,1.2860952331906272,0.8591587283308544,0.8591587283308544,2.0702063466111817,2.0702063466111817,0.8522799962759018,1.0214099974930286,0,417488.98730278015,1718942.0421623525,,,,,,,
2024-12-04,,,,,,,4.40000009536743200,4.42000007629394500,3.58100008964538570,3.74000000953674300,122500,,,,,3.74000000953674300,,,,,,,,,,,,,,,,,,,,,,,,,,,,,,,,,,,,,,,,,,,,,,,,,,,,,,,,,,,,,,,,,,,,,,,,,,,,,,,,,,,,,,,,,,,,,,,,,,,,,,,,,,,,,,,,,,,,,,,,,,,,,,,,,,,,,,,,,,,,,2.445248911358799,9.787788656447518,5.7909691086403,3.2937681623740813,,,,-0.1488698563841048,,,,,,,,3.8530913635981694,3.8530913635981694,2.0495112885140734,2.0495112885140734,1.1845018589730028,1.1845018589730028,2.8559819276025227,2.8559819276025227,,,,,-0.16024358269740369,,0.9957712295688357,0.9957712295688357,0.5764635623647474,0.5764635623647474,74.45452607843264,74.45452607843264,,4.41399998664856,4.41399998664856,1.4464761856056394,1.4464761856056394,0.9046349189584217,0.9046349189584217,2.0327857114256376,2.0327857114256376,0.9102799969911576,1.0285099978744983,0,458150.00116825104,1723065.653292007,,,,,,,
2024-12-05,,,,,,,3.58999991416931150,3.69000005722045900,3.00999999046325700,3.21000003814697270,167300,,,,,3.21000003814697270,,,,,,,,,,,,,,,,,,,,,,,,,,,,,,,,,,,,,,,,,,,,,,,,,,,,,,,,,,,,,,,,,,,,,,,,,,,,,,,,,,,,,,,,,,,,,,,,,,,,,,,,,,,,,,,,,,,,,,,,,,,,,,,,,,,,,,,,,,,,,1.234599799139792,9.830048792599868,5.800779605424504,3.2970183018270762,,,,-0.1924657696770999,,,,,,,,3.6387275884477708,3.6387275884477708,2.155010265753428,2.155010265753428,1.2477986770721894,1.2477986770721894,2.858780489741214,2.858780489741214,,,,,-0.15281466495065538,,0.9544225207795245,0.9544225207795245,0.6520553540477028,0.6520553540477028,65.8015632132602,65.8015632132602,,4.125999975204468,4.125999975204468,1.579619044349307,1.579619044349307,0.9420952366458045,0.9420952366458045,1.9924682517136847,1.9924682517136847,0.9586799973249436,1.0327599985897542,0,537033.0063819885,1730394.589867715,,,,,,,
2024-12-06,,,,,,,3.20000004768371600,4.03000020980835000,3.15000009536743160,3.75000000000000000,115500,,,,,3.75000000000000000,,,,,,,,,,,,,,,,,,,,,,,,,,,,,,,,,,,,,,,,,,,,,,,,,,,,,,,,,,,,,,,,,,,,,,,,,,,,,,,,,,,,,,,,,,,,,,,,,,,,,,,,,,,,,,,,,,,,,,,,,,,,,,,,,,,,,,,,,,,,,2.0353831137968945,9.81143233169287,5.8068138683044275,3.300944929102479,,,,-0.18964647431265774,,,,,,,,3.6758183922985137,3.6758183922985137,2.3000093325031163,2.3000093325031163,1.3259924684136835,1.3259924684136835,2.8658257032610464,2.8658257032610464,,,,,0.1554848909566029,,0.9542271188755529,0.9542271188755529,0.7124897070132729,0.7124897070132729,69.66931441520164,69.66931441520164,,3.937999963760376,3.937999963760376,1.7399047584760756,1.7399047584760756,0.9881269822991083,0.9881269822991083,1.954968252470569,1.954968252470569,1.0199999970197677,1.0405099983513355,0,433125,1737022.6850988849,,,,,,,
2024-12-09,,,,,,,3.73000001907348630,4.09999990463256800,3.59999990463256840,3.77999997138977050,140900,,,,,3.77999997138977050,,,,,,,,,,,,,,,,,,,,,,,,,,,,,,,,,,,,,,,,,,,,,,,,,,,,,,,,,,,,,,,,,,,,,,,,,,,,,,,,,,,,,,,,,,,,,,,,,,,,,,,,,,,,,,,,,,,,,,,,,,,,,,,,,,,,,,,,,,,,,2.0658755161797937,9.815544728118015,5.8068855633219805,3.300968586451403,,,,-0.21816949750189982,,,,,,,,3.7105455853289326,3.7105455853289326,2.4345539360382666,2.4345539360382666,1.4026802028816863,1.4026802028816863,2.8730523773174,2.8730523773174,,,,,0.007968162080333152,,0.9455928032055221,0.9455928032055221,0.7591103262517227,0.7591103262517227,69.8731676187661,69.8731676187661,,3.7739999771118162,3.7739999771118162,1.9007142810594468,1.9007142810594468,1.0343968229634422,1.0343968229634422,1.917666663844434,1.917666663844434,1.0817399960756302,1.0493099983036518,1,532601.9959688187,1744253.327878553,,,,,,,
2024-12-10,,,,,,,3.80999994277954100,4.08699989318847700,3.64000010490417500,3.84999990463256840,76700,,,,,3.84999990463256840,,,,,,,,,,,,,,,,,,,,,,,,,,,,,,,,,,,,,,,,,,,,,,,,,,,,,,,,,,,,,,,,,,,,,,,,,,,,,,,,,,,,,,,,,,,,,,,,,,,,,,,,,,,,,,,,,,,,,,,,,,,,,,,,,,,,,,,,,,,,,2.1024050645798686,9.811017962127002,5.806891725090228,3.301016229877242,,,,-0.2534498561162176,,,,,,,,3.7570303584301445,3.7570303584301445,2.563230842274112,2.563230842274112,1.4791589435614012,1.4791589435614012,2.88077528267167,2.88077528267167,,,,,0.018349121466278543,,0.9336360798685361,0.9336360798685361,0.7940154769750853,0.7940154769750853,70.37352098148371,70.37352098148371,,3.665999984741211,3.665999984741211,2.0651428472428095,2.0651428472428095,1.0814920592875708,1.0814920592875708,1.8816745996711746,1.8816745996711746,1.1439399939775468,1.058459997922182,1,295294.992685318,1746379.849937653,,,,,,,
2024-12-11,,,,,,,3.71000003814697270,3.90000009536743160,3.39000010490417500,3.49000000953674300,120400,,,,,3.49000000953674300,,,,,,,,,,,,,,,,,,,,,,,,,,,,,,,,,,,,,,,,,,,,,,,,,,,,,,,,,,,,,,,,,,,,,,,,,,,,,,,,,,,,,,,,,,,,,,,,,,,,,,,,,,,,,,,,,,,,,,,,,,,,,,,,,,,,,,,,,,,,,1.8884726168845767,9.829119893556992,5.811962179494186,3.3012204676572026,,,,-0.3098579653380621,,,,,,,,3.6680202421323442,3.6680202421323442,2.647482584752533,2.647482584752533,1.5419977268731306,1.5419977268731306,2.885591288417639,2.885591288417639,,,,,-0.09817138458200413,,0.8849106089288536,0.8849106089288536,0.812194503365839,0.812194503365839,64.44555438846436,64.44555438846436,,3.6159999847412108,3.6159999847412108,2.212619037855239,2.212619037855239,1.1226666621745578,1.1226666621745578,1.848698408475944,1.848698408475944,1.2003799945116043,1.0658599980175496,1,420196.0011482239,1748578.1609289704,,,,,,,
2024-12-12,,,,,,,3.43000006675720200,3.63100004196167000,3.18000006675720200,3.25000000000000000,74800,,,,,3.25000000000000000,,,,,,,,,,,,,,,,,,,,,,,,,,,,,,,,,,,,,,,,,,,,,,,,,,,,,,,,,,,,,,,,,,,,,,,,,,,,,,,,,,,,,,,,,,,,,,,,,,,,,,,,,,,,,,,,,,,,,,,,,,,,,,,,,,,,,,,,,,,,,1.5726738690253463,9.759313986000945,5.81467156008459,3.3017975634222703,,,,-0.18936374286760507,,,,,,,,3.528680161421563,3.528680161421563,2.7022568952295756,2.7022568952295756,1.5953727979083454,1.5953727979083454,2.88847198969497,2.88847198969497,,,,,-0.07124674260528081,,0.8175056311192899,0.8175056311192899,0.8132567289165292,0.8132567289165292,60.770347795039434,60.770347795039434,,3.6239999771118163,3.6239999771118163,2.3530476093292236,2.3530476093292236,1.1601269798619407,1.1601269798619407,1.8138571396943122,1.8138571396943122,1.2516799944639205,1.072009998112917,1,243100,1750573.5419113014,,,,,,,
2024-12-13,,,,,,,3.25000000000000000,3.39000010490417500,3.09999990463256840,3.20399999618530270,41700,,,,,3.20399999618530270,,,,,,,,,,,,,,,,,,,,,,,,,,,,,,,,,,,,,,,,,,,,,,,,,,,,,,,,,,,,,,,,,,,,,,,,,,,,,,,,,,,,,,,,,,,,,,,,,,,,,,,,,,,,,,,,,,,,,,,,,,,,,,,,,,,,,,,,,,,,,0.8080785170789136,9.766733880262052,5.814212801178776,3.300966599171521,,,,-0.17836423238235832,,,,,,,,3.420453439676143,3.420453439676143,2.747869904407369,2.747869904407369,1.6456423978545003,1.6456423978545003,2.8909662822363953,2.8909662822363953,,,,,-0.014254968326137978,,0.7517096438574136,0.7517096438574136,0.800947311904706,0.800947311904706,60.063331372888406,60.063331372888406,,3.514799976348877,3.514799976348877,2.490619037832533,2.490619037832533,1.1972698365885115,1.1972698365885115,1.7824841251685506,1.7824841251685506,1.3025399941205977,1.078379998356104,1,133606.79984092712,1750316.2275613777,,,,,,,
2024-12-16,,,,,,,3.20000004768371600,3.69000005722045900,3.20000004768371600,3.44000005722045900,99800,,,,,3.44000005722045900,,,,,,,,,,,,,,,,,,,,,,,,,,,,,,,,,,,,,,,,,,,,,,,,,,,,,,,,,,,,,,,,,,,,,,,,,,,,,,,,,,,,,,,,,,,,,,,,,,,,,,,,,,,,,,,,,,,,,,,,,,,,,,,,,,,,,,,,,,,,,1.0804016347635992,9.718213409852174,5.812811090000314,3.301738292265868,,,,-0.1029929830339672,,,,,,,,3.4269689788575817,3.4269689788575817,2.8107908273903774,2.8107908273903774,1.7017160747096864,1.7017160747096864,2.8953064701809335,2.8953064701809335,,,,,0.07107146000365297,,0.7104198052150736,0.7104198052150736,0.7828418105667796,0.7828418105667796,62.475416292586445,62.475416292586445,,3.4467999935150146,3.4467999935150146,2.641666659287044,2.641666659287044,1.2389365042012834,1.2389365042012834,1.7510952349929583,1.7510952349929583,1.3583599954843522,1.0855799986422061,1,343312.0057106018,1736424.2515181268,,,,,,,
2024-12-17,,,,,,,3.48000001907348630,3.52900004386901860,3.34999990463256840,3.45000004768371600,51400,,,,,3.45000004768371600,,,,,,,,,,,,,,,,,,,,,,,,,,,,,,,,,,,,,,,,,,,,,,,,,,,,,,,,,,,,,,,,,,,,,,,,,,,,,,,,,,,,,,,,,,,,,,,,,,,,,,,,,,,,,,,,,,,,,,,,,,,,,,,,,,,,,,,,,,,,,1.0520899051283414,9.690748571108792,5.810547839530318,3.3017193993958,,,,-0.032448036600486604,,,,,,,,3.434646001799626,3.434646001799626,2.8689007565079536,2.8689007565079536,1.7563499488651249,1.7563499488651249,2.8996913996473586,2.8996913996473586,,,,,0.002902756845473983,,0.6707719843759494,0.6707719843759494,0.7604278453286135,0.7604278453286135,62.57855305366511,62.57855305366511,,3.3668000221252443,3.3668000221252443,2.79457142381441,2.79457142381441,1.279333330809124,1.279333330809124,1.719349204193032,1.719349204193032,1.4139999967813492,1.0946799989044667,1,177330.002450943,1727033.0059111593,,,,,,,
2024-12-18,,,,,,,3.35999989509582500,4.15000009536743200,3.35999989509582500,3.84999990463256840,121000,,,,,3.84999990463256840,,,,,,,,,,,,,,,,,,,,,,,,,,,,,,,,,,,,,,,,,,,,,,,,,,,,,,,,,,,,,,,,,,,,,,,,,,,,,,,,,,,,,,,,,,,,,,,,,,,,,,,,,,,,,,,,,,,,,,,,,,,,,,,,,,,,,,,,,,,,,1.134921867187275,9.68948479968295,5.812330525375802,3.303675749160835,,,,-0.20792249309619518,,,,,,,,3.5730973027439403,3.5730973027439403,2.9580915881556455,2.9580915881556455,1.8217765099828576,1.8217765099828576,2.9072037198448704,2.9072037198448704,,,,,0.10969887866429597,,0.66397357220018,0.66397357220018,0.7411369907029268,0.7411369907029268,66.54011933850049,66.54011933850049,,3.438800001144409,3.438800001144409,2.9643809426398504,2.9643809426398504,1.3264761865139008,1.3264761865139008,1.6899841244495104,1.6899841244495104,1.4782199949026107,1.1047299982607364,1,465849.9884605408,1721133.8629428833,,,,,,,
2024-12-19,,,,,,,3.79999995231628400,3.79999995231628400,3.30100011825561520,3.61999988555908200,159900,,,,,3.61999988555908200,,,,,,,,,,,,,,,,,,,,,,,,,,,,,,,,,,,,,,,,,,,,,,,,,,,,,,,,,,,,,,,,,,,,,,,,,,,,,,,,,,,,,,,,,,,,,,,,,,,,,,,,,,,,,,,,,,,,,,,,,,,,,,,,,,,,,,,,,,,,,1.0873195463138685,9.708351772670436,5.811566725379473,3.304152987058902,,,,-0.24723345706455652,,,,,,,,3.588731497015654,3.588731497015654,3.0182650697377764,3.0182650697377764,1.8779709904696145,1.8779709904696145,2.9128384721430063,2.9128384721430063,,,,,-0.061599129304765125,,0.632732950629824,0.632732950629824,0.7194561826883062,0.7194561826883062,62.44650250550578,62.44650250550578,,3.5127999782562256,3.5127999782562256,3.1224761747178578,3.1224761747178578,1.3682222162920332,1.3682222162920332,1.6593888862028954,1.6593888862028954,1.5389999932050704,1.1146299977600576,1,578837.9817008972,1687627.6241459073,,,,,,,
2024-12-20,,,,,,,3.68000006675720200,3.68000006675720200,3.25000000000000000,3.33999991416931150,101500,,,,,3.33999991416931150,,,,,,,,,,,,,,,,,,,,,,,,,,,,,,,,,,,,,,,,,,,,,,,,,,,,,,,,,,,,,,,,,,,,,,,,,,,,,,,,,,,,,,,,,,,,,,,,,,,,,,,,,,,,,,,,,,,,,,,,,,,,,,,,,,,,,,,,,,,,,1.3047797002287798,9.709460802141747,5.813794273035844,3.304743358298216,,,,-0.23886762584152268,,,,,,,,3.5058209694002067,3.5058209694002067,3.047513691958825,3.047513691958825,1.92365939433523,1.92365939433523,2.916215242435704,2.916215242435704,,,,,-0.08050321293336814,,0.5787098681988243,0.5787098681988243,0.6913069197904099,0.6913069197904099,57.785718963176286,57.785718963176286,,3.5399999618530273,3.5399999618530273,3.268285694576445,3.268285694576445,1.4061587230553703,1.4061587230553703,1.6297857105022384,1.6297857105022384,1.5941999918222427,1.1231799973547458,1,339009.9912881851,1661435.560911752,,,,,,,
2024-12-23,,,,,,,3.33999991416931150,3.45000004768371600,3.16000008583068850,3.20000004768371600,55500,,,,,3.20000004768371600,,,,,,,,,,,,,,,,,,,,,,,,,,,,,,,,,,,,,,,,,,,,,,,,,,,,,,,,,,,,,,,,,,,,,,,,,,,,,,,,,,,,,,,,,,,,,,,,,,,,,,,,,,,,,,,,,,,,,,,,,,,,,,,,,,,,,,,,,,,,,1.2064882634839125,9.712183755517435,5.807983436515691,3.3047162522973452,,,,-0.28814788068077973,,,,,,,,3.4038806621613764,3.4038806621613764,3.061376087933815,3.061376087933815,1.9635450397523702,1.9635450397523702,2.9184586005799575,2.9184586005799575,,,,,-0.04281995658395586,,0.5186210265950728,0.5186210265950728,0.6567697411513425,0.6567697411513425,55.553105823648565,55.553105823648565,,3.491999959945679,3.491999959945679,3.4078095058600106,3.4078095058600106,1.4436190416888586,1.4436190416888586,1.5980793631502561,1.5980793631502561,1.6481599932909012,1.12972999766469,1,177600.00264644623,1630859.9429487712,,,,,,,
2024-12-24,,,,,,,3.20000004768371600,3.61999988555908200,3.20000004768371600,3.52999997138977050,124200,,,,,3.52999997138977050,,,,,,,,,,,,,,,,,,,,,,,,,,,,,,,,,,,,,,,,,,,,,,,,,,,,,,,,,,,,,,,,,,,,,,,,,,,,,,,,,,,,,,,,,,,,,,,,,,,,,,,,,,,,,,,,,,,,,,,,,,,,,,,,,,,,,,,,,,,,,1.4564451193431511,9.676258600829863,5.807524930240581,3.306324147393964,,,,-0.14900169961133708,,,,,,,,3.4459204319041743,3.4459204319041743,3.103978259157084,3.103978259157084,2.012496756366039,2.012496756366039,2.923292919716794,2.923292919716794,,,,,0.09814703813348252,,0.49195744345079273,0.49195744345079273,0.6238072816112326,0.6238072816112326,59.52294375343792,59.52294375343792,,3.5079999446868895,3.5079999446868895,3.5644285522756123,3.5644285522756123,1.4871111043861933,1.4871111043861933,1.5679603158718063,1.5679603158718063,1.7081799930334092,1.1350299973785878,1,438425.9964466095,1627584.196582626,,,,,,,
2024-12-26,,,,,,,3.36999988555908200,3.66000008583068850,3.36999988555908200,3.51999998092651370,65600,,,,,3.51999998092651370,,,,,,,,,,,,,,,,,,,,,,,,,,,,,,,,,,,,,,,,,,,,,,,,,,,,,,,,,,,,,,,,,,,,,,,,,,,,,,,,,,,,,,,,,,,,,,,,,,,,,,,,,,,,,,,,,,,,,,,,,,,,,,,,,,,,,,,,,,,,,1.1265195099753902,9.666459380550034,5.797796113319269,3.3063066177859795,,,,0.0663199419972487,,,,,,,,3.470613614911621,3.470613614911621,3.1417984156815773,3.1417984156815773,2.0596062321335538,2.0596062321335538,2.928009971584064,2.928009971584064,,,,,-0.0028368786489228145,,0.4646630990876828,0.4646630990876828,0.5919784451065225,0.5919784451065225,59.349953287276406,59.349953287276406,,3.4419999599456785,3.4419999599456785,3.7211428369794572,3.7211428369794572,1.5321269768571097,1.5321269768571097,1.5384761895688752,1.5384761895688752,1.77051999270916,1.1393799968063831,1,230911.9987487793,1620019.9232963817,,,,,,,
2024-12-27,,,,,,,3.59999990463256840,3.70000004768371600,3.43000006675720200,3.57999992370605470,68900,,,,,3.57999992370605470,,,,,,,,,,,,,,,,,,,,,,,,,,,,,,,,,,,,,,,,,,,,,,,,,,,,,,,,,,,,,,,,,,,,,,,,,,,,,,,,,,,,,,,,,,,,,,,,,,,,,,,,,,,,,,,,,,,,,,,,,,,,,,,,,,,,,,,,,,,,,1.071270077716552,1.5763677047173892,5.797766452787982,3.306356691459647,,,,0.06003851530497453,,,,,,,,3.5070757178430987,3.5070757178430987,3.1816349164110753,3.1816349164110753,2.1071185349951946,2.1071185349951946,2.933164042351827,2.933164042351827,,,,,0.016901794910049242,,0.4427696555025582,0.4427696555025582,0.5621366871857297,0.5621366871857297,60.0992515801353,60.0992515801353,,3.4339999675750734,3.4339999675750734,3.7206666469573975,3.7206666469573975,1.5779523721763067,1.5779523721763067,1.509904761754331,1.509904761754331,1.832919991016388,1.1431799967586995,1,246661.99474334717,1617420.9928794042,,,,,,,
2024-12-30,,,,,,,3.57999992370605470,4.00000000000000000,3.34999990463256840,3.91000008583068850,327800,,,,,3.91000008583068850,,,,,,,,,,,,,,,,,,,,,,,,,,,,,,,,,,,,,,,,,,,,,,,,,,,,,,,,,,,,,,,,,,,,,,,,,,,,,,,,,,,,,,,,,,,,,,,,,,,,,,,,,,,,,,,,,,,,,,,,,,,,,,,,,,,,,,,,,,,,,0.9580572517890298,1.312064783464927,5.798567318569555,3.307444732351597,,,,0.04425743715394513,,,,,,,,3.641383840505629,3.641383840505629,3.2478499318128584,3.2478499318128584,2.163458583458804,2.163458583458804,2.9408860664109486,2.9408860664109486,,,,,0.08817461684740617,,0.44689566385461,0.44689566385461,0.5390884825195058,0.5390884825195058,64.02679363186336,64.02679363186336,,3.5480000019073485,3.5480000019073485,3.6854285512651717,3.6854285512651717,1.6282698337047818,1.6282698337047818,1.481214284542061,1.481214284542061,1.9029199928045273,1.147729997187853,1,1281698.0281352997,1632207.1837305552,,,,,,,
2024-12-31,,,,,,,3.98000001907348630,4.80000019073486300,3.53999996185302730,3.88000011444091800,487300,,,,,3.88000011444091800,,,,,,,,,,,,,,,,,,,,,,,,,,,,,,,,,,,,,,,,,,,,,,,,,,,,,,,,,,,,,,,,,,,,,,,,,,,,,,,,,,,,,,,,,,,,,,,,,,,,,,,,,,,,,,,,,,,,,,,,,,,,,,,,,,,,,,,,,,,,,0.8069183641876575,1.3106466764672753,5.793110199859306,3.2346897376229364,,,,-0.0700660451560818,,,,,,,,3.7209225984840586,3.7209225984840586,3.3053181302335912,3.3053181302335912,2.217100506301995,2.217100506301995,2.948309892877589,2.948309892877589,,,,,-0.0077022128185933025,,0.4426423032918816,0.4426423032918816,0.5197992466739809,0.5197992466739809,63.4156718401037,63.4156718401037,,3.684000015258789,3.684000015258789,3.646857125418527,3.646857125418527,1.6792539627779097,1.6792539627779097,1.4744682535529137,1.4744682535529137,1.972139995098114,1.1524299974739551,1,1890724.0557670593,1656255.4514356551,,,,,,,
2025-01-02,,,,,,,4.09999990463256800,4.28000020980835000,3.60999989509582500,3.83500003814697270,143800,,,,,3.83500003814697270,,,,,,,,,,,,,,,,,,,,,,,,,,,,,,,,,,,,,,,,,,,,,,,,,,,,,,,,,,,,,,,,,,,,,,,,,,,,,,,,,,,,,,,,,,,,,,,,,,,,,,,,,,,,,,,,,,,,,,,,,,,,,,,,,,,,,,,,,,,,,0.6588568777683792,1.310151704638788,5.793649770069927,3.2333181720897284,,,,-0.09791662179025187,,,,,,,,3.75894841170503,3.75894841170503,3.3534710309529894,3.3534710309529894,2.26765986667215,2.26765986667215,2.955319301140588,2.955319301140588,,,,,-0.011665738363984797,,0.4306757918840516,0.4306757918840516,0.501974555715995,0.501974555715995,62.452742053668615,62.452742053668615,,3.7450000286102294,3.7450000286102294,3.610428560347784,3.610428560347784,1.729253963345573,1.729253963345573,1.469567459372301,1.469567459372301,2.040719996094704,1.166754997521639,1,551473.0054855347,1660871.8086511844,,,,,,,
2025-01-03,,,,,,,4.21000003814697300,4.76000022888183600,3.95000004768371600,4.69000005722045900,278400,,,,,4.69000005722045900,,,,,,,,,,,,,,,,,,,,,,,,,,,,,,,,,,,,,,,,,,,,,,,,,,,,,,,,,,,,,,,,,,,,,,,,,,,,,,,,,,,,,,,,,,,,,,,,,,,,,,,,,,,,,,,,,,,,,,,,,,,,,,,,,,,,,,,,,,,,,1.4263261157782299,1.4888252640439879,5.80254835579858,3.2392839673281677,,,,-0.009677630181163776,,,,,,,,4.069298960210173,4.069298960210173,3.4749736697045774,3.4749736697045774,2.343357997626785,2.343357997626785,2.969032192492998,2.969032192492998,,,,,0.20126314989243338,,0.48459746347769306,0.48459746347769306,0.49849913726833467,0.49849913726833467,71.3531897481864,71.3531897481864,,3.9790000438690187,3.9790000438690187,3.624714283716111,3.624714283716111,1.7932063449942877,1.7932063449942877,1.4690119043465644,1.4690119043465644,2.126579996943474,1.1853949977457523,1,1305696.0159301758,1678515.6231275157,,,,,,,
2025-01-06,,,,,,,4.76999998092651400,4.97399997711181600,4.09999990463256800,4.38999986648559600,249600,,,,,4.38999986648559600,,,,,,,,,,,,,,,,,,,,,,,,,,,,,,,,,,,,,,,,,,,,,,,,,,,,,,,,,,,,,,,,,,,,,,,,,,,,,,,,,,,,,,,,,,,,,,,,,,,,,,,,,,,,,,,,,,,,,,,,,,,,,,,,,,,,,,,,,,,,,1.674858973013687,1.3911615621934281,5.804988987873123,3.2357959793298945,,,,-0.011846190166291114,,,,,,,,4.176199262301981,4.176199262301981,3.558157869411943,3.558157869411943,2.407315556028623,2.407315556028623,2.9802651385324648,2.9802651385324648,,,,,-0.06610339798493664,,0.4973896700126348,0.4973896700126348,0.4982772438171947,0.4982772438171947,65.48733836659432,65.48733836659432,,4.141000032424927,4.141000032424927,3.6556666578565324,3.6556666578565324,1.852587295430047,1.852587295430047,1.4701626978459812,1.4701626978459812,2.2064199942350387,1.2028449971973896,1,1095743.9666748047,1692631.4496380473,,,,,,,
2025-01-07,,,,,,,4.51000022888183600,4.59000015258789100,4.11999988555908200,4.30000019073486300,118200,,,,,4.30000019073486300,,,,,,,,,,,,,,,,,,,,,,,,,,,,,,,,,,,,,,,,,,,,,,,,,,,,,,,,,,,,,,,,,,,,,,,,,,,,,,,,,,,,,,,,,,,,,,,,,,,,,,,,,,,,,,,,,,,,,,,,,,,,,,,,,,,,,,,,,,,,,1.6591148831263025,1.2691041476965277,5.805887133601086,3.2356454699428134,,,,0.0015987950554857198,,,,,,,,4.217466238446275,4.217466238446275,3.625598080441299,3.625598080441299,2.466461950863193,2.466461950863193,2.9906978266921675,2.9906978266921675,,,,,-0.020714129617314878,,0.49456433438881087,0.49456433438881087,0.4975346619315179,0.4975346619315179,63.79302036476511,63.79302036476511,,4.219000053405762,4.219000053405762,3.7075714270273843,3.7075714270273843,1.9102380923808566,1.9102380923808566,1.4715515873025333,1.4715515873025333,2.285299997925758,1.2201699982583523,1,508260.02254486084,1697975.1135579653,,,,,,,
2025-01-08,,,,,,,4.38999986648559600,4.38999986648559600,3.56999993324279800,3.74000000953674300,129400,,,,,3.74000000953674300,,,,,,,,,,,,,,,,,,,,,,,,,,,,,,,,,,,,,,,,,,,,,,,,,,,,,,,,,,,,,,,,,,,,,,,,,,,,,,,,,,,,,,,,,,,,,,,,,,,,,,,,,,,,,,,,,,,,,,,,,,,,,,,,,,,,,,,,,,,,,2.0179996560493927,1.2659347784754986,5.813925100054634,3.238159833995694,,,,-0.03718166159338544,,,,,,,,4.0583108288097645,4.0583108288097645,3.6359982558136124,3.6359982558136124,2.5062600151967414,2.5062600151967414,2.996621164105959,2.996621164105959,,,,,-0.13952945308008885,,0.4420423124296824,0.4420423124296824,0.4864361920311508,0.4864361920311508,54.367434914819626,54.367434914819626,,4.191000032424927,4.191000032424927,3.7070952370053245,3.7070952370053245,1.9594603147771623,1.9594603147771623,1.4715912698043718,1.4715912698043718,2.3530599981546403,1.2343699984252452,1,483956.00123405457,1704201.4548506532,,,,,,,
2025-01-10,,,,,,,3.65000009536743160,4.05000019073486300,3.63000011444091800,3.94000005722045900,158800,,,,,3.94000005722045900,,,,,,,,,,,,,,,,,,,,,,,,,,,,,,,,,,,,,,,,,,,,,,,,,,,,,,,,,,,,,,,,,,,,,,,,,,,,,,,,,,,,,,,,,,,,,,,,,,,,,,,,,,,,,,,,,,,,,,,,,,,,,,,,,,,,,,,,,,,,,2.05974474171397,1.2786551978228065,5.808699018977237,3.2383137330263616,,,,0.0007063391546133918,,,,,,,,4.018873904946663,4.018873904946663,3.663634783214235,3.663634783214235,2.5510643915099824,2.5510643915099824,3.0040787047629904,3.0040787047629904,,,,,0.052095123856429566,,0.41180948065379885,0.41180948065379885,0.4715108497556804,0.4715108497556804,56.82119663777065,56.82119663777065,,4.212000036239624,4.212000036239624,3.714714288711548,3.714714288711548,2.012777776472152,2.012777776472152,1.4730198417627622,1.4730198417627622,2.422459999322891,1.2490199987590314,1,625672.0090866089,1711211.1567308507,,,,,,,
2025-01-13,,,,,,,3.80999994277954100,3.90000009536743160,3.44000005722045900,3.63000011444091800,92800,,,,,3.63000011444091800,,,,,,,,,,,,,,,,,,,,,,,,,,,,,,,,,,,,,,,,,,,,,,,,,,,,,,,,,,,,,,,,,,,,,,,,,,,,,,,,,,,,,,,,,,,,,,,,,,,,,,,,,,,,,,,,,,,,,,,,,,,,,,,,,,,,,,,,,,,,,1.1383502540446329,1.3093073728661455,5.812715991942626,3.2378087615066296,,,,-0.0030443333946710434,,,,,,,,3.889249308111414,3.889249308111414,3.6605770860530242,3.6605770860530242,2.584781132851574,2.584781132851574,3.009026700096413,3.009026700096413,,,,,-0.08194805802961888,,0.35870046339223105,0.35870046339223105,0.44894877248299053,0.44894877248299053,52.14110917965638,52.14110917965638,,4.000000047683716,4.000000047683716,3.7042381082262312,3.7042381082262312,2.0611904769662828,2.0611904769662828,1.4745674612266677,1.4745674612266677,2.4877400016784668,1.2625949992239476,1,336864.0106201172,1715075.0617040058,,,,,,,
2025-01-14,,,,,,,3.84999990463256840,3.84999990463256840,3.59999990463256840,3.66000008583068850,34000,,,,,3.66000008583068850,,,,,,,,,,,,,,,,,,,,,,,,,,,,,,,,,,,,,,,,,,,,,,,,,,,,,,,,,,,,,,,,,,,,,,,,,,,,,,,,,,,,,,,,,,,,,,,,,,,,,,,,,,,,,,,,,,,,,,,,,,,,,,,,,,,,,,,,,,,,,1.197963304525766,1.2627055778670102,5.802200474138454,3.237463624521103,,,,0.015465711087153791,,,,,,,,3.812832900684506,3.812832900684506,3.660524631487357,3.660524631487357,2.6183817251321715,2.6183817251321715,3.014172734766249,3.014172734766249,,,,,0.008230491061099875,,0.31539624002588784,0.31539624002588784,0.42223826599157,0.42223826599157,52.548431376305835,52.548431376305835,,3.8540000915527344,3.8540000915527344,3.7123333499545144,3.7123333499545144,2.1113174628643763,2.1113174628643763,1.4755992072205695,1.4755992072205695,2.5523400032520294,1.2763599996268749,1,124440.00291824341,1710656.5731893932,,,,,,,
2025-01-15,,,,,,,3.60999989509582500,3.93000006675720200,3.54999995231628400,3.93000006675720200,57900,,,,,3.93000006675720200,,,,,,,,,,,,,,,,,,,,,,,,,,,,,,,,,,,,,,,,,,,,,,,,,,,,,,,,,,,,,,,,,,,,,,,,,,,,,,,,,,,,,,,,,,,,,,,,,,,,,,,,,,,,,,,,,,,,,,,,,,,,,,,,,,,,,,,,,,,,,1.4289820412435636,1.254591453302232,5.802596606817521,3.2373179524432922,,,,0.052446967764329444,,,,,,,,3.8518886227087377,3.8518886227087377,3.6850223983300703,3.6850223983300703,2.659369798307954,2.659369798307954,3.0214124765211183,3.0214124765211183,,,,,0.07117627200345272,,0.29941263056746736,0.29941263056746736,0.3976731389067495,0.3976731389067495,56.164440968047906,56.164440968047906,,3.7800000667572022,3.7800000667572022,3.744714305514381,3.744714305514381,2.165301591157913,2.165301591157913,1.478694445202275,1.478694445202275,2.6223600047826765,1.2918949998915195,1,227547.003865242,1712388.3812431782,,,,,,,
2025-01-16,,,,,,,4.15999984741210900,4.15999984741210900,3.73000001907348630,3.77999997138977050,86400,,,,,3.77999997138977050,,,,,,,,,,,,,,,,,,,,,,,,,,,,,,,,,,,,,,,,,,,,,,,,,,,,,,,,,,,,,,,,,,,,,,,,,,,,,,,,,,,,,,,,,,,,,,,,,,,,,,,,,,,,,,,,,,,,,,,,,,,,,,,,,,,,,,,,,,,,,1.0057150758002846,1.2632411377859725,5.77162242651269,3.2373577787026573,,,,0.033570286755191144,,,,,,,,3.8279257389357486,3.8279257389357486,3.6936567231536794,3.6936567231536794,2.6943894912167603,2.6943894912167603,3.027409215610989,3.027409215610989,,,,,-0.03891544080508267,,0.2715119303007336,0.2715119303007336,0.3724408971855463,0.3724408971855463,53.71543101516849,53.71543101516849,,3.788000059127808,3.788000059127808,3.7721428757622126,3.7721428757622126,2.21890476535237,2.21890476535237,1.4816309531766272,1.4816309531766272,2.6899400043487547,1.30684499964118,1,326591.9975280762,1712319.3082253614,,,,,,,
2025-01-17,,,,,,,3.80999994277954100,4.07999992370605500,3.73000001907348630,3.86999988555908200,33000,,,,,3.86999988555908200,,,,,,,,,,,,,,,,,,,,,,,,,,,,,,,,,,,,,,,,,,,,,,,,,,,,,,,,,,,,,,,,,,,,,,,,,,,,,,,,,,,,,,,,,,,,,,,,,,,,,,,,,,,,,,,,,,,,,,,,,,,,,,,,,,,,,,,,,,,,,0.9342087705111402,1.243859144407871,5.768309604994083,3.2373833232016147,,,,0.03278234959335392,,,,,,,,3.84195045447686,3.84195045447686,3.709687919735989,3.709687919735989,2.731127316039958,2.731127316039958,3.034070011420855,3.034070011420855,,,,,0.02353047540774091,,0.2537377345804659,0.2537377345804659,0.34870026466453025,0.34870026466453025,54.98376469588158,54.98376469588158,,3.7740000247955323,3.7740000247955323,3.792619058064052,3.792619058064052,2.273031747530377,2.273031747530377,1.4846865086564942,1.4846865086564942,2.7599000018835067,1.3221349991858005,1,127709.9962234497,1709374.8001387198,,,,,,,
2025-01-21,,,,,,,3.79999995231628400,3.98000001907348630,3.65000009536743160,3.90000009536743160,83300,,,,,3.90000009536743160,,,,,,,,,,,,,,,,,,,,,,,,,,,,,,,,,,,,,,,,,,,,,,,,,,,,,,,,,,,,,,,,,,,,,,,,,,,,,,,,,,,,,,,,,,,,,,,,,,,,,,,,,,,,,,,,,,,,,,,,,,,,,,,,,,,,,,,,,,,,,0.6265953473565831,1.24383907817324,5.7606512494719775,3.2373027636846197,,,,0.04481882168544392,,,,,,,,3.861300334773717,3.861300334773717,3.7269890266115744,3.7269890266115744,2.7676545903939416,2.7676545903939416,3.0409153085271523,3.0409153085271523,,,,,0.007722100118394724,,0.23931366367801088,0.23931366367801088,0.3268229444672264,0.3268229444672264,55.422277279191476,55.422277279191476,,3.828000020980835,3.828000020980835,3.8140476317632768,3.8140476317632768,2.3284285744977375,2.3284285744977375,1.48813889010085,1.48813889010085,2.8296200037002563,1.3374849997460843,1,324870.00794410706,1710834.3082335736,,,,,,,
2025-01-22,,,,,,,3.83999991416931150,3.90000009536743160,3.50000000000000000,3.50999999046325700,94200,,,,,3.50999999046325700,,,,,,,,,,,,,,,,,,,,,,,,,,,,,,,,,,,,,,,,,,,,,,,,,,,,,,,,,,,,,,,,,,,,,,,,,,,,,,,,,,,,,,,,,,,,,,,,,,,,,,,,,,,,,,,,,,,,,,,,,,,,,,,,,,,,,,,,,,,,,1.0632482634473555,1.2406730688167065,5.767512372575174,3.23902515138045,,,,0.005032313674653925,,,,,,,,3.7442002200035636,3.7442002200035636,3.7072627505980913,3.7072627505980913,2.7908528841461075,2.7908528841461075,3.0446234878309952,3.0446234878309952,,,,,-0.10536054282803446,,0.19417441270876834,0.19417441270876834,0.30029323811553477,0.30029323811553477,48.771072635505675,48.771072635505675,,3.7980000019073485,3.7980000019073485,3.797857159659976,3.797857159659976,2.377492066413637,2.377492066413637,1.489884922073947,1.489884922073947,2.8921400034427642,1.350434999614954,1,330641.9991016388,1710948.846317473,,,,,,,
2025-01-23,,,,,,,3.50999999046325700,3.87599992752075200,3.33999991416931150,3.69499993324279800,43200,,,,,3.69499993324279800,,,,,,,,,,,,,,,,,,,,,,,,,,,,,,,,,,,,,,,,,,,,,,,,,,,,,,,,,,,,,,,,,,,,,,,,,,,,,,,,,,,,,,,,,,,,,,,,,,,,,,,,,,,,,,,,,,,,,,,,,,,,,,,,,,,,,,,,,,,,,0.9755565601218348,1.2367614837737515,5.766082771222902,3.2393499923977664,,,,-0.005529493145814371,,,,,,,,3.7278001244166417,3.7278001244166417,3.706147949020337,3.706147949020337,2.819107479430379,2.819107479430379,3.0497648036050014,3.0497648036050014,,,,,0.0513645015725096,,0.17135391906332798,0.17135391906332798,0.2745053743050934,0.2745053743050934,51.73032415640512,51.73032415640512,,3.7509999752044676,3.7509999752044676,3.801428590502058,3.801428590502058,2.429698414745785,2.429698414745785,1.492087302345132,1.492087302345132,2.957980002164841,1.3643199993669988,1,159623.99711608887,1711232.8050665914,,,,,,,
2025-01-24,,,,,,,3.59100008010864260,3.83999991416931150,3.59100008010864260,3.60999989509582500,76100,,,,,3.60999989509582500,,,,,,,,,,,,,,,,,,,,,,,,,,,,,,,,,,,,,,,,,,,,,,,,,,,,,,,,,,,,,,,,,,,,,,,,,,,,,,,,,,,,,,,,,,,,,,,,,,,,,,,,,,,,,,,,,,,,,,,,,,,,,,,,,,,,,,,,,,,,,0.9548022878511934,1.2047291140159753,5.766117701873739,3.2393440917470264,,,,-0.0075289322687029404,,,,,,,,3.688533381309703,3.688533381309703,3.6974072168453813,3.6974072168453813,2.8438228674199246,2.8438228674199246,3.0541935395061146,3.0541935395061146,,,,,-0.02327279304780216,,0.14474123388707527,0.14474123388707527,0.24855254622148978,0.24855254622148978,50.292833819486205,50.292833819486205,,3.716999959945679,3.716999959945679,3.8142857324509394,3.8142857324509394,2.4806984128460052,2.4806984128460052,1.493634920862932,1.493634920862932,3.0222399997711182,1.3773199988901614,1,274720.9920167923,1713659.4985186583,,,,,,,
2025-01-27,,,,,,,3.89000010490417500,4.48999977111816400,3.71000003814697270,4.21099996566772500,569200,,,,,4.21099996566772500,,,,,,,,,,,,,,,,,,,,,,,,,,,,,,,,,,,,,,,,,,,,,,,,,,,,,,,,,,,,,,,,,,,,,,,,,,,,,,,,,,,,,,,,,,,,,,,,,,,,,,,,,,,,,,,,,,,,,,,,,,,,,,,,,,,,,,,,,,,,,1.5190637970255105,1.298253075309354,5.770601778855718,3.2429801817650405,,,,0.05449824985405863,,,,,,,,3.8626889094290435,3.8626889094290435,3.7440974667383218,3.7440974667383218,2.886547151740168,2.886547151740168,3.063338254337432,3.063338254337432,,,,,0.15399239774133155,,0.17018439234005367,0.17018439234005367,0.23287891544520256,0.23287891544520256,58.97368531526339,58.97368531526339,,3.7851999759674073,3.7851999759674073,3.862428585688273,3.862428585688273,2.5412222217945826,2.5412222217945826,1.4975277777938616,1.4975277777938616,3.098599998950958,1.3933749987185002,1,2396901.180458069,1748053.4251750938,,,,,,,
2025-01-28,,,,,,,4.07999992370605500,4.13999986648559600,3.73000001907348630,3.88000011444091800,124200,,,,,3.88000011444091800,,,,,,,,,,,,,,,,,,,,,,,,,,,,,,,,,,,,,,,,,,,,,,,,,,,,,,,,,,,,,,,,,,,,,,,,,,,,,,,,,,,,,,,,,,,,,,,,,,,,,,,,,,,,,,,,,,,,,,,,,,,,,,,,,,,,,,,,,,,,,1.6779554185313428,1.2993824848116133,5.767794262050266,3.24403918282307,,,,0.023104457251056226,,,,,,,,3.8684593110996683,3.8684593110996683,3.7564522528931032,3.7564522528931032,2.9175925568245664,2.9175925568245664,3.069794079318487,3.069794079318487,,,,,-0.08186495789652894,,0.16177452103195744,0.16177452103195744,0.21865803656255353,0.21865803656255353,53.438461023912055,53.438461023912055,,3.7811999797821043,3.7811999797821043,3.879095259166899,3.879095259166899,2.597158731449218,2.597158731449218,1.5000674607498306,1.5000674607498306,3.17018000125885,1.407824999243021,1,481896.014213562,1753022.9618619834,,,,,,,
2025-01-29,,,,,,,3.75999999046325700,3.94000005722045900,3.68000006675720200,3.88000011444091800,74800,,,,,3.88000011444091800,,,,,,,,,,,,,,,,,,,,,,,,,,,,,,,,,,,,,,,,,,,,,,,,,,,,,,,,,,,,,,,,,,,,,,,,,,,,,,,,,,,,,,,,,,,,,,,,,,,,,,,,,,,,,,,,,,,,,,,,,,,,,,,,,,,,,,,,,,,,,1.4106599250384964,1.299217757239512,5.767446641508869,3.243998162240897,,,,0.03445207784410123,,,,,,,,3.8723062455467514,3.8723062455467514,3.7676838766701772,3.7676838766701772,2.9476677930000776,2.9476677930000776,3.0761988701099687,3.0761988701099687,,,,,0,,0.15334200623465222,0.15334200623465222,0.20559483049697327,0.20559483049697327,53.438461023912055,53.438461023912055,,3.855200004577637,3.855200004577637,3.8962381226675853,3.8962381226675853,2.653158733296016,2.653158733296016,1.5028055562149911,1.5028055562149911,3.241480003595352,1.4222399999201298,1,290224.00856018066,1752976.0286897423,,,,,,,
2025-01-30,,,,,,,3.79999995231628400,3.80999994277954100,3.59999990463256840,3.75999999046325700,75200,,,,,3.75999999046325700,,,,,,,,,,,,,,,,,,,,,,,,,,,,,,,,,,,,,,,,,,,,,,,,,,,,,,,,,,,,,,,,,,,,,,,,,,,,,,,,,,,,,,,,,,,,,,,,,,,,,,,,,,,,,,,,,,,,,,,,,,,,,,,,,,,,,,,,,,,,,1.4172680365755141,1.3042424645871287,5.746335261487192,3.2441578373917244,,,,0.04389538465168516,,,,,,,,3.8348708271855867,3.8348708271855867,3.7669853415604573,3.7669853415604573,2.973053174170802,2.973053174170802,3.081604412563354,3.081604412563354,,,,,-0.0314162282648283,,0.13541518838401956,0.13541518838401956,0.19155890207438253,0.19155890207438253,51.409635306301205,51.409635306301205,,3.8682000160217287,3.8682000160217287,3.904809554417928,3.904809554417928,2.7053809553857833,2.7053809553857833,1.5050674607119863,1.5050674607119863,3.3113200032711028,1.4365399999916553,1,282751.9992828369,647475.6029222693,,,,,,,
2025-01-31,,,,,,,3.84999990463256840,3.84999990463256840,3.58999991416931150,3.64400005340576170,66700,,,,,3.64400005340576170,,,,,,,,,,,,,,,,,,,,,,,,,,,,,,,,,,,,,,,,,,,,,,,,,,,,,,,,,,,,,,,,,,,,,,,,,,,,,,,,,,,,,,,,,,,,,,,,,,,,,,,,,,,,,,,,,,,,,,,,,,,,,,,,,,,,,,,,,,,,,1.4279765973673786,1.2704035513103118,5.7191206738770655,3.2427837244668445,,,,-0.0420975956958728,,,,,,,,3.771247235925645,3.771247235925645,3.7558048608191212,3.7558048608191212,2.9940202641468945,2.9940202641468945,3.086050227905982,3.086050227905982,,,,,-0.031336960811916184,,0.11057321146074273,0.11057321146074273,0.17536176395165456,0.17536176395165456,49.455017282291294,49.455017282291294,,3.8750000476837156,3.8750000476837156,3.892142886207217,3.892142886207217,2.7574127023182218,2.7574127023182218,1.508059523999691,1.508059523999691,3.3794200044870375,1.4506100003421307,1,243054.8035621643,575992.2258881349,,,,,,,
2025-02-03,,,,,,,3.59999990463256840,3.72000002861022950,3.48000001907348630,3.58999991416931150,40600,,,,,3.58999991416931150,,,,,,,,,,,,,,,,,,,,,,,,,,,,,,,,,,,,,,,,,,,,,,,,,,,,,,,,,,,,,,,,,,,,,,,,,,,,,,,,,,,,,,,,,,,,,,,,,,,,,,,,,,,,,,,,,,,,,,,,,,,,,,,,,,,,,,,,,,,,,0.489455432544769,1.270961769972863,5.714359757220301,3.2396946088674192,,,,0.03476158061308951,,,,,,,,3.710831462006867,3.710831462006867,3.740731683850957,3.740731683850957,3.012644628210095,3.012644628210095,3.0900340198922533,3.0900340198922533,,,,,-0.01492981546160161,,0.0855423271349176,0.0855423271349176,0.15739787658830717,0.15739787658830717,48.53000077322154,48.53000077322154,,3.750800037384033,3.750800037384033,3.8783333528609503,3.8783333528609503,2.8075714310010276,2.8075714310010276,1.5123452379826516,1.5123452379826516,3.4455400025844574,1.46429000005126,1,145753.99651527405,531693.7806130402,,,,,,,
2025-02-04,,,,,,,3.68000006675720200,4.09000015258789100,3.56999993324279800,4.07999992370605500,61000,,,,,4.07999992370605500,,,,,,,,,,,,,,,,,,,,,,,,,,,,,,,,,,,,,,,,,,,,,,,,,,,,,,,,,,,,,,,,,,,,,,,,,,,,,,,,,,,,,,,,,,,,,,,,,,,,,,,,,,,,,,,,,,,,,,,,,,,,,,,,,,,,,,,,,,,,,1.0665644633326687,1.3495218519194148,5.716961991776027,3.241824859053497,,,,0.07745885062807494,,,,,,,,3.8338876159065967,3.8338876159065967,3.7715742511105113,3.7715742511105113,3.0459994811943436,3.0459994811943436,3.0978598373137065,3.0978598373137065,,,,,0.12794479112465623,,0.10404471394086467,0.10404471394086467,0.14672724405881868,0.14672724405881868,56.483821027817214,56.483821027817214,,3.7907999992370605,3.7907999992370605,3.8900000140780495,3.8900000140780495,2.8655238108975545,2.8655238108975545,1.5190119039681222,1.5190119039681222,3.52114000082016,1.480299999564886,1,248879.99534606934,503862.8479300037,,,,,,,
2025-02-05,,,,,,,3.93499994277954100,4.05000019073486300,3.84500002861022950,3.98000001907348630,22800,,,,,3.98000001907348630,,,,,,,,,,,,,,,,,,,,,,,,,,,,,,,,,,,,,,,,,,,,,,,,,,,,,,,,,,,,,,,,,,,,,,,,,,,,,,,,,,,,,,,,,,,,,,,,,,,,,,,,,,,,,,,,,,,,,,,,,,,,,,,,,,,,,,,,,,,,,1.0954571799956234,1.1422414576053115,5.714465771478022,3.2417362655196045,,,,-0.011243972799170424,,,,,,,,3.8825917502955596,3.8825917502955596,3.7905220481980546,3.7905220481980546,3.075186998003067,3.075186998003067,3.1048332774857204,3.1048332774857204,,,,,-0.0248151456278942,,0.10937799082451116,0.10937799082451116,0.13925739341195717,0.13925739341195717,54.62845868153156,54.62845868153156,,3.810799980163574,3.810799980163574,3.856190488452003,3.856190488452003,2.9223333351195806,2.9223333351195806,1.525599205896022,1.525599205896022,3.59518000125885,1.4957999996840954,1,90744.00043487549,494597.80208974605,,,,,,,
2025-02-06,,,,,,,3.85999989509582500,4.34399986267089800,3.78999996185302730,4.19999980926513700,103500,,,,,4.19999980926513700,,,,,,,,,,,,,,,,,,,,,,,,,,,,,,,,,,,,,,,,,,,,,,,,,,,,,,,,,,,,,,,,,,,,,,,,,,,,,,,,,,,,,,,,,,,,,,,,,,,,,,,,,,,,,,,,,,,,,,,,,,,,,,,,,,,,,,,,,,,,,1.0835418477338838,1.1406682752857376,5.710056541095626,3.241499350222189,,,,0.0502922987821198,,,,,,,,3.9883944366187523,3.9883944366187523,3.827747299204153,3.827747299204153,3.1103373983550067,3.1103373983550067,3.113490720424688,3.113490720424688,,,,,0.053802655787579395,,0.12985985209251938,0.12985985209251938,0.13737788514806962,0.13737788514806962,57.90448835570977,57.90448835570977,,3.89879994392395,3.89879994392395,3.8471428666796004,3.8471428666796004,2.983095236713924,2.983095236713924,1.533615077890101,1.533615077890101,3.673779997229576,1.5123549987375737,1,434699.98025894165,493755.47778327315,,,,,,,
2025-02-07,,,,,,,4.19000005722045900,4.48999977111816400,4.05000019073486300,4.07000017166137700,57900,,,,,4.07000017166137700,,,,,,,,,,,,,,,,,,,,,,,,,,,,,,,,,,,,,,,,,,,,,,,,,,,,,,,,,,,,,,,,,,,,,,,,,,,,,,,,,,,,,,,,,,,,,,,,,,,,,,,,,,,,,,,,,,,,,,,,,,,,,,,,,,,,,,,,,,,,,1.0838668618646388,1.1434750005466994,5.710018261684274,3.2415461216743213,,,,0.039769512071503456,,,,,,,,4.015596348299627,4.015596348299627,3.849770287609355,3.849770287609355,3.1403268600208305,3.1403268600208305,3.121052059960156,3.121052059960156,,,,,-0.03144143824451365,,0.13405666858091525,0.13405666858091525,0.13671364183463874,0.13671364183463874,55.36075907791109,55.36075907791109,,3.9839999675750732,3.9839999675750732,3.836190484818958,3.836190484818958,3.04112698539855,3.04112698539855,1.540837300793519,1.540837300793519,3.750360000729561,1.528109999448061,1,235653.00993919373,487485.7444981734,,,,,,,
2025-02-10,,,,,,,4.07000017166137700,4.30600023269653300,4.05000019073486300,4.07999992370605500,38200,,,,,4.07999992370605500,,,,,,,,,,,,,,,,,,,,,,,,,,,,,,,,,,,,,,,,,,,,,,,,,,,,,,,,,,,,,,,,,,,,,,,,,,,,,,,,,,,,,,,,,,,,,,,,,,,,,,,,,,,,,,,,,,,,,,,,,,,,,,,,,,,,,,,,,,,,,1.0530256013769648,1.0293584503624251,5.705965019236729,3.2415263369234273,,,,0.06491061767802468,,,,,,,,4.037064206768436,4.037064206768436,3.870700254527237,3.870700254527237,3.169691643260994,3.169691643260994,3.128632675483839,3.128632675483839,,,,,0.0024539280848285537,,0.13661476236221537,0.13661476236221537,0.13669386594015406,0.13669386594015406,55.52261540264834,55.52261540264834,,4.081999969482422,4.081999969482422,3.8523809569222585,3.8523809569222585,3.0997936508012196,3.0997936508012196,1.5481785702563466,1.5481785702563466,3.8273799991607667,1.5441599990427495,1,155855.9970855713,481732.9062851648,,,,,,,
2025-02-11,,,,,,,4.07999992370605500,4.11899995803833000,3.96000003814697270,4.03999996185302700,41100,,,,,4.03999996185302700,,,,,,,,,,,,,,,,,,,,,,,,,,,,,,,,,,,,,,,,,,,,,,,,,,,,,,,,,,,,,,,,,,,,,,,,,,,,,,,,,,,,,,,,,,,,,,,,,,,,,,,,,,,,,,,,,,,,,,,,,,,,,,,,,,,,,,,,,,,,,0.5373208498588853,1.0152696051457957,5.706703431578073,3.2414226731471816,,,,0.02881418886027242,,,,,,,,4.0380427917966335,4.0380427917966335,3.8860911370113995,3.8860911370113995,3.196888778216995,3.196888778216995,3.1358371599610657,3.1358371599610657,,,,,-0.009852287185835048,,0.13387122335516066,0.13387122335516066,0.1361293374231554,0.1361293374231554,54.668715870332484,54.668715870332484,,4.073999977111816,4.073999977111816,3.857142857142857,3.857142857142857,3.157523808971284,3.157523808971284,1.5550833321989528,1.5550833321989528,3.836380000114441,1.5600049988925457,1,166043.99843215942,478085.56344774034,,,,,,,
2025-02-12,,,,,,,3.83999991416931150,4.19999980926513700,3.83999991416931150,3.90000009536743160,29400,,,,,3.90000009536743160,,,,,,,,,,,,,,,,,,,,,,,,,,,,,,,,,,,,,,,,,,,,,,,,,,,,,,,,,,,,,,,,,,,,,,,,,,,,,,,,,,,,,,,,,,,,,,,,,,,,,,,,,,,,,,,,,,,,,,,,,,,,,,,,,,,,,,,,,,,,,0.5694811133643559,0.9793458290863244,5.707592034760418,3.2416039231447367,,,,0.027912752180231138,,,,,,,,3.992028559653566,3.992028559653566,3.887355587771039,3.887355587771039,3.218861006877946,3.218861006877946,3.1418779736796933,3.1418779736796933,,,,,-0.035268104941950665,,0.11902804847778903,0.11902804847778903,0.1327090796340821,0.1327090796340821,51.67330874102771,51.67330874102771,,4.057999992370606,4.057999992370606,3.8699999990917386,3.8699999990917386,3.2131269848535933,3.2131269848535933,1.5612738091084692,1.5612738091084692,3.821380000114441,1.5751049993932247,1,114660.00280380249,471687.0330275051,,,,,,,
2025-02-13,,,,,,,4.12699985504150400,4.19999980926513700,3.90000009536743160,4.09999990463256800,23800,,,,,4.09999990463256800,,,,,,,,,,,,,,,,,,,,,,,,,,,,,,,,,,,,,,,,,,,,,,,,,,,,,,,,,,,,,,,,,,,,,,,,,,,,,,,,,,,,,,,,,,,,,,,,,,,,,,,,,,,,,,,,,,,,,,,,,,,,,,,,,,,,,,,,,,,,,0.5453298849167845,0.9925389215165331,5.706872441104843,3.241603921660088,,,,0.04228057138671266,,,,,,,,4.0280190079799,4.0280190079799,3.9066868893039053,3.9066868893039053,3.246396597432778,3.246396597432778,3.149452060090388,3.149452060090388,,,,,0.050010372861124634,,0.12199673615367379,0.12199673615367379,0.13056661093800045,0.13056661093800045,55.43032517901634,55.43032517901634,,4.038000011444092,4.038000011444092,3.8909523714156378,3.8909523714156378,3.2719682530751304,3.2719682530751304,1.5677817450865867,1.5677817450865867,3.809579997062683,1.5912049989402295,1,97579.99773025513,467337.80273255846,,,,,,,
2025-02-14,,,,,,,4.13000011444091800,4.55999994277954100,4.13000011444091800,4.48999977111816400,99500,,,,,4.48999977111816400,,,,,,,,,,,,,,,,,,,,,,,,,,,,,,,,,,,,,,,,,,,,,,,,,,,,,,,,,,,,,,,,,,,,,,,,,,,,,,,,,,,,,,,,,,,,,,,,,,,,,,,,,,,,,,,,,,,,,,,,,,,,,,,,,,,,,,,,,,,,,0.8006606687593145,1.0111474266718332,5.674188150645318,3.2427394635731708,,,,0.04631814365348225,,,,,,,,4.182012595692655,4.182012595692655,3.9597153331052013,3.9597153331052013,3.2852591966104465,3.2852591966104465,3.1600492751973266,3.1600492751973266,,,,,0.09086570032833893,,0.15404345532133856,0.15404345532133856,0.13526197981466806,0.13526197981466806,61.68549138531522,61.68549138531522,,4.121999931335449,4.121999931335449,3.917619024004255,3.917619024004255,3.3384603129492865,3.3384603129492865,1.5760357120916957,1.5760357120916957,3.807379994392395,1.6090049977600573,1,446754.9772262573,462225.2738383081,,,,,,,
2025-02-18,,,,,,,4.67999982833862300,4.70200014114379900,4.44000005722045900,4.53999996185302700,66900,,,,,4.53999996185302700,,,,,,,,,,,,,,,,,,,,,,,,,,,,,,,,,,,,,,,,,,,,,,,,,,,,,,,,,,,,,,,,,,,,,,,,,,,,,,,,,,,,,,,,,,,,,,,,,,,,,,,,,,,,,,,,,,,,,,,,,,,,,,,,,,,,,,,,,,,,,0.7912860883652807,0.9976934723674461,5.674541754696863,3.241752854045518,,,,0.07447709844642615,,,,,,,,4.301341717746112,4.301341717746112,4.012468481173186,4.012468481173186,3.324469845524277,3.324469845524277,3.170957976277609,3.170957976277609,,,,,0.01107435287258815,,0.1813844219606504,0.1813844219606504,0.14448646824386455,0.14448646824386455,62.413806988130084,62.413806988130084,,4.213999938964844,4.213999938964844,3.9538094997406006,3.9538094997406006,3.4055238044451155,3.4055238044451155,1.585202378531297,1.585202378531297,3.8103799962997438,1.6243049974739552,1,303725.99744796753,458700.8214800131,,,,,,,
2025-02-19,,,,,,,4.46199989318847700,4.46199989318847700,4.25799989700317400,4.28000020980835000,39600,,,,,4.28000020980835000,,,,,,,,,,,,,,,,,,,,,,,,,,,,,,,,,,,,,,,,,,,,,,,,,,,,,,,,,,,,,,,,,,,,,,,,,,,,,,,,,,,,,,,,,,,,,,,,,,,,,,,,,,,,,,,,,,,,,,,,,,,,,,,,,,,,,,,,,,,,,0.9700340204366262,1.022883965524785,5.663252633734044,3.242252451425237,,,,0.060852025929031564,,,,,,,,4.294227881766858,4.294227881766858,4.036789547412746,4.036789547412746,3.354330169408154,3.354330169408154,3.1797251085584843,3.1797251085584843,,,,,-0.05897394503649303,,0.17999762731881974,0.17999762731881974,0.15158870005885558,0.15158870005885558,56.40910423928454,56.40910423928454,,4.261999988555909,4.261999988555909,3.9733333247048512,3.9733333247048512,3.4692063473519825,3.4692063473519825,1.5930992049120722,1.5930992049120722,3.821180000305176,1.6392049987614155,1,169488.00830841064,454602.6246173987,,,,,,,
2025-02-20,,,,,,,4.30999994277954100,4.40000009536743200,3.79999995231628400,3.99000000953674300,106300,,,,,3.99000000953674300,,,,,,,,,,,,,,,,,,,,,,,,,,,,,,,,,,,,,,,,,,,,,,,,,,,,,,,,,,,,,,,,,,,,,,,,,,,,,,,,,,,,,,,,,,,,,,,,,,,,,,,,,,,,,,,,,,,,,,,,,,,,,,,,,,,,,,,,,,,,,1.0991523577118958,1.055148267180899,5.658899470726998,3.2428607707864416,,,,0.015933241854693574,,,,,,,,4.192818591023486,4.192818591023486,4.032535953060382,4.032535953060382,3.3741948519121725,3.3741948519121725,3.186130443744083,3.186130443744083,,,,,-0.07016182532241333,,0.1537259331781251,0.1537259331781251,0.1520161466827095,0.1520161466827095,50.56556757207426,50.56556757207426,,4.2799999713897705,4.2799999713897705,3.97761903490339,3.97761903490339,3.528746030160359,3.528746030160359,1.5994880933846747,1.5994880933846747,3.836779999732971,1.653304999023676,1,424137.0010137558,454598.19309579,,,,,,,
2025-02-21,,,,,,,4.03000020980835000,4.26000022888183600,4.01000022888183600,4.03999996185302700,36100,,,,,4.03999996185302700,,,,,,,,,,,,,,,,,,,,,,,,,,,,,,,,,,,,,,,,,,,,,,,,,,,,,,,,,,,,,,,,,,,,,,,,,,,,,,,,,,,,,,,,,,,,,,,,,,,,,,,,,,,,,,,,,,,,,,,,,,,,,,,,,,,,,,,,,,,,,1.0315818492871571,0.9817676917185943,5.6532556643427,3.2427588549220028,,,,0.05099790966193915,,,,,,,,4.1418790479666665,4.1418790479666665,4.0332144993142585,4.0332144993142585,3.3950012615978244,3.3950012615978244,3.1928804004089764,3.1928804004089764,,,,,0.012453449238805472,,0.13537943472642233,0.13537943472642233,0.14868880429145206,0.14868880429145206,51.49847371219389,51.49847371219389,,4.267999982833862,4.267999982833862,4.002857128779094,4.002857128779094,3.5883650770263067,3.5883650770263067,1.606313490323604,1.606313490323604,3.8425799989700318,1.667854998856783,1,145843.9986228943,450767.5071584327,,,,,,,
2025-02-24,,,,,,,4.07999992370605500,4.07999992370605500,3.82999992370605470,3.91000008583068850,36100,,,,,3.91000008583068850,,,,,,,,,,,,,,,,,,,,,,,,,,,,,,,,,,,,,,,,,,,,,,,,,,,,,,,,,,,,,,,,,,,,,,,,,,,,,,,,,,,,,,,,,,,,,,,,,,,,,,,,,,,,,,,,,,,,,,,,,,,,,,,,,,,,,,,,,,,,,0.6108015903923002,0.9767552257624307,5.655168026050974,3.2429116339773794,,,,0.036096987210323554,,,,,,,,4.064586060588007,4.064586060588007,4.022013188997571,4.022013188997571,3.4110949748551014,3.4110949748551014,3.1985493307285155,3.1985493307285155,,,,,-0.032707286581881746,,0.10909225141659551,0.10909225141659551,0.14076949371648073,0.14076949371648073,48.91384460957306,48.91384460957306,,4.152000045776367,4.152000045776367,4.013095231283279,4.013095231283279,3.6456666655010648,3.6456666655010648,1.6124642847312822,1.6124642847312822,3.84518000125885,1.68235499933362,1,141151.00309848785,448834.1895814453,,,,,,,
2025-02-25,,,,,,,3.81999993324279800,4.06699991226196300,3.78999996185302730,3.78999996185302730,45200,,,,,3.78999996185302730,,,,,,,,,,,,,,,,,,,,,,,,,,,,,,,,,,,,,,,,,,,,,,,,,,,,,,,,,,,,,,,,,,,,,,,,,,,,,,,,,,,,,,,,,,,,,,,,,,,,,,,,,,,,,,,,,,,,,,,,,,,,,,,,,,,,,,,,,,,,,0.5067837948637713,0.9797794706236779,5.652102514475283,3.2422738983694144,,,,0.047701473664418625,,,,,,,,3.9730573610096807,3.9730573610096807,4.000921077438976,4.000921077438976,3.4229357556987865,3.4229357556987865,3.2032248297887884,3.2032248297887884,,,,,-0.031171386919686198,,0.07768100387459098,0.07768100387459098,0.1281517957481028,0.1281517957481028,46.58942432641169,46.58942432641169,,4.002000045776367,4.002000045776367,4.0216666630336215,4.0216666630336215,3.7014126966870022,3.7014126966870022,1.6187738082002079,1.6187738082002079,3.843980002403259,1.6960049994289874,1,171307.99827575684,449854.91655568284,,,,,,,
2025-02-26,,,,,,,3.82999992370605470,4.03999996185302700,3.78999996185302730,3.89000010490417500,19900,,,,,3.89000010490417500,,,,,,,,,,,,,,,,,,,,,,,,,,,,,,,,,,,,,,,,,,,,,,,,,,,,,,,,,,,,,,,,,,,,,,,,,,,,,,,,,,,,,,,,,,,,,,,,,,,,,,,,,,,,,,,,,,,,,,,,,,,,,,,,,,,,,,,,,,,,,0.6133660413825515,0.8169271497054438,5.650374796701927,3.2411685215027966,,,,-0.06793451178100661,,,,,,,,3.945371608974512,3.945371608974512,3.990837352663085,3.990837352663085,3.437531516611455,3.437531516611455,3.2086538833470124,3.2086538833470124,,,,,0.02604317556883826,,0.06016301787995548,0.06016301787995548,0.11455404017447333,0.11455404017447333,48.77404737040978,48.77404737040978,,3.9240000247955322,3.9240000247955322,4.006380955378215,4.006380955378215,3.758873015642166,3.758873015642166,1.6261944436128177,1.6261944436128177,3.851980004310608,1.7105549998581409,1,77411.0020875931,449575.51970349415,,,,,,,
2025-02-27,,,,,,,3.84699988365173340,3.95499992370605470,3.64000010490417500,3.65000009536743160,29600,,,,,3.65000009536743160,,,,,,,,,,,,,,,,,,,,,,,,,,,,,,,,,,,,,,,,,,,,,,,,,,,,,,,,,,,,,,,,,,,,,,,,,,,,,,,,,,,,,,,,,,,,,,,,,,,,,,,,,,,,,,,,,,,,,,,,,,,,,,,,,,,,,,,,,,,,,0.5802166655734732,0.7972177242830042,5.64565234590028,3.241845354589562,,,,-0.06867529514778206,,,,,,,,3.846914437772152,3.846914437772152,3.959852147454389,3.959852147454389,3.444171159697579,3.444171159697579,3.212142786208834,3.212142786208834,,,,,-0.06368199087554563,,0.026607181734446428,0.026607181734446428,0.09696466848646795,0.09696466848646795,44.11078977620499,44.11078977620499,,3.85600004196167,3.85600004196167,3.9954285735175725,3.9954285735175725,3.812984128320028,3.812984128320028,1.6326626980352024,1.6326626980352024,3.8599800062179566,1.7239500002563,1,108040.00282287598,445464.7436385117,,,,,,,
2025-02-28,,,,,,,3.63000011444091800,3.86999988555908200,3.50000000000000000,3.50000000000000000,22800,,,,,3.50000000000000000,,,,,,,,,,,,,,,,,,,,,,,,,,,,,,,,,,,,,,,,,,,,,,,,,,,,,,,,,,,,,,,,,,,,,,,,,,,,,,,,,,,,,,,,,,,,,,,,,,,,,,,,,,,,,,,,,,,,,,,,,,,,,,,,,,,,,,,,,,,,,0.5276131362865275,0.8084620182674482,5.645063767084411,3.242140275298289,,,,-0.1314206068424552,,,,,,,,3.731276291848101,3.731276291848101,3.9180474067767173,3.9180474067767173,3.44591581095703,3.44591581095703,3.2144183373059976,3.2144183373059976,,,,,-0.04196422522709528,,-0.011952038599573278,-0.011952038599573278,0.0751813270692597,0.0751813270692597,41.443778142234315,41.443778142234315,,3.7480000495910644,3.7480000495910644,3.9773333299727667,3.9773333299727667,3.864904763206603,3.864904763206603,1.638575396485745,1.638575396485745,3.8659000062942503,1.7366000001132489,1,79800,437189.7435491047,,,,,,,
2025-03-03,,,,,,,3.66700005531311040,3.66700005531311040,3.31999993324279800,3.31999993324279800,22400,,,,,3.31999993324279800,,,,,,,,,,,,,,,,,,,,,,,,,,,,,,,,,,,,,,,,,,,,,,,,,,,,,,,,,,,,,,,,,,,,,,,,,,,,,,,,,,,,,,,,,,,,,,,,,,,,,,,,,,,,,,,,,,,,,,,,,,,,,,,,,,,,,,,,,,,,,0.5557633111303014,0.8205975337835583,1.2532387829516016,3.242605367270034,,,,-0.1995100905825526,,,,,,,,3.594184172313,3.594184172313,3.86367945463727,3.86367945463727,3.44198093977846,3.44198093977846,3.2152529744280276,3.2152529744280276,,,,,-0.052798205674562,,-0.05638502807723311,-0.05638502807723311,0.04886805603996114,0.04886805603996114,38.44024750550562,38.44024750550562,,3.6300000190734862,3.6300000190734862,3.956380946295602,3.956380946295602,3.8606190492236423,3.8606190492236423,1.643734126455254,1.643734126455254,3.863500003814697,1.7483399997651576,1,74367.99850463867,423183.91849162086,,,,,,,
2025-03-04,,,,,,,3.27999997138977050,3.53200006484985350,3.13000011444091800,3.25000000000000000,17800,,,,,3.25000000000000000,,,,,,,,,,,,,,,,,,,,,,,,,,,,,,,,,,,,,,,,,,,,,,,,,,,,,,,,,,,,,,,,,,,,,,,,,,,,,,,,,,,,,,,,,,,,,,,,,,,,,,,,,,,,,,,,,,,,,,,,,,,,,,,,,,,,,,,,,,,,,0.5618645625269796,0.8174141975481228,1.1368891325397696,3.242338889028638,,,,-0.176538110241998,,,,,,,,3.4794561148753336,3.4794561148753336,3.8078904133066094,3.8078904133066094,3.435981535410383,3.435981535410383,3.2155276544720746,3.2155276544720746,,,,,-0.021309766479159893,,-0.09613867515656604,-0.09613867515656604,0.019866709800655705,0.019866709800655705,37.307891281316344,37.307891281316344,,3.522000026702881,3.522000026702881,3.9376190389905656,3.9376190389905656,3.8383968254876515,3.8383968254876515,1.6489722219014924,1.6489722219014924,3.859500002861023,1.7599449996650218,1,57850,396106.21950475,,,,,,,
2025-03-05,,,,,,,3.13000011444091800,3.52600002288818360,3.13000011444091800,3.49000000953674300,38500,,,,,3.49000000953674300,,,,,,,,,,,,,,,,,,,,,,,,,,,,,,,,,,,,,,,,,,,,,,,,,,,,,,,,,,,,,,,,,,,,,,,,,,,,,,,,,,,,,,,,,,,,,,,,,,,,,,,,,,,,,,,,,,,,,,,,,,,,,,,,,,,,,,,,,,,,,0.8614562453424827,0.8583085385241183,1.1469499989425793,3.242904635445419,,,,-0.14052742988015593,,,,,,,,3.4829707464291366,3.4829707464291366,3.7789912856911667,3.7789912856911667,3.437669612726832,3.437669612726832,3.2176973964093447,3.2176973964093447,,,,,0.07124674260528088,,-0.10704379760431992,-0.10704379760431992,-0.005515391680339421,-0.005515391680339421,43.45779036431252,43.45779036431252,,3.4420000076293946,3.4420000076293946,3.9328571387699673,3.9328571387699673,3.819349205683148,3.819349205683148,1.654884920352035,1.654884920352035,3.8523000049591065,1.7727449996769429,1,134365.0003671646,390012.8860768818,,,,,,,
2025-03-06,,,,,,,3.54900002479553220,3.59999990463256840,3.34999990463256840,3.46000003814697270,18300,,,,,3.46000003814697270,,,,,,,,,,,,,,,,,,,,,,,,,,,,,,,,,,,,,,,,,,,,,,,,,,,,,,,,,,,,,,,,,,,,,,,,,,,,,,,,,,,,,,,,,,,,,,,,,,,,,,,,,,,,,,,,,,,,,,,,,,,,,,,,,,,,,,,,,,,,,0.7769520812467303,0.7180181751742706,1.146592110727461,3.2362738887332987,,,,-0.21353201124271026,,,,,,,,3.4753138436684154,3.4753138436684154,3.7499920813689673,3.7499920813689673,3.4383674385212113,3.4383674385212113,3.219612832312409,3.219612832312409,,,,,-0.008633138852157517,,-0.11676098473146723,-0.11676098473146723,-0.02776451029056498,-0.02776451029056498,42.8913951835284,42.8913951835284,,3.403999996185303,3.403999996185303,3.9033333346957253,3.9033333346957253,3.801253969707186,3.801253969707186,1.6621468252842388,1.6621468252842388,3.8491000080108644,1.785394999831915,1,63318.0006980896,384556.0290790739,,,,,,,
2025-03-07,,,,,,,3.55999994277954100,3.56399989128112800,3.33999991416931150,3.51999998092651370,30600,,,,,3.51999998092651370,,,,,,,,,,,,,,,,,,,,,,,,,,,,,,,,,,,,,,,,,,,,,,,,,,,,,,,,,,,,,,,,,,,,,,,,,,,,,,,,,,,,,,,,,,,,,,,,,,,,,,,,,,,,,,,,,,,,,,,,,,,,,,,,,,,,,,,,,,,,,0.7395489524012792,0.7202537545225302,1.144152762728661,3.2341307332376124,,,,-0.19943899342173765,,,,,,,,3.4902092227544483,3.4902092227544483,3.7290837086014714,3.7290837086014714,3.440918455471377,3.440918455471377,3.221987434277738,3.221987434277738,,,,,0.017192384096632155,,-0.11825723579474978,-0.11825723579474978,-0.045863055391401945,-0.045863055391401945,44.45074944656871,44.45074944656871,,3.4079999923706055,3.4079999923706055,3.8814285709744407,3.8814285709744407,3.787444447714185,3.787444447714185,1.6688134917427624,1.6688134917427624,3.8527000093460084,1.798244999796152,1,107711.99941635132,379638.9340332576,,,,,,,
2025-03-10,,,,,,,3.43000006675720200,3.81999993324279800,3.35999989509582500,3.35999989509582500,58800,,,,,3.35999989509582500,,,,,,,,,,,,,,,,,,,,,,,,,,,,,,,,,,,,,,,,,,,,,,,,,,,,,,,,,,,,,,,,,,,,,,,,,,,,,,,,,,,,,,,,,,,,,,,,,,,,,,,,,,,,,,,,,,,,,,,,,,,,,,,,,,,,,,,,,,,,,0.7115137055847994,0.6990957861081215,1.1026874373268862,3.2323532575177354,,,,-0.33304145048453976,,,,,,,,3.4468061135349073,3.4468061135349073,3.695530634646413,3.695530634646413,3.438389750459641,3.438389750459641,3.2230784418731377,3.2230784418731377,,,,,-0.046520041437769874,,-0.13084539107248006,-0.13084539107248006,-0.06285952252761756,-0.06285952252761756,41.218606156622855,41.218606156622855,,3.415999984741211,3.415999984741211,3.8414285750616166,3.8414285750616166,3.7814126998659163,3.7814126998659163,1.675638888208639,1.675638888208639,3.8559000062942506,1.8103949992358686,1,197567.99383163452,375502.71169458114,,,,,,,
2025-03-11,,,,,,,3.38000011444091800,3.84999990463256840,3.36999988555908200,3.72000002861022950,37200,,,,,3.72000002861022950,,,,,,,,,,,,,,,,,,,,,,,,,,,,,,,,,,,,,,,,,,,,,,,,,,,,,,,,,,,,,,,,,,,,,,,,,,,,,,,,,,,,,,,,,,,,,,,,,,,,,,,,,,,,,,,,,,,,,,,,,,,,,,,,,,,,,,,,,,,,,0.9498653713239478,0.7948811678633835,1.078169225422673,3.2338534268804695,,,,-0.2598653339147235,,,,,,,,3.537870751893348,3.537870751893348,3.69775512500676,3.69775512500676,3.447190071651847,3.447190071651847,3.2270066757603875,3.2270066757603875,,,,,0.10178273322234536,,-0.11049883095476565,-0.11049883095476565,-0.07238738421304718,-0.07238738421304718,50.023850982969854,50.023850982969854,,3.509999990463257,3.509999990463257,3.8247619015829906,3.8247619015829906,3.789507937809778,3.789507937809778,1.6839325391347446,1.6839325391347446,3.8597000074386596,1.824529999345541,1,138384.00106430054,369174.9497054115,,,,,,,
2025-03-12,,,,,,,3.84999990463256840,4.21999979019165000,3.65000009536743160,4.00000000000000000,84800,,,,,4.00000000000000000,,,,,,,,,,,,,,,,,,,,,,,,,,,,,,,,,,,,,,,,,,,,,,,,,,,,,,,,,,,,,,,,,,,,,,,,,,,,,,,,,,,,,,,,,,,,,,,,,,,,,,,,,,,,,,,,,,,,,,,,,,,,,,,,,,,,,,,,,,,,,0.9537879076689427,0.8382924077728147,1.0424618735410542,3.2313431269153616,,,,-0.19277452041090262,,,,,,,,3.691913834595565,3.691913834595565,3.725231931824327,3.725231931824327,3.464465381912727,3.464465381912727,3.233117294924337,3.233117294924337,,,,,0.07257068514391353,,-0.07096236783481169,-0.07096236783481169,-0.07210238093740008,-0.07210238093740008,55.59532671731979,55.59532671731979,,3.611999988555908,3.611999988555908,3.8209523814065114,3.8209523814065114,3.7934761917780317,3.7934761917780317,1.6923055550645267,1.6923055550645267,3.8693000078201294,1.8399699993431569,1,339200,367684.0766895385,,,,,,,
2025-03-13,,,,,,,4.15000009536743200,4.17000007629394500,3.82999992370605470,4.09999990463256800,15400,,,,,4.09999990463256800,,,,,,,,,,,,,,,,,,,,,,,,,,,,,,,,,,,,,,,,,,,,,,,,,,,,,,,,,,,,,,,,,,,,,,,,,,,,,,,,,,,,,,,,,,,,,,,,,,,,,,,,,,,,,,,,,,,,,,,,,,,,,,,,,,,,,,,,,,,,,0.9027132706099905,0.8421986208366808,1.0434508176844963,3.2204796950378167,,,,-0.18839905546307747,,,,,,,,3.8279425246078995,3.8279425246078995,3.7593017475341672,3.7593017475341672,3.484325835747722,3.484325835747722,3.2399701218785526,3.2399701218785526,,,,,0.02469258933002205,,-0.03120061809396102,-0.03120061809396102,-0.06392202836871227,-0.06392202836871227,57.42102473046771,57.42102473046771,,3.7399999618530275,3.7399999618530275,3.8238095215388705,3.8238095215388705,3.7985555557977584,3.7985555557977584,1.698773808540806,1.698773808540806,3.8797000074386596,1.8560649989545346,1,63139.99853134155,360232.29895243567,,,,,,,
2025-03-14,,,,,,,3.88000011444091800,4.40000009536743200,3.85999989509582500,4.11999988555908200,18200,,,,,4.11999988555908200,,,,,,,,,,,,,,,,,,,,,,,,,,,,,,,,,,,,,,,,,,,,,,,,,,,,,,,,,,,,,,,,,,,,,,,,,,,,,,,,,,,,,,,,,,,,,,,,,,,,,,,,,,,,,,,,,,,,,,,,,,,,,,,,,,,,,,,,,,,,,0.9211759995830794,0.8320144508027048,1.0429031691529782,3.2197504419348975,,,,-0.1690215296384992,,,,,,,,3.9252949782582935,3.9252949782582935,3.792092487354614,3.792092487354614,3.5041906498043267,3.5041906498043267,3.246926878903695,3.246926878903695,,,,,0.0048661851346001326,,0.0019027526098915892,0.0019027526098915892,-0.050757072172991496,-0.050757072172991496,57.79477470000801,57.79477470000801,,3.859999942779541,3.859999942779541,3.834285702024187,3.834285702024187,3.802841269780719,3.802841269780719,1.7046071410415664,1.7046071410415664,3.8839000034332276,1.8723649983108044,1,74983.9979171753,356735.29903548106,,,,,,,
2025-03-17,,,,,,,4.21999979019165000,4.75000000000000000,3.93300008773803700,4.34000015258789100,64000,,,,,4.34000015258789100,,,,,,,,,,,,,,,,,,,,,,,,,,,,,,,,,,,,,,,,,,,,,,,,,,,,,,,,,,,,,,,,,,,,,,,,,,,,,,,,,,,,,,,,,,,,,,,,,,,,,,,,,,,,,,,,,,,,,,,,,,,,,,,,,,,,,,,,,,,,,0.6078847304808226,0.833485679422914,1.027961716555287,3.219575095522969,,,,-0.17053436769354907,,,,,,,,4.063530036368159,4.063530036368159,3.841902275103094,3.841902275103094,3.530309696766313,3.530309696766313,3.255567774347839,3.255567774347839,,,,,0.05202124768630014,,0.045366636968656504,0.045366636968656504,-0.0315323303446619,-0.0315323303446619,61.77005655251626,61.77005655251626,,4.055999994277954,4.055999994277954,3.845714285260155,3.845714285260155,3.816333335543436,3.816333335543436,1.7106388879437295,1.7106388879437295,3.893100004196167,1.8895949991047383,1,277760.009765625,354474.4102833763,,,,,,,
2025-03-18,,,,,,,4.05000019073486300,4.47700023651123050,3.65000009536743160,4.13000011444091800,12800,,,,,4.13000011444091800,,,,,,,,,,,,,,,,,,,,,,,,,,,,,,,,,,,,,,,,,,,,,,,,,,,,,,,,,,,,,,,,,,,,,,,,,,,,,,,,,,,,,,,,,,,,,,,,,,,,,,,,,,,,,,,,,,,,,,,,,,,,,,,,,,,,,,,,,,,,,0.7479436525891464,0.7870263951156082,1.0224638800212027,3.2194134671920636,,,,-0.2677355921218336,,,,,,,,4.085686729059079,4.085686729059079,3.8680929877701686,3.8680929877701686,3.5490500223186445,3.5490500223186445,3.2624802829651753,3.2624802829651753,,,,,-0.04959694858820665,,0.06215039931244659,0.06215039931244659,-0.0127957844132402,-0.0127957844132402,56.317205339868025,56.317205339868025,,4.138000011444092,4.138000011444092,3.8285714444660006,3.8285714444660006,3.830301591328212,3.830301591328212,1.7151230153819872,1.7151230153819872,3.899000005722046,1.905719999819994,1,52864.00146484375,351454.79125900875,,,,,,,
2025-03-19,,,,,,,4.40999984741210900,4.44500017166137700,4.05999994277954100,4.11000013351440400,19300,,,,,4.11000013351440400,,,,,,,,,,,,,,,,,,,,,,,,,,,,,,,,,,,,,,,,,,,,,,,,,,,,,,,,,,,,,,,,,,,,,,,,,,,,,,,,,,,,,,,,,,,,,,,,,,,,,,,,,,,,,,,,,,,,,,,,,,,,,,,,,,,,,,,,,,,,,0.5979783473076694,0.7851193883181969,1.0219617806116372,3.2193472823164595,,,,-0.2822112910466936,,,,,,,,4.093791197210854,4.093791197210854,3.89008454647419,3.89008454647419,3.566579713293512,3.566579713293512,3.269180044629596,3.269180044629596,,,,,-0.004854373689207107,,0.07299636393167797,0.07299636393167797,0.0043626452557434334,0.0043626452557434334,55.811884479902396,55.811884479902396,,4.160000038146973,4.160000038146973,3.8080952621641613,3.8080952621641613,3.8446825458889915,3.8446825458889915,1.719765872827598,1.719765872827598,3.887400007247925,1.9216700004041194,1,79323.002576828,350593.14368338813,,,,,,,
2025-03-20,,,,,,,4.23999977111816400,4.46999979019165000,3.99000000953674300,3.99000000953674300,14700,,,,,3.99000000953674300,,,,,,,,,,,,,,,,,,,,,,,,,,,,,,,,,,,,,,,,,,,,,,,,,,,,,,,,,,,,,,,,,,,,,,,,,,,,,,,,,,,,,,,,,,,,,,,,,,,,,,,,,,,,,,,,,,,,,,,,,,,,,,,,,,,,,,,,,,,,,0.6119121422122348,0.765924908385426,1.0149018425636251,3.020441745654441,,,,-0.2697491639358207,,,,,,,,4.059194134652817,4.059194134652817,3.8991677703889676,3.8991677703889676,3.579811597551113,3.579811597551113,3.274878226170364,3.274878226170364,,,,,-0.02963182770146597,,0.07108938770144269,0.07108938770144269,0.017707993744883285,0.017707993744883285,52.753352723751696,52.753352723751696,,4.138000059127807,4.138000059127807,3.7942857288178944,3.7942857288178944,3.853412703862266,3.853412703862266,1.7317499997360366,1.7317499997360366,3.879400010108948,1.9366200004518033,1,58653.000140190125,346074.7467695721,,,,,,,
2025-03-21,,,,,,,3.97000002861022950,4.28999996185302700,3.95000004768371600,4.03000020980835000,23600,,,,,4.03000020980835000,,,,,,,,,,,,,,,,,,,,,,,,,,,,,,,,,,,,,,,,,,,,,,,,,,,,,,,,,,,,,,,,,,,,,,,,,,,,,,,,,,,,,,,,,,,,,,,,,,,,,,,,,,,,,,,,,,,,,,,,,,,,,,,,,,,,,,,,,,,,,0.6183736025786901,0.7271608065708401,1.015015941020491,3.020412607279176,,,,-0.263482365784704,,,,,,,,4.049462826371328,4.049462826371328,3.911061628518002,3.911061628518002,3.5938799916841515,3.5938799916841515,3.280847569914538,3.280847569914538,,,,,0.009975194728282257,,0.07197608169997416,0.07197608169997416,0.02856161133590146,0.02856161133590146,53.664863708124635,53.664863708124635,,4.120000123977661,4.120000123977661,3.7961905002593994,3.7961905002593994,3.862619055642022,3.862619055642022,1.743924603694015,1.743924603694015,3.8740000104904175,1.9521350015699863,1,95108.00495147705,344769.63569815195,,,,,,,
2025-03-24,,,,,,,3.95000004768371600,4.25000000000000000,3.90000009536743160,3.98000001907348630,14800,,,,,3.98000001907348630,,,,,,,,,,,,,,,,,,,,,,,,,,,,,,,,,,,,,,,,,,,,,,,,,,,,,,,,,,,,,,,,,,,,,,,,,,,,,,,,,,,,,,,,,,,,,,,,,,,,,,,,,,,,,,,,,,,,,,,,,,,,,,,,,,,,,,,,,,,,,0.3652157337244842,0.7271162207309482,0.9916984565857062,3.019596552323549,,,,-0.2420964904688824,,,,,,,,4.026308557272047,4.026308557272047,3.917328754932137,3.917328754932137,3.6059462425400683,3.6059462425400683,3.286374466745834,3.286374466745834,,,,,-0.012484603931535955,,0.06786192552396297,0.06786192552396297,0.03642167417351376,0.03642167417351376,52.306424756455726,52.306424756455726,,4.04800009727478,4.04800009727478,3.7933333601270403,3.7933333601270403,3.8646825495220365,3.8646825495220365,1.7561468260865363,1.7561468260865363,3.8788000106811524,1.9673350016772746,1,58904.0002822876,338310.1755683384,,,,,,,
2025-03-25,,,,,,,3.94000005722045900,4.05000019073486300,3.91000008583068850,4.03000020980835000,18800,,,,,4.03000020980835000,,,,,,,,,,,,,,,,,,,,,,,,,,,,,,,,,,,,,,,,,,,,,,,,,,,,,,,,,,,,,,,,,,,,,,,,,,,,,,,,,,,,,,,,,,,,,,,,,,,,,,,,,,,,,,,,,,,,,,,,,,,,,,,,,,,,,,,,,,,,,0.2741155034182359,0.718866398034385,0.9838725491753788,3.018511492426782,,,,-0.20666021243008206,,,,,,,,4.027539108117482,4.027539108117482,3.927571614466338,3.927571614466338,3.619197929017202,3.619197929017202,3.2922529311178694,3.2922529311178694,,,,,0.012484603931535854,,0.06785384771791492,0.06785384771791492,0.04270810888239399,0.04270810888239399,53.5720759809749,53.5720759809749,,4.028000116348267,4.028000116348267,3.799047651745024,3.799047651745024,3.8711904911767867,3.8711904911767867,1.76882539843283,1.76882539843283,3.88060001373291,1.9828350026905537,1,75764.00394439697,330324.87433410826,,,,,,,
2025-03-26,,,,,,,4.11999988555908200,4.20800018310546900,4.03000020980835000,4.03999996185302700,1600,,,,,4.03999996185302700,,,,,,,,,,,,,,,,,,,,,,,,,,,,,,,,,,,,,,,,,,,,,,,,,,,,,,,,,,,,,,,,,,,,,,,,,,,,,,,,,,,,,,,,,,,,,,,,,,,,,,,,,,,,,,,,,,,,,,,,,,,,,,,,,,,,,,,,,,,,,0.27909384890674477,0.7090158054082719,0.9695854315686648,3.0177249978080685,,,,-0.14711339689952538,,,,,,,,4.0316927260293305,4.0316927260293305,3.937792373319674,3.937792373319674,3.6323479925433215,3.6323479925433215,3.2981639748390963,3.2981639748390963,,,,,0.0024782545105231563,,0.0678719567484456,0.0678719567484456,0.04774087845560431,0.04774087845560431,53.835928063800864,53.835928063800864,,4.014000082015992,4.014000082015992,3.810952413649786,3.810952413649786,3.8823016030447826,3.8823016030447826,1.781285715836381,1.781285715836381,3.888800010681152,1.9984850023686886,1,6463.999938964844,325046.3665349143,,,,,,,
2025-03-27,,,,,,,3.97000002861022950,4.19000005722045900,3.86999988555908200,4.00000000000000000,19900,,,,,4.00000000000000000,,,,,,,,,,,,,,,,,,,,,,,,,,,,,,,,,,,,,,,,,,,,,,,,,,,,,,,,,,,,,,,,,,,,,,,,,,,,,,,,,,,,,,,,,,,,,,,,,,,,,,,,,,,,,,,,,,,,,,,,,,,,,,,,,,,,,,,,,,,,,0.18014816018247054,0.7052565160316201,0.9654890689266369,3.0157669393384294,,,,-0.14668741165162325,,,,,,,,4.021128484019553,4.021128484019553,3.9434476121087942,3.9434476121087942,3.643837117776343,3.643837117776343,3.3037120857099334,3.3037120857099334,,,,,-0.00995032141084811,,0.063921794994934,0.063921794994934,0.05097706176347025,0.05097706176347025,52.54944398400331,52.54944398400331,,4.016000080108642,4.016000080108642,3.8161905038924444,3.8161905038924444,3.895000014986311,3.895000014986311,1.7931507952393047,1.7931507952393047,3.8956000089645384,2.014035002440214,1,79600,323490.81093735166,,,,,,,
2025-03-28,,,,,,,3.88000011444091800,4.07000017166137700,3.74000000953674300,3.89000010490417500,14000,,,,,3.89000010490417500,,,,,,,,,,,,,,,,,,,,,,,,,,,,,,,,,,,,,,,,,,,,,,,,,,,,,,,,,,,,,,,,,,,,,,,,,,,,,,,,,,,,,,,,,,,,,,,,,,,,,,,,,,,,,,,,,,,,,,,,,,,,,,,,,,,,,,,,,,,,,0.24392531503276307,0.6738839835073988,0.9480405217225307,3.0141394648762154,,,,-0.10417538177934749,,,,,,,,3.977419024314427,3.977419024314427,3.9385887478174655,3.9385887478174655,3.6515297111240876,3.6515297111240876,3.308346773608702,3.308346773608702,,,,,-0.02788517652188175,,0.05132356500952451,0.05132356500952451,0.0510463624126811,0.0510463624126811,49.07631035228418,49.07631035228418,,3.9880000591278075,3.9880000591278075,3.8276190757751465,3.8276190757751465,3.9007143028198725,3.9007143028198725,1.8049563511259972,1.8049563511259972,3.894800009727478,2.0288900028169157,1,54460.001468658455,317396.1126043683,,,,,,,
2025-03-31,,,,,,,3.79999995231628400,4.00000000000000000,3.00000000000000000,3.27999997138977050,160000,,,,,3.27999997138977050,,,,,,,,,,,,,,,,,,,,,,,,,,,,,,,,,,,,,,,,,,,,,,,,,,,,,,,,,,,,,,,,,,,,,,,,,,,,,,,,,,,,,,,,,,,,,,,,,,,,,,,,,,,,,,,,,,,,,,,,,,,,,,,,,,,,,,,,,,,,,1.1944867703627873,0.893534204940992,1.008604229047387,3.0192597207024034,,,,-0.15138607883837935,,,,,,,,3.744946006672875,3.744946006672875,3.878717040869493,3.878717040869493,3.6399194067573903,3.6399194067573903,3.308122688215667,3.308122688215667,,,,,-0.17056577092458744,,-0.007792706342125033,-0.007792706342125033,0.03927854866171988,0.03927854866171988,35.18752120661155,35.18752120661155,,3.8480000495910645,3.8480000495910645,3.817142883936564,3.817142883936564,3.896904778858972,3.896904778858972,1.8143730176583168,1.8143730176583168,3.884800009727478,2.04084000274539,1,524799.9954223633,322061.00144045695,,,,,,,
2025-04-01,,,,,,,3.34999990463256840,3.34999990463256840,3.21000003814697270,3.30999994277954100,33800,,,,,3.30999994277954100,,,,,,,,,,,,,,,,,,,,,,,,,,,,,,,,,,,,,,,,,,,,,,,,,,,,,,,,,,,,,,,,,,,,,,,,,,,,,,,,,,,,,,,,,,,,,,,,,,,,,,,,,,,,,,,,,,,,,,,,,,,,,,,,,,,,,,,,,,,,,1.1855724881583667,0.8756978620345862,1.0081583923827122,3.0175148677728654,,,,-0.09752708095238159,,,,,,,,3.599963985375097,3.599963985375097,3.8270154864976793,3.8270154864976793,3.6296094235080827,3.6296094235080827,3.308137528172694,3.308137528172694,,,,,0.009104758428402367,,-0.05162690747437981,-0.05162690747437981,0.02109745743449994,0.02109745743449994,36.14463910569435,36.14463910569435,,3.7039999961853027,3.7039999961853027,3.816666693914504,3.816666693914504,3.8926190648760115,3.8926190648760115,1.8242420649954252,1.8242420649954252,3.873600010871887,2.0529900024831296,1,111877.99806594849,319921.57292176806,,,,,,,
2025-04-02,,,,,,,3.01999998092651370,3.49000000953674300,3.01999998092651370,3.44000005722045900,16800,,,,,3.44000005722045900,,,,,,,,,,,,,,,,,,,,,,,,,,,,,,,,,,,,,,,,,,,,,,,,,,,,,,,,,,,,,,,,,,,,,,,,,,,,,,,,,,,,,,,,,,,,,,,,,,,,,,,,,,,,,,,,,,,,,,,,,,,,,,,,,,,,,,,,,,,,,1.2888353647482014,0.8819821867381055,0.9950644208382777,3.0173329900666936,,,,-0.0691695566998375,,,,,,,,3.546642675990218,3.546642675990218,3.7918322656542953,3.7918322656542953,3.6236841308115944,3.6236841308115944,3.309179919706668,3.309179919706668,,,,,0.0385233159173375,,-0.07501122222402934,-0.07501122222402934,0.0018757215027940832,0.0018757215027940832,40.2615222118287,40.2615222118287,,3.584000015258789,3.584000015258789,3.825714315686907,3.825714315686907,3.8851587469615634,3.8851587469615634,1.834757938153214,1.834757938153214,3.8644000101089477,2.065690002888441,1,57792.00096130371,300494.49312535545,,,,,,,
2025-04-03,,,,,,,3.26999998092651370,3.40000009536743160,3.16000008583068850,3.17000007629394530,11700,,,,,3.17000007629394530,,,,,,,,,,,,,,,,,,,,,,,,,,,,,,,,,,,,,,,,,,,,,,,,,,,,,,,,,,,,,,,,,,,,,,,,,,,,,,,,,,,,,,,,,,,,,,,,,,,,,,,,,,,,,,,,,,,,,,,,,,,,,,,,,,,,,,,,,,,,,1.311486296257574,0.8913512907099712,1.0077160664345097,3.0185230864043358,,,,-0.13313522332828076,,,,,,,,3.421095142758127,3.421095142758127,3.7353020666215366,3.7353020666215366,3.6095065041079177,3.6095065041079177,3.308079683790362,3.308079683790362,,,,,-0.08173987606248159,,-0.11401589781719101,-0.11401589781719101,-0.021302602361202936,-0.021302602361202936,35.18737846254362,35.18737846254362,,3.418000030517578,3.418000030517578,3.810476223627726,3.810476223627726,3.8738889050862144,3.8738889050862144,1.844115081405829,1.844115081405829,3.8576000118255616,2.07686500325799,1,37089.00089263916,271071.7144765551,,,,,,,
2025-04-04,,,,,,,3.20399999618530270,3.20399999618530270,2.50000000000000000,2.76500010490417500,48700,,,,,2.76500010490417500,,,,,,,,,,,,,,,,,,,,,,,,,,,,,,,,,,,,,,,,,,,,,,,,,,,,,,,,,,,,,,,,,,,,,,,,,,,,,,,,,,,,,,,,,,,,,,,,,,,,,,,,,,,,,,,,,,,,,,,,,,,,,,,,,,,,,,,,,,,,,1.435720732098298,1.0021845894070247,1.0424071981782028,3.0218171658740616,,,,-0.1411871229421883,,,,,,,,3.2023967968068097,3.2023967968068097,3.6470927973745035,3.6470927973745035,3.583115679132801,3.583115679132801,3.303786564589681,3.303786564589681,,,,,-0.13669093904235494,,-0.17558348014130587,-0.17558348014130587,-0.05215877791722352,-0.05215877791722352,29.235443184607554,29.235443184607554,,3.1930000305175783,3.1930000305175783,3.7773809887114025,3.7773809887114025,3.856904779161726,3.856904779161726,1.8517936533169141,1.8517936533169141,3.839000015258789,2.086165003925562,1,134655.50510883334,264455.5636769249,,,,,,,
2025-04-07,,,,,,,2.68000006675720200,2.92000007629394530,2.67000007629394530,2.88499999046325700,20500,,,,,2.88499999046325700,,,,,,,,,,,,,,,,,,,,,,,,,,,,,,,,,,,,,,,,,,,,,,,,,,,,,,,,,,,,,,,,,,,,,,,,,,,,,,,,,,,,,,,,,,,,,,,,,,,,,,,,,,,,,,,,,,,,,,,,,,,,,,,,,,,,,,,,,,,,,1.2660988286747998,1.014797064518224,0.9596767673250444,3.0204495966462392,,,,-0.1485801293004919,,,,,,,,3.096597861358959,3.096597861358959,3.5778116331098446,3.5778116331098446,3.5612995638618776,3.5612995638618776,3.3004759987863097,3.3004759987863097,,,,,0.04248422374010801,,-0.21224659815530078,-0.21224659815530078,-0.08417634196483897,-0.08417634196483897,32.85927344468793,32.85927344468793,,3.1140000343322756,3.1140000343322756,3.747142893927438,3.747142893927438,3.828253984451294,3.828253984451294,1.8595912722604615,1.8595912722604615,3.824500017166138,2.096110003739595,1,59142.499804496765,244668.9999288983,,,,,,,
2025-04-08,,,,,,,3.39000010490417500,3.39000010490417500,2.60999989509582500,2.60999989509582500,20300,,,,,2.60999989509582500,,,,,,,,,,,,,,,,,,,,,,,,,,,,,,,,,,,,,,,,,,,,,,,,,,,,,,,,,,,,,,,,,,,,,,,,,,,,,,,,,,,,,,,,,,,,,,,,,,,,,,,,,,,,,,,,,,,,,,,,,,,,,,,,,,,,,,,,,,,,,1.313829834880288,1.055675136912359,0.970461318196577,3.0222574603755543,,,,-0.09972088795016984,,,,,,,,2.9343985392712475,2.9343985392712475,3.489828747835843,3.489828747835843,3.5315714492129384,3.5315714492129384,3.295017689666227,3.295017689666227,,,,,-0.10017471551300183,,-0.26048982815961796,-0.26048982815961796,-0.11943903920379477,-0.11943903920379477,29.172379790097157,29.172379790097157,,2.974000024795532,2.974000024795532,3.711428608213152,3.711428608213152,3.8000000166514565,3.8000000166514565,1.8663055576265803,1.8663055576265803,3.7924800157546996,2.104860003143549,1,52982.99787044525,228117.23851930528,,,,,,,
2025-04-09,,,,,,,2.75000000000000000,3.13000011444091800,2.63000011444091800,2.90000009536743160,33100,,,,,2.90000009536743160,,,,,,,,,,,,,,,,,,,,,,,,,,,,,,,,,,,,,,,,,,,,,,,,,,,,,,,,,,,,,,,,,,,,,,,,,,,,,,,,,,,,,,,,,,,,,,,,,,,,,,,,,,,,,,,,,,,,,,,,,,,,,,,,,,,,,,,,,,,,,1.635819936488741,1.0605965386563152,0.9962952264592946,3.0225725229087717,,,,-0.12193276284991644,,,,,,,,2.9229323913033087,2.9229323913033087,3.436207961247806,3.436207961247806,3.5118348444052665,3.5118348444052665,3.2918950209365923,3.2918950209365923,,,,,0.10536058873631833,,-0.27218476642441525,-0.27218476642441525,-0.14998818464791885,-0.14998818464791885,37.17750242406285,37.17750242406285,,2.866000032424927,2.866000032424927,3.6723809923444475,3.6723809923444475,3.7777777929154652,3.7777777929154652,1.8738055580428667,1.8738055580428667,3.77288001537323,2.115040003508329,1,95990.00315666199,221573.26995758782,,,,,,,
2025-04-10,,,,,,,3.11999988555908200,3.11999988555908200,2.59999990463256840,2.68199992179870600,39000,,,,,2.68199992179870600,,,,,,,,,,,,,,,,,,,,,,,,,,,,,,,,,,,,,,,,,,,,,,,,,,,,,,,,,,,,,,,,,,,,,,,,,,,,,,,,,,,,,,,,,,,,,,,,,,,,,,,,,,,,,,,,,,,,,,,,,,,,,,,,,,,,,,,,,,,,,1.6294232414974739,1.037684883972521,0.9701409431782078,3.023661907641347,,,,-0.2050646400962878,,,,,,,,2.8426215681351077,2.8426215681351077,3.3676435940251603,3.3676435940251603,3.4859025030738113,3.4859025030738113,3.287073715805067,3.287073715805067,,,,,-0.07814801417609045,,-0.295635973880386,-0.295635973880386,-0.17911774249441229,-0.17911774249441229,34.06100992869935,34.06100992869935,,2.7684000015258787,2.7684000015258787,3.6096190838586715,3.6096190838586715,3.760984140729147,3.760984140729147,1.8804801609071473,1.8804801609071473,3.7489200115203856,2.1241100032627585,1,104597.99695014954,215551.71433403378,,,,,,,
2025-04-11,,,,,,,2.59999990463256840,2.63800001144409200,2.10999989509582500,2.39000010490417500,75200,,,,,2.39000010490417500,,,,,,,,,,,,,,,,,,,,,,,,,,,,,,,,,,,,,,,,,,,,,,,,,,,,,,,,,,,,,,,,,,,,,,,,,,,,,,,,,,,,,,,,,,,,,,,,,,,,,,,,,,,,,,,,,,,,,,,,,,,,,,,,,,,,,,,,,,,,,1.54901398422822,1.0759338353248853,0.9875018709775666,3.0259796601656204,,,,-0.1936638284055564,,,,,,,,2.6917477470581304,2.6917477470581304,3.27876691319598,3.27876691319598,3.45165555313101,3.45165555313101,3.279982224809803,3.279982224809803,,,,,-0.11526934586527998,,-0.333933788774738,-0.333933788774738,-0.21008095175047745,-0.21008095175047745,30.386669433134035,30.386669433134035,,2.693400001525879,2.693400001525879,3.5281905219668435,3.5281905219668435,3.736380966882857,3.736380966882857,1.8860357168411452,1.8860357168411452,3.721520013809204,2.13181000366807,1,179728.00788879397,208473.23812454464,,,,,,,
2025-04-14,,,,,,,2.28999996185302730,2.35999989509582500,1.90999996662139900,2.05999994277954100,156900,,,,,2.05999994277954100,,,,,,,,,,,,,,,,,,,,,,,,,,,,,,,,,,,,,,,,,,,,,,,,,,,,,,,,,,,,,,,,,,,,,,,,,,,,,,,,,,,,,,,,,,,,,,,,,,,,,,,,,,,,,,,,,,,,,,,,,,,,,,,,,,,,,,,,,,,,,1.585838573297015,1.149787212979883,1.0163745516882936,3.0297963155926166,,,,-0.22388316432176383,,,,,,,,2.481165145631934,2.481165145631934,3.1679699158853944,3.1679699158853944,3.408166315307527,3.408166315307527,3.2703380960981017,3.2703380960981017,,,,,-0.14858745481181115,,-0.38645848529991556,-0.38645848529991556,-0.24535645846036505,-0.24535645846036505,26.86014793212927,26.86014793212927,,2.5283999919891356,2.5283999919891356,3.430095286596389,3.430095286596389,3.7114603292374384,3.7114603292374384,1.8902539706655912,1.8902539706655912,3.68984001159668,2.1378600032627584,1,323213.99102211,208256.57114679852,,,,,,,
2025-04-15,,,,,,,2.05999994277954100,2.09999990463256840,1.87000000476837160,1.98000001907348630,58200,,,,,1.98000001907348630,,,,,,,,,,,,,,,,,,,,,,,,,,,,,,,,,,,,,,,,,,,,,,,,,,,,,,,,,,,,,,,,,,,,,,,,,,,,,,,,,,,,,,,,,,,,,,,,,,,,,,,,,,,,,,,,,,,,,,,,,,,,,,,,,,,,,,,,,,,,,1.5650469583252276,1.1074414800233343,1.0175823791815413,3.0282575565424183,,,,-0.22829994759186428,,,,,,,,2.3141101034457847,2.3141101034457847,3.0599726525388573,3.0599726525388573,3.363536118550213,3.363536118550213,3.2601377950939545,3.2601377950939545,,,,,-0.039609100685049775,,-0.42958798805488385,-0.42958798805488385,-0.28220276437926883,-0.28220276437926883,26.07025396025359,26.07025396025359,,2.402400016784668,2.402400016784668,3.317714327857608,3.317714327857608,3.6847936615111334,3.6847936615111334,1.8945396851216043,1.8945396851216043,3.6576400136947633,2.143260003477335,1,115236.0011100769,208110.47588000222,,,,,,,
2025-04-16,,,,,,,1.92999994754791260,2.05999994277954100,1.78999996185302730,1.90499997138977050,62100,,,,,1.90499997138977050,,,,,,,,,,,,,,,,,,,,,,,,,,,,,,,,,,,,,,,,,,,,,,,,,,,,,,,,,,,,,,,,,,,,,,,,,,,,,,,,,,,,,,,,,,,,,,,,,,,,,,,,,,,,,,,,,,,,,,,,,,,,,,,,,,,,,,,,,,,,,0.7618899469171925,1.1065668596463905,1.0057148081916172,3.0273727109461577,,,,-0.22830380309910162,,,,,,,,2.1777400594271135,2.1777400594271135,2.9549751360707583,2.9549751360707583,3.317956863951449,3.317956863951449,3.2494252431279134,3.2494252431279134,,,,,-0.03861486077934672,,-0.464466229196026,-0.464466229196026,-0.31865545734262024,-0.31865545734262024,25.31853480239327,25.31853480239327,,2.203399991989136,2.203399991989136,3.2117619400932673,3.2117619400932673,3.6526508028545077,3.6526508028545077,1.8988055580901722,1.8988055580901722,3.6141400146484375,2.1484600032866,1,118300.49822330475,206376.40436187622,,,,,,,
2025-04-17,,,,,,,1.79999995231628420,2.03999996185302730,1.69000005722045900,1.70000004768371580,124200,,,,,1.70000004768371580,,,,,,,,,,,,,,,,,,,,,,,,,,,,,,,,,,,,,,,,,,,,,,,,,,,,,,,,,,,,,,,,,,,,,,,,,,,,,,,,,,,,,,,,,,,,,,,,,,,,,,,,,,,,,,,,,,,,,,,,,,,,,,,,,,,,,,,,,,,,,0.7862554589346981,1.131009536540806,1.025002139472852,3.02952896037036,,,,-0.3097861837046401,,,,,,,,2.0184933888459806,2.0184933888459806,2.8408864916719363,2.8408864916719363,3.2673957134430824,3.2673957134430824,3.237176822610568,3.237176822610568,,,,,-0.11385371444875643,,-0.5028526943265081,-0.5028526943265081,-0.3554949047393978,-0.3554949047393978,23.337712633343408,23.337712633343408,,2.0070000171661375,2.0070000171661375,3.097000031244187,3.097000031244187,3.61963493104965,3.61963493104965,1.9021627012462843,1.9021627012462843,3.568540015220642,2.152660003453493,1,211140.0059223175,204543.83306654674,,,,,,,
2025-04-21,,,,,,,1.91999995708465580,2.09999990463256840,1.77999997138977050,2.01999998092651370,260500,,,,,2.01999998092651370,,,,,,,,,,,,,,,,,,,,,,,,,,,,,,,,,,,,,,,,,,,,,,,,,,,,,,,,,,,,,,,,,,,,,,,,,,,,,,,,,,,,,,,,,,,,,,,,,,,,,,,,,,,,,,,,,,,,,,,,,,,,,,,,,,,,,,,,,,,,,1.9793631691862108,1.3537000326523911,1.0877528830427057,3.034182114372806,,,,-0.1276196343115174,,,,,,,,2.0189955862061586,2.0189955862061586,2.766260445240534,2.766260445240534,3.2284145968019398,3.2284145968019398,3.2275548712929076,3.2275548712929076,,,,,0.17246922285937868,,-0.5016699849327146,-0.5016699849327146,-0.3847299207780612,-0.3847299207780612,32.24833000005812,32.24833000005812,,1.9329999923706054,1.9329999923706054,3.0031905060722712,3.0031905060722712,3.5902698531983392,3.5902698531983392,1.9066944471190845,1.9066944471190845,3.5249400186538695,2.1583600033819677,1,526209.9950313568,210869.22987302145,,,,,,,
2025-04-22,,,,,,,2.14000010490417500,2.29900002479553220,1.88399994373321530,2.17000007629394530,109800,,,,,2.17000007629394530,,,,,,,,,,,,,,,,,,,,,,,,,,,,,,,,,,,,,,,,,,,,,,,,,,,,,,,,,,,,,,,,,,,,,,,,,,,,,,,,,,,,,,,,,,,,,,,,,,,,,,,,,,,,,,,,,,,,,,,,,,,,,,,,,,,,,,,,,,,,,1.7811640213473607,1.3942664431040275,1.0995071767141489,3.0349509958568106,,,,-0.07758983157334537,,,,,,,,2.0693304162354207,2.0693304162354207,2.7120549571544807,2.7120549571544807,3.195339143036065,3.195339143036065,3.219194754336394,3.219194754336394,,,,,0.07162970074007438,,-0.48306050432498715,-0.48306050432498715,-0.40439603748744635,-0.40439603748744635,36.00332826687563,36.00332826687563,,1.9550000190734864,1.9550000190734864,2.914619071143014,2.914619071143014,3.562809535435268,3.562809535435268,1.911813495059808,1.911813495059808,3.486940016746521,2.165105003863573,1,238266.0083770752,209494.5632132273,,,,,,,
2025-04-23,,,,,,,2.32999992370605470,2.35999989509582500,2.20000004768371600,2.35999989509582500,71000,,,,,2.35999989509582500,,,,,,,,,,,,,,,,,,,,,,,,,,,,,,,,,,,,,,,,,,,,,,,,,,,,,,,,,,,,,,,,,,,,,,,,,,,,,,,,,,,,,,,,,,,,,,,,,,,,,,,,,,,,,,,,,,,,,,,,,,,,,,,,,,,,,,,,,,,,,1.7785579142488903,1.4480429296693518,1.0974690669114213,3.0360079898969663,,,,-0.016093748056284624,,,,,,,,2.1662202425222223,2.1662202425222223,2.680049951512785,2.680049951512785,3.1692347915379324,3.1692347915379324,3.2124027001131483,3.2124027001131483,,,,,0.0839343718757284,,-0.447818783211376,-0.447818783211376,-0.4130805866322323,-0.4130805866322323,40.501558318275414,40.501558318275414,,2.030999994277954,2.030999994277954,2.837476208096459,2.837476208096459,3.544555565667531,3.544555565667531,1.9176507962365,1.9176507962365,3.4525400161743165,2.1727350033819675,1,167559.9925518036,206905.9599346585,,,,,,,
2025-04-24,,,,,,,2.43000006675720200,2.57999992370605470,2.30500006675720200,2.47099995613098140,42400,,,,,2.47099995613098140,,,,,,,,,,,,,,,,,,,,,,,,,,,,,,,,,,,,,,,,,,,,,,,,,,,,,,,,,,,,,,,,,,,,,,,,,,,,,,,,,,,,,,,,,,,,,,,,,,,,,,,,,,,,,,,,,,,,,,,,,,,,,,,,,,,,,,,,,,,,,1.6547200301476421,1.4634901936347668,1.0963677857345713,3.0361586701031134,,,,-0.019181674396212912,,,,,,,,2.2678134803918084,2.2678134803918084,2.6610454064780753,2.6610454064780753,3.1474149529314652,3.1474149529314652,3.2065418088563726,3.2065418088563726,,,,,0.045961334666328145,,-0.40624969447042725,-0.40624969447042725,-0.41171440819987126,-0.41171440819987126,43.02127502348826,43.02127502348826,,2.144199991226196,2.144199991226196,2.763238100778489,2.763238100778489,3.525126994602264,3.525126994602264,1.9238095261038295,1.9238095261038295,3.4211600160598756,2.1810850031673907,1,104770.39813995361,206035.26788741825,,,,,,,
2025-04-25,,,,,,,2.55900001525878900,2.57100009918212900,2.29999995231628400,2.42000007629394530,41600,,,,,2.42000007629394530,,,,,,,,,,,,,,,,,,,,,,,,,,,,,,,,,,,,,,,,,,,,,,,,,,,,,,,,,,,,,,,,,,,,,,,,,,,,,,,,,,,,,,,,,,,,,,,,,,,,,,,,,,,,,,,,,,,,,,,,,,,,,,,,,,,,,,,,,,,,,1.1091540071152237,1.4605422365972178,1.0962271015916898,3.0356893554349265,,,,-0.020992731214139318,,,,,,,,2.3185423456925207,2.3185423456925207,2.6391321946431545,2.6391321946431545,3.1246832380365426,3.1246832380365426,3.2003240876503454,3.2003240876503454,,,,,-0.020855337557906063,,-0.3731200604356535,-0.3731200604356535,-0.40399553864702775,-0.40399553864702775,42.138289377120174,42.138289377120174,,2.2881999969482423,2.2881999969482423,2.6860952490851995,2.6860952490851995,3.5062381085895358,3.5062381085895358,1.929960320038455,1.929960320038455,3.391560015678406,2.1891350035369395,1,100672.00317382812,203272.5855248315,,,,,,,
2025-04-28,,,,,,,2.40000009536743160,2.69000005722045900,2.40000009536743160,2.59999990463256840,27200,,,,,2.59999990463256840,,,,,,,,,,,,,,,,,,,,,,,,,,,,,,,,,,,,,,,,,,,,,,,,,,,,,,,,,,,,,,,,,,,,,,,,,,,,,,,,,,,,,,,,,,,,,,,,,,,,,,,,,,,,,,,,,,,,,,,,,,,,,,,,,,,,,,,,,,,,,0.6701131762885404,1.4976734820586322,1.0590416453098856,3.0364421453889094,,,,-0.011040592522469144,,,,,,,,2.4123615320058702,2.4123615320058702,2.635574713733101,2.635574713733101,3.1082868838676685,3.1082868838676685,3.19557844193479,3.19557844193479,,,,,0.07174383665263596,,-0.3285527533279984,-0.3285527533279984,-0.38890698158322184,-0.38890698158322184,46.32551062733449,46.32551062733449,,2.404199981689453,2.404199981689453,2.619428577877226,2.619428577877226,3.4806666790492953,3.4806666790492953,1.9368214308032914,1.9368214308032914,3.3615600156784056,2.198135003000498,1,70719.99740600586,166349.07468273526,,,,,,,
2025-04-29,,,,,,,2.45199990272521970,2.58500003814697270,2.43000006675720200,2.46000003814697270,15900,,,,,2.46000003814697270,,,,,,,,,,,,,,,,,,,,,,,,,,,,,,,,,,,,,,,,,,,,,,,,,,,,,,,,,,,,,,,,,,,,,,,,,,,,,,,,,,,,,,,,,,,,,,,,,,,,,,,,,,,,,,,,,,,,,,,,,,,,,,,,,,,,,,,,,,,,,0.9609135985611464,1.5023913433938085,1.0527990547277082,3.0370224539023933,,,,-0.016955256574874733,,,,,,,,2.4282410340529044,2.4282410340529044,2.6196133795889076,2.6196133795889076,3.088027919938897,3.088027919938897,3.189763592892989,3.189763592892989,,,,,-0.055350042896483494,,-0.3010592370706755,-0.3010592370706755,-0.37133743268071256,-0.37133743268071256,43.678000654059566,43.678000654059566,,2.4621999740600584,2.4621999740600584,2.551333336603074,2.551333336603074,3.4581269952985974,3.4581269952985974,1.9430912722434317,1.9430912722434317,3.320960021018982,2.2060350032150744,1,39114.000606536865,159320.788752465,,,,,,,
2025-04-30,,,,,,,2.52099990844726560,2.52099990844726560,2.19000005722045900,2.50999999046325700,19100,,,,,2.50999999046325700,,,,,,,,,,,,,,,,,,,,,,,,,,,,,,,,,,,,,,,,,,,,,,,,,,,,,,,,,,,,,,,,,,,,,,,,,,,,,,,,,,,,,,,,,,,,,,,,,,,,,,,,,,,,,,,,,,,,,,,,,,,,,,,,,,,,,,,,,,,,,0.8095855435510997,1.406682170488357,1.054129213801699,3.0370619745824823,,,,0.04969189869977016,,,,,,,,2.4554940195230217,2.4554940195230217,2.6096485260320303,2.6096485260320303,3.0699645471427828,3.0699645471427828,3.1843899675773386,3.1843899675773386,,,,,0.020121383893022503,,-0.27209925819915837,-0.27209925819915837,-0.35148979778440176,-0.35148979778440176,44.88937774559561,44.88937774559561,,2.492199993133545,2.492199993133545,2.5146666708446683,2.5146666708446683,3.4363809615846663,3.4363809615846663,1.9495595261927634,1.9495595261927634,3.2803600215911866,2.213435003310442,1,47940.999817848206,155475.02670893594,,,,,,,
2025-05-01,,,,,,,2.40000009536743160,2.69000005722045900,2.39000010490417500,2.55399990081787100,34100,,,,,2.55399990081787100,,,,,,,,,,,,,,,,,,,,,,,,,,,,,,,,,,,,,,,,,,,,,,,,,,,,,,,,,,,,,,,,,,,,,,,,,,,,,,,,,,,,,,,,,,,,,,,,,,,,,,,,,,,,,,,,,,,,,,,,,,,,,,,,,,,,,,,,,,,,,0.7585920144664241,1.4085917040861238,1.0540364836864795,3.0366582256050685,,,,0.0409066812361643,,,,,,,,2.4883293132879714,2.4883293132879714,2.6045895601034705,2.6045895601034705,3.0538406519451295,3.0538406519451295,3.1794066468914934,3.1794066468914934,,,,,0.01737796943211725,,-0.24279900545729793,-0.24279900545729793,-0.329751639318981,-0.329751639318981,45.99025849330724,45.99025849330724,,2.508799982070923,2.508799982070923,2.478666668846494,2.478666668846494,3.4172381030188665,3.4172381030188665,1.956003970215245,1.956003970215245,3.245840015411377,2.2218050028383733,1,87091.3966178894,152369.30285711138,,,,,,,
2025-05-02,,,,,,,2.48000001907348630,2.59999990463256840,2.35500001907348630,2.57100009918212900,55400,,,,,2.57100009918212900,,,,,,,,,,,,,,,,,,,,,,,,,,,,,,,,,,,,,,,,,,,,,,,,,,,,,,,,,,,,,,,,,,,,,,,,,,,,,,,,,,,,,,,,,,,,,,,,,,,,,,,,,,,,,,,,,,,,,,,,,,,,,,,,,,,,,,,,,,,,,0.7200174106969335,1.3983754531508439,1.0530823006141699,3.0012436156079585,,,,0.0616169430343799,,,,,,,,2.5158862419193575,2.5158862419193575,2.601535972746985,2.601535972746985,3.0387518846712855,3.0387518846712855,3.174597108964937,3.174597108964937,,,,,0.00663424808469878,,-0.21571988557114397,-0.21571988557114397,-0.30694528856941355,-0.30694528856941355,46.43547280706255,46.43547280706255,,2.5389999866485597,2.5389999866485597,2.437285718463716,2.437285718463716,3.4002063577137296,3.4002063577137296,1.9603333356125014,1.9603333356125014,3.2174600172042847,2.2303850032389163,1,142433.40549468994,150772.1378084213,,,,,,,
2025-05-05,,,,,,,2.58999991416931150,2.59999990463256840,2.50000000000000000,2.58999991416931150,44100,,,,,2.58999991416931150,,,,,,,,,,,,,,,,,,,,,,,,,,,,,,,,,,,,,,,,,,,,,,,,,,,,,,,,,,,,,,,,,,,,,,,,,,,,,,,,,,,,,,,,,,,,,,,,,,,,,,,,,,,,,,,,,,,,,,,,,,,,,,,,,,,,,,,,,,,,,0.4934997671837977,1.3777957834365324,1.0532178855362675,2.9983256096728836,,,,0.09399288065982055,,,,,,,,2.540590799336009,2.540590799336009,2.6004872401490147,2.6004872401490147,3.024728385593099,3.024728385593099,3.169975787266948,3.169975787266948,,,,,0.00736287571117473,,-0.19053004987137756,-0.19053004987137756,-0.2836622408298064,-0.2836622408298064,46.96169207568877,46.96169207568877,,2.536999988555908,2.536999988555908,2.409666663124448,2.409666663124448,3.3843333418407138,3.3843333418407138,1.9654523830801722,1.9654523830801722,3.1884600162506103,2.2390350027382375,1,114218.99621486664,150271.58224809737,,,,,,,
2025-05-06,,,,,,,2.64000010490417500,2.64000010490417500,2.42000007629394530,2.43000006675720200,18800,,,,,2.43000006675720200,,,,,,,,,,,,,,,,,,,,,,,,,,,,,,,,,,,,,,,,,,,,,,,,,,,,,,,,,,,,,,,,,,,,,,,,,,,,,,,,,,,,,,,,,,,,,,,,,,,,,,,,,,,,,,,,,,,,,,,,,,,,,,,,,,,,,,,,,,,,,0.5522613299583853,1.3147714465426663,1.0241150787341053,2.997108344428002,,,,0.0923049832651461,,,,,,,,2.50372722180974,2.50372722180974,2.5849884062043045,2.5849884062043045,3.0061431256294773,3.0061431256294773,3.1641261768281357,3.1641261768281357,,,,,-0.06376655774762746,,-0.18138666158253924,-0.18138666158253924,-0.2632071249803529,-0.2632071249803529,43.11999552379887,43.11999552379887,,2.530999994277954,2.530999994277954,2.3937142803555442,2.3937142803555442,3.3581428679208907,3.3581428679208907,1.9704523835153807,1.9704523835153807,3.1588600158691404,2.2469850032031538,1,45684.0012550354,147046.24900855715,,,,,,,
2025-05-07,,,,,,,2.40000009536743160,2.41000008583068850,2.21000003814697270,2.25000000000000000,32000,,,,,2.25000000000000000,,,,,,,,,,,,,,,,,,,,,,,,,,,,,,,,,,,,,,,,,,,,,,,,,,,,,,,,,,,,,,,,,,,,,,,,,,,,,,,,,,,,,,,,,,,,,,,,,,,,,,,,,,,,,,,,,,,,,,,,,,,,,,,,,,,,,,,,,,,,,0.7098321150712656,1.3241752626023338,1.0328217521468477,2.997937402894044,,,,0.0661870710493942,,,,,,,,2.419151481206493,2.419151481206493,2.5545349147311858,2.5545349147311858,2.982513652953556,2.982513652953556,3.156899882940166,3.156899882940166,,,,,-0.07696106860822761,,-0.18651493350117443,-0.18651493350117443,-0.24786868668451725,-0.24786868668451725,39.231741018494176,39.231741018494176,,2.4789999961853026,2.4789999961853026,2.36347618557158,2.36347618557158,3.3306825501578197,3.3306825501578197,1.9748968279787473,1.9748968279787473,3.12806001663208,2.2540850032866,1,72000,146748.72519213057,,,,,,,
2025-05-08,,,,,,,2.33999991416931150,2.38000011444091800,2.13000011444091800,2.33999991416931150,12000,,,,,2.33999991416931150,,,,,,,,,,,,,,,,,,,,,,,,,,,,,,,,,,,,,,,,,,,,,,,,,,,,,,,,,,,,,,,,,,,,,,,,,,,,,,,,,,,,,,,,,,,,,,,,,,,,,,,,,,,,,,,,,,,,,,,,,,,,,,,,,,,,,,,,,,,,,0.7974500480780211,1.2947225382815908,1.029621551687088,2.995929929359494,,,,0.0879560440822891,,,,,,,,2.3927676255274326,2.3927676255274326,2.5350317328619245,2.5350317328619245,2.9624350986165484,2.9624350986165484,3.1504421756771555,3.1504421756771555,,,,,0.03922067647349922,,-0.18122780372020353,-0.18122780372020353,-0.2345405100916545,-0.2345405100916545,42.04568758763097,42.04568758763097,,2.436199998855591,2.436199998855591,2.350619043622698,2.350619043622698,3.3011587422991555,3.3011587422991555,1.9801746054537712,1.9801746054537712,3.0970600128173826,2.2615450029075146,1,28079.99897003174,140294.43977484628,,,,,,,
2025-05-09,,,,,,,2.35999989509582500,2.53999996185302730,2.23000001907348630,2.47399997711181640,27900,,,,,2.47399997711181640,,,,,,,,,,,,,,,,,,,,,,,,,,,,,,,,,,,,,,,,,,,,,,,,,,,,,,,,,,,,,,,,,,,,,,,,,,,,,,,,,,,,,,,,,,,,,,,,,,,,,,,,,,,,,,,,,,,,,,,,,,,,,,,,,,,,,,,,,,,,,0.952030503430177,1.2520050179806865,1.0367218423911886,2.996050039347895,,,,0.09837443681116056,,,,,,,,2.4198450760555605,2.4198450760555605,2.5294833914300963,2.5294833914300963,2.9471715010695254,2.9471715010695254,3.1450948065185362,3.1450948065185362,,,,,0.055685372028979135,,-0.16433072774573665,-0.16433072774573665,-0.22049855362247092,-0.22049855362247092,46.05128886588808,46.05128886588808,,2.4167999744415285,2.4167999744415285,2.330333323705764,2.330333323705764,3.275825405877734,3.275825405877734,1.9857857167011215,1.9857857167011215,3.0735400104522705,2.269395002871752,1,69024.59936141968,137649.54436884986,,,,,,,
2025-05-12,,,,,,,2.51500010490417500,2.71799993515014650,2.46000003814697270,2.68000006675720200,32600,,,,,2.68000006675720200,,,,,,,,,,,,,,,,,,,,,,,,,,,,,,,,,,,,,,,,,,,,,,,,,,,,,,,,,,,,,,,,,,,,,,,,,,,,,,,,,,,,,,,,,,,,,,,,,,,,,,,,,,,,,,,,,,,,,,,,,,,,,,,,,,,,,,,,,,,,,1.1445020389407379,1.259488819556811,1.0513610101960738,2.9958948177028955,,,,0.13647172827178636,,,,,,,,2.506563406289441,2.506563406289441,2.5431667255507424,2.5431667255507424,2.9388223937472655,2.9388223937472655,3.1414181682595532,3.1414181682595532,,,,,0.0799805547133615,,-0.1327865074778387,-0.1327865074778387,-0.20295614439354448,-0.20295614439354448,51.590634223446294,51.590634223446294,,2.4348000049591065,2.4348000049591065,2.3302380925133113,2.3302380925133113,3.2536031859261647,3.2536031859261647,1.9925317486363745,1.9925317486363745,3.0571400117874146,2.2782450030744075,1,87368.00217628479,136562.43333854372,,,,,,,
2025-05-13,,,,,,,2.67000007629394530,3.08999991416931150,2.67000007629394530,2.81999993324279800,56000,,,,,2.81999993324279800,,,,,,,,,,,,,,,,,,,,,,,,,,,,,,,,,,,,,,,,,,,,,,,,,,,,,,,,,,,,,,,,,,,,,,,,,,,,,,,,,,,,,,,,,,,,,,,,,,,,,,,,,,,,,,,,,,,,,,,,,,,,,,,,,,,,,,,,,,,,,0.9760197809593197,1.1979745151667816,1.0576206850890466,2.996232122130098,,,,0.12269281947644661,,,,,,,,2.6110422486072267,2.6110422486072267,2.5683333807954747,2.5683333807954747,2.9351091918565007,2.9351091918565007,3.138877312646773,3.138877312646773,,,,,0.05092004184508653,,-0.09539105771949119,-0.09539105771949119,-0.18144312705873383,-0.18144312705873383,54.97426578984091,54.97426578984091,,2.5127999782562256,2.5127999782562256,2.3507142748151506,2.3507142748151506,3.2342381061069547,3.2342381061069547,1.9998690498963234,1.9998690498963234,3.0471400117874143,2.287845002859831,1,157919.9962615967,136433.48092313798,,,,,,,
2025-05-14,,,,,,,2.89000010490417500,2.98900008201599100,2.34999990463256840,2.88899993896484380,10500,,,,,2.88899993896484380,,,,,,,,,,,,,,,,,,,,,,,,,,,,,,,,,,,,,,,,,,,,,,,,,,,,,,,,,,,,,,,,,,,,,,,,,,,,,,,,,,,,,,,,,,,,,,,,,,,,,,,,,,,,,,,,,,,,,,,,,,,,,,,,,,,,,,,,,,,,,0.3287214855636357,1.0545680292836286,1.0575492798930457,2.9962936947279637,,,,0.18974824617360841,,,,,,,,2.7036948120597657,2.7036948120597657,2.597484886083599,2.597484886083599,2.9336682777036365,2.9336682777036365,3.136901997439801,3.136901997439801,,,,,0.024173539080101177,,-0.059501276880058906,-0.059501276880058906,-0.15705475702299884,-0.15705475702299884,56.58491340987643,56.58491340987643,,2.6405999660491943,2.6405999660491943,2.390190465109689,2.390190465109689,3.218190484576755,3.218190484576755,2.0074841289056673,2.0074841289056673,3.0399200105667115,2.2977900026738642,1,30334.49935913086,135094.98086846064,,,,,,,
2025-05-15,,,,,,,2.75000000000000000,2.97799992561340330,2.65000009536743160,2.74000000953674300,28900,,,,,2.74000000953674300,,,,,,,,,,,,,,,,,,,,,,,,,,,,,,,,,,,,,,,,,,,,,,,,,,,,,,,,,,,,,,,,,,,,,,,,,,,,,,,,,,,,,,,,,,,,,,,,,,,,,,,,,,,,,,,,,,,,,,,,,,,,,,,,,,,,,,,,,,,,,0.8132611779483171,1.0644173547208955,1.0559219842146075,2.9968405229478075,,,,0.1853523453650109,,,,,,,,2.7157965445520915,2.7157965445520915,2.6104408063975213,2.6104408063975213,2.927616144323421,2.927616144323421,3.1337644323180376,3.1337644323180376,,,,,-0.052952476476814406,,-0.0425904597450808,-0.0425904597450808,-0.13416189756741523,-0.13416189756741523,52.23922968622417,52.23922968622417,,2.7205999851226808,2.7205999851226808,2.4263809408460344,2.4263809408460344,3.1966031846545993,3.1966031846545993,2.014500001948031,2.014500001948031,3.0249200105667113,2.3069400025904176,1,79186.00027561188,134803.01265489488,,,,,,,
2025-05-16,,,,,,,2.66000008583068850,2.86199998855590800,2.41000008583068850,2.85700011253356930,10500,,,,,2.85700011253356930,,,,,,,,,,,,,,,,,,,,,,,,,,,,,,,,,,,,,,,,,,,,,,,,,,,,,,,,,,,,,,,,,,,,,,,,,,,,,,,,,,,,,,,,,,,,,,,,,,,,,,,,,,,,,,,,,,,,,,,,,,,,,,,,,,,,,,,,,,,,,0.7930499063704141,1.0492813407157238,1.0420233626038113,2.9966654684156304,,,,0.21237131020634906,,,,,,,,2.7628644005459173,2.7628644005459173,2.6328552887735257,2.6328552887735257,2.9254093933299883,2.9254093933299883,3.131576572082587,3.131576572082587,,,,,0.04181423875681194,,-0.019522541126817394,-0.019522541126817394,-0.11123402627929567,-0.11123402627929567,55.15186878792632,55.15186878792632,,2.797200012207031,2.797200012207031,2.471714280900501,2.471714280900501,3.1706825551532565,3.1706825551532565,2.022150795965914,2.022150795965914,3.0128600120544435,2.3165250031650064,1,29998.501181602478,128187.83049545591,,,,,,,
2025-05-19,,,,,,,2.84999990463256840,2.84999990463256840,2.45099997520446780,2.81999993324279800,20800,,,,,2.81999993324279800,,,,,,,,,,,,,,,,,,,,,,,,,,,,,,,,,,,,,,,,,,,,,,,,,,,,,,,,,,,,,,,,,,,,,,,,,,,,,,,,,,,,,,,,,,,,,,,,,,,,,,,,,,,,,,,,,,,,,,,,,,,,,,,,,,,,,,,,,,,,,0.6819092026111057,0.9405696286959834,1.0414225656600518,2.9967146822356434,,,,0.37376996980223604,,,,,,,,2.781909578111544,2.781909578111544,2.6498684382707323,2.6498684382707323,2.9221153477022637,2.9221153477022637,3.1291135156490713,3.1291135156490713,,,,,-0.013035301360098594,,-0.004178487667022335,-0.004178487667022335,-0.089822918556841,-0.089822918556841,54.02972027127993,54.02972027127993,,2.8251999855041503,2.8251999855041503,2.525047608784267,2.525047608784267,3.1433809673975386,3.1433809673975386,2.029650795672621,2.029650795672621,2.998860011100769,2.325865002721548,1,58655.9986114502,124297.83051392388,,,,,,,
2025-05-20,,,,,,,2.80999994277954100,2.95499992370605470,2.75000000000000000,2.92799997329711900,22400,,,,,2.92799997329711900,,,,,,,,,,,,,,,,,,,,,,,,,,,,,,,,,,,,,,,,,,,,,,,,,,,,,,,,,,,,,,,,,,,,,,,,,,,,,,,,,,,,,,,,,,,,,,,,,,,,,,,,,,,,,,,,,,,,,,,,,,,,,,,,,,,,,,,,,,,,,0.6367955208179527,0.7737423996807908,1.0399505594000662,2.9968949181408497,,,,0.3399965095057945,,,,,,,,2.830606376506736,2.830606376506736,2.675153123273131,2.675153123273131,2.9222992422521026,2.9222992422521026,3.1275236852747472,3.1275236852747472,,,,,0.037582725701973276,,0.016506212542757748,0.016506212542757748,-0.06855709233692125,-0.06855709233692125,56.79314436684734,56.79314436684734,,2.8467999935150146,2.8467999935150146,2.5682857036590576,2.5682857036590576,3.1219206461830744,3.1219206461830744,2.0375793669668454,2.0375793669668454,2.990220012664795,2.3358050025999546,1,65587.19940185547,122648.61132493094,,,,,,,
2025-05-21,,,,,,,2.90000009536743160,2.92000007629394530,2.75500011444091800,2.76999998092651370,8300,,,,,2.76999998092651370,,,,,,,,,,,,,,,,,,,,,,,,,,,,,,,,,,,,,,,,,,,,,,,,,,,,,,,,,,,,,,,,,,,,,,,,,,,,,,,,,,,,,,,,,,,,,,,,,,,,,,,,,,,,,,,,,,,,,,,,,,,,,,,,,,,,,,,,,,,,,0.7470338376386224,0.7872281440237666,1.0366782105647523,2.997447575255303,,,,0.3181119295778408,,,,,,,,2.8104042446466617,2.8104042446466617,2.683775564877984,2.683775564877984,2.917539890335678,2.917539890335678,3.1246974109320735,3.1246974109320735,,,,,-0.05547227366571679,,0.019920081263958167,0.019920081263958167,-0.05086165761674537,-0.05086165761674537,51.87970372615489,51.87970372615489,,2.8230000019073485,2.8230000019073485,2.59685712768918,2.59685712768918,3.1025555663638644,3.1025555663638644,2.0448015891606848,2.0448015891606848,2.9712200117111207,2.3449050025641918,1,22990.999841690063,116281.2144809299,,,,,,,
2025-05-22,,,,,,,2.79999995231628400,3.22000002861022950,2.79999995231628400,2.93000006675720200,46600,,,,,2.93000006675720200,,,,,,,,,,,,,,,,,,,,,,,,,,,,,,,,,,,,,,,,,,,,,,,,,,,,,,,,,,,,,,,,,,,,,,,,,,,,,,,,,,,,,,,,,,,,,,,,,,,,,,,,,,,,,,,,,,,,,,,,,,,,,,,,,,,,,,,,,,,,,0.7387357654323757,0.7605057513302305,1.0434668516339831,2.9977857231938563,,,,0.184706510839683,,,,,,,,2.8502695186835085,2.8502695186835085,2.7061596105033674,2.7061596105033674,2.917929270848851,2.917929270848851,3.123158301491956,3.123158301491956,,,,,0.056155132499491785,,0.03513129487231659,0.03513129487231659,-0.03366306711893297,-0.03366306711893297,56.028384810454895,56.028384810454895,,2.8610000133514406,2.8610000133514406,2.623999993006388,2.623999993006388,3.0849365204099626,3.0849365204099626,2.052738097333719,2.052738097333719,2.949820013046265,2.3548100028932093,1,136538.00311088562,116133.50026645357,,,,,,,
2025-05-23,,,,,,,2.99000000953674300,2.99000000953674300,2.64000010490417500,2.93000006675720200,19000,,,,,2.93000006675720200,,,,,,,,,,,,,,,,,,,,,,,,,,,,,,,,,,,,,,,,,,,,,,,,,,,,,,,,,,,,,,,,,,,,,,,,,,,,,,,,,,,,,,,,,,,,,,,,,,,,,,,,,,,,,,,,,,,,,,,,,,,,,,,,,,,,,,,,,,,,,0.6958414006764658,0.749944472260976,1.0419988995658676,2.997446693863839,,,,0.19844558044075095,,,,,,,,2.8768463680414063,2.8768463680414063,2.7265087428900796,2.7265087428900796,2.9183064832209866,2.9183064832209866,3.121631358924883,3.121631358924883,,,,,0,,0.04664855573502091,0.04664855573502091,-0.017600742548142197,-0.017600742548142197,56.028384810454895,56.028384810454895,,2.875600004196167,2.875600004196167,2.6458571411314464,2.6458571411314464,3.069380964551653,3.069380964551653,2.0608214309054707,2.0608214309054707,2.9264200162887573,2.3649200032651425,1,55670.00126838684,114776.65896756308,,,,,,,
2025-05-27,,,,,,,2.94099998474121100,2.97000002861022950,2.85500001907348630,2.92000007629394530,8500,,,,,2.92000007629394530,,,,,,,,,,,,,,,,,,,,,,,,,,,,,,,,,,,,,,,,,,,,,,,,,,,,,,,,,,,,,,,,,,,,,,,,,,,,,,,,,,,,,,,,,,,,,,,,,,,,,,,,,,,,,,,,,,,,,,,,,,,,,,,,,,,,,,,,,,,,,0.6833354229357251,0.7438657545034508,1.0405976415044293,2.997412669327778,,,,0.22103167836414692,,,,,,,,2.891230937458919,2.891230937458919,2.744098864108613,2.744098864108613,2.9183594080045165,2.9183594080045165,3.1200374357420295,3.1200374357420295,,,,,-0.0034188034047502353,,0.0543427232032041,0.0543427232032041,-0.003212049397872939,-0.003212049397872939,55.68042185370854,55.68042185370854,,2.8956000328063967,2.8956000328063967,2.66966666494097,2.66966666494097,3.055571442558652,3.055571442558652,2.068789685174586,2.068789685174586,2.9024200201034547,2.3748450036346913,1,24820.000648498535,112451.4526560193,,,,,,,
2025-05-28,,,,,,,2.79999995231628400,2.99000000953674300,2.78999996185302730,2.85700011253356930,14300,,,,,2.85700011253356930,,,,,,,,,,,,,,,,,,,,,,,,,,,,,,,,,,,,,,,,,,,,,,,,,,,,,,,,,,,,,,,,,,,,,,,,,,,,,,,,,,,,,,,,,,,,,,,,,,,,,,,,,,,,,,,,,,,,,,,,,,,,,,,,,,,,,,,,,,,,,0.6447027219730376,0.7143598678897735,1.0393566940294752,2.9972721885443203,,,,0.1983705613449524,,,,,,,,2.8798206624838025,2.8798206624838025,2.7543626139654274,2.7543626139654274,2.91644193002105,2.91644193002105,3.1179580893135044,3.1179580893135044,,,,,-0.02181147977089952,,0.05472598866088818,0.05472598866088818,0.008375558213879286,0.008375558213879286,53.429146864602544,53.429146864602544,,2.8814000606536867,2.8814000606536867,2.681904770079113,2.681904770079113,3.039174617282928,3.039174617282928,2.07663095553243,2.07663095553243,2.872760019302368,2.384080004245043,1,40855.10160923004,111871.20026747386,,,,,,,
2025-05-29,,,,,,,2.88000011444091800,2.88000011444091800,2.75000000000000000,2.83699989318847660,11300,,,,,2.83699989318847660,,,,,,,,,,,,,,,,,,,,,,,,,,,,,,,,,,,,,,,,,,,,,,,,,,,,,,,,,,,,,,,,,,,,,,,,,,,,,,,,,,,,,,,,,,,,,,,,,,,,,,,,,,,,,,,,,,,,,,,,,,,,,,,,,,,,,,,,,,,,,0.47464107484073154,0.6822483265026562,1.0324867652374954,2.9971560369212638,,,,0.22553667297053379,,,,,,,,2.865547072718694,2.865547072718694,2.7618750938947954,2.7618750938947954,2.913959366370032,2.913959366370032,3.1157370759054013,3.1157370759054013,,,,,-0.007025044460102241,,0.05280715078213305,0.05280715078213305,0.01726187672753004,0.01726187672753004,52.70066082609185,52.70066082609185,,2.894800043106079,2.894800043106079,2.6998571441287087,2.6998571441287087,3.0262698521689764,3.0262698521689764,2.0844761931470464,2.0844761931470464,2.846900014877319,2.3933150036633015,1,32058.098793029785,110665.13829874614,,,,,,,
2025-05-30,,,,,,,2.79999995231628400,2.99000000953674300,2.68000006675720200,2.81999993324279800,23800,,,,,2.81999993324279800,,,,,,,,,,,,,,,,,,,,,,,,,,,,,,,,,,,,,,,,,,,,,,,,,,,,,,,,,,,,,,,,,,,,,,,,,,,,,,,,,,,,,,,,,,,,,,,,,,,,,,,,,,,,,,,,,,,,,,,,,,,,,,,,,,,,,,,,,,,,,0.1328280680787152,0.6818196609588381,1.0296133927068074,2.9969800030489977,,,,0.1861283665512584,,,,,,,,2.8503646928933954,2.8503646928933954,2.767159170199159,2.767159170199159,2.9110231340848056,2.9110231340848056,3.1133992328804005,3.1133992328804005,,,,,-0.006010256899996304,,0.04934587471869989,0.04934587471869989,0.02367867632576401,0.02367867632576401,52.05102480063834,52.05102480063834,,2.872800016403198,2.872800016403198,2.7146190461658297,2.7146190461658297,3.015476200315687,3.015476200315687,2.0921190500495928,2.0921190500495928,2.8211000108718873,2.402365003377199,1,67115.9984111786,110463.80494019341,,,,,,,
2025-06-02,,,,,,,2.75999999046325700,2.79999995231628400,2.65000009536743160,2.77999997138977050,9800,,,,,2.77999997138977050,,,,,,,,,,,,,,,,,,,,,,,,,,,,,,,,,,,,,,,,,,,,,,,,,,,,,,,,,,,,,,,,,,,,,,,,,,,,,,,,,,,,,,,,,,,,,,,,,,,,,,,,,,,,,,,,,,,,,,,,,,,,,,,,,,,,,,,,,,,,,0.11896851994587321,0.6837161315780691,1.0249783517058466,2.9970291626405676,,,,0.20273393573704515,,,,,,,,2.8269097857255203,2.8269097857255203,2.768326515761942,2.768326515761942,2.906928660250586,2.906928660250586,3.1107636655958895,3.1107636655958895,,,,,-0.01428594386615916,,0.042880822444614886,0.042880822444614886,0.027519105549534184,0.027519105549534184,50.47442389127245,50.47442389127245,,2.842799997329712,2.842799997329712,2.725380954288301,2.725380954288301,3.0069047723497664,3.0069047723497664,2.0995595262400686,2.0995595262400686,2.796900010108948,2.411465003341436,1,27243.99971961975,109715.80495947883,,,,,,,
2025-06-03,,,,,,,2.66000008583068850,2.73699998855590800,2.50999999046325700,2.56999993324279800,44000,,,,,2.56999993324279800,,,,,,,,,,,,,,,,,,,,,,,,,,,,,,,,,,,,,,,,,,,,,,,,,,,,,,,,,,,,,,,,,,,,,,,,,,,,,,,,,,,,,,,,,,,,,,,,,,,,,,,,,,,,,,,,,,,,,,,,,,,,,,,,,,,,,,,,,,,,,0.4811249295935714,0.7409184840782684,1.035513348540186,2.998152736965864,,,,0.0818139535773283,,,,,,,,2.7412731682312796,2.7412731682312796,2.75029682644202,2.75029682644202,2.8963996375315926,2.8963996375315926,3.106488853482426,3.106488853482426,,,,,-0.07854504447953309,,0.02057480041251525,0.02057480041251525,0.0261302445221304,0.0261302445221304,43.094399437680195,43.094399437680195,,2.7727999687194824,2.7727999687194824,2.725333327338809,2.725333327338809,2.996111120496477,2.996111120496477,2.106107144956551,2.106107144956551,2.7677000045776365,2.419715002924204,1,113079.9970626831,110592.47157952141,,,,,,,
2025-06-04,,,,,,,2.73000001907348630,2.73000001907348630,2.54999995231628400,2.64000010490417500,10900,,,,,2.64000010490417500,,,,,,,,,,,,,,,,,,,,,,,,,,,,,,,,,,,,,,,,,,,,,,,,,,,,,,,,,,,,,,,,,,,,,,,,,,,,,,,,,,,,,,,,,,,,,,,,,,,,,,,,,,,,,,,,,,,,,,,,,,,,,,,,,,,,,,,,,,,,,0.6113779766273754,0.7464295676985806,1.0262164158215803,2.9971844315601714,,,,0.012366817079848129,,,,,,,,2.707515480455578,2.707515480455578,2.740269851756761,2.740269851756761,2.8883871521369855,2.8883871521369855,3.1028011953908985,3.1028011953908985,,,,,0.02687308396309088,,0.008448160942546412,0.008448160942546412,0.0225938278062136,0.0225938278062136,45.932247638780915,45.932247638780915,,2.7293999671936033,2.7293999671936033,2.7277142888023738,2.7277142888023738,2.982619058518183,2.982619058518183,2.1126150818807736,2.1126150818807736,2.7409000062942503,2.4283100034296514,1,28776.00114345551,108916.45571882762,,,,,,,
2025-06-05,,,,,,,2.64000010490417500,2.69000005722045900,2.59200000762939450,2.67000007629394530,11300,,,,,2.67000007629394530,,,,,,,,,,,,,,,,,,,,,,,,,,,,,,,,,,,,,,,,,,,,,,,,,,,,,,,,,,,,,,,,,,,,,,,,,,,,,,,,,,,,,,,,,,,,,,,,,,,,,,,,,,,,,,,,,,,,,,,,,,,,,,,,,,,,,,,,,,,,,0.6410649070356391,0.7088220537848148,1.026658860011027,2.9961258204288534,,,,0.0641037566241528,,,,,,,,2.695010345735034,2.695010345735034,2.7338816903510508,2.7338816903510508,2.8815625560168905,2.8815625560168905,3.0993798426707646,3.0993798426707646,,,,,0.011299544092015012,,0.0012441173553732199,0.0012441173553732199,0.018323885716045523,0.018323885716045523,47.148703113796024,47.148703113796024,,2.696000003814697,2.696000003814697,2.739142860685076,2.739142860685076,2.9700793765840077,2.9700793765840077,2.1195317489050685,2.1195317489050685,2.7137000036239622,2.436960003823042,1,30171.000862121582,108390.31286428845,,,,,,,
2025-06-06,,,,,,,2.67000007629394530,2.81999993324279800,2.65499997138977050,2.81999993324279800,38400,,,,,2.81999993324279800,,,,,,,,,,,,,,,,,,,,,,,,,,,,,,,,,,,,,,,,,,,,,,,,,,,,,,,,,,,,,,,,,,,,,,,,,,,,,,,,,,,,,,,,,,,,,,,,,,,,,,,,,,,,,,,,,,,,,,,,,,,,,,,,,,,,,,,,,,,,,0.8020472718147996,0.6634540976989779,1.0325368609325931,2.996535449827788,,,,0.1863563244231927,,,,,,,,2.7366735415709553,2.7366735415709553,2.7417106215230276,2.7417106215230276,2.8796387240552,2.8796387240552,3.097171305837342,3.097171305837342,,,,,0.0546583602905863,,0.0075515462404829314,0.0075515462404829314,0.016169417820933004,0.016169417820933004,52.85961798828944,52.85961798828944,,2.696000003814697,2.696000003814697,2.766285714649019,2.766285714649019,2.9589682647160123,2.9589682647160123,2.1269920661099375,2.1269920661099375,2.6893000030517578,2.446260003596544,1,108287.99743652345,108399.45569000547,,,,,,,
2025-06-09,,,,,,,2.89000010490417500,2.89000010490417500,2.77999997138977050,2.84999990463256840,8000,,,,,2.84999990463256840,,,,,,,,,,,,,,,,,,,,,,,,,,,,,,,,,,,,,,,,,,,,,,,,,,,,,,,,,,,,,,,,,,,,,,,,,,,,,,,,,,,,,,,,,,,,,,,,,,,,,,,,,,,,,,,,,,,,,,,,,,,,,,,,,,,,,,,,,,,,,0.793526921855593,0.6553382638794613,1.0291815886155635,2.996503666100702,,,,0.17507396270934053,,,,,,,,2.774448995924826,2.774448995924826,2.7515551018057134,2.7515551018057134,2.878712510948243,2.878712510948243,3.095217381717146,3.095217381717146,,,,,0.010582099541046563,,0.014800366631813056,0.014800366631813056,0.015895607583109015,0.015895607583109015,53.931793833389435,53.931793833389435,,2.709999990463257,2.709999990463257,2.7905714284806025,2.7905714284806025,2.950873026772151,2.950873026772151,2.1346111133221597,2.1346111133221597,2.666300001144409,2.4557150031626223,1,22799.999237060547,105625.36053771064,,,,,,,
2025-06-10,,,,,,,2.84999990463256840,2.88000011444091800,2.79500007629394530,2.81999993324279800,3400,,,,,2.81999993324279800,,,,,,,,,,,,,,,,,,,,,,,,,,,,,,,,,,,,,,,,,,,,,,,,,,,,,,,,,,,,,,,,,,,,,,,,,,,,,,,,,,,,,,,,,,,,,,,,,,,,,,,,,,,,,,,,,,,,,,,,,,,,,,,,,,,,,,,,,,,,,0.38377438399206465,0.6362802235073354,1.0071550266300395,2.9964265511573434,,,,0.14518390851168583,,,,,,,,2.7896326416974837,2.7896326416974837,2.7577773592090846,2.7577773592090846,2.8768777428949477,2.8768777428949477,3.093041749713396,3.093041749713396,,,,,-0.010582099541046549,,0.017917816609519743,0.017917816609519743,0.01630004938839116,0.01630004938839116,52.64237769541368,52.64237769541368,,2.759999990463257,2.759999990463257,2.8070476168677923,2.8070476168677923,2.936587310972668,2.936587310972668,2.1421904780325436,2.1421904780325436,2.644899997711182,2.465040002912283,1,9587.999773025515,103580.97956483327,,,,,,,
2025-06-11,,,,,,,2.81999993324279800,2.99000000953674300,2.76500010490417500,2.99000000953674300,19800,,,,,2.99000000953674300,,,,,,,,,,,,,,,,,,,,,,,,,,,,,,,,,,,,,,,,,,,,,,,,,,,,,,,,,,,,,,,,,,,,,,,,,,,,,,,,,,,,,,,,,,,,,,,,,,,,,,,,,,,,,,,,,,,,,,,,,,,,,,,,,,,,,,,,,,,,,0.480576321265564,0.6087022861916912,1.0031791126581244,2.996792051179638,,,,0.1420453982630862,,,,,,,,2.85642176431057,2.85642176431057,2.7788885092388718,2.7788885092388718,2.880412813727504,2.880412813727504,3.0922271905025136,3.0922271905025136,,,,,0.05853652931488598,,0.03371733117835607,0.03371733117835607,0.019783505746384142,0.019783505746384142,58.67218749686271,58.67218749686271,,2.8299999713897703,2.8299999713897703,2.821809518904913,2.821809518904913,2.9205555650922985,2.9205555650922985,2.1505238114604874,2.1505238114604874,2.639099998474121,2.4753150029480455,1,59202.000188827515,99136.56686941783,,,,,,,
2025-06-12,,,,,,,2.99000000953674300,3.08500003814697270,2.89899992942810060,3.00000000000000000,27400,,,,,3.00000000000000000,,,,,,,,,,,,,,,,,,,,,,,,,,,,,,,,,,,,,,,,,,,,,,,,,,,,,,,,,,,,,,,,,,,,,,,,,,,,,,,,,,,,,,,,,,,,,,,,,,,,,,,,,,,,,,,,,,,,,,,,,,,,,,,,,,,,,,,,,,,,,0.497783333616232,0.5855598399666424,1.0015508668342108,2.996667421170771,,,,0.1983899917364852,,,,,,,,2.904281176207047,2.904281176207047,2.7989895538535197,2.7989895538535197,2.8841499132985193,2.8841499132985193,3.091498121802889,3.091498121802889,,,,,0.0033388980759683543,,0.0465093451803158,0.0465093451803158,0.025128673633170475,0.025128673633170475,59.00286328924129,59.00286328924129,,2.8959999561309813,2.8959999561309813,2.830380950655256,2.830380950655256,2.9030952491457502,2.9030952491457502,2.1587817478511067,2.1587817478511067,2.6328999996185303,2.485665002912283,1,82200,99439.10657526954,,,,,,,
2025-06-13,,,,,,,2.90000009536743160,2.97000002861022950,2.80999994277954100,2.86999988555908200,6900,,,,,2.86999988555908200,,,,,,,,,,,,,,,,,,,,,,,,,,,,,,,,,,,,,,,,,,,,,,,,,,,,,,,,,,,,,,,,,,,,,,,,,,,,,,,,,,,,,,,,,,,,,,,,,,,,,,,,,,,,,,,,,,,,,,,,,,,,,,,,,,,,,,,,,,,,,0.5919709454913762,0.6020931120026475,1.0044137045904302,2.9968430847229346,,,,0.1775317239818709,,,,,,,,2.8928540793243918,2.8928540793243918,2.8054450385540255,2.8054450385540255,2.883707724931662,2.883707724931662,3.089747147603333,3.089747147603333,,,,,-0.044300298771465095,,0.04563117784547854,0.04563117784547854,0.029229174475632086,0.029229174475632086,53.05925765059516,53.05925765059516,,2.905999946594238,2.905999946594238,2.8294761862073625,2.8294761862073625,2.88325397930448,2.88325397930448,2.1666388903108853,2.1666388903108853,2.6214999961853027,2.4953650023043155,1,19802.999210357666,98563.21770690737,,,,,,,
2025-06-16,,,,,,,2.80999994277954100,2.93499994277954100,2.80999994277954100,2.89000010490417500,24600,,,,,2.89000010490417500,,,,,,,,,,,,,,,,,,,,,,,,,,,,,,,,,,,,,,,,,,,,,,,,,,,,,,,,,,,,,,,,,,,,,,,,,,,,,,,,,,,,,,,,,,,,,,,,,,,,,,,,,,,,,,,,,,,,,,,,,,,,,,,,,,,,,,,,,,,,,0.5897943877767654,0.5710652279820253,0.9979025670013357,2.9968011564894192,,,,0.23058736768638521,,,,,,,,2.8919027545176528,2.8919027545176528,2.8131318627676754,2.8131318627676754,2.883904361805803,2.883904361805803,3.0881681195978063,3.0881681195978063,,,,,0.006944548526718014,,0.04601860067510888,0.04601860067510888,0.032587059715527444,0.032587059715527444,53.829831149060354,53.829831149060354,,2.9139999866485597,2.9139999866485597,2.836619047891526,2.836619047891526,2.8602381055317228,2.8602381055317228,2.174615081222284,2.174615081222284,2.6158999967575074,2.505185002833605,1,71094.00258064271,95282.80489444733,,,,,,,
2025-06-17,,,,,,,2.90000009536743160,2.90000009536743160,2.80999994277954100,2.81999993324279800,9600,,,,,2.81999993324279800,,,,,,,,,,,,,,,,,,,,,,,,,,,,,,,,,,,,,,,,,,,,,,,,,,,,,,,,,,,,,,,,,,,,,,,,,,,,,,,,,,,,,,,,,,,,,,,,,,,,,,,,,,,,,,,,,,,,,,,,,,,,,,,,,,,,,,,,,,,,,0.6173546563667873,0.5596990861219254,0.994751326840361,2.996890086174992,,,,0.18554278143036151,,,,,,,,2.8679351474260346,2.8679351474260346,2.8137562328108685,2.8137562328108685,2.881907348413209,2.881907348413209,3.0860482129863045,3.0860482129863045,,,,,-0.0245196771461073,,0.0402136493045373,0.0402136493045373,0.034112377633329416,0.034112377633329416,50.69320407558893,50.69320407558893,,2.9139999866485597,2.9139999866485597,2.8348571345919655,2.8348571345919655,2.8394444518619113,2.8394444518619113,2.182234128671033,2.182234128671033,2.6169999933242796,2.5147800023853777,1,27071.999359130863,94873.40803562649,,,,,,,
2025-06-18,,,,,,,2.91899991035461430,2.91899991035461430,2.75999999046325700,2.79999995231628400,9200,,,,,2.79999995231628400,,,,,,,,,,,,,,,,,,,,,,,,,,,,,,,,,,,,,,,,,,,,,,,,,,,,,,,,,,,,,,,,,,,,,,,,,,,,,,,,,,,,,,,,,,,,,,,,,,,,,,,,,,,,,,,,,,,,,,,,,,,,,,,,,,,,,,,,,,,,,0.3378394953470153,0.5584191410237441,0.9947505108650951,2.9967221247480604,,,,0.13232170095107001,,,,,,,,2.845290082389451,2.845290082389451,2.8125056618568154,2.8125056618568154,2.87934774228518,2.87934774228518,3.083786961913814,3.083786961913814,,,,,-0.007117461125995751,,0.03361189520177987,0.03361189520177987,0.034012281147019506,0.034012281147019506,49.800335986204836,49.800335986204836,,2.8759999752044676,2.8759999752044676,2.833904754547846,2.833904754547846,2.8186507981921,2.8186507981921,2.1896349221231444,2.1896349221231444,2.6152999925613405,2.524305002242327,1,25759.999561309814,94023.20163855478,,,,,,,
2025-06-20,,,,,,,2.76999998092651370,2.85100007057189940,2.70000004768371600,2.70000004768371600,11200,,,,,2.70000004768371600,,,,,,,,,,,,,,,,,,,,,,,,,,,,,,,,,,,,,,,,,,,,,,,,,,,,,,,,,,,,,,,,,,,,,,,,,,,,,,,,,,,,,,,,,,,,,,,,,,,,,,,,,,,,,,,,,,,,,,,,,,,,,,,,,,,,,,,,,,,,,0.33346406990117766,0.5538834945011681,0.9954893206946203,2.996770992307532,,,,0.06074780582145895,,,,,,,,2.796860070820873,2.796860070820873,2.8022778787501696,2.8022778787501696,2.8737431268288844,2.8737431268288844,3.080753073263774,3.080753073263774,,,,,-0.036367609480340825,,0.02007933882349766,0.02007933882349766,0.031225692682315138,0.031225692682315138,45.48639893399345,45.48639893399345,,2.815999984741211,2.815999984741211,2.823047615232922,2.823047615232922,2.7981746083214167,2.7981746083214167,2.196757938298914,2.196757938298914,2.6170999956130983,2.5333050025999544,1,30240.000534057617,93572.20164480663,,,,,,,
2025-06-23,,,,,,,2.67000007629394530,2.68000006675720200,2.54999995231628400,2.64100003242492680,7700,,,,,2.64100003242492680,,,,,,,,,,,,,,,,,,,,,,,,,,,,,,,,,,,,,,,,,,,,,,,,,,,,,,,,,,,,,,,,,,,,,,,,,,,,,,,,,,,,,,,,,,,,,,,,,,,,,,,,,,,,,,,,,,,,,,,,,,,,,,,,,,,,,,,,,,,,,0.26656943794737004,0.5260645012441644,0.9954377194349622,2.9968535150704807,,,,0.08783933127366252,,,,,,,,2.7449067246888905,2.7449067246888905,2.7876162563569657,2.7876162563569657,2.8664699051287608,2.8664699051287608,3.077276764640542,3.077276764640542,,,,,-0.02209414507840496,,0.004541530314757569,0.004541530314757569,0.025888860208803623,0.025888860208803623,43.11343375256751,43.11343375256751,,2.77020001411438,2.77020001411438,2.81690476054237,2.81690476054237,2.776126986458188,2.776126986458188,2.2036825414924395,2.2036825414924395,2.611919994354248,2.5420600028336047,1,20335.700249671936,92385.3396654129,,,,,,,
2025-06-24,,,,,,,2.59999990463256840,2.72799992561340330,2.50000000000000000,2.52999997138977050,6200,,,,,2.52999997138977050,,,,,,,,,,,,,,,,,,,,,,,,,,,,,,,,,,,,,,,,,,,,,,,,,,,,,,,,,,,,,,,,,,,,,,,,,,,,,,,,,,,,,,,,,,,,,,,,,,,,,,,,,,,,,,,,,,,,,,,,,,,,,,,,,,,,,,,,,,,,,0.21975553280037965,0.4986773382693963,0.9980160376359086,2.9968834296748463,,,,0.13927692028312474,,,,,,,,2.6732711402558507,2.6732711402558507,2.764196594087221,2.764196594087221,2.855955219699417,2.855955219699417,3.072950465879666,3.072950465879666,,,,,-0.042938354161476046,,-0.016538427434949377,-0.016538427434949377,0.017403402680053023,0.017403402680053023,38.99206200763656,38.99206200763656,,2.698199987411499,2.698199987411499,2.7978571369534446,2.7978571369534446,2.7531111126854304,2.7531111126854304,2.2103095254491247,2.2103095254491247,2.6088799953460695,2.5503100027143955,1,15685.999822616577,91699.33965811654,,,,,,,
2025-06-25,,,,,,,2.59500002861022950,2.59500002861022950,2.48000001907348630,2.49300003051757800,7700,,,,,2.49300003051757800,,,,,,,,,,,,,,,,,,,,,,,,,,,,,,,,,,,,,,,,,,,,,,,,,,,,,,,,,,,,,,,,,,,,,,,,,,,,,,,,,,,,,,,,,,,,,,,,,,,,,,,,,,,,,,,,,,,,,,,,,,,,,,,,,,,,,,,,,,,,,0.23599765092328326,0.49868693836286676,0.9973193004653933,2.9969437188859165,,,,0.08554756177784476,,,,,,,,2.613180770343093,2.613180770343093,2.739542361035435,2.739542361035435,2.844612870037485,2.844612870037485,3.0683658774578313,3.0683658774578313,,,,,-0.014732474648310064,,-0.03581715397583496,-0.03581715397583496,0.006759291348875427,0.006759291348875427,37.698417953381814,37.698417953381814,,2.632800006866455,2.632800006866455,2.7770476114182245,2.7770476114182245,2.72871428444272,2.72871428444272,2.2167738111955777,2.2167738111955777,2.6109399938583375,2.5584000028669833,1,19196.10023498535,90801.43642463381,,,,,,,
2025-06-26,,,,,,,2.46000003814697270,2.54999995231628400,2.46000003814697270,2.54999995231628400,7600,,,,,2.54999995231628400,,,,,,,,,,,,,,,,,,,,,,,,,,,,,,,,,,,,,,,,,,,,,,,,,,,,,,,,,,,,,,,,,,,,,,,,,,,,,,,,,,,,,,,,,,,,,,,,,,,,,,,,,,,,,,,,,,,,,,,,,,,,,,,,,,,,,,,,,,,,,0.40729270330455913,0.5095277114851708,0.998959086530125,2.9970001930147023,,,,0.10652580991448508,,,,,,,,2.59212049766749,2.59212049766749,2.722311232970058,2.722311232970058,2.8354062163586975,2.8354062163586975,3.0642681231088864,3.0642681231088864,,,,,0.022606523688110506,,-0.045966394353260664,-0.045966394353260664,-0.003785845791551791,-0.003785845791551791,40.94873491093152,40.94873491093152,,2.582800006866455,2.582800006866455,2.759428557895479,2.759428557895479,2.7050634906405495,2.7050634906405495,2.2234484142963846,2.2234484142963846,2.6207399940490723,2.5669000025093553,1,19379.99963760376,91006.45229286618,,,,,,,
2025-06-27,,,,,,,2.54999995231628400,2.79999995231628400,2.50200009346008300,2.52999997138977050,11400,,,,,2.52999997138977050,,,,,,,,,,,,,,,,,,,,,,,,,,,,,,,,,,,,,,,,,,,,,,,,,,,,,,,,,,,,,,,,,,,,,,,,,,,,,,,,,,,,,,,,,,,,,,,,,,,,,,,,,,,,,,,,,,,,,,,,,,,,,,,,,,,,,,,,,,,,,0.37867520397133986,0.5065124653990066,0.9989453614561445,2.9969181705653076,,,,0.09289002377642624,,,,,,,,2.5714136555749167,2.5714136555749167,2.7048283910082134,2.7048283910082134,2.8258622712034183,2.8258622712034183,3.060044659458933,3.060044659458933,,,,,-0.00787404903980047,,-0.05498968492967471,-0.05498968492967471,-0.014026613619176375,-0.014026613619176375,40.15709276473982,40.15709276473982,,2.548799991607666,2.548799991607666,2.743857122602917,2.743857122602917,2.6817301568530856,2.6817301568530856,2.230115080754908,2.230115080754908,2.631739993095398,2.5753000022470953,1,28841.999673843384,90200.76974800655,,,,,,,
2025-06-30,,,,,,,2.52999997138977050,2.76900005340576170,2.52999997138977050,2.61999988555908200,10000,,,,,2.61999988555908200,,,,,,,,,,,,,,,,,,,,,,,,,,,,,,,,,,,,,,,,,,,,,,,,,,,,,,,,,,,,,,,,,,,,,,,,,,,,,,,,,,,,,,,,,,,,,,,,,,,,,,,,,,,,,,,,,,,,,,,,,,,,,,,,,,,,,,,,,,,,,0.49203981409670944,0.5257321845685912,1.0015772866647668,2.9970713326838228,,,,0.07290797300149987,,,,,,,,2.5876090655696387,2.5876090655696387,2.697116708694656,2.697116708694656,2.8194290716520327,2.8194290716520327,3.0565660446454954,3.0565660446454954,,,,,0.03495498266222717,,-0.05425307117484435,-0.05425307117484435,-0.02207190513030997,-0.02207190513030997,45.283400945909506,45.283400945909506,,2.5445999622344972,2.5445999622344972,2.733523788906279,2.733523788906279,2.661571423212687,2.661571423212687,2.2371388897299767,2.2371388897299767,2.646039991378784,2.5840750016272067,1,26199.99885559082,89752.19827795785,,,,,,,
2025-07-01,,,,,,,2.59999990463256840,2.69799995422363300,2.55999994277954100,2.69799995422363300,6200,,,,,2.69799995422363300,,,,,,,,,,,,,,,,,,,,,,,,,,,,,,,,,,,,,,,,,,,,,,,,,,,,,,,,,,,,,,,,,,,,,,,,,,,,,,,,,,,,,,,,,,,,,,,,,,,,,,,,,,,,,,,,,,,,,,,,,,,,,,,,,,,,,,,,,,,,,0.3590151102104286,0.5379671242004584,0.9465854027130705,2.9967093628173553,,,,0.10650365670998656,,,,,,,,2.6244060284543034,2.6244060284543034,2.697197003742745,2.697197003742745,2.8156344117323955,2.8156344117323955,3.053731530096706,3.053731530096706,,,,,0.029336466725521038,,-0.046835455819046246,-0.046835455819046246,-0.027024615268057224,-0.027024615268057224,49.33423286430513,49.33423286430513,,2.5781999588012696,2.5781999588012696,2.7277142660958424,2.7277142660958424,2.6523333277021135,2.6523333277021135,2.2442738102778557,2.2442738102778557,2.6659999895095825,2.593150001317263,1,16727.599716186523,81687.55707627251,,,,,,,
2025-07-02,,,,,,,2.63000011444091800,2.76999998092651370,2.63000011444091800,2.69000005722045900,5700,,,,,2.69000005722045900,,,,,,,,,,,,,,,,,,,,,,,,,,,,,,,,,,,,,,,,,,,,,,,,,,,,,,,,,,,,,,,,,,,,,,,,,,,,,,,,,,,,,,,,,,,,,,,,,,,,,,,,,,,,,,,,,,,,,,,,,,,,,,,,,,,,,,,,,,,,,0.3081759270361769,0.5361641204776191,0.9462605891786733,2.9963928118015173,,,,0.08016560870009291,,,,,,,,2.6462707047096887,2.6462707047096887,2.6965427358770824,2.6965427358770824,2.811708338153897,2.811708338153897,3.050856182485036,3.050856182485036,,,,,-0.002969525933492343,,-0.041128364850294474,-0.041128364850294474,-0.029845365184504674,-0.029845365184504674,48.93409396498126,48.93409396498126,,2.6175999641418457,2.6175999641418457,2.723428555897304,2.723428555897304,2.6424920596773664,2.6424920596773664,2.25151587395914,2.25151587395914,2.6793999910354613,2.602120001465082,1,15333.000326156616,80155.0967946885,,,,,,,
2025-07-03,,,,,,,2.65000009536743160,2.67000007629394530,2.64000010490417500,2.64000010490417500,1900,,,,,2.64000010490417500,,,,,,,,,,,,,,,,,,,,,,,,,,,,,,,,,,,,,,,,,,,,,,,,,,,,,,,,,,,,,,,,,,,,,,,,,,,,,,,,,,,,,,,,,,,,,,,,,,,,,,,,,,,,,,,,,,,,,,,,,,,,,,,,,,,,,,,,,,,,,0.3777250460814936,0.4630232114631875,0.9429014629659637,2.996465602521082,,,,0.17080241905889354,,,,,,,,2.6441805047745173,2.6441805047745173,2.6914024966977275,2.6914024966977275,2.8063424558648435,2.8063424558648435,3.047608308353962,3.047608308353962,,,,,-0.01876225799063956,,-0.04017689815242553,-0.04017689815242553,-0.031911671778088846,-0.031911671778088846,46.40095402960742,46.40095402960742,,2.6355999946594237,2.6355999946594237,2.7267618974049888,2.7267618974049888,2.629793647735838,2.629793647735838,2.2585793663821523,2.2585793663821523,2.688799991607666,2.6108700020611284,1,5016.000199317933,79317.38249687922,,,,,,,
2025-07-07,,,,,,,2.67000007629394530,2.90000009536743160,2.67000007629394530,2.88000011444091800,18900,,,,,2.88000011444091800,,,,,,,,,,,,,,,,,,,,,,,,,,,,,,,,,,,,,,,,,,,,,,,,,,,,,,,,,,,,,,,,,,,,,,,,,,,,,,,,,,,,,,,,,,,,,,,,,,,,,,,,,,,,,,,,,,,,,,,,,,,,,,,,,,,,,,,,,,,,,0.6475830431753542,0.544588192454641,0.9468923563494935,2.9975470187839357,,,,0.2270908943472881,,,,,,,,2.722787041329984,2.722787041329984,2.708547734674381,2.708547734674381,2.8086442576953456,2.8086442576953456,3.046283342394175,3.046283342394175,,,,,0.08701137698962969,,-0.019828290740595556,-0.019828290740595556,-0.02949499557059019,-0.02949499557059019,57.71587099918508,57.71587099918508,,2.7056000232696533,2.7056000232696533,2.738190469287691,2.738190469287691,2.625190473738171,2.625190473738171,2.266515874791713,2.266515874791713,2.699199995994568,2.6209500025212766,1,54432.00216293335,79592.66823132832,,,,,,,
2025-07-08,,,,,,,2.88000011444091800,2.88000011444091800,2.64000010490417500,2.72000002861022950,5400,,,,,2.72000002861022950,,,,,,,,,,,,,,,,,,,,,,,,,,,,,,,,,,,,,,,,,,,,,,,,,,,,,,,,,,,,,,,,,,,,,,,,,,,,,,,,,,,,,,,,,,,,,,,,,,,,,,,,,,,,,,,,,,,,,,,,,,,,,,,,,,,,,,,,,,,,,0.8614360390005762,0.5834971207938738,0.9135193759211622,2.997268192153717,,,,0.19817532341611255,,,,,,,,2.721858037090066,2.721858037090066,2.7095888523049125,2.7095888523049125,2.805874125536436,2.805874125536436,3.0437040276607052,3.0437040276607052,,,,,-0.057158443057911,,-0.016423225789152784,-0.016423225789152784,-0.026880641614302706,-0.026880641614302706,50.11967445333989,50.11967445333989,,2.7256000518798826,2.7256000518798826,2.7405714193979898,2.7405714193979898,2.62447618681287,2.62447618681287,2.274051589270433,2.274051589270433,2.704179997444153,2.6304750026762487,1,14688.00015449524,77688.422120942,,,,,,,
2025-07-09,,,,,,,2.70000004768371600,2.84400010108947750,2.70000004768371600,2.73000001907348630,1900,,,,,2.73000001907348630,,,,,,,,,,,,,,,,,,,,,,,,,,,,,,,,,,,,,,,,,,,,,,,,,,,,,,,,,,,,,,,,,,,,,,,,,,,,,,,,,,,,,,,,,,,,,,,,,,,,,,,,,,,,,,,,,,,,,,,,,,,,,,,,,,,,,,,,,,,,,0.8394211636934703,0.5500644731302959,0.9094267015512218,2.997248185539437,,,,0.0449957549431886,,,,,,,,2.7245720310845396,2.7245720310845396,2.7114444129202377,2.7114444129202377,2.803503059709469,2.803503059709469,3.0412241540750355,3.0412241540750355,,,,,0.003669725357120675,,-0.012770560553327925,-0.012770560553327925,-0.02405862540210775,-0.02405862540210775,50.55766422887095,50.55766422887095,,2.7320000648498537,2.7320000648498537,2.7362857091994512,2.7362857091994512,2.6220158698066833,2.6220158698066833,2.2815753989039904,2.2815753989039904,2.7103799962997437,2.6396000029146673,1,5187.000036239624,76831.98561668396,,,,,,,
2025-07-10,,,,,,,2.66499996185302730,3.00000000000000000,2.66499996185302730,2.71000003814697270,22800,,,,,2.71000003814697270,,,,,,,,,,,,,,,,,,,,,,,,,,,,,,,,,,,,,,,,,,,,,,,,,,,,,,,,,,,,,,,,,,,,,,,,,,,,,,,,,,,,,,,,,,,,,,,,,,,,,,,,,,,,,,,,,,,,,,,,,,,,,,,,,,,,,,,,,,,,,0.8417475069662487,0.5485892137264102,0.8869018616294349,2.9969314641962455,,,,-0.04157786130780834,,,,,,,,2.7197147001053503,2.7197147001053503,2.711313106122668,2.711313106122668,2.800581090285641,2.800581090285641,3.038605781617106,3.038605781617106,,,,,-0.007352967215510279,,-0.011358692416225669,-0.011358692416225669,-0.021518638804931333,-0.021518638804931333,49.619239431475016,49.619239431475016,,2.7360000610351562,2.7360000610351562,2.7296190488906134,2.7296190488906134,2.623603173664638,2.623603173664638,2.2891507958845487,2.2891507958845487,2.712579998970032,2.6487500031292437,1,61788.00086975098,76971.74756905388,,,,,,,
2025-07-11,,,,,,,2.75999999046325700,2.88700008392334000,2.61999988555908200,2.74000000953674300,6500,,,,,2.74000000953674300,,,,,,,,,,,,,,,,,,,,,,,,,,,,,,,,,,,,,,,,,,,,,,,,,,,,,,,,,,,,,,,,,,,,,,,,,,,,,,,,,,,,,,,,,,,,,,,,,,,,,,,,,,,,,,,,,,,,,,,,,,,,,,,,,,,,,,,,,,,,,0.822965375992091,0.5496286962002402,0.8613079318107327,2.996931120483399,,,,-0.037765078995748914,,,,,,,,2.7264764699158146,2.7264764699158146,2.7139210064330386,2.7139210064330386,2.7986879315122377,2.7986879315122377,3.0362452616797118,3.0362452616797118,,,,,0.011009274912558846,,-0.0077299240222612475,-0.0077299240222612475,-0.018760895848397317,-0.018760895848397317,51.0858766140571,51.0858766140571,,2.75600004196167,2.75600004196167,2.7258095287141346,2.7258095287141346,2.6210634897625638,2.6210634897625638,2.296809526071662,2.296809526071662,2.718179998397827,2.6575000031292437,1,17810.00006198883,75730.79513897971,,,,,,,
2025-07-14,,,,,,,2.90000009536743160,3.28999996185302730,2.81999993324279800,2.89000010490417500,43300,,,,,2.89000010490417500,,,,,,,,,,,,,,,,,,,,,,,,,,,,,,,,,,,,,,,,,,,,,,,,,,,,,,,,,,,,,,,,,,,,,,,,,,,,,,,,,,,,,,,,,,,,,,,,,,,,,,,,,,,,,,,,,,,,,,,,,,,,,,,,,,,,,,,,,,,,,0.629708140163946,0.5426909683187053,0.8534770025127534,2.997271737489422,,,,-0.2333803802999314,,,,,,,,2.7809843482452683,2.7809843482452683,2.729928197203142,2.729928197203142,2.801541436930736,2.801541436930736,3.0350891734838576,3.0350891734838576,,,,,0.05329861454282075,,0.007167038013970117,0.007167038013970117,-0.01357530907592383,-0.01357530907592383,57.71425557614018,57.71425557614018,,2.758000040054321,2.758000040054321,2.721047628493536,2.721047628493536,2.6243650799705867,2.6243650799705867,2.305103177234294,2.305103177234294,2.7257800006866457,2.6672000037133694,1,125137.00454235078,76056.81113250671,,,,,,,
2025-07-15,,,,,,,2.98000001907348630,3.04999995231628400,2.60999989509582500,2.81999993324279800,25100,,,,,2.81999993324279800,,,,,,,,,,,,,,,,,,,,,,,,,,,,,,,,,,,,,,,,,,,,,,,,,,,,,,,,,,,,,,,,,,,,,,,,,,,,,,,,,,,,,,,,,,,,,,,,,,,,,,,,,,,,,,,,,,,,,,,,,,,,,,,,,,,,,,,,,,,,,0.4607697424163436,0.5480378357784627,0.8218609157671,2.9960457978070116,,,,-0.24953200309966422,,,,,,,,2.793989543244445,2.793989543244445,2.7381165368431106,2.7381165368431106,2.802118264940488,2.802118264940488,3.033388863284324,3.033388863284324,,,,,-0.0245196771461073,,0.013172712092002659,0.013172712092002659,-0.008225704842338533,-0.008225704842338533,54.03436138261311,54.03436138261311,,2.778000020980835,2.778000020980835,2.712476196743193,2.712476196743193,2.6311904740711998,2.6311904740711998,2.3128015896867193,2.3128015896867193,2.731100001335144,2.6771000035107138,1,70781.99832439424,74327.50939338926,,,,,,,
2025-07-16,,,,,,,2.82999992370605470,2.93000006675720200,2.75099992752075200,2.83999991416931150,11200,,,,,2.83999991416931150,,,,,,,,,,,,,,,,,,,,,,,,,,,,,,,,,,,,,,,,,,,,,,,,,,,,,,,,,,,,,,,,,,,,,,,,,,,,,,,,,,,,,,,,,,,,,,,,,,,,,,,,,,,,,,,,,,,,,,,,,,,,,,,,,,,,,,,,,,,,,0.4597502419327999,0.527710106552489,0.762256566895036,2.992118728370024,,,,-0.23876689031668347,,,,,,,,2.809326333552734,2.809326333552734,2.7473786620545835,2.7473786620545835,2.8033020664788886,2.8033020664788886,3.0318600968881575,3.0318600968881575,,,,,0.007067160673785375,,0.019323335992381896,0.019323335992381896,-0.0027158966753944467,-0.0027158966753944467,54.9187903413408,54.9187903413408,,2.8,2.8,2.7110476266770136,2.7110476266770136,2.643571425998022,2.643571425998022,2.3199841291421937,2.3199841291421937,2.7364799976348877,2.687350002974272,1,31807.99903869629,69702.0174571446,,,,,,,
2025-07-17,,,,,,,2.83999991416931150,2.88000011444091800,2.71000003814697270,2.88000011444091800,9900,,,,,2.88000011444091800,,,,,,,,,,,,,,,,,,,,,,,,,,,,,,,,,,,,,,,,,,,,,,,,,,,,,,,,,,,,,,,,,,,,,,,,,,,,,,,,,,,,,,,,,,,,,,,,,,,,,,,,,,,,,,,,,,,,,,,,,,,,,,,,,,,,,,,,,,,,,0.4396680292412057,0.5295225343221037,0.7569990318541189,2.9877412646877923,,,,-0.24084682807738184,,,,,,,,2.8328842605154616,2.8328842605154616,2.7594351577260685,2.7594351577260685,2.805698880477702,2.805698880477702,3.0306596227186144,3.0306596227186144,,,,,0.013986311933242724,,0.027112891081384483,0.027112891081384483,0.0032498608759613393,0.0032498608759613393,56.71272718224208,56.71272718224208,,2.834000015258789,2.834000015258789,2.710571436654954,2.710571436654954,2.6578571417975048,2.6578571417975048,2.3279206375517543,2.3279206375517543,2.74228000164032,2.6983300034701823,1,28512.001132965088,68325.44602893648,,,,,,,
2025-07-18,,,,,,,2.88299989700317400,2.88299989700317400,2.81500005722045900,2.83999991416931150,3400,,,,,2.83999991416931150,,,,,,,,,,,,,,,,,,,,,,,,,,,,,,,,,,,,,,,,,,,,,,,,,,,,,,,,,,,,,,,,,,,,,,,,,,,,,,,,,,,,,,,,,,,,,,,,,,,,,,,,,,,,,,,,,,,,,,,,,,,,,,,,,,,,,,,,,,,,,0.4779615641319774,0.5246530528887413,0.7526965715622771,2.9876109717090387,,,,-0.2190911952764066,,,,,,,,2.835256145066745,2.835256145066745,2.766759226493636,2.766759226493636,2.8067707877805645,2.8067707877805645,3.029152431346683,3.029152431346683,,,,,-0.0139863119332428,,0.029715940874960545,0.029715940874960545,0.00854307687576118,0.00854307687576118,54.38220580813461,54.38220580813461,,2.8539999961853026,2.8539999961853026,2.7115238166990734,2.7115238166990734,2.672698410730513,2.672698410730513,2.335797621262452,2.335797621262452,2.750479998588562,2.7090650029480456,1,9655.99970817566,66600.93017948998,,,,,,,
2025-07-21,,,,,,,2.78299999237060550,2.84800004959106450,2.77999997138977050,2.77999997138977050,6900,,,,,2.77999997138977050,,,,,,,,,,,,,,,,,,,,,,,,,,,,,,,,,,,,,,,,,,,,,,,,,,,,,,,,,,,,,,,,,,,,,,,,,,,,,,,,,,,,,,,,,,,,,,,,,,,,,,,,,,,,,,,,,,,,,,,,,,,,,,,,,,,,,,,,,,,,,0.2746304771171928,0.5294966481615586,0.7144230082891874,2.987724893094324,,,,-0.23135987645629816,,,,,,,,2.8168374205077535,2.8168374205077535,2.7679629305751026,2.7679629305751026,2.8059341997683522,2.8059341997683522,3.027182846682992,3.027182846682992,,,,,-0.02135310453994464,,0.026630403928824542,0.026630403928824542,0.012160542286373853,0.012160542286373853,50.99696006436564,50.99696006436564,,2.831999969482422,2.831999969482422,2.710571436654954,2.710571436654954,2.6898412666623552,2.6898412666623552,2.3434166687112006,2.3434166687112006,2.7610799980163576,2.719265002757311,1,19181.999802589417,63553.97770139906,,,,,,,
2025-07-22,,,,,,,2.84999990463256840,3.00000000000000000,2.73000001907348630,2.86500000953674300,20000,,,,,2.86500000953674300,,,,,,,,,,,,,,,,,,,,,,,,,,,,,,,,,,,,,,,,,,,,,,,,,,,,,,,,,,,,,,,,,,,,,,,,,,,,,,,,,,,,,,,,,,,,,,,,,,,,,,,,,,,,,,,,,,,,,,,,,,,,,,,,,,,,,,,,,,,,,0.33242470339364794,0.5225424550521613,0.6331759771277977,2.987698413081303,,,,-0.17614099071238742,,,,,,,,2.83289161685075,2.83289161685075,2.776784483207979,2.776784483207979,2.8077800063236147,2.8077800063236147,3.02590076891899,3.02590076891899,,,,,0.03011743608431295,,0.030690109889544903,0.030690109889544903,0.015866455807008063,0.015866455807008063,55.2471384578456,55.2471384578456,,2.840999984741211,2.840999984741211,2.718428577695574,2.718428577695574,2.7032539655291843,2.7032539655291843,2.3514523831388305,2.3514523831388305,2.771579999923706,2.730250002890825,1,57300.00019073486,56110.96191027808,,,,,,,
2025-07-23,,,,,,,2.85100007057189940,2.85100007057189940,2.59999990463256840,2.65000009536743160,13700,,,,,2.65000009536743160,,,,,,,,,,,,,,,,,,,,,,,,,,,,,,,,,,,,,,,,,,,,,,,,,,,,,,,,,,,,,,,,,,,,,,,,,,,,,,,,,,,,,,,,,,,,,,,,,,,,,,,,,,,,,,,,,,,,,,,,,,,,,,,,,,,,,,,,,,,,,0.6583925464690613,0.5879451484392334,0.6403862766461391,2.988801697203472,,,,-0.21791945840578786,,,,,,,,2.7719277763563106,2.7719277763563106,2.765258629767929,2.765258629767929,2.8028493841062336,2.8028493841062336,3.0229292220924955,3.0229292220924955,,,,,-0.0780086775095688,,0.016370056051650206,0.016370056051650206,0.015967175855936492,0.015967175855936492,44.68897503570198,44.68897503570198,,2.803000020980835,2.803000020980835,2.7188571521214078,2.7188571521214078,2.710873013450986,2.710873013450986,2.3586746058057226,2.3586746058057226,2.775100002288818,2.7400750033557415,1,36305.00130653381,52905.231639317106,,,,,,,
2025-07-24,,,,,,,2.76999998092651370,2.76999998092651370,2.66000008583068850,2.66000008583068850,6200,,,,,2.66000008583068850,,,,,,,,,,,,,,,,,,,,,,,,,,,,,,,,,,,,,,,,,,,,,,,,,,,,,,,,,,,,,,,,,,,,,,,,,,,,,,,,,,,,,,,,,,,,,,,,,,,,,,,,,,,,,,,,,,,,,,,,,,,,,,,,,,,,,,,,,,,,,0.6347451765763763,0.5666816768982808,0.6190075055388599,2.9887539298745742,,,,-0.2245599871957236,,,,,,,,2.7346185461811032,2.7346185461811032,2.75568967122818,2.75568967122818,2.798385343535123,2.798385343535123,3.020060217062758,3.020060217062758,,,,,0.0037664790749430688,,0.0057618073432270656,0.0057618073432270656,0.013926102153394607,0.013926102153394607,45.21341861865217,45.21341861865217,,2.7590000152587892,2.7590000152587892,2.7250476337614513,2.7250476337614513,2.715634921240428,2.715634921240428,2.365865082376533,2.365865082376533,2.774700002670288,2.750070003718138,1,16492.00053215027,50507.32700408451,,,,,,,
2025-07-25,,,,,,,2.66000008583068850,2.76200008392334000,2.50999999046325700,2.68000006675720200,22500,,,,,2.68000006675720200,,,,,,,,,,,,,,,,,,,,,,,,,,,,,,,,,,,,,,,,,,,,,,,,,,,,,,,,,,,,,,,,,,,,,,,,,,,,,,,,,,,,,,,,,,,,,,,,,,,,,,,,,,,,,,,,,,,,,,,,,,,,,,,,,,,,,,,,,,,,,0.6567405965920897,0.563442786358641,0.6126261623239437,2.988160344166407,,,,-0.1587643554124642,,,,,,,,2.716412386373136,2.716412386373136,2.748808798094455,2.748808798094455,2.794685803635813,2.794685803635813,3.017371994530698,3.017371994530698,,,,,0.007490664371385532,,-0.0010197201731454442,-0.0010197201731454442,0.010936937688086595,0.010936937688086595,46.30988688590775,46.30988688590775,,2.727000045776367,2.727000045776367,2.7339523973919095,2.7339523973919095,2.71895238331386,2.71895238331386,2.372912701751505,2.372912701751505,2.771900005340576,2.76022500410676,1,60300.00150203705,49801.44769237155,,,,,,,
2025-07-28,,,,,,,2.70000004768371600,2.71000003814697270,2.66000008583068850,2.66000008583068850,15300,,,,,2.66000008583068850,,,,,,,,,,,,,,,,,,,,,,,,,,,,,,,,,,,,,,,,,,,,,,,,,,,,,,,,,,,,,,,,,,,,,,,,,,,,,,,,,,,,,,,,,,,,,,,,,,,,,,,,,,,,,,,,,,,,,,,,,,,,,,,,,,,,,,,,,,,,,0.651117147330414,0.5601823626729772,0.611244217384288,2.9881827244455414,,,,-0.2395902855516291,,,,,,,,2.6976082861923203,2.6976082861923203,2.740735278797749,2.740735278797749,2.7904768749544027,2.7904768749544027,3.014546920153623,3.014546920153623,,,,,-0.00749066437138548,,-0.007916702088394345,-0.007916702088394345,0.007166209732790408,0.007166209732790408,45.33283103340858,45.33283103340858,,2.703000068664551,2.703000068664551,2.7391904989878335,2.7391904989878335,2.722761907274761,2.722761907274761,2.3798571464324754,2.3798571464324754,2.7673200082778933,2.770185004621744,0,40698.001313209534,48849.479408869665,,,,,,,
2025-07-29,,,,,,,2.61199998855590800,3.08999991416931150,2.52999997138977050,2.60999989509582500,54400,,,,,2.60999989509582500,,,,,,,,,,,,,,,,,,,,,,,,,,,,,,,,,,,,,,,,,,,,,,,,,,,,,,,,,,,,,,,,,,,,,,,,,,,,,,,,,,,,,,,,,,,,,,,,,,,,,,,,,,,,,,,,,,,,,,,,,,,,,,,,,,,,,,,,,,,,,0.5518488057193187,0.5639582093275359,0.5955990225743685,2.98823399744968,,,,-0.30159879251607263,,,,,,,,2.668405489160155,2.668405489160155,2.7288502439157556,2.7288502439157556,2.7848369693338224,2.7848369693338224,3.0113489199555374,3.0113489199555374,,,,,-0.01897597391935255,,-0.017218720774764495,-0.017218720774764495,0.0022892236312794276,0.0022892236312794276,42.89619212401338,42.89619212401338,,2.6520000457763673,2.6520000457763673,2.7430000191643122,2.7430000191643122,2.722920637282114,2.722920637282114,2.3866428603965137,2.3866428603965137,2.7647200059890746,2.780040004104376,0,141983.9942932129,49980.65396263486,,,,,,,
2025-07-30,,,,,,,2.65499997138977050,2.99000000953674300,2.57999992370605470,2.60999989509582500,118600,,,,,2.60999989509582500,,,,,,,,,,,,,,,,,,,,,,,,,,,,,,,,,,,,,,,,,,,,,,,,,,,,,,,,,,,,,,,,,,,,,,,,,,,,,,,,,,,,,,,,,,,,,,,,,,,,,,,,,,,,,,,,,,,,,,,,,,,,,,,,,,,,,,,,,,,,,0.16653643296057338,0.5506598285598158,0.5848597812008741,2.98823399744968,,,,-0.4588681225384262,,,,,,,,2.6489369578053785,2.6489369578053785,2.7180456667503075,2.7180456667503075,2.779373310763885,2.779373310763885,3.0081762003914294,3.0081762003914294,,,,,0,,-0.024310402414800425,-0.024310402414800425,-0.003030701577936543,-0.003030701577936543,42.89619212401338,42.89619212401338,,2.644000005722046,2.644000005722046,2.7425238291422525,2.7425238291422525,2.7253015873924133,2.7253015873924133,2.393428574360552,2.393428574360552,2.75978000164032,2.7901850037276743,0,309545.98755836487,54273.225184092444,,,,,,,
2025-07-31,,,,,,,2.66199994087219240,2.66199994087219240,2.53999996185302730,2.60999989509582500,9500,,,,,2.60999989509582500,,,,,,,,,,,,,,,,,,,,,,,,,,,,,,,,,,,,,,,,,,,,,,,,,,,,,,,,,,,,,,,,,,,,,,,,,,,,,,,,,,,,,,,,,,,,,,,,,,,,,,,,,,,,,,,,,,,,,,,,,,,,,,,,,,,,,,,,,,,,,0.1588026479224987,0.5401215891293228,0.5835605490240968,2.988229090118168,,,,-0.4666301276747455,,,,,,,,2.635957936902194,2.635957936902194,2.708223323872627,2.708223323872627,2.774080391524258,2.774080391524258,3.005028561614389,3.005028561614389,,,,,0,,-0.02958952162092876,-0.02958952162092876,-0.008342465586534986,-0.008342465586534986,42.89619212401338,42.89619212401338,,2.633999967575073,2.633999967575073,2.7383333501361666,2.7383333501361666,2.7268888874659463,2.7268888874659463,2.400174605586226,2.400174605586226,2.7555800008773805,2.8003350032866,0,24794.99900341034,53905.82834576804,,,,,,,
2025-08-01,,,,,,,2.52999997138977050,2.78999996185302730,2.46000003814697270,2.76999998092651370,59700,,,,,2.76999998092651370,,,,,,,,,,,,,,,,,,,,,,,,,,,,,,,,,,,,,,,,,,,,,,,,,,,,,,,,,,,,,,,,,,,,,,,,,,,,,,,,,,,,,,,,,,,,,,,,,,,,,,,,,,,,,,,,,,,,,,,,,,,,,,,,,,,,,,,,,,,,,0.4852709874241051,0.5799720152318144,0.5944549584714681,2.988608497141463,,,,-0.3021447908470542,,,,,,,,2.6806386182436337,2.6806386182436337,2.7138393836047987,2.7138393836047987,2.7739528786930787,2.7739528786930787,3.003170628170216,3.003170628170216,,,,,0.05949713217208115,,-0.020624841540991312,-0.020624841540991312,-0.010798940777426252,-0.010798940777426252,52.99413648286143,52.99413648286143,,2.6519999504089355,2.6519999504089355,2.7421428703126454,2.7421428703126454,2.7303174601660833,2.7303174601660833,2.4074365102819035,2.4074365102819035,2.7524200010299684,2.8116750033199787,0,165368.99886131287,55148.32996867952,,,,,,,
2025-08-04,,,,,,,2.68000006675720200,2.79999995231628400,2.55599999427795400,2.58999991416931150,14900,,,,,2.58999991416931150,,,,,,,,,,,,,,,,,,,,,,,,,,,,,,,,,,,,,,,,,,,,,,,,,,,,,,,,,,,,,,,,,,,,,,,,,,,,,,,,,,,,,,,,,,,,,,,,,,,,,,,,,,,,,,,,,,,,,,,,,,,,,,,,,,,,,,,,,,,,,0.721905420371046,0.6237866222696732,0.6098922064374014,2.9894504535568704,,,,-0.31218288056801247,,,,,,,,2.6504257168855263,2.6504257168855263,2.7025812500197546,2.7025812500197546,2.768204348551711,2.768204348551711,2.999904456518035,2.999904456518035,,,,,-0.06718947074132807,,-0.0277251705468462,-0.0277251705468462,-0.014184186731310241,-0.014184186731310241,43.64379370564844,43.64379370564844,,2.63799991607666,2.63799991607666,2.7397619088490806,2.7397619088490806,2.7306190445309593,2.7306190445309593,2.413936509854264,2.413936509854264,2.7488199996948244,2.8219800029695032,0,38590.99872112274,53500.03779767051,,,,,,,
2025-08-05,,,,,,,2.68499994277954100,2.73600006103515620,2.51999998092651370,2.53999996185302730,3400,,,,,2.53999996185302730,,,,,,,,,,,,,,,,,,,,,,,,,,,,,,,,,,,,,,,,,,,,,,,,,,,,,,,,,,,,,,,,,,,,,,,,,,,,,,,,,,,,,,,,,,,,,,,,,,,,,,,,,,,,,,,,,,,,,,,,,,,,,,,,,,,,,,,,,,,,,0.7225309794900016,0.5378231052766366,0.610959642706824,2.989496294294688,,,,-0.3611130380452074,,,,,,,,2.6136171318746935,2.6136171318746935,2.6878011329136884,2.6878011329136884,2.761072961467377,2.761072961467377,2.9962688478645565,2.9962688478645565,,,,,-0.019493776560231886,,-0.036960750202910564,-0.036960750202910564,-0.018739499425630305,-0.018739499425630305,41.45570164839883,41.45570164839883,,2.6239999294281007,2.6239999294281007,2.7235714253925143,2.7235714253925143,2.729825394494193,2.729825394494193,2.4202857160615543,2.4202857160615543,2.741019997596741,2.8326650027930738,0,8635.999870300293,51824.117220772634,,,,,,,
2025-08-06,,,,,,,2.53999996185302730,2.71199989318847660,2.53999996185302730,2.63000011444091800,6100,,,,,2.63000011444091800,,,,,,,,,,,,,,,,,,,,,,,,,,,,,,,,,,,,,,,,,,,,,,,,,,,,,,,,,,,,,,,,,,,,,,,,,,,,,,,,,,,,,,,,,,,,,,,,,,,,,,,,,,,,,,,,,,,,,,,,,,,,,,,,,,,,,,,,,,,,,0.7791095603348426,0.5216845262263038,0.6010769366101965,2.9896485744122714,,,,-0.3561971596427166,,,,,,,,2.619078126063435,2.619078126063435,2.682546494870709,2.682546494870709,2.7569769349978,2.7569769349978,2.993373442857255,2.993373442857255,,,,,0.034819823691377344,,-0.03659589872754054,-0.03659589872754054,-0.022310779286012352,-0.022310779286012352,46.6413848726192,46.6413848726192,,2.6279999732971193,2.6279999732971193,2.7192857151939753,2.7192857151939753,2.7329999984256803,2.7329999984256803,2.426952383229657,2.426952383229657,2.735019998550415,2.843515003323555,0,16043.0006980896,51353.625148440166,,,,,,,
2025-08-07,,,,,,,2.50000000000000000,2.69000005722045900,2.50000000000000000,2.69000005722045900,3300,,,,,2.69000005722045900,,,,,,,,,,,,,,,,,,,,,,,,,,,,,,,,,,,,,,,,,,,,,,,,,,,,,,,,,,,,,,,,,,,,,,,,,,,,,,,,,,,,,,,,,,,,,,,,,,,,,,,,,,,,,,,,,,,,,,,,,,,,,,,,,,,,,,,,,,,,,0.7926648382339725,0.5281523909506968,0.581061866665072,2.989701415547542,,,,-0.3459034520584225,,,,,,,,2.642718769782443,2.642718769782443,2.683224091447959,2.683224091447959,2.754883907567258,2.754883907567258,2.990975234275146,2.990975234275146,,,,,0.022557325181964363,,-0.031106678931346998,-0.031106678931346998,-0.024069959215079283,-0.024069959215079283,49.83176529538969,49.83176529538969,,2.644000005722046,2.644000005722046,2.717380955105736,2.717380955105736,2.7399841263180686,2.7399841263180686,2.433861113611668,2.433861113611668,2.730419998168945,2.854915003627539,0,8877.000188827515,50351.67277048504,,,,,,,
2025-08-08,,,,,,,2.69000005722045900,2.75000000000000000,2.50600004196167000,2.68000006675720200,10400,,,,,2.68000006675720200,,,,,,,,,,,,,,,,,,,,,,,,,,,,,,,,,,,,,,,,,,,,,,,,,,,,,,,,,,,,,,,,,,,,,,,,,,,,,,,,,,,,,,,,,,,,,,,,,,,,,,,,,,,,,,,,,,,,,,,,,,,,,,,,,,,,,,,,,,,,,0.6355433005857467,0.5277261241304406,0.5764613907827755,2.989318980701933,,,,-0.30968073846293137,,,,,,,,2.6551458687740292,2.6551458687740292,2.682930998294254,2.682930998294254,2.752543787541944,2.752543787541944,2.9885169325556364,2.9885169325556364,,,,,-0.003724395453124868,,-0.02724923612021435,-0.02724923612021435,-0.024705814596106296,-0.024705814596106296,49.302660484064624,49.302660484064624,,2.6260000228881837,2.6260000228881837,2.7159523850395564,2.7159523850395564,2.745380954136924,2.745380954136924,2.440892859938599,2.440892859938599,2.726879997253418,2.8662200039625167,0,27872.000694274902,50348.371210552395,,,,,,,
2025-08-11,,,,,,,2.64000010490417500,2.64000010490417500,2.47000002861022950,2.50999999046325700,29100,,,,,2.50999999046325700,,,,,,,,,,,,,,,,,,,,,,,,,,,,,,,,,,,,,,,,,,,,,,,,,,,,,,,,,,,,,,,,,,,,,,,,,,,,,,,,,,,,,,,,,,,,,,,,,,,,,,,,,,,,,,,,,,,,,,,,,,,,,,,,,,,,,,,,,,,,,0.6256331925984419,0.5714396552150546,0.5816649749807967,2.990026722776252,,,,-0.32559738498988466,,,,,,,,2.606763909337105,2.606763909337105,2.6672099975823453,2.6672099975823453,2.744964293883235,2.744964293883235,2.9847341899304003,2.9847341899304003,,,,,-0.0655340700879755,,-0.0374777501335708,-0.0374777501335708,-0.027260201703599198,-0.027260201703599198,41.278593535180995,41.278593535180995,,2.6100000381469726,2.6100000381469726,2.7050000031789145,2.7050000031789145,2.7459523829202803,2.7459523829202803,2.4471428598912937,2.4471428598912937,2.7203399991989134,2.8767400039732456,0,73040.99972248077,50412.123597235906,,,,,,,
2025-08-12,,,,,,,2.47000002861022950,2.50000000000000000,2.27999997138977050,2.28999996185302730,32200,,,,,2.28999996185302730,,,,,,,,,,,,,,,,,,,,,,,,,,,,,,,,,,,,,,,,,,,,,,,,,,,,,,,,,,,,,,,,,,,,,,,,,,,,,,,,,,,,,,,,,,,,,,,,,,,,,,,,,,,,,,,,,,,,,,,,,,,,,,,,,,,,,,,,,,,,,0.8801876061005602,0.6073670506308274,0.5873268767652416,2.990643060640615,,,,-0.33081967293287845,,,,,,,,2.5011759268424125,2.5011759268424125,2.6329181761524074,2.6329181761524074,2.730746658507291,2.730746658507291,2.9792422197479707,2.9792422197479707,,,,,-0.09173094843611175,,-0.06261430612851449,-0.06261430612851449,-0.034331022588582255,-0.034331022588582255,33.64680506461124,33.64680506461124,,2.5600000381469727,2.5600000381469727,2.6764285677955266,2.6764285677955266,2.7397619050646584,2.7397619050646584,2.452222224857126,2.452222224857126,2.7097399997711182,2.886205003708601,0,73737.99877166748,50195.774336845156,,,,,,,
2025-08-13,,,,,,,2.22000002861022950,2.49200010299682600,2.22000002861022950,2.30999994277954100,27600,,,,,2.30999994277954100,,,,,,,,,,,,,,,,,,,,,,,,,,,,,,,,,,,,,,,,,,,,,,,,,,,,,,,,,,,,,,,,,,,,,,,,,,,,,,,,,,,,,,,,,,,,,,,,,,,,,,,,,,,,,,,,,,,,,,,,,,,,,,,,,,,,,,,,,,,,,0.7913921531889261,0.6090036745342559,0.5777107088252874,2.9905567631963224,,,,-0.34622289161245523,,,,,,,,2.437450598821455,2.437450598821455,2.6035619731185102,2.6035619731185102,2.717598323640799,2.717598323640799,2.9739517669656115,2.9739517669656115,,,,,0.008695698854858828,,-0.07999919561043223,-0.07999919561043223,-0.04346465719295225,-0.04346465719295225,34.826484766267185,34.826484766267185,,2.4960000038146974,2.4960000038146974,2.6521428539639427,2.6521428539639427,2.7316666671207974,2.7316666671207974,2.4574603198303118,2.4574603198303118,2.7003399991989134,2.895765003412962,0,63755.99842071533,48701.107704450216,,,,,,,
2025-08-14,,,,,,,2.30999994277954100,2.42100000381469730,2.25000000000000000,2.25999999046325700,8000,,,,,2.25999999046325700,,,,,,,,,,,,,,,,,,,,,,,,,,,,,,,,,,,,,,,,,,,,,,,,,,,,,,,,,,,,,,,,,,,,,,,,,,,,,,,,,,,,,,,,,,,,,,,,,,,,,,,,,,,,,,,,,,,,,,,,,,,,,,,,,,,,,,,,,,,,,0.6739722134310302,0.6073356794739276,0.5761930765103207,2.9906161029970604,,,,-0.3632922696070248,,,,,,,,2.3783003960353892,2.3783003960353892,2.5723290656043964,2.5723290656043964,2.7032983757290006,2.7032983757290006,2.968307879404328,2.968307879404328,,,,,-0.021882690698543768,,-0.09669676395784377,-0.09669676395784377,-0.05411107854593055,-0.05411107854593055,33.23562880577563,33.23562880577563,,2.4099999904632567,2.4099999904632567,2.62452380997794,2.62452380997794,2.7216825409541054,2.7216825409541054,2.462420637290629,2.462420637290629,2.6941400003433227,2.9052850033342836,0,18079.999923706055,48506.59184039585,,,,,,,
2025-08-15,,,,,,,2.30999994277954100,2.33800005912780760,2.25000000000000000,2.25000000000000000,10900,,,,,2.25000000000000000,,,,,,,,,,,,,,,,,,,,,,,,,,,,,,,,,,,,,,,,,,,,,,,,,,,,,,,,,,,,,,,,,,,,,,,,,,,,,,,,,,,,,,,,,,,,,,,,,,,,,,,,,,,,,,,,,,,,,,,,,,,,,,,,,,,,,,,,,,,,,0.6719226232446455,0.601154202229135,0.5675094443022451,2.990135512840414,,,,-0.4062175116368357,,,,,,,,2.335533597356926,2.335533597356926,2.543026423276724,2.543026423276724,2.689132801487469,2.689132801487469,2.9626295562469815,2.9626295562469815,,,,,-0.004434592848067865,,-0.10947466701390685,-0.10947466701390685,-0.06518379623952582,-0.06518379623952582,32.91182063362061,32.91182063362061,,2.3239999771118165,2.3239999771118165,2.5945238045283725,2.5945238045283725,2.7139047630249507,2.7139047630249507,2.467539684994826,2.467539684994826,2.686339998245239,2.9147750033438204,0,24525,47638.95691538614,,,,,,,
2025-08-18,,,,,,,2.25999999046325700,2.41499996185302730,2.21499991416931150,2.34999990463256840,26200,,,,,2.34999990463256840,,,,,,,,,,,,,,,,,,,,,,,,,,,,,,,,,,,,,,,,,,,,,,,,,,,,,,,,,,,,,,,,,,,,,,,,,,,,,,,,,,,,,,,,,,,,,,,,,,,,,,,,,,,,,,,,,,,,,,,,,,,,,,,,,,,,,,,,,,,,,0.7941993746327167,0.6307064964539312,0.5680568150207445,2.9900462982909186,,,,-0.3674687508658919,,,,,,,,2.3403556997821404,2.3403556997821404,2.525478557945437,2.525478557945437,2.6785348984607538,2.6785348984607538,2.9577866340998322,2.9577866340998322,,,,,0.04348507135785213,,-0.11026106969951854,-0.11026106969951854,-0.07419925093152435,-0.07419925093152435,39.28245648561837,39.28245648561837,,2.2919999599456786,2.2919999599456786,2.5711904707409086,2.5711904707409086,2.705857140677316,2.705857140677316,2.47321428772476,2.47321428772476,2.6799399948120115,2.924175002872944,0,61569.99750137329,48140.09177760472,,,,,,,
2025-08-19,,,,,,,2.40000009536743160,2.40000009536743160,2.34999990463256840,2.34999990463256840,4100,,,,,2.34999990463256840,,,,,,,,,,,,,,,,,,,,,,,,,,,,,,,,,,,,,,,,,,,,,,,,,,,,,,,,,,,,,,,,,,,,,,,,,,,,,,,,,,,,,,,,,,,,,,,,,,,,,,,,,,,,,,,,,,,,,,,,,,,,,,,,,,,,,,,,,,,,,0.3832387302728862,0.6297816467885348,0.5677283936700811,2.9900474568322717,,,,-0.36389872970569137,,,,,,,,2.3435704347322828,2.3435704347322828,2.5095259530988128,2.5095259530988128,2.668268179903623,2.668268179903623,2.952981995922225,2.952981995922225,,,,,0,,-0.10962066075292354,-0.10962066075292354,-0.0812835328958042,-0.0812835328958042,39.28245648561837,39.28245648561837,,2.3039999485015867,2.3039999485015867,2.550714277085804,2.550714277085804,2.698396822762868,2.698396822762868,2.478884922251815,2.478884922251815,2.670539994239807,2.934095002412796,0,9634.99960899353,47361.98068232763,,,,,,,
2025-08-20,,,,,,,2.28999996185302730,2.33999991416931150,2.25000000000000000,2.33999991416931150,14000,,,,,2.33999991416931150,,,,,,,,,,,,,,,,,,,,,,,,,,,,,,,,,,,,,,,,,,,,,,,,,,,,,,,,,,,,,,,,,,,,,,,,,,,,,,,,,,,,,,,,,,,,,,,,,,,,,,,,,,,,,,,,,,,,,,,,,,,,,,,,,,,,,,,,,,,,,0.38676135963159664,0.6146405336933216,0.5617392835072346,2.9900109083666875,,,,-0.33978812447866447,,,,,,,,2.3423802612112925,2.3423802612112925,2.4941144950143124,2.4941144950143124,2.658009796599426,2.658009796599426,2.9481362877660757,2.9481362877660757,,,,,-0.004264394884352925,,-0.10866739758952182,-0.10866739758952182,-0.08676030583454772,-0.08676030583454772,38.854550822125915,38.854550822125915,,2.309999942779541,2.309999942779541,2.5257142725444974,2.5257142725444974,2.689063488490998,2.689063488490998,2.4844404774762334,2.4844404774762334,2.660339994430542,2.9436450019478797,0,32759.99879837036,46840.91400608184,,,,,,,
2025-08-21,,,,,,,2.25000000000000000,2.33999991416931150,2.25000000000000000,2.32999992370605470,9000,,,,,2.32999992370605470,,,,,,,,,,,,,,,,,,,,,,,,,,,,,,,,,,,,,,,,,,,,,,,,,,,,,,,,,,,,,,,,,,,,,,,,,,,,,,,,,,,,,,,,,,,,,,,,,,,,,,,,,,,,,,,,,,,,,,,,,,,,,,,,,,,,,,,,,,,,,0.33308593877945203,0.5621258147780248,0.5517517135364765,2.9899699327046627,,,,-0.3116776768653702,,,,,,,,2.3382534820428797,2.3382534820428797,2.4791949885317437,2.4791949885317437,2.647759488071508,2.647759488071508,2.9432498342952456,2.9432498342952456,,,,,-0.0042826578564018674,,-0.10747988412136644,-0.10747988412136644,-0.09090422149191146,-0.09090422149191146,38.40403408884291,38.40403408884291,,2.3239999294281004,2.3239999294281004,2.510476169132051,2.510476169132051,2.6820793605986095,2.6820793605986095,2.4898769851951372,2.4898769851951372,2.650539994239807,2.953150001615286,0,20969.999313354492,46808.83463261619,,,,,,,
2025-08-22,,,,,,,2.28299999237060550,2.38000011444091800,2.25999999046325700,2.33999991416931150,6500,,,,,2.33999991416931150,,,,,,,,,,,,,,,,,,,,,,,,,,,,,,,,,,,,,,,,,,,,,,,,,,,,,,,,,,,,,,,,,,,,,,,,,,,,,,,,,,,,,,,,,,,,,,,,,,,,,,,,,,,,,,,,,,,,,,,,,,,,,,,,,,,,,,,,,,,,,0.3212545574481703,0.562243128482335,0.5388469876831283,2.9899665195049483,,,,-0.29425920301191233,,,,,,,,2.338835626085024,2.338835626085024,2.4665408908624316,2.4665408908624316,2.638142001387064,2.638142001387064,2.9384810602231037,2.9384810602231037,,,,,0.004282657856401812,,-0.10452693405527169,-0.10452693405527169,-0.0936287640045835,-0.0936287640045835,39.1636894121243,39.1636894121243,,2.341999912261963,2.341999912261963,2.4952380657196045,2.4952380657196045,2.6727142788115,2.6727142788115,2.4953571436187576,2.4953571436187576,2.6375399923324583,2.9628450012207033,0,15209.999442100525,44882.99330454024,,,,,,,
2025-08-25,,,,,,,2.34999990463256840,2.40400004386901860,2.25000000000000000,2.26999998092651370,22700,,,,,2.26999998092651370,,,,,,,,,,,,,,,,,,,,,,,,,,,,,,,,,,,,,,,,,,,,,,,,,,,,,,,,,,,,,,,,,,,,,,,,,,,,,,,,,,,,,,,,,,,,,,,,,,,,,,,,,,,,,,,,,,,,,,,,,,,,,,,,,,,,,,,,,,,,,0.21552913641490193,0.5659937991209085,0.5414466960097949,2.9901491186069626,,,,-0.3448914252556794,,,,,,,,2.315890411032187,2.315890411032187,2.448673535413712,2.448673535413712,2.626637563247672,2.626637563247672,2.9331966248136445,2.9331966248136445,,,,,-0.030371069598933625,,-0.10660621931567382,-0.10660621931567382,-0.09622425506680157,-0.09622425506680157,35.83232580399655,35.83232580399655,,2.325999927520752,2.325999927520752,2.4757142521086193,2.4757142521086193,2.6622380869729176,2.6622380869729176,2.500575397577551,2.500575397577551,2.6229399919509886,2.972335001081228,0,51528.99956703186,44817.26311880445,,,,,,,
2025-08-26,,,,,,,2.24000000953674300,2.29500007629394530,2.24000000953674300,2.26999998092651370,4800,,,,,2.26999998092651370,,,,,,,,,,,,,,,,,,,,,,,,,,,,,,,,,,,,,,,,,,,,,,,,,,,,,,,,,,,,,,,,,,,,,,,,,,,,,,,,,,,,,,,,,,,,,,,,,,,,,,,,,,,,,,,,,,,,,,,,,,,,,,,,,,,,,,,,,,,,,0.21552913641490193,0.5666575692980226,0.5415060954997093,2.9900491999360743,,,,-0.3194076382937941,,,,,,,,2.3005936009969625,2.3005936009969625,2.4324304850057845,2.4324304850057845,2.6154926388001356,2.6154926388001356,2.9279539635971457,2.9279539635971457,,,,,0,,-0.1070204032739297,-0.1070204032739297,-0.09838348470822719,-0.09838348470822719,35.83232580399655,35.83232580399655,,2.309999942779541,2.309999942779541,2.4571428185417536,2.4571428185417536,2.6519206251416887,2.6519206251416887,2.5058730165400203,2.5058730165400203,2.6109399938583375,2.981615000963211,0,10895.999908447266,44596.24723404173,,,,,,,
2025-08-27,,,,,,,2.21000003814697270,2.24000000953674300,2.20000004768371600,2.21000003814697270,5300,,,,,2.21000003814697270,,,,,,,,,,,,,,,,,,,,,,,,,,,,,,,,,,,,,,,,,,,,,,,,,,,,,,,,,,,,,,,,,,,,,,,,,,,,,,,,,,,,,,,,,,,,,,,,,,,,,,,,,,,,,,,,,,,,,,,,,,,,,,,,,,,,,,,,,,,,,0.25389630086071535,0.5692821646591872,0.5422623537119886,2.9901898549431407,,,,-0.27126257366423057,,,,,,,,2.2703957467136324,2.2703957467136324,2.412209535291347,2.412209535291347,2.6028209950297243,2.6028209950297243,2.9222784384947724,2.9222784384947724,,,,,-0.026787290300159524,,-0.11091162086154194,-0.11091162086154194,-0.10088911193889015,-0.10088911193889015,33.038606682259925,33.038606682259925,,2.283999967575073,2.283999967575073,2.438095206306094,2.438095206306094,2.6416507826911078,2.6416507826911078,2.510952381742379,2.510952381742379,2.5973399925231933,2.9907450011372565,0,11713.000202178955,44133.67419583457,,,,,,,
2025-08-28,,,,,,,2.21000003814697270,2.28900003433227540,2.13000011444091800,2.16000008583068850,6600,,,,,2.16000008583068850,,,,,,,,,,,,,,,,,,,,,,,,,,,,,,,,,,,,,,,,,,,,,,,,,,,,,,,,,,,,,,,,,,,,,,,,,,,,,,,,,,,,,,,,,,,,,,,,,,,,,,,,,,,,,,,,,,,,,,,,,,,,,,,,,,,,,,,,,,,,,0.25523882530145886,0.5707872574132737,0.5435390777093985,2.9903038122279737,,,,-0.05887606621455154,,,,,,,,2.2335971930859846,2.2335971930859846,2.3892814035221965,2.3892814035221965,2.5889828416172547,2.5889828416172547,2.9162525226634357,2.9162525226634357,,,,,-0.022884271358232223,,-0.11668494569915788,-0.11668494569915788,-0.1040482786909437,-0.1040482786909437,30.878071476051435,30.878071476051435,,2.25,2.25,2.416666643960135,2.416666643960135,2.630904754002889,2.630904754002889,2.515833334435546,2.515833334435546,2.5841399955749513,2.999530001580715,0,14256.000566482544,43851.1012081116,,,,,,,
2025-08-29,,,,,,,2.20000004768371600,2.34999990463256840,2.10999989509582500,2.22000002861022950,35200,,,,,2.22000002861022950,,,,,,,,,,,,,,,,,,,,,,,,,,,,,,,,,,,,,,,,,,,,,,,,,,,,,,,,,,,,,,,,,,,,,,,,,,,,,,,,,,,,,,,,,,,,,,,,,,,,,,,,,,,,,,,,,,,,,,,,,,,,,,,,,,,,,,,,,,,,,0.3855971133939688,0.5839765031915835,0.5472133454350747,2.990390444238667,,,,-0.06717551142632863,,,,,,,,2.2290648049273996,2.2290648049273996,2.3738921876211085,2.3738921876211085,2.577452128710785,2.577452128710785,2.9107485503784303,2.9107485503784303,,,,,0.027398947339175996,,-0.1150921427069087,-0.1150921427069087,-0.1062570514941367,-0.1062570514941367,36.2643404567865,36.2643404567865,,2.2260000228881838,2.2260000228881838,2.3980952217465354,2.3980952217465354,2.6213809459928483,2.6213809459928483,2.520968255187784,2.520968255187784,2.5725399971008303,3.0086450016498567,0,78144.00100708008,44026.148868364,,,,,,,
2025-09-02,,,,,,,2.15000009536743160,2.25000000000000000,2.11999988555908200,2.16000008583068850,3600,,,,,2.16000008583068850,,,,,,,,,,,,,,,,,,,,,,,,,,,,,,,,,,,,,,,,,,,,,,,,,,,,,,,,,,,,,,,,,,,,,,,,,,,,,,,,,,,,,,,,,,,,,,,,,,,,,,,,,,,,,,,,,,,,,,,,,,,,,,,,,,,,,,,,,,,,,0.37643012509444346,0.5333645792842145,0.5488609086635847,2.9903907549663202,,,,-0.2701230071138237,,,,,,,,2.2060432318951624,2.2060432318951624,2.354447451094707,2.354447451094707,2.564406752370782,2.564406752370782,2.9048137799076974,2.9048137799076974,,,,,-0.027398947339176118,,-0.1173189489864841,-0.1173189489864841,-0.10846943099260617,-0.10846943099260617,33.456709038018865,33.456709038018865,,2.2040000438690184,2.2040000438690184,2.369047607694353,2.369047607694353,2.611539677968101,2.611539677968101,2.5259642871835877,2.5259642871835877,2.5617399978637696,3.0174800020456316,0,7776.0003089904785,43717.13300470322,,,,,,,
2025-09-03,,,,,,,2.16000008583068850,2.16000008583068850,2.14000010490417500,2.14000010490417500,2600,,,,,2.14000010490417500,,,,,,,,,,,,,,,,,,,,,,,,,,,,,,,,,,,,,,,,,,,,,,,,,,,,,,,,,,,,,,,,,,,,,,,,,,,,,,,,,,,,,,,,,,,,,,,,,,,,,,,,,,,,,,,,,,,,,,,,,,,,,,,,,,,,,,,,,,,,,0.36662918476110334,0.49391733973228336,0.5277025104467542,2.990400835465526,,,,-0.25235777491296474,,,,,,,,2.1840288562315,2.1840288562315,2.3349522378046585,2.3349522378046585,2.5511440446374505,2.5511440446374505,2.898767822002531,2.898767822002531,,,,,-0.009302383378101402,,-0.11932206977531523,-0.11932206977531523,-0.11063995874914799,-0.11063995874914799,32.55201522752842,32.55201522752842,,2.178000068664551,2.178000068664551,2.3476190453483943,2.3476190453483943,2.6047142838674877,2.6047142838674877,2.5309047638660385,2.5309047638660385,2.5517199993133546,3.0266750025749207,0,5564.0002727508545,42010.5298810535,,,,,,,
2025-09-04,,,,,,,2.24499988555908200,2.27300000190734860,2.17000007629394530,2.19000005722045900,4800,,,,,2.19000005722045900,,,,,,,,,,,,,,,,,,,,,,,,,,,,,,,,,,,,,,,,,,,,,,,,,,,,,,,,,,,,,,,,,,,,,,,,,,,,,,,,,,,,,,,,,,,,,,,,,,,,,,,,,,,,,,,,,,,,,,,,,,,,,,,,,,,,,,,,,,,,,0.4069350986132233,0.5045323055827131,0.5268895433433847,2.990464609543552,,,,-0.2516700484380962,,,,,,,,2.186019256561153,2.186019256561153,2.3217747668424584,2.3217747668424584,2.5398582950306694,2.5398582950306694,2.8931649147710523,2.8931649147710523,,,,,0.023095691902071138,,-0.11554307055301116,-0.11554307055301116,-0.11162058110992062,-0.11162058110992062,37.12913745803354,37.12913745803354,,2.174000072479248,2.174000072479248,2.330952383223034,2.330952383223034,2.5975714259677463,2.5975714259677463,2.536023811806762,2.536023811806762,2.5449200010299684,3.036050002872944,0,10512.000274658203,41720.625105358304,,,,,,,
2025-09-05,,,,,,,2.19000005722045900,2.19000005722045900,2.19000005722045900,2.19000005722045900,1600,,,,,2.19000005722045900,,,,,,,,,,,,,,,,,,,,,,,,,,,,,,,,,,,,,,,,,,,,,,,,,,,,,,,,,,,,,,,,,,,,,,,,,,,,,,,,,,,,,,,,,,,,,,,,,,,,,,,,,,,,,,,,,,,,,,,,,,,,,,,,,,,,,,,,,,,,,0.3622814229441777,0.4820310498301041,0.5261301445506827,2.9904303323392245,,,,,,,,,,,,2.187346190114255,2.187346190114255,2.309795247785913,2.309795247785913,2.5289252250991003,2.5289252250991003,2.887606299296344,2.887606299296344,,,,,0,,-0.11126558602780978,-0.11126558602780978,-0.11154958209349845,-0.11154958209349845,37.12913745803354,37.12913745803354,,2.180000066757202,2.180000066757202,2.3099999995458695,2.3099999995458695,2.589952378045945,2.589952378045945,2.5411825422493237,2.5411825422493237,2.538860001564026,3.0456600031256675,0,3504.0000915527344,41297.33937884134,,,,,,,
2025-09-08,,,,,,,2.17499995231628400,2.18000006675720200,2.16000008583068850,2.18000006675720200,3800,,,,,2.18000006675720200,,,,,,,,,,,,,,,,,,,,,,,,,,,,,,,,,,,,,,,,,,,,,,,,,,,,,,,,,,,,,,,,,,,,,,,,,,,,,,,,,,,,,,,,,,,,,,,,,,,,,,,,,,,,,,,,,,,,,,,,,,,,,,,,,,,,,,,,,,,,,0.2889721065473687,0.4688320591941088,0.5128489923925603,2.990404320184179,,,,,,,,,,,,2.1848974823285707,2.1848974823285707,2.297995685874212,2.297995685874212,2.518021313900916,2.518021313900916,2.882012574137932,2.882012574137932,,,,,-0.004576662532905611,,-0.10744401663872027,-0.10744401663872027,-0.11072846900254282,-0.11072846900254282,36.55375725141614,36.55375725141614,,2.1720000743865966,2.1720000743865966,2.2857142857142856,2.2857142857142856,2.579793650006491,2.579793650006491,2.5463412726918855,2.5463412726918855,2.5314600038528443,3.0553650034964086,0,8284.000253677368,39709.97434419299,,,,,,,
2025-09-09,,,,,,,2.18000006675720200,2.29999995231628400,2.14000010490417500,2.22000002861022950,6900,,,,,2.22000002861022950,,,,,,,,,,,,,,,,,,,,,,,,,,,,,,,,,,,,,,,,,,,,,,,,,,,,,,,,,,,,,,,,,,,,,,,,,,,,,,,,,,,,,,,,,,,,,,,,,,,,,,,,,,,,,,,,,,,,,,,,,,,,,,,,,,,,,,,,,,,,,0.22747493740856514,0.4785733654393983,0.5139565779856425,2.990425124842803,,,,,,,,,,,,2.1965983310891235,2.1965983310891235,2.2909051715774864,2.2909051715774864,2.508708148735582,2.508708148735582,2.876779273382772,2.876779273382772,,,,,0.018182301348111794,,-0.10003459618162847,-0.10003459618162847,-0.10858969443835995,-0.10858969443835995,40.52408076062153,40.52408076062153,,2.1840000629425047,2.1840000629425047,2.2638095219930015,2.2638095219930015,2.5697936519743902,2.5697936519743902,2.55167857439272,2.55167857439272,2.5252600049972536,3.065045003592968,0,15318.000197410583,39591.21245467474,,,,,,,
2025-09-10,,,,,,,2.26999998092651370,2.36999988555908200,2.12400007247924800,2.23000001907348630,41800,,,,,2.23000001907348630,,,,,,,,,,,,,,,,,,,,,,,,,,,,,,,,,,,,,,,,,,,,,,,,,,,,,,,,,,,,,,,,,,,,,,,,,,,,,,,,,,,,,,,,,,,,,,,,,,,,,,,,,,,,,,,,,,,,,,,,,,,,,,,,,,,,,,,,,,,,,0.18878904937922733,0.43365380862864655,0.5140521615749214,2.990245178522255,,,,,,,,,,,,2.2077322270839113,2.2077322270839113,2.285368339531668,2.285368339531668,2.4999985196836416,2.4999985196836416,2.8716663939020663,2.8716663939020663,,,,,0.004494385253481471,,-0.09229177924887111,-0.09229177924887111,-0.10533011140046218,-0.10533011140046218,41.50952002836286,41.50952002836286,,2.202000045776367,2.202000045776367,2.25047619002206,2.25047619002206,2.560428573971703,2.560428573971703,2.5571547648499884,2.5571547648499884,2.5174600076675415,3.074695003628731,0,93214.00079727173,40918.609296329436,,,,,,,
2025-09-11,,,,,,,2.50999999046325700,3.23499989509582500,2.07999992370605470,2.19000005722045900,12305500,,,,,2.19000005722045900,,,,,,,,,,,,,,,,,,,,,,,,,,,,,,,,,,,,,,,,,,,,,,,,,,,,,,,,,,,,,,,,,,,,,,,,,,,,,,,,,,,,,,,,,,,,,,,,,,,,,,,,,,,,,,,,,,,,,,,,,,,,,,,,,,,,,,,,,,,,,0.20990282136716254,0.30554550055864926,0.4989528268450312,2.9903232174591143,,,,,,,,,,,,2.201821503796094,2.201821503796094,2.276698495685195,2.276698495685195,2.490311067731667,2.490311067731667,2.866277727208931,2.866277727208931,,,,,-0.018100024068687628,,-0.08836459166591037,-0.08836459166591037,-0.10193700745355182,-0.10193700745355182,38.74423165063889,38.74423165063889,,2.202000045776367,2.202000045776367,2.2457142898014615,2.2457142898014615,2.5477301620301747,2.5477301620301747,2.5624722252999033,2.5624722252999033,2.5073000097274782,3.084255003929138,0,26949045.704126358,467741.5252318458,,,,,,,
2025-09-12,,,,,,,2.03999996185302730,2.09999990463256840,1.86000001430511470,1.91999995708465580,446100,,,,,1.91999995708465580,,,,,,,,,,,,,,,,,,,,,,,,,,,,,,,,,,,,,,,,,,,,,,,,,,,,,,,,,,,,,,,,,,,,,,,,,,,,,,,,,,,,,,,,,,,,,,,,,,,,,,,,,,,,,,,,,,,,,,,,,,,,,,,,,,,,,,,,,,,,,0.9573931632404213,0.5396474256019013,0.5591780707679379,2.993349740720273,,,,,,,,,,,,2.1078809882256144,2.1078809882256144,2.2442713558124185,2.2442713558124185,2.472488845523948,2.472488845523948,2.8587972705281066,2.8587972705281066,,,,,-0.13157640626852443,,-0.10581920093036867,-0.10581920093036867,-0.10271344614891519,-0.10271344614891519,26.10333765845445,26.10333765845445,,2.1480000257492065,2.1480000257492065,2.227142861911229,2.227142861911229,2.5305873042061213,2.5305873042061213,2.566658733028268,2.566658733028268,2.491900007724762,3.0925050036609174,0,856511.9808554649,480032.19159463095,,,,,,,
2025-09-15,,,,,,,1.97000002861022950,2.08999991416931150,1.88999998569488530,2.07999992370605470,173600,,,,,2.07999992370605470,,,,,,,,,,,,,,,,,,,,,,,,,,,,,,,,,,,,,,,,,,,,,,,,,,,,,,,,,,,,,,,,,,,,,,,,,,,,,,,,,,,,,,,,,,,,,,,,,,,,,,,,,,,,,,,,,,,,,,,,,,,,,,,,,,,,,,,,,,,,,1.2285217172613836,0.6183013548356127,0.580436869904156,2.9942874587739405,,,,,,,,,,,,2.098587300052428,2.098587300052428,2.229337589257294,2.229337589257294,2.460223566717139,2.460223566717139,2.852640769762715,2.852640769762715,,,,,0.08004269334549637,,-0.10552501767853206,-0.10552501767853206,-0.10327576045483856,-0.10327576045483856,38.838136663637016,38.838136663637016,,2.127999997138977,2.127999997138977,2.218571430160886,2.218571430160886,2.5180476222719466,2.5180476222719466,2.571408732661179,2.571408732661179,2.4807000041007994,3.101700003296137,0,361087.9867553711,485449.41361915495,,,,,,,
2025-09-16,,,,,,,2.04999995231628400,2.04999995231628400,1.92999994754791260,1.98000001907348630,90700,,,,,1.98000001907348630,,,,,,,,,,,,,,,,,,,,,,,,,,,,,,,,,,,,,,,,,,,,,,,,,,,,,,,,,,,,,,,,,,,,,,,,,,,,,,,,,,,,,,,,,,,,,,,,,,,,,,,,,,,,,,,,,,,,,,,,,,,,,,,,,,,,,,,,,,,,,1.2264708801651176,0.6379382521393886,0.5865483325322101,2.9947287237437124,,,,,,,,,,,,2.0590582063927805,2.0590582063927805,2.206670537422403,2.206670537422403,2.4452165808532746,2.4452165808532746,2.8457424239074642,2.8457424239074642,,,,,-0.04927100269392679,,-0.11206916829033453,-0.11206916829033453,-0.10503444202193776,-0.10503444202193776,34.801417117493855,34.801417117493855,,2.0799999952316286,2.0799999952316286,2.205714288212004,2.205714288212004,2.50360317646511,2.50360317646511,2.5757103199287066,2.5757103199287066,2.462700002193451,3.1104550033807756,0,179586.0017299652,487171.5088437474,,,,,,,
2025-09-17,,,,,,,1.95000004768371580,2.08999991416931150,1.95000004768371580,1.96000003814697270,83200,,,,,1.96000003814697270,,,,,,,,,,,,,,,,,,,,,,,,,,,,,,,,,,,,,,,,,,,,,,,,,,,,,,,,,,,,,,,,,,,,,,,,,,,,,,,,,,,,,,,,,,,,,,,,,,,,,,,,,,,,,,,,,,,,,,,,,,,,,,,,,,,,,,,,,,,,,1.2101735460238359,0.6119507697128911,0.5854075199700239,2.994742047359704,,,,,,,,,,,,2.026038816977511,2.026038816977511,2.184245946579182,2.184245946579182,2.430053563893703,2.430053563893703,2.838740507814496,2.838740507814496,,,,,-0.010152361634350938,,-0.11751465037303133,-0.11751465037303133,-0.10753048369215647,-0.10753048369215647,34.03939649872579,34.03939649872579,,2.0259999990463258,2.0259999990463258,2.1871428659984042,2.1871428659984042,2.489952384479462,2.489952384479462,2.5799563518828816,2.5799563518828816,2.447500002384186,3.1023050040006637,0,163072.00317382812,489330.2390630283,,,,,,,
2025-09-18,,,,,,,1.94000005722045900,2.06999993324279800,1.89999997615814200,2.05999994277954100,97900,,,,,2.05999994277954100,,,,,,,,,,,,,,,,,,,,,,,,,,,,,,,,,,,,,,,,,,,,,,,,,,,,,,,,,,,,,,,,,,,,,,,,,,,,,,,,,,,,,,,,,,,,,,,,,,,,,,,,,,,,,,,,,,,,,,,,,,,,,,,,,,,,,,,,,,,,,1.327613576523854,0.6442317010853446,0.5958371070322801,2.9949221673145234,,,,,,,,,,,,2.0373591922448546,2.0373591922448546,2.172950855324669,2.172950855324669,2.418489388233885,2.418489388233885,2.832584455916986,2.832584455916986,,,,,0.04976146231940062,,-0.1124646550497772,-0.1124646550497772,-0.10851731796368062,-0.10851731796368062,40.9961244446118,40.9961244446118,,1.9999999761581422,1.9999999761581422,2.1733333440054032,2.1733333440054032,2.4782063525820535,2.4782063525820535,2.584702383312914,2.584702383312914,2.4341000008583067,3.089355003237724,0,201673.99439811707,492122.5246953586,,,,,,,
2025-09-19,,,,,,,2.04399991035461430,2.08999991416931150,1.96200001239776610,1.99000000953674320,54400,,,,,1.99000000953674320,,,,,,,,,,,,,,,,,,,,,,,,,,,,,,,,,,,,,,,,,,,,,,,,,,,,,,,,,,,,,,,,,,,,,,,,,,,,,,,,,,,,,,,,,,,,,,,,,,,,,,,,,,,,,,,,,,,,,,,,,,,,,,,,,,,,,,,,,,,,,0.8821589089931394,0.6515546140908004,0.5954618842306189,2.9945232081688675,,,,,,,,,,,,2.0215727980088176,2.0215727980088176,2.1563189602530395,2.1563189602530395,2.4050990951495996,2.4050990951495996,2.8259237093052847,2.8259237093052847,,,,,-0.03457131149583322,,-0.11281049777543029,-0.11281049777543029,-0.10937595392603056,-0.10937595392603056,37.97672460280066,37.97672460280066,,2.0139999866485594,2.0139999866485594,2.1566666818800426,2.1566666818800426,2.466936510706705,2.466936510706705,2.5893650817729177,2.5893650817729177,2.4197000002861024,3.075855002999306,0,108256.00051879883,493360.87390146556,,,,,,,
2025-09-22,,,,,,,2.00999999046325700,2.16000008583068850,2.00000000000000000,2.09299993515014650,109200,,,,,2.09299993515014650,,,,,,,,,,,,,,,,,,,,,,,,,,,,,,,,,,,,,,,,,,,,,,,,,,,,,,,,,,,,,,,,,,,,,,,,,,,,,,,,,,,,,,,,,,,,,,,,,,,,,,,,,,,,,,,,,,,,,,,,,,,,,,,,,,,,,,,,,,,,,0.7420763163011251,0.6820739297010102,0.6045315277096273,2.9931730256016387,,,,,,,,,,,,2.045381843722594,2.045381843722594,2.1505626852436857,2.1505626852436857,2.395345996399617,2.395345996399617,2.8201298454779713,2.8201298454779713,,,,,0.050463768950964716,,-0.1035793491750816,-0.1035793491750816,-0.10821663297584076,-0.10821663297584076,44.458839752178676,44.458839752178676,,2.016599988937378,2.016599988937378,2.145380968139285,2.145380968139285,2.458238096464248,2.458238096464248,2.5940793673433955,2.5940793673433955,2.4067599987983703,3.0633200031518935,0,228555.592918396,496665.9515628739,,,,,,,
2025-09-23,,,,,,,2.10999989509582500,2.27999997138977050,2.07999992370605470,2.26999998092651370,98600,,,,,2.26999998092651370,,,,,,,,,,,,,,,,,,,,,,,,,,,,,,,,,,,,,,,,,,,,,,,,,,,,,,,,,,,,,,,,,,,,,,,,,,,,,,,,,,,,,,,,,,,,,,,,,,,,,,,,,,,,,,,,,,,,,,,,,,,,,,,,,,,,,,,,,,,,,0.7602802073854573,0.7445694760985813,0.6224806093774583,2.994016799083065,,,,,,,,,,,,2.1202545561239003,2.1202545561239003,2.1614206212148517,2.1614206212148517,2.391428933416082,2.391428933416082,2.81578099279377,2.81578099279377,,,,,0.08118141061119533,,-0.08104691457811697,-0.08104691457811697,-0.102782689296296,-0.102782689296296,53.460192442835336,53.460192442835336,,2.0745999813079834,2.0745999813079834,2.142047637984866,2.142047637984866,2.4541111124886408,2.4541111124886408,2.599595240302502,2.599595240302502,2.3943599963188174,3.0527200037240982,0,223821.99811935425,499969.69756758405,,,,,,,
2025-09-24,,,,,,,2.17000007629394530,2.21000003814697270,2.10999989509582500,2.14000010490417500,47500,,,,,2.14000010490417500,,,,,,,,,,,,,,,,,,,,,,,,,,,,,,,,,,,,,,,,,,,,,,,,,,,,,,,,,,,,,,,,,,,,,,,,,,,,,,,,,,,,,,,,,,,,,,,,,,,,,,,,,,,,,,,,,,,,,,,,,,,,,,,,,,,,,,,,,,,,,0.9637275565465742,0.7648856101618883,0.6324481773347808,2.9924756345906913,,,,,,,,,,,,2.1268364057173255,2.1268364057173255,2.1594733015502445,2.1594733015502445,2.383571782525085,2.383571782525085,2.8104388513875285,2.8104388513875285,,,,,-0.05897394503649303,,-0.07284004664691457,-0.07284004664691457,-0.09679416076641971,-0.09679416076641971,47.38589367507906,47.38589367507906,,2.110599994659424,2.110599994659424,2.135857167698088,2.135857167698088,2.448507939066206,2.448507939066206,2.604158732744436,2.604158732744436,2.3807599997520446,3.0447200042009355,0,101650.0049829483,501278.4897064406,,,,,,,
2025-09-25,,,,,,,2.18000006675720200,2.18000006675720200,1.92999994754791260,2.00999999046325700,105900,,,,,2.00999999046325700,,,,,,,,,,,,,,,,,,,,,,,,,,,,,,,,,,,,,,,,,,,,,,,,,,,,,,,,,,,,,,,,,,,,,,,,,,,,,,,,,,,,,,,,,,,,,,,,,,,,,,,,,,,,,,,,,,,,,,,,,,,,,,,,,,,,,,,,,,,,,1.053505361377747,0.7923048217516917,0.6416606475884481,2.9928708248717615,,,,,,,,,,,,2.0878909339659693,2.0878909339659693,2.145884818724155,2.145884818724155,2.371897664023153,2.371897664023153,2.804111271459273,2.804111271459273,,,,,-0.06267116072806526,,-0.0759504578625192,-0.0759504578625192,-0.09262542018563961,-0.09262542018563961,42.21974694294448,42.21974694294448,,2.100600004196167,2.100600004196167,2.1234762157712663,2.1234762157712663,2.4399365111002846,2.4399365111002846,2.6083650819602466,2.6083650819602466,2.3641600012779236,3.0387200039625166,0,212858.9989900589,504349.5849342573,,,,,,,
2025-09-26,,,,,,,2.00000000000000000,2.02999997138977050,1.85000002384185800,1.88600003719329830,86700,,,,,1.88600003719329830,,,,,,,,,,,,,,,,,,,,,,,,,,,,,,,,,,,,,,,,,,,,,,,,,,,,,,,,,,,,,,,,,,,,,,,,,,,,,,,,,,,,,,,,,,,,,,,,,,,,,,,,,,,,,,,,,,,,,,,,,,,,,,,,,,,,,,,,,,,,,1.1230886249734249,0.8146125008050898,0.6527193082838978,2.990948652381969,,,,,,,,,,,,2.020593968375079,2.020593968375079,2.1222589294940772,2.1222589294940772,2.35671336318472,2.35671336318472,2.7968534751409653,2.7968534751409653,,,,,-0.06367651339433969,,-0.08741359160724871,-0.08741359160724871,-0.09158305446996143,-0.09158305446996143,37.967731956004506,37.967731956004506,,2.079800009727478,2.079800009727478,2.1080476442972818,2.1080476442972818,2.429714289922563,2.429714289922563,2.6125158758627043,2.6125158758627043,2.3442799997329713,3.029400004148483,0,163516.20322465897,506487.2707049052,,,,,,,
2025-09-29,,,,,,,1.88999998569488530,2.00000000000000000,1.83000004291534420,1.95000004768371580,47900,,,,,1.95000004768371580,,,,,,,,,,,,,,,,,,,,,,,,,,,,,,,,,,,,,,,,,,,,,,,,,,,,,,,,,,,,,,,,,,,,,,,,,,,,,,,,,,,,,,,,,,,,,,,,,,,,,,,,,,,,,,,,,,,,,,,,,,,,,,,,,,,,,,,,,,,,,1.0696964474698292,0.8245181348465895,0.6523361571092835,2.990395364684165,,,,,,,,,,,,1.9970626614779579,1.9970626614779579,2.1065990311476805,2.1065990311476805,2.3440035720753136,2.3440035720753136,2.7901589816432795,2.7901589816432795,,,,,0.033371193096846254,,-0.09029309907061078,-0.09029309907061078,-0.0913250633900913,-0.0913250633900913,41.256133876649244,41.256133876649244,,2.051200032234192,2.051200032234192,2.0980476424807595,2.0980476424807595,2.419079371861049,2.419079371861049,2.6171190505699506,2.6171190505699506,2.3264800024032595,3.020250004529953,0,93405.00228404999,507554.0167910712,,,,,,,
2025-09-30,,,,,,,1.99000000953674320,1.99000000953674320,1.80999994277954100,1.95000004768371580,23800,,,,,1.95000004768371580,,,,,,,,,,,,,,,,,,,,,,,,,,,,,,,,,,,,,,,,,,,,,,,,,,,,,,,,,,,,,,,,,,,,,,,,,,,,,,,,,,,,,,,,,,,,,,,,,,,,,,,,,,,,,,,,,,,,,,,,,,,,,,,,,,,,,,,,,,,,,0.7079812084112774,0.816430085350459,0.6487456481939717,2.9867213023591286,,,,,,,,,,,,1.9813751235465438,1.9813751235465438,2.0923627599236836,2.0923627599236836,2.3316909619380763,2.3316909619380763,2.7835174090428083,2.7835174090428083,,,,,0,,-0.09152014225050253,-0.09152014225050253,-0.09136407916217355,-0.09136407916217355,41.256133876649244,41.256133876649244,,1.9872000455856322,1.9872000455856322,2.0851905005318776,2.0851905005318776,2.4072063574715266,2.4072063574715266,2.6221428602224304,2.6221428602224304,2.309880003929138,3.0107500052452085,0,46410.00113487244,508025.16601993924,,,,,,,
2025-10-01,,,,,,,1.86300003528594970,1.95000004768371580,1.86300003528594970,1.94000005722045900,29800,,,,,1.94000005722045900,,,,,,,,,,,,,,,,,,,,,,,,,,,,,,,,,,,,,,,,,,,,,,,,,,,,,,,,,,,,,,,,,,,,,,,,,,,,,,,,,,,,,,,,,,,,,,,,,,,,,,,,,,,,,,,,,,,,,,,,,,,,,,,,,,,,,,,,,,,,,0.6733589250238552,0.812772192194837,0.6487304699085207,2.9867222560236972,,,,,,,,,,,,1.9675834347711822,1.9675834347711822,2.0785116051324817,2.0785116051324817,2.3194506211656507,2.3194506211656507,2.776849287684529,2.776849287684529,,,,,-0.005141394458524434,,-0.09223625632013022,-0.09223625632013022,-0.09153851459376489,-0.09153851459376489,40.86358601483569,40.86358601483569,,1.9472000360488892,1.9472000360488892,2.0747143086932955,2.0747143086932955,2.3953015955667647,2.3953015955667647,2.6270912730741123,2.6270912730741123,2.2913800048828126,3.0030000054836274,0,57812.00170516968,508699.43588309817,,,,,,,
2025-10-02,,,,,,,1.92999994754791260,1.99000000953674320,1.91999995708465580,1.98000001907348630,46200,,,,,1.98000001907348630,,,,,,,,,,,,,,,,,,,,,,,,,,,,,,,,,,,,,,,,,,,,,,,,,,,,,,,,,,,,,,,,,,,,,,,,,,,,,,,,,,,,,,,,,,,,,,,,,,,,,,,,,,,,,,,,,,,,,,,,,,,,,,,,,,,,,,,,,,,,,0.5921671581127335,0.8173473698852173,0.6501279978903692,2.98612919258206,,,,,,,,,,,,1.9717222962052836,1.9717222962052836,2.0695560063998455,2.0695560063998455,2.3088427898502704,2.3088427898502704,2.770550083980094,2.770550083980094,,,,,0.02040885176919942,,-0.08855530877592077,-0.08855530877592077,-0.09094187343019607,-0.09094187343019607,43.19199002726833,43.19199002726833,,1.941200041770935,1.941200041770935,2.067095256987072,2.067095256987072,2.384825403728182,2.384825403728182,2.632011908032591,2.632011908032591,2.2779800033569337,2.996650005578995,0,91476.00088119507,510071.8168463026,,,,,,,
2025-10-03,,,,,,,1.97000002861022950,2.00000000000000000,1.92799997329711910,1.99000000953674320,29000,,,,,1.99000000953674320,,,,,,,,,,,,,,,,,,,,,,,,,,,,,,,,,,,,,,,,,,,,,,,,,,,,,,,,,,,,,,,,,,,,,,,,,,,,,,,,,,,,,,,,,,,,,,,,,,,,,,,,,,,,,,,,,,,,,,,,,,,,,,,,,,,,,,,,,,,,,0.2517172141562824,0.8122659398170698,0.6233143590771749,2.9842226943721535,,,,,,,,,,,,1.97781486731577,1.97781486731577,2.0623236430486545,2.0623236430486545,2.298878952965473,2.298878952965473,2.7643797276603834,2.7643797276603834,,,,,0.005037789189216557,,-0.08386447816984521,-0.08386447816984521,-0.08952639437812589,-0.08952639437812589,43.78786904733106,43.78786904733106,,1.962000036239624,1.962000036239624,2.0575714451926097,2.0575714451926097,2.3706984179360524,2.3706984179360524,2.637257939884587,2.637257939884587,2.264580001831055,2.990580005645752,0,57710.00027656555,510123.848562392,,,,,,,
2025-10-06,,,,,,,1.97000002861022950,2.03999996185302730,1.89999997615814200,1.99000000953674320,54600,,,,,1.99000000953674320,,,,,,,,,,,,,,,,,,,,,,,,,,,,,,,,,,,,,,,,,,,,,,,,,,,,,,,,,,,,,,,,,,,,,,,,,,,,,,,,,,,,,,,,,,,,,,,,,,,,,,,,,,,,,,,,,,,,,,,,,,,,,,,,,,,,,,,,,,,,,0.15591681904722687,0.8122659398170698,0.6146195533892224,2.9841526591104253,,,,-0.7107327676117049,,,,,,,,1.981876581389428,1.981876581389428,2.0557487672748445,2.0557487672748445,2.289226485983325,2.289226485983325,2.758258148860987,2.758258148860987,,,,,0,,-0.07923360543665359,-0.07923360543665359,-0.08746783658983143,-0.08746783658983143,43.78786904733106,43.78786904733106,,1.9700000286102295,1.9700000286102295,2.0480476333981468,2.0480476333981468,2.359111116045997,2.359111116045997,2.6424365113415416,2.6424365113415416,2.2507800006866456,2.9833300054073333,0,108654.00052070618,511615.37237772864,,,,,,,
2025-10-07,,,,,,,2.00000000000000000,2.02999997138977050,1.91999995708465580,2.00000000000000000,39500,,,,,2.00000000000000000,,,,,,,,,,,,,,,,,,,,,,,,,,,,,,,,,,,,,,,,,,,,,,,,,,,,,,,,,,,,,,,,,,,,,,,,,,,,,,,,,,,,,,,,,,,,,,,,,,,,,,,,,,,,,,,,,,,,,,,,,,,,,,,,,,,,,,,,,,,,,0.1516954346282328,0.8129424599589126,0.6147020505702935,2.983883878289359,,,,-0.7079131447761171,,,,,,,,1.9879177209262853,1.9879177209262853,2.0506806975225857,2.0506806975225857,2.280188158296346,2.280188158296346,2.7522640132968688,2.7522640132968688,,,,,0.005012537031210991,,-0.07390476168638171,-0.07390476168638171,-0.08475522160914148,-0.08475522160914148,44.46347979552655,44.46347979552655,,1.9800000190734863,1.9800000190734863,2.039476201647804,2.039476201647804,2.347523814155942,2.347523814155942,2.647750003352052,2.647750003352052,2.237579998970032,2.9760800051689147,0,79000,512787.00729778834,,,,,,,
2025-10-08,,,,,,,2.00000000000000000,2.02600002288818360,1.94000005722045900,1.95000004768371580,27900,,,,,1.95000004768371580,,,,,,,,,,,,,,,,,,,,,,,,,,,,,,,,,,,,,,,,,,,,,,,,,,,,,,,,,,,,,,,,,,,,,,,,,,,,,,,,,,,,,,,,,,,,,,,,,,,,,,,,,,,,,,,,,,,,,,,,,,,,,,,,,,,,,,,,,,,,,0.26357533186707705,0.8118821146380611,0.6160374038288132,2.983945554008833,,,,-0.7083793519488856,,,,,,,,1.9752784965120953,1.9752784965120953,2.0415279111735978,2.0415279111735978,2.2698697798397016,2.2698697798397016,2.745922005663563,2.745922005663563,,,,,-0.025317783531102575,,-0.07287612233249474,-0.07287612233249474,-0.08237940175381214,-0.08237940175381214,41.7608268675809,41.7608268675809,,1.9820000171661376,1.9820000171661376,2.0266190596989224,2.0266190596989224,2.3354603222438266,2.3354603222438266,2.652912701997492,2.652912701997492,2.2243800020217894,2.9665800058841705,0,54405.00133037567,512669.8168289094,,,,,,,
2025-10-09,,,,,,,1.96000003814697270,2.00000000000000000,1.90999996662139900,1.97000002861022950,21800,,,,,1.97000002861022950,,,,,,,,,,,,,,,,,,,,,,,,,,,,,,,,,,,,,,,,,,,,,,,,,,,,,,,,,,,,,,,,,,,,,,,,,,,,,,,,,,,,,,,,,,,,,,,,,,,,,,,,,,,,,,,,,,,,,,,,,,,,,,,,,,,,,,,,,,,,,0.223161438367779,0.8130676382593988,0.6159532704784695,2.9838501585914905,,,,-0.7084595010645697,,,,,,,,1.9735190072114734,1.9735190072114734,2.0350253763951094,2.0350253763951094,2.2604988501137804,2.2604988501137804,2.7397882350939717,2.7397882350939717,,,,,0.01020416024401339,,-0.06964427111428617,-0.06964427111428617,-0.07983237562590695,-0.07983237562590695,43.246836346833966,43.246836346833966,,1.9800000190734863,1.9800000190734863,2.0142381077721003,2.0142381077721003,2.323238100324358,2.323238100324358,2.658079368845811,2.658079368845811,2.2115800046920775,2.9583300065994265,0,42946.000623703,513068.8009648096,,,,,,,
2025-10-10,,,,,,,1.91999995708465580,1.98500001430511470,1.88399994373321530,1.95000004768371580,62300,,,,,1.95000004768371580,,,,,,,,,,,,,,,,,,,,,,,,,,,,,,,,,,,,,,,,,,,,,,,,,,,,,,,,,,,,,,,,,,,,,,,,,,,,,,,,,,,,,,,,,,,,,,,,,,,,,,,,,,,,,,,,,,,,,,,,,,,,,,,,,,,,,,,,,,,,,0.2233607080977845,0.8120346395681308,0.6044103477459771,2.983486106931189,,,,0.02716068646906374,,,,,,,,1.9656793540355542,1.9656793540355542,2.02729580105771,2.02729580105771,2.250795762537841,2.250795762537841,2.733544850213258,2.733544850213258,,,,,-0.010204160244013445,,-0.06791396711564746,-0.06791396711564746,-0.07744869392385505,-0.07744869392385505,42.0902642376626,42.0902642376626,,1.9720000267028808,1.9720000267028808,2.0028095358893987,2.0028095358893987,2.3083174644954623,2.3083174644954623,2.66328174999309,2.66328174999309,2.1983800077438356,2.9513800072669985,0,121485.0029706955,513010.83268589445,,,,,,,
2025-10-13,,,,,,,1.94000005722045900,1.99000000953674320,1.92999994754791260,1.97200000286102300,22300,,,,,1.97200000286102300,,,,,,,,,,,,,,,,,,,,,,,,,,,,,,,,,,,,,,,,,,,,,,,,,,,,,,,,,,,,,,,,,,,,,,,,,,,,,,,,,,,,,,,,,,,,,,,,,,,,,,,,,,,,,,,,,,,,,,,,,,,,,,,,,,,,,,,,,,,,,0.24894597066745386,0.6711972022093171,0.6042446940962974,2.981817346235933,,,,0.2071435505857017,,,,,,,,1.967786236977377,1.967786236977377,2.022268910312557,2.022268910312557,2.24208339504794,2.24208339504794,2.727524732842885,2.727524732842885,,,,,0.011218860602423853,,-0.06402938531207791,-0.06402938531207791,-0.07476483220149963,-0.07476483220149963,43.868549920094715,43.868549920094715,,1.9684000253677367,1.9684000253677367,2.0052857285454158,2.0052857285454158,2.294857148140196,2.294857148140196,2.6688015913916012,2.6688015913916012,2.182420008182526,2.945240007042885,0,43975.60006380081,512585.33430080564,,,,,,,
2025-10-14,,,,,,,1.95000004768371580,2.01999998092651370,1.80999994277954100,1.98000001907348630,35600,,,,,1.98000001907348630,,,,,,,,,,,,,,,,,,,,,,,,,,,,,,,,,,,,,,,,,,,,,,,,,,,,,,,,,,,,,,,,,,,,,,,,,,,,,,,,,,,,,,,,,,,,,,,,,,,,,,,,,,,,,,,,,,,,,,,,,,,,,,,,,,,,,,,,,,,,,0.24736895891245503,0.6074191427949236,0.6040160315316113,2.9818101605567233,,,,0.12020241646382149,,,,,,,,1.97185749767608,1.97185749767608,2.0184262838362774,2.0184262838362774,2.2338932895487384,2.2338932895487384,2.721615446568028,2.721615446568028,,,,,0.00404859670825113,,-0.05961805200387604,-0.05961805200387604,-0.0717354761619749,-0.0717354761619749,44.535538660603,44.535538660603,,1.9644000291824342,1.9644000291824342,2.0005238283248175,2.0005238283248175,2.2812063561545477,2.2812063561545477,2.6743571470890726,2.6743571470890726,2.1702200102806093,2.9374900072813035,0,70488.00067901611,513199.30258081073,,,,,,,
2025-10-15,,,,,,,1.97000002861022950,2.00000000000000000,1.94299995899200440,1.98000001907348630,40500,,,,,1.98000001907348630,,,,,,,,,,,,,,,,,,,,,,,,,,,,,,,,,,,,,,,,,,,,,,,,,,,,,,,,,,,,,,,,,,,,,,,,,,,,,,,,,,,,,,,,,,,,,,,,,,,,,,,,,,,,,,,,,,,,,,,,,,,,,,,,,,,,,,,,,,,,,0.13836450232798025,0.582946339345347,0.6028073446841755,2.978045192471231,,,,0.14873557615277527,,,,,,,,1.9745716714752155,1.9745716714752155,2.01493298703966,2.01493298703966,2.225959124846387,2.225959124846387,2.715752874018664,2.715752874018664,,,,,0,,-0.055482471184015614,-0.055482471184015614,-0.06848487516638305,-0.06848487516638305,44.535538660603,44.535538660603,,1.9704000234603882,1.9704000234603882,2.0005238283248175,2.0005238283248175,2.266920640355065,2.266920640355065,2.68022222663202,2.68022222663202,2.159020011425018,2.929790007472038,0,80190.0007724762,514019.58828937437,,,,,,,
2025-10-16,,,,,,,2.00000000000000000,2.00000000000000000,1.87999999523162840,1.90999996662139900,23500,,,,,1.90999996662139900,,,,,,,,,,,,,,,,,,,,,,,,,,,,,,,,,,,,,,,,,,,,,,,,,,,,,,,,,,,,,,,,,,,,,,,,,,,,,,,,,,,,,,,,,,,,,,,,,,,,,,,,,,,,,,,,,,,,,,,,,,,,,,,,,,,,,,,,,,,,,0.2916963111419399,0.5953577963466202,0.6056006185033237,2.9779579700631493,,,,0.2106812616790949,,,,,,,,1.9530477698572768,1.9530477698572768,2.005393621547091,2.005393621547091,2.2160854011518563,2.2160854011518563,2.709383285817895,2.709383285817895,,,,,-0.03599362975668661,,-0.05719411465541402,-0.05719411465541402,-0.06622672306418924,-0.06622672306418924,39.743156303644696,39.743156303644696,,1.958400011062622,1.958400011062622,1.9981428725378854,1.9981428725378854,2.252158736425733,2.252158736425733,2.6857023852921666,2.6857023852921666,2.1446200084686278,2.921440007686615,0,44884.99921560288,514578.7787577463,,,,,,,
2025-10-17,,,,,,,1.90999996662139900,1.96000003814697270,1.90999996662139900,1.96000003814697270,18700,,,,,1.96000003814697270,,,,,,,,,,,,,,,,,,,,,,,,,,,,,,,,,,,,,,,,,,,,,,,,,,,,,,,,,,,,,,,,,,,,,,,,,,,,,,,,,,,,,,,,,,,,,,,,,,,,,,,,,,,,,,,,,,,,,,,,,,,,,,,,,,,,,,,,,,,,,0.3637595632927629,0.5749605232970121,0.6081817897442692,2.9649951130425576,,,,0.16096262553526483,,,,,,,,1.9553651926205087,1.9553651926205087,2.00126693214708,2.00126693214708,2.2080827335579536,2.2080827335579536,2.703459307575437,2.703459307575437,,,,,0.025841268122335673,,-0.0538947513884529,-0.0538947513884529,-0.06376032872904197,-0.06376032872904197,44.34964131639106,44.34964131639106,,1.9604000091552733,1.9604000091552733,1.9933809723172868,1.9933809723172868,2.239142864469498,2.239142864469498,2.6918809568834683,2.6918809568834683,2.130020008087158,2.9116900074481964,0,36652.00071334839,514856.0803595043,,,,,,,
2025-10-20,,,,,,,2.00000000000000000,2.00000000000000000,1.90999996662139900,1.95000004768371580,11300,,,,,1.95000004768371580,,,,,,,,,,,,,,,,,,,,,,,,,,,,,,,,,,,,,,,,,,,,,,,,,,,,,,,,,,,,,,,,,,,,,,,,,,,,,,,,,,,,,,,,,,,,,,,,,,,,,,,,,,,,,,,,,,,,,,,,,,,,,,,,,,,,,,,,,,,,,0.35324751025503076,0.5631060291685696,0.603850714792864,2.9623147241018195,,,,0.1978870448340069,,,,,,,,1.953576810974911,1.953576810974911,1.9966063062867745,1.9966063062867745,2.2000176496243835,2.2000176496243835,2.6975031078924987,2.6975031078924987,,,,,-0.005115095676324061,,-0.051493315003846796,-0.051493315003846796,-0.06130692598400294,-0.06130692598400294,43.63122801706801,43.63122801706801,,1.956000018119812,1.956000018119812,1.9914762122290475,1.9914762122290475,2.2246190555511958,2.2246190555511958,2.697793655452274,2.697793655452274,2.1154200077056884,2.9020400071144103,0,22035.00053882599,514296.3184602677,,,,,,,
2025-10-21,,,,,,,1.99000000953674320,1.99000000953674320,1.90999996662139900,1.92999994754791260,10900,,,,,1.92999994754791260,,,,,,,,,,,,,,,,,,,,,,,,,,,,,,,,,,,,,,,,,,,,,,,,,,,,,,,,,,,,,,,,,,,,,,,,,,,,,,,,,,,,,,,,,,,,,,,,,,,,,,,,,,,,,,,,,,,,,,,,,,,,,,,,,,,,,,,,,,,,,0.3518384708334709,0.5316424322475278,0.586002402149636,2.959877047212267,,,,0.1936548216118256,,,,,,,,1.945717856499245,1.945717856499245,1.9905511827650597,1.9905511827650597,2.1915795964344937,2.1915795964344937,2.6914358892336483,2.6914358892336483,,,,,-0.010309421289296308,,-0.050620478929831014,-0.050620478929831014,-0.05916963657316855,-0.05916963657316855,42.16025486258918,42.16025486258918,,1.9460000038146972,1.9460000038146972,1.9837143080575126,1.9837143080575126,2.213190481776283,2.213190481776283,2.7038254012900684,2.7038254012900684,2.1038200068473816,2.892515006661415,0,21036.999428272247,514053.96922410483,,,,,,,
2025-10-22,,,,,,,1.90999996662139900,1.92499995231628420,1.86000001430511470,1.89999997615814200,23200,,,,,1.89999997615814200,,,,,,,,,,,,,,,,,,,,,,,,,,,,,,,,,,,,,,,,,,,,,,,,,,,,,,,,,,,,,,,,,,,,,,,,,,,,,,,,,,,,,,,,,,,,,,,,,,,,,,,,,,,,,,,,,,,,,,,,,,,,,,,,,,,,,,,,,,,,,0.3550527147316764,0.4331816992076589,0.5861052617957131,2.959915709493705,,,,0.10862009290536566,,,,,,,,1.9304785630522105,1.9304785630522105,1.9823192548917035,1.9823192548917035,2.1824677333008577,2.1824677333008577,2.6851794788536045,2.6851794788536045,,,,,-0.015666102115498,,-0.05175292155900424,-0.05175292155900424,-0.05768629357033569,-0.05768629357033569,39.98277761610296,39.98277761610296,,1.9299999952316285,1.9299999952316285,1.9660952602113997,1.9660952602113997,2.2011269879719566,2.2011269879719566,2.7097023853233884,2.7097023853233884,2.096020007133484,2.8785650062561037,0,44079.9994468689,514491.8739687829,,,,,,,
2025-10-23,,,,,,,1.88999998569488530,1.95000004768371580,1.85500001907348630,1.87999999523162840,15800,,,,,1.87999999523162840,,,,,,,,,,,,,,,,,,,,,,,,,,,,,,,,,,,,,,,,,,,,,,,,,,,,,,,,,,,,,,,,,,,,,,,,,,,,,,,,,,,,,,,,,,,,,,,,,,,,,,,,,,,,,,,,,,,,,,,,,,,,,,,,,,,,,,,,,,,,,0.2641448617934785,0.3926354652572286,0.5856114325182156,2.9597233272529953,,,,0.12786723319836396,,,,,,,,1.9136523737786832,1.9136523737786832,1.973017504013515,1.973017504013515,2.1730156164861945,2.1730156164861945,2.6788144236471068,2.6788144236471068,,,,,-0.010582099318558446,,-0.05364582612518376,-0.05364582612518376,-0.056878200081305307,-0.056878200081305307,38.55321106436624,38.55321106436624,,1.9240000009536744,1.9240000009536744,1.953714302607945,1.953714302607945,2.1884285741382175,2.1884285741382175,2.7155515917000317,2.7155515917000317,2.0874200081825256,2.8660150068998336,0,29703.99992465973,514006.22315009433,,,,,,,
2025-10-24,,,,,,,1.88999998569488530,1.95000004768371580,1.83000004291534420,1.92999994754791260,5100,,,,,1.92999994754791260,,,,,,,,,,,,,,,,,,,,,,,,,,,,,,,,,,,,,,,,,,,,,,,,,,,,,,,,,,,,,,,,,,,,,,,,,,,,,,,,,,,,,,,,,,,,,,,,,,,,,,,,,,,,,,,,,,,,,,,,,,,,,,,,,,,,,,,,,,,,,0.26696100060081035,0.34990373700609867,0.5890526710305248,2.9596529547269355,,,,0.20831224298937728,,,,,,,,1.919101565035093,1.919101565035093,1.9691068170620964,1.9691068170620964,2.165421376831873,2.165421376831873,2.6728949416226073,2.6728949416226073,,,,,0.026248201434056425,,-0.05052892238257023,-0.05052892238257023,-0.05560834454155829,-0.05560834454155829,43.94882457286478,43.94882457286478,,1.9179999828338623,1.9179999828338623,1.9499047767548334,1.9499047767548334,2.1768412703559514,2.1768412703559514,2.721634924766563,2.721634924766563,2.0808200073242187,2.8541650056838987,0,9842.999732494354,513516.46122024173,,,,,,,
2025-10-27,,,,,,,1.86000001430511470,1.95000004768371580,1.86000001430511470,1.95000004768371580,8600,,,,,1.95000004768371580,,,,,,,,,,,,,,,,,,,,,,,,,,,,,,,,,,,,,,,,,,,,,,,,,,,,,,,,,,,,,,,,,,,,,,,,,,,,,,,,,,,,,,,,,,,,,,,,,,,,,,,,,,,,,,,,,,,,,,,,,,,,,,,,,,,,,,,,,,,,,0.2816264754290579,0.2701928178001598,0.5891590444714774,2.95965327710986,,,,0.3368249677258094,,,,,,,,1.9294010592513007,1.9294010592513007,1.9673698380276983,1.9673698380276983,2.158689460295993,2.158689460295993,2.667180357480798,2.667180357480798,,,,,0.01030942128929636,,-0.045915626022024814,-0.045915626022024814,-0.0536698008376516,-0.0536698008376516,45.9917341152721,45.9917341152721,,1.9179999828338623,1.9179999828338623,1.9529523963019961,1.9529523963019961,2.1663650823017906,2.1663650823017906,2.7277936551069457,2.7277936551069457,2.074820008277893,2.8452150058746337,0,16770.000410079956,511528.93750781106,,,,,,,
2025-10-28,,,,,,,1.90999996662139900,1.93499994277954100,1.87999999523162840,1.87999999523162840,9900,,,,,1.87999999523162840,,,,,,,,,,,,,,,,,,,,,,,,,,,,,,,,,,,,,,,,,,,,,,,,,,,,,,,,,,,,,,,,,,,,,,,,,,,,,,,,,,,,,,,,,,,,,,,,,,,,,,,,,,,,,,,,,,,,,,,,,,,,,,,,,,,,,,,,,,,,,0.38488119909988194,0.27509641545556796,0.592519267562345,2.957605645506072,,,,0.306797838694207,,,,,,,,1.91293403791141,1.91293403791141,1.9594271250462374,1.9594271250462374,2.149980414512732,2.149980414512732,2.660957587818749,2.660957587818749,,,,,-0.0365576227233528,,-0.0473620148123961,-0.0473620148123961,-0.05240824363260049,-0.05240824363260049,40.43665201440148,40.43665201440148,,1.9079999923706055,1.9079999923706055,1.9496190604709445,1.9496190604709445,2.1547777823039462,2.1547777823039462,2.733841274111044,2.733841274111044,2.0654200100898743,2.8349150055646897,0,18611.99995279312,506910.937704548,,,,,,,
2025-10-29,,,,,,,1.88999998569488530,1.91999995708465580,1.86000001430511470,1.87999999523162840,7900,,,,,1.87999999523162840,,,,,,,,,,,,,,,,,,,,,,,,,,,,,,,,,,,,,,,,,,,,,,,,,,,,,,,,,,,,,,,,,,,,,,,,,,,,,,,,,,,,,,,,,,,,,,,,,,,,,,,,,,,,,,,,,,,,,,,,,,,,,,,,,,,,,,,,,,,,,0.3740878121597005,0.27509641545556796,0.592519267562345,2.957558558527394,,,,0.2866334670353472,,,,,,,,1.901956023684816,1.901956023684816,1.952206476881273,1.952206476881273,2.141543526410197,2.141543526410197,2.654784010011736,2.654784010011736,,,,,0,,-0.04795548734260269,-0.04795548734260269,-0.05151769237460094,-0.05151769237460094,40.43665201440148,40.43665201440148,,1.9039999961853027,1.9039999961853027,1.9462857246398926,1.9462857246398926,2.143190482306102,2.143190482306102,2.739904766163183,2.739904766163183,2.0560200119018557,2.8261650049686433,0,14851.999962329865,506753.1123229436,,,,,,,
2025-10-30,,,,,,,1.86000001430511470,1.88999998569488530,1.83000004291534420,1.88999998569488530,12400,,,,,1.88999998569488530,,,,,,,,,,,,,,,,,,,,,,,,,,,,,,,,,,,,,,,,,,,,,,,,,,,,,,,,,,,,,,,,,,,,,,,,,,,,,,,,,,,,,,,,,,,,,,,,,,,,,,,,,,,,,,,,,,,,,,,,,,,,,,,,,,,,,,,,,,,,,0.3683969208275031,0.27584846966527743,0.5782057498257559,2.9439320550572305,,,,0.27607936747104883,,,,,,,,1.8979706776881724,1.8979706776881724,1.946551341318874,1.946551341318874,2.133682790762844,2.133682790762844,2.64873828649935,2.64873828649935,,,,,0.005305047197217218,,-0.047076237380965225,-0.047076237380965225,-0.050629401375873795,-0.050629401375873795,41.6052234996148,41.6052234996148,,1.9059999942779542,1.9059999942779542,1.9439047688529605,1.9439047688529605,2.1292222284135365,2.1292222284135365,2.7455396867460675,2.7455396867460675,2.047020013332367,2.817315004467964,0,23435.999822616577,504500.2075762976,,,,,,,
2025-10-31,,,,,,,1.86000001430511470,1.95000004768371580,1.82000005245208740,1.95000004768371580,24200,,,,,1.95000004768371580,,,,,,,,,,,,,,,,,,,,,,,,,,,,,,,,,,,,,,,,,,,,,,,,,,,,,,,,,,,,,,,,,,,,,,,,,,,,,,,,,,,,,,,,,,,,,,,,,,,,,,,,,,,,,,,,,,,,,,,,,,,,,,,,,,,,,,,,,,,,,0.39097354040485693,0.2888254587752375,0.5693621915088083,2.9328284189637572,,,,0.2706808003520666,,,,,,,,1.9153138010200201,1.9153138010200201,1.9468648600793141,1.9468648600793141,2.127942705041621,2.127942705041621,2.6432146640581196,2.6432146640581196,,,,,0.031252575526135445,,-0.04106455525942265,-0.04106455525942265,-0.04871643215258356,-0.04871643215258356,48.17502276648959,48.17502276648959,,1.9100000143051148,1.9100000143051148,1.942476198786781,1.942476198786781,2.1190635003740828,2.1190635003740828,2.7518254012342482,2.7518254012342482,2.03942001581192,2.8074150043725967,0,47190.00115394592,504636.6996784059,,,,,,,
2025-11-03,,,,,,,1.92999994754791260,1.92999994754791260,1.79999995231628420,1.90999996662139900,34700,,,,,1.90999996662139900,,,,,,,,,,,,,,,,,,,,,,,,,,,,,,,,,,,,,,,,,,,,,,,,,,,,,,,,,,,,,,,,,,,,,,,,,,,,,,,,,,,,,,,,,,,,,,,,,,,,,,,,,,,,,,,,,,,,,,,,,,,,,,,,,,,,,,,,,,,,,0.4112835131227185,0.29604511848484827,0.5694993753554455,2.928845013943758,,,,0.27368794943634867,,,,,,,,1.9135425228871465,1.9135425228871465,1.9435135061285946,1.9435135061285946,2.121131994465989,2.121131994465989,2.637418500442019,2.637418500442019,,,,,-0.020726172446011625,,-0.03907746541692414,-0.03907746541692414,-0.04678863880545168,-0.04678863880545168,44.57455465847416,44.57455465847416,,1.9019999980926514,1.9019999980926514,1.9386666729336692,1.9386666729336692,2.109063500449771,2.109063500449771,2.7576984169464263,2.7576984169464263,2.030820016860962,2.798065004348755,0,66276.99884176256,505551.63617001637,,,,,,,
2025-11-04,,,,,,,1.83000004291534420,1.88999998569488530,1.79999995231628420,1.85000002384185800,15500,,,,,1.85000002384185800,,,,,,,,,,,,,,,,,,,,,,,,,,,,,,,,,,,,,,,,,,,,,,,,,,,,,,,,,,,,,,,,,,,,,,,,,,,,,,,,,,,,,,,,,,,,,,,,,,,,,,,,,,,,,,,,,,,,,,,,,,,,,,,,,,,,,,,,,,,,,0.38895945818224553,0.3135218357926278,0.5663922693779279,2.9290781018290812,,,,0.266952169296812,,,,,,,,1.8923616898720503,1.8923616898720503,1.935012280466164,1.935012280466164,2.1126591203839853,2.1126591203839853,2.6311938484530852,2.6311938484530852,,,,,-0.03191757260510697,,-0.04186162162624685,-0.04186162162624685,-0.045803235369610715,-0.045803235369610715,39.77282083641928,39.77282083641928,,1.8960000038146974,1.8960000038146974,1.9320000069481986,1.9320000069481986,2.0966825466307384,2.0966825466307384,2.763337305968716,2.763337305968716,2.0224200177192686,2.787965005040169,0,28675.000369548798,505752.1441013094,,,,,,,
2025-11-05,,,,,,,1.79999995231628420,1.87999999523162840,1.79999995231628420,1.85000002384185800,10800,,,,,1.85000002384185800,,,,,,,,,,,,,,,,,,,,,,,,,,,,,,,,,,,,,,,,,,,,,,,,,,,,,,,,,,,,,,,,,,,,,,,,,,,,,,,,,,,,,,,,,,,,,,,,,,,,,,,,,,,,,,,,,,,,,,,,,,,,,,,,,,,,,,,,,,,,,0.38895945818224553,0.31229071893041344,0.5636268831152761,2.9281599309914914,,,,0.24980827795554456,,,,,,,,1.878241134528653,1.878241134528653,1.927283893500318,1.927283893500318,2.1044510236170435,2.1044510236170435,2.6250184031992414,2.6250184031992414,,,,,0,,-0.04356588507655701,-0.04356588507655701,-0.045355765310999975,-0.045355765310999975,39.77282083641928,39.77282083641928,,1.890000009536743,1.890000009536743,1.924857150940668,1.924857150940668,2.083349212767586,2.083349212767586,2.7690873060907637,2.7690873060907637,2.014020018577576,2.7777150046825407,0,19980.000257492065,505928.3821976374,,,,,,,
2025-11-06,,,,,,,1.84000003337860100,1.84000003337860100,1.66999995708465580,1.83000004291534420,56500,,,,,1.83000004291534420,,,,,,,,,,,,,,,,,,,,,,,,,,,,,,,,,,,,,,,,,,,,,,,,,,,,,,,,,,,,,,,,,,,,,,,,,,,,,,,,,,,,,,,,,,,,,,,,,,,,,,,,,,,,,,,,,,,,,,,,,,,,,,,,,,,,,,,,,,,,,0.3835448680388452,0.303585456841928,0.5636937699740837,2.927077564314728,,,,0.3857999327884598,,,,,,,,1.86216077065755,1.86216077065755,1.9184399070835023,1.9184399070835023,2.0958744304701153,2.0958744304701153,2.6187336730784203,2.6187336730784203,,,,,-0.010869661673387007,,-0.046000096969637694,-0.046000096969637694,-0.045484631642727515,-0.045484631642727515,38.182715157397205,38.182715157397205,,1.878000020980835,1.878000020980835,1.919142864999317,1.919142864999317,2.0698571488970803,2.0698571488970803,2.774873020511771,2.774873020511771,2.006420018672943,2.769315004944801,0,103395.00242471695,507127.16000288253,,,,,,,
2025-11-07,,,,,,,1.77999997138977050,1.82000005245208740,1.73000001907348630,1.73000001907348630,11700,,,,,1.73000001907348630,,,,,,,,,,,,,,,,,,,,,,,,,,,,,,,,,,,,,,,,,,,,,,,,,,,,,,,,,,,,,,,,,,,,,,,,,,,,,,,,,,,,,,,,,,,,,,,,,,,,,,,,,,,,,,,,,,,,,,,,,,,,,,,,,,,,,,,,,,,,,0.3421577942939919,0.3506207137320848,0.5599856235374053,2.9259921616503943,,,,0.3531382366558444,,,,,,,,1.8181071867961953,1.8181071867961953,1.9013090081735007,1.9013090081735007,2.084440855113971,2.084440855113971,2.6117081105961675,2.6117081105961675,,,,,-0.05619457076951295,,-0.05536023528955436,-0.05536023528955436,-0.047459752372092885,-0.047459752372092885,31.418976307746334,31.418976307746334,,1.834000015258789,1.834000015258789,1.907714293116615,1.907714293116615,2.0574761969702586,2.0574761969702586,2.7800952427917056,2.7800952427917056,1.9978200173377991,2.7594900053739546,0,20241.00022315979,506289.0647727346,,,,,,,
2025-11-10,,,,,,,1.74000000953674320,1.80999994277954100,1.73000001907348630,1.80999994277954100,8300,,,,,1.80999994277954100,,,,,,,,,,,,,,,,,,,,,,,,,,,,,,,,,,,,,,,,,,,,,,,,,,,,,,,,,,,,,,,,,,,,,,,,,,,,,,,,,,,,,,,,,,,,,,,,,,,,,,,,,,,,,,,,,,,,,,,,,,,,,,,,,,,,,,,,,,,,,0.6023877912957488,0.39264141018079385,0.5413452905798418,2.925127464463955,,,,0.3733827414503993,,,,,,,,1.8154047721239772,1.8154047721239772,1.8930081840467772,1.8930081840467772,2.0758645766035198,2.0758645766035198,2.6053704966213327,2.6053704966213327,,,,,0.045205394129396594,,-0.05568103082530729,-0.05568103082530729,-0.049104008062735766,-0.049104008062735766,40.499570662440725,40.499570662440725,,1.8140000104904175,1.8140000104904175,1.9010476214545113,1.9010476214545113,2.049857149048457,2.049857149048457,2.785753972710125,2.785753972710125,1.9896200156211854,2.7504900056123733,0,15022.99952507019,505357.0806577092,,,,,,,
2025-11-11,,,,,,,1.80999994277954100,1.80999994277954100,1.58000004291534420,1.79999995231628420,34200,,,,,1.79999995231628420,,,,,,,,,,,,,,,,,,,,,,,,,,,,,,,,,,,,,,,,,,,,,,,,,,,,,,,,,,,,,,,,,,,,,,,,,,,,,,,,,,,,,,,,,,,,,,,,,,,,,,,,,,,,,,,,,,,,,,,,,,,,,,,,,,,,,,,,,,,,,0.5723667866264834,0.3889746971057953,0.5407651822678308,2.924844170842915,,,,0.41598427976051333,,,,,,,,1.8102698321880797,1.8102698321880797,1.884552890253096,1.884552890253096,2.0672438070945436,2.0672438070945436,2.5990039310537036,2.5990039310537036,,,,,-0.005540175253055251,,-0.05609554473414513,-0.05609554473414513,-0.05050231539701764,-0.05050231539701764,39.79034777334355,39.79034777334355,,1.8039999961853028,1.8039999961853028,1.8928571428571428,1.8928571428571428,2.041761911104596,2.041761911104596,2.791297623325908,2.791297623325908,1.9824200129508973,2.7384350055456164,0,61559.99836921692,505322.22351403465,,,,,,,
2025-11-12,,,,,,,1.75000000000000000,1.75000000000000000,1.69900000095367430,1.75000000000000000,11200,,,,,1.75000000000000000,,,,,,,,,,,,,,,,,,,,,,,,,,,,,,,,,,,,,,,,,,,,,,,,,,,,,,,,,,,,,,,,,,,,,,,,,,,,,,,,,,,,,,,,,,,,,,,,,,,,,,,,,,,,,,,,,,,,,,,,,,,,,,,,,,,,,,,,,,,,,0.5900426335647594,0.3961600335740015,0.5417576115465703,2.9249684868499726,,,,0.4142418279774628,,,,,,,,1.7901798881253863,1.7901798881253863,1.8723208093209964,1.8723208093209964,2.057329938122839,2.057329938122839,2.5922924375275875,2.5922924375275875,,,,,-0.028170850475742682,,-0.05976964106135241,-0.05976964106135241,-0.05235578052988459,-0.05235578052988459,36.36163998194572,36.36163998194572,,1.783999991416931,1.783999991416931,1.8819047609965007,1.8819047609965007,2.0336666731607345,2.0336666731607345,2.7966666708862973,2.7966666708862973,1.9746200108528138,2.7277850049734114,0,19600,505346.35049937264,,,,,,,
2025-11-13,,,,,,,1.71000003814697270,1.71000003814697270,1.62999999523162840,1.65999996662139900,26200,,,,,1.65999996662139900,,,,,,,,,,,,,,,,,,,,,,,,,,,,,,,,,,,,,,,,,,,,,,,,,,,,,,,,,,,,,,,,,,,,,,,,,,,,,,,,,,,,,,,,,,,,,,,,,,,,,,,,,,,,,,,,,,,,,,,,,,,,,,,,,,,,,,,,,,,,,0.6598961704431195,0.42728337667371646,0.5504588359864286,2.925514241752102,,,,0.3808593632882798,,,,,,,,1.7467865809573906,1.7467865809573906,1.853018914530124,1.853018914530124,2.0449133765134193,2.0449133765134193,2.5849225365718076,2.5849225365718076,,,,,-0.052798205674562,,-0.0691465608913735,-0.0691465608913735,-0.05571393660218237,-0.05571393660218237,31.15725215756052,31.15725215756052,,1.7499999761581422,1.7499999761581422,1.866666663260687,1.866666663260687,2.0243015932658364,2.0243015932658364,2.801694448505129,2.801694448505129,1.9640200090408326,2.716685004234314,0,43491.99912548065,505647.4139775549,,,,,,,
2025-11-14,,,,,,,1.59000003337860100,1.65999996662139900,1.53999996185302730,1.62000000476837160,13900,,,,,1.62000000476837160,,,,,,,,,,,,,,,,,,,,,,,,,,,,,,,,,,,,,,,,,,,,,,,,,,,,,,,,,,,,,,,,,,,,,,,,,,,,,,,,,,,,,,,,,,,,,,,,,,,,,,,,,,,,,,,,,,,,,,,,,,,,,,,,,,,,,,,,,,,,,0.5825769618695658,0.41966300308586957,0.5429332752425884,2.9128685690906764,,,,0.43487446867664226,,,,,,,,1.7045243888943842,1.7045243888943842,1.8318353772790554,1.8318353772790554,2.0316348336463865,2.0316348336463865,2.5772946904705947,2.5772946904705947,,,,,-0.024391430073128693,,-0.07889603565369563,-0.07889603565369563,-0.060350356412485026,-0.060350356412485026,29.159645315874272,29.159645315874272,,1.7279999732971192,1.7279999732971192,1.8528571412676857,1.8528571412676857,2.012714293267992,2.012714293267992,2.8069285755119626,2.8069285755119626,1.9526200079917908,2.7059850043058393,0,22518.000066280365,505027.5410023947,,,,,,,
2025-11-17,,,,,,,1.56799995899200440,1.60300004482269290,1.53999996185302730,1.54999995231628420,18700,,,,,1.54999995231628420,,,,,,,,,,,,,,,,,,,,,,,,,,,,,,,,,,,,,,,,,,,,,,,,,,,,,,,,,,,,,,,,,,,,,,,,,,,,,,,,,,,,,,,,,,,,,,,,,,,,,,,,,,,,,,,,,,,,,,,,,,,,,,,,,,,,,,,,,,,,,0.2914737076866734,0.41893982095027,0.548143029885326,2.9130494629006636,,,,0.3500671761073036,,,,,,,,1.6530162433683508,1.6530162433683508,1.8062139750097126,1.8062139750097126,2.0165837436048206,2.0165837436048206,2.569173783449612,2.569173783449612,,,,,-0.044171252020264826,,-0.0912194626784315,-0.0912194626784315,-0.06652417766567432,-0.06652417766567432,26.016120618380754,26.016120618380754,,1.6759999752044679,1.6759999752044679,1.8333333276567005,1.8333333276567005,2.0000158813264637,2.0000158813264637,2.811829368982996,2.811829368982996,1.9400200057029724,2.6955150038003923,0,28984.999108314514,505334.6838515902,,,,,,,
2025-11-18,,,,,,,1.50999999046325680,1.53999996185302730,1.50000000000000000,1.53999996185302730,8100,,,,,1.53999996185302730,,,,,,,,,,,,,,,,,,,,,,,,,,,,,,,,,,,,,,,,,,,,,,,,,,,,,,,,,,,,,,,,,,,,,,,,,,,,,,,,,,,,,,,,,,,,,,,,,,,,,,,,,,,,,,,,,,,,,,,,,,,,,,,,,,,,,,,,,,,,,0.2863706958246506,0.4187187250256914,0.5481224843834301,2.908198757277971,,,,0.378549378088471,,,,,,,,1.6153441495299097,1.6153441495299097,1.7820127010863775,1.7820127010863775,2.0016905004250773,2.0016905004250773,2.5610380220140656,2.5610380220140656,,,,,-0.00647250851269115,,-0.10063275132247651,-0.10063275132247651,-0.07334589239703476,-0.07334589239703476,25.591677691287234,25.591677691287234,,1.6239999771118163,1.6239999771118163,1.8138095140457153,1.8138095140457153,1.9873174693849351,1.9873174693849351,2.8168769878527473,2.8168769878527473,1.9264200043678283,2.685265004038811,0,12473.999691009521,505012.6838657591,,,,,,,
2025-11-19,,,,,,,1.45000004768371580,1.52999997138977050,1.40999996662139900,1.52999997138977050,20900,,,,,1.52999997138977050,,,,,,,,,,,,,,,,,,,,,,,,,,,,,,,,,,,,,,,,,,,,,,,,,,,,,,,,,,,,,,,,,,,,,,,,,,,,,,,,,,,,,,,,,,,,,,,,,,,,,,,,,,,,,,,,,,,,,,,,,,,,,,,,,,,,,,,,,,,,,0.3375102368027422,0.41903125515977097,0.5481016325245407,2.905674346968147,,,,0.4382754615724408,,,,,,,,1.5868960901498632,1.5868960901498632,1.7591024529321406,1.7591024529321406,1.986950171392724,1.986950171392724,2.552887523590158,2.552887523590158,,,,,-0.006514674949928501,,-0.10765874307402545,-0.10765874307402545,-0.0802084625324329,-0.0802084625324329,25.149806092971364,25.149806092971364,,1.5799999713897706,1.5799999713897706,1.7947618961334229,1.7947618961334229,1.9746190574434068,1.9746190574434068,2.82200000364156,2.82200000364156,1.912420003414154,2.6725150042772294,0,31976.999402046204,505187.3981528812,,,,,,,
2025-11-20,,,,,,,1.47000002861022950,1.52999997138977050,1.46000003814697270,1.51800000667572020,11600,,,,,1.51800000667572020,,,,,,,,,,,,,,,,,,,,,,,,,,,,,,,,,,,,,,,,,,,,,,,,,,,,,,,,,,,,,,,,,,,,,,,,,,,,,,,,,,,,,,,,,,,,,,,,,,,,,,,,,,,,,,,,,,,,,,,,,,,,,,,,,,,,,,,,,,,,,0.2624159126855944,0.418821276470545,0.5476527755234389,2.900976729342345,,,,0.4583546921708346,,,,,,,,1.5639307289918156,1.5639307289918156,1.7371840487270114,1.7371840487270114,1.9722954787453175,1.9722954787453175,2.544706594602692,2.544706594602692,,,,,-0.007874033333701659,,-0.11289381934574427,-0.11289381934574427,-0.08674553389509518,-0.08674553389509518,24.600881033408545,24.600881033408545,,1.5515999794006348,1.5515999794006348,1.7765714213961648,1.7765714213961648,1.9615714398641435,1.9615714398641435,2.8268968290279783,2.8268968290279783,1.8989800024032593,2.6602050042152405,0,17608.800077438354,505225.47435344214,,,,,,,
2025-11-21,,,,,,,1.50999999046325680,1.62000000476837160,1.47800004482269290,1.62000000476837160,12700,,,,,1.62000000476837160,,,,,,,,,,,,,,,,,,,,,,,,,,,,,,,,,,,,,,,,,,,,,,,,,,,,,,,,,,,,,,,,,,,,,,,,,,,,,,,,,,,,,,,,,,,,,,,,,,,,,,,,,,,,,,,,,,,,,,,,,,,,,,,,,,,,,,,,,,,,,0.631331406266179,0.4941911726170441,0.5640073318326817,2.9011651406395194,,,,0.5178565387887988,,,,,,,,1.5826204875840009,1.5826204875840009,1.7265309538216806,1.7265309538216806,1.961286245183538,1.961286245183538,2.5373966610862153,2.5373966610862153,,,,,0.06503246881658613,,-0.10757208359288217,-0.10757208359288217,-0.09091084383465257,-0.09091084383465257,37.15663329825424,37.15663329825424,,1.5515999794006348,1.5515999794006348,1.7641904694693429,1.7641904694693429,1.9512539799251254,1.9512539799251254,2.8321349242376903,2.8321349242376903,1.8929800033569335,2.6473050051927567,0,20574.00006055832,504734.1251549267,,,,,,,
2025-11-24,,,,,,,1.55999994277954100,1.62000000476837160,1.52999997138977050,1.52999997138977050,6500,,,,,1.52999997138977050,,,,,,,,,,,,,,,,,,,,,,,,,,,,,,,,,,,,,,,,,,,,,,,,,,,,,,,,,,,,,,,,,,,,,,,,,,,,,,,,,,,,,,,,,,,,,,,,,,,,,,,,,,,,,,,,,,,,,,,,,,,,,,,,,,,,,,,,,,,,,0.6923592545782817,0.5075800968829316,0.5733101594185507,2.900682474158913,,,,0.48870704438464707,,,,,,,,1.5650803155192574,1.5650803155192574,1.708664500873325,1.708664500873325,1.9478085491274828,1.9478085491274828,2.5294330508909866,2.5294330508909866,,,,,-0.057158435482884434,,-0.10935622965610792,-0.10935622965610792,-0.09459992099894364,-0.09459992099894364,32.08038124671918,32.08038124671918,,1.547599983215332,1.547599983215332,1.7451428515570504,1.7451428515570504,1.9395079480277166,1.9395079480277166,2.837103178103765,2.837103178103765,1.8819800043106079,2.6346050041913984,0,9944.999814033508,504719.0299153328,,,,,,,
2025-11-25,,,,,,,1.55999994277954100,1.58500003814697270,1.52999997138977050,1.58000004291534420,6600,,,,,1.58000004291534420,,,,,,,,,,,,,,,,,,,,,,,,,,,,,,,,,,,,,,,,,,,,,,,,,,,,,,,,,,,,,,,,,,,,,,,,,,,,,,,,,,,,,,,,,,,,,,,,,,,,,,,,,,,,,,,,,,,,,,,,,,,,,,,,,,,,,,,,,,,,,0.7319217913361529,0.5245287851098523,0.5768426578333468,2.9005675779125113,,,,0.48257578008036034,,,,,,,,1.5700535579846198,1.5700535579846198,1.696967731968054,1.696967731968054,1.9363145333083536,1.9363145333083536,2.521927651618452,2.521927651618452,,,,,0.032157157495637884,,-0.10551923035709532,-0.10551923035709532,-0.09678378287057397,-0.09678378287057397,37.21245580291515,37.21245580291515,,1.5555999994277954,1.5555999994277954,1.7275238037109375,1.7275238037109375,1.9295079481034052,1.9295079481034052,2.842301590929902,2.842301590929902,1.873980004787445,2.622105004787445,0,10428.000283241272,504698.63309122267,,,,,,,
2025-11-26,,,,,,,1.58000004291534420,1.59000003337860100,1.50999999046325680,1.57299995422363280,8400,,,,,1.57299995422363280,,,,,,,,,,,,,,,,,,,,,,,,,,,,,,,,,,,,,,,,,,,,,,,,,,,,,,,,,,,,,,,,,,,,,,,,,,,,,,,,,,,,,,,,,,,,,,,,,,,,,,,,,,,,,,,,,,,,,,,,,,,,,,,,,,,,,,,,,,,,,0.7299884691413073,0.5157806924865077,0.5757392660833596,2.898062352866672,,,,0.5253842259603668,,,,,,,,1.5710356900642908,1.5710356900642908,1.6856979339912885,1.6856979339912885,1.924960952711956,1.924960952711956,2.514426246895963,2.514426246895963,,,,,-0.0044402792256592084,,-0.1018689476069845,-0.1018689476069845,-0.09780081581785609,-0.09780081581785609,36.793291815723165,36.793291815723165,,1.5641999959945678,1.5641999959945678,1.7129047541391282,1.7129047541391282,1.920190485696944,1.920190485696944,2.847587305047209,2.847587305047209,1.8662400031089783,2.609770004749298,0,13213.199615478516,504682.080695175,,,,,,,
2025-11-28,,,,,,,1.58000004291534420,1.58000004291534420,1.54999995231628420,1.54999995231628420,3000,,,,,1.54999995231628420,,,,,,,,,,,,,,,,,,,,,,,,,,,,,,,,,,,,,,,,,,,,,,,,,,,,,,,,,,,,,,,,,,,,,,,,,,,,,,,,,,,,,,,,,,,,,,,,,,,,,,,,,,,,,,,,,,,,,,,,,,,,,,,,,,,,,,,,,,,,,0.7394877326751718,0.515249406369139,0.5722481453575063,2.8975533900549366,,,,0.5315839340214147,,,,,,,,1.564023777481622,1.564023777481622,1.6733617538390155,1.6733617538390155,1.9132434214495913,1.9132434214495913,2.5068023236186536,2.5068023236186536,,,,,-0.01472969480735902,,-0.09968289776851535,-0.09968289776851535,-0.09817723220798794,-0.09817723220798794,35.38303025812635,35.38303025812635,,1.5705999851226806,1.5705999851226806,1.6971904663812547,1.6971904663812547,1.9095555638510084,1.9095555638510084,2.8528293683415367,2.8528293683415367,1.856040003299713,2.5980200040340424,0,4649.9998569488525,503515.5092483475,,,,,,,
2025-12-01,,,,,,,1.51999998092651370,1.51999998092651370,1.38999998569488530,1.39999997615814200,20000,,,,,1.39999997615814200,,,,,,,,,,,,,,,,,,,,,,,,,,,,,,,,,,,,,,,,,,,,,,,,,,,,,,,,,,,,,,,,,,,,,,,,,,,,,,,,,,,,,,,,,,,,,,,,,,,,,,,,,,,,,,,,,,,,,,,,,,,,,,,,,,,,,,,,,,,,,0.818617352571286,0.6033037249426294,0.602261480701035,0.9014159526751456,,,,0.439851413693778,,,,,,,,1.509349177040462,1.509349177040462,1.648510683140754,1.648510683140754,1.8972045637842334,1.8972045637842334,2.498052897947029,2.498052897947029,,,,,-0.10178268057615289,,-0.10880000328354344,-0.10880000328354344,-0.10030178642309903,-0.10030178642309903,27.878160794877722,27.878160794877722,,1.5265999794006349,1.5265999794006349,1.6738571325937908,1.6738571325937908,1.8974920700466822,1.8974920700466822,2.844138892397048,2.844138892397048,1.844240002632141,2.58452000439167,0,27999.99952316284,503836.5251088899,,,,,,,
2025-12-02,,,,,,,1.44000005722045900,1.47500002384185800,1.23000001907348630,1.29999995231628420,50500,,,,,1.29999995231628420,,,,,,,,,,,,,,,,,,,,,,,,,,,,,,,,,,,,,,,,,,,,,,,,,,,,,,,,,,,,,,,,,,,,,,,,,,,,,,,,,,,,,,,,,,,,,,,,,,,,,,,,,,,,,,,,,,,,,,,,,,,,,,,,,,,,,,,,,,,,,0.8627529207645012,0.6134038310534827,0.6170838254225618,0.8648270415066937,,,,0.2926437793220907,,,,,,,,1.4395661021324027,1.4395661021324027,1.6168278894294388,1.6168278894294388,1.87854191967586,1.87854191967586,2.488582123673268,2.488582123673268,,,,,-0.07410799180360525,,-0.12268035847177883,-0.12268035847177883,-0.10477750083283499,-0.10477750083283499,24.193920376009363,24.193920376009363,,1.4805999755859376,1.4805999755859376,1.6429047471001035,1.6429047471001035,1.8841587342913189,1.8841587342913189,2.830845241035734,2.830845241035734,1.8283800029754638,2.5685700052976608,0,65649.99759197235,504790.27109808393,,,,,,,
2025-12-03,,,,,,,1.33000004291534420,1.33000004291534420,1.27499997615814200,1.29200005531311040,9100,,,,,1.29200005531311040,,,,,,,,,,,,,,,,,,,,,,,,,,,,,,,,,,,,,,,,,,,,,,,,,,,,,,,,,,,,,,,,,,,,,,,,,,,,,,,,,,,,,,,,,,,,,,,,,,,,,,,,,,,,,,,,,,,,,,,,,,,,,,,,,,,,,,,,,,,,,0.711149310448377,0.6150493614883948,0.6138742465502983,0.8647195337629354,,,,0.23774275832161024,,,,,,,,1.3903774198593053,1.3903774198593053,1.5872980863279544,1.5872980863279544,1.860212486414524,1.860212486414524,2.4791229768878122,2.4791229768878122,,,,,-0.006172779615294876,,-0.13279538228649823,-0.13279538228649823,-0.11038107712356764,-0.11038107712356764,23.921560996833485,23.921560996833485,,1.4229999780654907,1.4229999780654907,1.6134761798949468,1.6134761798949468,1.8699047660070753,1.8699047660070753,2.817361114044038,2.817361114044038,1.808820004463196,2.5523300057649614,0,11757.200503349304,504810.036181079,,,,,,,
2025-12-04,,,,,,,1.25999999046325680,1.30999994277954100,1.25000000000000000,1.27499997615814200,11300,,,,,1.27499997615814200,,,,,,,,,,,,,,,,,,,,,,,,,,,,,,,,,,,,,,,,,,,,,,,,,,,,,,,,,,,,,,,,,,,,,,,,,,,,,,,,,,,,,,,,,,,,,,,,,,,,,,,,,,,,,,,,,,,,,,,,,,,,,,,,,,,,,,,,,,,,,0.685504208942826,0.6133596676748535,0.61371120893543,0.8646397542875559,,,,0.2305049620419839,,,,,,,,1.3519182719589176,1.3519182719589176,1.5589073490397896,1.5589073490397896,1.8419245954690122,1.8419245954690122,2.4696042179887634,2.4696042179887634,,,,,-0.013245288261521269,,-0.14056305247521883,-0.14056305247521883,-0.11641747219389788,-0.11641747219389788,23.32076084314535,23.32076084314535,,1.3633999824523926,1.3633999824523926,1.5860952252433413,1.5860952252433413,1.8553809551965623,1.8553809551965623,2.804166669883425,2.804166669883425,1.791520001888275,2.53730500459671,0,14407.499730587006,504983.10760392086,,,,,,,
2025-12-05,,,,,,,1.25999999046325680,1.36500000953674320,1.25999999046325680,1.34000003337860100,21800,,,,,1.34000003337860100,,,,,,,,,,,,,,,,,,,,,,,,,,,,,,,,,,,,,,,,,,,,,,,,,,,,,,,,,,,,,,,,,,,,,,,,,,,,,,,,,,,,,,,,,,,,,,,,,,,,,,,,,,,,,,,,,,,,,,,,,,,,,,,,,,,,,,,,,,,,,0.9491130518521328,0.6542858895874609,0.6246642967120614,0.8653560576019548,,,,0.2471630782931168,,,,,,,,1.3479455257654787,1.3479455257654787,1.5390066839796814,1.5390066839796814,1.8262394529036867,1.8262394529036867,2.4606745406400665,2.4606745406400665,,,,,0.049723478961330635,,-0.1398617860644622,-0.1398617860644622,-0.12110633496801074,-0.12110633496801074,30.50741078574762,30.50741078574762,,1.321399998664856,1.321399998664856,1.5618095114117576,1.5618095114117576,1.8420476213334098,1.8420476213334098,2.7920634959425246,2.7920634959425246,1.778120002746582,2.5240550047159194,0,29212.000727653503,505315.2980876347,,,,,,,
2025-12-08,,,,,,,1.35000002384185800,1.38999998569488530,1.29999995231628420,1.34000003337860100,8500,,,,,1.34000003337860100,,,,,,,,,,,,,,,,,,,,,,,,,,,,,,,,,,,,,,,,,,,,,,,,,,,,,,,,,,,,,,,,,,,,,,,,,,,,,,,,,,,,,,,,,,,,,,,,,,,,,,,,,,,,,,,,,,,,,,,,,,,,,,,,,,,,,,,,,,,,,0.7007397999018696,0.6563057361144297,0.6226545576147775,0.8511601911138639,,,,0.1267003472427515,,,,,,,,1.3452970283031862,1.3452970283031862,1.5209151702886743,1.5209151702886743,1.8110444710435278,1.8110444710435278,2.451815453626142,2.451815453626142,,,,,0,,-0.13771849430601213,-0.13771849430601213,-0.12442876683561102,-0.12442876683561102,30.50741078574762,30.50741078574762,,1.3094000101089478,1.3094000101089478,1.5384761776242937,1.5384761776242937,1.8280793674408444,1.8280793674408444,2.7825396865133256,2.7825396865133256,1.767200002670288,2.5105550050735475,0,11390.00028371811,505252.9488826555,,,,,,,
2025-12-09,,,,,,,1.33000004291534420,1.41999995708465580,1.30200004577636720,1.30999994277954100,10600,,,,,1.30999994277954100,,,,,,,,,,,,,,,,,,,,,,,,,,,,,,,,,,,,,,,,,,,,,,,,,,,,,,,,,,,,,,,,,,,,,,,,,,,,,,,,,,,,,,,,,,,,,,,,,,,,,,,,,,,,,,,,,,,,,,,,,,,,,,,,,,,,,,,,,,,,,0.44807933421136337,0.6397504120604072,0.6228042980233421,0.8381766864756043,,,,0.13501031648625922,,,,,,,,1.3335313331286378,1.3335313331286378,1.5017410586969349,1.5017410586969349,1.7953868295352782,1.7953868295352782,2.4427892440542323,2.4427892440542323,,,,,-0.022642545338903967,,-0.13686300520622852,-0.13686300520622852,-0.12691561450973451,-0.12691561450973451,29.050028606768752,29.050028606768752,,1.311400008201599,1.311400008201599,1.5184761739912487,1.5184761739912487,1.8134761916266546,1.8134761916266546,2.775000003595201,2.775000003595201,1.7544000005722047,2.4975550043582917,0,13885.999393463135,503993.7742571982,,,,,,,
2025-12-10,,,,,,,1.30999994277954100,1.33000004291534420,1.27999997138977050,1.30099999904632570,6300,,,,,1.30099999904632570,,,,,,,,,,,,,,,,,,,,,,,,,,,,,,,,,,,,,,,,,,,,,,,,,,,,,,,,,,,,,,,,,,,,,,,,,,,,,,,,,,,,,,,,,,,,,,,,,,,,,,,,,,,,,,,,,,,,,,,,,,,,,,,,,,,,,,,,,,,,,0.44888908468121685,0.6042484130184093,0.6225013182355703,0.8228312997593626,,,,0.10677545248175616,,,,,,,,1.3226875551012003,1.3226875551012003,1.4834918714559704,1.4834918714559704,1.7799372410824985,1.7799372410824985,2.4337632421174105,2.4337632421174105,,,,,-0.0068938947359830265,,-0.13535100207592832,-0.13535100207592832,-0.12860269202297328,-0.12860269202297328,28.60849373573822,28.60849373573822,,1.3131999969482422,1.3131999969482422,1.4942380814325242,1.4942380814325242,1.7993650795921448,1.7993650795921448,2.7652817496231625,2.7652817496231625,1.7414199995994568,2.485110004544258,0,8196.299993991852,76361.24403287494,,,,,,,
2025-12-11,,,,,,,1.40999996662139900,1.40999996662139900,1.29999995231628420,1.29999995231628420,35000,,,,,1.29999995231628420,,,,,,,,,,,,,,,,,,,,,,,,,,,,,,,,,,,,,,,,,,,,,,,,,,,,,,,,,,,,,,,,,,,,,,,,,,,,,,,,,,,,,,,,,,,,,,,,,,,,,,,,,,,,,,,,,,,,,,,,,,,,,,,,,,,,,,,,,,,,,0.4316738178924015,0.6054863362394644,0.5699384029100925,0.8227479523067467,,,,-0.09986683128231583,,,,,,,,1.3151250208395617,1.3151250208395617,1.4668107878978172,1.4668107878978172,1.7649392008085543,1.7649392008085543,2.424800686466809,2.424800686466809,,,,,-0.0007689710096274734,,-0.13270369848420405,-0.13270369848420405,-0.12942289331521944,-0.12942289331521944,28.556555230736354,28.556555230736354,,1.3181999921798706,1.3181999921798706,1.4704285576230003,1.4704285576230003,1.7895238096751864,1.7895238096751864,2.755440479706204,2.755440479706204,1.7286199975013732,2.4721600037813185,0,45499.998331069946,63488.03796105915,,,,,,,
2025-12-12,,,,,,,1.29999995231628420,1.35500001907348630,1.27999997138977050,1.27999997138977050,40200,,,,,1.27999997138977050,,,,,,,,,,,,,,,,,,,,,,,,,,,,,,,,,,,,,,,,,,,,,,,,,,,,,,,,,,,,,,,,,,,,,,,,,,,,,,,,,,,,,,,,,,,,,,,,,,,,,,,,,,,,,,,,,,,,,,,,,,,,,,,,,,,,,,,,,,,,,0.155026117536042,0.6037328231072114,0.5425582638640961,0.822511407224185,,,,-0.23848890013859717,,,,,,,,1.3034166710229647,1.3034166710229647,1.4498279863970855,1.4498279863970855,1.7497848498892172,1.7497848498892172,2.4157508784424846,2.4157508784424846,,,,,-0.015504172207925167,,-0.1307127474422709,-0.1307127474422709,-0.12968086414062974,-0.12968086414062974,27.481980913031304,27.481980913031304,,1.3061999797821044,1.3061999797821044,1.4480476038796561,1.4480476038796561,1.776825397733658,1.776825397733658,2.745242067272701,2.745242067272701,1.714619996547699,2.4603100031614304,0,51455.998849868774,58573.24450224165,,,,,,,
2025-12-15,,,,,,,1.25999999046325680,1.27999997138977050,1.13999998569488530,1.19000005722045900,27100,,,,,1.19000005722045900,,,,,,,,,,,,,,,,,,,,,,,,,,,,,,,,,,,,,,,,,,,,,,,,,,,,,,,,,,,,,,,,,,,,,,,,,,,,,,,,,,,,,,,,,,,,,,,,,,,,,,,,,,,,,,,,,,,,,,,,,,,,,,,,,,,,,,,,,,,,,0.4558124566790344,0.6233404635356664,0.5518967928080848,0.8200028693700471,,,,-0.24127726440155994,,,,,,,,1.265611133088796,1.265611133088796,1.4262072655628468,1.4262072655628468,1.7322915751183185,1.7322915751183185,2.4060611486304526,2.4060611486304526,,,,,-0.0729067003719276,,-0.13484276188796906,-0.13484276188796906,-0.1307132436900976,-0.1307132436900976,23.24334209919054,23.24334209919054,,1.2761999845504761,1.2761999845504761,1.4256666558129447,1.4256666558129447,1.7642857157994831,1.7642857157994831,2.736115083334938,2.736115083334938,1.6986199975013734,2.4487600034475325,0,32249.00155067444,56234.561959713224,,,,,,,
2025-12-16,,,,,,,1.20000004768371580,1.26999998092651370,1.12999999523162840,1.25999999046325680,22300,,,,,1.25999999046325680,,,,,,,,,,,,,,,,,,,,,,,,,,,,,,,,,,,,,,,,,,,,,,,,,,,,,,,,,,,,,,,,,,,,,,,,,,,,,,,,,,,,,,,,,,,,,,,,,,,,,,,,,,,,,,,,,,,,,,,,,,,,,,,,,,,,,,,,,,,,,0.7347033671856465,0.6714209079325936,0.5670802100454495,0.8195264754985364,,,,-0.19532048570184,,,,,,,,1.2637407522136164,1.2637407522136164,1.411097513281066,1.411097513281066,1.717532463097848,1.717532463097848,2.397001376629131,2.397001376629131,,,,,0.05715835818668655,,-0.13095781828174902,-0.13095781828174902,-0.13076215860842788,-0.13076215860842788,32.02484407668693,32.02484407668693,,1.2661999940872193,1.2661999940872193,1.4085237979888916,1.4085237979888916,1.7531746039314875,1.7531746039314875,2.7282182579002683,2.7282182579002683,1.6840199971199035,2.438460003733635,0,28097.999787330627,54092.11746151485,,,,,,,
2025-12-17,,,,,,,1.33000004291534420,1.33500003814697270,1.26999998092651370,1.29999995231628420,25700,,,,,1.29999995231628420,,,,,,,,,,,,,,,,,,,,,,,,,,,,,,,,,,,,,,,,,,,,,,,,,,,,,,,,,,,,,,,,,,,,,,,,,,,,,,,,,,,,,,,,,,,,,,,,,,,,,,,,,,,,,,,,,,,,,,,,,,,,,,,,,,,,,,,,,,,,,0.7857495318991391,0.6766547868886096,0.5607209467383807,0.8202045956438028,,,,-0.16213156609946713,,,,,,,,1.275827152247839,1.275827152247839,1.4009977350115403,1.4009977350115403,1.704484572135924,1.704484572135924,2.3883294286108474,2.3883294286108474,,,,,0.03125251439316623,,-0.12323078210875082,-0.12323078210875082,-0.12925588330849247,-0.12925588330849247,36.49581387262785,36.49581387262785,,1.265999984741211,1.265999984741211,1.3966190360841297,1.3966190360841297,1.7411111120193723,1.7411111120193723,2.7206627021706296,2.7206627021706296,1.6700199961662292,2.4287100034952163,0,33409.9987745285,51421.26038812456,,,,,,,
2025-12-18,,,,,,,1.28499996662139900,1.36000001430511470,1.22000002861022950,1.30999994277954100,50600,,,,,1.30999994277954100,,,,,,,,,,,,,,,,,,,,,,,,,,,,,,,,,,,,,,,,,,,,,,,,,,,,,,,,,,,,,,,,,,,,,,,,,,,,,,,,,,,,,,,,,,,,,,,,,,,,,,,,,,,,,,,,,,,,,,,,,,,,,,,,,,,,,,,,,,,,,0.7876115717209881,0.6789236785839986,0.5587328718291468,0.8168546293761183,,,,-0.12971737715760867,,,,,,,,1.287218082425073,1.287218082425073,1.3927252084449948,1.3927252084449948,1.692156927468537,1.692156927468537,2.3798050848493353,2.3798050848493353,,,,,0.007662865745610478,,-0.11497477695496006,-0.11497477695496006,-0.126399662037786,-0.126399662037786,37.60079602902608,37.60079602902608,,1.2679999828338624,1.2679999828338624,1.3856666542234874,1.3856666542234874,1.7303174601660833,1.7303174601660833,2.7122103207641177,2.7122103207641177,1.6572199940681458,2.4178100031614305,0,66285.99710464478,50755.06985774116,,,,,,,
2025-12-19,,,,,,,1.32000005245208740,1.35000002384185800,1.27999997138977050,1.35000002384185800,70700,,,,,1.35000002384185800,,,,,,,,,,,,,,,,,,,,,,,,,,,,,,,,,,,,,,,,,,,,,,,,,,,,,,,,,,,,,,,,,,,,,,,,,,,,,,,,,,,,,,,,,,,,,,,,,,,,,,,,,,,,,,,,,,,,,,,,,,,,,,,,,,,,,,,,,,,,,0.7919599516101163,0.6914482388772735,0.5517083584005573,0.8175312805247154,,,,-0.00701306879894146,,,,,,,,1.308145396230668,1.308145396230668,1.3888411007538006,1.3888411007538006,1.6814645242302033,1.6814645242302033,2.3716643333789205,2.3716643333789205,,,,,0.030077516577653975,,-0.10400525332288812,-0.10400525332288812,-0.12192078029480641,-0.12192078029480641,41.95178282523833,41.95178282523833,,1.2819999933242798,1.2819999933242798,1.3770952281497775,1.3770952281497775,1.7185238107802376,1.7185238107802376,2.703876987336174,2.703876987336174,1.6448199939727783,2.4072600030899047,0,95445.00168561935,48642.20333023677,,,,,,,
2025-12-22,,,,,,,1.30999994277954100,1.34000003337860100,1.20000004768371580,1.25000000000000000,37100,,,,,1.25000000000000000,,,,,,,,,,,,,,,,,,,,,,,,,,,,,,,,,,,,,,,,,,,,,,,,,,,,,,,,,,,,,,,,,,,,,,,,,,,,,,,,,,,,,,,,,,,,,,,,,,,,,,,,,,,,,,,,,,,,,,,,,,,,,,,,,,,,,,,,,,,,,0.8189709061728426,0.7339679374874557,0.5395444589400961,0.8128270911028225,,,,-0.044294172838161255,,,,,,,,1.288763597487112,1.288763597487112,1.376219182503455,1.376219182503455,1.6679812578480095,1.6679812578480095,2.362797421652605,2.362797421652605,,,,,-0.07696105879676363,,-0.1022028620279043,-0.1022028620279043,-0.11797719664142599,-0.11797719664142599,35.32098948188958,35.32098948188958,,1.293999981880188,1.293999981880188,1.3643333230699812,1.3643333230699812,1.7023333348925151,1.7023333348925151,2.6935595273971558,2.6935595273971558,1.630819993019104,2.3959100031852723,0,46375,45825.58431246924,,,,,,,
2025-12-23,,,,,,,1.22000002861022950,1.22000002861022950,1.14999997615814200,1.19000005722045900,17300,,,,,1.19000005722045900,,,,,,,,,,,,,,,,,,,,,,,,,,,,,,,,,,,,,,,,,,,,,,,,,,,,,,,,,,,,,,,,,,,,,,,,,,,,,,,,,,,,,,,,,,,,,,,,,,,,,,,,,,,,,,,,,,,,,,,,,,,,,,,,,,,,,,,,,,,,,0.7788772142165888,0.6938697531978864,0.5362405945334984,0.8120457133146772,,,,-0.06481155511533715,,,,,,,,1.2558424173982277,1.2558424173982277,1.359290171114092,1.359290171114092,1.6530443453283985,1.6530443453283985,2.353526296242074,2.353526296242074,,,,,-0.049190196106353556,,-0.10441234733729177,-0.10441234733729177,-0.11526422678059915,-0.11526422678059915,32.04795343732382,32.04795343732382,,1.2799999952316283,1.2799999952316283,1.3438571350915092,1.3438571350915092,1.6872539690562658,1.6872539690562658,2.6839166709354947,2.6839166709354947,1.6151799941062928,2.3850600039958954,0,20587.00098991394,44538.86996337346,,,,,,,
2025-12-24,,,,,,,1.17999994754791260,1.19400000572204600,1.13999998569488530,1.15999996662139900,10700,,,,,1.15999996662139900,,,,,,,,,,,,,,,,,,,,,,,,,,,,,,,,,,,,,,,,,,,,,,,,,,,,,,,,,,,,,,,,,,,,,,,,,,,,,,,,,,,,,,,,,,,,,,,,,,,,,,,,,,,,,,,,,,,,,,,,,,,,,,,,,,,,,,,,,,,,,0.6810030396055136,0.6779461864846542,0.5262726990409764,0.808728296245255,,,,-0.056698478899534416,,,,,,,,1.2238949338059515,1.2238949338059515,1.3411728797965743,1.3411728797965743,1.6376367084938048,1.6376367084938048,2.3440913054940844,2.3440913054940844,,,,,-0.02553337886423942,,-0.1073467108914401,-0.1073467108914401,-0.11368072360276733,-0.11368072360276733,30.52485507631157,30.52485507631157,,1.2519999980926513,1.2519999980926513,1.3262380872453963,1.3262380872453963,1.67376190518576,1.67376190518576,2.675265877492844,2.675265877492844,1.598779993057251,2.3722600036859514,0,12411.999642848969,41357.17156103679,,,,,,,
2025-12-26,,,,,,,1.16499996185302730,1.16900002956390380,1.05999994277954100,1.10500001907348630,35700,,,,,1.10500001907348630,,,,,,,,,,,,,,,,,,,,,,,,,,,,,,,,,,,,,,,,,,,,,,,,,,,,,,,,,,,,,,,,,,,,,,,,,,,,,,,,,,,,,,,,,,,,,,,,,,,,,,,,,,,,,,,,,,,,,,,,,,,,,,,,,,,,,,,,,,,,,0.6382667375855785,0.6675179013385721,0.5207007258024241,0.8090246431239666,,,,-0.07580747705627693,,,,,,,,1.1842632955617964,1.1842632955617964,1.319702619730839,1.319702619730839,1.6209918119494198,1.6209918119494198,2.334296117459139,2.334296117459139,,,,,-0.04857462411282713,,-0.11280984953863848,-0.11280984953863848,-0.11350654878994157,-0.11350654878994157,27.9063408559595,27.9063408559595,,1.2110000133514405,1.2110000133514405,1.303619038491022,1.303619038491022,1.6613650795013186,1.6613650795013186,2.6669523853158195,2.6669523853158195,1.581279993057251,2.3577850037813186,0,39448.50068092346,39387.84294923147,,,,,,,
2025-12-29,,,,,,,1.12000000476837160,1.15999996662139900,0.94099998474121090,1.14999997615814200,106600,,,,,1.14999997615814200,,,,,,,,,,,,,,,,,,,,,,,,,,,,,,,,,,,,,,,,,,,,,,,,,,,,,,,,,,,,,,,,,,,,,,,,,,,,,,,,,,,,,,,,,,,,,,,,,,,,,,,,,,,,,,,,,,,,,,,,,,,,,,,,,,,,,,,,,,,,,0.7012465912767811,0.6951694171511317,0.5229987849482154,0.803705458988296,,,,0.08461690226271892,,,,,,,,1.1728421890939116,1.1728421890939116,1.3042751066787757,1.3042751066787757,1.6062733170809425,1.6062733170809425,2.3249340926267203,2.3249340926267203,,,,,0.03991656941231863,,-0.1122147638732669,-0.1122147638732669,-0.11324819180660663,-0.11324819180660663,32.97260874701694,32.97260874701694,,1.1710000038146973,1.1710000038146973,1.2834761823926653,1.2834761823926653,1.6486666656675792,1.6486666656675792,2.657507940890297,2.657507940890297,1.5660799932479859,2.3430350041389465,0,122589.99745845795,39851.096840888735,,,,,,,
2025-12-30,,,,,,,1.09000003337860100,1.15999996662139900,1.04999995231628420,1.14999997615814200,30300,,,,,1.14999997615814200,,,,,,,,,,,,,,,,,,,,,,,,,,,,,,,,,,,,,,,,,,,,,,,,,,,,,,,,,,,,,,,,,,,,,,,,,,,,,,,,,,,,,,,,,,,,,,,,,,,,,,,,,,,,,,,,,,,,,,,,,,,,,,,,,,,,,,,,,,,,,0.595767774964239,0.6970889499940397,0.5229987849482154,0.803716184162029,,,,0.12397568142467827,,,,,,,,1.1652281181153217,1.1652281181153217,1.2902500948132636,1.2902500948132636,1.592014775177105,1.592014775177105,2.315646075895743,2.315646075895743,,,,,0,,-0.11046972793745424,-0.11046972793745424,-0.11269249903277616,-0.11269249903277616,32.97260874701694,32.97260874701694,,1.1509999990463258,1.1509999990463258,1.2644285644803728,1.2644285644803728,1.63596825183384,1.63596825183384,2.648103178966613,2.648103178966613,1.5498799920082091,2.328185004591942,0,34844.999277591705,39667.52538283666,,,,,,,
2025-12-31,,,,,,,1.14999997615814200,1.17999994754791260,1.08000004291534420,1.17999994754791260,11900,,,,,1.17999994754791260,,,,,,,,,,,,,,,,,,,,,,,,,,,,,,,,,,,,,,,,,,,,,,,,,,,,,,,,,,,,,,,,,,,,,,,,,,,,,,,,,,,,,,,,,,,,,,,,,,,,,,,,,,,,,,,,,,,,,,,,,,,,,,,,,,,,,,,,,,,,,0.5753127677459219,0.6322022516189375,0.5274080921871823,0.8040008147985175,,,,0.17063184091809078,,,,,,,,1.1701520612595186,1.1701520612595186,1.280227354152777,1.280227354152777,1.5791393118136927,1.5791393118136927,2.306668636145958,2.306668636145958,,,,,0.025752472383542852,,-0.1054504601510955,-0.1054504601510955,-0.11124409125644003,-0.11124409125644003,36.42677647609644,36.42677647609644,,1.1489999771118165,1.1489999771118165,1.2539523726417905,1.2539523726417905,1.6239047580295138,1.6239047580295138,2.638579369537414,2.638579369537414,1.534479990005493,2.312385003566742,0,14041.99937582016,38972.76344110096,,,,,,,
2026-01-02,,,,,,,1.19000005722045900,1.28999996185302730,1.17999994754791260,1.25999999046325680,21200,,,,,1.25999999046325680,,,,,,,,,,,,,,,,,,,,,,,,,,,,,,,,,,,,,,,,,,,,,,,,,,,,,,,,,,,,,,,,,,,,,,,,,,,,,,,,,,,,,,,,,,,,,,,,,,,,,,,,,,,,,,,,,,,,,,,,,,,,,,,,,,,,,,,,,,,,,0.6897396070653583,0.6337573484040477,0.5447230014457781,0.8017044546256813,,,,0.2301052414620697,,,,,,,,1.200101370994098,1.200101370994098,1.2783885029082753,1.2783885029082753,1.5691662080214916,1.5691662080214916,2.2983945757057787,2.2983945757057787,,,,,0.06559731936789186,,-0.09393450093889455,-0.09393450093889455,-0.10778217319293093,-0.10778217319293093,44.62235558646837,44.62235558646837,,1.168999981880188,1.168999981880188,1.2520476125535511,1.2520476125535511,1.6124761861468118,1.6124761861468118,2.6280634961430986,2.6280634961430986,1.5210799908638,2.2980350029468535,0,26711.999797821045,37944.76342390454,,,,,,,
2026-01-05,,,,,,,1.28999996185302730,1.45000004768371580,1.28999996185302730,1.41999995708465580,43500,,,,,1.41999995708465580,,,,,,,,,,,,,,,,,,,,,,,,,,,,,,,,,,,,,,,,,,,,,,,,,,,,,,,,,,,,,,,,,,,,,,,,,,,,,,,,,,,,,,,,,,,,,,,,,,,,,,,,,,,,,,,,,,,,,,,,,,,,,,,,,,,,,,,,,,,,,0.7217791371774137,0.7592543419870631,0.6004484653454866,0.8112349407818598,,,,0.2654037598833263,,,,,,,,1.2734008996909507,1.2734008996909507,1.2912622714697644,1.2912622714697644,1.5645047626797155,1.5645047626797155,2.2914507447285364,2.2914507447285364,,,,,0.11954512799655262,,-0.07107801702860916,-0.07107801702860916,-0.10044134196006657,-0.10044134196006657,56.6571187286147,56.6571187286147,,1.231999969482422,1.231999969482422,1.2581428459712438,1.2581428459712438,1.60342856626662,1.60342856626662,2.6183015907567646,2.6183015907567646,1.5114799904823304,2.2845850020647047,0,61769.998133182526,38009.20783432703,,,,,,,
2026-01-06,,,,,,,1.47000002861022950,1.47000002861022950,1.37000000476837160,1.41999995708465580,10200,,,,,1.41999995708465580,,,,,,,,,,,,,,,,,,,,,,,,,,,,,,,,,,,,,,,,,,,,,,,,,,,,,,,,,,,,,,,,,,,,,,,,,,,,,,,,,,,,,,,,,,,,,,,,,,,,,,,,,,,,,,,,,,,,,,,,,,,,,,,,,,,,,,,,,,,,,0.8079603004404995,0.7567363563768946,0.6004484653454866,0.8112079824276058,,,,0.2687851765005506,,,,,,,,1.322267252155519,1.322267252155519,1.3029656974347545,1.3029656974347545,1.5599889875048698,1.5599889875048698,2.2845618056957786,2.2845618056957786,,,,,0,,-0.052360509497433094,-0.052360509497433094,-0.09082517546753988,-0.09082517546753988,56.6571187286147,56.6571187286147,,1.2859999656677246,1.2859999656677246,1.2650476069677443,1.2650476069677443,1.594380946386428,1.594380946386428,2.608718257101755,2.608718257101755,1.5022799897193908,2.2717350018024445,0,14483.999562263489,36514.44591435175,,,,,,,
2026-01-07,,,,,,,1.44000005722045900,1.53999996185302730,1.34000003337860100,1.45000004768371580,202300,,,,,1.45000004768371580,,,,,,,,,,,,,,,,,,,,,,,,,,,,,,,,,,,,,,,,,,,,,,,,,,,,,,,,,,,,,,,,,,,,,,,,,,,,,,,,,,,,,,,,,,,,,,,,,,,,,,,,,,,,,,,,,,,,,,,,,,,,,,,,,,,,,,,,,,,,,0.7508124205385087,0.7417756588018636,0.602402380163369,0.7850296884658151,,,,0.22058819271692567,,,,,,,,1.364844850664918,1.364844850664918,1.3163324565482963,1.3163324565482963,1.5565518331354586,1.5565518331354586,2.2779644795454854,2.2779644795454854,,,,,0.020906747926708276,,-0.034705925036359275,-0.034705925036359275,-0.07960132538130375,-0.07960132538130375,58.612985244958466,58.612985244958466,,1.3459999799728393,1.3459999799728393,1.2702857028870356,1.2702857028870356,1.5856507884131537,1.5856507884131537,2.5958611142067682,2.5958611142067682,1.492679991722107,2.258835000991821,0,293335.0096464157,39916.58892461232,,,,,,,
2026-01-08,,,,,,,1.46000003814697270,1.46000003814697270,1.32000005245208740,1.42999994754791260,30600,,,,,1.42999994754791260,,,,,,,,,,,,,,,,,,,,,,,,,,,,,,,,,,,,,,,,,,,,,,,,,,,,,,,,,,,,,,,,,,,,,,,,,,,,,,,,,,,,,,,,,,,,,,,,,,,,,,,,,,,,,,,,,,,,,,,,,,,,,,,,,,,,,,,,,,,,,0.8636284240476155,0.7442183599702706,0.6012763052727276,0.782659406944705,,,,0.2366126710438634,,,,,,,,1.3865632162925827,1.3865632162925827,1.3266658648209888,1.3266658648209888,1.5525970867108478,1.5525970867108478,2.2712612026126986,2.2712612026126986,,,,,-0.013889181725769854,,-0.022073926110039777,-0.022073926110039777,-0.06809584552705096,-0.06809584552705096,56.77364325546329,56.77364325546329,,1.3959999799728393,1.3959999799728393,1.274571413085574,1.274571413085574,1.5773968185697282,1.5773968185697282,2.584115082782412,2.584115082782412,1.4822799897193908,2.2460850006341935,0,43757.998394966125,39747.58887801851,,,,,,,
2026-01-09,,,,,,,1.45000004768371580,1.65999996662139900,1.45000004768371580,1.64999997615814200,65100,,,,,1.64999997615814200,,,,,,,,,,,,,,,,,,,,,,,,,,,,,,,,,,,,,,,,,,,,,,,,,,,,,,,,,,,,,,,,,,,,,,,,,,,,,,,,,,,,,,,,,,,,,,,,,,,,,,,,,,,,,,,,,,,,,,,,,,,,,,,,,,,,,,,,,,,,,1.1462452691062943,0.880914686550869,0.669717577430624,0.7962672832746386,,,,0.2978824869437482,,,,,,,,1.4743754695811027,1.4743754695811027,1.356059874942548,1.356059874942548,1.5556409270060758,1.5556409270060758,2.266350046672346,2.266350046672346,,,,,0.14310086587084436,,0.005624353691283668,0.005624353691283668,-0.05335180568338404,-0.05335180568338404,68.48802785802039,68.48802785802039,,1.4739999771118164,1.4739999771118164,1.2907618908655076,1.2907618908655076,1.5723174526577903,1.5723174526577903,2.5735992089150446,2.5735992089150446,1.477679989337921,2.2341849994659424,0,107414.99844789505,40770.90630379934,,,,,,,
2026-01-12,,,,,,,1.64999997615814200,1.67499995231628420,1.56299996376037600,1.64999997615814200,37600,,,,,1.64999997615814200,,,,,,,,,,,,,,,,,,,,,,,,,,,,,,,,,,,,,,,,,,,,,,,,,,,,,,,,,,,,,,,,,,,,,,,,,,,,,,,,,,,,,,,,,,,,,,,,,,,,,,,,,,,,,,,,,,,,,,,,,,,,,,,,,,,,,,,,,,,,,1.022666751861904,0.8794739565378523,0.6695708240597014,0.7845271863605681,,,,0.31129729725469835,,,,,,,,1.532916971773449,1.532916971773449,1.382781702325784,1.382781702325784,1.558589647292078,1.558589647292078,2.2614777140991116,2.2614777140991116,,,,,0,,0.027261189960795962,0.027261189960795962,-0.03722920655454803,-0.03722920655454803,68.48802785802039,68.48802785802039,,1.5199999809265137,1.5199999809265137,1.3073809373946417,1.3073809373946417,1.567555546760559,1.567555546760559,2.565305557988939,2.565305557988939,1.4730799889564514,2.222234999537468,0,62039.99910354614,39827.33481384459,,,,,,,
2026-01-13,,,,,,,1.62999999523162840,1.69000005722045900,1.58000004291534420,1.67999994754791260,79700,,,,,1.67999994754791260,,,,,,,,,,,,,,,,,,,,,,,,,,,,,,,,,,,,,,,,,,,,,,,,,,,,,,,,,,,,,,,,,,,,,,,,,,,,,,,,,,,,,,,,,,,,,,,,,,,,,,,,,,,,,,,,,,,,,,,,,,,,,,,,,,,,,,,,,,,,,0.9970189492560974,0.8786286873067204,0.6702810697433534,0.7828520496136124,,,,0.39967700299090103,,,,,,,,1.581944630364937,1.581944630364937,1.409801542800523,1.409801542800523,1.5623837191750727,1.5623837191750727,2.256881051912936,2.256881051912936,,,,,0.018018488730808087,,0.046295618488392254,0.046295618488392254,-0.020524241545959977,-0.020524241545959977,69.78308358974661,69.78308358974661,,1.571999979019165,1.571999979019165,1.3254761752628146,1.3254761752628146,1.5629206252476526,1.5629206252476526,2.5563373035854764,2.5563373035854764,1.468879988193512,2.2106349992752077,0,133895.99581956863,41254.64268298376,,,,,,,
2026-01-14,,,,,,,1.64999997615814200,1.69000005722045900,1.61000001430511470,1.63999998569488530,96400,,,,,1.63999998569488530,,,,,,,,,,,,,,,,,,,,,,,,,,,,,,,,,,,,,,,,,,,,,,,,,,,,,,,,,,,,,,,,,,,,,,,,,,,,,,,,,,,,,,,,,,,,,,,,,,,,,,,,,,,,,,,,,,,,,,,,,,,,,,,,,,,,,,,,,,,,,1.0808603282728857,0.8825396857055197,0.6715185793777527,0.7791518979641513,,,,0.39351589965618666,,,,,,,,1.6012964154749196,1.6012964154749196,1.4307286739727376,1.4307286739727376,1.564809227503817,1.564809227503817,2.2520045217452043,2.2520045217452043,,,,,-0.02409752908021036,,0.05749016674836538,0.05749016674836538,-0.004921359887094906,-0.004921359887094906,65.89455053986087,65.89455053986087,,1.6099999666213989,1.6099999666213989,1.3426190330868675,1.3426190330868675,1.557523799321008,1.557523799321008,2.548440477677754,2.548440477677754,1.4626799869537352,2.199384998679161,0,158095.99862098694,42645.24582491981,,,,,,,
2026-01-15,,,,,,,1.55999994277954100,1.61399996280670170,1.49000000953674320,1.51999998092651370,38000,,,,,1.51999998092651370,,,,,,,,,,,,,,,,,,,,,,,,,,,,,,,,,,,,,,,,,,,,,,,,,,,,,,,,,,,,,,,,,,,,,,,,,,,,,,,,,,,,,,,,,,,,,,,,,,,,,,,,,,,,,,,,,,,,,,,,,,,,,,,,,,,,,,,,,,,,,1.2899441047540008,0.8863199866878132,0.6871575059192779,0.7824609277094232,,,,0.3780301213488036,,,,,,,,1.5741976039587844,1.5741976039587844,1.4388442473321719,1.4388442473321719,1.5634089385482761,1.5634089385482761,2.2462179245845824,2.2462179245845824,,,,,-0.07598591080363738,,0.05603301566855001,0.05603301566855001,0.007269515224034077,0.007269515224034077,55.84147611518564,55.84147611518564,,1.627999973297119,1.627999973297119,1.3583333151681083,1.3583333151681083,1.5502222114139133,1.5502222114139133,2.539948413769404,2.539948413769404,1.4548799872398377,2.1905849987268446,0,57759.99927520752,42289.21405512189,,,,,,,
2026-01-16,,,,,,,1.49000000953674320,1.49000000953674320,1.40999996662139900,1.42999994754791260,12000,,,,,1.42999994754791260,,,,,,,,,,,,,,,,,,,,,,,,,,,,,,,,,,,,,,,,,,,,,,,,,,,,,,,,,,,,,,,,,,,,,,,,,,,,,,,,,,,,,,,,,,,,,,,,,,,,,,,,,,,,,,,,,,,,,,,,,,,,,,,,,,,,,,,,,,,,,0.6304511788133178,0.9042513344832561,0.6936618819807381,0.7809633089139287,,,,0.35749141914428867,,,,,,,,1.5261317184884937,1.5261317184884937,1.4380402200790574,1.4380402200790574,1.559239907579515,1.559239907579515,2.239765608560577,2.239765608560577,,,,,-0.06103591471780488,,0.0470733303573696,0.0470733303573696,0.015230278250701182,0.015230278250701182,49.7153492925545,49.7153492925545,,1.5839999675750733,1.5839999675750733,1.3664285512197585,1.3664285512197585,1.542603163492112,1.542603163492112,2.5300277783757164,2.5300277783757164,1.4464799857139587,2.1811849987506866,0,17159.99937057495,41849.1346925024,,,,,,,
2026-01-20,,,,,,,1.37000000476837160,1.37999999523162840,1.30999994277954100,1.35000002384185800,12900,,,,,1.35000002384185800,,,,,,,,,,,,,,,,,,,,,,,,,,,,,,,,,,,,,,,,,,,,,,,,,,,,,,,,,,,,,,,,,,,,,,,,,,,,,,,,,,,,,,,,,,,,,,,,,,,,,,,,,,,,,,,,,,,,,,,,,,,,,,,,,,,,,,,,,,,,,0.5974141162863401,0.9251378403495204,0.698827364392397,0.7820224256266287,,,,0.3657193030357436,,,,,,,,1.4674211536062818,1.4674211536062818,1.4300365658756757,1.4300365658756757,1.552701161212713,1.552701161212713,2.2327318885232748,2.2327318885232748,,,,,-0.05756979748106038,,0.03313542538365555,0.03313542538365555,0.018811307677292055,0.018811307677292055,44.990563617838625,44.990563617838625,,1.5239999771118165,1.5239999771118165,1.3688095070066906,1.3688095070066906,1.532920623582507,1.532920623582507,2.5203849214410026,2.5203849214410026,1.4364799857139587,2.170734998583794,0,17415.000307559967,41543.78547971211,,,,,,,
2026-01-21,,,,,,,1.30999994277954100,1.45299994945526120,1.27999997138977050,1.37000000476837160,17000,,,,,1.37000000476837160,,,,,,,,,,,,,,,,,,,,,,,,,,,,,,,,,,,,,,,,,,,,,,,,,,,,,,,,,,,,,,,,,,,,,,,,,,,,,,,,,,,,,,,,,,,,,,,,,,,,,,,,,,,,,,,,,,,,,,,,,,,,,,,,,,,,,,,,,,,,,0.5772228410631326,0.9260218253175302,0.7000432805336888,0.781759304791469,,,,0.36421844287659483,,,,,,,,1.4349474373269784,1.4349474373269784,1.4245786966841025,1.4245786966841025,1.5469917500738273,1.5469917500738273,2.2259118736319317,2.2259118736319317,,,,,0.014706133209623233,,0.02343324275299019,0.02343324275299019,0.019735694692431683,0.019735694692431683,46.36296477071145,46.36296477071145,,1.4619999885559083,1.4619999885559083,1.3716666528156825,1.3716666528156825,1.5237142736949618,1.5237142736949618,2.5104642869934204,2.5104642869934204,1.4272799849510194,2.1617349982261658,0,23290.000081062317,41563.706107366655,,,,,,,
2026-01-22,,,,,,,1.33000004291534420,1.36500000953674320,1.28999996185302730,1.35000002384185800,17100,,,,,1.35000002384185800,,,,,,,,,,,,,,,,,,,,,,,,,,,,,,,,,,,,,,,,,,,,,,,,,,,,,,,,,,,,,,,,,,,,,,,,,,,,,,,,,,,,,,,,,,,,,,,,,,,,,,,,,,,,,,,,,,,,,,,,,,,,,,,,,,,,,,,,,,,,,0.5978224516138096,0.9219794435635069,0.7002186189789313,0.7817399112145929,,,,0.3203715926944965,,,,,,,,1.4066316328319384,1.4066316328319384,1.4177988173348075,1.4177988173348075,1.5408357586290784,1.5408357586290784,2.2189876692857653,2.2189876692857653,,,,,-0.014706133209623379,,0.013969332039636129,0.013969332039636129,0.018582422161872572,0.018582422161872572,45.14989628772984,45.14989628772984,,1.4039999961853027,1.4039999961853027,1.3716666528156825,1.3716666528156825,1.5145079256996277,1.5145079256996277,2.500345239090541,2.500345239090541,1.4196799850463868,2.154659997820854,0,23085.00040769577,41596.21405942099,,,,,,,
2026-01-23,,,,,,,1.25000000000000000,1.33000004291534420,1.25000000000000000,1.33000004291534420,5500,,,,,1.33000004291534420,,,,,,,,,,,,,,,,,,,,,,,,,,,,,,,,,,,,,,,,,,,,,,,,,,,,,,,,,,,,,,,,,,,,,,,,,,,,,,,,,,,,,,,,,,,,,,,,,,,,,,,,,,,,,,,,,,,,,,,,,,,,,,,,,,,,,,,,,,,,,0.5100175517243666,0.880859898314725,0.7001772331704118,0.7751953030954525,,,,0.3494574011392213,,,,,,,,1.381087769526407,1.381087769526407,1.4098171105694017,1.4098171105694017,1.5342471425130242,1.5342471425130242,2.211960099116829,2.211960099116829,,,,,-0.014925635610135437,,0.004799952437717581,0.004799952437717581,0.015825928217041572,0.015825928217041572,43.9125605288441,43.9125605288441,,1.3660000085830688,1.3660000085830688,1.3754761786687941,1.3754761786687941,1.5054603077116466,1.5054603077116466,2.4916944456478904,2.4916944456478904,1.4100799870491028,2.146884998083115,0,7315.000236034393,41012.642643376,,,,,,,
2026-01-26,,,,,,,1.30999994277954100,1.31599998474121100,1.24000000953674320,1.30999994277954100,18400,,,,,1.30999994277954100,,,,,,,,,,,,,,,,,,,,,,,,,,,,,,,,,,,,,,,,,,,,,,,,,,,,,,,,,,,,,,,,,,,,,,,,,,,,,,,,,,,,,,,,,,,,,,,,,,,,,,,,,,,,,,,,,,,,,,,,,,,,,,,,,,,,,,,,,,,,,0.40957815045410967,0.8631858956727037,0.7003673887150395,0.7732900227806602,,,,0.36345857385483454,,,,,,,,1.3573918272774517,1.3573918272774517,1.4007428225885055,1.4007428225885055,1.5272394175213528,1.5272394175213528,2.204829979303886,2.204829979303886,,,,,-0.015151880967518485,,-0.004034184326045631,-0.004034184326045631,0.011853905708424133,0.011853905708424133,42.65370796075238,42.65370796075238,,1.3420000076293945,1.3420000076293945,1.3811904589335124,1.3811904589335124,1.4964126878314548,1.4964126878314548,2.482230159971449,2.482230159971449,1.400279986858368,2.140384998321533,0,24103.998947143555,40923.75373897098,,,,,,,
2026-01-27,,,,,,,1.24199998378753660,1.25499999523162840,1.16999995708465580,1.21000003814697270,24700,,,,,1.21000003814697270,,,,,,,,,,,,,,,,,,,,,,,,,,,,,,,,,,,,,,,,,,,,,,,,,,,,,,,,,,,,,,,,,,,,,,,,,,,,,,,,,,,,,,,,,,,,,,,,,,,,,,,,,,,,,,,,,,,,,,,,,,,,,,,,,,,,,,,,,,,,,0.5495056887088317,0.9059763779287147,0.7125290564243517,0.7767160739710685,,,,0.3593490069740604,,,,,,,,1.3082612309006254,1.3082612309006254,1.383402569457457,1.383402569457457,1.5173256869159035,1.5173256869159035,2.1969657109943452,2.1969657109943452,,,,,-0.07940670239824665,,-0.018886743307363618,-0.018886743307363618,0.005705775905266583,0.005705775905266583,36.950052677865045,36.950052677865045,,1.3140000104904175,1.3140000104904175,1.3835714147204445,1.3835714147204445,1.4849841178409637,1.4849841178409637,2.4727063510153027,2.4727063510153027,1.3894799876213073,2.131934998035431,0,29887.000942230225,41241.91248833187,,,,,,,
2026-01-28,,,,,,,1.21000003814697270,1.21000003814697270,1.19000005722045900,1.20000004768371580,6100,,,,,1.20000004768371580,,,,,,,,,,,,,,,,,,,,,,,,,,,,,,,,,,,,,,,,,,,,,,,,,,,,,,,,,,,,,,,,,,,,,,,,,,,,,,,,,,,,,,,,,,,,,,,,,,,,,,,,,,,,,,,,,,,,,,,,,,,,,,,,,,,,,,,,,,,,,0.4717323112477147,0.8882108195617128,0.7116194151627122,0.7602831059529745,,,,0.3783543500915057,,,,,,,,1.2721741698283222,1.2721741698283222,1.3667296129325714,1.3667296129325714,1.5074092606898974,1.5074092606898974,2.189084559505724,2.189084559505724,,,,,-0.008298794604689195,,-0.03110585008686284,-0.03110585008686284,-0.0016565492931593022,-0.0016565492931593022,36.425502886845386,36.425502886845386,,1.2800000190734864,1.2800000190734864,1.3880952256066459,1.3880952256066459,1.4730793559362019,1.4730793559362019,2.4607579386423506,2.4607579386423506,1.3802799892425537,2.124524998664856,0,7320.0002908706665,41091.91248643966,,,,,,,
2026-01-29,,,,,,,1.15999996662139900,1.19799995422363280,1.13999998569488530,1.17999994754791260,12600,,,,,1.17999994754791260,,,,,,,,,,,,,,,,,,,,,,,,,,,,,,,,,,,,,,,,,,,,,,,,,,,,,,,,,,,,,,,,,,,,,,,,,,,,,,,,,,,,,,,,,,,,,,,,,,,,,,,,,,,,,,,,,,,,,,,,,,,,,,,,,,,,,,,,,,,,,0.46864932771993584,0.8809569960242546,0.7094578242058204,0.7564518146301847,,,,0.30708939415660214,,,,,,,,1.2414494290681857,1.2414494290681857,1.3497541888066933,1.3497541888066933,1.4971777196542104,1.4971777196542104,2.1811076060515115,2.1811076060515115,,,,,-0.01680720250373277,,-0.04192019130571545,-0.04192019130571545,-0.009709277695670532,-0.009709277695670532,35.34478034263863,35.34478034263863,,1.2460000038146972,1.2460000038146972,1.3895237956728255,1.3895237956728255,1.4619682440682062,1.4619682440682062,2.450043652265791,2.450043652265791,1.3714799880981445,2.118474997878075,0,14867.999339103699,41032.48390526998,,,,,,,
2026-01-30,,,,,,,1.12999999523162840,1.16999995708465580,1.12999999523162840,1.16999995708465580,8600,,,,,1.16999995708465580,,,,,,,,,,,,,,,,,,,,,,,,,,,,,,,,,,,,,,,,,,,,,,,,,,,,,,,,,,,,,,,,,,,,,,,,,,,,,,,,,,,,,,,,,,,,,,,,,,,,,,,,,,,,,,,,,,,,,,,,,,,,,,,,,,,,,,,,,,,,,0.48104002721745714,0.8815993504086015,0.7093015286317899,0.7564463357790282,,,,0.2947390244288002,,,,,,,,1.217632938407009,1.217632938407009,1.333412895013781,1.333412895013781,1.4869534145739118,1.4869534145739118,2.1731146602098765,2.1731146602098765,,,,,-0.008510681896768226,,-0.050712962824042584,-0.050712962824042584,-0.01791001472134494,-0.01791001472134494,34.7890006084374,34.7890006084374,,1.2139999866485596,1.2139999866485596,1.390476175716945,1.390476175716945,1.4506984021928575,1.4506984021928575,2.439289683387393,2.439289683387393,1.363879988193512,2.1140249979496004,0,10061.99963092804,40956.452153977894,,,,,,,
2026-02-02,,,,,,,1.12999999523162840,1.19000005722045900,1.12999999523162840,1.16999995708465580,5900,,,,,1.16999995708465580,,,,,,,,,,,,,,,,,,,,,,,,,,,,,,,,,,,,,,,,,,,,,,,,,,,,,,,,,,,,,,,,,,,,,,,,,,,,,,,,,,,,,,,,,,,,,,,,,,,,,,,,,,,,,,,,,,,,,,,,,,,,,,,,,,,,,,,,,,,,,0.5128197783310773,0.8769242449116529,0.7089906952614655,0.7559869819221843,,,,0.28407151095034866,,,,,,,,1.2017552779662246,1.2017552779662246,1.3185571733838604,1.3185571733838604,1.4770486190273726,1.4770486190273726,2.1651848997108627,2.1651848997108627,,,,,0,,-0.05702396087601902,-0.05702396087601902,-0.025732803952279757,-0.025732803952279757,34.7890006084374,34.7890006084374,,1.1859999895095825,1.1859999895095825,1.3899999856948853,1.3899999856948853,1.4392698303101554,1.4392698303101554,2.4290119054771604,2.4290119054771604,1.3564799880981446,2.109974997639656,0,6902.999746799469,40694.02358134588,,,,,,,
2026-02-03,,,,,,,1.13999998569488530,1.18499994277954100,1.13999998569488530,1.17999994754791260,4500,,,,,1.17999994754791260,,,,,,,,,,,,,,,,,,,,,,,,,,,,,,,,,,,,,,,,,,,,,,,,,,,,,,,,,,,,,,,,,,,,,,,,,,,,,,,,,,,,,,,,,,,,,,,,,,,,,,,,,,,,,,,,,,,,,,,,,,,,,,,,,,,,,,,,,,,,,0.1527077413652752,0.8444835819414868,0.7053734136192712,0.7556238885127462,,,,0.2822117781665306,,,,,,,,1.1945035011601206,1.1945035011601206,1.3059610619442288,1.3059610619442288,1.4677658480436395,1.4677658480436395,2.1573968763736064,2.1573968763736064,,,,,0.008510681896768206,,-0.060520909274361934,-0.060520909274361934,-0.032690425016696195,-0.032690425016696195,35.95693618270209,35.95693618270209,,1.1799999713897704,1.1799999713897704,1.3861904598417736,1.3861904598417736,1.427047606498476,1.427047606498476,2.419234127279312,2.419234127279312,1.3494799876213073,2.106349997520447,0,5309.999763965607,40029.26165452079,,,,,,,
2026-02-04,,,,,,,1.20000004768371580,1.20000004768371580,1.17999994754791260,1.17999994754791260,2300,,,,,1.17999994754791260,,,,,,,,,,,,,,,,,,,,,,,,,,,,,,,,,,,,,,,,,,,,,,,,,,,,,,,,,,,,,,,,,,,,,,,,,,,,,,,,,,,,,,,,,,,,,,,,,,,,,,,,,,,,,,,,,,,,,,,,,,,,,,,,,,,,,,,,,,,,,0.15285120418997547,0.7177051034755466,0.7050682877167853,0.7555639773482715,,,,0.2569674895064193,,,,,,,,1.1896689832893845,1.1896689832893845,1.2945100515445636,1.2945100515445636,1.458773163653148,1.458773163653148,2.1496704184382254,2.1496704184382254,,,,,0,,-0.06257098668874028,-0.06257098668874028,-0.03866653735110501,-0.03866653735110501,35.95693618270209,35.95693618270209,,1.1759999513626098,1.1759999513626098,1.3747618879590715,1.3747618879590715,1.4154603046084206,1.4154603046084206,2.4096706353482746,2.4096706353482746,1.3427199864387511,2.1037499970197677,0,2713.999879360199,39020.32516305409,,,,,,,
2026-02-05,,,,,,,1.13999998569488530,1.14499998092651370,1.13499999046325680,1.13999998569488530,8900,,,,,1.13999998569488530,,,,,,,,,,,,,,,,,,,,,,,,,,,,,,,,,,,,,,,,,,,,,,,,,,,,,,,,,,,,,,,,,,,,,,,,,,,,,,,,,,,,,,,,,,,,,,,,,,,,,,,,,,,,,,,,,,,,,,,,,,,,,,,,,,,,,,,,,,,,,0.2628056689581621,0.7222951794608664,0.7054463177505961,0.7443726883239548,,,,0.2574405423182333,,,,,,,,1.1731126507578848,1.1731126507578848,1.2804636819218655,1.2804636819218655,1.4488115018419523,1.4488115018419523,2.141688833989661,2.141688833989661,,,,,-0.03448614416859313,,-0.0666549931676117,-0.0666549931676117,-0.04426422851440635,-0.04426422851440635,33.19860022150531,33.19860022150531,,1.1679999589920045,1.1679999589920045,1.36142855598813,1.36142855598813,1.404190462733072,1.404190462733072,2.398003968927595,2.398003968927595,1.3331199860572815,2.0993499970436096,0,10145.999872684479,38726.21404405624,,,,,,,
2026-02-06,,,,,,,1.11000001430511470,1.13499999046325680,1.11000001430511470,1.13499999046325680,1400,,,,,1.13499999046325680,,,,,,,,,,,,,,,,,,,,,,,,,,,,,,,,,,,,,,,,,,,,,,,,,,,,,,,,,,,,,,,,,,,,,,,,,,,,,,,,,,,,,,,,,,,,,,,,,,,,,,,,,,,,,,,,,,,,,,,,,,,,,,,,,,,,,,,,,,,,,0.2628378029687124,0.7137182529535826,0.705306451580542,0.744108629265496,,,,0.322529987062974,,,,,,,,1.1604084306596756,1.1604084306596756,1.267239709971083,1.267239709971083,1.439004892111368,1.439004892111368,2.1337308194163302,2.1337308194163302,,,,,-0.004395607327108627,,-0.06949397230010401,-0.06949397230010401,-0.04931017727154588,-0.04931017727154588,32.85927421557795,32.85927421557795,,1.1609999656677246,1.1609999656677246,1.3464285532633464,1.3464285532633464,1.3928412558540466,1.3928412558540466,2.38671428627438,2.38671428627438,1.3252199864387513,2.094174996614456,0,1588.9999866485596,38434.293404836506,,,,,,,
2026-02-09,,,,,,,1.12000000476837160,1.20000004768371580,1.12000000476837160,1.17499995231628420,15500,,,,,1.17499995231628420,,,,,,,,,,,,,,,,,,,,,,,,,,,,,,,,,,,,,,,,,,,,,,,,,,,,,,,,,,,,,,,,,,,,,,,,,,,,,,,,,,,,,,,,,,,,,,,,,,,,,,,,,,,,,,,,,,,,,,,,,,,,,,,,,,,,,,,,,,,,,0.39503495112315595,0.731387503900346,0.71034346167594,0.7428342388082605,,,,0.30865197340650674,,,,,,,,1.1652722712118784,1.1652722712118784,1.2588542774570104,1.2588542774570104,1.4307547377427718,1.4307547377427718,2.1261519192811518,2.1261519192811518,,,,,0.034635464483286554,,-0.06773540945209877,-0.06773540945209877,-0.052995223707656455,-0.052995223707656455,38.2931007111013,38.2931007111013,,1.1619999647140502,1.1619999647140502,1.3342856963475545,1.3342856963475545,1.3824444290191409,1.3824444290191409,2.3747103185880754,2.3747103185880754,1.31711998462677,2.0882499969005583,0,18212.499260902405,37082.19018001405,,,,,,,
2026-02-10,,,,,,,1.15100002288818360,1.22000002861022950,1.14999997615814200,1.20000004768371580,6000,,,,,1.20000004768371580,,,,,,,,,,,,,,,,,,,,,,,,,,,,,,,,,,,,,,,,,,,,,,,,,,,,,,,,,,,,,,,,,,,,,,,,,,,,,,,,,,,,,,,,,,,,,,,,,,,,,,,,,,,,,,,,,,,,,,,,,,,,,,,,,,,,,,,,,,,,,0.41962362483199184,0.4947617906154678,0.7053973839300346,0.7428169761884699,,,,0.22030301149293097,,,,,,,,1.1768481967024909,1.1768481967024909,1.2535038929321654,1.2535038929321654,1.4235436536784263,1.4235436536784263,2.1188305606123974,2.1188305606123974,,,,,0.021053489516148095,,-0.06359139494697641,-0.06359139494697641,-0.055114457955520446,-0.055114457955520446,41.48085249774207,41.48085249774207,,1.165999984741211,1.165999984741211,1.3128571283249628,1.3128571283249628,1.374031731060573,1.374031731060573,2.3633214292072116,2.3633214292072116,1.3096599864959717,2.0818949973583223,0,7200.000286102295,36875.19018101314,,,,,,,
2026-02-11,,,,,,,1.16999995708465580,1.32099997997283940,1.13999998569488530,1.32000005245208740,21500,,,,,1.32000005245208740,,,,,,,,,,,,,,,,,,,,,,,,,,,,,,,,,,,,,,,,,,,,,,,,,,,,,,,,,,,,,,,,,,,,,,,,,,,,,,,,,,,,,,,,,,,,,,,,,,,,,,,,,,,,,,,,,,,,,,,,,,,,,,,,,,,,,,,,,,,,,0.7704228063661029,0.6246757931874408,0.7269144955032462,0.7495068568325569,,,,0.2299295816817071,,,,,,,,1.2245654819523564,1.2245654819523564,1.2595489983430674,1.2595489983430674,1.420307916140103,1.420307916140103,2.1125156949352406,2.1125156949352406,,,,,0.09531017980432493,,-0.05004732172130444,-0.05004732172130444,-0.05410103070867725,-0.05410103070867725,53.814257318940754,53.814257318940754,,1.194000005722046,1.194000005722046,1.297142846243722,1.297142846243722,1.3662539550236292,1.3662539550236292,2.3523690487657274,2.3523690487657274,1.3050599884986878,2.0763949972391127,0,28380.00112771988,37087.20607946789,,,,,,,
2026-02-12,,,,,,,1.32000005245208740,1.33000004291534420,1.07000005245208740,1.10000002384185800,46900,,,,,1.10000002384185800,,,,,,,,,,,,,,,,,,,,,,,,,,,,,,,,,,,,,,,,,,,,,,,,,,,,,,,,,,,,,,,,,,,,,,,,,,,,,,,,,,,,,,,,,,,,,,,,,,,,,,,,,,,,,,,,,,,,,,,,,,,,,,,,,,,,,,,,,,,,,1.6598583365796624,0.8527839387313373,0.8088088450129848,0.770303417889983,,,,-0.015345605630116938,,,,,,,,1.1830436625821903,1.1830436625821903,1.2450445461156847,1.2450445461156847,1.410298294505783,1.410298294505783,2.10451161848391,2.10451161848391,,,,,-0.1823215748559677,,-0.05641538832284687,-0.05641538832284687,-0.05456390223151117,-0.05456390223151117,38.00138977642557,38.00138977642557,,1.1860000133514403,1.1860000133514403,1.2695238022577195,1.2695238022577195,1.3551428450478449,1.3551428450478449,2.3407023823450483,2.3407023823450483,1.299059989452362,2.068894997835159,0,51590.001118183136,36928.95215484831,,,,,,,
2026-02-13,,,,,,,1.04999995231628420,1.14999997615814200,1.03999996185302730,1.11000001430511470,19200,,,,,1.11000001430511470,,,,,,,,,,,,,,,,,,,,,,,,,,,,,,,,,,,,,,,,,,,,,,,,,,,,,,,,,,,,,,,,,,,,,,,,,,,,,,,,,,,,,,,,,,,,,,,,,,,,,,,,,,,,,,,,,,,,,,,,,,,,,,,,,,,,,,,,,,,,,1.664000136080698,0.8585693080401513,0.8084274015367877,0.7698391791112947,,,,0.07695539682803876,,,,,,,,1.158695779823165,1.158695779823165,1.232767770496542,1.232767770496542,1.4009139732495122,1.4009139732495122,2.0966498666722195,2.0966498666722195,,,,,0.009049826732992556,,-0.05996398384752366,-0.05996398384752366,-0.05564391855471367,-0.05564391855471367,38.880522501761085,38.880522501761085,,1.181000018119812,1.181000018119812,1.2442857083820162,1.2442857083820162,1.3449841151161799,1.3449841151161799,2.329630953451944,2.329630953451944,1.2952599906921387,2.06214499771595,0,21312.000274658203,36956.12676238257,,,,,,,
2026-02-17,,,,,,,1.11000001430511470,1.85000002384185800,1.11000001430511470,1.49000000953674320,3029100,,,,,1.49000000953674320,,,,,,,,,,,,,,,,,,,,,,,,,,,,,,,,,,,,,,,,,,,,,,,,,,,,,,,,,,,,,,,,,,,,,,,,,,,,,,,,,,,,,,,,,,,,,,,,,,,,,,,,,,,,,,,,,,,,,,,,,,,,,,,,,,,,,,,,,,,,,2.729413354053807,1.3593190191155393,1.0035728464217195,0.8242431446847733,,,,0.03790898282876621,,,,,,,,1.2691305230610244,1.2691305230610244,1.2561525195001966,1.2561525195001966,1.403697911883488,1.403697911883488,2.0918542156276705,2.0918542156276705,,,,,0.294416098146133,,-0.03174748233017444,-0.03174748233017444,-0.05086463130980582,-0.05086463130980582,61.32375746223404,61.32375746223404,,1.2440000295639038,1.2440000295639038,1.2428571383158367,1.2428571383158367,1.3422857030989632,1.3422857030989632,2.3192738110110875,2.3192738110110875,1.2992199897766112,2.0570449978113174,0,4513359.028887749,107906.39707606936,,,,,,,
2026-02-18,,,,,,,1.29999995231628420,1.45000004768371580,1.24000000953674320,1.24500000476837160,151500,,,,,1.24500000476837160,,,,,,,,,,,,,,,,,,,,,,,,,,,,,,,,,,,,,,,,,,,,,,,,,,,,,,,,,,,,,,,,,,,,,,,,,,,,,,,,,,,,,,,,,,,,,,,,,,,,,,,,,,,,,,,,,,,,,,,,,,,,,,,,,,,,,,,,,,,,,3.1856741386175655,1.4819387094635221,1.0640422786808736,0.8372653855598393,,,,-0.003881102350010131,,,,,,,,1.2610870169634736,1.2610870169634736,1.2551386545245762,1.2551386545245762,1.3987386022861408,1.3987386022861408,2.085159715937083,2.085159715937083,,,,,-0.17964059261117832,,-0.028822901951036872,-0.028822901951036872,-0.04645628543805203,-0.04645628543805203,48.86508732085546,48.86508732085546,,1.253000020980835,1.253000020980835,1.2340476172310966,1.2340476172310966,1.3363333221465823,1.3363333221465823,2.3063968278112865,2.3063968278112865,1.2986199903488158,2.05049999833107,0,188617.5007224083,110542.8970864841,,,,,,,
2026-02-19,,,,,,,1.20000004768371580,1.24000000953674320,1.12000000476837160,1.24000000953674320,46900,,,,,1.24000000953674320,,,,,,,,,,,,,,,,,,,,,,,,,,,,,,,,,,,,,,,,,,,,,,,,,,,,,,,,,,,,,,,,,,,,,,,,,,,,,,,,,,,,,,,,,,,,,,,,,,,,,,,,,,,,,,,,,,,,,,,,,,,,,,,,,,,,,,,,,,,,,3.089509911575024,1.4702951863373817,1.0609342324897553,0.8371088498219447,,,,0.009143189068843687,,,,,,,,1.2540580144878968,1.2540580144878968,1.2537624140711368,1.2537624140711368,1.393778021262722,1.393778021262722,2.0784786115386615,2.0784786115386615,,,,,-0.004024146438820858,,-0.02660195794653153,-0.02660195794653153,-0.042485419939747936,-0.042485419939747936,48.64786975704741,48.64786975704741,,1.237000012397766,1.237000012397766,1.2288095213118053,1.2288095213118053,1.3314126881342085,1.3314126881342085,2.2933015899052696,2.2933015899052696,1.2966199898719788,2.043844997882843,0,58156.000447273254,111005.92885376915,,,,,,,
2026-02-20,,,,,,,1.22000002861022950,1.25000000000000000,1.16999995708465580,1.17999994754791260,27200,,,,,1.17999994754791260,,,,,,,,,,,,,,,,,,,,,,,,,,,,,,,,,,,,,,,,,,,,,,,,,,,,,,,,,,,,,,,,,,,,,,,,,,,,,,,,,,,,,,,,,,,,,,,,,,,,,,,,,,,,,,,,,,,,,,,,,,,,,,,,,,,,,,,,,,,,,2.755539885575506,1.4768201837964836,1.0649167405385331,0.8365558703513972,,,,0.00305630455377167,,,,,,,,1.2293719921745687,1.2293719921745687,1.2470567352962982,1.2470567352962982,1.3870974564591343,1.3870974564591343,2.0713760134043473,2.0713760134043473,,,,,-0.04959699328121652,,-0.029345075617933425,-0.029345075617933425,-0.03985735107538503,-0.03985735107538503,46.005044165241706,46.005044165241706,,1.2529999971389771,1.2529999971389771,1.2197618995394026,1.2197618995394026,1.3256984021928575,1.3256984021928575,2.2810000015629663,2.2810000015629663,1.293419988155365,2.036794998049736,0,32095.998573303223,111317.3891534881,,,,,,,
2026-02-23,,,,,,,1.18099999427795400,1.20000004768371580,1.11000001430511470,1.17999994754791260,19600,,,,,1.17999994754791260,,,,,,,,,,,,,,,,,,,,,,,,,,,,,,,,,,,,,,,,,,,,,,,,,,,,,,,,,,,,,,,,,,,,,,,,,,,,,,,,,,,,,,,,,,,,,,,,,,,,,,,,,,,,,,,,,,,,,,,,,,,,,,,,,,,,,,,,,,,,,2.7573209698373433,1.4767456697064216,1.0649395521810991,0.834016864547526,,,,0.003234691502527561,,,,,,,,1.2129146439656833,1.2129146439656833,1.2409606636828088,1.2409606636828088,1.3806256593056585,1.3806256593056585,2.0643295622908577,2.0643295622908577,,,,,0,,-0.031159825068542757,-0.031159825068542757,-0.03811784587401658,-0.03811784587401658,46.005044165241706,46.005044165241706,,1.2669999837875365,1.2669999837875365,1.2116666578111195,1.2116666578111195,1.3201428462588598,1.3201428462588598,2.2698492076661854,2.2698492076661854,1.2908199882507325,2.0305449974536898,0,23127.998971939087,111176.92882920068,,,,,,,
2026-02-24,,,,,,,1.17999994754791260,1.23000001907348630,1.16999995708465580,1.23000001907348630,13100,,,,,1.23000001907348630,,,,,,,,,,,,,,,,,,,,,,,,,,,,,,,,,,,,,,,,,,,,,,,,,,,,,,,,,,,,,,,,,,,,,,,,,,,,,,,,,,,,,,,,,,,,,,,,,,,,,,,,,,,,,,,,,,,,,,,,,,,,,,,,,,,,,,,,,,,,,1.354331436338945,1.4855550543492213,1.068803936826676,0.8351264101365511,,,,0.005405360101794242,,,,,,,,1.2186097690016175,1.2186097690016175,1.2399642414455976,1.2399642414455976,1.3759186080484032,1.3759186080484032,2.0577340718306414,2.0577340718306414,,,,,0.041499790864574636,,-0.02823792990024443,-0.02823792990024443,-0.03614186267926215,-0.03614186267926215,48.69857763003494,48.69857763003494,,1.2149999856948852,1.2149999856948852,1.206904751913888,1.206904751913888,1.315571417884221,1.315571417884221,2.2586984142424567,2.2586984142424567,1.2893999886512757,2.025444997549057,0,16113.00024986267,111153.18597479472,,,,,,,
2026-02-25,,,,,,,1.21000003814697270,1.25999999046325680,1.21000003814697270,1.25000000000000000,14600,,,,,1.25000000000000000,,,,,,,,,,,,,,,,,,,,,,,,,,,,,,,,,,,,,,,,,,,,,,,,,,,,,,,,,,,,,,,,,,,,,,,,,,,,,,,,,,,,,,,,,,,,,,,,,,,,,,,,,,,,,,,,,,,,,,,,,,,,,,,,,,,,,,,,,,,,,0.5297920354498413,1.4864743825359348,1.0605318110733826,0.8349111068687648,,,,0.003479375417600808,,,,,,,,1.2290731793344118,1.2290731793344118,1.2408765831323614,1.2408765831323614,1.3719836515468906,1.3719836515468906,2.051348822250952,2.051348822250952,,,,,0.01612936642298423,,-0.024031455949174996,-0.024031455949174996,-0.033719781333244714,-0.033719781333244714,49.77779420790031,49.77779420790031,,1.2159999847412108,1.2159999847412108,1.204047611781529,1.204047611781529,1.309698401935517,1.309698401935517,2.2481428583463035,2.2481428583463035,1.28839998960495,2.0199949979782104,0,18250,111116.29708494458,,,,,,,
2026-02-26,,,,,,,1.22000002861022950,1.24500000476837160,1.19200003147125240,1.22000002861022950,7900,,,,,1.22000002861022950,,,,,,,,,,,,,,,,,,,,,,,,,,,,,,,,,,,,,,,,,,,,,,,,,,,,,,,,,,,,,,,,,,,,,,,,,,,,,,,,,,,,,,,,,,,,,,,,,,,,,,,,,,,,,,,,,,,,,,,,,,,,,,,,,,,,,,,,,,,,,0.5600970810735307,1.462488161846781,1.0558773921501723,0.8347190136933402,,,,0.004043907504460295,,,,,,,,1.2260487957596844,1.2260487957596844,1.2389787145394404,1.2389787145394404,1.36723416333012,1.36723416333012,2.044776895028496,2.044776895028496,,,,,-0.024292669118037107,,-0.022855082839695617,-0.022855082839695617,-0.031546841634534896,-0.031546841634534896,48.141815642072395,48.141815642072395,,1.2119999885559083,1.2119999885559083,1.2045238018035889,1.2045238018035889,1.3047777679231432,1.3047777679231432,2.2379444459128,2.2379444459128,1.2871999907493592,2.0137249982357024,0,9638.000226020813,111111.42407561105,,,,,,,
2026-02-27,,,,,,,1.21300005912780760,1.23000001907348630,1.19000005722045900,1.23000001907348630,6000,,,,,1.23000001907348630,,,,,,,,,,,,,,,,,,,,,,,,,,,,,,,,,,,,,,,,,,,,,,,,,,,,,,,,,,,,,,,,,,,,,,,,,,,,,,,,,,,,,,,,,,,,,,,,,,,,,,,,,,,,,,,,,,,,,,,,,,,,,,,,,,,,,,,,,,,,,0.38021980364048835,1.4623673716680323,1.0536634917989045,0.8342535724244832,,,,0.005773529431922095,,,,,,,,1.2273658701976182,1.2273658701976182,1.2381624694970808,1.2381624694970808,1.3629455963221002,1.3629455963221002,2.038335971107903,2.038335971107903,,,,,0.008163302695052716,,-0.020875246174633544,-0.020875246174633544,-0.029412522542554626,-0.029412522542554626,48.74650025265508,48.74650025265508,,1.222000002861023,1.222000002861023,1.2059523718697684,1.2059523718697684,1.2992222119891454,1.2992222119891454,2.2273888900166465,2.2273888900166465,1.2879999899864196,2.006474997997284,0,7380.000114440918,111063.04312055073,,,,,,,
2026-03-02,,,,,,,1.19000005722045900,1.21500003337860100,1.12999999523162840,1.16999995708465580,9300,,,,,1.16999995708465580,,,,,,,,,,,,,,,,,,,,,,,,,,,,,,,,,,,,,,,,,,,,,,,,,,,,,,,,,,,,,,,,,,,,,,,,,,,,,,,,,,,,,,,,,,,,,,,,,,,,,,,,,,,,,,,,,,,,,,,,,,,,,,,,,,,,,,,,,,,,,0.5682610106046072,1.4720036101188951,1.057679425450337,0.8333925642010637,,,,0.004242232610652265,,,,,,,,1.2082438991599642,1.2082438991599642,1.2319658774595876,1.2319658774595876,1.35691604509593,1.35691604509593,2.0314716547915137,2.0314716547915137,,,,,-0.050010472761342815,,-0.023872527280322187,-0.023872527280322187,-0.02830452349010814,-0.02830452349010814,45.331077646017555,45.331077646017555,,1.2200000047683717,1.2200000047683717,1.2054761818477087,1.2054761818477087,1.292825386637733,1.292825386637733,2.2175476196266355,2.2175476196266355,1.2861999893188476,1.9982249981164932,0,10880.999600887299,111026.02407270008,,,,,,,
2026-03-03,,,,,,,1.14999997615814200,1.21000003814697270,1.12999999523162840,1.16999995708465580,8700,,,,,1.16999995708465580,,,,,,,,,,,,,,,,,,,,,,,,,,,,,,,,,,,,,,,,,,,,,,,,,,,,,,,,,,,,,,,,,,,,,,,,,,,,,,,,,,,,,,,,,,,,,,,,,,,,,,,,,,,,,,,,,,,,,,,,,,,,,,,,,,,,,,,,,,,,,0.4287416030413814,1.4717083432959415,1.0575218480100295,0.8325554430720247,,,,0.0017608600811472614,,,,,,,,1.1954959184681948,1.1954959184681948,1.2263326119709574,1.2263326119709574,1.3510749173455776,1.3510749173455776,2.0246616018452146,2.0246616018452146,,,,,0,,-0.025948772849960333,-0.025948772849960333,-0.027833373362078577,-0.027833373362078577,45.331077646017555,45.331077646017555,,1.2079999923706055,1.2079999923706055,1.2054761818477087,1.2054761818477087,1.2867936406816756,1.2867936406816756,2.208301587710305,2.208301587710305,1.2835999894142152,1.9896299982070922,0,10178.999626636505,111113.78597380623,,,,,,,
2026-03-04,,,,,,,1.16999995708465580,1.22000002861022950,1.16999995708465580,1.22000002861022950,8300,,,,,1.22000002861022950,,,,,,,,,,,,,,,,,,,,,,,,,,,,,,,,,,,,,,,,,,,,,,,,,,,,,,,,,,,,,,,,,,,,,,,,,,,,,,,,,,,,,,,,,,,,,,,,,,,,,,,,,,,,,,,,,,,,,,,,,,,,,,,,,,,,,,,,,,,,,0.5493921296546995,1.478830509367983,1.0427101295901287,0.832405337712219,,,,0.003585656211577671,,,,,,,,1.2036639551822064,1.2036639551822064,1.2257569225745277,1.2257569225745277,1.346978827072598,1.346978827072598,2.0183006407919737,2.0183006407919737,,,,,0.04184717006629001,,-0.023291138768862574,-0.023291138768862574,-0.026924926443435377,-0.026924926443435377,48.79824008978949,48.79824008978949,,1.2019999980926515,1.2019999980926515,1.2078571376346408,1.2078571376346408,1.2839364986571054,1.2839364986571054,2.199968254755414,2.199968254755414,1.2817999911308289,1.9820299983024596,0,10126.000237464905,110830.07169943007,,,,,,,
2026-03-05,,,,,,,1.16999995708465580,1.17999994754791260,1.14999997615814200,1.14999997615814200,9200,,,,,1.14999997615814200,,,,,,,,,,,,,,,,,,,,,,,,,,,,,,,,,,,,,,,,,,,,,,,,,,,,,,,,,,,,,,,,,,,,,,,,,,,,,,,,,,,,,,,,,,,,,,,,,,,,,,,,,,,,,,,,,,,,,,,,,,,,,,,,,,,,,,,,,,,,,0.669373464546684,1.493543705316066,1.038925186244132,0.8340510149174881,,,,-0.00007587169841467498,,,,,,,,1.1857759621741848,1.1857759621741848,1.2188699274457653,1.2188699274457653,1.3408232379815213,1.3408232379815213,2.0114366039173976,2.0114366039173976,,,,,-0.05908896055306461,,-0.026527570510403997,-0.026527570510403997,-0.0268454552568291,-0.0268454552568291,44.53940779968351,44.53940779968351,,1.1879999876022338,1.1879999876022338,1.2064285675684612,1.2064285675684612,1.2815555466545954,1.2815555466545954,2.19163492132747,2.19163492132747,1.2777999901771546,1.9734949976205827,0,10579.999780654907,109955.94475004409,,,,,,,
2026-03-06,,,,,,,1.13999998569488530,1.13999998569488530,1.10000002384185800,1.11000001430511470,16200,,,,,1.11000001430511470,,,,,,,,,,,,,,,,,,,,,,,,,,,,,,,,,,,,,,,,,,,,,,,,,,,,,,,,,,,,,,,,,,,,,,,,,,,,,,,,,,,,,,,,,,,,,,,,,,,,,,,,,,,,,,,,,,,,,,,,,,,,,,,,,,,,,,,,,,,,,0.6588139355490465,1.4982050276420982,1.0410510036604868,0.8311888507285791,,,,-0.0017388901622495294,,,,,,,,1.1605173128844948,1.1605173128844948,1.2089726626147972,1.2089726626147972,1.3336100122416337,1.3336100122416337,2.004310622971846,2.004310622971846,,,,,-0.035401893431374704,,-0.03195180805674891,-0.03195180805674891,-0.027866725816813064,-0.027866725816813064,42.26924618201123,42.26924618201123,,1.1639999866485595,1.1639999866485595,1.2030952374140422,1.2030952374140422,1.2786666571147858,1.2786666571147858,2.1821904769019476,2.1821904769019476,1.2749999904632567,1.9649449980258942,0,17982.00023174286,110054.75109493922,,,,,,,
2026-03-09,,,,,,,1.14999997615814200,1.15999996662139900,1.03999996185302730,1.10000002384185800,23200,,,,,1.10000002384185800,,,,,,,,,,,,,,,,,,,,,,,,,,,,,,,,,,,,,,,,,,,,,,,,,,,,,,,,,,,,,,,,,,,,,,,,,,,,,,,,,,,,,,,,,,,,,,,,,,,,,,,,,,,,,,,,,,,,,,,,,,,,,,,,,,,,,,,,,,,,,0.605351127689193,1.4940360026334403,1.0409073266235547,0.8311910123815828,,,,-0.0017317816092981954,,,,,,,,1.1403448832036158,1.1403448832036158,1.1990660590899844,1.1990660590899844,1.3263097001041406,1.3263097001041406,1.9971619225834667,1.9971619225834667,,,,,-0.009049826732992521,,-0.03663516368634734,-0.03663516368634734,-0.029620413390719916,-0.029620413390719916,41.6970533725005,41.6970533725005,,1.15,1.15,1.2011904773258029,1.2011904773258029,1.2758888800938923,1.2758888800938923,2.1728253974801017,2.1728253974801017,1.2731999897956847,1.9558049982786179,0,25520.000553131104,110231.13999688436,,,,,,,
2026-03-10,,,,,,,1.12999999523162840,1.25000000000000000,1.01999998092651370,1.17999994754791260,115500,,,,,1.17999994754791260,,,,,,,,,,,,,,,,,,,,,,,,,,,,,,,,,,,,,,,,,,,,,,,,,,,,,,,,,,,,,,,,,,,,,,,,,,,,,,,,,,,,,,,,,,,,,,,,,,,,,,,,,,,,,,,,,,,,,,,,,,,,,,,,,,,,,,,,,,,,,0.8508805309549479,1.514549187717645,1.045865400606188,0.8342678647617466,,,,0.010436498969783237,,,,,,,,1.153563237985048,1.153563237985048,1.1973327762225234,1.1973327762225234,1.3217375203367585,1.3217375203367585,1.9907021441246877,1.9907021441246877,,,,,0.07020419254790988,,-0.0335052043690387,-0.0335052043690387,-0.030397371586383674,-0.030397371586383674,47.78646912432049,47.78646912432049,,1.1519999980926514,1.1519999980926514,1.2033333324250721,1.2033333324250721,1.273349196191818,1.273349196191818,2.163539683061933,2.163539683061933,1.2735999894142152,1.9478549981117248,0,136289.9939417839,111930.79068282295,,,,,,,
2026-03-11,,,,,,,1.17999994754791260,1.22000002861022950,1.17499995231628420,1.20000004768371580,8900,,,,,1.20000004768371580,,,,,,,,,,,,,,,,,,,,,,,,,,,,,,,,,,,,,,,,,,,,,,,,,,,,,,,,,,,,,,,,,,,,,,,,,,,,,,,,,,,,,,,,,,,,,,,,,,,,,,,,,,,,,,,,,,,,,,,,,,,,,,,,,,,,,,,,,,,,,0.7930570305589206,1.5109415894035336,1.0465372054246898,0.8334562162128387,,,,0.009118975831184286,,,,,,,,1.1690421745512707,1.1690421745512707,1.1975752554462682,1.1975752554462682,1.3179332243163508,1.3179332243163508,1.9844515346666562,1.9844515346666562,,,,,0.01680720250373278,,-0.02907568176636488,-0.02907568176636488,-0.030133033622379915,-0.030133033622379915,49.214546495032835,49.214546495032835,,1.1480000019073486,1.1480000019073486,1.2045238131568545,1.2045238131568545,1.271126974196661,1.271126974196661,2.1549682550960116,2.1549682550960116,1.2754999899864197,1.9392049980163575,0,10680.00042438507,111919.52084378591,,,,,,,
2026-03-12,,,,,,,1.19000005722045900,1.19000005722045900,1.12000000476837160,1.14999997615814200,7400,,,,,1.14999997615814200,,,,,,,,,,,,,,,,,,,,,,,,,,,,,,,,,,,,,,,,,,,,,,,,,,,,,,,,,,,,,,,,,,,,,,,,,,,,,,,,,,,,,,,,,,,,,,,,,,,,,,,,,,,,,,,,,,,,,,,,,,,,,,,,,,,,,,,,,,,,,0.7256243474023636,1.5163645355447104,1.0489086174074025,0.8275261906187231,,,,0.00811034621638003,,,,,,,,1.1626947750868946,1.1626947750868946,1.1932502300564385,1.1932502300564385,1.312685310311407,1.312685310311407,1.9778550796586838,1.9778550796586838,,,,,-0.04255967488727559,,-0.02926252096840254,-0.02926252096840254,-0.02995893109158444,-0.02995893109158444,45.83912412582607,45.83912412582607,,1.1480000019073486,1.1480000019073486,1.2021428573699224,1.2021428573699224,1.2685872921867976,1.2685872921867976,2.1447698421894557,2.1447698421894557,1.2754999899864197,1.9303049975633622,0,8509.999823570251,111834.18751727967,,,,,,,
2026-03-13,,,,,,,1.14999997615814200,1.23000001907348630,1.13999998569488530,1.21000003814697270,4900,,,,,1.21000003814697270,,,,,,,,,,,,,,,,,,,,,,,,,,,,,,,,,,,,,,,,,,,,,,,,,,,,,,,,,,,,,,,,,,,,,,,,,,,,,,,,,,,,,,,,,,,,,,,,,,,,,,,,,,,,,,,,,,,,,,,,,,,,,,,,,,,,,,,,,,,,,0.718869419359351,1.4879643094458426,1.054174972595073,0.8257747989109863,,,,0.002988576599127132,,,,,,,,1.1784631961069205,1.1784631961069205,1.1947729398828506,1.1947729398828506,1.3094763955562683,1.3094763955562683,1.971785079330528,1.971785079330528,,,,,0.05085846949196477,,-0.024289099204868547,-0.024289099204868547,-0.02882496471424126,-0.02882496471424126,50.24877468076396,50.24877468076396,,1.1680000066757201,1.1680000066757201,1.1969047614506312,1.1969047614506312,1.2671428483629983,1.2671428483629983,2.133698413769404,2.133698413769404,1.2766999912261963,1.9217549973726273,0,5929.000186920166,111798.19863145314,,,,,,,
2026-03-16,,,,,,,1.17999994754791260,1.20500004291534420,1.17999994754791260,1.17999994754791260,3200,,,,,1.17999994754791260,,,,,,,,,,,,,,,,,,,,,,,,,,,,,,,,,,,,,,,,,,,,,,,,,,,,,,,,,,,,,,,,,,,,,,,,,,,,,,,,,,,,,,,,,,,,,,,,,,,,,,,,,,,,,,,,,,,,,,,,,,,,,,,,,,,,,,,,,,,,,0.763529418258394,1.3434011104433254,1.0552622695520626,0.8254940111083765,,,,0.012286735363883224,,,,,,,,1.1789754465872513,1.1789754465872513,1.1934299405796744,1.1934299405796744,1.3054302565560072,1.3054302565560072,1.9655259083282939,1.9655259083282939,,,,,-0.025105997108422044,,-0.02250891446122827,-0.02250891446122827,-0.027561754663638662,-0.027561754663638662,48.1383714631242,48.1383714631242,,1.1839999914169312,1.1839999914169312,1.2007142816271101,1.2007142816271101,1.265238086382548,1.265238086382548,2.1221111123524015,2.1221111123524015,1.2766999912261963,1.913369996547699,0,3775.9998321533203,111135.91294099414,,,,,,,
2026-03-17,,,,,,,1.20000004768371580,1.22000002861022950,1.14800000190734860,1.22000002861022950,2400,,,,,1.22000002861022950,,,,,,,,,,,,,,,,,,,,,,,,,,,,,,,,,,,,,,,,,,,,,,,,,,,,,,,,,,,,,,,,,,,,,,,,,,,,,,,,,,,,,,,,,,,,,,,,,,,,,,,,,,,,,,,,,,,,,,,,,,,,,,,,,,,,,,,,,,,,,0.6249679105934189,1.3473297020558177,1.0571541363174666,0.8263241795216054,,,,0.011542357447908073,,,,,,,,1.1926503072615773,1.1926503072615773,1.1958454031279069,1.1958454031279069,1.3027605619327016,1.3027605619327016,1.9596324231131315,1.9596324231131315,,,,,0.033336488169521845,,-0.017666781321368674,-0.017666781321368674,-0.025582759995184664,-0.025582759995184664,51.0880707689862,51.0880707689862,,1.1920000076293946,1.1920000076293946,1.2059523775464012,1.2059523775464012,1.2642857063384283,1.2642857063384283,2.1106031764121282,2.1106031764121282,1.2758999919891358,1.9052849972248078,0,2928.000068664551,110365.6272460544,,,,,,,
2026-03-18,,,,,,,1.18400001525878900,1.20000004768371580,1.17999994754791260,1.20000004768371580,1700,,,,,1.20000004768371580,,,,,,,,,,,,,,,,,,,,,,,,,,,,,,,,,,,,,,,,,,,,,,,,,,,,,,,,,,,,,,,,,,,,,,,,,,,,,,,,,,,,,,,,,,,,,,,,,,,,,,,,,,,,,,,,,,,,,,,,,,,,,,,,,,,,,,,,,,,,,0.6356129788340978,0.8389319812420388,1.0474851178167115,0.824430404275657,,,,-0.07788646497587624,,,,,,,,1.1951002207356234,1.1951002207356234,1.1962230980875257,1.1962230980875257,1.2995492958624209,1.2995492958624209,1.953627424097879,1.953627424097879,,,,,-0.01652928566578902,,-0.015267196498563562,-0.015267196498563562,-0.023519647295860445,-0.023519647295860445,49.56995967217177,49.56995967217177,,1.1920000076293946,1.1920000076293946,1.1921428555534,1.1921428555534,1.2644444363457816,1.2644444363457816,2.098142858535524,2.098142858535524,1.271499993801117,1.8971849977970123,0,2040.000081062317,109886.11928621928,,,,,,,
2026-03-19,,,,,,,1.13999998569488530,1.20000004768371580,1.12999999523162840,1.13999998569488530,114000,,,,,1.13999998569488530,,,,,,,,,,,,,,,,,,,,,,,,,,,,,,,,,,,,,,,,,,,,,,,,,,,,,,,,,,,,,,,,,,,,,,,,,,,,,,,,,,,,,,,,,,,,,,,,,,,,,,,,,,,,,,,,,,,,,,,,,,,,,,,,,,,,,,,,,,,,,0.6743016402276336,0.5948109017874265,1.045943608643602,0.8245240657731082,,,,0.05012795865151752,,,,,,,,1.176733475722044,1.176733475722044,1.1911119060518311,1.1911119060518311,1.2945633799196854,1.2945633799196854,1.9471955866401478,1.9471955866401478,,,,,-0.051293346672325886,,-0.01799952448551978,-0.01799952448551978,-0.02241562273379231,-0.02241562273379231,45.227886420351574,45.227886420351574,,1.1900000095367431,1.1900000095367431,1.1871428546451388,1.1871428546451388,1.2625396743653312,1.2625396743653312,2.086277778659548,2.086277778659548,1.2658999943733216,1.8889849978685378,0,129959.99836921692,111502.97640656668,,,,,,,
2026-03-20,,,,,,,1.12999999523162840,1.15999996662139900,1.07000005245208740,1.12999999523162840,150100,,,,,1.12999999523162840,,,,,,,,,,,,,,,,,,,,,,,,,,,,,,,,,,,,,,,,,,,,,,,,,,,,,,,,,,,,,,,,,,,,,,,,,,,,,,,,,,,,,,,,,,,,,,,,,,,,,,,,,,,,,,,,,,,,,,,,,,,,,,,,,,,,,,,,,,,,,0.48849246839359234,0.5950245828705618,1.043897853713009,0.8245323347669259,,,,0.046558004154661554,,,,,,,,1.1611556488919055,1.1611556488919055,1.1855562777954491,1.1855562777954491,1.2894207741481836,1.2894207741481836,1.94073554243929,1.94073554243929,,,,,-0.008810621353606442,,-0.020732834546608236,-0.020732834546608236,-0.0220790650963555,-0.0220790650963555,44.52781470389102,44.52781470389102,,1.1740000009536744,1.1740000009536744,1.1819047587258475,1.1819047587258475,1.2598412623481146,1.2598412623481146,2.07445238128541,2.07445238128541,1.2594999933242799,1.881784998178482,0,169612.99928426743,113664.92879561016,,,,,,,
2026-03-23,,,,,,,1.11000001430511470,1.12999999523162840,1.08000004291534420,1.10500001907348630,152100,,,,,1.10500001907348630,,,,,,,,,,,,,,,,,,,,,,,,,,,,,,,,,,,,,,,,,,,,,,,,,,,,,,,,,,,,,,,,,,,,,,,,,,,,,,,,,,,,,,,,,,,,,,,,,,,,,,,,,,,,,,,,,,,,,,,,,,,,,,,,,,,,,,,,,,,,,0.4848361181736532,0.5761567745711609,1.0444697650086536,0.8243476332067597,,,,0.06750431381122765,,,,,,,,1.1424371056190992,1.1424371056190992,1.178232981547998,1.178232981547998,1.2836576255520993,1.2836576255520993,1.9341289375114972,1.9341289375114972,,,,,-0.022372276273661795,,-0.024632345261824673,-0.024632345261824673,-0.022589721129449333,-0.022589721129449333,42.746417940483504,42.746417940483504,,1.1590000152587892,1.1590000152587892,1.1783333335603987,1.1783333335603987,1.2565872953051613,1.2565872953051613,2.063003968624842,2.063003968624842,1.2529999947547912,1.8741099977493285,0,168070.50290107727,115280.555871744,,,,,,,
2026-03-24,,,,,,,1.10000002384185800,1.23000001907348630,1.05999994277954100,1.20000004768371580,181900,,,,,1.20000004768371580,,,,,,,,,,,,,,,,,,,,,,,,,,,,,,,,,,,,,,,,,,,,,,,,,,,,,,,,,,,,,,,,,,,,,,,,,,,,,,,,,,,,,,,,,,,,,,,,,,,,,,,,,,,,,,,,,,,,,,,,,,,,,,,,,,,,,,,,,,,,,0.8028036174822512,0.6481388450712781,1.0563435821763443,0.8288542343774996,,,,0.1791456967620256,,,,,,,,1.1616247529739714,1.1616247529739714,1.1802118057421542,1.1802118057421542,1.2810433262437122,1.2810433262437122,1.928325547078076,1.928325547078076,,,,,0.0824762442995941,,-0.019828457126641608,-0.019828457126641608,-0.022037468328887786,-0.022037468328887786,50.8011811640193,50.8011811640193,,1.1550000190734864,1.1550000190734864,1.1792857192811512,1.1792857192811512,1.2542063433026511,1.2542063433026511,2.051773809251331,2.051773809251331,1.2439999961853028,1.8667599976062774,0,218280.0086736679,117230.31788742731,,,,,,,
2026-03-25,,,,,,,1.17999994754791260,1.19000005722045900,1.08000004291534420,1.12000000476837160,87700,,,,,1.12000000476837160,,,,,,,,,,,,,,,,,,,,,,,,,,,,,,,,,,,,,,,,,,,,,,,,,,,,,,,,,,,,,,,,,,,,,,,,,,,,,,,,,,,,,,,,,,,,,,,,,,,,,,,,,,,,,,,,,,,,,,,,,,,,,,,,,,,,,,,,,,,,,0.9330747913016547,0.6732483973116271,1.0541592864475997,0.831302380280435,,,,0.12515671270897824,,,,,,,,1.1477498369054382,1.1477498369054382,1.1747380056536285,1.1747380056536285,1.2760107224476078,1.2760107224476078,1.9219356218424262,1.9219356218424262,,,,,-0.06899290696590589,,-0.022220531588031056,-0.022220531588031056,-0.02207408098071644,-0.02207408098071644,45.0530639686719,45.0530639686719,,1.1390000104904174,1.1390000104904174,1.17404762336186,1.17404762336186,1.2521428513148474,1.2521428513148474,2.0404246028453583,2.0404246028453583,1.2333999967575073,1.8582599979639054,0,98224.00041818619,118053.31789406519,,,,,,,
2026-03-26,,,,,,,1.05999994277954100,1.47000002861022950,1.05999994277954100,1.34000003337860100,268100,,,,,1.34000003337860100,,,,,,,,,,,,,,,,,,,,,,,,,,,,,,,,,,,,,,,,,,,,,,,,,,,,,,,,,,,,,,,,,,,,,,,,,,,,,,,,,,,,,,,,,,,,,,,,,,,,,,,,,,,,,,,,,,,,,,,,,,,,,,,,,,,,,,,,,,,,,1.5690504879502416,0.9260708984867015,1.1099610342177162,0.8513362097199487,,,,0.17369314231159147,,,,,,,,1.2118332357298258,1.2118332357298258,1.1897618263558987,1.1897618263558987,1.2780103884142013,1.2780103884142013,1.9173353405106963,1.9173353405106963,,,,,0.17934094930774575,,-0.006291578737442904,-0.006291578737442904,-0.018917580532061735,-0.018917580532061735,58.84420025294208,58.84420025294208,,1.1790000200271606,1.1790000200271606,1.1783333392370314,1.1783333392370314,1.2545238033173576,1.2545238033173576,2.029749998970637,2.029749998970637,1.2265999984741212,1.8507099986076354,0,359254.00894880295,123428.98468706344,,,,,,,
2026-03-27,,,,,,,1.30999994277954100,1.40999996662139900,1.25499999523162840,1.39999997615814200,117800,,,,,1.39999997615814200,,,,,,,,,,,,,,,,,,,,,,,,,,,,,,,,,,,,,,,,,,,,,,,,,,,,,,,,,,,,,,,,,,,,,,,,,,,,,,,,,,,,,,,,,,,,,,,,,,,,,,,,,,,,,,,,,,,,,,,,,,,,,,,,,,,,,,,,,,,,,1.5260123013779499,0.9305285394177535,1.1116608329705573,0.8526718294535336,,,,0.23775604697471672,,,,,,,,1.2745554825392644,1.2745554825392644,1.20887438542883,1.20887438542883,1.2818225630311995,1.2818225630311995,1.9132457328873558,1.9132457328873558,,,,,0.04380258071909079,,0.01104638920184109,0.01104638920184109,-0.01292478658528117,-0.01292478658528117,61.669798755496004,61.669798755496004,,1.2330000162124635,1.2330000162124635,1.1869047653107416,1.1869047653107416,1.2583333272782584,1.2583333272782584,2.019273808551213,2.019273808551213,1.2217999982833863,1.8436099988222123,0,164919.99719142914,125849.7465529139,,,,,,,
2026-03-30,,,,,,,1.37999999523162840,1.46000003814697270,1.36000001430511470,1.45000004768371580,190900,,,,,1.45000004768371580,,,,,,,,,,,,,,,,,,,,,,,,,,,,,,,,,,,,,,,,,,,,,,,,,,,,,,,,,,,,,,,,,,,,,,,,,,,,,,,,,,,,,,,,,,,,,,,,,,,,,,,,,,,,,,,,,,,,,,,,,,,,,,,,,,,,,,,,,,,,,1.4222849996817817,0.9357762947030795,1.108477747260937,0.8535563385494341,,,,0.30711747284611096,,,,,,,,1.3330370042540816,1.3330370042540816,1.230794900179274,1.230794900179274,1.2870781094265906,1.2870781094265906,1.9095837116604497,1.9095837116604497,,,,,0.03509136972648957,,0.028492992134068418,0.028492992134068418,-0.004641230841411251,-0.004641230841411251,63.894430251898434,63.894430251898434,,1.3020000219345094,1.3020000219345094,1.197380957149324,1.197380957149324,1.2638095182085793,1.2638095182085793,2.0091547611213865,2.0091547611213865,1.2203999996185302,1.835909999012947,0,276805.00910282135,129617.31017865831,,,,,,,
2026-03-31,,,,,,,1.38999998569488530,1.50000000000000000,1.38999998569488530,1.50000000000000000,142400,,,,,1.50000000000000000,,,,,,,,,,,,,,,,,,,,,,,,,,,,,,,,,,,,,,,,,,,,,,,,,,,,,,,,,,,,,,,,,,,,,,,,,,,,,,,,,,,,,,,,,,,,,,,,,,,,,,,,,,,,,,,,,,,,,,,,,,,,,,,,,,,,,,,,,,,,,1.4034352283663767,0.9153422774523604,1.1077575310244416,0.8540585465981523,,,,0.37033420483135554,,,,,,,,1.3886913361693878,1.3886913361693878,1.2552680910720673,1.2552680910720673,1.2937319185070097,1.2937319185070097,1.9063458957579955,1.9063458957579955,,,,,0.03390151879036072,,0.045825876757094486,0.045825876757094486,0.0054521906782898965,0.0054521906782898965,66.01838217248174,66.01838217248174,,1.362000012397766,1.362000012397766,1.2130952449071974,1.2130952449071974,1.2693650741425773,1.2693650741425773,1.999670633720973,1.999670633720973,1.221800000667572,1.828409999012947,0,213600,131061.91339360343,,,,,,,
2026-04-01,,,,,,,1.49000000953674320,1.50000000000000000,1.40999996662139900,1.47000002861022950,107600,,,,,1.47000002861022950,,,,,,,,,,,,,,,,,,,,,,,,,,,,,,,,,,,,,,,,,,,,,,,,,,,,,,,,,,,,,,,,,,,,,,,,,,,,,,,,,,,,,,,,,,,,,,,,,,,,,,,,,,,,,,,,,,,,,,,,,,,,,,,,,,,,,,,,,,,,,1.1794534258163645,0.9212886484064913,1.108806555075178,0.837656758110385,,,,0.3698910894459062,,,,,,,,1.4157942336496683,1.4157942336496683,1.2747891763028094,1.2747891763028094,1.2992402969477355,1.2992402969477355,1.9028965213141396,1.9028965213141396,,,,,-0.020202687854778488,,0.05649037979239435,0.05649037979239435,0.015659828501110785,0.015659828501110785,63.60086571192689,63.60086571192689,,1.4320000171661378,1.4320000171661378,1.2273809625988914,1.2273809625988914,1.274444440054515,1.274444440054515,1.9924880942654988,1.9924880942654988,1.2242000007629394,1.8214099997282027,0,158172.0030784607,133019.4848825061,,,,,,,
2026-04-02,,,,,,,1.46000003814697270,1.57000005245208740,1.36000001430511470,1.54999995231628420,109000,,,,,1.54999995231628420,,,,,,,,,,,,,,,,,,,,,,,,,,,,,,,,,,,,,,,,,,,,,,,,,,,,,,,,,,,,,,,,,,,,,,,,,,,,,,,,,,,,,,,,,,,,,,,,,,,,,,,,,,,,,,,,,,,,,,,,,,,,,,,,,,,,,,,,,,,,,0.45434946043186,0.9268030232364837,1.1123217384684696,0.8394510108514093,,,,0.393422101656168,,,,,,,,1.460529473205207,1.460529473205207,1.2998083377585798,1.2998083377585798,1.3070765361780026,1.3070765361780026,1.900106825116528,1.900106825116528,,,,,0.0529924799140812,,0.07058375494711644,0.07058375494711644,0.026644613790311918,0.026644613790311918,67.06442934264801,67.06442934264801,,1.4740000009536742,1.4740000009536742,1.2430952446801322,1.2430952446801322,1.2803174560032193,1.2803174560032193,1.985503967319216,1.985503967319216,1.2277999997138977,1.8147099989652633,0,168949.99480247498,135478.34195277048,,,,,,,
2026-04-06,,,,,,,1.53999996185302730,1.57000005245208740,1.45000004768371580,1.51999998092651370,105000,,,,,1.51999998092651370,,,,,,,,,,,,,,,,,,,,,,,,,,,,,,,,,,,,,,,,,,,,,,,,,,,,,,,,,,,,,,,,,,,,,,,,,,,,,,,,,,,,,,,,,,,,,,,,,,,,,,,,,,,,,,,,,,,,,,,,,,,,,,,,,,,,,,,,,,,,,0.5398755441433042,0.8986018041175857,1.1062781134949877,0.8385744321363908,,,,0.38766819640408823,,,,,,,,1.480352975778976,1.480352975778976,1.3198257598647556,1.3198257598647556,1.3137303938263936,1.3137303938263936,1.8971020279292552,1.8971020279292552,,,,,-0.019544577857628528,,0.07842803970166479,0.07842803970166479,0.03700129897258249,0.03700129897258249,64.58264580024583,64.58264580024583,,1.4980000019073487,1.4980000019073487,1.2607142925262451,1.2607142925262451,1.2844444399788266,1.2844444399788266,1.9778849193974146,1.9778849193974146,1.2311999988555908,1.808209999203682,0,159599.99799728394,137587.67525752386,,,,,,,
2026-04-07,,,,,,,1.50000000000000000,1.50000000000000000,1.39999997615814200,1.39999997615814200,10500,,,,,1.39999997615814200,,,,,,,,,,,,,,,,,,,,,,,,,,,,,,,,,,,,,,,,,,,,,,,,,,,,,,,,,,,,,,,,,,,,,,,,,,,,,,,,,,,,,,,,,,,,,,,,,,,,,,,,,,,,,,,,,,,,,,,,,,,,,,,,,,,,,,,,,,,,,0.8424145192002027,0.9440712428215366,1.0933944455783828,0.8386214035232178,,,,0.3875682692494925,,,,,,,,1.4535686425720313,1.4535686425720313,1.3271143249823363,1.3271143249823363,1.3164263182742606,1.3164263182742606,1.8931723674409462,1.8931723674409462,,,,,-0.08223810271852436,,0.07410743005830245,0.07410743005830245,0.04442252518972648,0.04442252518972648,55.70300500878705,55.70300500878705,,1.4879999876022338,1.4879999876022338,1.2745238145192463,1.2745238145192463,1.28412697996412,1.28412697996412,1.970861109476241,1.970861109476241,1.2325999975204467,1.8012099993228912,0,14699.999749660492,136840.53242603937,,,,,,,
2026-04-08,,,,,,,1.44500005245208740,1.50000000000000000,1.38999998569488530,1.42999994754791260,15100,,,,,1.42999994754791260,,,,,,,,,,,,,,,,,,,,,,,,,,,,,,,,,,,,,,,,,,,,,,,,,,,,,,,,,,,,,,,,,,,,,,,,,,,,,,,,,,,,,,,,,,,,,,,,,,,,,,,,,,,,,,,,,,,,,,,,,,,,,,,,,,,,,,,,,,,,,0.8076595690806511,0.9417682029872663,1.094234138808747,0.8281951522015765,,,,0.3870520189670261,,,,,,,,1.445712410897325,1.445712410897325,1.3364675633973886,1.3364675633973886,1.3199754941890622,1.3199754941890622,1.8895109253864557,1.8895109253864557,,,,,0.021202188000719626,,0.0722709680262672,0.0722709680262672,0.04999221375703463,0.04999221375703463,57.28422436429757,57.28422436429757,,1.4739999771118164,1.4739999771118164,1.2902380966004872,1.2902380966004872,1.2842857099714733,1.2842857099714733,1.9655634898041923,1.9655634898041923,1.2349999976158141,1.7948599988222123,0,21592.99920797348,136953.373690257,,,,,,,
2026-04-09,,,,,,,1.40999996662139900,1.46000003814697270,1.40999996662139900,1.44000005722045900,4300,,,,,1.44000005722045900,,,,,,,,,,,,,,,,,,,,,,,,,,,,,,,,,,,,,,,,,,,,,,,,,,,,,,,,,,,,,,,,,,,,,,,,,,,,,,,,,,,,,,,,,,,,,,,,,,,,,,,,,,,,,,,,,,,,,,,,,,,,,,,,,,,,,,,,,,,,,0.8081342425602327,0.9181220804058002,1.0935123486921183,0.8270140544800274,,,,0.38632629761505444,,,,,,,,1.4438082930050364,1.4438082930050364,1.345879608290395,1.345879608290395,1.3237262617837935,1.3237262617837935,1.8859574797883056,1.8859574797883056,,,,,0.0069687457323044065,,0.07080627326819466,0.07080627326819466,0.05415502565926664,0.05415502565926664,57.824661322297494,57.824661322297494,,1.4679999828338623,1.4679999828338623,1.3026190542039418,1.3026190542039418,1.28412697996412,1.28412697996412,1.9598293630849748,1.9598293630849748,1.239599997997284,1.78885499894619,0,6192.000246047974,132395.5481442194,,,,,,,
2026-04-10,,,,,,,1.49000000953674320,1.49000000953674320,1.41799998283386230,1.47000002861022950,5800,,,,,1.47000002861022950,,,,,,,,,,,,,,,,,,,,,,,,,,,,,,,,,,,,,,,,,,,,,,,,,,,,,,,,,,,,,,,,,,,,,,,,,,,,,,,,,,,,,,,,,,,,,,,,,,,,,,,,,,,,,,,,,,,,,,,,,,,,,,,,,,,,,,,,,,,,,0.687693585717269,0.918600127398318,1.0939228520263575,0.8215320039193978,,,,0.38789006871457127,,,,,,,,1.4525388715401006,1.4525388715401006,1.3571632828649254,1.3571632828649254,1.3282973169971195,1.3282973169971195,1.882669278593222,1.882669278593222,,,,,0.02061926692904748,,0.07124497140885255,0.07124497140885255,0.057573014809183816,0.057573014809183816,59.480879383331335,59.480879383331335,,1.4519999980926515,1.4519999980926515,1.3154761961528234,1.3154761961528234,1.2847619018857441,1.2847619018857441,1.9553055540909843,1.9553055540909843,1.2449999976158141,1.783554999232292,0,8526.000165939331,131836.310077092,,,,,,,
2026-04-13,,,,,,,1.47000002861022950,1.54999995231628420,1.47000002861022950,1.49000000953674320,6400,,,,,1.49000000953674320,,,,,,,,,,,,,,,,,,,,,,,,,,,,,,,,,,,,,,,,,,,,,,,,,,,,,,,,,,,,,,,,,,,,,,,,,,,,,,,,,,,,,,,,,,,,,,,,,,,,,,,,,,,,,,,,,,,,,,,,,,,,,,,,,,,,,,,,,,,,,0.7005273787171785,0.898756070566163,1.0552510480085293,0.8145546926792728,,,,0.3869046364767537,,,,,,,,1.4650259175389815,1.4650259175389815,1.3692393489259997,1.3692393489259997,1.3333505261389829,1.3333505261389829,1.8795651736994947,1.8795651736994947,,,,,0.013513706104480555,,0.07237221234613989,0.07237221234613989,0.060532854316575034,0.060532854316575034,60.591939163940395,60.591939163940395,,1.4460000038146972,1.4460000038146972,1.3316666739327567,1.3316666739327567,1.2822222198758806,1.2822222198758806,1.9497103156551483,1.9497103156551483,1.2511999988555909,1.778539999127388,0,9536.000061035156,130282.67518206248,,,,,,,
2026-04-14,,,,,,,1.55799996852874760,1.55900001525878900,1.50300002098083500,1.52999997138977050,4400,,,,,1.52999997138977050,,,,,,,,,,,,,,,,,,,,,,,,,,,,,,,,,,,,,,,,,,,,,,,,,,,,,,,,,,,,,,,,,,,,,,,,,,,,,,,,,,,,,,,,,,,,,,,,,,,,,,,,,,,,,,,,,,,,,,,,,,,,,,,,,,,,,,,,,,,,,0.12056971203152816,0.8895120271431446,1.0567453110167027,0.8115319619989197,,,,0.38539602998099665,,,,,,,,1.4866839354892445,1.4866839354892445,1.3838539509681607,1.3838539509681607,1.3394958213030699,1.3394958213030699,1.876801812416414,1.876801812416414,,,,,0.02649159034698093,,0.0756215039138155,0.0756215039138155,0.06355058423602312,0.06355058423602312,62.78957976136334,62.78957976136334,,1.472000002861023,1.472000002861023,1.3469047659919375,1.3469047659919375,1.2803174578954304,1.2803174578954304,1.9451388872805095,1.9451388872805095,1.2583999991416932,1.7734399992227554,0,6731.99987411499,129404.77043238898,,,,,,,
2026-04-15,,,,,,,1.50000000000000000,1.54999995231628420,1.49000000953674320,1.50999999046325680,6100,,,,,1.50999999046325680,,,,,,,,,,,,,,,,,,,,,,,,,,,,,,,,,,,,,,,,,,,,,,,,,,,,,,,,,,,,,,,,,,,,,,,,,,,,,,,,,,,,,,,,,,,,,,,,,,,,,,,,,,,,,,,,,,,,,,,,,,,,,,,,,,,,,,,,,,,,,0.2431752405922756,0.8843196909907857,1.056280404612901,0.803637443451197,,,,0.3854235173245293,,,,,,,,1.4944559538139153,1.4944559538139153,1.3953217727404421,1.3953217727404421,1.3448240765893258,1.3448240765893258,1.8739021932705393,1.8739021932705393,,,,,-0.013158072193738508,,0.07571002157624651,0.07571002157624651,0.0659824717040678,0.0659824717040678,60.9591003804106,60.9591003804106,,1.4880000114440919,1.4880000114440919,1.362619053749811,1.362619053749811,1.2776190458782135,1.2776190458782135,1.9416468233343154,1.9416468233343154,1.2651999998092651,1.7683399993181228,0,9210.999941825867,127425.64351369464,,,,,,,
2026-04-16,,,,,,,1.50000000000000000,1.50000000000000000,1.45000004768371580,1.45000004768371580,6200,,,,,1.45000004768371580,,,,,,,,,,,,,,,,,,,,,,,,,,,,,,,,,,,,,,,,,,,,,,,,,,,,,,,,,,,,,,,,,,,,,,,,,,,,,,,,,,,,,,,,,,,,,,,,,,,,,,,,,,,,,,,,,,,,,,,,,,,,,,,,,,,,,,,,,,,,,0.4431460461293958,0.8985101943541122,1.0582089486092883,0.7909906952093618,,,,0.3797917063649673,,,,,,,,1.479637318437182,1.479637318437182,1.4002925250080125,1.4002925250080125,1.3481108256860255,1.3481108256860255,1.870551188167086,1.870551188167086,,,,,-0.04054605519330528,,0.0701302605307661,0.0701302605307661,0.06681202946940747,0.06681202946940747,55.71186109379458,55.71186109379458,,1.4900000095367432,1.4900000095367432,1.3735714356104534,1.3735714356104534,1.2746031738462902,1.2746031738462902,1.939226188829967,1.939226188829967,1.2706000018119812,1.762490000128746,0,8990.000295639038,125058.88163551451,,,,,,,
2026-04-17,,,,,,,1.42999994754791260,1.42999994754791260,1.32000005245208740,1.33000004291534420,22600,,,,,1.33000004291534420,,,,,,,,,,,,,,,,,,,,,,,,,,,,,,,,,,,,,,,,,,,,,,,,,,,,,,,,,,,,,,,,,,,,,,,,,,,,,,,,,,,,,,,,,,,,,,,,,,,,,,,,,,,,,,,,,,,,,,,,,,,,,,,,,,,,,,,,,,,,,0.7170158888534768,0.9536524818308731,1.061365484210111,0.7946342480342622,,,,0.36423387685504643,,,,,,,,1.4297582265965696,1.4297582265965696,1.3939022993632244,1.3939022993632244,1.3475448637244416,1.3475448637244416,1.8662780565840684,1.8662780565840684,,,,,-0.08638461481696576,,0.05538679767280419,0.05538679767280419,0.06452698311008681,0.06452698311008681,46.99840325604643,46.99840325604643,,1.4620000123977661,1.4620000123977661,1.3797619115738642,1.3797619115738642,1.2715873018143669,1.2715873018143669,1.9366468238452124,1.9366468238452124,1.2736000037193298,1.7556500005722047,0,30058.00096988678,124619.1673766999,,,,,,,
2026-04-20,,,,,,,1.30999994277954100,1.36000001430511470,1.30999994277954100,1.36000001430511470,6900,,,,,1.36000001430511470,,,,,,,,,,,,,,,,,,,,,,,,,,,,,,,,,,,,,,,,,,,,,,,,,,,,,,,,,,,,,,,,,,,,,,,,,,,,,,,,,,,,,,,,,,,,,,,,,,,,,,,,,,,,,,,,,,,,,,,,,,,,,,,,,,,,,,,,,,,,,0.7450855809865797,0.9328649929413839,1.0556348523564418,0.7941186564375581,,,,0.4390989924459203,,,,,,,,1.4065054891660846,1.4065054891660846,1.3908202734488508,1.3908202734488508,1.3479340871800876,1.3479340871800876,1.862275858621389,1.862275858621389,,,,,0.022305735765589245,,0.04559762309241333,0.04559762309241333,0.060741111106552115,0.060741111106552115,49.140027379484536,49.140027379484536,,1.4360000133514403,1.4360000133514403,1.3902381034124465,1.3902381034124465,1.270476191762894,1.270476191762894,1.934484125602813,1.934484125602813,1.2780000042915345,1.7490000003576278,0,9384.000098705292,124495.73881682896,,,,,,,
2026-04-21,,,,,,,1.37000000476837160,1.37000000476837160,1.30999994277954100,1.36500000953674320,3500,,,,,1.36500000953674320,,,,,,,,,,,,,,,,,,,,,,,,,,,,,,,,,,,,,,,,,,,,,,,,,,,,,,,,,,,,,,,,,,,,,,,,,,,,,,,,,,,,,,,,,,,,,,,,,,,,,,,,,,,,,,,,,,,,,,,,,,,,,,,,,,,,,,,,,,,,,0.6728462022693005,0.9309632303076638,1.0493347254796475,0.7860561048977623,,,,0.4502006116860178,,,,,,,,1.3926703292896374,1.3926703292896374,1.3884729767295683,1.3884729767295683,1.348467397253733,1.348467397253733,1.858344824241273,1.858344824241273,,,,,0.003669725357120675,,0.037807270854545605,0.037807270854545605,0.05615434305615081,0.05615434305615081,49.50623341502292,49.50623341502292,,1.4030000209808349,1.4030000209808349,1.4014285802841187,1.4014285802841187,1.2707142867739238,1.2707142867739238,1.9331547603720711,1.9331547603720711,1.2826000046730042,1.7426249998807908,0,4777.500033378601,124295.14357438163,,,,,,,
2026-04-22,,,,,,,1.23000001907348630,1.47000002861022950,1.16999995708465580,1.41999995708465580,26300,,,,,1.41999995708465580,,,,,,,,,,,,,,,,,,,,,,,,,,,,,,,,,,,,,,,,,,,,,,,,,,,,,,,,,,,,,,,,,,,,,,,,,,,,,,,,,,,,,,,,,,,,,,,,,,,,,,,,,,,,,,,,,,,,,,,,,,,,,,,,,,,,,,,,,,,,,0.8103173468424061,0.929366436427081,1.0518991127257964,0.7676481908712793,,,,0.5021211995983424,,,,,,,,1.4017802052213102,1.4017802052213102,1.391339065852758,1.391339065852758,1.3507027897484494,1.3507027897484494,1.8548796474258058,1.8548796474258058,,,,,0.03950240576754753,,0.03566032664517205,0.03566032664517205,0.05205553977395506,0.05205553977395506,53.47464273535401,53.47464273535401,,1.3850000143051147,1.3850000143051147,1.4164285773322696,1.4164285773322696,1.2715079368106903,1.2715079368106903,1.9307738078965082,1.9307738078965082,1.2875000047683716,1.7353249990940094,0,37345.99887132645,124518.25466629058,,,,,,,
2026-04-23,,,,,,,1.32000005245208740,1.42499995231628420,1.32000005245208740,1.36000001430511470,7800,,,,,1.36000001430511470,,,,,,,,,,,,,,,,,,,,,,,,,,,,,,,,,,,,,,,,,,,,,,,,,,,,,,,,,,,,,,,,,,,,,,,,,,,,,,,,,,,,,,,,,,,,,,,,,,,,,,,,,,,,,,,,,,,,,,,,,,,,,,,,,,,,,,,,,,,,,0.816278818906179,0.9109562325349089,1.0551150048802227,0.7652639042017693,,,,0.4765010369348331,,,,,,,,1.3878534749159117,1.3878534749159117,1.3884900611666087,1.3884900611666087,1.3509933280158453,1.3509933280158453,1.8509675554643774,1.8509675554643774,,,,,-0.04317213112466823,,0.02878554213809026,0.02878554213809026,0.0474015402467821,0.0474015402467821,48.954572344372885,48.954572344372885,,1.3670000076293944,1.3670000076293944,1.42404762336186,1.42404762336186,1.2716666668180436,1.2716666668180436,1.927559521936235,1.927559521936235,1.2907000041007997,1.7285249990224838,0,10608.000111579895,124320.20704254271,,,,,,,
2026-04-24,,,,,,,1.36000001430511470,1.47000002861022950,1.36000001430511470,1.37000000476837160,2500,,,,,1.37000000476837160,,,,,,,,,,,,,,,,,,,,,,,,,,,,,,,,,,,,,,,,,,,,,,,,,,,,,,,,,,,,,,,,,,,,,,,,,,,,,,,,,,,,,,,,,,,,,,,,,,,,,,,,,,,,,,,,,,,,,,,,,,,,,,,,,,,,,,,,,,,,,0.4901437863056749,0.8692431846960115,1.0547640562327882,0.7604610988795323,,,,0.5299313176811978,,,,,,,,1.381902318200065,1.381902318200065,1.3868091469485873,1.3868091469485873,1.3515872866643617,1.3515872866643617,1.8471654404391125,1.8471654404391125,,,,,0.007326033054169503,,0.02386899463088632,0.02386899463088632,0.04269503112360294,0.04269503112360294,49.71743812779084,49.71743812779084,,1.375,1.375,1.4359523852666218,1.4359523852666218,1.2723015868474568,1.2723015868474568,1.923630950942872,1.923630950942872,1.2917000031471253,1.7217249989509582,0,3425.000011920929,124258.46100723933,,,,,,,
2026-04-27,,,,,,,1.37999999523162840,1.38999998569488530,1.25999999046325680,1.35000002384185800,18700,,,,,1.35000002384185800,,,,,,,,,,,,,,,,,,,,,,,,,,,,,,,,,,,,,,,,,,,,,,,,,,,,,,,,,,,,,,,,,,,,,,,,,,,,,,,,,,,,,,,,,,,,,,,,,,,,,,,,,,,,,,,,,,,,,,,,,,,,,,,,,,,,,,,,,,,,,0.4825946858140987,0.6143098121235543,1.0547375986376526,0.7590255530408297,,,,0.5748017038448667,,,,,,,,1.3712682200806627,1.3712682200806627,1.3834628630297936,1.3834628630297936,1.3515376847011584,1.3515376847011584,1.8432352790430868,1.8432352790430868,,,,,-0.014706133209623379,,0.018149547311949066,0.018149547311949066,0.037785934361272165,0.037785934361272165,48.16699610396801,48.16699610396801,,1.3730000019073487,1.3730000019073487,1.4364285752886818,1.4364285752886818,1.2729365087690807,1.2729365087690807,1.9191825385131533,1.9191825385131533,1.2967000031471252,1.7149249988794326,0,25245.000445842743,124276.57214213931,,,,,,,
2026-04-28,,,,,,,1.36000001430511470,1.36000001430511470,1.25000000000000000,1.30999994277954100,5400,,,,,1.30999994277954100,,,,,,,,,,,,,,,,,,,,,,,,,,,,,,,,,,,,,,,,,,,,,,,,,,,,,,,,,,,,,,,,,,,,,,,,,,,,,,,,,,,,,,,,,,,,,,,,,,,,,,,,,,,,,,,,,,,,,,,,,,,,,,,,,,,,,,,,,,,,,0.5180892820625703,0.6016512489382587,1.044112761745668,0.7593066656309528,,,,0.5283545927831488,,,,,,,,1.3508454609802887,1.3508454609802887,1.376784415734316,1.376784415734316,1.350239630266108,1.350239630266108,1.8390199799421891,1.8390199799421891,,,,,-0.03007751657765391,,0.01027077673730381,0.01027077673730381,0.03228290283647849,0.03228290283647849,45.13534297418933,45.13534297418933,,1.3619999885559082,1.3619999885559082,1.4321428594135104,1.4321428594135104,1.2745238088426136,1.2745238088426136,1.9147777760785722,1.9147777760785722,1.3007000017166137,1.7077749985456467,0,7073.9996910095215,123914.46101116756,,,,,,,
2026-04-29,,,,,,,1.27999997138977050,1.37000000476837160,1.27999997138977050,1.30999994277954100,4100,,,,,1.30999994277954100,,,,,,,,,,,,,,,,,,,,,,,,,,,,,,,,,,,,,,,,,,,,,,,,,,,,,,,,,,,,,,,,,,,,,,,,,,,,,,,,,,,,,,,,,,,,,,,,,,,,,,,,,,,,,,,,,,,,,,,,,,,,,,,,,,,,,,,,,,,,,0.33091779321858134,0.5856037132228805,1.0439358520310462,0.7556504268795186,,,,0.4391021308603336,,,,,,,,1.3372302882467062,1.3372302882467062,1.3707131000111548,1.3707131000111548,1.3489821400321527,1.3489821400321527,1.8348380033638283,1.8348380033638283,,,,,0,,0.003980904899763438,0.003980904899763438,0.026622503249135485,0.026622503249135485,45.13534297418933,45.13534297418933,,1.3399999856948852,1.3399999856948852,1.4254761877514066,1.4254761877514066,1.2762698389234997,1.2762698389234997,1.9096587286109017,1.9096587286109017,1.2971000003814697,1.6998749977350236,0,5370.999765396118,123883.52449489018,,,,,,,
2026-04-30,,,,,,,1.25000000000000000,1.35899996757507320,1.25000000000000000,1.26999998092651370,4200,,,,,1.26999998092651370,,,,,,,,,,,,,,,,,,,,,,,,,,,,,,,,,,,,,,,,,,,,,,,,,,,,,,,,,,,,,,,,,,,,,,,,,,,,,,,,,,,,,,,,,,,,,,,,,,,,,,,,,,,,,,,,,,,,,,,,,,,,,,,,,,,,,,,,,,,,,0.2748012709418627,0.5745691697225971,1.0453277963017276,0.7543393026166881,,,,0.26419582463558217,,,,,,,,1.314820185806642,1.314820185806642,1.361557361912551,1.361557361912551,1.3465139475601016,1.3465139475601016,1.830372880656814,1.830372880656814,,,,,-0.031010208081312926,,-0.004183303951539541,-0.004183303951539541,0.02046134180900048,0.02046134180900048,42.06478901196206,42.06478901196206,,1.321999979019165,1.321999979019165,1.4145238058907645,1.4145238058907645,1.2776984108818903,1.2776984108818903,1.9049365061616141,1.9049365061616141,1.2975999999046326,1.692124997973442,0,5333.999919891357,123732.1911707757,,,,,,,
2026-05-01,,,,,,,1.25000000000000000,1.38999998569488530,1.25000000000000000,1.30999994277954100,2400,,,,,1.30999994277954100,,,,,,,,,,,,,,,,,,,,,,,,,,,,,,,,,,,,,,,,,,,,,,,,,,,,,,,,,,,,,,,,,,,,,,,,,,,,,,,,,,,,,,,,,,,,,,,,,,,,,,,,,,,,,,,,,,,,,,,,,,,,,,,,,,,,,,,,,,,,,0.40806118848613393,0.5880128676533026,1.0468279625737682,0.7547474116718097,,,,0.24188347091423779,,,,,,,,1.3132134381309417,1.3132134381309417,1.35687032380955,1.35687032380955,1.345372884910709,1.345372884910709,1.8262592605945431,1.8262592605945431,,,,,0.031010208081312964,,-0.007341210750449578,-0.007341210750449578,0.014900831297110468,0.014900831297110468,46.019557889413036,46.019557889413036,,1.3099999666213988,1.3099999666213988,1.4069047541845412,1.4069047541845412,1.2799206328770472,1.2799206328770472,1.9001746012104883,1.9001746012104883,1.2989999985694884,1.6844749981164933,0,3143.9998626708984,123622.38165064463,,,,,,,
2026-05-04,,,,,,,1.30999994277954100,1.37000000476837160,1.20000004768371580,1.23000001907348630,3600,,,,,1.23000001907348630,,,,,,,,,,,,,,,,,,,,,,,,,,,,,,,,,,,,,,,,,,,,,,,,,,,,,,,,,,,,,,,,,,,,,,,,,,,,,,,,,,,,,,,,,,,,,,,,,,,,,,,,,,,,,,,,,,,,,,,,,,,,,,,,,,,,,,,,,,,,,0.5649063688854722,0.5799050084052688,1.0548223778518888,0.7568914226509869,,,,0.002468865026154081,,,,,,,,1.2854756317784566,1.2854756317784566,1.3453366597426353,1.3453366597426353,1.3417674828532957,1.3417674828532957,1.8215457488038629,1.8215457488038629,,,,,-0.06301290864209409,,-0.016113454028136243,-0.016113454028136243,0.008697974232061126,0.008697974232061126,40.12077386775342,40.12077386775342,,1.2859999656677246,1.2859999656677246,1.3916666621253604,1.3916666621253604,1.2808730148133778,1.2808730148133778,1.8949206334257882,1.8949206334257882,1.3,1.6762249976396562,0,4428.000068664551,123583.0959414679,,,,,,,
2026-05-05,,,,,,,1.28999996185302730,1.34000003337860100,1.28999996185302730,1.34000003337860100,5300,,,,,1.34000003337860100,,,,,,,,,,,,,,,,,,,,,,,,,,,,,,,,,,,,,,,,,,,,,,,,,,,,,,,,,,,,,,,,,,,,,,,,,,,,,,,,,,,,,,,,,,,,,,,,,,,,,,,,,,,,,,,,,,,,,,,,,,,,,,,,,,,,,,,,,,,,,0.9094379511119195,0.6681861585861182,1.0683140238003275,0.7619984900542955,,,,-0.06698919693829057,,,,,,,,1.303650432311838,1.303650432311838,1.3448515118913593,1.3448515118913593,1.3417122500572116,1.3417122500572116,1.8177390633064299,1.8177390633064299,,,,,0.085655453980998,,-0.014027735181150636,-0.014027735181150636,0.004152832349418773,0.004152832349418773,49.673080470905745,49.673080470905745,,1.2919999837875367,1.2919999837875367,1.3830952360516502,1.3830952360516502,1.2834126987154522,1.2834126987154522,1.8900357125297425,1.8900357125297425,1.3032000017166139,1.6687249982357024,0,7102.000176906586,123611.54039246695,,,,,,,
2026-05-06,,,,,,,1.01999998092651370,1.29999995231628420,0.96299999952316280,1.25000000000000000,5307100,,,,,1.25000000000000000,,,,,,,,,,,,,,,,,,,,,,,,,,,,,,,,,,,,,,,,,,,,,,,,,,,,,,,,,,,,,,,,,,,,,,,,,,,,,,,,,,,,,,,,,,,,,,,,,,,,,,,,,,,,,,,,,,,,,,,,,,,,,,,,,,,,,,,,,,,,,1.0537437162239698,0.6511452842176331,1.0778548530745578,0.7648644503078635,,,,0.6822947535611539,,,,,,,,1.2857669548745587,1.2857669548745587,1.336228647173963,1.336228647173963,1.3388462422429237,1.3388462422429237,1.8132510074700154,1.8132510074700154,,,,,-0.06952608755801373,,-0.019413254585581408,-0.019413254585581408,-0.0005603850375812629,-0.0005603850375812629,43.551422862795725,43.551422862795725,,1.2799999952316283,1.2799999952316283,1.3759523800441198,1.3759523800441198,1.2845238106591361,1.2845238106591361,1.8847182525528803,1.8847182525528803,1.303600001335144,1.6610749983787536,0,6633875,228868.06420390567,,,,,,,
2026-05-07,,,,,,,1.10000002384185800,1.25000000000000000,1.09000003337860100,1.17999994754791260,160800,,,,,1.17999994754791260,,,,,,,,,,,,,,,,,,,,,,,,,,,,,,,,,,,,,,,,,,,,,,,,,,,,,,,,,,,,,,,,,,,,,,,,,,,,,,,,,,,,,,,,,,,,,,,,,,,,,,,,,,,,,,,,,,,,,,,,,,,,,,,,,,,,,,,,,,,,,1.103923076683762,0.6676248400283953,1.0819304326487225,0.7643985097955164,,,,0.6689019980297549,,,,,,,,1.2505112857656766,1.2505112857656766,1.3220260381170494,1.3220260381170494,1.3338822955337046,1.3338822955337046,1.8082450702374295,1.8082450702374295,,,,,-0.05762915728755893,,-0.028995494718158543,-0.028995494718158543,-0.006247406973696719,-0.006247406973696719,39.476435625731135,39.476435625731135,,1.2619999885559081,1.2619999885559081,1.3640476181393577,1.3640476181393577,1.2851587306885492,1.2851587306885492,1.87975793461951,1.87975793461951,1.3022000002861023,1.6526499980688094,0,189743.99156570435,231718.82597681077,,,,,,,
2026-05-08,,,,,,,1.17999994754791260,1.20000004768371580,1.13999998569488530,1.16999995708465580,75900,,,,,1.16999995708465580,,,,,,,,,,,,,,,,,,,,,,,,,,,,,,,,,,,,,,,,,,,,,,,,,,,,,,,,,,,,,,,,,,,,,,,,,,,,,,,,,,,,,,,,,,,,,,,,,,,,,,,,,,,,,,,,,,,,,,,,,,,,,,,,,,,,,,,,,,,,,1.0342840298138032,0.665064258122506,1.0820381452572072,0.7607933563124459,,,,0.6603276853213285,,,,,,,,1.2236741762053365,1.2236741762053365,1.3082054852959226,1.3082054852959226,1.3287609724571718,1.3287609724571718,1.8031996543231785,1.8031996543231785,,,,,-0.008510681896768226,,-0.03697023486219653,-0.03697023486219653,-0.012391972551396681,-0.012391972551396681,38.91623876909576,38.91623876909576,,1.233999991416931,1.233999991416931,1.3511904705138433,1.3511904705138433,1.2857142857142858,1.2857142857142858,1.8754722201634968,1.8754722201634968,1.301199998855591,1.6452499973773955,0,88802.99674272537,233103.17513166912,,,,,,,
2026-05-11,,,,,,,1.16999995708465580,1.26999998092651370,1.16999995708465580,1.23000001907348630,67400,,,,,1.23000001907348630,,,,,,,,,,,,,,,,,,,,,,,,,,,,,,,,,,,,,,,,,,,,,,,,,,,,,,,,,,,,,,,,,,,,,,,,,,,,,,,,,,,,,,,,,,,,,,,,,,,,,,,,,,,,,,,,,,,,,,,,,,,,,,,,,,,,,,,,,,,,,1.0668251722320752,0.6893995535577795,1.084444897516134,0.761464976144723,,,,0.6551474530184674,,,,,,,,1.2257827904947196,1.2257827904947196,1.3010958974575193,1.3010958974575193,1.3256746926639316,1.3256746926639316,1.7986684319101374,1.7986684319101374,,,,,0.05001047276134278,,-0.0380106076954565,-0.0380106076954565,-0.017515699580208644,-0.017515699580208644,44.04679551439838,44.04679551439838,,1.233999991416931,1.233999991416931,1.3397618986311413,1.3397618986311413,1.2865873026469397,1.2865873026469397,1.8710674586750211,1.8710674586750211,1.301199998855591,1.6380999970436096,0,82902.00128555298,234129.9926241239,,,,,,,
2026-05-12,,,,,,,1.20000004768371580,1.35000002384185800,1.14999997615814200,1.20000004768371580,3296500,,,,,1.20000004768371580,,,,,,,,,,,,,,,,,,,,,,,,,,,,,,,,,,,,,,,,,,,,,,,,,,,,,,,,,,,,,,,,,,,,,,,,,,,,,,,,,,,,,,,,,,,,,,,,,,,,,,,,,,,,,,,,,,,,,,,,,,,,,,,,,,,,,,,,,,,,,0.7489194063585887,0.6867351546335185,1.0848190573426468,0.7595328855848897,,,,0.23462578596718092,,,,,,,,1.2171885428910518,1.2171885428910518,1.2919053656599009,1.2919053656599009,1.3217473600082998,1.3217473600082998,1.7939358755130905,1.7939358755130905,,,,,-0.02469258836084179,,-0.04078570540850035,-0.04078570540850035,-0.022169700745866987,-0.022169700745866987,42.14091147059649,42.14091147059649,,1.205999994277954,1.205999994277954,1.32595237663814,1.32595237663814,1.2865873026469397,1.2865873026469397,1.8660119033995128,1.8660119033995128,1.301800000667572,1.630699996948242,0,3955800.157189369,296806.1855908424,,,,,,,
2026-05-13,,,,,,,1.14999997615814200,1.35000002384185800,1.13999998569488530,1.29999995231628420,8673500,,,,,1.29999995231628420,,,,,,,,,,,,,,,,,,,,,,,,,,,,,,,,,,,,,,,,,,,,,,,,,,,,,,,,,,,,,,,,,,,,,,,,,,,,,,,,,,,,,,,,,,,,,,,,,,,,,,,,,,,,,,,,,,,,,,,,,,,,,,,,,,,,,,,,,,,,,0.8910780428168138,0.7454377339978812,1.0797850690297548,0.7595396865254355,,,,0.3763464523645706,,,,,,,,1.2447923460327959,1.2447923460327959,1.2926412371741176,1.2926412371741176,1.3210677535179245,1.3210677535179245,1.7900312437091632,1.7900312437091632,,,,,0.0800426312573253,,-0.0345179325302698,-0.0345179325302698,-0.02463934710274755,-0.02463934710274755,49.91970839169266,49.91970839169266,,1.2159999847412108,1.2159999847412108,1.3149999947774977,1.3149999947774977,1.2862698407400222,1.2862698407400222,1.8605357124691917,1.8605357124691917,1.3044000005722045,1.6238999962806702,0,11275549.58641529,475332.6869446134,,,,,,,
2026-05-14,,,,,,,1.25000000000000000,1.63999998569488530,1.23000001907348630,1.50999999046325680,3687000,,,,,1.50999999046325680,,,,,,,,,,,,,,,,,,,,,,,,,,,,,,,,,,,,,,,,,,,,,,,,,,,,,,,,,,,,,,,,,,,,,,,,,,,,,,,,,,,,,,,,,,,,,,,,,,,,,,,,,,,,,,,,,,,,,,,,,,,,,,,,,,,,,,,,,,,,,1.1183326630878352,0.9230151330600793,1.056176171396337,0.772878487715195,,,,0.37474001554632896,,,,,,,,1.3331948941762828,1.3331948941762828,1.3124011238367665,1.3124011238367665,1.326971885922466,1.326971885922466,1.7878175579127529,1.7878175579127529,,,,,0.14974541672339994,,-0.012461777716167965,-0.012461777716167965,-0.02220383322543163,-0.02220383322543163,61.596347307521654,61.596347307521654,,1.2819999933242798,1.2819999933242798,1.3149999947774977,1.3149999947774977,1.2927777767181396,1.2927777767181396,1.8553372999978444,1.8553372999978444,1.310199999809265,1.6183999967575073,0,5567369.964838028,562884.7498608014,,,,,,,
2026-05-15,,,,,,,1.39999997615814200,1.48000001907348630,1.24000000953674320,1.34000003337860100,2935700,,,,,1.34000003337860100,,,,,,,,,,,,,,,,,,,,,,,,,,,,,,,,,,,,,,,,,,,,,,,,,,,,,,,,,,,,,,,,,,,,,,,,,,,,,,,,,,,,,,,,,,,,,,,,,,,,,,,,,,,,,,,,,,,,,,,,,,,,,,,,,,,,,,,,,,,,,1.6368101479440038,1.003622802792104,1.0850559666632673,0.7812043707562941,,,,0.3097290881855718,,,,,,,,1.3354632739103889,1.3354632739103889,1.314910115613297,1.314910115613297,1.3273790155304703,1.3273790155304703,1.7842774984302696,1.7842774984302696,,,,,-0.11944000563888553,,-0.008600550119665762,-0.008600550119665762,-0.01948317660427846,-0.01948317660427846,51.19095707459258,51.19095707459258,,1.3160000085830688,1.3160000085830688,1.3097618988582067,1.3097618988582067,1.2964285706716872,1.2964285706716872,1.8491904749756767,1.8491904749756767,1.3140000009536743,1.6120499974489213,0,3933838.097989559,624988.3387134189,,,,,,,
2026-05-18,,,,,,,1.35000002384185800,1.50000000000000000,1.29999995231628420,1.49000000953674320,762700,,,,,1.49000000953674320,,,,,,,,,,,,,,,,,,,,,,,,,,,,,,,,,,,,,,,,,,,,,,,,,,,,,,,,,,,,,,,,,,,,,,,,,,,,,,,,,,,,,,,,,,,,,,,,,,,,,,,,,,,,,,,,,,,,,,,,,,,,,,,,,,,,,,,,,,,,,1.7318900701413602,1.0252238228346386,0.9343871067172057,0.7871730741629356,,,,0.3287131966827232,,,,,,,,1.3869755191191737,1.3869755191191737,1.3308273786972467,1.3308273786972467,1.3324609215931662,1.3324609215931662,1.7819511941702417,1.7819511941702417,,,,,0.10610648748564305,,0.006488450227754905,0.006488450227754905,-0.014288851237871785,-0.014288851237871785,57.942110133241556,57.942110133241556,,1.3680000066757203,1.3680000066757203,1.3173809448877971,1.3173809448877971,1.2964285706716872,1.2964285706716872,1.8442301575153592,1.8442301575153592,1.3216000008583069,1.6064499980211258,0,1136423.007273674,571386.1796401796,,,,,,,
2026-05-19,,,,,,,1.53999996185302730,1.53999996185302730,1.41999995708465580,1.45000004768371580,22900,,,,,1.45000004768371580,,,,,,,,,,,,,,,,,,,,,,,,,,,,,,,,,,,,,,,,,,,,,,,,,,,,,,,,,,,,,,,,,,,,,,,,,,,,,,,,,,,,,,,,,,,,,,,,,,,,,,,,,,,,,,,,,,,,,,,,,,,,,,,,,,,,,,,,,,,,,1.7377516783160158,1.0292833986289769,0.8622210784886797,0.7863049556406659,,,,0.327771582414826,,,,,,,,1.4079836953073543,1.4079836953073543,1.3416612576960165,1.3416612576960165,1.336134019283496,1.336134019283496,1.7793270744351704,1.7793270744351704,,,,,-0.02721253704006281,,0.01504549399625943,0.01504549399625943,-0.008421982191045542,-0.008421982191045542,55.728465917548114,55.728465917548114,,1.4180000066757201,1.4180000066757201,1.3216666607629686,1.3216666607629686,1.2996825396068512,1.2996825396068512,1.8386468239246854,1.8386468239246854,1.328600001335144,1.5998499983549117,0,33205.00109195709,568919.3145666803,,,,,,,
2026-05-20,,,,,,,1.43799996376037600,1.48000001907348630,1.40999996662139900,1.44000005722045900,63000,,,,,1.44000005722045900,,,,,,,,,,,,,,,,,,,,,,,,,,,,,,,,,,,,,,,,,,,,,,,,,,,,,,,,,,,,,,,,,,,,,,,,,,,,,,,,,,,,,,,,,,,,,,,,,,,,,,,,,,,,,,,,,,,,,,,,,,,,,,,,,,,,,,,,,,,,,1.7142338965029904,1.0298568407873696,0.8623285055068896,0.786247967589238,,,,0.32652146486468636,,,,,,,,1.418655815945056,1.418655815945056,1.350601148561875,1.350601148561875,1.339379832969026,1.339379832969026,1.7766446474216153,1.7766446474216153,,,,,-0.0069204359934654305,,0.020780551909029832,0.020780551909029832,-0.0025814753710304674,-0.0025814753710304674,55.16108980996638,55.16108980996638,,1.4460000276565552,1.4460000276565552,1.3252380916050501,1.3252380916050501,1.3028571435383387,1.3028571435383387,1.8331706339404696,1.8331706339404696,1.333800003528595,1.5940999990701676,0,90720.00360488892,569436.2035056901,,,,,,,
2026-05-21,,,,,,,1.02999997138977050,1.24000000953674320,0.89600002765655520,0.97200000286102300,627400,,,,,0.97200000286102300,,,,,,,,,,,,,,,,,,,,,,,,,,,,,,,,,,,,,,,,,,,,,,,,,,,,,,,,,,,,,,,,,,,,,,,,,,,,,,,,,,,,,,,,,,,,,,,,,,,,,,,,,,,,,,,,,,,,,,,,,,,,,,,,,,,,,,,,,,,,,2.990836537225844,1.703798563015091,1.166415675456522,0.8768242773444067,,,,0.30460554091058406,,,,,,,,1.2697705449170449,1.2697705449170449,1.3161828625890701,1.3161828625890701,1.3278992132781509,1.3278992132781509,1.7702838201918873,1.7702838201918873,,,,,-0.3930426249025969,,-0.012296322175552765,-0.012296322175552765,-0.004524444731934927,-0.004524444731934927,36.45502721256148,36.45502721256148,,1.3384000301361083,1.3384000301361083,1.303904760451544,1.303904760451544,1.2995555571147375,1.2995555571147375,1.825408729295882,1.825408729295882,1.3292400026321411,1.5862599992752076,0,609832.8017950059,578606.6289536536,,,,,,,
2026-05-22,,,,,,,0.37000000476837160,0.37099999189376830,0.26399999856948850,0.27099999785423280,20939700,,,,,0.27099999785423280,,,,,,,,,,,,,,,,,,,,,,,,,,,,,,,,,,,,,,,,,,,,,,,,,,,,,,,,,,,,,,,,,,,,,,,,,,,,,,,,,,,,,,,,,,,,,,,,,,,,,,,,,,,,,,,,,,,,,,,,,,,,,,,,,,,,,,,,,,,,,9.004314744157668,4.686061479299089,2.802481928066992,1.544953995202498,,,,-0.22199084994026574,,,,,,,,0.9368470292294409,0.9368470292294409,1.2211662385222668,1.2211662385222668,1.2948711127961536,1.2948711127961536,1.7584317741655027,1.7584317741655027,,,,,-1.2772369944421376,,-0.0939913513058892,-0.0939913513058892,-0.02241782604672578,-0.02241782604672578,23.564617121190338,23.564617121190338,,1.1246000230312347,1.1246000230312347,1.2520476168110257,1.2520476168110257,1.285126986484679,1.285126986484679,1.8154920626963889,1.8154920626963889,1.311660003066063,1.574464998692274,0,5674658.655068279,668313.4647647067,,,,,,,
2026-05-26,,,,,,,0.25000000000000000,0.25000000000000000,0.17800000309944153,0.18299999833106995,60698400,,,,,0.18299999833106995,,,,,,,,,,,,,,,,,,,,,,,,,,,,,,,,,,,,,,,,,,,,,,,,,,,,,,,,,,,,,,,,,,,,,,,,,,,,,,,,,,,,,,,,,,,,,,,,,,,,,,,,,,,,,,,,,,,,,,,,,,,,,,,,,,,,,,,,,,,,,8.17670423337371,4.799033104545274,2.8946370045797787,1.5904014274241913,,,,-0.5833123869467088,,,,,,,,0.6855646855966506,0.6855646855966506,1.1267874894139762,1.1267874894139762,1.2601251404691196,1.2601251404691196,1.7459777680324242,1.7459777680324242,,,,,-0.39263266924015616,,-0.16394624473115293,-0.16394624473115293,-0.05072350978361121,-0.05072350978361121,22.489540963417337,22.489540963417337,,0.8632000207901,0.8632000207901,1.195523806980678,1.195523806980678,1.2685079385363867,1.2685079385363867,1.8045912687740628,1.8045912687740628,1.2911200022697449,1.5619299983978272,0,11107807.098698618,844372.1012480202,,,,,,,
2026-05-27,,,,,,,0.20000000298023224,0.20399999618530273,0.17599999904632568,0.18500000238418580,72200400,,,,,0.18500000238418580,,,,,,,,,,,,,,,,,,,,,,,,,,,,,,,,,,,,,,,,,,,,,,,,,,,,,,,,,,,,,,,,,,,,,,,,,,,,,,,,,,,,,,,,,,,,,,,,,,,,,,,,,,,,,,,,,,,,,,,,,,,,,,,,,,,,,,,,,,,,,8.295389415722532,4.805296387511303,2.8943136256010247,1.5905140825325923,,,,-0.49246275272847456,,,,,,,,0.5187097911924956,0.5187097911924956,1.0411704451385406,1.0411704451385406,1.2265274799039654,1.2265274799039654,1.7336380228494341,1.7336380228494341,,,,,0.010869694244230867,,-0.216726331909317,-0.216726331909317,-0.08392407420875236,-0.08392407420875236,22.575995415479447,22.575995415479447,,0.6102000117301941,0.6102000117301941,1.1400476154826937,1.1400476154826937,1.2516031766694689,1.2516031766694689,1.7936984113757573,1.7936984113757573,1.2712200033664702,1.549454998075962,0,13357074.17213917,1056099.4690597532,,,,,,,
2026-05-28,,,,,,,0.16300000250339508,0.16500000655651093,0.13099999725818634,0.15000000596046448,81086500,,,,,0.15000000596046448,,,,,,,,,,,,,,,,,,,,,,,,,,,,,,,,,,,,,,,,,,,,,,,,,,,,,,,,,,,,,,,,,,,,,,,,,,,,,,,,,,,,,,,,,,,,,,,,,,,,,,,,,,,,,,,,,,,,,,,,,,,,,,,,,,,,,,,,,,,,,7.780791028159597,4.815168140919843,2.916417466259755,1.6028632900033064,,,,-0.30265505714929575,,,,,,,,0.39580652944848527,0.39580652944848527,0.9601549506678065,0.9601549506678065,1.192885996343231,1.192885996343231,1.7211191452455687,1.7211191452455687,,,,,-0.20972050413313087,,-0.25840045882163054,-0.25840045882163054,-0.11881935113132801,-0.11881935113132801,22.11120069344604,22.11120069344604,,0.3522000014781952,0.3522000014781952,1.0848095232532138,1.0848095232532138,1.2346190493258218,1.2346190493258218,1.7827063476045926,1.7827063476045926,1.249820002913475,1.5376549981534482,0,12162975.483313203,1249009.5878389147,,,,,,,
