"m_date","m_open","m_high","m_low","m_close","m_volume","m_vwap","m_open_split_adjusted","m_high_split_adjusted","m_low_split_adjusted","m_close_split_adjusted","m_volume_split_adjusted","m_vwap_split_adjusted","m_open_dividend_and_split_adjusted","m_high_dividend_and_split_adjusted","m_low_dividend_and_split_adjusted","m_close_dividend_and_split_adjusted","m_volume_dividend_and_split_adjusted","m_vwap_dividend_and_split_adjusted","f_accepted_date","f_filing_date","f_fiscal_period","f_fiscal_year","f_period_end_date","f_reported_currency","fbs_accumulated_other_comprehensive_income_after_tax","fbs_additional_paid_in_capital","fbs_assets","fbs_capital_lease_obligations","fbs_cash_and_cash_equivalents","fbs_cash_and_shortterm_investments","fbs_common_stock_value","fbs_current_accounts_payable","fbs_current_accounts_receivable_after_doubtful_accounts","fbs_current_accrued_expenses","fbs_current_assets","fbs_current_capital_lease_obligations","fbs_current_liabilities","fbs_current_net_receivables","fbs_current_tax_payables","fbs_deferred_revenue","fbs_goodwill","fbs_investments","fbs_liabilities","fbs_longterm_debt","fbs_longterm_investments","fbs_net_debt","fbs_net_intangible_assets_excluding_goodwill","fbs_net_intangible_assets_including_goodwill","fbs_net_inventory","fbs_net_property_plant_and_equipment","fbs_noncontrolling_interest","fbs_noncurrent_assets","fbs_noncurrent_capital_lease_obligations","fbs_noncurrent_deferred_revenue","fbs_noncurrent_deferred_tax_assets","fbs_noncurrent_deferred_tax_liabilities","fbs_noncurrent_liabilities","fbs_other_assets","fbs_other_current_assets","fbs_other_current_liabilities","fbs_other_liabilities","fbs_other_noncurrent_assets","fbs_other_noncurrent_liabilities","fbs_other_payables","fbs_other_receivables","fbs_other_stockholder_equity","fbs_preferred_stock_value","fbs_prepaid_expenses","fbs_retained_earnings","fbs_shortterm_debt","fbs_shortterm_investments","fbs_stockholder_equity","fbs_total_debt_including_capital_lease_obligations","fbs_total_equity_including_noncontrolling_interest","fbs_total_liabilities_and_equity","fbs_total_payables_current_and_noncurrent","fbs_treasury_stock_value","fcf_accounts_payable_change","fcf_accounts_receivable_change","fcf_capital_expenditure","fcf_cash_and_cash_equivalents_change","fcf_cash_exchange_rate_effect","fcf_common_stock_dividend_payments","fcf_common_stock_issuance_proceeds","fcf_common_stock_repurchase","fcf_deferred_income_tax","fcf_depreciation_and_amortization","fcf_dividend_payments","fcf_free_cash_flow","fcf_interest_payments","fcf_inventory_change","fcf_investment_sales_maturities_and_collections_proceeds","fcf_investments_purchase","fcf_net_business_acquisition_payments","fcf_net_cash_from_operating_activities","fcf_net_cash_from_investing_activities","fcf_net_cash_from_financing_activities","fcf_net_common_stock_issuance_proceeds","fcf_net_debt_issuance_proceeds","fcf_net_income","fcf_net_income_tax_payments","fcf_net_longterm_debt_issuance_proceeds","fcf_net_shortterm_debt_issuance_proceeds","fcf_net_stock_issuance_proceeds","fcf_other_financing_activities","fcf_other_investing_activities","fcf_other_noncash_items","fcf_other_working_capital","fcf_period_end_cash","fcf_period_start_cash","fcf_preferred_stock_dividend_payments","fcf_preferred_stock_issuance_proceeds","fcf_property_plant_and_equipment_purchase","fcf_stock_based_compensation","fcf_working_capital_change","fis_basic_earnings_per_share","fis_basic_net_income_available_to_common_stockholders","fis_continuing_operations_income_after_tax","fis_costs_and_expenses","fis_cost_of_revenue","fis_depreciation_and_amortization","fis_diluted_earnings_per_share","fis_discontinued_operations_income_after_tax","fis_earnings_before_interest_and_tax","fis_earnings_before_interest_tax_depreciation_and_amortization","fis_general_and_administrative_expense","fis_gross_profit","fis_income_before_tax","fis_income_tax_expense","fis_interest_expense","fis_interest_income","fis_net_income","fis_net_income_deductions","fis_net_interest_income","fis_net_total_other_income","fis_nonoperating_income_excluding_interest","fis_operating_expenses","fis_operating_income","fis_other_expenses","fis_other_net_income_adjustments","fis_research_and_development_expense","fis_revenues","fis_selling_and_marketing_expense","fis_selling_general_and_administrative_expense","fis_weighted_average_basic_shares_outstanding","fis_weighted_average_diluted_shares_outstanding","d_declaration_date_dividend","d_declaration_date_dividend_split_adjusted","d_ex_dividend_date_dividend","d_ex_dividend_date_dividend_split_adjusted","d_record_date_dividend","d_record_date_dividend_split_adjusted","d_payment_date_dividend","d_payment_date_dividend_split_adjusted","s_split_date_numerator","s_split_date_denominator","c_annualized_volatility_5d_log_returns_dividend_and_split_adjusted","c_annualized_volatility_21d_log_returns_dividend_and_split_adjusted","c_annualized_volatility_63d_log_returns_dividend_and_split_adjusted","c_annualized_volatility_252d_log_returns_dividend_and_split_adjusted","c_book_to_price","c_book_value_per_share","c_chaikin_money_flow_21d_dividend_and_split_adjusted","c_chaikin_money_flow_21d_split_adjusted","c_daily_traded_value","c_daily_traded_value_sma_5d","c_daily_traded_value_sma_21d","c_daily_traded_value_sma_63d","c_daily_traded_value_sma_252d","c_earnings_per_share","c_earnings_to_price","c_exponential_moving_average_5d_close_dividend_and_split_adjusted","c_exponential_moving_average_5d_close_split_adjusted","c_exponential_moving_average_21d_close_dividend_and_split_adjusted","c_exponential_moving_average_21d_close_split_adjusted","c_exponential_moving_average_63d_close_dividend_and_split_adjusted","c_exponential_moving_average_63d_close_split_adjusted","c_exponential_moving_average_252d_close_dividend_and_split_adjusted","c_exponential_moving_average_252d_close_split_adjusted","c_last_twelve_months_net_income","c_last_twelve_months_revenue","c_last_twelve_months_revenue_per_share","c_log_difference_high_to_low","c_log_returns_dividend_and_split_adjusted","c_market_cap","c_macd_26d_12d_dividend_and_split_adjusted","c_macd_26d_12d_split_adjusted","c_macd_signal_9d_dividend_and_split_adjusted","c_macd_signal_9d_split_adjusted","c_rsi_14d_dividend_and_split_adjusted","c_rsi_14d_split_adjusted","c_sales_to_price","c_simple_moving_average_5d_close_dividend_and_split_adjusted","c_simple_moving_average_5d_close_split_adjusted","c_simple_moving_average_21d_close_dividend_and_split_adjusted","c_simple_moving_average_21d_close_split_adjusted","c_simple_moving_average_63d_close_dividend_and_split_adjusted","c_simple_moving_average_63d_close_split_adjusted","c_simple_moving_average_252d_close_dividend_and_split_adjusted","c_simple_moving_average_252d_close_split_adjusted","c_sma_50d","c_sma_200d","c_sma_50d_200d_signal","c_daily_traded_value_1d","c_daily_traded_value_63d","c_weighted_average_basic_shares_outstanding_outlier_adjusted","c_weighted_average_diluted_shares_outstanding_outlier_adjusted","c_market_cap_outlier_adjusted","c_split_ratio","c_vwap","c_dividend_split_ratio","c_vwap_dividend_and_split_adjusted"
2025-01-31,,,,,,,16.120000839233400,17.000000000000000,15.250000000000000,15.949999809265137,1590600,,,,,15.949999809265137,,,,,,,,,,,,,,,,,,,,,,,,,,,,,,,,,,,,,,,,,,,,,,,,,,,,,,,,,,,,,,,,,,,,,,,,,,,,,,,,,,,,,,,,,,,,,,,,,,,,,,,,,,,,,,,,,,,,,,,,,,,,,,,,,,,,,,,,,,,,,,,,,,,,,,,,,,,,,,,,,,,,,,,,,,,,,,,,,,,,,,,,,,,,25370069.696617126912200,,,,,,,,
2025-02-03,,,,,,,15.899999618530273,16.091999053955078,14.149999618530273,15.000000000000000,572300,,,,,15.000000000000000,,,,,,,,,,,,,,,,,,,,,,,,,,,,,,,,,,,,,,,,,,,,,,,,,,,,,,,,,,,,,,,,,,,,,,,,,,,,,,,,,,,,,,,,,,,,,,,,,,,,,,,,,,,,,,,,,,,,,,,,,,,,,,,,,,,,,,,,,,,,,,,,,,,,,,,,,,,,,,,,,,,,,,,,-0.06140861617034481,,,,,,,,,,,,,,,,,,,,8584500.000000000000000,,,,,,,,
2025-02-04,,,,,,,14.939999580383300,15.395000457763672,13.010000228881836,13.250000000000000,730200,,,,,13.250000000000000,,,,,,,,,,,,,,,,,,,,,,,,,,,,,,,,,,,,,,,,,,,,,,,,,,,,,,,,,,,,,,,,,,,,,,,,,,,,,,,,,,,,,,,,,,,,,,,,,,,,,,,,,,,,,,,,,,,,,,,,,,,,,,,,,,,,,,,,,,,,,,,,,,,,,,,,,,,,,,,,,,,,,,,,-0.12405264866997888,,,,,,,,,,,,,,,,,,,,9675150.000000000000000,,,,,,,,
2025-02-05,,,,,,,13.069999694824219,13.500000000000000,11.859999656677246,12.829999923706055,335000,,,,,12.829999923706055,,,,,,,,,,,,,,,,,,,,,,,,,,,,,,,,,,,,,,,,,,,,,,,,,,,,,,,,,,,,,,,,,,,,,,,,,,,,,,,,,,,,,,,,,,,,,,,,,,,,,,,,,,,,,,,,,,,,,,,,,,,,,,,,,,,,,,,,,,,,,,,,,,,,,,,,,,,,,,,,,,,,,,,,-0.03221137975121342,,,,,,,,,,,,,,,,,,,,4298049.974441528425000,,,,,,,,
2025-02-06,,,,,,,12.819999694824219,13.000000000000000,11.342000007629395,13.000000000000000,863600,,,,,13.000000000000000,,,,,,,,,,,,,,,,,,,,,,,,,,,,,,,,,,,,,,,,,,,,,,,,,,,,,,,,,,,,,,,,,,,,,,,,,,,,,,,,,,,,,,,,,,,,,,,,,,,,,,,,,,,,,,,,,,,,,,,,,,,,,,,,,,,,,,,,,,,,,,,,,,,,,,,,,,,,14.005999946594239,14.005999946594239,,,,,,,,,,,0.013163184780518917,,,,,,,,,14.005999946594239,14.005999946594239,,,,,,,,,,11226800.000000000000000,,,,,,,,
2025-02-07,,,,,,,12.560000419616700,14.319999694824219,12.560000419616700,13.380000114440918,312500,,,,,13.380000114440918,,,,,,,,,,,,,,,,,,,,,,,,,,,,,,,,,,,,,,,,,,,,,,,,,,,,,,,,,,,,,,,,,,,,,,,,,,,,,,,,,,,,,,,,,,,,,,,,,,,,,,,,,,,,,,,,,,,,,,,,,,,,,,,,,,,,,,,,,,,,,0.9729886687958034,,,,,,,,,,,,,,,13.797333335876464,13.797333335876464,,,,,,,,,,,0.028811705791678452,,,,,,,,,13.492000007629395,13.492000007629395,,,,,,,,,,4181250.035762786875000,,,,,,,,
2025-02-10,,,,,,,13.119999885559082,14.175000190734863,12.640000343322754,12.960000038146973,269100,,,,,12.960000038146973,,,,,,,,,,,,,,,,,,,,,,,,,,,,,,,,,,,,,,,,,,,,,,,,,,,,,,,,,,,,,,,,,,,,,,,,,,,,,,,,,,,,,,,,,,,,,,,,,,,,,,,,,,,,,,,,,,,,,,,,,,,,,,,,,,,,,,,,,,,,,0.9449446109832336,,,,,,,,,,,,,,,13.518222236633301,13.518222236633301,,,,,,,,,,,-0.03189336938564735,,,,,,,,,13.08400001525879,13.08400001525879,,,,,,,,,,3487536.010265350434300,,,,,,,,
2025-02-11,,,,,,,12.770000457763672,12.970000267028809,12.319999694824219,12.470000267028809,158500,,,,,12.470000267028809,,,,,,,,,,,,,,,,,,,,,,,,,,,,,,,,,,,,,,,,,,,,,,,,,,,,,,,,,,,,,,,,,,,,,,,,,,,,,,,,,,,,,,,,,,,,,,,,,,,,,,,,,,,,,,,,,,,,,,,,,,,,,,,,,,,,,,,,,,,,,0.48976201959128113,,,,,,,,,,,,,,,13.168814913431804,13.168814913431804,,,,,,,,,,,-0.03854191276192541,,,,,,,,,12.92800006866455,12.92800006866455,,,,,,,,,,1976495.042324066226500,,,,,,,,
2025-02-12,,,,,,,12.319999694824219,12.989999771118164,11.800000190734863,11.979999542236328,264300,,,,,11.979999542236328,,,,,,,,,,,,,,,,,,,,,,,,,,,,,,,,,,,,,,,,,,,,,,,,,,,,,,,,,,,,,,,,,,,,,,,,,,,,,,,,,,,,,,,,,,,,,,,,,,,,,,,,,,,,,,,,,,,,,,,,,,,,,,,,,,,,,,,,,,,,,0.5127540019457519,,,,,,,,,,,,,,,12.772543123033312,12.772543123033312,,,,,,,,,,,-0.04008722662899696,,,,,,,,,12.757999992370605,12.757999992370605,,,,,,,,,,3166313.879013061490400,,,,,,,,
2025-02-13,,,,,,,11.859999656677246,12.470000267028809,10.920000076293945,11.319999694824219,341200,,,,,11.319999694824219,,,,,,,,,,,,,,,,,,,,,,,,,,,,,,,,,,,,,,,,,,,,,,,,,,,,,,,,,,,,,,,,,,,,,,,,,,,,,,,,,,,,,,,,,,,,,,,,,,,,,,,,,,,,,,,,,,,,,,,,,,,,,,,,,,,,,,,,,,,,,0.5217657149586198,,,,,,,,,,,,,,,12.288361980296948,12.288361980296948,,,,,,,,,,,-0.05666750866060027,,,,,,,,,12.42199993133545,12.42199993133545,,,,,,,,,,3862383.895874023522800,,,,,,,,
2025-02-14,,,,,,,11.789999961853027,13.000000000000000,11.475000381469727,12.000000000000000,286800,,,,,12.000000000000000,,,,,,,,,,,,,,,,,,,,,,,,,,,,,,,,,,,,,,,,,,,,,,,,,,,,,,,,,,,,,,,,,,,,,,,,,,,,,,,,,,,,,,,,,,,,,,,,,,,,,,,,,,,,,,,,,,,,,,,,,,,,,,,,,,,,,,,,,,,,,0.7254686720550527,,,,,,,,,,,,,,,12.192241320197965,12.192241320197965,,,,,,,,,,,0.05833560397195504,,,,,,,,,12.145999908447266,12.145999908447266,,,,,,,,,,3441600.000000000000000,,,,,,,,
2025-02-18,,,,,,,11.750000000000000,12.810000419616700,10.800000190734863,12.789999961853027,339800,,,,,12.789999961853027,,,,,,,,,,,,,,,,,,,,,,,,,,,,,,,,,,,,,,,,,,,,,,,,,,,,,,,,,,,,,,,,,,,,,,,,,,,,,,,,,,,,,,,,,,,,,,,,,,,,,,,,,,,,,,,,,,,,,,,,,,,,,,,,,,,,,,,,,,,,,0.9302784905774742,,,,,,,,,,,,,,,12.391494200749653,12.391494200749653,,,,,,,,,,,0.06375696282018864,,,,,,,,,12.111999893188477,12.111999893188477,,,,,,,,,,4346041.987037658574600,,,,,,,,
2025-02-19,,,,,,,12.819999694824219,13.420000076293945,12.010000228881836,12.560000419616700,201100,,,,,12.560000419616700,,,,,,,,,,,,,,,,,,,,,,,,,,,,,,,,,,,,,,,,,,,,,,,,,,,,,,,,,,,,,,,,,,,,,,,,,,,,,,,,,,,,,,,,,,,,,,,,,,,,,,,,,,,,,,,,,,,,,,,,,,,,,,,,,,,,,,,,,,,,,0.891136057166698,,,,,,,,,,,,,,,12.447662940372002,12.447662940372002,,,,,,,,,,,-0.01814641815916401,,,,,,,,,12.129999923706055,12.129999923706055,,,,,,,,,,2525816.084384918370000,,,,,,,,
2025-02-20,,,,,,,12.699999809265137,12.989999771118164,12.109999656677246,12.170000076293945,228400,,,,,12.170000076293945,,,,,,,,,,,,,,,,,,,,,,,,,,,,,,,,,,,,,,,,,,,,,,,,,,,,,,,,,,,,,,,,,,,,,,,,,,,,,,,,,,,,,,,,,,,,,,,,,,,,,,,,,,,,,,,,,,,,,,,,,,,,,,,,,,,,,,,,,,,,,0.8678126927624352,,,,,,,,,,,,,,,12.355108652345983,12.355108652345983,,,,,,,,,,,-0.031543281180571495,,,,,,,,,12.168000030517579,12.168000030517579,,,,,,,,,,2779628.017425537038000,,,,,,,,
2025-02-21,,,,,,,12.000000000000000,12.510000228881836,11.699999809265137,12.090000152587890,227100,,,,,12.090000152587890,,,,,,,,,,,,,,,,,,,,,,,,,,,,,,,,,,,,,,,,,,,,,,,,,,,,,,,,,,,,,,,,,,,,,,,,,,,,,,,,,,,,,,,,,,,,,,,,,,,,,,,,,,,,,,,,,,,,,,,,,,,,,,,,,,,,,,,,,,,,,0.7085808618498366,,,,,,,,,,,,,,,12.266739152426618,12.266739152426618,,,,,,,,,,,-0.006595236020752198,,,,,,25.569624195608963,25.569624195608963,,12.322000122070312,12.322000122070312,,,,,,,,,,2745639.034652709819000,,,,,,,,
2025-02-24,,,,,,,12.090000152587890,12.359999656677246,10.659999847412110,10.819999694824219,260900,,,,,10.819999694824219,,,,,,,,,,,,,,,,,,,,,,,,,,,,,,,,,,,,,,,,,,,,,,,,,,,,,,,,,,,,,,,,,,,,,,,,,,,,,,,,,,,,,,,,,,,,,,,,,,,,,,,,,,,,,,,,,,,,,,,,,,,,,,,,,,,,,,,,,,,,,0.9915831243159354,,,,,,,,,,,,,,,11.784492666559151,11.784492666559151,,,,,,,,,,,-0.11098243203415195,,,,,,21.79615117259143,21.79615117259143,,12.086000061035156,12.086000061035156,,,,,,,,,,2822937.920379638737100,,,,,,,,
2025-02-25,,,,,,,11.000000000000000,11.979999542236328,10.079999923706055,10.569999694824219,272900,,,,,10.569999694824219,,,,,,,,,,,,,,,,,,,,,,,,,,,,,,,,,,,,,,,,,,,,,,,,,,,,,,,,,,,,,,,,,,,,,,,,,,,,,,,,,,,,,,,,,,,,,,,,,,,,,,,,,,,,,,,,,,,,,,,,,,,,,,,,,,,,,,,,,,,,,0.6622882501832786,,,,,,,,,,,,,,,11.379661675980842,11.379661675980842,,,,,,,,,,,-0.023376474203284453,,,,,,21.13494213342136,21.13494213342136,,11.642000007629395,11.642000007629395,,,,,,,,,,2884552.916717529365100,,,,,,,,
2025-02-26,,,,,,,10.399999618530273,12.026000022888184,10.385000228881836,11.699999809265137,132600,,,,,11.699999809265137,,,,,,,,,,,,,,,,,,,,,,,,,,,,,,,,,,,,,,,,,,,,,,,,,,,,,,,,,,,,,,,,,,,,,,,,,,,,,,,,,,,,,,,,,,,,,,,,,,,,,,,,,,,,,,,,,,,,,,,,,,,,,,,,,,,,,,,,,,,,,1.2092828130522026,,,,,,,,,,,,,,,11.486441053742274,11.486441053742274,,,,,,,,,,,0.10156905449132031,,,,,,31.282254620679826,31.282254620679826,,11.469999885559082,11.469999885559082,,,,,,,,,,1551419.974708557166200,,,,,,,,
2025-02-27,,,,,,,11.619999885559082,13.239999771118164,11.090000152587890,12.720000267028809,222300,,,,,12.720000267028809,,,,,,,,,,,,,,,,,,,,,,,,,,,,,,,,,,,,,,,,,,,,,,,,,,,,,,,,,,,,,,,,,,,,,,,,,,,,,,,,,,,,,,,,,,,,,,,,,,,,,,,,,,,,,,,,,,,,,,,,,,,,,,,,,,,,,,,,,,,,,1.370626502993933,,,,,,,,,,,,,,,11.897627458171119,11.897627458171119,,,,,,,,,,,0.08358675340322154,,,,,,38.92167000658386,38.92167000658386,,11.579999923706055,11.579999923706055,,,,,,,,,,2827656.059360504240700,,,,,,,,
2025-02-28,,,,,,,12.729999542236328,12.845000267028809,11.675000190734863,12.229999542236328,141700,,,,,12.229999542236328,,,,,,,,,,,,,,,,,,,,,,,,,,,,,,,,,,,,,,,,,,,,,,,,,,,,,,,,,,,,,,,,,,,,,,,,,,,,,,,,,,,,,,,,,,,,,,,,,,,,,,,,,,,,,,,,,,,,,,,,,,,,,,,,,,,,,,,,,,,,,1.4128150019827033,,,,,,,,,,,,,,,12.008418152859521,12.008418152859521,,,,,,,,,,,-0.039283666635299,,,,,,36.804880498785536,36.804880498785536,,11.607999801635742,11.607999801635742,,,,,,,,,,1732990.935134887677600,,,,,,,,
2025-03-03,,,,,,,12.170000076293945,12.579999923706055,10.609999656677246,11.039999961853027,92400,,,,,11.039999961853027,,,,,,,,,,,,,,,,,,,,,,,,,,,,,,,,,,,,,,,,,,,,,,,,,,,,,,,,,,,,,,,,,,,,,,,,,,,,,,,,,,,,,,,,,,,,,,,,,,,,,,,,,,,,,,,,,,,,,,,,,,,,,,,,,,,,,,,,,,,,,1.369966984615686,,,,,,,-0.11162923144658651,,,,,,,,11.68561208919069,11.68561208919069,12.515714236668178,12.515714236668178,,,,,,,,,-0.10236687487590028,,,,,,32.22167721944084,32.22167721944084,,11.651999855041504,11.651999855041504,12.515714236668178,12.515714236668178,,,,,,,,1020095.996475219694800,,,,,,,,
2025-03-04,,,,,,,11.039999961853027,12.109999656677246,10.939999580383300,11.840000152587890,152200,,,,,11.840000152587890,,,,,,,,,,,,,,,,,,,,,,,,,,,,,,,,,,,,,,,,,,,,,,,,,,,,,,,,,,,,,,,,,,,,,,,,,,,,,,,,,,,,,,,,,,,,,,,,,,,,,,,,,,,,,,,,,,,,,,,,,,,,,,,,,,,,,,,,,,,,,1.411952435517973,1.005324979552937,,,,,,-0.07423491772325971,,,,,,,,11.737074776989756,11.737074776989756,12.454285683569971,12.454285683569971,,,,,,,,,0.06995860494974288,,,,,,37.82691559768253,37.82691559768253,,11.905999946594239,11.905999946594239,12.319999967302595,12.319999967302595,,,,,,,,1802048.023223876858000,,,,,,,,
2025-03-05,,,,,,,11.779999732971191,12.539999961853027,11.489999771118164,11.869999885559082,65000,,,,,11.869999885559082,,,,,,,,,,,,,,,,,,,,,,,,,,,,,,,,,,,,,,,,,,,,,,,,,,,,,,,,,,,,,,,,,,,,,,,,,,,,,,,,,,,,,,,,,,,,,,,,,,,,,,,,,,,,,,,,,,,,,,,,,,,,,,,,,,,,,,,,,,,,,1.226245899327035,0.9917933179516122,,,,,,-0.07157207889281092,,,,,,,,11.781383146512866,11.781383146512866,12.401168792841707,12.401168792841707,,,,,,,,,0.0025305566370369898,,,,,,38.03386760427882,38.03386760427882,,11.939999961853028,11.939999961853028,12.170952342805409,12.170952342805409,,,,,,,,771549.992561340330000,,,,,,,,
2025-03-06,,,,,,,11.859999656677246,11.909999847412110,11.329999923706055,11.729999542236328,163000,,,,,11.729999542236328,,,,,,,,,,,,,,,,,,,,,,,,,,,,,,,,,,,,,,,,,,,,,,,,,,,,,,,,,,,,,,,,,,,,,,,,,,,,,,,,,,,,,,,,,,,,,,,,,,,,,,,,,,,,,,,,,,,,,,,,,,,,,,,,,,,,,,,,,,,,,0.9961339295011056,0.9030399062231795,,,,,,0.041829050836359294,,,,,,,,11.764255278420686,11.764255278420686,12.340153406423036,12.340153406423036,,,,,,,,,-0.011864575340039823,,,,,,37.4080770445381,37.4080770445381,,11.74199981689453,11.74199981689453,12.098571368626185,12.098571368626185,,,,,,,,1911989.925384521464000,,,,,,,,
2025-03-07,,,,,,,11.909999847412110,13.039999961853027,11.569999694824219,12.000000000000000,104900,,,,,12.000000000000000,,,,,,,,,,,,,,,,,,,,,,,,,,,,,,,,,,,,,,,,,,,,,,,,,,,,,,,,,,,,,,,,,,,,,,,,,,,,,,,,,,,,,,,,,,,,,,,,,,,,,,,,,,,,,,,,,,,,,,,,,,,,,,,,,,,,,,,,,,,,,1.0029294198871928,0.9028606742616023,,,,,,0.023166315525564286,,,,,,,,11.842836852280458,11.842836852280458,12.309230369475488,12.309230369475488,,,,,,,,,0.022757026147652987,,,,,,39.476330926538104,39.476330926538104,,11.695999908447266,11.695999908447266,12.05904756273542,12.05904756273542,,,,,,,,1258800.000000000000000,,,,,,,,
2025-03-10,,,,,,,11.930000305175781,12.880000114440918,11.619000434875488,11.779999732971191,186900,,,,,11.779999732971191,,,,,,,,,,,,,,,,,,,,,,,,,,,,,,,,,,,,,,,,,,,,,,,,,,,,,,,,,,,,,,,,,,,,,,,,,,,,,,,,,,,,,,,,,,,,,,,,,,,,,,,,,,,,,,,,,,,,,,,,,,,,,,,,,,,,,,,,,,,,,0.5645952207217437,0.9022998899665261,,,,,,-0.19997729923062496,,,,,,,,11.821891145844035,11.821891145844035,12.261118493429644,12.261118493429644,,,,,,,,,-0.01850349423254024,,-0.4672673301091663,-0.4672673301091663,,,38.36395316750134,38.36395316750134,,11.843999862670898,11.843999862670898,12.000952311924525,12.000952311924525,,,,,,,,2201681.950092315597900,,,,,,,,
2025-03-11,,,,,,,11.720000267028809,12.029999732971191,10.789999961853027,11.220000267028809,180900,,,,,11.220000267028809,,,,,,,,,,,,,,,,,,,,,,,,,,,,,,,,,,,,,,,,,,,,,,,,,,,,,,,,,,,,,,,,,,,,,,,,,,,,,,,,,,,,,,,,,,,,,,,,,,,,,,,,,,,,,,,,,,,,,,,,,,,,,,,,,,,,,,,,,,,,,0.4200789144992255,0.9059819202844708,,,,,,-0.2140609876080256,,,,,,,,11.621260852905626,11.621260852905626,12.166471381938658,12.166471381938658,,,,,,,,,-0.04870523166155098,,-0.488437221196671,-0.488437221196671,,,35.61305899456736,35.61305899456736,,11.719999885559082,11.719999885559082,11.898095176333474,11.898095176333474,,,,,,,,2029698.048305511548100,,,,,,,,
2025-03-12,,,,,,,11.380000114440918,11.979999542236328,10.539999961853027,11.300000190734863,124200,,,,,11.300000190734863,,,,,,,,,,,,,,,,,,,,,,,,,,,,,,,,,,,,,,,,,,,,,,,,,,,,,,,,,,,,,,,,,,,,,,,,,,,,,,,,,,,,,,,,,,,,,,,,,,,,,,,,,,,,,,,,,,,,,,,,,,,,,,,,,,,,,,,,,,,,,0.4303246646394806,0.9032992687400389,,,,,,-0.1820423020627042,,,,,,,,11.514173965515372,11.514173965515372,12.087701273647404,12.087701273647404,,,,,,,,,0.007104818703577245,,-0.49307532176791824,-0.49307532176791824,,,36.31559769300171,36.31559769300171,,11.605999946594238,11.605999946594238,11.819047564551944,11.819047564551944,,,,,,,,1403460.023689269984600,,,,,,,,
2025-03-13,,,,,,,11.449999809265137,11.630000114440918,11.220000267028809,11.300000190734863,43500,,,,,11.300000190734863,,,,,,,,,,,,,,,,,,,,,,,,,,,,,,,,,,,,,,,,,,,,,,,,,,,,,,,,,,,,,,,,,,,,,,,,,,,,,,,,,,,,,,,,,,,,,,,,,,,,,,,,,,,,,,,,,,,,,,,,,,,,,,,,,,,,,,,,,,,,,0.43502970635450927,0.8959244053269115,,,,,,-0.17264603849473875,,,,,,,,11.442782707255203,11.442782707255203,12.016092084291719,12.016092084291719,,,,,,,,,0,,-0.4910900692608582,-0.4910900692608582,,,36.31559769300171,36.31559769300171,,11.520000076293945,11.520000076293945,11.763333275204612,11.763333275204612,,,,,,,,491550.008296966540500,,,,,,,,
2025-03-14,,,,,,,11.699999809265137,11.774999618530273,10.800000190734863,10.989999771118164,113300,,,,,10.989999771118164,,,,,,,,,,,,,,,,,,,,,,,,,,,,,,,,,,,,,,,,,,,,,,,,,,,,,,,,,,,,,,,,,,,,,,,,,,,,,,,,,,,,,,,,,,,,,,,,,,,,,,,,,,,,,,,,,,,,,,,,,,,,,,,,,,,,,,,,,,,,,0.3543275449498362,0.8908100576813696,,,,,,-0.1496803116012436,,,,,,,,11.29185506187619,11.29185506187619,11.922810964912305,11.922810964912305,,,,,,,,,-0.027816995008329144,,-0.5086675821747662,-0.5086675821747662,,,34.61806806713371,34.61806806713371,,11.318000030517577,11.318000030517577,11.716190428960891,11.716190428960891,,,,,,,,1245166.974067687981200,,,,,,,,
2025-03-17,,,,,,,10.850000381469727,13.000000000000000,9.880000114440918,11.489999771118164,175700,,,,,11.489999771118164,,,,,,,,,,,,,,,,,,,,,,,,,,,,,,,,,,,,,,,,,,,,,,,,,,,,,,,,,,,,,,,,,,,,,,,,,,,,,,,,,,,,,,,,,,,,,,,,,,,,,,,,,,,,,,,,,,,,,,,,,,,,,,,,,,,,,,,,,,,,,0.5641416432896643,0.8845073164280461,,,,,,-0.11039829780030672,,,,,,,,11.35790329829018,11.35790329829018,11.8834644927492,11.8834644927492,,,,,,,,,0.04449132435141696,,-0.476756316427263,-0.476756316427263,,,39.52795224564492,39.52795224564492,,11.260000038146973,11.260000038146973,11.724285670689174,11.724285670689174,,,,,,,,2018792.959785461414800,,,,,,,,
2025-03-18,,,,,,,11.220000267028809,12.944999694824219,10.869999885559082,12.060000419616700,152900,,,,,12.060000419616700,,,,,,,,,,,,,,,,,,,,,,,,,,,,,,,,,,,,,,,,,,,,,,,,,,,,,,,,,,,,,,,,,,,,,,,,,,,,,,,,,,,,,,,,,,,,,,,,,,,,,,,,,,,,,,,,,,,,,,,,,,,,,,,,,,,,,,,,,,,,,0.5085730784693112,0.8770008126643818,,,,,,-0.08330963537456156,,,,,,,,11.591935672065688,11.591935672065688,11.899513213373519,11.899513213373519,,,,,,,,,0.048417154152552606,,-0.4008513548767443,-0.4008513548767443,,,44.63251259477744,44.63251259477744,,11.42800006866455,11.42800006866455,11.727142833528065,11.727142833528065,,,,,,,,1843974.064159393430000,,,,,,,,
2025-03-19,,,,,,,12.199999809265137,12.600000381469727,11.585000038146973,12.140000343322754,200900,,,,,12.140000343322754,,,,,,,,,,,,,,,,,,,,,,,,,,,,,,,,,,,,,,,,,,,,,,,,,,,,,,,,,,,,,,,,,,,,,,,,,,,,,,,,,,,,,,,,,,,,,,,,,,,,,,,,,,,,,,,,,,,,,,,,,,,,,,,,,,,,,,,,,,,,,0.5090330554213023,0.8466672903105947,,,,,,-0.17794361658919128,,,,,,,,11.774623895818042,11.774623895818042,11.92137567973254,11.92137567973254,,,,,,,,,0.00661158781851797,,-0.33043178875233004,-0.33043178875233004,,,45.33002422794663,45.33002422794663,,11.59600009918213,11.59600009918213,11.696190470740909,11.696190470740909,,,,,,,,2438926.068973541278600,,,,,,,,
2025-03-20,,,,,,,11.970000267028809,12.359999656677246,11.539999961853027,11.960000038146973,198100,,,,,11.960000038146973,,,,,,,,,,,,,,,,,,,,,,,,,,,,,,,,,,,,,,,,,,,,,,,,,,,,,,,,,,,,,,,,,,,,,,,,,,,,,,,,,,,,,,,,,,,,,,,,,,,,,,,,,,,,,,,,,,,,,,,,,,,,,,,,,,,,,,,,,,,,,0.5453008705055642,0.8459921298355438,,,,,,-0.1638406476238271,,,,,,,,11.83641594326102,11.83641594326102,11.924886985042942,11.924886985042942,,,,,,,,,-0.014938062199612709,,-0.28585315828423674,-0.28585315828423674,-0.4380477936499949,-0.4380477936499949,43.98728358448908,43.98728358448908,,11.728000068664551,11.728000068664551,11.667619024004255,11.667619024004255,,,,,,,,2369276.007556915351300,,,,,,,,
2025-03-21,,,,,,,11.609999656677246,12.880000114440918,10.760000228881836,11.140000343322754,2195400,,,,,11.140000343322754,,,,,,,,,,,,,,,,,,,,,,,,,,,,,,,,,,,,,,,,,,,,,,,,,,,,,,,,,,,,,,,,,,,,,,,,,,,,,,,,,,,,,,,,,,,,,,,,,,,,,,,,,,,,,,,,,,,,,,,,,,,,,,,,,,,,,,,,,,,,,0.7776249420892984,0.8737698191920985,,,,,,-0.32823375375898606,,,,,,,,11.604277409948265,11.604277409948265,11.853533653977472,11.853533653977472,,,,,,,,,-0.07102548639397578,,-0.3130823760711756,-0.3130823760711756,-0.413054710134231,-0.413054710134231,38.40604146769883,38.40604146769883,,11.75800018310547,11.75800018310547,11.618571417672294,11.618571417672294,,,,,,,,24456756.753730774131600,,,,,,,,
2025-03-24,,,,,,,11.029999732971191,11.859999656677246,10.409999847412110,11.859999656677246,398500,,,,,11.859999656677246,,,,,,,,,,,,,,,,,,,,,,,,,,,,,,,,,,,,,,,,,,,,,,,,,,,,,,,,,,,,,,,,,,,,,,,,,,,,,,,,,,,,,,,,,,,,,,,,,,,,,,,,,,,,,,,,,,,,,,,,,,,,,,,,,,,,,,,,,,,,,0.8466188396177357,0.903780208730674,,,,,,-0.24520153955348248,,,,,,,,11.689518158857926,11.689518158857926,11.854121472404724,11.854121472404724,,,,,,,,,0.06262909930356708,,-0.2734120758238756,-0.2734120758238756,-0.38512618327215997,-0.38512618327215997,45.00438411682748,45.00438411682748,,11.832000160217286,11.832000160217286,11.60761901310512,11.60761901310512,,,,,,,,4726209.863185882531000,,,,,,,,
2025-03-25,,,,,,,11.729999542236328,12.369999885559082,11.300000190734863,11.630000114440918,361000,,,,,11.630000114440918,,,,,,,,,,,,,,,,,,,,,,,,,,,,,,,,,,,,,,,,,,,,,,,,,,,,,,,,,,,,,,,,,,,,,,,,,,,,,,,,,,,,,,,,,,,,,,,,,,,,,,,,,,,,,,,,,,,,,,,,,,,,,,,,,,,,,,,,,,,,,0.7676503532663148,0.8145856507494568,,,,,,-0.22794161379684735,,,,,,,,11.669678810718922,11.669678810718922,11.833746803498924,11.833746803498924,,,,,,,,,-0.019583388250902584,,-0.2575630909558253,-0.2575630909558253,-0.359613564808893,-0.359613564808893,43.40477514360497,43.40477514360497,,11.74600009918213,11.74600009918213,11.646190461658296,11.646190461658296,,,,,,,,4198430.041313171398000,,,,,,,,
2025-03-26,,,,,,,11.460000038146973,11.609999656677246,10.649999618530273,10.760000228881836,148300,,,,,10.760000228881836,,,,,,,,,,,,,,,,,,,,,,,,,,,,,,,,,,,,,,,,,,,,,,,,,,,,,,,,,,,,,,,,,,,,,,,,,,,,,,,,,,,,,,,,,,,,,,,,,,,,,,,,,,,,,,,,,,,,,,,,,,,,,,,,,,,,,,,,,,,,,0.8947243960718027,0.8577723641023842,,,,,,-0.22984571936060705,,,,,,,,11.366452616773227,11.366452616773227,11.736133478533734,11.736133478533734,,,,,,,,,-0.07775240036553654,,-0.31161230347182745,-0.31161230347182745,-0.3500133125414799,-0.3500133125414799,37.91508369739405,37.91508369739405,,11.470000076293946,11.470000076293946,11.65523810613723,11.65523810613723,,,,,,,,1595708.033943176278800,,,,,,,,
2025-03-27,,,,,,,10.869999885559082,11.449999809265137,10.534999847412110,11.270000457763672,133300,,,,,11.270000457763672,,,,,,,,,,,,,,,,,,,,,,,,,,,,,,,,,,,,,,,,,,,,,,,,,,,,,,,,,,,,,,,,,,,,,,,,,,,,,,,,,,,,,,,,,,,,,,,,,,,,,,,,,,,,,,,,,,,,,,,,,,,,,,,,,,,,,,,,,,,,,1.029833700306701,0.795083853562527,,,,,,-0.22964773596731147,,,,,,,,11.334301897103375,11.334301897103375,11.69375774937282,11.69375774937282,,,,,,,,,0.0463087926643944,,-0.3097236362904088,-0.3097236362904088,-0.3419553772912657,-0.3419553772912657,42.505700777498404,42.505700777498404,,11.332000160217286,11.332000160217286,11.634761946541923,11.634761946541923,,,,,,,,1502291.061019897477600,,,,,,,,
2025-03-28,,,,,,,11.220000267028809,11.640000343322754,10.930000305175781,11.420000076293945,68500,,,,,11.420000076293945,,,,,,,,,,,,,,,,,,,,,,,,,,,,,,,,,,,,,,,,,,,,,,,,,,,,,,,,,,,,,,,,,,,,,,,,,,,,,,,,,,,,,,,,,,,,,,,,,,,,,,,,,,,,,,,,,,,,,,,,,,,,,,,,,,,,,,,,,,,,,0.8890937826741788,0.734979982707495,,,,,,-0.2526154610240852,,,,,,,,11.362867956833565,11.362867956833565,11.66887068818383,11.66887068818383,,,,,,,,,0.013221842239016117,,-0.2927485156667622,-0.2927485156667622,-0.332114004966365,-0.332114004966365,43.82141103942825,43.82141103942825,,11.388000106811523,11.388000106811523,11.572857175554548,11.572857175554548,,,,,,,,782270.005226135232500,,,,,,,,
2025-03-31,,,,,,,10.909999847412110,11.939999580383300,10.170000076293945,11.010000228881836,285600,,,,,11.010000228881836,,,,,,,,,,,,,,,,,,,,,,,,,,,,,,,,,,,,,,,,,,,,,,,,,,,,,,,,,,,,,,,,,,,,,,,,,,,,,,,,,,,,,,,,,,,,,,,,,,,,,,,,,,,,,,,,,,,,,,,,,,,,,,,,,,,,,,,,,,,,,0.7521134164792405,0.7334456018333657,,,,,,-0.24736768599513162,,,,,,,,11.245245380849655,11.245245380849655,11.608973373701831,11.608973373701831,,,,,,,,,-0.036562239385465545,,-0.30881929485015114,-0.30881929485015114,-0.3274550629431222,-0.3274550629431222,41.0558171827272,41.0558171827272,,11.218000221252442,11.218000221252442,11.514761970156716,11.514761970156716,,,,,,,,3144456.065368652361600,,,,,,,,
2025-04-01,,,,,,,10.699999809265137,10.774999618530273,9.494999885559082,9.899999618530273,1048800,,,,,9.899999618530273,,,,,,,,,,,,,,,,,,,,,,,,,,,,,,,,,,,,,,,,,,,,,,,,,,,,,,,,,,,,,,,,,,,,,,,,,,,,,,,,,,,,,,,,,,,,,,,,,,,,,,,,,,,,,,,,,,,,,,,,,,,,,,,,,,,,,,,,,,,,,0.9979208033335152,0.7400674516651974,,,,,,-0.2622058119850867,,,,,,,,10.796830126743195,10.796830126743195,11.45361212323169,11.45361212323169,,,,,,,,,-0.1062692529148815,,-0.4064381101945269,-0.4064381101945269,-0.34325167239340315,-0.34325167239340315,34.67541670489693,34.67541670489693,,10.872000122070313,10.872000122070313,11.460476239522299,11.460476239522299,,,,,,,,10383119.599914550322400,,,,,,,,
2025-04-02,,,,,,,9.899999618530273,10.430000305175781,9.720000267028809,10.369999885559082,166500,,,,,10.369999885559082,,,,,,,,,,,,,,,,,,,,,,,,,,,,,,,,,,,,,,,,,,,,,,,,,,,,,,,,,,,,,,,,,,,,,,,,,,,,,,,,,,,,,,,,,,,,,,,,,,,,,,,,,,,,,,,,,,,,,,,,,,,,,,,,,,,,,,,,,,,,,1.0296424678650347,0.7139484673769192,,,,,,-0.2529728608875355,,,,,,,,10.654553379681824,10.654553379681824,11.355101919806907,11.355101919806907,,,,,,,,,0.04638229259741965,,-0.44079541589856674,-0.44079541589856674,-0.36276042109443585,-0.36276042109443585,38.9983114850827,38.9983114850827,,10.794000053405762,10.794000053405762,11.39047622680664,11.39047622680664,,,,,,,,1726604.980945587153000,,,,,,,,
2025-04-03,,,,,,,10.199999809265137,10.260000228881836,9.300000190734863,9.319999694824219,125700,,,,,9.319999694824219,,,,,,,,,,,,,,,,,,,,,,,,,,,,,,,,,,,,,,,,,,,,,,,,,,,,,,,,,,,,,,,,,,,,,,,,,,,,,,,,,,,,,,,,,,,,,,,,,,,,,,,,,,,,,,,,,,,,,,,,,,,,,,,,,,,,,,,,,,,,,1.0979255391973257,0.7928976735592269,,,,,,-0.26622652990455653,,,,,,,,10.209702151395955,10.209702151395955,11.170092626626662,11.170092626626662,,,,,,,,,-0.10675441525235085,,-0.5464509222962661,-0.5464509222962661,-0.3994985213348019,-0.3994985213348019,33.64210686765384,33.64210686765384,,10.40399990081787,10.40399990081787,11.269047646295457,11.269047646295457,,,,,,,,1171523.961639404328300,,,,,,,,
2025-04-04,,,,,,,8.810000419616700,9.250000000000000,8.329999923706055,9.069999694824219,327500,,,,,9.069999694824219,,,,,,,,,,,,,,,,,,,,,,,,,,,,,,,,,,,,,,,,,,,,,,,,,,,,,,,,,,,,,,,,,,,,,,,,,,,,,,,,,,,,,,,,,,,,,,,,,,,,,,,,,,,,,,,,,,,,,,,,,,,,,,,,,,,,,,,,,,,,,1.0133859992917682,0.794757582631799,,,,,,-0.239326867830625,,,,,,,,9.82980133253871,9.82980133253871,10.979175087371894,10.979175087371894,,,,,,,,,-0.027190365472995488,,-0.642945111954905,-0.642945111954905,-0.4481878394588225,-0.4481878394588225,32.49765204330099,32.49765204330099,,9.933999824523926,9.933999824523926,11.14238098689488,11.14238098689488,,,,,,,,2970424.900054931722500,,,,,,,,
2025-04-07,,,,,,,9.090000152587890,9.425000190734863,8.649999618530273,8.920000076293945,407300,,,,,8.920000076293945,,,,,,,,,,,,,,,,,,,,,,,,,,,,,,,,,,,,,,,,,,,,,,,,,,,,,,,,,,,,,,,,,,,,,,,,,,,,,,,,,,,,,,,,,,,,,,,,,,,,,,,,,,,,,,,,,,,,,,,,,,,,,,,,,,,,,,,,,,,,,1.0347593567851718,0.7845480993336267,,,,,,-0.24040616228042158,,,,,,,,9.526534247123788,9.526534247123788,10.791977359092082,10.791977359092082,,,,,,,,,-0.016676275335270406,,-0.7231847445109008,-0.7231847445109008,-0.5031872204692381,-0.5031872204692381,31.798680655026725,31.798680655026725,,9.515999794006348,9.515999794006348,10.99571432386126,10.99571432386126,,,,,,,,3633116.031074523798500,,,,,,,,
2025-04-08,,,,,,,9.170000076293945,9.378000259399414,7.295000076293945,7.570000171661377,303500,,,,,7.570000171661377,,,,,,,,,,,,,,,,,,,,,,,,,,,,,,,,,,,,,,,,,,,,,,,,,,,,,,,,,,,,,,,,,,,,,,,,,,,,,,,,,,,,,,,,,,,,,,,,,,,,,,,,,,,,,,,,,,,,,,,,,,,,,,,,,,,,,,,,,,,,,1.306481177974026,0.9412616491725417,,,,,,-0.24824998423319344,,,,,,,,8.87435622196965,8.87435622196965,10.499070342052926,10.499070342052926,,,,,,,,,-0.16410286501915772,,-0.885501431988299,-0.885501431988299,-0.5796500627730503,-0.5796500627730503,26.31325581452775,26.31325581452775,,9.049999904632568,9.049999904632568,10.795238154275077,10.795238154275077,,,,,,,,2297495.052099227919500,,,,,,,,
2025-04-09,,,,,,,7.460000038146973,8.154999732971191,6.710000038146973,7.969999790191650,173900,,,,,7.969999790191650,,,,,,,,,,,,,,,,,,,,,,,,,,,,,,,,,,,,,,,,,,,,,,,,,,,,,,,,,,,,,,,,,,,,,,,,,,,,,,,,,,,,,,,,,,,,,,,,,,,,,,,,,,,,,,,,,,,,,,,,,,,,,,,,,,,,,,,,,,,,,1.3313961419830718,0.9678000096444053,,,,,,-0.22265421059487675,,,,,,,,8.572904078043651,8.572904078043651,10.269154837338265,10.269154837338265,,,,,,,,,0.051491376351468665,,-0.9706726399925252,-0.9706726399925252,-0.6578545782169454,-0.6578545782169454,30.157672002227155,30.157672002227155,,8.569999885559081,8.569999885559081,10.64047622680664,10.64047622680664,,,,,,,,1385982.963514327935000,,,,,,,,
2025-04-10,,,,,,,7.769999980926514,8.149999618530273,7.215000152587891,7.599999904632568,231500,,,,,7.599999904632568,,,,,,,,,,,,,,,,,,,,,,,,,,,,,,,,,,,,,,,,,,,,,,,,,,,,,,,,,,,,,,,,,,,,,,,,,,,,,,,,,,,,,,,,,,,,,,,,,,,,,,,,,,,,,,,,,,,,,,,,,,,,,,,,,,,,,,,,,,,,,1.243234653853762,0.9696679895769461,,,,,,-0.22594115577911542,,,,,,,,8.248602686906624,8.248602686906624,10.026504388910475,10.026504388910475,,,,,,,,,-0.047536231733422744,,-1.055856082832543,-1.055856082832543,-0.7374548791400648,-0.7374548791400648,28.667757173611275,28.667757173611275,,8.225999927520752,8.225999927520752,10.464285736992245,10.464285736992245,,,,,,,,1759399.977922439492000,,,,,,,,
2025-04-11,,,,,,,7.469999790191650,7.880000114440918,6.800000190734863,7.829999923706055,236900,,,,,7.829999923706055,,,,,,,,,,,,,,,,,,,,,,,,,,,,,,,,,,,,,,,,,,,,,,,,,,,,,,,,,,,,,,,,,,,,,,,,,,,,,,,,,,,,,,,,,,,,,,,,,,,,,,,,,,,,,,,,,,,,,,,,,,,,,,,,,,,,,,,,,,,,,1.3443145390871427,0.9824020819025135,,,,,,-0.1876770577216342,,,,,,,,8.109068432506433,8.109068432506433,9.826822164800982,9.826822164800982,,,,,,,,,0.029814265514973834,,-1.0922151196291754,-1.0922151196291754,-0.808406927237887,-0.808406927237887,30.95140658241374,30.95140658241374,,7.977999973297119,7.977999973297119,10.299047629038492,10.299047629038492,,,,,11.442999982833863,,,1854926.981925964429500,,,,,,,,
2025-04-14,,,,,,,8.100000381469727,8.869999885559082,7.900000095367432,8.500000000000000,124500,,,,,8.500000000000000,,,,,,,,,,,,,,,,,,,,,,,,,,,,,,,,,,,,,,,,,,,,,,,,,,,,,,,,,,,,,,,,,,,,,,,,,,,,,,,,,,,,,,,,,,,,,,,,,,,,,,,,,,,,,,,,,,,,,,,,,,,,,,,,,,,,,,,,,,,,,1.5675922767304122,1.0399227646336773,,,,,,-0.17417750205980906,,,,,,,,8.23937895500429,8.23937895500429,9.706201968000892,9.706201968000892,,,,,,,,,0.08210366323735789,,-1.0548073489862304,-1.0548073489862304,-0.8576870115875557,-0.8576870115875557,37.253234745936886,37.253234745936886,,7.89399995803833,7.89399995803833,10.1804762113662,10.1804762113662,,,,,11.29399998664856,,,1058250.000000000000000,,,,,,,,
2025-04-15,,,,,,,8.529999732971191,9.130000114440918,7.929999828338623,8.100000381469727,178900,,,,,8.100000381469727,,,,,,,,,,,,,,,,,,,,,,,,,,,,,,,,,,,,,,,,,,,,,,,,,,,,,,,,,,,,,,,,,,,,,,,,,,,,,,,,,,,,,,,,,,,,,,,,,,,,,,,,,,,,,,,,,,,,,,,,,,,,,,,,,,,,,,,,,,,,,0.9374203303621571,1.0256901692687879,,,,,,-0.19202624984148625,,,,,,,,8.192919430492768,8.192919430492768,9.560183641952605,9.560183641952605,,,,,,,,,-0.04820205472285066,,-1.0453874714822202,-1.0453874714822202,-0.8952271035664886,-0.8952271035664886,35.18842088470607,35.18842088470607,,8,8,10.019047669001989,10.019047669001989,,,,,11.155999994277954,,,1449090.068244934160300,,,,,,,,
2025-04-16,,,,,,,8.029999732971191,8.289999961853027,7.519999980926514,8.180000305175781,103200,,,,,8.180000305175781,,,,,,,,,,,,,,,,,,,,,,,,,,,,,,,,,,,,,,,,,,,,,,,,,,,,,,,,,,,,,,,,,,,,,,,,,,,,,,,,,,,,,,,,,,,,,,,,,,,,,,,,,,,,,,,,,,,,,,,,,,,,,,,,,,,,,,,,,,,,,0.8757760462273154,1.0033131267733413,,,,,,-0.186405160065899,,,,,,,,8.188613055387107,8.188613055387107,9.434712429518347,9.434712429518347,,,,,,,,,0.00982807914878756,,-1.019712217740624,-1.019712217740624,-0.9201241264013157,-0.9201241264013157,35.95301384487381,35.95301384487381,,8.042000102996827,8.042000102996827,9.834285758790516,9.834285758790516,,,,,11.05460000038147,,,844176.031494140599200,,,,,,,,
2025-04-17,,,,,,,8.140000343322754,8.670000076293945,8.119999885559082,8.409999847412110,120600,,,,,8.409999847412110,,,,,,,,,,,,,,,,,,,,,,,,,,,,,,,,,,,,,,,,,,,,,,,,,,,,,,,,,,,,,,,,,,,,,,,,,,,,,,,,,,,,,,,,,,,,,,,,,,,,,,,,,,,,,,,,,,,,,,,,,,,,,,,,,,,,,,,,,,,,,0.743208043076729,1.0125930467119422,,,,,,-0.19011128723964513,,,,,,,,8.262408652728775,8.262408652728775,9.341556740235962,9.341556740235962,,,,,,,,,0.02772926791902341,,-0.9696280843146425,-0.9696280843146425,-0.930024917983981,-0.930024917983981,38.20994522213738,38.20994522213738,,8.204000091552734,8.204000091552734,9.656666687556676,9.656666687556676,,,,,10.966199998855592,,,1014245.981597900466000,,,,,,,,
2025-04-21,,,,,,,8.380000114440918,9.159999847412110,8.324999809265137,9.130000114440918,100500,,,,,9.130000114440918,,,,,,,,,,,,,,,,,,,,,,,,,,,,,,,,,,,,,,,,,,,,,,,,,,,,,,,,,,,,,,,,,,,,,,,,,,,,,,,,,,,,,,,,,,,,,,,,,,,,,,,,,,,,,,,,,,,,,,,,,,,,,,,,,,,,,,,,,,,,,0.8679902346991459,1.069889563737497,,,,,,-0.1804575867211886,,,,,,,,8.551605806632821,8.551605806632821,9.322324319709141,9.322324319709141,,,,,,,,,0.08214425130024798,,-0.8619025672029341,-0.8619025672029341,-0.9164004478277716,-0.9164004478277716,44.771047824194966,44.771047824194966,,8.464000129699707,8.464000129699707,9.521904786427816,9.521904786427816,,,,,10.888800001144409,,,917565.011501312259000,,,,,,,,
2025-04-22,,,,,,,9.130000114440918,10.300000190734863,9.069999694824219,9.859999656677246,178100,,,,,9.859999656677246,,,,,,,,,,,,,,,,,,,,,,,,,,,,,,,,,,,,,,,,,,,,,,,,,,,,,,,,,,,,,,,,,,,,,,,,,,,,,,,,,,,,,,,,,,,,,,,,,,,,,,,,,,,,,,,,,,,,,,,,,,,,,,,,,,,,,,,,,,,,,0.849236990354743,1.0910795519631287,,,,,,0.029210241682926547,,,,,,,,8.987737089980964,8.987737089980964,9.37120389579715,9.37120389579715,,,,,,,,,0.07692042665331239,,-0.7094464000885488,-0.7094464000885488,-0.8750096382799271,-0.8750096382799271,50.50902566359894,50.50902566359894,,8.736000061035156,8.736000061035156,9.46095237277803,9.46095237277803,,,,,10.818399991989136,,,1756065.938854217512600,,,,,,,,
2025-04-23,,,,,,,10.199999809265137,10.729999542236328,9.204999923706055,9.550000190734863,232900,,,,,9.550000190734863,,,,,,,,,,,,,,,,,,,,,,,,,,,,,,,,,,,,,,,,,,,,,,,,,,,,,,,,,,,,,,,,,,,,,,,,,,,,,,,,,,,,,,,,,,,,,,,,,,,,,,,,,,,,,,,,,,,,,,,,,,,,,,,,,,,,,,,,,,,,,0.7582760210163211,1.0652097383414603,,,,,,-0.07385184475916534,,,,,,,,9.175158123565597,9.175158123565597,9.387458104427852,9.387458104427852,,,,,,,,,-0.03194495932991584,,-0.6066451279790819,-0.6066451279790819,-0.821336736219758,-0.821336736219758,48.21802849008384,48.21802849008384,,9.026000022888184,9.026000022888184,9.350952398209344,9.350952398209344,,,,,10.750199995040894,,,2224195.044422149592700,,,,,,,,
2025-04-24,,,,,,,9.649999618530273,9.760000228881836,7.500000000000000,7.699999809265137,225900,,,,,7.699999809265137,,,,,,,,,,,,,,,,,,,,,,,,,,,,,,,,,,,,,,,,,,,,,,,,,,,,,,,,,,,,,,,,,,,,,,,,,,,,,,,,,,,,,,,,,,,,,,,,,,,,,,,,,,,,,,,,,,,,,,,,,,,,,,,,,,,,,,,,,,,,,1.9456074645657293,1.2806807839221943,,,,,,-0.0855481479643808,,,,,,,,8.683438685465443,8.683438685465443,9.234052804867604,9.234052804867604,,,,,,,,,-0.21532087037599923,,-0.6667678639880048,-0.6667678639880048,-0.7904229617734074,-0.7904229617734074,37.33466029107165,37.33466029107165,,8.929999923706054,8.929999923706054,9.163809526534308,9.163809526534308,,,,,10.65479998588562,,,1739429.956912994448300,,,,,,,,
2025-04-25,,,,,,,7.710000038146973,8.340000152587890,7.159999847412109,8.210000038146973,307400,,,,,8.210000038146973,,,,,,,,,,,,,,,,,,,,,,,,,,,,,,,,,,,,,,,,,,,,,,,,,,,,,,,,,,,,,,,,,,,,,,,,,,,,,,,,,,,,,,,,,,,,,,,,,,,,,,,,,,,,,,,,,,,,,,,,,,,,,,,,,,,,,,,,,,,,,2.0086917904086707,1.293803013577794,,,,,,-0.013201590012521596,,,,,,,,8.525625803025953,8.525625803025953,9.140957098802092,9.140957098802092,,,,,,,,,0.06413262402186401,,-0.665590298568663,-0.665590298568663,-0.7654564291324585,-0.7654564291324585,41.27012638971651,41.27012638971651,,8.889999961853027,8.889999961853027,9.042380946023124,9.042380946023124,,,,,10.579399995803833,,,2523754.011726379500200,,,,,,,,
2025-04-28,,,,,,,8.250000000000000,8.600000381469727,7.784999847412109,8.380000114440918,213200,,,,,8.380000114440918,,,,,,,,,,,,,,,,,,,,,,,,,,,,,,,,,,,,,,,,,,,,,,,,,,,,,,,,,,,,,,,,,,,,,,,,,,,,,,,,,,,,,,,,,,,,,,,,,,,,,,,,,,,,,,,,,,,,,,,,,,,,,,,,,,,,,,,,,,,,,1.8843890152263054,1.2819592897841388,,,,,,-0.009655964802908732,,,,,,,,8.477083906830941,8.477083906830941,9.071779191132896,9.071779191132896,,,,,,,,,0.020495000039685206,,-0.6435213703042066,-0.6435213703042066,-0.7410694173668081,-0.7410694173668081,42.564945916609744,42.564945916609744,,8.739999961853027,8.739999961853027,8.904761882055373,8.904761882055373,,,,,10.520600004196167,,,1786616.024398803717600,,,,,,,,
2025-04-29,,,,,,,8.439999580383300,8.970000267028809,7.989999771118164,8.789999961853027,329800,,,,,8.789999961853027,,,,,,,,,,,,,,,,,,,,,,,,,,,,,,,,,,,,,,,,,,,,,,,,,,,,,,,,,,,,,,,,,,,,,,,,,,,,,,,,,,,,,,,,,,,,,,,,,,,,,,,,,,,,,,,,,,,,,,,,,,,,,,,,,,,,,,,,,,,,,1.802284068018658,1.2967391970434934,,,,,,0.02448565530866197,,,,,,,,8.58138925850497,8.58138925850497,9.046162897561997,9.046162897561997,,,,,,,,,0.04776677920684508,,-0.5861907820378764,-0.5861907820378764,-0.7100936903010218,-0.7100936903010218,45.67568574070717,45.67568574070717,,8.526000022888184,8.526000022888184,8.779523781367711,8.779523781367711,,,,,10.456400003433227,,,2898941.987419128304600,,,,,,,,
2025-04-30,,,,,,,8.789999961853027,9.319999694824219,8.555999755859375,9.250000000000000,799400,,,,,9.250000000000000,,,,,,,,,,,,,,,,,,,,,,,,,,,,,,,,,,,,,,,,,,,,,,,,,,,,,,,,,,,,,,,,,,,,,,,,,,,,,,,,,,,,,,,,,,,,,,,,,,,,,,,,,,,,,,,,,,,,,,,,,,,,,,,,,,,,,,,,,,,,,1.871171819467694,1.3116317641024253,,,,,,0.13480487615505693,,,,,,,,8.80425950566998,8.80425950566998,9.06469354323818,9.06469354323818,,,,,,,,,0.05100884416706302,,-0.4978982579082274,-0.4978982579082274,-0.6676546038224629,-0.6676546038224629,49.01233555847295,49.01233555847295,,8.465999984741211,8.465999984741211,8.695714246659051,8.695714246659051,,,,,10.385600004196167,,,7394450.000000000000000,,,,,,,,
2025-05-01,,,,,,,9.479999542236328,10.810000419616700,9.109999656677246,10.590000152587890,182700,,,,,10.590000152587890,,,,,,,,,,,,,,,,,,,,,,,,,,,,,,,,,,,,,,,,,,,,,,,,,,,,,,,,,,,,,,,,,,,,,,,,,,,,,,,,,,,,,,,,,,,,,,,,,,,,,,,,,,,,,,,,,,,,,,,,,,,,,,,,,,,,,,,,,,,,,0.6830849550244935,1.350620186300195,,,,,,0.2605024160230963,,,,,,,,9.39950638797595,9.39950638797595,9.203357780451789,9.203357780451789,10.901587297045996,10.901587297045996,,,,,,,0.1352866224976583,,-0.316154550102679,-0.316154550102679,-0.5973545930785061,-0.5973545930785061,57.24968292645814,57.24968292645814,,9.044000053405762,9.044000053405762,8.72857141494751,8.72857141494751,10.901587297045996,10.901587297045996,,,10.34619999885559,,,1934793.027877807503000,3514668.743873021,,,,,,,
2025-05-02,,,,,,,10.779999732971191,11.979999542236328,10.635000228881836,10.850000381469727,301100,,,,,10.850000381469727,,,,,,,,,,,,,,,,,,,,,,,,,,,,,,,,,,,,,,,,,,,,,,,,,,,,,,,,,,,,,,,,,,,,,,,,,,,,,,,,,,,,,,,,,,,,,,,,,,,,,,,,,,,,,,,,,,,,,,,,,,,,,,,,,,,,,,,,,,,,,0.7380851396947706,1.3438661155709102,1.0413596760606603,,,,,0.1878230013169212,,,,,,,,9.88300438580721,9.88300438580721,9.353052562362512,9.353052562362512,10.899975205934236,10.899975205934236,,,,,,,0.024254941122975892,,-0.1494190963829407,-0.1494190963829407,-0.507767493739393,-0.507767493739393,58.64571794654285,58.64571794654285,,9.572000122070312,9.572000122070312,8.751428581419445,8.751428581419445,10.820634925176227,10.820634925176227,,,10.319800004959106,,,3266935.114860534799700,3163825.3378133927,,,,,,,
2025-05-05,,,,,,,10.500000000000000,10.739999771118164,10.100000381469727,10.420000076293945,76200,,,,,10.420000076293945,,,,,,,,,,,,,,,,,,,,,,,,,,,,,,,,,,,,,,,,,,,,,,,,,,,,,,,,,,,,,,,,,,,,,,,,,,,,,,,,,,,,,,,,,,,,,,,,,,,,,,,,,,,,,,,,,,,,,,,,,,,,,,,,,,,,,,,,,,,,,1.0013315551105306,1.294891742351337,1.0376720319971606,,,,,0.21299465381738714,,,,,,,,10.062002949302787,10.062002949302787,9.450047790901733,9.450047790901733,10.884975983132978,10.884975983132978,,,,,,,-0.040438071497871486,,-0.05138514306801767,-0.05138514306801767,-0.41649102360511797,-0.41649102360511797,55.42226762998167,55.42226762998167,,9.980000114440918,9.980000114440918,8.803809551965623,8.803809551965623,10.74793651368883,10.74793651368883,,,10.286400003433227,,,794004.005813598609000,3040166.6712390054,,,,,,,
2025-05-06,,,,,,,10.390000343322754,10.630000114440918,8.939999580383300,9.109999656677246,131600,,,,,9.109999656677246,,,,,,,,,,,,,,,,,,,,,,,,,,,,,,,,,,,,,,,,,,,,,,,,,,,,,,,,,,,,,,,,,,,,,,,,,,,,,,,,,,,,,,,,,,,,,,,,,,,,,,,,,,,,,,,,,,,,,,,,,,,,,,,,,,,,,,,,,,,,,1.6056670885990705,1.379249585641649,1.042637047977398,,,,,0.16001201107992719,,,,,,,,9.744668518427607,9.744668518427607,9.419134324154053,9.419134324154053,10.829507972931236,10.829507972931236,,,,,,,-0.1343543700615919,,-0.07849378698651144,-0.07849378698651144,-0.34889157628139666,-0.34889157628139666,46.95482514493388,46.95482514493388,,10.044000053405762,10.044000053405762,8.805714312053862,8.805714312053862,10.682222222524976,10.682222222524976,,,10.252200002670287,,,1198875.954818725573600,2905622.63877581,,,,,,,
2025-05-07,,,,,,,9.300000190734863,9.699999809265137,8.770000457763672,9.489999771118164,210100,,,,,9.489999771118164,,,,,,,,,,,,,,,,,,,,,,,,,,,,,,,,,,,,,,,,,,,,,,,,,,,,,,,,,,,,,,,,,,,,,,,,,,,,,,,,,,,,,,,,,,,,,,,,,,,,,,,,,,,,,,,,,,,,,,,,,,,,,,,,,,,,,,,,,,,,,1.5897490168471193,1.384766101895264,1.0453949221198813,,,,,0.21676961068651096,,,,,,,,9.659778935991126,9.659778935991126,9.425576637514427,9.425576637514427,10.787648341624578,10.787648341624578,,,,,,,0.04086591491811916,,-0.06852483748592775,-0.06852483748592775,-0.2928182285223029,-0.2928182285223029,49.371190793388024,49.371190793388024,,10.092000007629395,10.092000007629395,8.83285715466454,8.83285715466454,10.629206347087074,10.629206347087074,,,10.230600004196168,,,1993848.951911926256400,2869048.0193705787,,,,,,,
2025-05-08,,,,,,,9.649999618530273,10.380000114440918,9.250000000000000,10.020000457763672,81900,,,,,10.020000457763672,,,,,,,,,,,,,,,,,,,,,,,,,,,,,,,,,,,,,,,,,,,,,,,,,,,,,,,,,,,,,,,,,,,,,,,,,,,,,,,,,,,,,,,,,,,,,,,,,,,,,,,,,,,,,,,,,,,,,,,,,,,,,,,,,,,,,,,,,,,,,1.2369332049758448,1.2532379071108863,1.0514956365126389,,,,,0.2830901814297268,,,,,,,,9.779852776581974,9.779852776581974,9.479615166627994,9.479615166627994,10.763659345253924,10.763659345253924,,,,,,,0.05434455283809107,,-0.017654240082283224,-0.017654240082283224,-0.23778543083429896,-0.23778543083429896,52.61346058373593,52.61346058373593,,9.978000068664551,9.978000068664551,8.949523834955125,8.949523834955125,10.581904767051576,10.581904767051576,,,10.197000017166138,,,820638.037490844736800,2703870.8453624966,,,,,,,
2025-05-09,,,,,,,10.250000000000000,10.522000312805176,9.569999694824219,9.619999885559082,66100,,,,,9.619999885559082,,,,,,,,,,,,,,,,,,,,,,,,,,,,,,,,,,,,,,,,,,,,,,,,,,,,,,,,,,,,,,,,,,,,,,,,,,,,,,,,,,,,,,,,,,,,,,,,,,,,,,,,,,,,,,,,,,,,,,,,,,,,,,,,,,,,,,,,,,,,,1.2056770464772648,1.2585858956603462,1.051839380983968,,,,,0.24744177627723857,,,,,,,,9.726568479574343,9.726568479574343,9.492377413803547,9.492377413803547,10.72791998713846,10.72791998713846,,,,,,,-0.0407388885602451,,-0.009506048559197566,-0.009506048559197566,-0.19212955437927867,-0.19212955437927867,50.010420778698304,50.010420778698304,,9.731999969482422,9.731999969482422,9.02809526806786,9.02809526806786,10.52222222373599,10.52222222373599,,,10.135000009536743,,,635881.992435455320200,2647595.1621350786,,,,,,,
2025-05-12,,,,,,,10.039999961853027,10.260000228881836,9.600000381469727,10.130000114440918,113800,,,,,10.130000114440918,,,,,,,,,,,,,,,,,,,,,,,,,,,,,,,,,,,,,,,,,,,,,,,,,,,,,,,,,,,,,,,,,,,,,,,,,,,,,,,,,,,,,,,,,,,,,,,,,,,,,,,,,,,,,,,,,,,,,,,,,,,,,,,,,,,,,,,,,,,,,1.300431860860692,1.2493551210128604,1.0564961201041223,,,,,0.27964407980796,,,,,,,,9.861045691196535,9.861045691196535,9.55034311386149,9.55034311386149,10.709234991116663,10.709234991116663,,,,,,,0.05165707677635009,,0.037669972158113296,0.037669972158113296,-0.14616964907180027,-0.14616964907180027,53.190324792634556,53.190324792634556,,9.673999977111816,9.673999977111816,9.148571468534923,9.148571468534923,10.477301590026372,10.477301590026372,,,10.093000020980835,,,1152794.013023376468400,2610535.7653534603,,,,,,,
2025-05-13,,,,,,,10.229999542236328,10.390000343322754,9.550000190734863,9.859999656677246,74800,,,,,9.859999656677246,,,,,,,,,,,,,,,,,,,,,,,,,,,,,,,,,,,,,,,,,,,,,,,,,,,,,,,,,,,,,,,,,,,,,,,,,,,,,,,,,,,,,,,,,,,,,,,,,,,,,,,,,,,,,,,,,,,,,,,,,,,,,,,,,,,,,,,,,,,,,0.7287374744971978,1.2556043701742743,1.0552111257756758,,,,,0.234077338751587,,,,,,,,9.860697013023438,9.860697013023438,9.578493708662922,9.578493708662922,10.682696386915431,10.682696386915431,,,,,,,-0.027015195763028216,,0.052663456463657,0.052663456463657,-0.10640302796470882,-0.10640302796470882,51.328776716568576,51.328776716568576,,9.823999977111816,9.823999977111816,9.245238122485933,9.245238122485933,10.43587300890968,10.43587300890968,,,10.069400014877319,,,737527.974319458000800,2590869.621416879,,,,,,,
2025-05-14,,,,,,,9.850000381469727,10.079999923706055,8.750000000000000,9.060000419616700,106900,,,,,9.060000419616700,,,,,,,,,,,,,,,,,,,,,,,,,,,,,,,,,,,,,,,,,,,,,,,,,,,,,,,,,,,,,,,,,,,,,,,,,,,,,,,,,,,,,,,,,,,,,,,,,,,,,,,,,,,,,,,,,,,,,,,,,,,,,,,,,,,,,,,,,,,,,0.963690773430483,1.2693558112568881,1.0651590015150354,,,,,0.2141339968231129,,,,,,,,9.593798148554527,9.593798148554527,9.531357955113267,9.531357955113267,10.631987137937346,10.631987137937346,,,,,,,-0.0846169674245957,,-0.000007267979436065275,-0.000007267979436065275,-0.08512387596765428,-0.08512387596765428,46.172515549768924,46.172515549768924,,9.738000106811523,9.738000106811523,9.271904809134346,9.271904809134346,10.389523816487145,10.389523816487145,,,10.013800020217895,,,968514.044857025230000,2555983.9097636086,,,,,,,
2025-05-15,,,,,,,8.829999923706055,9.324999809265137,8.244999885559082,9.250000000000000,100500,,,,,9.250000000000000,,,,,,,,,,,,,,,,,,,,,,,,,,,,,,,,,,,,,,,,,,,,,,,,,,,,,,,,,,,,,,,,,,,,,,,,,,,,,,,,,,,,,,,,,,,,,,,,,,,,,,,,,,,,,,,,,,,,,,,,,,,,,,,,,,,,,,,,,,,,,0.8463509874029712,1.256695543332188,1.0609743751506473,,,,,0.2712102707294684,,,,,,,,9.479198765703018,9.479198765703018,9.505779959193879,9.505779959193879,10.588800039876803,10.588800039876803,,,,,,,0.02075438515413801,,-0.026116760569751207,-0.026116760569751207,-0.07332245288807365,-0.07332245288807365,47.52088301123565,47.52088301123565,,9.58400001525879,9.58400001525879,9.326666695731026,9.326666695731026,10.356666678474063,10.356666678474063,,,9.961400022506714,,,929625.000000000000000,2509432.1812576717,,,,,,,
2025-05-16,,,,,,,9.250000000000000,9.345000267028809,8.810000419616700,9.250000000000000,85000,,,,,9.250000000000000,,,,,,,,,,,,,,,,,,,,,,,,,,,,,,,,,,,,,,,,,,,,,,,,,,,,,,,,,,,,,,,,,,,,,,,,,,,,,,,,,,,,,,,,,,,,,,,,,,,,,,,,,,,,,,,,,,,,,,,,,,,,,,,,,,,,,,,,,,,,,0.820321909377723,1.2568112069676753,1.0536105815763006,,,,,0.2677522146609393,,,,,,,,9.402799177135345,9.402799177135345,9.482527235630798,9.482527235630798,10.546962538630654,10.546962538630654,,,,,,,0,,-0.04627528883202281,-0.04627528883202281,-0.06791302007686349,-0.06791302007686349,47.52088301123565,47.52088301123565,,9.510000038146973,9.510000038146973,9.377619062151227,9.377619062151227,10.313015884823269,10.313015884823269,,,9.911800031661988,,,786250.000000000000000,2467283.768559259,,,,,,,
2025-05-19,,,,,,,9.239999771118164,9.880000114440918,9.154999732971191,9.699999809265137,88400,,,,,9.699999809265137,,,,,,,,,,,,,,,,,,,,,,,,,,,,,,,,,,,,,,,,,,,,,,,,,,,,,,,,,,,,,,,,,,,,,,,,,,,,,,,,,,,,,,,,,,,,,,,,,,,,,,,,,,,,,,,,,,,,,,,,,,,,,,,,,,,,,,,,,,,,,0.8016540096207494,1.2629988829020715,1.0498484188881518,,,,,0.27937098424604584,,,,,,,,9.501866054511943,9.501866054511943,9.502297469597556,9.502297469597556,10.52049495333798,10.52049495333798,,,,,,,0.04750231432161505,,-0.025644233155023954,-0.025644233155023954,-0.05945926269249558,-0.05945926269249558,50.89935579198248,50.89935579198248,,9.423999977111816,9.423999977111816,9.439047631763277,9.439047631763277,10.26396826335362,10.26396826335362,,,9.86580002784729,,,857479.983139038110800,2411909.7684973762,,,,,,,
2025-05-20,,,,,,,9.800000190734863,10.329999923706055,9.409999847412110,10.109999656677246,77200,,,,,10.109999656677246,,,,,,,,,,,,,,,,,,,,,,,,,,,,,,,,,,,,,,,,,,,,,,,,,,,,,,,,,,,,,,,,,,,,,,,,,,,,,,,,,,,,,,,,,,,,,,,,,,,,,,,,,,,,,,,,,,,,,,,,,,,,,,,,,,,,,,,,,,,,,0.8487943943052241,1.240049086817166,1.053425546922856,,,,,0.2676986406174939,,,,,,,,9.70457725523371,9.70457725523371,9.557543122968436,9.557543122968436,10.507666975317333,10.507666975317333,,,,,,,0.041399133227701175,,0.023518481863021634,0.023518481863021634,-0.042863713781392136,-0.042863713781392136,53.81661939740583,53.81661939740583,,9.473999977111816,9.473999977111816,9.485714276631674,9.485714276631674,10.225079362354581,10.225079362354581,,,9.83240002632141,,,780491.973495483391200,2384206.211181671,,,,,,,
2025-05-21,,,,,,,10.130000114440918,10.628000259399414,9.869999885559082,10.520000457763672,98100,,,,,10.520000457763672,,,,,,,,,,,,,,,,,,,,,,,,,,,,,,,,,,,,,,,,,,,,,,,,,,,,,,,,,,,,,,,,,,,,,,,,,,,,,,,,,,,,,,,,,,,,,,,,,,,,,,,,,,,,,,,,,,,,,,,,,,,,,,,,,,,,,,,,,,,,,0.3091261061510273,1.2193446248850177,1.055344872402042,,,,,0.27817329612964736,,,,,,,,9.976384989410365,9.976384989410365,9.645039244313459,9.645039244313459,10.50805239664378,10.50805239664378,,,,,,,0.039753251749569674,,0.0944748782531395,0.0944748782531395,-0.015395995374485811,-0.015395995374485811,56.593931152129734,56.593931152129734,,9.76599998474121,9.76599998474121,9.517142886207218,9.517142886207218,10.19888889221918,10.19888889221918,,,9.81840003013611,,,1032012.044906616223200,2356466.275109942,,,,,,,
2025-05-22,,,,,,,10.510000228881836,10.625000000000000,9.939999580383300,10.170000076293945,48500,,,,,10.170000076293945,,,,,,,,,,,,,,,,,,,,,,,,,,,,,,,,,,,,,,,,,,,,,,,,,,,,,,,,,,,,,,,,,,,,,,,,,,,,,,,,,,,,,,,,,,,,,,,,,,,,,,,,,,,,,,,,,,,,,,,,,,,,,,,,,,,,,,,,,,,,,0.5554626397559587,1.2200465561751321,1.0571988412154945,,,,,0.32197653829198386,,,,,,,,10.04092335170489,10.04092335170489,9.692762956311684,9.692762956311684,10.49748826163285,10.49748826163285,,,,,,,-0.03383603326088848,,0.12107060136743186,0.12107060136743186,0.011897323973897724,0.011897323973897724,53.629048559224024,53.629048559224024,,9.95,9.95,9.546666690281459,9.546666690281459,10.168412700531976,10.168412700531976,,,9.79580002784729,,,493245.003700256332500,2320713.9889043476,,,,,,,
2025-05-23,,,,,,,10.010000228881836,10.399999618530273,9.750000000000000,10.279999732971191,39400,,,,,10.279999732971191,,,,,,,,,,,,,,,,,,,,,,,,,,,,,,,,,,,,,,,,,,,,,,,,,,,,,,,,,,,,,,,,,,,,,,,,,,,,,,,,,,,,,,,,,,,,,,,,,,,,,,,,,,,,,,,,,,,,,,,,,,,,,,,,,,,,,,,,,,,,,0.5372767002195469,0.92631818023126,1.0343293141430923,,,,,0.39865009756668573,,,,,,,,10.120615478793658,10.120615478793658,9.746148117826186,9.746148117826186,10.490691745112171,10.490691745112171,,,,,,,0.010758016489122316,,0.14930288580596063,0.14930288580596063,0.039378436340310304,0.039378436340310304,54.4369491574254,54.4369491574254,,10.155999946594239,10.155999946594239,9.669523829505557,9.669523829505557,10.159841272566053,10.159841272566053,,,9.775400018692016,,,405031.989479064925400,2282334.5296837036,,,,,,,
2025-05-27,,,,,,,10.579999923706055,11.616000175476074,10.435000419616700,11.199999809265137,85600,,,,,11.199999809265137,,,,,,,,,,,,,,,,,,,,,,,,,,,,,,,,,,,,,,,,,,,,,,,,,,,,,,,,,,,,,,,,,,,,,,,,,,,,,,,,,,,,,,,,,,,,,,,,,,,,,,,,,,,,,,,,,,,,,,,,,,,,,,,,,,,,,,,,,,,,,0.6994985437321422,0.9439535289984013,1.0475829887420551,,,,,0.36060177039375196,,,,,,,,10.480410255617484,10.480410255617484,9.878316453411545,9.878316453411545,10.512857622116952,10.512857622116952,,,,,,,0.08571352721969652,,0.2431110590640877,0.2431110590640877,0.08012496088506578,0.08012496088506578,60.61712161505961,60.61712161505961,,10.455999946594238,10.455999946594238,9.811904770987374,9.811904770987374,10.169841274382575,10.169841274382575,,,9.779600019454955,,,958719.983673095727200,2251765.7529687122,,,,,,,
2025-05-28,,,,,,,11.210000038146973,11.635000228881836,10.800000190734863,11.479999542236328,80600,,,,,11.479999542236328,,,,,,,,,,,,,,,,,,,,,,,,,,,,,,,,,,,,,,,,,,,,,,,,,,,,,,,,,,,,,,,,,,,,,,,,,,,,,,,,,,,,,,,,,,,,,,,,,,,,,,,,,,,,,,,,,,,,,,,,,,,,,,,,,,,,,,,,,,,,,0.6904741160664486,0.9443851542791865,1.0286742371712048,,,,,0.36072582711443485,,,,,,,,10.813606684490432,10.813606684490432,10.02392400694107,10.02392400694107,10.543080807120683,10.543080807120683,,,,,,,0.02469258974538498,,0.33617315573907725,0.33617315573907725,0.13133459985586807,0.13133459985586807,62.29344975735556,62.29344975735556,,10.729999923706055,10.729999923706055,9.959523791358585,9.959523791358585,10.16634920665196,10.16634920665196,,,9.77940001487732,,,925287.963104248036800,2241827.149609914,,,,,,,
2025-05-29,,,,,,,11.579999923706055,12.248000144958496,11.140000343322754,12.170000076293945,67500,,,,,12.170000076293945,,,,,,,,,,,,,,,,,,,,,,,,,,,,,,,,,,,,,,,,,,,,,,,,,,,,,,,,,,,,,,,,,,,,,,,,,,,,,,,,,,,,,,,,,,,,,,,,,,,,,,,,,,,,,,,,,,,,,,,,,,,,,,,,,,,,,,,,,,,,,0.7265285476955011,0.9497200748457517,1.021526810573255,,,,,0.34150579856949803,,,,,,,,11.265737815091603,11.265737815091603,10.219021831427694,10.219021831427694,10.593922034282347,10.593922034282347,,,,,,,0.05836756225191814,,0.4602967993752003,0.4602967993752003,0.19712703975973453,0.19712703975973453,66.12050715194243,66.12050715194243,,11.05999984741211,11.05999984741211,10.120476177760533,10.120476177760533,10.157619044894265,10.157619044894265,,,9.781600008010864,,,821475.005149841287500,2209983.005892284,,,,,,,
2025-05-30,,,,,,,12.050000190734863,12.050000190734863,9.732000350952148,10.010000228881836,147300,,,,,10.010000228881836,,,,,,,,,,,,,,,,,,,,,,,,,,,,,,,,,,,,,,,,,,,,,,,,,,,,,,,,,,,,,,,,,,,,,,,,,,,,,,,,,,,,,,,,,,,,,,,,,,,,,,,,,,,,,,,,,,,,,,,,,,,,,,,,,,,,,,,,,,,,,1.7678123925471618,1.1874293352986995,1.0908496903416987,,,,,0.1019502237313615,,,,,,,,10.847158619688347,10.847158619688347,10.20001986755989,10.20001986755989,10.575674477863581,10.575674477863581,,,,,,,-0.19538929707600627,,0.37999144061421397,0.37999144061421397,0.2336999199306304,0.2336999199306304,49.264022152247776,49.264022152247776,,11.027999877929688,11.027999877929688,10.156666664850144,10.156666664850144,10.122380960555304,10.122380960555304,,,9.739000005722046,,,1474473.033714294442800,2205879.5471395766,,,,,,,
2025-06-02,,,,,,,10.079999923706055,12.180000305175781,10.079999923706055,12.100000381469727,227100,,,,,12.100000381469727,,,,,,,,,,,,,,,,,,,,,,,,,,,,,,,,,,,,,,,,,,,,,,,,,,,,,,,,,,,,,,,,,,,,,,,,,,,,,,,,,,,,,,,,,,,,,,,,,,,,,,,,,,,,,,,,,,,,,,,,,,,,,,,,,,,,,,,,,,,,,2.247549657795265,1.2749526086529739,1.1382229220503663,,,,,0.1322217787710112,,,,,,,,11.26477254028214,11.26477254028214,10.37274536882442,10.37274536882442,10.623309662351273,10.623309662351273,,,,,,,0.1896208679366714,,0.47946740884992245,0.47946740884992245,0.2828534177144888,0.2828534177144888,59.91307275996917,59.91307275996917,,11.392000007629395,11.392000007629395,10.228571437654042,10.228571437654042,10.139206364041282,10.139206364041282,,,9.7418000125885,,,2747910.086631775001700,2233305.167618252,,,,,,,
2025-06-03,,,,,,,12.289999961853027,13.779999732971191,11.710000038146973,13.659999847412110,175800,,,,,13.659999847412110,,,,,,,,,,,,,,,,,,,,,,,,,,,,,,,,,,,,,,,,,,,,,,,,,,,,,,,,,,,,,,,,,,,,,,,,,,,,,,,,,,,,,,,,,,,,,,,,,,,,,,,,,,,,,,,,,,,,,,,,,,,,,,,,,,,,,,,,,,,,,2.313679088911038,1.334997038494321,1.1552717894468798,,,,,0.30488592174385837,,,,,,,,12.063181642658797,12.063181642658797,10.671586685059665,10.671586685059665,10.718206230634424,10.718206230634424,,,,,,,0.1212663588431088,,0.6763848067866913,0.6763848067866913,0.3615596955289293,0.3615596955289293,65.70004297414322,65.70004297414322,,11.884000015258788,11.884000015258788,10.362380936032249,10.362380936032249,10.168095248086113,10.168095248086113,,,9.792200002670288,,,2401427.973175048938000,2242819.1350777945,,,,,,,
2025-06-04,,,,,,,13.689999580383300,14.399999618530273,13.024999618530273,13.869999885559082,95600,,,,,13.869999885559082,,,,,,,,,,,,,,,,,,,,,,,,,,,,,,,,,,,,,,,,,,,,,,,,,,,,,,,,,,,,,,,,,,,,,,,,,,,,,,,,,,,,,,,,,,,,,,,,,,,,,,,,,,,,,,,,,,,,,,,,,,,,,,,,,,,,,,,,,,,,,2.318502899610851,1.3218519384765943,1.155563794932006,,,,,0.3121464999793156,,,,,,,,12.665454390292226,12.665454390292226,10.962351521468703,10.962351521468703,10.81669978235082,10.81669978235082,,,,,,,0.015256383103545506,,0.839708870244186,0.839708870244186,0.45718953047198063,0.45718953047198063,66.4031582607438,66.4031582607438,,12.36200008392334,12.36200008392334,10.526666641235352,10.526666641235352,10.199841279832144,10.199841279832144,,,9.832400007247925,,,1325971.989059448239200,2251619.484228558,,,,,,,
2025-06-05,,,,,,,13.930000305175781,13.939999580383300,12.869999885559082,13.340000152587890,71200,,,,,13.340000152587890,,,,,,,,,,,,,,,,,,,,,,,,,,,,,,,,,,,,,,,,,,,,,,,,,,,,,,,,,,,,,,,,,,,,,,,,,,,,,,,,,,,,,,,,,,,,,,,,,,,,,,,,,,,,,,,,,,,,,,,,,,,,,,,,,,,,,,,,,,,,,2.3666345822139823,1.2250617093872194,1.1581979169893728,,,,,0.3660026181850698,,,,,,,,12.890302977724113,12.890302977724113,11.178501397024993,11.178501397024993,10.895552918920728,10.895552918920728,,,,,,,-0.038961174149922596,,0.9158208059896005,0.9158208059896005,0.5489157855755046,0.5489157855755046,62.89874049117474,62.89874049117474,,12.59600009918213,12.59600009918213,10.728095236278715,10.728095236278715,10.225396845075819,10.225396845075819,,,9.866600008010865,,,949808.010864257768000,2236346.755426649,,,,,,,
2025-06-06,,,,,,,13.479999542236328,13.600000381469727,12.779999732971191,12.930000305175781,67800,,,,,12.930000305175781,,,,,,,,,,,,,,,,,,,,,,,,,,,,,,,,,,,,,,,,,,,,,,,,,,,,,,,,,,,,,,,,,,,,,,,,,,,,,,,,,,,,,,,,,,,,,,,,,,,,,,,,,,,,,,,,,,,,,,,,,,,,,,,,,,,,,,,,,,,,,1.5930593986021526,1.2336471454749127,1.1593041448110735,,,,,0.31291426842254555,,,,,,,,12.903535420208003,12.903535420208003,11.337728570493246,11.337728570493246,10.9591293997412,10.9591293997412,,,,,,,-0.031216835539935737,,0.932309419603536,0.932309419603536,0.6255945123811109,0.6255945123811109,60.24978087478492,60.24978087478492,,13.180000114440919,13.180000114440919,10.891904785519554,10.891904785519554,10.240158754681785,10.240158754681785,,,9.910000009536743,,,876654.020690917951800,2230280.946231267,,,,,,,
2025-06-09,,,,,,,13.229999542236328,13.399999618530273,12.609999656677246,12.810000419616700,43500,,,,,12.810000419616700,,,,,,,,,,,,,,,,,,,,,,,,,,,,,,,,,,,,,,,,,,,,,,,,,,,,,,,,,,,,,,,,,,,,,,,,,,,,,,,,,,,,,,,,,,,,,,,,,,,,,,,,,,,,,,,,,,,,,,,,,,,,,,,,,,,,,,,,,,,,,1.0308478691763328,1.2275865165737279,1.1588157785571878,,,,,0.292934325132645,,,,,,,,12.87235708667757,12.87235708667757,11.471571465868106,11.471571465868106,11.016969119112307,11.016969119112307,,,,,,,-0.009324067720308875,,0.9250305998592747,0.9250305998592747,0.6854817298767436,0.6854817298767436,59.460478143198856,59.460478143198856,,13.322000122070312,13.322000122070312,11.024761926560174,11.024761926560174,10.256507971930125,10.256507971930125,,,9.940800008773804,,,557235.018253326450000,2204178.613979854,,,,,,,
2025-06-10,,,,,,,12.779999732971191,13.305000305175781,12.539999961853027,12.869999885559082,63200,,,,,12.869999885559082,,,,,,,,,,,,,,,,,,,,,,,,,,,,,,,,,,,,,,,,,,,,,,,,,,,,,,,,,,,,,,,,,,,,,,,,,,,,,,,,,,,,,,,,,,,,,,,,,,,,,,,,,,,,,,,,,,,,,,,,,,,,,,,,,,,,,,,,,,,,,0.365821361708829,1.2131400061458992,1.1543568621768296,,,,,0.3191533788523256,,,,,,,,12.871571352971406,12.871571352971406,11.598701322203649,11.598701322203649,11.07487633056377,11.07487633056377,,,,,,,0.004672864050361467,,0.9135724437831438,0.9135724437831438,0.7310998726580237,0.7310998726580237,59.744443399254465,59.744443399254465,,13.164000129699707,13.164000129699707,11.17952383132208,11.17952383132208,10.282698442065527,10.282698442065527,,,9.969800004959106,,,813383.992767333982400,2184872.0416697245,,,,,,,
2025-06-11,,,,,,,12.859999656677246,13.189999580383300,12.529999732971191,12.779999732971191,40800,,,,,12.779999732971191,,,,,,,,,,,,,,,,,,,,,,,,,,,,,,,,,,,,,,,,,,,,,,,,,,,,,,,,,,,,,,,,,,,,,,,,,,,,,,,,,,,,,,,,,,,,,,,,,,,,,,,,,,,,,,,,,,,,,,,,,,,,,,,,,,,,,,,,,,,,,0.2873576029812049,1.2071180899490288,1.1544574070932998,,,,,0.28967420205419336,,,,,,,,12.841047479638002,12.841047479638002,11.70609208681888,11.70609208681888,11.128161436889002,11.128161436889002,,,,,,,-0.007017584660851477,,0.8870046746420321,0.8870046746420321,0.7622808330548254,0.7622808330548254,59.0759793453237,59.0759793453237,,12.946000099182129,12.946000099182129,11.30571428934733,11.30571428934733,10.3061904982915,10.3061904982915,,,10.005199995040893,,,521423.989105224592800,2170871.4696922,,,,,,,
2025-06-12,,,,,,,12.859999656677246,13.854999542236328,12.270000457763672,13.550000190734863,83000,,,,,13.550000190734863,,,,,,,,,,,,,,,,,,,,,,,,,,,,,,,,,,,,,,,,,,,,,,,,,,,,,,,,,,,,,,,,,,,,,,,,,,,,,,,,,,,,,,,,,,,,,,,,,,,,,,,,,,,,,,,,,,,,,,,,,,,,,,,,,,,,,,,,,,,,,0.5328356084303324,1.2094751571944338,1.159971629058173,,,,,0.32573975127632926,,,,,,,,13.077365050003621,13.077365050003621,11.873720096265787,11.873720096265787,11.203843897946685,11.203843897946685,,,,,,,0.05850513334696796,,0.9175056934597219,0.9175056934597219,0.7933258051358046,0.7933258051358046,62.90053197961531,62.90053197961531,,12.988000106811523,12.988000106811523,11.481428600492931,11.481428600492931,10.341904784005786,10.341904784005786,,,10.078200006484986,,,1124650.015830993629000,2180920.676160994,,,,,,,
2025-06-13,,,,,,,13.289999961853027,13.479999542236328,12.699999809265137,13.399999618530273,101400,,,,,13.399999618530273,,,,,,,,,,,,,,,,,,,,,,,,,,,,,,,,,,,,,,,,,,,,,,,,,,,,,,,,,,,,,,,,,,,,,,,,,,,,,,,,,,,,,,,,,,,,,,,,,,,,,,,,,,,,,,,,,,,,,,,,,,,,,,,,,,,,,,,,,,,,,0.46619649418155795,1.158836475872959,1.1586560714582934,,,,,0.39962501131771677,,,,,,,,13.184909906179172,13.184909906179172,12.012472780108013,12.012472780108013,11.272473764214922,11.272473764214922,,,,,,,-0.011131882913108194,,0.9189807401243861,0.9189807401243861,0.818456792133521,0.818456792133521,61.69101798016124,61.69101798016124,,13.081999969482421,13.081999969482421,11.688095229012626,11.688095229012626,10.380158749837724,10.380158749837724,,,10.138800001144409,,,1358759.961318969682200,2182723.739450697,,,,,,,
2025-06-16,,,,,,,13.579999923706055,13.835000038146973,13.119999885559082,13.310000419616700,62600,,,,,13.310000419616700,,,,,,,,,,,,,,,,,,,,,,,,,,,,,,,,,,,,,,,,,,,,,,,,,,,,,,,,,,,,,,,,,,,,,,,,,,,,,,,,,,,,,,,,,,,,,,,,,,,,,,,,,,,,,,,,,,,,,,,,,,,,,,,,,,,,,,,,,,,,,0.4607744097907459,1.16211269128449,1.1557526395104452,,,,,0.34516680588753634,,,,,,,,13.226606743991681,13.226606743991681,12.130429838245167,12.130429838245167,11.336146472196228,11.336146472196228,,,,,,,-0.006739014555531806,,0.90248426520332,0.90248426520332,0.8352622867474808,0.8352622867474808,60.933930291906115,60.933930291906115,,13.181999969482423,13.181999969482423,11.881428582327706,11.881428582327706,10.409047649020241,10.409047649020241,,,10.21860001564026,,,833206.026268005420000,2163904.8992361343,,,,,,,
2025-06-17,,,,,,,13.109999656677246,13.649999618530273,12.319999694824219,12.390000343322754,110600,,,,,12.390000343322754,,,,,,,,,,,,,,,,,,,,,,,,,,,,,,,,,,,,,,,,,,,,,,,,,,,,,,,,,,,,,,,,,,,,,,,,,,,,,,,,,,,,,,,,,,,,,,,,,,,,,,,,,,,,,,,,,,,,,,,,,,,,,,,,,,,,,,,,,,,,,0.731036358568436,1.2013934199100353,1.1612217582966224,,,,,0.2584522969837495,,,,,,,,12.947737943768706,12.947737943768706,12.154027156888583,12.154027156888583,11.36907940566893,11.36907940566893,,,,,,,-0.07162594058272743,,0.8058846361425296,0.8058846361425296,0.8293867566264905,0.8293867566264905,53.68151133631982,53.68151133631982,,13.086000061035156,13.086000061035156,12.030952408200218,12.030952408200218,10.414285743047321,10.414285743047321,,,10.285000028610229,,,1370334.037971496592400,2156386.803582358,,,,,,,
2025-06-18,,,,,,,12.390000343322754,12.779999732971191,11.000000000000000,11.260000228881836,157000,,,,,11.260000228881836,,,,,,,,,,,,,,,,,,,,,,,,,,,,,,,,,,,,,,,,,,,,,,,,,,,,,,,,,,,,,,,,,,,,,,,,,,,,,,,,,,,,,,,,,,,,,,,,,,,,,,,,,,,,,,,,,,,,,,,,,,,,,,,,,,,,,,,,,,,,,0.9610758608227935,1.2522212221550273,1.1769081467299298,,,,,0.16926133698838156,,,,,,,,12.385158705473083,12.385158705473083,12.072751981615243,12.072751981615243,11.365670681394334,11.365670681394334,,,,,,,-0.09563308031218831,,0.6308748363116656,0.6308748363116656,0.7896843725635255,0.7896843725635255,46.37975333868262,46.37975333868262,,12.782000160217285,12.782000160217285,12.10523814246768,12.10523814246768,10.400317487262544,10.400317487262544,,,10.331800031661988,,,1767820.035934448252000,2145734.326867452,,,,,,,
2025-06-20,,,,,,,11.399999618530273,11.645000457763672,10.489999771118164,11.180000305175781,152700,,,,,11.180000305175781,,,,,,,,,,,,,,,,,,,,,,,,,,,,,,,,,,,,,,,,,,,,,,,,,,,,,,,,,,,,,,,,,,,,,,,,,,,,,,,,,,,,,,,,,,,,,,,,,,,,,,,,,,,,,,,,,,,,,,,,,,,,,,,,,,,,,,,,,,,,,0.6689625227799062,1.2467458304154906,1.1766411181300904,,,,,0.15771740391056538,,,,,,,,11.983439238707316,11.983439238707316,11.991592738302565,11.991592738302565,11.359868482137506,11.359868482137506,,,,,,,-0.007130148014993584,,0.4801876791535342,0.4801876791535342,0.7277850338815273,0.7277850338815273,45.90371025582041,45.90371025582041,,12.308000183105468,12.308000183105468,12.156190554300943,12.156190554300943,10.387936539120144,10.387936539120144,,,10.404000034332276,,,1707186.046600341758700,2135224.9624078237,,,,,,,
2025-06-23,,,,,,,11.130000114440918,11.340000152587890,10.710000038146973,10.729999542236328,125200,,,,,10.729999542236328,,,,,,,,,,,,,,,,,,,,,,,,,,,,,,,,,,,,,,,,,,,,,,,,,,,,,,,,,,,,,,,,,,,,,,,,,,,,,,,,,,,,,,,,,,,,,,,,,,,,,,,,,,,,,,,,,,,,,,,,,,,,,,,,,,,,,,,,,,,,,0.6241965572423395,1.2496269606321673,1.1709155560853057,,,,,0.06405507906562473,,,,,,,,11.56562600655032,11.56562600655032,11.876902447751089,11.876902447751089,11.340185077765593,11.340185077765593,,,,,,,-0.04108298104296645,,0.32075821961677065,0.32075821961677065,0.646379671028576,0.646379671028576,43.21665070706769,43.21665070706769,,11.77400016784668,11.77400016784668,12.166190510704403,12.166190510704403,10.38142858989655,10.38142858989655,,,10.45920002937317,,,1343395.942687988265600,1768346.2193753985,,,,,,,
2025-06-24,,,,,,,10.819999694824219,10.883999824523926,10.305000305175781,10.329999923706055,113100,,,,,10.329999923706055,,,,,,,,,,,,,,,,,,,,,,,,,,,,,,,,,,,,,,,,,,,,,,,,,,,,,,,,,,,,,,,,,,,,,,,,,,,,,,,,,,,,,,,,,,,,,,,,,,,,,,,,,,,,,,,,,,,,,,,,,,,,,,,,,,,,,,,,,,,,,0.5388692892078063,1.2511659739683771,1.1661161919120187,,,,,0.020691434825923945,,,,,,,,11.153750645602232,11.153750645602232,11.736274945565176,11.736274945565176,11.308616791701233,11.308616791701233,,,,,,,-0.03799123823468814,,0.16028493309276648,0.16028493309276648,0.5491607234414141,0.5491607234414141,40.923496580055094,40.923496580055094,,11.17800006866455,11.17800006866455,12.173809551057362,12.173809551057362,10.357142879849388,10.357142879849388,,,10.51380002975464,,,1168322.991371154820500,1711871.8245846885,,,,,,,
2025-06-25,,,,,,,10.270000457763672,11.659999847412110,9.829999923706055,11.409999847412110,86900,,,,,11.409999847412110,,,,,,,,,,,,,,,,,,,,,,,,,,,,,,,,,,,,,,,,,,,,,,,,,,,,,,,,,,,,,,,,,,,,,,,,,,,,,,,,,,,,,,,,,,,,,,,,,,,,,,,,,,,,,,,,,,,,,,,,,,,,,,,,,,,,,,,,,,,,,1.1463116007988825,1.2969833586351422,1.1830743519244917,,,,,0.03798199467240068,,,,,,,,11.239167046205525,11.239167046205525,11.706613573005807,11.706613573005807,11.311785012192198,11.311785012192198,,,,,,,0.09943787475493275,,0.11888523035002407,0.11888523035002407,0.46310562482313605,0.46310562482313605,48.819943674104024,48.819943674104024,,10.981999969482422,10.981999969482422,12.227619080316453,12.227619080316453,10.353650812118772,10.353650812118772,,,10.58540002822876,,,991528.986740112359000,1660968.633242259,,,,,,,
2025-06-26,,,,,,,11.319999694824219,12.909999847412110,11.126999855041504,12.739999771118164,133900,,,,,12.739999771118164,,,,,,,,,,,,,,,,,,,,,,,,,,,,,,,,,,,,,,,,,,,,,,,,,,,,,,,,,,,,,,,,,,,,,,,,,,,,,,,,,,,,,,,,,,,,,,,,,,,,,,,,,,,,,,,,,,,,,,,,,,,,,,,,,,,,,,,,,,,,,1.1819957440351279,1.3188384757992297,1.1927641143429413,,,,,0.07479380450776713,,,,,,,,11.739444621176403,11.739444621176403,11.800557772834203,11.800557772834203,11.356416723408634,11.356416723408634,,,,,,,0.11025648167759756,,0.1911916083788423,0.1911916083788423,0.4087228215342773,0.4087228215342773,56.52640611214859,56.52640611214859,,11.277999877929688,11.277999877929688,12.300952411833263,12.300952411833263,10.385079376281254,10.385079376281254,,,10.670200023651123,,,1705885.969352722159600,1662717.4893598708,,,,,,,
2025-06-27,,,,,,,12.750000000000000,12.932999610900879,12.029999732971191,12.130000114440918,237700,,,,,12.130000114440918,,,,,,,,,,,,,,,,,,,,,,,,,,,,,,,,,,,,,,,,,,,,,,,,,,,,,,,,,,,,,,,,,,,,,,,,,,,,,,,,,,,,,,,,,,,,,,,,,,,,,,,,,,,,,,,,,,,,,,,,,,,,,,,,,,,,,,,,,,,,,1.286046810346524,1.3304600561159878,1.193836861156297,,,,,-0.029897460411243783,,,,,,,,11.869629785597908,11.869629785597908,11.830507076616632,11.830507076616632,11.380591204378392,11.380591204378392,,,,,,,-0.04906489978791555,,0.1970021415339609,0.1970021415339609,0.36637868553421404,0.36637868553421404,52.613376468808255,52.613376468808255,,11.467999839782715,11.467999839782715,12.331904820033483,12.331904820033483,10.39873016448248,10.39873016448248,,,10.750800018310548,,,2883301.027202606208600,1684638.282473882,,,,,,,
2025-06-30,,,,,,,12.229999542236328,13.470000267028809,11.960000038146973,12.270000457763672,146000,,,,,12.270000457763672,,,,,,,,,,,,,,,,,,,,,,,,,,,,,,,,,,,,,,,,,,,,,,,,,,,,,,,,,,,,,,,,,,,,,,,,,,,,,,,,,,,,,,,,,,,,,,,,,,,,,,,,,,,,,,,,,,,,,,,,,,,,,,,,,,,,,,,,,,,,,1.1887205375775156,1.3155370399354867,1.193770299312932,,,,,-0.0879151222424234,,,,,,,,12.00308667631983,12.00308667631983,11.870461020357272,11.870461020357272,11.408385243546682,11.408385243546682,,,,,,,0.011475563639877786,,0.21047763345578296,0.21047763345578296,0.3351984751185278,0.3351984751185278,53.410515116876574,53.410515116876574,,11.776000022888184,11.776000022888184,12.336666742960611,12.336666742960611,10.412222234029619,10.412222234029619,,,10.832600021362305,,,1791420.066833496112000,1700656.5374200307,,,,,,,
2025-07-01,,,,,,,12.319999694824219,12.340000152587890,11.199999809265137,11.659999847412110,97800,,,,,11.659999847412110,,,,,,,,,,,,,,,,,,,,,,,,,,,,,,,,,,,,,,,,,,,,,,,,,,,,,,,,,,,,,,,,,,,,,,,,,,,,,,,,,,,,,,,,,,,,,,,,,,,,,,,,,,,,,,,,,,,,,,,,,,,,,,,,,,,,,,,,,,,,,1.2360248180947007,1.1262519371382163,1.1959696041056378,,,,,-0.050829223183667664,,,,,,,,11.888724400017256,11.888724400017256,11.851328186453166,11.851328186453166,11.416248199917478,11.416248199917478,,,,,,,-0.050993128194465845,,0.1699757321875044,0.1699757321875044,0.30215392653232315,0.30215392653232315,49.50304331812826,49.50304331812826,,12.042000007629394,12.042000007629394,12.415238153366815,12.415238153366815,10.422539688292003,10.422539688292003,,,10.897600021362305,,,1140347.985076904358000,1668845.2980503202,,,,,,,
2025-07-02,,,,,,,11.659999847412110,12.250000000000000,11.470000267028809,11.859999656677246,121100,,,,,11.859999656677246,,,,,,,,,,,,,,,,,,,,,,,,,,,,,,,,,,,,,,,,,,,,,,,,,,,,,,,,,,,,,,,,,,,,,,,,,,,,,,,,,,,,,,,,,,,,,,,,,,,,,,,,,,,,,,,,,,,,,,,,,,,,,,,,,,,,,,,,,,,,,1.0435554619545186,0.9125617102560468,1.1763183505877453,,,,,-0.1449239401468507,,,,,,,,11.879149485570586,11.879149485570586,11.852116501928082,11.852116501928082,11.43011543294122,11.43011543294122,,,,,,,0.017007196785717056,,0.15226082871712343,0.15226082871712343,0.2721753069692832,0.2721753069692832,50.77461886750404,50.77461886750404,,12.131999969482422,12.131999969482422,12.403809547424316,12.403809547424316,10.453650800008623,10.453650800008623,,,10.952200012207031,,,1436245.958423614490600,1526831.4307250674,,,,,,,
2025-07-03,,,,,,,12.159999847412110,12.439999580383300,10.979999542236328,11.500000000000000,78200,,,,,11.500000000000000,,,,,,,,,,,,,,,,,,,,,,,,,,,,,,,,,,,,,,,,,,,,,,,,,,,,,,,,,,,,,,,,,,,,,,,,,,,,,,,,,,,,,,,,,,,,,,,,,,,,,,,,,,,,,,,,,,,,,,,,,,,,,,,,,,,,,,,,,,,,,0.5193658038289035,0.801196358260762,1.1748436543052203,,,,,-0.23264961827471764,,,,,,,,11.752766323713724,11.752766323713724,11.820105910843711,11.820105910843711,11.432299325661807,11.432299325661807,,,,,,,-0.030824329252418906,,0.10792854337186597,0.10792854337186597,0.23932595424979974,0.23932595424979974,48.411514924336075,48.411514924336075,,11.884000015258788,11.884000015258788,12.300952411833263,12.300952411833263,10.471587309761652,10.471587309761652,,,10.985000019073487,,,899300.000000000000000,1513699.605630693,,,,,,,
2025-07-07,,,,,,,11.529999732971191,12.199999809265137,11.340000152587890,12.119999885559082,105700,,,,,12.119999885559082,,,,,,,,,,,,,,,,,,,,,,,,,,,,,,,,,,,,,,,,,,,,,,,,,,,,,,,,,,,,,,,,,,,,,,,,,,,,,,,,,,,,,,,,,,,,,,,,,,,,,,,,,,,,,,,,,,,,,,,,,,,,,,,,,,,,,,,,,,,,,0.6510739803887348,0.824976833733482,1.1581802210229162,,,,,-0.20242158893562306,,,,,,,,11.87517751099551,11.87517751099551,11.847368999454199,11.847368999454199,11.453789968158597,11.453789968158597,,,,,,,0.052509935829644014,,0.121423996796997,0.121423996796997,0.2157455627592392,0.2157455627592392,52.51077472402101,52.51077472402101,,11.881999969482422,11.881999969482422,12.217619078499931,12.217619078499931,10.516031757233636,10.516031757233636,,,11.03640001296997,,,1281083.987903594967400,1515438.6536666325,,,,,,,
2025-07-08,,,,,,,12.890000343322754,15.788999557495117,12.439999580383300,15.060000419616700,254700,,,,,15.060000419616700,,,,,,,,,,,,,,,,,,,,,,,,,,,,,,,,,,,,,,,,,,,,,,,,,,,,,,,,,,,,,,,,,,,,,,,,,,,,,,,,,,,,,,,,,,,,,,,,,,,,,,,,,,,,,,,,,,,,,,,,,,,,,,,,,,,,,,,,,,,,,1.6906696133226344,1.1215546694948066,1.2320556795978188,,,,,-0.12285035909708557,,,,,,,,12.936785147202574,12.936785147202574,12.139426401287155,12.139426401287155,11.566484044766662,11.566484044766662,,,,,,,0.21718527903589346,,0.36514356562416417,0.36514356562416417,0.2456251633322242,0.2456251633322242,66.2186502048839,66.2186502048839,,12.439999961853028,12.439999961853028,12.29952385312035,12.29952385312035,10.611111133817642,10.611111133817642,,,11.183600025177002,,,3835782.106876373490000,1529174.482346338,,,,,,,
2025-07-09,,,,,,,15.100000381469727,15.420000076293945,13.994999885559082,15.079999923706055,201300,,,,,15.079999923706055,,,,,,,,,,,,,,,,,,,,,,,,,,,,,,,,,,,,,,,,,,,,,,,,,,,,,,,,,,,,,,,,,,,,,,,,,,,,,,,,,,,,,,,,,,,,,,,,,,,,,,,,,,,,,,,,,,,,,,,,,,,,,,,,,,,,,,,,,,,,,1.545972144750571,1.1136682140296126,1.2311129835404864,,,,,-0.0574249131173094,,,,,,,,13.651190072703734,13.651190072703734,12.4067512669616,12.4067512669616,11.676281415983519,11.676281415983519,,,,,,,0.0013271072857879425,,0.5535261675599958,0.5535261675599958,0.3072053641777785,0.3072053641777785,66.28993405841075,66.28993405841075,,13.123999977111817,13.123999977111817,12.401904787336077,12.401904787336077,10.70888890917339,10.70888890917339,,,11.321000022888184,,,3035603.984642028871500,1519690.1641489968,,,,,,,
2025-07-10,,,,,,,15.079999923706055,15.750000000000000,14.529999732971191,15.640000343322754,87700,,,,,15.640000343322754,,,,,,,,,,,,,,,,,,,,,,,,,,,,,,,,,,,,,,,,,,,,,,,,,,,,,,,,,,,,,,,,,,,,,,,,,,,,,,,,,,,,,,,,,,,,,,,,,,,,,,,,,,,,,,,,,,,,,,,,,,,,,,,,,,,,,,,,,,,,,1.5246956852071971,1.1163350794509037,1.1812716633518285,,,,,-0.019973503938442248,,,,,,,,14.314126829576741,14.314126829576741,12.70068300117625,12.70068300117625,11.80014763246287,11.80014763246287,,,,,,,0.036462399548217686,,0.7394837818374338,0.7394837818374338,0.39366104770970956,0.39366104770970956,68.30661243133068,68.30661243133068,,13.880000114440918,13.880000114440918,12.536666688464937,12.536666688464937,10.836984149993413,10.836984149993413,,,11.46620002746582,,,1371628.030109405525800,1504993.8622126502,,,,,,,
2025-07-11,,,,,,,15.640000343322754,15.840000152587890,14.909999847412110,15.050000190734863,127000,,,,,15.050000190734863,,,,,,,,,,,,,,,,,,,,,,,,,,,,,,,,,,,,,,,,,,,,,,,,,,,,,,,,,,,,,,,,,,,,,,,,,,,,,,,,,,,,,,,,,,,,,,,,,,,,,,,,,,,,,,,,,,,,,,,,,,,,,,,,,,,,,,,,,,,,,1.5525634979109684,1.1286161540401123,1.182597181659211,,,,,-0.050004940917631274,,,,,,,,14.559417949962782,14.559417949962782,12.914257291136124,12.914257291136124,11.90170552490887,11.90170552490887,,,,,,,-0.03845375320045001,,0.8296843645339731,0.8296843645339731,0.4808657110745623,0.4808657110745623,63.96484229434149,63.96484229434149,,14.59000015258789,14.59000015258789,12.64047622680664,12.64047622680664,10.949365108732193,10.949365108732193,,,11.591400032043458,,,1911350.024223327601000,1513333.021906444,,,,,,,
2025-07-14,,,,,,,14.829999923706055,15.859999656677246,14.350000381469727,15.739999771118164,71600,,,,,15.739999771118164,,,,,,,,,,,,,,,,,,,,,,,,,,,,,,,,,,,,,,,,,,,,,,,,,,,,,,,,,,,,,,,,,,,,,,,,,,,,,,,,,,,,,,,,,,,,,,,,,,,,,,,,,,,,,,,,,,,,,,,,,,,,,,,,,,,,,,,,,,,,,1.5539250409573238,1.1345155298396308,1.178724989399275,,,,,-0.023019807193096143,,,,,,,,14.952945223681242,14.952945223681242,13.171142971134492,13.171142971134492,12.02165222010291,12.02165222010291,,,,,,,0.044827224579546944,,0.9459419458278333,0.9459419458278333,0.5738809580252164,0.5738809580252164,66.63579527608701,66.63579527608701,,15.314000129699707,15.314000129699707,12.781428609575544,12.781428609575544,11.078571455819267,11.078571455819267,,,11.72120002746582,,,1126983.983612060542400,1503294.6727904063,,,,,,,
2025-07-15,,,,,,,15.810000419616700,16.200000762939453,14.890000343322754,16.010000228881836,89300,,,,,16.010000228881836,,,,,,,,,,,,,,,,,,,,,,,,,,,,,,,,,,,,,,,,,,,,,,,,,,,,,,,,,,,,,,,,,,,,,,,,,,,,,,,,,,,,,,,,,,,,,,,,,,,,,,,,,,,,,,,,,,,,,,,,,,,,,,,,,,,,,,,,,,,,,0.5241194412957584,1.1211525633854489,1.1781968989755713,,,,,-0.018329102073481877,,,,,,,,15.30529689208144,15.30529689208144,13.429220903656978,13.429220903656978,12.146288095377251,12.146288095377251,,,,,,,0.017008312856958398,,1.0477854782776408,1.0477854782776408,0.6686618620757013,0.6686618620757013,67.64635816727042,67.64635816727042,,15.504000091552735,15.504000091552735,12.898571468534923,12.898571468534923,11.208412730504596,11.208412730504596,,,11.829600028991699,,,1429693.020439147954800,1496544.9273699806,,,,,,,
2025-07-16,,,,,,,16.190000534057617,16.690000534057617,15.869999885559082,16.260000228881836,122200,,,,,16.260000228881836,,,,,,,,,,,,,,,,,,,,,,,,,,,,,,,,,,,,,,,,,,,,,,,,,,,,,,,,,,,,,,,,,,,,,,,,,,,,,,,,,,,,,,,,,,,,,,,,,,,,,,,,,,,,,,,,,,,,,,,,,,,,,,,,,,,,,,,,,,,,,0.5151184014251355,1.119236762319224,1.1694383007620737,,,,,-0.050458145283868334,,,,,,,,15.623531337681571,15.623531337681571,13.686564478677418,13.686564478677418,12.27484159954927,12.27484159954927,,,,,,,0.015494576891235328,,1.1355798643476884,1.1355798643476884,0.7620454625300987,0.7620454625300987,68.59487127851497,68.59487127851497,,15.740000152587891,15.740000152587891,13.03476197378976,13.03476197378976,11.331587337312245,11.331587337312245,,,11.937800025939941,,,1986972.027969360359200,1511286.5468615578,,,,,,,
2025-07-17,,,,,,,16.129999160766600,17.409999847412110,16.114999771118164,17.059999465942383,130400,,,,,17.059999465942383,,,,,,,,,,,,,,,,,,,,,,,,,,,,,,,,,,,,,,,,,,,,,,,,,,,,,,,,,,,,,,,,,,,,,,,,,,,,,,,,,,,,,,,,,,,,,,,,,,,,,,,,,,,,,,,,,,,,,,,,,,,,,,,,,,,,,,,,,,,,,0.550697584200304,1.1254642820867948,1.1657042926956072,,,,,-0.016763193607072055,,,,,,,,16.10235404710184,16.10235404710184,13.993240386610598,13.993240386610598,12.424377782874055,12.424377782874055,,,,,,,0.04802839256282764,,1.2552411616399048,1.2552411616399048,0.86068460235206,0.86068460235206,71.47661572891268,71.47661572891268,,16.023999977111817,16.023999977111817,13.213333356948127,13.213333356948127,11.473809545002286,11.473809545002286,,,12.07060001373291,,,2224623.930358886743200,1523596.6081649538,,,,,,,
2025-07-18,,,,,,,16.995000839233400,18.500000000000000,16.799999237060547,17.780000686645508,113300,,,,,17.780000686645508,,,,,,,,,,,,,,,,,,,,,,,,,,,,,,,,,,,,,,,,,,,,,,,,,,,,,,,,,,,,,,,,,,,,,,,,,,,,,,,,,,,,,,,,,,,,,,,,,,,,,,,,,,,,,,,,,,,,,,,,,,,,,,,,,,,,,,,,,,,,,0.2506026841160985,1.0873154911905656,1.1671875842777841,,,,,0.025496112091498623,,,,,,,,16.6615695936164,16.6615695936164,14.337491322977407,14.337491322977407,12.591740998616912,12.591740998616912,,,,,,,0.041337757945874486,,1.3921241425187851,1.3921241425187851,0.966972510385405,0.966972510385405,73.8062163187179,73.8062163187179,,16.570000076293944,16.570000076293944,13.470000039963494,13.470000039963494,11.626190503438314,11.626190503438314,,,12.244000034332275,,,2014474.077796936056400,1542172.7676300774,,,,,,,
2025-07-21,,,,,,,18.260000228881836,18.670000076293945,16.110000610351562,16.659999847412110,297400,,,,,16.659999847412110,,,,,,,,,,,,,,,,,,,,,,,,,,,,,,,,,,,,,,,,,,,,,,,,,,,,,,,,,,,,,,,,,,,,,,,,,,,,,,,,,,,,,,,,,,,,,,,,,,,,,,,,,,,,,,,,,,,,,,,,,,,,,,,,,,,,,,,,,,,,,0.7157980917435174,1.0519260825682366,1.1769231691038797,,,,,0.004047211898407804,,,,,,,,16.661046344881637,16.661046344881637,14.54862846156238,14.54862846156238,12.718874087641762,12.718874087641762,,,,,,,-0.0650636411249806,,1.3941591843224383,1.3941591843224383,1.0524098451728117,1.0524098451728117,64.92338583653432,64.92338583653432,,16.754000091552733,16.754000091552733,13.727142878941127,13.727142878941127,11.757142884390694,11.757142884390694,,,12.387400035858155,,,4954683.954620361514000,1604719.4021224976,,,,,,,
2025-07-22,,,,,,,16.579999923706055,17.190000534057617,15.170000076293945,16.940000534057617,131300,,,,,16.940000534057617,,,,,,,,,,,,,,,,,,,,,,,,,,,,,,,,,,,,,,,,,,,,,,,,,,,,,,,,,,,,,,,,,,,,,,,,,,,,,,,,,,,,,,,,,,,,,,,,,,,,,,,,,,,,,,,,,,,,,,,,,,,,,,,,,,,,,,,,,,,,,0.7156325739701836,1.0477982194615545,1.1680539409010422,,,,,0.028122646017783557,,,,,,,,16.754031074606964,16.754031074606964,14.766025922698311,14.766025922698311,12.850784289092259,12.850784289092259,,,,,,,0.016667093170572005,,1.4022019734528914,1.4022019734528914,1.1223682708288276,1.1223682708288276,66.02429709849535,66.02429709849535,,16.940000152587892,16.940000152587892,14.001428604125977,14.001428604125977,11.881111145019531,11.881111145019531,,,12.525800037384034,,,2224222.070121765112100,1625459.9903545682,,,,,,,
2025-07-23,,,,,,,17.860000610351562,19.190000534057617,17.010000228881836,17.639999389648438,331500,,,,,17.639999389648438,,,,,,,,,,,,,,,,,,,,,,,,,,,,,,,,,,,,,,,,,,,,,,,,,,,,,,,,,,,,,,,,,,,,,,,,,,,,,,,,,,,,,,,,,,,,,,,,,,,,,,,,,,,,,,,,,,,,,,,,,,,,,,,,,,,,,,,,,,,,,0.7462274843899118,1.0259641254331238,1.161802508874139,,,,,0.018879907218059808,,,,,,,,17.049353846287453,17.049353846287453,15.027296237875595,15.027296237875595,13.000447260984638,13.000447260984638,,,,,,,0.04049129522788441,,1.4483641588477774,1.4483641588477774,1.1875674484326175,1.1875674484326175,68.67155585208513,68.67155585208513,,17.21599998474121,17.21599998474121,14.330476215907506,14.330476215907506,12.004603204273042,12.004603204273042,,,12.686200027465821,,,5847659.797668457197000,1690405.924621461,,,,,,,
2025-07-24,,,,,,,17.540000915527344,18.399999618530273,16.104999542236328,16.450000762939453,85900,,,,,16.450000762939453,,,,,,,,,,,,,,,,,,,,,,,,,,,,,,,,,,,,,,,,,,,,,,,,,,,,,,,,,,,,,,,,,,,,,,,,,,,,,,,,,,,,,,,,,,,,,,,,,,,,,,,,,,,,,,,,,,,,,,,,,,,,,,,,,,,,,,,,,,,,,0.8864312273220873,1.0555914678154346,1.1697077940988734,,,,,0.033227499513007526,,,,,,,,16.849569485171454,16.849569485171454,15.1566330128814,15.1566330128814,13.108245807920726,13.108245807920726,,,,,,,-0.06984349238753809,,1.373096873378696,1.373096873378696,1.2246733334218332,1.2246733334218332,60.098677321331074,60.098677321331074,,17.094000244140624,17.094000244140624,14.621904827299572,14.621904827299572,12.114127022879464,12.114127022879464,,,12.812600040435791,,,1413055.065536499012700,1677530.6868613712,,,,,,,
2025-07-25,,,,,,,16.489999771118164,17.100000381469727,16.135000228881836,16.819999694824220,51200,,,,,16.819999694824220,,,,,,,,,,,,,,,,,,,,,,,,,,,,,,,,,,,,,,,,,,,,,,,,,,,,,,,,,,,,,,,,,,,,,,,,,,,,,,,,,,,,,,,,,,,,,,,,,,,,,,,,,,,,,,,,,,,,,,,,,,,,,,,,,,,,,,,,,,,,,0.8289514198672973,1.0175678935330303,1.0777169711880639,,,,,0.019801327736135035,,,,,,,,16.83971288838904,16.83971288838904,15.307848165785293,15.307848165785293,13.224238116886461,13.224238116886461,,,,,,,0.0222431128104985,,1.327994534618755,1.327994534618755,1.2453375736612176,1.2453375736612176,61.69967582689848,61.69967582689848,,16.90200004577637,16.90200004577637,14.87952386765253,14.87952386765253,12.258888925824847,12.258888925824847,,,12.95180004119873,,,861183.984375000064000,1663590.2745988634,,,,,,,
2025-07-28,,,,,,,17.069999694824220,17.375000000000000,16.180000305175780,16.360000610351562,46400,,,,,16.360000610351562,,,,,,,,,,,,,,,,,,,,,,,,,,,,,,,,,,,,,,,,,,,,,,,,,,,,,,,,,,,,,,,,,,,,,,,,,,,,,,,,,,,,,,,,,,,,,,,,,,,,,,,,,,,,,,,,,,,,,,,,,,,,,,,,,,,,,,,,,,,,,0.7096224562685381,0.9720061921235975,1.0754528389466718,,,,,-0.027695250323331918,,,,,,,,16.67980879570988,16.67980879570988,15.40349838801859,15.40349838801859,13.322230694807246,13.322230694807246,,,,,,,-0.027729267919023342,,1.2408290199102243,1.2408290199102243,1.244435862911019,1.244435862911019,58.55408648618684,58.55408648618684,,16.842000198364257,16.842000198364257,15.051904859996977,15.051904859996977,12.388254014272539,12.388254014272539,,,13.097800045013427,,,759104.028320312476800,1635579.9574019418,,,,,,,
2025-07-29,,,,,,,16.290000915527344,16.479999542236328,15.000000000000000,15.739999771118164,117800,,,,,15.739999771118164,,,,,,,,,,,,,,,,,,,,,,,,,,,,,,,,,,,,,,,,,,,,,,,,,,,,,,,,,,,,,,,,,,,,,,,,,,,,,,,,,,,,,,,,,,,,,,,,,,,,,,,,,,,,,,,,,,,,,,,,,,,,,,,,,,,,,,,,,,,,,0.7184982773638429,0.9644035962344238,1.0798116180393087,,,,,0.0370288747660829,,,,,,,,16.366539120845975,16.366539120845975,15.434089422845824,15.434089422845824,13.397785978441961,13.397785978441961,,,,,,,-0.03863414003430861,,1.108937691924412,1.108937691924412,1.2173362287136975,1.2173362287136975,54.51956945445112,54.51956945445112,,16.602000045776368,16.602000045776368,15.223809605553036,15.223809605553036,12.505079405648369,12.505079405648369,,,13.22760004043579,,,1854171.973037719719200,1636652.2740470038,,,,,,,
2025-07-30,,,,,,,15.710000038146973,16.544000625610350,15.300000190734863,15.500000000000000,114700,,,,,15.500000000000000,,,,,,,,,,,,,,,,,,,,,,,,,,,,,,,,,,,,,,,,,,,,,,,,,,,,,,,,,,,,,,,,,,,,,,,,,,,,,,,,,,,,,,,,,,,,,,,,,,,,,,,,,,,,,,,,,,,,,,,,,,,,,,,,,,,,,,,,,,,,,0.533940107151296,0.9692000171266889,1.0782192014881598,,,,,0.04041187232720446,,,,,,,,16.07769274723065,16.07769274723065,15.440081293496204,15.440081293496204,13.46348016661565,13.46348016661565,,,,,,,-0.015365204522643377,,0.9738212829355088,0.9738212829355088,1.1686332395580599,1.1686332395580599,52.997300720716225,52.997300720716225,,16.17400016784668,16.17400016784668,15.377619107564291,15.377619107564291,12.611587342761812,12.611587342761812,,,13.35260004043579,,,1777850.000000000000000,1618857.163135589,,,,,,,
2025-07-31,,,,,,,15.130000114440918,15.680000305175781,14.199999809265137,14.750000000000000,270000,,,,,14.750000000000000,,,,,,,,,,,,,,,,,,,,,,,,,,,,,,,,,,,,,,,,,,,,,,,,,,,,,,,,,,,,,,,,,,,,,,,,,,,,,,,,,,,,,,,,,,,,,,,,,,,,,,,,,,,,,,,,,,,,,,,,,,,,,,,,,,,,,,,,,,,,,0.4399570127149281,0.968083885658713,1.0810595137234278,,,,,0.02094242987690565,,,,,,,,15.635128498153767,15.635128498153767,15.377346630451095,15.377346630451095,13.503683911408912,13.503683911408912,,,,,,,-0.04959694113937206,,0.797034110275419,0.797034110275419,1.0943134137015316,1.0943134137015316,48.445076212926544,48.445076212926544,,15.83400001525879,15.83400001525879,15.524761971973238,15.524761971973238,12.698888930063399,12.698888930063399,,,13.453600044250487,,,3982500.000000000000000,1564699.2266276525,,,,,,,
2025-08-01,,,,,,,14.319999694824219,15.380000114440918,13.819999694824219,14.899999618530273,243300,,,,,14.899999618530273,,,,,,,,,,,,,,,,,,,,,,,,,,,,,,,,,,,,,,,,,,,,,,,,,,,,,,,,,,,,,,,,,,,,,,,,,,,,,,,,,,,,,,,,,,,,,,,,,,,,,,,,,,,,,,,,,,,,,,,,,,,,,,,,,,,,,,,,,,,,,0.36559495271332904,0.9678567893311782,1.0494001044518446,,,,,0.05058123016261823,,,,,,,,15.39008553827927,15.39008553827927,15.333951447549202,15.333951447549202,13.547318777256454,13.547318777256454,,,,,,,0.010118104563589152,,0.6614084133985578,0.6614084133985578,1.007732413640937,1.007732413640937,49.381543042050936,49.381543042050936,,15.45,15.45,15.66952387491862,15.66952387491862,12.767301619998992,12.767301619998992,,,13.549400043487548,,,3625169.907188415420900,1591530.605664329,,,,,,,
2025-08-04,,,,,,,14.930000305175781,15.739999771118164,13.750000000000000,15.250000000000000,190900,,,,,15.250000000000000,,,,,,,,,,,,,,,,,,,,,,,,,,,,,,,,,,,,,,,,,,,,,,,,,,,,,,,,,,,,,,,,,,,,,,,,,,,,,,,,,,,,,,,,,,,,,,,,,,,,,,,,,,,,,,,,,,,,,,,,,,,,,,,,,,,,,,,,,,,,,0.4920277620098469,0.9565651069073661,1.0493265263178984,,,,,0.08629058938295955,,,,,,,,15.343390358852846,15.343390358852846,15.326319497772001,15.326319497772001,13.600527565467189,13.600527565467189,,,,,,,0.02321831570400261,,0.575531804812865,0.575531804812865,0.9212922918753225,0.9212922918753225,51.59112583146039,51.59112583146039,,15.227999877929687,15.227999877929687,15.848095303490048,15.848095303490048,12.837142883785187,12.837142883785187,,,13.644000034332276,,,2911225.000000000000000,1585884.4133649555,,,,,,,
2025-08-05,,,,,,,15.399999618530273,15.850000381469727,13.864999771118164,14.510000228881836,310000,,,,,14.510000228881836,,,,,,,,,,,,,,,,,,,,,,,,,,,,,,,,,,,,,,,,,,,,,,,,,,,,,,,,,,,,,,,,,,,,,,,,,,,,,,,,,,,,,,,,,,,,,,,,,,,,,,,,,,,,,,,,,,,,,,,,,,,,,,,,,,,,,,,,,,,,,0.5317070806391093,0.9694364954783604,1.0511418702813389,,,,,0.023655026402019035,,,,,,,,15.06559364886251,15.06559364886251,15.252108655145623,15.252108655145623,13.628948586198897,13.628948586198897,,,,,,,-0.049741420383248705,,0.44265947383957105,0.44265947383957105,0.8255657282681722,0.8255657282681722,46.92698378411399,46.92698378411399,,14.981999969482422,14.981999969482422,15.961904843648275,15.961904843648275,12.902063521127852,12.902063521127852,,,13.730800037384034,,,4498100.070953369160000,1644679.5890020945,,,,,,,
2025-08-06,,,,,,,14.529999732971191,14.579999923706055,13.710000038146973,14.250000000000000,105400,,,,,14.250000000000000,,,,,,,,,,,,,,,,,,,,,,,,,,,,,,,,,,,,,,,,,,,,,,,,,,,,,,,,,,,,,,,,,,,,,,,,,,,,,,,,,,,,,,,,,,,,,,,,,,,,,,,,,,,,,,,,,,,,,,,,,,,,,,,,,,,,,,,,,,,,,0.5317644116631438,0.6059648913569181,1.0134195508081507,,,,,-0.011805489061367715,,,,,,,,14.793729099241673,14.793729099241673,15.161007868314202,15.161007868314202,13.648356442880182,13.648356442880182,,,,,,,-0.018081175955512355,,0.31277190882046746,0.31277190882046746,0.7230069643786312,0.7230069643786312,45.37481668010726,45.37481668010726,,14.731999969482422,14.731999969482422,15.9233333950951,15.9233333950951,12.983650828164722,12.983650828164722,,,13.81020004272461,,,1501950.000000000000000,1649490.288131956,,,,,,,
2025-08-07,,,,,,,14.170000076293945,14.170000076293945,12.895000457763672,13.319999694824219,156200,,,,,13.319999694824219,,,,,,,,,,,,,,,,,,,,,,,,,,,,,,,,,,,,,,,,,,,,,,,,,,,,,,,,,,,,,,,,,,,,,,,,,,,,,,,,,,,,,,,,,,,,,,,,,,,,,,,,,,,,,,,,,,,,,,,,,,,,,,,,,,,,,,,,,,,,,0.610585916085082,0.6458764901672593,1.02188186678425,,,,,-0.06123096968812126,,,,,,,,14.302485964435855,14.302485964435855,14.993643488906022,14.993643488906022,13.638095294503433,13.638095294503433,,,,,,,-0.06749026451351138,,0.13325573628355158,0.13325573628355158,0.6050567187596153,0.6050567187596153,40.24688583270227,40.24688583270227,,14.445999908447266,14.445999908447266,15.83952386038644,15.83952386038644,13.044444477747357,13.044444477747357,,,13.85260004043579,,,2080583.952331543007800,1650867.0341703626,,,,,,,
2025-08-08,,,,,,,13.359999656677246,13.854999542236328,12.949999809265137,13.140000343322754,72300,,,,,13.140000343322754,,,,,,,,,,,,,,,,,,,,,,,,,,,,,,,,,,,,,,,,,,,,,,,,,,,,,,,,,,,,,,,,,,,,,,,,,,,,,,,,,,,,,,,,,,,,,,,,,,,,,,,,,,,,,,,,,,,,,,,,,,,,,,,,,,,,,,,,,,,,,0.5567501775933437,0.6275162956312327,1.0176766258971712,,,,,-0.09734378876795277,,,,,,,,13.914990757398154,13.914990757398154,14.82513047567118,14.82513047567118,13.622529827279036,13.622529827279036,,,,,,,-0.013605603016620515,,-0.023268344157550302,-0.023268344157550302,0.4793917061761822,0.4793917061761822,39.3206522516867,39.3206522516867,,14.094000053405761,14.094000053405761,15.72047624133882,15.72047624133882,13.093968285454643,13.093968285454643,,,13.88580005645752,,,950022.024822235114200,1652920.7482549879,,,,,,,
2025-08-11,,,,,,,13.069999694824219,13.859999656677246,13.069999694824219,13.470000267028809,113700,,,,,13.470000267028809,,,,,,,,,,,,,,,,,,,,,,,,,,,,,,,,,,,,,,,,,,,,,,,,,,,,,,,,,,,,,,,,,,,,,,,,,,,,,,,,,,,,,,,,,,,,,,,,,,,,,,,,,,,,,,,,,,,,,,,,,,,,,,,,,,,,,,,,,,,,,0.5654724745362149,0.6274690645928998,1.0143229049208464,,,,,-0.0692509873197765,,,,,,,,13.766660593941706,13.766660593941706,14.701936820340055,14.701936820340055,13.617763278521217,13.617763278521217,,,,,,,0.024803971061709895,,-0.1193112241601213,-0.1193112241601213,0.3596511201089215,0.3596511201089215,41.95794652710392,41.95794652710392,,13.738000106811523,13.738000106811523,15.645238149733771,15.645238149733771,13.15507940262083,13.15507940262083,,,13.911800060272217,,,1531539.030361175583300,1667137.5266347614,,,,,,,
2025-08-12,,,,,,,13.500000000000000,13.850000381469727,13.220000267028809,13.739999771118164,99700,,,,,13.739999771118164,,,,,,,,,,,,,,,,,,,,,,,,,,,,,,,,,,,,,,,,,,,,,,,,,,,,,,,,,,,,,,,,,,,,,,,,,,,,,,,,,,,,,,,,,,,,,,,,,,,,,,,,,,,,,,,,,,,,,,,,,,,,,,,,,,,,,,,,,,,,,0.5876491908783172,0.6079979486548068,1.0104069998319039,,,,,-0.06718076278067099,,,,,,,,13.757773653000525,13.757773653000525,14.61448799768352,14.61448799768352,13.62158316891487,13.62158316891487,,,,,,,0.019846259889899073,,-0.1716604007685696,-0.1716604007685696,0.2533888159334233,0.2533888159334233,44.09873204098912,44.09873204098912,,13.58400001525879,13.58400001525879,15.550000054495674,15.550000054495674,13.21238098447285,13.21238098447285,,,13.986400051116943,,,1369877.977180480950800,1670583.3038436042,,,,,,,
2025-08-13,,,,,,,14.000000000000000,14.560000419616700,13.159999847412110,13.600000381469727,299100,,,,,13.600000381469727,,,,,,,,,,,,,,,,,,,,,,,,,,,,,,,,,,,,,,,,,,,,,,,,,,,,,,,,,,,,,,,,,,,,,,,,,,,,,,,,,,,,,,,,,,,,,,,,,,,,,,,,,,,,,,,,,,,,,,,,,,,,,,,,,,,,,,,,,,,,,0.5842438817482437,0.6020372910994931,1.008813354418696,,,,,-0.11431854425461364,,,,,,,,13.70518256249026,13.70518256249026,14.522261850754992,14.522261850754992,13.62090870680721,13.62090870680721,,,,,,,-0.010241449344885979,,-0.22188651152186267,-0.22188651152186267,0.15833375044236608,0.15833375044236608,43.20881283083294,43.20881283083294,,13.454000091552734,13.454000091552734,15.43523815699986,15.43523815699986,13.271746075342572,13.271746075342572,,,14.016400051116943,,,4067760.114097595345700,1723444.1314591302,,,,,,,
2025-08-14,,,,,,,13.229999542236328,13.590000152587890,13.000000000000000,13.350000381469727,101100,,,,,13.350000381469727,,,,,,,,,,,,,,,,,,,,,,,,,,,,,,,,,,,,,,,,,,,,,,,,,,,,,,,,,,,,,,,,,,,,,,,,,,,,,,,,,,,,,,,,,,,,,,,,,,,,,,,,,,,,,,,,,,,,,,,,,,,,,,,,,,,,,,,,,,,,,0.3216622821389289,0.5969924080692498,0.9934679594686541,,,,,-0.10769502397374436,,,,,,,,13.586788502150082,13.586788502150082,14.415692626274515,14.415692626274515,13.612442821640414,13.612442821640414,,,,,,,-0.018553407370481088,,-0.2786518517243337,-0.2786518517243337,0.07093663000902613,0.07093663000902613,41.5946029120202,41.5946029120202,,13.460000228881835,13.460000228881835,15.296666735694522,15.296666735694522,13.339841312832302,13.339841312832302,,,14.010200061798095,,,1349685.038566589399700,1729494.4646926154,,,,,,,
2025-08-15,,,,,,,13.420000076293945,13.579999923706055,12.854999542236328,13.500000000000000,136600,,,,,13.500000000000000,,,,,,,,,,,,,,,,,,,,,,,,,,,,,,,,,,,,,,,,,,,,,,,,,,,,,,,,,,,,,,,,,,,,,,,,,,,,,,,,,,,,,,,,,,,,,,,,,,,,,,,,,,,,,,,,,,,,,,,,,,,,,,,,,,,,,,,,,,,,,0.30087947787052266,0.5651302345332597,0.9930803371954392,,,,,-0.09376028578919803,,,,,,,,13.557859001433387,13.557859001433387,14.33244784206774,14.33244784206774,13.608928983464152,13.608928983464152,,,,,,,0.011173272023614383,,-0.30798481990078663,-0.30798481990078663,-0.004847659972936421,-0.004847659972936421,42.97123062075186,42.97123062075186,,13.532000160217285,13.532000160217285,15.127142951602028,15.127142951602028,13.40730163029262,13.40730163029262,,,14.002800064086914,,,1844100.000000000000000,1744009.9408830914,,,,,,,
2025-08-18,,,,,,,13.489999771118164,13.920000076293945,13.199999809265137,13.350000381469727,140300,,,,,13.350000381469727,,,,,,,,,,,,,,,,,,,,,,,,,,,,,,,,,,,,,,,,,,,,,,,,,,,,,,,,,,,,,,,,,,,,,,,,,,,,,,,,,,,,,,,,,,,,,,,,,,,,,,,,,,,,,,,,,,,,,,,,,,,,,,,,,,,,,,,,,,,,,0.26044097819764633,0.5319884299179984,0.9936060521320365,,,,,-0.12206012985651049,,,,,,,,13.488572794778834,13.488572794778834,14.24313443655883,14.24313443655883,13.600837464651825,13.600837464651825,,,,,,,-0.011173272023614301,,-0.33942247314229235,-0.33942247314229235,-0.0717626226068076,-0.0717626226068076,41.907480169423046,41.907480169423046,,13.50800018310547,13.50800018310547,14.916190556117467,14.916190556117467,13.47238100142706,13.47238100142706,,,14.003000068664551,,,1873005.053520202698100,1761260.021097698,,,,,,,
2025-08-19,,,,,,,13.260000228881836,13.750000000000000,12.810000419616700,13.449999809265137,215000,,,,,13.449999809265137,,,,,,,,,,,,,,,,,,,,,,,,,,,,,,,,,,,,,,,,,,,,,,,,,,,,,,,,,,,,,,,,,,,,,,,,,,,,,,,,,,,,,,,,,,,,,,,,,,,,,,,,,,,,,,,,,,,,,,,,,,,,,,,,,,,,,,,,,,,,,0.20444853634885937,0.502153016356048,0.989999987096774,,,,,-0.05084444676339398,,,,,,,,13.475715132940936,13.475715132940936,14.17103128862304,14.17103128862304,13.596123787920991,13.596123787920991,,,,,,,0.007462678446047762,,-0.35220788844307194,-0.35220788844307194,-0.12785167577406048,-0.12785167577406048,42.921913281907734,42.921913281907734,,13.450000190734864,13.450000190734864,14.763333411443801,14.763333411443801,13.53190481095087,13.53190481095087,,,14.013400058746338,,,2891749.958992004455000,1793550.0207144117,,,,,,,
2025-08-20,,,,,,,13.399999618530273,14.010000228881836,13.234999656677246,13.479999542236328,476500,,,,,13.479999542236328,,,,,,,,,,,,,,,,,,,,,,,,,,,,,,,,,,,,,,,,,,,,,,,,,,,,,,,,,,,,,,,,,,,,,,,,,,,,,,,,,,,,,,,,,,,,,,,,,,,,,,,,,,,,,,,,,,,,,,,,,,,,,,,,,,,,,,,,,,,,,0.20061929250901722,0.49485999453512797,0.9872725357368901,,,,,-0.12058501119738248,,,,,,,,13.477143269372732,13.477143269372732,14.108210220769703,14.108210220769703,13.592494905243345,13.592494905243345,,,,,,,0.0022279796586137097,,-0.35581804551073404,-0.35581804551073404,-0.17344494972139518,-0.17344494972139518,43.24212255539541,43.24212255539541,,13.426000022888184,13.426000022888184,14.59857145945231,14.59857145945231,13.585396872626411,13.585396872626411,,,14.026800041198731,,,6423219.781875610292000,1883117.1287839375,,,,,,,
2025-08-21,,,,,,,13.590000152587890,13.925000190734863,13.000000000000000,13.229999542236328,192300,,,,,13.229999542236328,,,,,,,,,,,,,,,,,,,,,,,,,,,,,,,,,,,,,,,,,,,,,,,,,,,,,,,,,,,,,,,,,,,,,,,,,,,,,,,,,,,,,,,,,,,,,,,,,,,,,,,,,,,,,,,,,,,,,,,,,,,,,,,,,,,,,,,,,,,,,0.20149941324399712,0.4585918110893498,0.9857272237279635,,,,,-0.11311157933905926,,,,,,,,13.39476202699393,13.39476202699393,14.028372886357577,14.028372886357577,13.581166925149377,13.581166925149377,,,,,,,-0.01872012799899605,,-0.3745346295892631,-0.3745346295892631,-0.21366288569496877,-0.21366288569496877,41.16937652855402,41.16937652855402,,13.401999855041504,13.401999855041504,14.388571466718401,14.388571466718401,13.628412731110103,13.628412731110103,,,14.034000034332275,,,2544128.911972045874400,1907118.9838167222,,,,,,,
2025-08-22,,,,,,,13.329999923706055,14.020000457763672,13.300000190734863,13.489999771118164,264000,,,,,13.489999771118164,,,,,,,,,,,,,,,,,,,,,,,,,,,,,,,,,,,,,,,,,,,,,,,,,,,,,,,,,,,,,,,,,,,,,,,,,,,,,,,,,,,,,,,,,,,,,,,,,,,,,,,,,,,,,,,,,,,,,,,,,,,,,,,,,,,,,,,,,,,,,0.24003980067860942,0.42386215672351146,0.9832520995702606,,,,,-0.12507124248781237,,,,,,,,13.42650794170201,13.42650794170201,13.979429875881268,13.979429875881268,13.578317951585902,13.578317951585902,,,,,,,0.019461709726451303,,-0.36418966005805764,-0.36418966005805764,-0.24376824056758653,-0.24376824056758653,44.16681250299385,44.16681250299385,,13.399999809265136,13.399999809265136,14.247619038536435,14.247619038536435,13.681111138964456,13.681111138964456,,,14.048200035095215,,,3561359.939575195296000,1955819.220894102,,,,,,,
2025-08-25,,,,,,,13.470000267028809,13.539999961853027,12.909999847412110,13.310000419616700,235000,,,,,13.310000419616700,,,,,,,,,,,,,,,,,,,,,,,,,,,,,,,,,,,,,,,,,,,,,,,,,,,,,,,,,,,,,,,,,,,,,,,,,,,,,,,,,,,,,,,,,,,,,,,,,,,,,,,,,,,,,,,,,,,,,,,,,,,,,,,,,,,,,,,,,,,,,0.24701329823882148,0.4079734847464107,0.9838149081109948,,,,,-0.10842812510700615,,,,,,,,13.387672101006906,13.387672101006906,13.918572652584489,13.918572652584489,13.569933028711864,13.569933028711864,,,,,,,-0.013432989319442853,,-0.36629324006013064,-0.36629324006013064,-0.26827324046609535,-0.26827324046609535,42.55047241593185,42.55047241593185,,13.391999816894531,13.391999816894531,14.080476215907506,14.080476215907506,13.729206387958829,13.729206387958829,,,14.043400039672852,,,3127850.098609924500000,1999038.5559596713,,,,,,,
2025-08-26,,,,,,,13.359999656677246,14.619999885559082,13.279999732971191,14.050000190734863,550400,,,,,14.050000190734863,,,,,,,,,,,,,,,,,,,,,,,,,,,,,,,,,,,,,,,,,,,,,,,,,,,,,,,,,,,,,,,,,,,,,,,,,,,,,,,,,,,,,,,,,,,,,,,,,,,,,,,,,,,,,,,,,,,,,,,,,,,,,,,,,,,,,,,,,,,,,0.4669644071724558,0.46109385898252037,0.975150562429043,,,,,-0.07000679530232727,,,,,,,,13.608448130916225,13.608448130916225,13.930520610598158,13.930520610598158,13.584935127525082,13.584935127525082,,,,,,,0.054106745421746365,,-0.30473574133939074,-0.30473574133939074,-0.27556574064075445,-0.27556574064075445,50.560850354971095,50.560850354971095,,13.511999893188477,13.511999893188477,13.970476195925759,13.970476195925759,13.774444489252,13.774444489252,,,14.056400051116944,,,7733120.104980468595200,2106568.716615344,,,,,,,
2025-08-27,,,,,,,13.779999732971191,14.760000228881836,13.670000076293945,13.869999885559082,430200,,,,,13.869999885559082,,,,,,,,,,,,,,,,,,,,,,,,,,,,,,,,,,,,,,,,,,,,,,,,,,,,,,,,,,,,,,,,,,,,,,,,,,,,,,,,,,,,,,,,,,,,,,,,,,,,,,,,,,,,,,,,,,,,,,,,,,,,,,,,,,,,,,,,,,,,,0.4919019968601426,0.4474369734926654,0.9747433109466797,,,,,-0.12310716000070056,,,,,,,,13.695632049130511,13.695632049130511,13.925018726503698,13.925018726503698,13.593843401213645,13.593843401213645,,,,,,,-0.012894183279416972,,-0.267393158522756,-0.267393158522756,-0.27393122421715477,-0.27393122421715477,48.7791798963845,48.7791798963845,,13.589999961853028,13.589999961853028,13.881428582327706,13.881428582327706,13.812381002638075,13.812381002638075,,,14.06760004043579,,,5966873.950767517076400,2186593.8910226976,,,,,,,
2025-08-28,,,,,,,13.960000038146973,14.390000343322754,13.774999618530273,14.270000457763672,1262400,,,,,14.270000457763672,,,,,,,,,,,,,,,,,,,,,,,,,,,,,,,,,,,,,,,,,,,,,,,,,,,,,,,,,,,,,,,,,,,,,,,,,,,,,,,,,,,,,,,,,,,,,,,,,,,,,,,,,,,,,,,,,,,,,,,,,,,,,,,,,,,,,,,,,,,,,0.45706953771333825,0.4614177673276967,0.9696575918499557,,,,,0.04551473731762604,,,,,,,,13.887088185341565,13.887088185341565,13.956380702072785,13.956380702072785,13.614973309230834,13.614973309230834,,,,,,,0.028431237491715302,,-0.20318005615696144,-0.20318005615696144,-0.2597809906051161,-0.2597809906051161,52.76272636757477,52.76272636757477,,13.798000144958497,13.798000144958497,13.822857175554548,13.822857175554548,13.845714342026483,13.845714342026483,,,14.10520004272461,,,18014448.577880859532800,2459498.233446999,,,,,,,
2025-08-29,,,,,,,14.510000228881836,14.852999687194824,13.890000343322754,14.489999771118164,358400,,,,,14.489999771118164,,,,,,,,,,,,,,,,,,,,,,,,,,,,,,,,,,,,,,,,,,,,,,,,,,,,,,,,,,,,,,,,,,,,,,,,,,,,,,,,,,,,,,,,,,,,,,,,,,,,,,,,,,,,,,,,,,,,,,,,,,,,,,,,,,,,,,,,,,,,,0.4555395816068641,0.4344804872405796,0.8825105491461919,,,,,0.07130177181200449,,,,,,,,14.088058713933764,14.088058713933764,14.004891526531457,14.004891526531457,13.642317886164813,13.642317886164813,,,,,,,0.015299276969254727,,-0.13300540046138565,-0.13300540046138565,-0.23442587257637001,-0.23442587257637001,54.84287808042787,54.84287808042787,,13.998000144958496,13.998000144958496,13.81047621227446,13.81047621227446,13.916825445871504,13.916825445871504,,,14.169800033569336,,,5193215.917968749977600,2518525.898276435,,,,,,,
2025-09-02,,,,,,,14.640000343322754,15.600000381469727,14.435000419616700,15.319999694824219,513700,,,,,15.319999694824219,,,,,,,,,,,,,,,,,,,,,,,,,,,,,,,,,,,,,,,,,,,,,,,,,,,,,,,,,,,,,,,,,,,,,,,,,,,,,,,,,,,,,,,,,,,,,,,,,,,,,,,,,,,,,,,,,,,,,,,,,,,,,,,,,,,,,,,,,,,,,0.4547582624608102,0.4757114991329809,0.8065516115843707,,,,,0.09603403547744335,,,,,,,,14.498705707563916,14.498705707563916,14.124446814558071,14.124446814558071,13.694745442685418,13.694745442685418,,,,,,,0.05570040385561192,,-0.010298705926063079,-0.010298705926063079,-0.18960043924630862,-0.18960043924630862,61.69609728486982,61.69609728486982,,14.4,14.4,13.830476215907506,13.830476215907506,13.96793654608348,13.96793654608348,,,14.252600021362305,,,7869883.843231201300300,2599827.0690161083,,,,,,,
2025-09-03,,,,,,,15.460000038146973,16.399999618530273,14.859999656677246,15.189999580383300,390500,,,,,15.189999580383300,,,,,,,,,,,,,,,,,,,,,,,,,,,,,,,,,,,,,,,,,,,,,,,,,,,,,,,,,,,,,,,,,,,,,,,,,,,,,,,,,,,,,,,,,,,,,,,,,,,,,,,,,,,,,,,,,,,,,,,,,,,,,,,,,,,,,,,,,,,,,0.4466464115179363,0.4699768534224285,0.7706585002379844,,,,,0.04322213677368858,,,,,,,,14.72913699850371,14.72913699850371,14.22131524781491,14.22131524781491,13.741472134488477,13.741472134488477,,,,,,,-0.008521855409209604,,0.07558600238326285,0.07558600238326285,-0.1365631509203943,-0.1365631509203943,60.15617450050718,60.15617450050718,,14.627999877929687,14.627999877929687,13.827619053068615,13.827619053068615,13.992222256130642,13.992222256130642,,,14.341800022125245,,,5931694.836139678650000,2655863.050967928,,,,,,,
2025-09-04,,,,,,,15.300000190734863,15.675000190734863,14.156999588012695,15.039999961853027,355600,,,,,15.039999961853027,,,,,,,,,,,,,,,,,,,,,,,,,,,,,,,,,,,,,,,,,,,,,,,,,,,,,,,,,,,,,,,,,,,,,,,,,,,,,,,,,,,,,,,,,,,,,,,,,,,,,,,,,,,,,,,,,,,,,,,,,,,,,,,,,,,,,,,,,,,,,0.43505481410242425,0.4360977296747529,0.7705016591174699,,,,,0.06867873066254385,,,,,,,,14.832757986286817,14.832757986286817,14.295741130909285,14.295741130909285,13.78205112909362,13.78205112909362,,,,,,,-0.009923972997819342,,0.13004743103478056,0.13004743103478056,-0.08324103452935935,-0.08324103452935935,58.34655376099581,58.34655376099581,,14.861999893188477,14.861999893188477,13.852857135591053,13.852857135591053,14.010793685913086,14.010793685913086,,,14.436000022888184,,,5348223.986434936401200,2719708.320767539,,,,,,,
2025-09-05,,,,,,,14.779999732971191,16.200000762939453,14.270000457763672,15.880000114440918,309600,,,,,15.880000114440918,,,,,,,,,,,,,,,,,,,,,,,,,,,,,,,,,,,,,,,,,,,,,,,,,,,,,,,,,,,,,,,,,,,,,,,,,,,,,,,,,,,,,,,,,,,,,,,,,,,,,,,,,,,,,,,,,,,,,,,,,,,,,,,,,,,,,,,,,,,,,0.5129061708637398,0.46584532277489593,0.7732859993995991,,,,,0.0937767343077099,,,,,,,,15.181838695671516,15.181838695671516,14.439764674866705,14.439764674866705,13.847612034885723,13.847612034885723,,,,,,,0.054347147040270695,,0.2382431786914445,0.2382431786914445,-0.018944191885198577,-0.018944191885198577,64.74284852918463,64.74284852918463,,15.183999824523926,15.183999824523926,13.930476188659668,13.930476188659668,14.051111145625038,14.051111145625038,,,14.52540002822876,,,4916448.035430908212800,2782670.8608400254,,,,,,,
2025-09-08,,,,,,,16.049999237060547,16.049999237060547,14.901000022888184,14.970000267028809,272600,,,,,14.970000267028809,,,,,,,,,,,,,,,,,,,,,,,,,,,,,,,,,,,,,,,,,,,,,,,,,,,,,,,,,,,,,,,,,,,,,,,,,,,,,,,,,,,,,,,,,,,,,,,,,,,,,,,,,,,,,,,,,,,,,,,,,,,,,,,,,,,,,,,,,,,,,0.7735172672318756,0.4498372133867061,0.7802179939682585,,,,,0.0645075958164941,,,,,,,,15.111225886123947,15.111225886123947,14.487967910517806,14.487967910517806,13.882686667140193,13.882686667140193,,,,,,,-0.05901224675646398,,0.24770432445577129,0.24770432445577129,0.03438551138299539,0.03438551138299539,54.906230690311546,54.906230690311546,,15.279999923706054,15.279999923706054,14.009047644478935,14.009047644478935,14.083492097400484,14.083492097400484,,,14.570000038146972,,,4080822.072792053333400,2833530.671190837,,,,,,,
2025-09-09,,,,,,,14.869999885559082,17.069999694824220,14.750000000000000,16.340000152587890,473300,,,,,16.340000152587890,,,,,,,,,,,,,,,,,,,,,,,,,,,,,,,,,,,,,,,,,,,,,,,,,,,,,,,,,,,,,,,,,,,,,,,,,,,,,,,,,,,,,,,,,,,,,,,,,,,,,,,,,,,,,,,,,,,,,,,,,,,,,,,,,,,,,,,,,,,,,0.9203231105121816,0.5256612099896527,0.798195956323923,,,,,0.09114485730855279,,,,,,,,15.520817308278595,15.520817308278595,14.656334477978723,14.656334477978723,13.959477713560435,13.959477713560435,,,,,,,0.08756788250102837,,0.3615818019002752,0.3615818019002752,0.09982476948645136,0.09982476948645136,63.81876602898465,63.81876602898465,,15.48400001525879,15.48400001525879,14.161428587777275,14.161428587777275,14.139523839193677,14.139523839193677,,,14.654200038909913,,,7733722.072219848337000,2947443.1641109404,,,,,,,
2025-09-10,,,,,,,16.309999465942383,17.450000762939453,15.699000358581543,16.020000457763672,301600,,,,,16.020000457763672,,,,,,,,,,,,,,,,,,,,,,,,,,,,,,,,,,,,,,,,,,,,,,,,,,,,,,,,,,,,,,,,,,,,,,,,,,,,,,,,,,,,,,,,,,,,,,,,,,,,,,,,,,,,,,,,,,,,,,,,,,,,,,,,,,,,,,,,,,,,,0.9400801537444715,0.5328829642953218,0.799591948441793,,,,,0.06273777729309335,,,,,,,,15.687211691440288,15.687211691440288,14.780304112504627,14.780304112504627,14.023869049316787,14.023869049316787,,,,,,,-0.019778128555436873,,0.4211544162437484,0.4211544162437484,0.16409069883791078,0.16409069883791078,60.79620609417834,60.79620609417834,,15.650000190734863,15.650000190734863,14.282857168288459,14.282857168288459,14.18952384827629,14.18952384827629,,,14.729200038909912,,,4831632.138061523475200,3011224.880702912,,,,,,,
2025-09-11,,,,,,,21.100000381469727,25.500000000000000,20.000000000000000,24.799999237060547,5085400,,,,,24.799999237060547,,,,,,,,,,,,,,,,,,,,,,,,,,,,,,,,,,,,,,,,,,,,,,,,,,,,,,,,,,,,,,,,,,,,,,,,,,,,,,,,,,,,,,,,,,,,,,,,,,,,,,,,,,,,,,,,,,,,,,,,,,,,,,,,,,,,,,,,,,,,,3.129364825457191,1.579262777357495,1.179025130161376,,,,,0.33881088368779727,,,,,,,,18.724807539980375,18.724807539980375,15.691185487464256,15.691185487464256,14.360623117683778,14.360623117683778,,,,,,,0.43700565219252424,,1.1634273994340418,1.1634273994340418,0.36395803895713696,0.36395803895713696,83.66131322515538,83.66131322515538,,17.602000045776368,17.602000045776368,14.80952380952381,14.80952380952381,14.380317491198342,14.380317491198342,,,14.99200002670288,,,126117916.120147705713800,5004819.993894062,,,,,,,
2025-09-12,,,,,,,24.879999160766600,25.479999542236328,22.010000228881836,23.295000076293945,1267100,,,,,23.295000076293945,,,,,,,,,,,,,,,,,,,,,,,,,,,,,,,,,,,,,,,,,,,,,,,,,,,,,,,,,,,,,,,,,,,,,,,,,,,,,,,,,,,,,,,,,,,,,,,,,,,,,,,,,,,,,,,,,,,,,,,,,,,,,,,,,,,,,,,,,,,,,3.3399710310994477,1.6054890232089412,1.1838632714619515,,,,,0.29789176084573155,,,,,,,,20.2482050520849,20.2482050520849,16.382441359176045,16.382441359176045,14.639822397640346,14.639822397640346,,,,,,,-0.0626048738633672,,1.6116649614799954,1.6116649614799954,0.6134994234617086,0.6134994234617086,75.52948574331616,75.52948574331616,,19.085000038146973,19.085000038146973,15.271190461658296,15.271190461658296,14.53500002906436,14.53500002906436,,,15.220700035095215,,,29517094.596672057709500,5455493.717399476,,,,,,,
2025-09-15,,,,,,,23.329999923706055,23.420000076293945,22.040000915527344,23.250000000000000,556500,,,,,23.250000000000000,,,,,,,,,,,,,,,,,,,,,,,,,,,,,,,,,,,,,,,,,,,,,,,,,,,,,,,,,,,,,,,,,,,,,,,,,,,,,,,,,,,,,,,,,,,,,,,,,,,,,,,,,,,,,,,,,,,,,,,,,,,,,,,,,,,,,,,,,,,,,3.2162153244266314,1.6007516960744645,1.1833829489350969,,,,,0.31710420730179095,,,,,,,,21.2488033680566,21.2488033680566,17.006764871978223,17.006764871978223,14.908890447714086,14.908890447714086,,,,,,,-0.0019336165105158488,,1.9408919346437727,1.9408919346437727,0.8789779256981215,0.8789779256981215,75.29382647575264,75.29382647575264,,20.74099998474121,20.74099998474121,15.742619014921642,15.742619014921642,14.691349241468641,14.691349241468641,,,15.455700035095214,,,12938625.000000000000000,5639301.098965841,,,,,,,
2025-09-16,,,,,,,22.590000152587890,25.176000595092773,22.590000152587890,23.459999084472656,390800,,,,,23.459999084472656,,,,,,,,,,,,,,,,,,,,,,,,,,,,,,,,,,,,,,,,,,,,,,,,,,,,,,,,,,,,,,,,,,,,,,,,,,,,,,,,,,,,,,,,,,,,,,,,,,,,,,,,,,,,,,,,,,,,,,,,,,,,,,,,,,,,,,,,,,,,,3.2649668743641937,1.6010313026513399,1.182964397233289,,,,,0.29467657868499303,,,,,,,,21.985868606861953,21.985868606861953,17.593422527659534,17.593422527659534,15.17611259261279,15.17611259261279,,,,,,,0.008991672166927386,,2.193466932497614,2.193466932497614,1.14187572705802,1.14187572705802,75.67524804692312,75.67524804692312,,22.164999771118165,22.164999771118165,16.216904685610817,16.216904685610817,14.85246033138699,14.85246033138699,,,15.682500019073487,,,9168167.642211913964800,5771602.076996697,,,,,,,
2025-09-17,,,,,,,22.889999389648438,24.489999771118164,22.889999389648438,23.500000000000000,509700,,,,,23.500000000000000,,,,,,,,,,,,,,,,,,,,,,,,,,,,,,,,,,,,,,,,,,,,,,,,,,,,,,,,,,,,,,,,,,,,,,,,,,,,,,,,,,,,,,,,,,,,,,,,,,,,,,,,,,,,,,,,,,,,,,,,,,,,,,,,,,,,,,,,,,,,,3.230161119638027,1.597850515758111,1.1716888421179843,,,,,0.2844018145107033,,,,,,,,22.4905790712413,22.4905790712413,18.130384116054124,18.130384116054124,15.43623407409364,15.43623407409364,,,,,,,0.0017036169498206343,,2.3695475088924347,2.3695475088924347,1.387410083424903,1.387410083424903,75.75203937788656,75.75203937788656,,23.66099967956543,23.66099967956543,16.700238000778924,16.700238000778924,15.028809532286628,15.028809532286628,,,15.851300010681152,,,11977950.000000000000000,5939976.933536832,,,,,,,
2025-09-18,,,,,,,23.639999389648438,24.680000305175780,23.010000228881836,23.479999542236328,548000,,,,,23.479999542236328,,,,,,,,,,,,,,,,,,,,,,,,,,,,,,,,,,,,,,,,,,,,,,,,,,,,,,,,,,,,,,,,,,,,,,,,,,,,,,,,,,,,,,,,,,,,,,,,,,,,,,,,,,,,,,,,,,,,,,,,,,,,,,,,,,,,,,,,,,,,,0.4634490227854076,1.5993855137866344,1.1520750123713783,,,,,0.2564563338903273,,,,,,,,22.82038589490631,22.82038589490631,18.616712791161596,18.616712791161596,15.6876017449731,15.6876017449731,,,,,,,-0.0008514456861152361,,2.478903507911305,2.478903507911305,1.6057087683221833,1.6057087683221833,75.62348846367948,75.62348846367948,,23.396999740600585,23.396999740600585,17.177857035682315,17.177857035682315,15.222777775355748,15.222777775355748,,,16.019300003051757,,,12867039.749145507744000,6116155.024222722,,,,,,,
2025-09-19,,,,,,,23.649999618530273,24.319999694824220,22.500000000000000,22.940000534057617,2551200,,,,,22.940000534057617,,,,,,,,,,,,,,,,,,,,,,,,,,,,,,,,,,,,,,,,,,,,,,,,,,,,,,,,,,,,,,,,,,,,,,,,,,,,,,,,,,,,,,,,,,,,,,,,,,,,,,,,,,,,,,,,,,,,,,,,,,,,,,,,,,,,,,,,,,,,,0.1915489882072206,1.6066886376077558,1.1535960586481668,,,,,0.15689266790296416,,,,,,,,22.860257441290077,22.860257441290077,19.00973894960669,19.00973894960669,15.914239207131992,15.914239207131992,,,,,,,-0.02326684048214521,,2.493254828337342,2.493254828337342,1.783217980325215,1.783217980325215,72.06751823230493,72.06751823230493,,23.32599983215332,23.32599983215332,17.62833327338809,17.62833327338809,15.40944444565546,15.40944444565546,,,16.165300006866456,,,58524529.362487792490400,7018017.616538396,,,,,,,
2025-09-22,,,,,,,22.860000610351562,24.020000457763672,22.445999145507812,23.670000076293945,500700,,,,,23.670000076293945,,,,,,,,,,,,,,,,,,,,,,,,,,,,,,,,,,,,,,,,,,,,,,,,,,,,,,,,,,,,,,,,,,,,,,,,,,,,,,,,,,,,,,,,,,,,,,,,,,,,,,,,,,,,,,,,,,,,,,,,,,,,,,,,,,,,,,,,,,,,,0.3117890615611461,1.5987384801881275,1.1492861675451085,,,,,0.17594534412449914,,,,,,,,23.130171652958033,23.130171652958033,19.433399052032804,19.433399052032804,16.1566067342933,16.1566067342933,,,,,,,0.03132629176727369,,2.5343191616320127,2.5343191616320127,1.9334382165865747,1.9334382165865747,73.8571691650348,73.8571691650348,,23.40999984741211,23.40999984741211,18.125476155962264,18.125476155962264,15.61484127952939,15.61484127952939,,,16.337700004577638,,,11851569.038200378261500,7184814.014879863,,,,,,,
2025-09-23,,,,,,,23.379999160766600,25.170000076293945,23.340000152587890,24.879999160766600,430600,,,,,24.879999160766600,,,,,,,,,,,,,,,,,,,,,,,,,,,,,,,,,,,,,,,,,,,,,,,,,,,,,,,,,,,,,,,,,,,,,,,,,,,,,,,,,,,,,,,,,,,,,,,,,,,,,,,,,,,,,,,,,,,,,,,,,,,,,,,,,,,,,,,,,,,,,0.4574220268990344,1.6002311065884924,1.1470088030213572,,,,,0.19846734849911465,,,,,,,,23.71344748889422,23.71344748889422,19.92854451646315,19.92854451646315,16.429212747620593,16.429212747620593,,,,,,,0.049855807390605716,,2.6341350857765704,2.6341350857765704,2.073577590424574,2.073577590424574,76.54022542382603,76.54022542382603,,23.6939998626709,23.6939998626709,18.667857079278853,18.667857079278853,15.84579364837162,15.84579364837162,,,16.520499992370606,,,10713327.638626097960000,7336322.025153751,,,,,,,
2025-09-24,,,,,,,25.309999465942383,27.649999618530273,24.969999313354492,26.180000305175780,975900,,,,,26.180000305175780,,,,,,,,,,,,,,,,,,,,,,,,,,,,,,,,,,,,,,,,,,,,,,,,,,,,,,,,,,,,,,,,,,,,,,,,,,,,,,,,,,,,,,,,,,,,,,,,,,,,,,,,,,,,,,,,,,,,,,,,,,,,,,,,,,,,,,,,,,,,,0.5186879335523225,1.5941727463423594,1.1363683289511342,,,,,0.18154761969041333,,,,,,,,24.535631760988075,24.535631760988075,20.496858679073387,20.496858679073387,16.733924858794193,16.733924858794193,,,,,,,0.05093153799885056,,2.7860236066885484,2.7860236066885484,2.216066793677369,2.216066793677369,79.03030208040178,79.03030208040178,,24.229999923706053,24.229999923706053,19.28071421668643,19.28071421668643,16.080238100082155,16.080238100082155,,,16.723899993896485,,,25549062.297821043702000,7726124.141202654,,,,,,,
2025-09-25,,,,,,,26.000000000000000,27.670000076293945,25.902000427246094,26.350000381469727,747100,,,,,26.350000381469727,,,,,,,,,,,,,,,,,,,,,,,,,,,,,,,,,,,,,,,,,,,,,,,,,,,,,,,,,,,,,,,,,,,,,,,,,,,,,,,,,,,,,,,,,,,,,,,,,,,,,,,,,,,,,,,,,,,,,,,,,,,,,,,,,,,,,,,,,,,,,0.5010218359084316,1.594469980217225,1.1191603045969374,,,,,0.15487098147754608,,,,,,,,25.140421301148624,25.140421301148624,21.028962470200327,21.028962470200327,17.034427218877802,17.034427218877802,,,,,,,0.0064725173258179496,,2.886836287487043,2.886836287487043,2.3502206924393034,2.3502206924393034,79.33913770462674,79.33913770462674,,24.804000091552734,24.804000091552734,19.866428511483328,19.866428511483328,16.29626985580202,16.29626985580202,,,16.925699996948243,,,19686085.284996033041700,8011524.13033985,,,,,,,
2025-09-26,,,,,,,26.149999618530273,28.370000839233400,26.040000915527344,27.000000000000000,609200,,,,,27.000000000000000,,,,,,,,,,,,,,,,,,,,,,,,,,,,,,,,,,,,,,,,,,,,,,,,,,,,,,,,,,,,,,,,,,,,,,,,,,,,,,,,,,,,,,,,,,,,,,,,,,,,,,,,,,,,,,,,,,,,,,,,,,,,,,,,,,,,,,,,,,,,,0.2954782600103148,1.5870632380335024,1.1126162138958942,,,,,0.16233478963350875,,,,,,,,25.760280867432417,25.760280867432417,21.57178406381848,21.57178406381848,17.34585136828787,17.34585136828787,,,,,,,0.02436857653992831,,2.9847739837505287,2.9847739837505287,2.4771313507015487,2.4771313507015487,80.52044507813932,80.52044507813932,,25.61599998474121,25.61599998474121,20.49166661217099,20.49166661217099,16.532301600017245,16.532301600017245,,,17.124500007629393,,,16448400.000000000000000,8226843.161654094,,,,,,,
2025-09-29,,,,,,,27.049999237060547,27.829999923706055,24.850000381469727,25.200000762939453,476300,,,,,25.200000762939453,,,,,,,,,,,,,,,,,,,,,,,,,,,,,,,,,,,,,,,,,,,,,,,,,,,,,,,,,,,,,,,,,,,,,,,,,,,,,,,,,,,,,,,,,,,,,,,,,,,,,,,,,,,,,,,,,,,,,,,,,,,,,,,,,,,,,,,,,,,,,0.7813545253058559,1.6250353854995876,1.1245519149723235,,,,,0.1052209390235881,,,,,,,,25.573520832601428,25.573520832601428,21.90162194555675,21.90162194555675,17.591293536870733,17.591293536870733,,,,,,,-0.06899284121157682,,2.8839015960005625,2.8839015960005625,2.5584853997613513,2.5584853997613513,68.79071086123365,68.79071086123365,,25.922000122070312,25.922000122070312,21.012142817179363,21.012142817179363,16.7375397000994,16.7375397000994,,,17.272900009155272,,,12002760.363388061463900,8388927.92826607,,,,,,,
2025-09-30,,,,,,,25.200000762939453,26.450000762939453,24.420000076293945,25.930000305175780,480000,,,,,25.930000305175780,,,,,,,,,,,,,,,,,,,,,,,,,,,,,,,,,,,,,,,,,,,,,,,,,,,,,,,,,,,,,,,,,,,,,,,,,,,,,,,,,,,,,,,,,,,,,,,,,,,,,,,,,,,,,,,,,,,,,,,,,,,,,,,,,,,,,,,,,,,,,0.7302055393806282,1.624473223295355,1.1178403732460045,,,,,0.11272087876693702,,,,,,,,25.692347323459547,25.692347323459547,22.26783816006757,22.26783816006757,17.851878123380267,17.851878123380267,,,,,,,0.028556586527037096,,2.8302391292409474,2.8302391292409474,2.6128361456572704,2.6128361456572704,70.6575759895073,70.6575759895073,,26.132000350952147,26.132000350952147,21.55690474737258,21.55690474737258,16.96404764387343,16.96404764387343,,,17.458300018310545,,,12446400.146484374400000,8568389.073685238,,,,,,,
2025-10-01,,,,,,,25.700000762939453,26.388999938964844,25.450000762939453,25.809999465942383,307700,,,,,25.809999465942383,,,,,,,,,,,,,,,,,,,,,,,,,,,,,,,,,,,,,,,,,,,,,,,,,,,,,,,,,,,,,,,,,,,,,,,,,,,,,,,,,,,,,,,,,,,,,,,,,,,,,,,,,,,,,,,,,,,,,,,,,,,,,,,,,,,,,,,,,,,,,0.6245871701269979,1.6248213776624254,1.1183384823300937,,,,,0.09474337265315344,,,,,,,,25.73156470428716,25.73156470428716,22.589852824238008,22.589852824238008,18.100569415335332,18.100569415335332,,,,,,,-0.004638618281154545,,2.7463697321629006,2.7463697321629006,2.639542862958397,2.639542862958397,69.91718794324105,69.91718794324105,,26.05800018310547,26.05800018310547,22.056428545997257,22.056428545997257,17.18547621227446,17.18547621227446,,,17.635699996948244,,,7941736.835670471249100,8671650.833641537,,,,,,,
2025-10-02,,,,,,,26.010000228881836,26.787000656127930,24.989999771118164,26.500000000000000,305500,,,,,26.500000000000000,,,,,,,,,,,,,,,,,,,,,,,,,,,,,,,,,,,,,,,,,,,,,,,,,,,,,,,,,,,,,,,,,,,,,,,,,,,,,,,,,,,,,,,,,,,,,,,,,,,,,,,,,,,,,,,,,,,,,,,,,,,,,,,,,,,,,,,,,,,,,0.6583826374634457,1.6202842610908383,1.1152117460325108,,,,,0.11990108126075294,,,,,,,,25.987709802858106,25.987709802858106,22.94532074930728,22.94532074930728,18.363051621106102,18.363051621106102,,,,,,,0.02638273995354177,,2.7044052074577714,2.7044052074577714,2.6525153318582717,2.6525153318582717,71.75020216782845,71.75020216782845,,26.088000106811524,26.088000106811524,22.59499999455043,22.59499999455043,17.4235714503697,17.4235714503697,,,17.812900009155275,,,8095750.000000000000000,8785880.198720902,,,,,,,
2025-10-03,,,,,,,26.250000000000000,27.799999237060547,25.879999160766600,27.110000610351562,405500,,,,,27.110000610351562,,,,,,,,,,,,,,,,,,,,,,,,,,,,,,,,,,,,,,,,,,,,,,,,,,,,,,,,,,,,,,,,,,,,,,,,,,,,,,,,,,,,,,,,,,,,,,,,,,,,,,,,,,,,,,,,,,,,,,,,,,,,,,,,,,,,,,,,,,,,,0.654891983717888,1.6149736447900593,1.112538960439778,,,,,0.12275575143544841,,,,,,,,26.361806738689257,26.361806738689257,23.323928009402216,23.323928009402216,18.636393777020025,18.636393777020025,,,,,,,0.02275795303228747,,2.6893686033725928,2.6893686033725928,2.659885986161136,2.659885986161136,73.29915413498082,73.29915413498082,,26.110000228881837,26.110000228881837,23.16976193019322,23.16976193019322,17.66150796981085,17.66150796981085,,,18.026100006103515,,,10993105.247497558391000,8940039.266333504,,,,,,,
2025-10-06,,,,,,,27.790000915527344,28.780000686645508,26.430000305175780,27.520000457763672,311100,,,,,27.520000457763672,,,,,,,,,,,,,,,,,,,,,,,,,,,,,,,,,,,,,,,,,,,,,,,,,,,,,,,,,,,,,,,,,,,,,,,,,,,,,,,,,,,,,,,,,,,,,,,,,,,,,,,,,,,,,,,,,,,,,,,,,,,,,,,,,,,,,,,,,,,,,0.21372436891631097,1.6126521725733602,1.03213466447982,,,,,0.10963874052138567,,,,,,,,26.74787131171406,26.74787131171406,23.70538914107144,23.70538914107144,18.914006485793262,18.914006485793262,,,,,,,0.015010343674533045,,2.679646253488329,2.679646253488329,2.6638380396265746,2.6638380396265746,74.31840865556808,74.31840865556808,,26.57400016784668,26.57400016784668,23.724047660827637,23.724047660827637,17.859285748194136,17.859285748194136,,,18.240100021362306,,,8561472.142410278359200,9015050.219278486,,,,,,,
2025-10-07,,,,,,,27.750000000000000,28.120000839233400,26.969999313354492,27.860000610351562,348300,,,,,27.860000610351562,,,,,,,,,,,,,,,,,,,,,,,,,,,,,,,,,,,,,,,,,,,,,,,,,,,,,,,,,,,,,,,,,,,,,,,,,,,,,,,,,,,,,,,,,,,,,,,,,,,,,,,,,,,,,,,,,,,,,,,,,,,,,,,,,,,,,,,,,,,,,0.1912817341734628,1.583849396816919,1.0320116013942404,,,,,0.13366215351486313,,,,,,,,27.118581077926564,27.118581077926564,24.083081092824177,24.083081092824177,19.19356880218571,19.19356880218571,,,,,,,0.012278960560471409,,2.668614267848259,2.668614267848259,2.6647932852709113,2.6647932852709113,75.16505291075417,75.16505291075417,,26.960000228881835,26.960000228881835,24.337857200985862,24.337857200985862,18.062142901950413,18.062142901950413,,,18.470100021362306,,,9703638.212585449044600,9120892.032420445,,,,,,,
2025-10-08,,,,,,,27.829999923706055,29.659999847412110,26.629999160766600,28.594999313354492,770800,,,,,28.594999313354492,,,,,,,,,,,,,,,,,,,,,,,,,,,,,,,,,,,,,,,,,,,,,,,,,,,,,,,,,,,,,,,,,,,,,,,,,,,,,,,,,,,,,,,,,,,,,,,,,,,,,,,,,,,,,,,,,,,,,,,,,,,,,,,,,,,,,,,,,,,,,0.10291429453566919,1.5697433033003194,1.03112495657694,,,,,0.1344305574560536,,,,,,,,27.610720489735872,27.610720489735872,24.49325547650875,24.49325547650875,19.487363505659733,19.487363505659733,,,,,,,0.02603986309502851,,2.688191790815978,2.688191790815978,2.6694729863799247,2.6694729863799247,76.93524359611808,76.93524359611808,,27.517000198364258,27.517000198364258,24.921428589593795,24.921428589593795,18.26777780623663,18.26777780623663,,,18.72720001220703,,,22041025.470733642433600,9448977.706081148,,,,,,,
2025-10-09,,,,,,,28.600000381469727,29.159999847412110,28.200000762939453,28.760000228881836,296900,,,,,28.760000228881836,,,,,,,,,,,,,,,,,,,,,,,,,,,,,,,,,,,,,,,,,,,,,,,,,,,,,,,,,,,,,,,,,,,,,,,,,,,,,,,,,,,,,,,,,,,,,,,,,,,,,,,,,,,,,,,,,,,,,,,,,,,,,,,,,,,,,,,,,,,,,0.12935618671891833,1.5627045885998654,1.0265354731035405,,,,,0.14792111222670484,,,,,,,,27.99381373611786,27.99381373611786,24.881141363088123,24.881141363088123,19.777133403260425,19.777133403260425,,,,,,,0.005753687456688206,,2.6860581078747394,2.6860581078747394,2.6727900106788876,2.6727900106788876,77.32596755309008,77.32596755309008,,27.969000244140624,27.969000244140624,25.528095245361328,25.528095245361328,18.485396854461186,18.485396854461186,,,18.992400016784668,,,8538844.067955017108400,9554176.02423562,,,,,,,
2025-10-10,,,,,,,28.760000228881836,29.444999694824220,27.340000152587890,27.430000305175780,270100,,,,,27.430000305175780,,,,,,,,,,,,,,,,,,,,,,,,,,,,,,,,,,,,,,,,,,,,,,,,,,,,,,,,,,,,,,,,,,,,,,,,,,,,,,,,,,,,,,,,,,,,,,,,,,,,,,,,,,,,,,,,,,,,,,,,,,,,,,,,,,,,,,,,,,,,,0.45606944168695435,0.5131903528885571,1.0304726132155628,,,,,-0.1067425007343506,,,,,,,,27.805875925803832,27.805875925803832,25.112855812368817,25.112855812368817,20.01628549394528,20.01628549394528,,,,,,,-0.04734822473605242,,2.5476792101422348,2.5476792101422348,2.647767850571557,2.647767850571557,67.41277944272925,67.41277944272925,,28.033000183105468,28.033000183105468,25.653333391462052,25.653333391462052,18.670952418493847,18.670952418493847,,,19.246000022888182,,,7408843.082427978178000,9653888.073423173,,,,,,,
2025-10-13,,,,,,,27.430000305175780,29.146999359130860,27.409999847412110,28.569999694824220,598600,,,,,28.569999694824220,,,,,,,,,,,,,,,,,,,,,,,,,,,,,,,,,,,,,,,,,,,,,,,,,,,,,,,,,,,,,,,,,,,,,,,,,,,,,,,,,,,,,,,,,,,,,,,,,,,,,,,,,,,,,,,,,,,,,,,,,,,,,,,,,,,,,,,,,,,,,0.531351743686,0.4647251513865706,1.0323283268640464,,,,,-0.06976278750024201,,,,,,,,28.06058384881063,28.06058384881063,25.427141619864763,25.427141619864763,20.283589062722747,20.283589062722747,,,,,,,0.04071988948586256,,2.5011694357637424,2.5011694357637424,2.618448167609994,2.618448167609994,70.86103746776408,70.86103746776408,,28.243000030517578,28.243000030517578,25.904523849487305,25.904523849487305,18.870317489381822,18.870317489381822,,,19.51940002441406,,,17102001.817321778092000,9902654.879722899,,,,,,,
2025-10-14,,,,,,,28.670000076293945,29.090000152587890,28.200000762939453,28.500000000000000,210800,,,,,28.500000000000000,,,,,,,,,,,,,,,,,,,,,,,,,,,,,,,,,,,,,,,,,,,,,,,,,,,,,,,,,,,,,,,,,,,,,,,,,,,,,,,,,,,,,,,,,,,,,,,,,,,,,,,,,,,,,,,,,,,,,,,,,,,,,,,,,,,,,,,,,,,,,0.5332743805178424,0.464892747449584,1.0325070626097907,,,,,-0.11228703526472075,,,,,,,,28.207055899207084,28.207055899207084,25.70649238169524,25.70649238169524,20.54035190451266,20.54035190451266,,,,,,,-0.0024531182863903427,,2.4306427772104087,2.4306427772104087,2.580887089530077,2.580887089530077,70.36864901447112,70.36864901447112,,28.370999908447267,28.370999908447267,26.154523849487305,26.154523849487305,19.06460320003449,19.06460320003449,,,19.78440002441406,,,6007800.000000000000000,9966477.545945607,,,,,,,
2025-10-15,,,,,,,28.309999465942383,29.434999465942383,28.309999465942383,29.260000228881836,433600,,,,,29.260000228881836,,,,,,,,,,,,,,,,,,,,,,,,,,,,,,,,,,,,,,,,,,,,,,,,,,,,,,,,,,,,,,,,,,,,,,,,,,,,,,,,,,,,,,,,,,,,,,,,,,,,,,,,,,,,,,,,,,,,,,,,,,,,,,,,,,,,,,,,,,,,,0.5339821866413219,0.46842314455547385,1.030073752469749,,,,,-0.07660106061613149,,,,,,,,28.558037342432,28.558037342432,26.029538549621293,26.029538549621293,20.812840914649197,20.812840914649197,,,,,,,0.02631731613971913,,2.408314014240851,2.408314014240851,2.546372474472232,2.546372474472232,72.59518390623096,72.59518390623096,,28.504000091552733,28.504000091552733,26.430714380173455,26.430714380173455,19.258254005795433,19.258254005795433,,,20.079400024414063,,,12687136.099243164089600,10132549.167673929,,,,,,,
2025-10-16,,,,,,,29.600000381469727,29.760000228881836,28.170000076293945,28.450000762939453,235100,,,,,28.450000762939453,,,,,,,,,,,,,,,,,,,,,,,,,,,,,,,,,,,,,,,,,,,,,,,,,,,,,,,,,,,,,,,,,,,,,,,,,,,,,,,,,,,,,,,,,,,,,,,,,,,,,,,,,,,,,,,,,,,,,,,,,,,,,,,,,,,,,,,,,,,,,0.5812757576982088,0.48649350253709056,1.0304516723508235,,,,,-0.0810265652822529,,,,,,,,28.52202514926782,28.52202514926782,26.249580569013855,26.249580569013855,21.051502159908267,21.051502159908267,,,,,,,-0.028073216025131898,,2.298759453215265,2.298759453215265,2.4968498702208386,2.4968498702208386,66.83131918727162,66.83131918727162,,28.44200019836426,28.44200019836426,26.66642870221819,26.66642870221819,19.42761908637153,19.42761908637153,,,20.36340003967285,,,6688595.179367065400300,10206741.56611155,,,,,,,
2025-10-17,,,,,,,28.399999618530273,29.100000381469727,27.540000915527344,27.809999465942383,195000,,,,,27.809999465942383,,,,,,,,,,,,,,,,,,,,,,,,,,,,,,,,,,,,,,,,,,,,,,,,,,,,,,,,,,,,,,,,,,,,,,,,,,,,,,,,,,,,,,,,,,,,,,,,,,,,,,,,,,,,,,,,,,,,,,,,,,,,,,,,,,,,,,,,,,,,,0.47786312497315897,0.49792103344408833,1.0217860194269908,,,,,-0.07374535602610349,,,,,,,,28.284683254826007,28.284683254826007,26.391436832370992,26.391436832370992,21.262705200721832,21.262705200721832,,,,,,,-0.022752538347116567,,2.1356751842385897,2.1356751842385897,2.424614933024389,2.424614933024389,62.601958769278205,62.601958769278205,,28.518000030517577,28.518000030517577,26.872619174775622,26.872619174775622,19.60460320730058,19.60460320730058,,,20.653200035095214,,,5422949.895858764685000,10214174.35882962,,,,,,,
2025-10-20,,,,,,,27.790000915527344,29.860000610351562,27.790000915527344,29.750000000000000,387300,,,,,29.750000000000000,,,,,,,,,,,,,,,,,,,,,,,,,,,,,,,,,,,,,,,,,,,,,,,,,,,,,,,,,,,,,,,,,,,,,,,,,,,,,,,,,,,,,,,,,,,,,,,,,,,,,,,,,,,,,,,,,,,,,,,,,,,,,,,,,,,,,,,,,,,,,0.6261925765757552,0.5244456645239751,1.0285316712545474,,,,,0.0880656092134982,,,,,,,,28.773122169884005,28.773122169884005,26.696760756700904,26.696760756700904,21.527933163199275,21.527933163199275,,,,,,,0.06743348294956324,,2.1383223074524658,2.1383223074524658,2.367356407910004,2.367356407910004,69.00506945180146,69.00506945180146,,28.754000091552733,28.754000091552733,27.19690486363002,27.19690486363002,19.80793653215681,19.80793653215681,,,20.98540002822876,,,11522175.000000000000000,10361760.913272131,,,,,,,
2025-10-21,,,,,,,29.969999313354492,31.930000305175780,29.000000000000000,29.520000457763672,280000,,,,,29.520000457763672,,,,,,,,,,,,,,,,,,,,,,,,,,,,,,,,,,,,,,,,,,,,,,,,,,,,,,,,,,,,,,,,,,,,,,,,,,,,,,,,,,,,,,,,,,,,,,,,,,,,,,,,,,,,,,,,,,,,,,,,,,,,,,,,,,,,,,,,,,,,,0.632922908429006,0.5241311521447102,1.0270415288273378,,,,,0.03967067276730609,,,,,,,,29.022081599177227,29.022081599177227,26.953418911342972,26.953418911342972,21.777685266154414,21.777685266154414,,,,,,,-0.007761116752467643,,2.097680377171528,2.097680377171528,2.313421201762309,2.313421201762309,67.52888197080733,67.52888197080733,,28.95800018310547,28.95800018310547,27.475476310366677,27.475476310366677,19.996507977682448,19.996507977682448,,,21.306400032043456,,,8265600.128173828160000,10400140.918518249,,,,,,,
2025-10-22,,,,,,,29.219999313354492,30.260000228881836,28.979999542236328,29.120000839233400,367200,,,,,29.120000839233400,,,,,,,,,,,,,,,,,,,,,,,,,,,,,,,,,,,,,,,,,,,,,,,,,,,,,,,,,,,,,,,,,,,,,,,,,,,,,,,,,,,,,,,,,,,,,,,,,,,,,,,,,,,,,,,,,,,,,,,,,,,,,,,,,,,,,,,,,,,,,0.6196559491785314,0.510048959291986,1.0157785028912794,,,,,-0.024519787153550708,,,,,,,,29.054721345862617,29.054721345862617,27.150380904787557,27.150380904787557,22.00713262781313,22.00713262781313,,,,,,,-0.013642763090857978,,2.0100244180410662,2.0100244180410662,2.2527418450180603,2.2527418450180603,64.92748638307178,64.92748638307178,,28.93000030517578,28.93000030517578,27.67738115219843,27.67738115219843,20.197619090004572,20.197619090004572,,,21.61400005340576,,,10692864.308166504480000,10547439.477925073,,,,,,,
2025-10-23,,,,,,,29.159999847412110,31.100000381469727,29.094999313354492,29.899999618530273,267900,,,,,29.899999618530273,,,,,,,,,,,,,,,,,,,,,,,,,,,,,,,,,,,,,,,,,,,,,,,,,,,,,,,,,,,,,,,,,,,,,,,,,,,,,,,,,,,,,,,,,,,,,,,,,,,,,,,,,,,,,,,,,,,,,,,,,,,,,,,,,,,,,,,,,,,,,0.5894876732620142,0.49044375127463136,1.0160339847885504,,,,,-0.021564838080990578,,,,,,,,29.33648077008517,29.33648077008517,27.40034624240053,27.40034624240053,22.253784721273043,22.253784721273043,,,,,,,0.0264332154901427,,1.9806639604549439,1.9806639604549439,2.198326268105437,2.198326268105437,67.55241919540825,67.55241919540825,,29.220000076293946,29.220000076293946,27.85452397664388,27.85452397664388,20.405238136412606,20.405238136412606,,,21.940000038146973,,,8010209.897804260136700,10660916.079725537,,,,,,,
2025-10-24,,,,,,,30.000000000000000,30.950000762939453,29.280000686645508,30.389999389648438,287000,,,,,30.389999389648438,,,,,,,,,,,,,,,,,,,,,,,,,,,,,,,,,,,,,,,,,,,,,,,,,,,,,,,,,,,,,,,,,,,,,,,,,,,,,,,,,,,,,,,,,,,,,,,,,,,,,,,,,,,,,,,,,,,,,,,,,,,,,,,,,,,,,,,,,,,,,0.5133141737323548,0.4916496602757384,1.0133528246201375,,,,,0.03619694647889444,,,,,,,,29.687653643272927,29.687653643272927,27.67213289215034,27.67213289215034,22.508041429659773,22.508041429659773,,,,,,,0.01625511920628498,,1.9741773847093746,1.9741773847093746,2.1534964914262247,2.1534964914262247,69.11617529073229,69.11617529073229,,29.736000061035156,29.736000061035156,28.046904881795246,28.046904881795246,20.62793652973478,20.62793652973478,,,22.280800018310547,,,8721929.824829101706000,10787310.139987582,,,,,,,
2025-10-27,,,,,,,30.870000839233400,31.488000869750977,30.340000152587890,31.000000000000000,220600,,,,,31.000000000000000,,,,,,,,,,,,,,,,,,,,,,,,,,,,,,,,,,,,,,,,,,,,,,,,,,,,,,,,,,,,,,,,,,,,,,,,,,,,,,,,,,,,,,,,,,,,,,,,,,,,,,,,,,,,,,,,,,,,,,,,,,,,,,,,,,,,,,,,,,,,,0.2823551318076249,0.48986831405430054,1.0087252337728336,,,,,0.056895809008364676,,,,,,,,30.125102428848617,30.125102428848617,27.974666265591217,27.974666265591217,22.773415134982905,22.773415134982905,,,,,,,0.01987361764040543,,1.9952585790711268,1.9952585790711268,2.121848908955205,2.121848908955205,70.99050479006479,70.99050479006479,,29.986000061035156,29.986000061035156,28.23738107227144,28.23738107227144,20.870158755590044,20.870158755590044,,,22.63080001831055,,,6838600.000000000000000,10866428.04517746,,,,,,,
2025-10-28,,,,,,,31.049999237060547,32.709999084472656,30.319999694824220,32.099998474121094,310400,,,,,32.099998474121094,,,,,,,,,,,,,,,,,,,,,,,,,,,,,,,,,,,,,,,,,,,,,,,,,,,,,,,,,,,,,,,,,,,,,,,,,,,,,,,,,,,,,,,,,,,,,,,,,,,,,,,,,,,,,,,,,,,,,,,,,,,,,,,,,,,,,,,,,,,,,0.29225659191491243,0.4142749430147387,1.008440737795243,,,,,0.129029217014985,,,,,,,,30.78340111060611,30.78340111060611,28.349696466366662,28.349696466366662,23.064870864330974,23.064870864330974,,,,,,,0.0348687781156544,,2.0767863608619734,2.0767863608619734,2.1128363993365586,2.1128363993365586,74.04904820232368,74.04904820232368,,30.50199966430664,30.50199966430664,28.565952391851518,28.565952391851518,21.133650794861808,21.133650794861808,,,23.005799980163573,,,9963839.526367187577600,10996364.386865828,,,,,,,
2025-10-29,,,,,,,32.110000610351560,33.060001373291016,31.200000762939453,31.260000228881836,274000,,,,,31.260000228881836,,,,,,,,,,,,,,,,,,,,,,,,,,,,,,,,,,,,,,,,,,,,,,,,,,,,,,,,,,,,,,,,,,,,,,,,,,,,,,,,,,,,,,,,,,,,,,,,,,,,,,,,,,,,,,,,,,,,,,,,,,,,,,,,,,,,,,,,,,,,,0.37825887270070585,0.42939770791558496,1.003797796254453,,,,,0.06354777283034475,,,,,,,,30.942267483364684,30.942267483364684,28.614269535686223,28.614269535686223,23.32096865697319,23.32096865697319,,,,,,,-0.026516650285594304,,2.0499859155125044,2.0499859155125044,2.1002663025717476,2.1002663025717476,68.14087569562041,68.14087569562041,,30.929999542236327,30.929999542236327,28.819761912027996,28.819761912027996,21.395714290558345,21.395714290558345,,,23.361999988555908,,,8565240.062713623064000,11069106.292623186,,,,,,,
2025-10-30,,,,,,,31.170000076293945,34.290000915527344,31.170000076293945,33.220001220703125,315500,,,,,33.220001220703125,,,,,,,,,,,,,,,,,,,,,,,,,,,,,,,,,,,,,,,,,,,,,,,,,,,,,,,,,,,,,,,,,,,,,,,,,,,,,,,,,,,,,,,,,,,,,,,,,,,,,,,,,,,,,,,,,,,,,,,,,,,,,,,,,,,,,,,,,,,,,0.5056846951303676,0.4620127165451674,1.008536750693388,,,,,0.08757309252626991,,,,,,,,31.701512062477498,31.701512062477498,29.032972416142304,29.032972416142304,23.63031342458975,23.63031342458975,,,,,,,0.06081280861597211,,2.1619801082129086,2.1619801082129086,2.11260906369998,2.11260906369998,73.46160267108895,73.46160267108895,,31.5939998626709,31.5939998626709,29.172619138445175,29.172619138445175,21.68650796678331,21.68650796678331,,,23.756800022125244,,,10480910.385131835937500,11177927.57005086,,,,,,,
2025-10-31,,,,,,,33.509998321533200,33.909999847412110,32.330001831054690,32.909999847412110,176900,,,,,32.909999847412110,,,,,,,,,,,,,,,,,,,,,,,,,,,,,,,,,,,,,,,,,,,,,,,,,,,,,,,,,,,,,,,,,,,,,,,,,,,,,,,,,,,,,,,,,,,,,,,,,,,,,,,,,,,,,,,,,,,,,,,,,,,,,,,,,,,,,,,,,,,,,0.5516697855368987,0.464603009230794,1.0092650980328044,,,,,0.05257480699786763,,,,,,,,32.104341324122366,32.104341324122366,29.38542945534865,29.38542945534865,23.92030362530295,23.92030362530295,,,,,,,-0.009375582612450393,,2.2003574418528267,2.2003574418528267,2.1301587393305494,2.1301587393305494,71.42967691326,71.42967691326,,32.09799995422363,32.09799995422363,29.47785722641718,29.47785722641718,21.966825424678742,21.966825424678742,,,24.15040002822876,,,5821778.973007202259000,11224126.839463674,,,,,,,
2025-11-03,,,,,,,32.360000610351560,33.740001678466800,32.319999694824220,33.240001678466800,378300,,,,,33.240001678466800,,,,,,,,,,,,,,,,,,,,,,,,,,,,,,,,,,,,,,,,,,,,,,,,,,,,,,,,,,,,,,,,,,,,,,,,,,,,,,,,,,,,,,,,,,,,,,,,,,,,,,,,,,,,,,,,,,,,,,,,,,,,,,,,,,,,,,,,,,,,,0.5516894933221212,0.4623946625901161,1.001402485615378,,,,,0.052470197248788875,,,,,,,,32.482894775570514,32.482894775570514,29.735845111995754,29.735845111995754,24.21154418946432,24.21154418946432,,,,,,,0.009977462163909224,,2.2316747873032448,2.2316747873032448,2.1504619489250882,2.1504619489250882,72.3077743588044,72.3077743588044,,32.54600028991699,32.54600028991699,29.76976203918457,29.76976203918457,22.264127034989613,22.264127034989613,,,24.545400066375734,,,12574692.634963990440000,11352326.721432095,,,,,,,
2025-11-04,,,,,,,32.970001220703125,33.694999694824220,31.469999313354492,32.419998168945310,280000,,,,,32.419998168945310,,,,,,,,,,,,,,,,,,,,,,,,,,,,,,,,,,,,,,,,,,,,,,,,,,,,,,,,,,,,,,,,,,,,,,,,,,,,,,,,,,,,,,,,,,,,,,,,,,,,,,,,,,,,,,,,,,,,,,,,,,,,,,,,,,,,,,,,,,,,,0.5719798548421072,0.4771311078414149,1.0023715634934711,,,,,0.050042395811356576,,,,,,,,32.46192924002878,32.46192924002878,29.979859026263895,29.979859026263895,24.4680583763231,24.4680583763231,,,,,,,-0.024978560654278652,,2.1653655923831643,2.1653655923831643,2.1534426776167037,2.1534426776167037,66.81273441946136,66.81273441946136,,32.61000022888184,32.61000022888184,30.003095263526554,30.003095263526554,22.552539704337953,22.552539704337953,,,24.927600021362306,,,9077599.487304686800000,11472575.125992488,,,,,,,
2025-11-05,,,,,,,30.260000228881836,30.479999542236328,26.958000183105470,30.270000457763672,662300,,,,,30.270000457763672,,,,,,,,,,,,,,,,,,,,,,,,,,,,,,,,,,,,,,,,,,,,,,,,,,,,,,,,,,,,,,,,,,,,,,,,,,,,,,,,,,,,,,,,,,,,,,,,,,,,,,,,,,,,,,,,,,,,,,,,,,,,,,,,,,,,,,,,,,,,,0.7534504019934913,0.5450337028965168,1.0027424282907293,,,,,0.10224299209924625,,,,,,,,31.731286312607075,31.731286312607075,30.006235520036604,30.006235520036604,24.649369066368116,24.649369066368116,,,,,,,-0.0686183216720465,,1.917227624048003,1.917227624048003,2.1061996669029637,2.1061996669029637,55.00884000816875,55.00884000816875,,32.412000274658205,32.412000274658205,30.117857161022368,30.117857161022368,22.82158733549572,22.82158733549572,,,25.25200002670288,,,20047821.303176879965600,11757769.369656699,,,,,,,
2025-11-06,,,,,,,29.989999771118164,30.299999237060547,28.459999084472656,29.629999160766600,276100,,,,,29.629999160766600,,,,,,,,,,,,,,,,,,,,,,,,,,,,,,,,,,,,,,,,,,,,,,,,,,,,,,,,,,,,,,,,,,,,,,,,,,,,,,,,,,,,,,,,,,,,,,,,,,,,,,,,,,,,,,,,,,,,,,,,,,,,,,,,,,,,,,,,,,,,,0.4601321726684985,0.5455670783790052,1.0037004669317113,,,,,0.08687271869790993,,,,,,,,31.030857261993585,31.030857261993585,29.972032214648422,29.972032214648422,24.80501375681807,24.80501375681807,,,,,,,-0.021369804894611724,,1.6499145525258392,1.6499145525258392,2.0149426440275384,2.0149426440275384,52.060343364643316,52.060343364643316,,31.6939998626709,31.6939998626709,30.167142868041992,30.167142868041992,23.083333348471022,23.083333348471022,,,25.56720001220703,,,8180842.768287658260000,11872544.302092658,,,,,,,
2025-11-07,,,,,,,29.870000839233400,30.370000839233400,27.690000534057617,28.600000381469727,333600,,,,,28.600000381469727,,,,,,,,,,,,,,,,,,,,,,,,,,,,,,,,,,,,,,,,,,,,,,,,,,,,,,,,,,,,,,,,,,,,,,,,,,,,,,,,,,,,,,,,,,,,,,,,,,,,,,,,,,,,,,,,,,,,,,,,,,,,,,,,,,,,,,,,,,,,,0.44897574859690287,0.5601238012335502,1.0080092968721346,,,,,0.06324619736553334,,,,,,,,30.2205716351523,30.2205716351523,29.847302047995814,29.847302047995814,24.923607088838434,24.923607088838434,,,,,,,-0.03538060209779121,,1.3395136445514524,1.3395136445514524,1.8798568441323213,1.8798568441323213,47.635112942823156,47.635112942823156,,30.83199996948242,30.83199996948242,30.159523827689036,30.159523827689036,23.323492080446275,23.323492080446275,,,25.85380001068115,,,9540960.127258300927200,11999677.970297374,,,,,,,
2025-11-10,,,,,,,28.170000076293945,30.540000915527344,28.170000076293945,30.489999771118164,390700,,,,,30.489999771118164,,,,,,,,,,,,,,,,,,,,,,,,,,,,,,,,,,,,,,,,,,,,,,,,,,,,,,,,,,,,,,,,,,,,,,,,,,,,,,,,,,,,,,,,,,,,,,,,,,,,,,,,,,,,,,,,,,,,,,,,,,,,,,,,,,,,,,,,,,,,,0.7794848357616447,0.5748003364189328,1.0132676268790257,,,,,0.1524191869185516,,,,,,,,30.310381013807586,30.310381013807586,29.905729113734207,29.905729113734207,25.097556860159674,25.097556860159674,,,,,,,0.06399202232947059,,1.2318261193064153,1.2318261193064153,1.7502506991671403,1.7502506991671403,55.16599779566298,55.16599779566298,,30.281999588012695,30.281999588012695,30.305238087972004,30.305238087972004,23.58936509631929,23.58936509631929,,,26.173800010681152,,,11912442.910575866674800,12167020.27082746,,,,,,,
2025-11-11,,,,,,,30.129999160766600,32.720001220703125,30.049999237060547,32.259998321533200,486000,,,,,32.259998321533200,,,,,,,,,,,,,,,,,,,,,,,,,,,,,,,,,,,,,,,,,,,,,,,,,,,,,,,,,,,,,,,,,,,,,,,,,,,,,,,,,,,,,,,,,,,,,,,,,,,,,,,,,,,,,,,,,,,,,,,,,,,,,,,,,,,,,,,,,,,,,0.9287358855751815,0.5894770102269636,1.015915152178586,,,,,0.17233391790547586,,,,,,,,30.960253449716124,30.960253449716124,30.119753587170482,30.119753587170482,25.321383155827597,25.321383155827597,,,,,,,0.056429267174332866,,1.274614112161153,1.274614112161153,1.6551233817659428,1.6551233817659428,60.845193655869345,60.845193655869345,,30.249999618530275,30.249999618530275,30.48095230829148,30.48095230829148,23.885555539812362,23.885555539812362,,,26.51259998321533,,,15678359.184265135200000,12351315.494163452,,,,,,,
2025-11-12,,,,,,,32.450000762939450,33.319999694824220,31.549999237060547,32.560001373291016,472600,,,,,32.560001373291016,,,,,,,,,,,,,,,,,,,,,,,,,,,,,,,,,,,,,,,,,,,,,,,,,,,,,,,,,,,,,,,,,,,,,,,,,,,,,,,,,,,,,,,,,,,,,,,,,,,,,,,,,,,,,,,,,,,,,,,,,,,,,,,,,,,,,,,,,,,,,0.7103597577876875,0.5888105025170379,1.0138458188308153,,,,,0.18518199949816302,,,,,,,,31.493502757574422,31.493502757574422,30.34159429499962,30.34159429499962,25.54758997512333,25.54758997512333,,,,,,,0.0092565626438686,,1.3175438188153556,1.3175438188153556,1.5876074691758253,1.5876074691758253,61.730053801301516,61.730053801301516,,30.707999801635744,30.707999801635744,30.674285707019624,30.674285707019624,24.19047619047619,24.19047619047619,,,26.860000019073485,,,15387856.649017334161600,12574143.614964258,,,,,,,
2025-11-13,,,,,,,32.180000305175780,32.639999389648440,30.000000000000000,31.840000152587890,399400,,,,,31.840000152587890,,,,,,,,,,,,,,,,,,,,,,,,,,,,,,,,,,,,,,,,,,,,,,,,,,,,,,,,,,,,,,,,,,,,,,,,,,,,,,,,,,,,,,,,,,,,,,,,,,,,,,,,,,,,,,,,,,,,,,,,,,,,,,,,,,,,,,,,,,,,,0.7135488678261974,0.5921395227574199,1.0164612970829696,,,,,0.1658806920004126,,,,,,,,31.60900188924558,31.60900188924558,30.477813009325825,30.477813009325825,25.7442277931691,25.7442277931691,,,,,,,-0.022361217543065633,,1.278727465182758,1.278727465182758,1.5258314683772118,1.5258314683772118,58.32342497220453,58.32342497220453,,31.15,31.15,30.797142846243723,30.797142846243723,24.48158730400933,24.48158730400933,,,27.196000022888185,,,12716896.060943603266000,12746727.67942368,,,,,,,
2025-11-14,,,,,,,31.989999771118164,33.759998321533200,31.625000000000000,32.529998779296875,912700,,,,,32.529998779296875,,,,,,,,,,,,,,,,,,,,,,,,,,,,,,,,,,,,,,,,,,,,,,,,,,,,,,,,,,,,,,,,,,,,,,,,,,,,,,,,,,,,,,,,,,,,,,,,,,,,,,,,,,,,,,,,,,,,,,,,,,,,,,,,,,,,,,,,,,,,,0.5617520603074324,0.5830943574186391,1.0153201908615432,,,,,0.15297400009942314,,,,,,,,31.91600085259601,31.91600085259601,30.664375352050467,30.664375352050467,25.95628313648559,25.95628313648559,,,,,,,0.02143933719128662,,1.2887860248356198,1.2887860248356198,1.4784223796688933,1.4784223796688933,60.56918619849983,60.56918619849983,,31.93599967956543,31.93599967956543,30.991428466070268,30.991428466070268,24.78603172302246,24.78603172302246,,,27.528999996185302,16.02070000886917,1,29690129.885864257812500,13188269.34342914,,,,,,,
2025-11-17,,,,,,,32.520000457763670,34.729999542236330,32.380001068115234,33.529998779296875,534200,,,,,33.529998779296875,,,,,,,,,,,,,,,,,,,,,,,,,,,,,,,,,,,,,,,,,,,,,,,,,,,,,,,,,,,,,,,,,,,,,,,,,,,,,,,,,,,,,,,,,,,,,,,,,,,,,,,,,,,,,,,,,,,,,,,,,,,,,,,,,,,,,,,,,,,,,0.4587000918996484,0.5786292035400483,1.0157358488543924,,,,,0.1609918841964298,,,,,,,,32.454000161496296,32.454000161496296,30.92488657270923,30.92488657270923,26.192961750323445,26.192961750323445,,,,,,,0.03027782111203787,,1.3617517222863178,1.3617517222863178,1.4550882481923784,1.4550882481923784,63.62814394744444,63.62814394744444,,32.54399948120117,32.54399948120117,31.263809385753813,31.263809385753813,25.104761865403916,25.104761865403916,,,27.900199966430662,16.10860000371933,1,17911725.347900390625000,13426681.651189592,,,,,,,
2025-11-18,,,,,,,33.060001373291016,34.115001678466800,32.349998474121094,33.229999542236330,439900,,,,,33.229999542236330,,,,,,,,,,,,,,,,,,,,,,,,,,,,,,,,,,,,,,,,,,,,,,,,,,,,,,,,,,,,,,,,,,,,,,,,,,,,,,,,,,,,,,,,,,,,,,,,,,,,,,,,,,,,,,,,,,,,,,,,,,,,,,,,,,,,,,,,,,,,,0.34299089437433755,0.5405392953198189,1.0165339397439632,,,,,0.11687051742883936,,,,,,,,32.712666621742976,32.712666621742976,31.134442297211695,31.134442297211695,26.412869181320723,26.412869181320723,,,,,,,-0.00898745548095166,,1.3794684780472934,1.3794684780472934,1.4399642941633612,1.4399642941633612,62.07238955423991,62.07238955423991,,32.737999725341794,32.737999725341794,31.42952364966983,31.42952364966983,25.418253928895982,25.418253928895982,,,28.237999954223632,16.199750001430512,1,14617876.798629761567000,13556755.572090453,,,,,,,
2025-11-19,,,,,,,32.900001525878906,36.500000000000000,31.469999313354492,35.540000915527344,679400,,,,,35.540000915527344,,,,,,,,,,,,,,,,,,,,,,,,,,,,,,,,,,,,,,,,,,,,,,,,,,,,,,,,,,,,,,,,,,,,,,,,,,,,,,,,,,,,,,,,,,,,,,,,,,,,,,,,,,,,,,,,,,,,,,,,,,,,,,,,,,,,,,,,,,,,,0.5578684968136884,0.5787999315238245,1.019703386698554,,,,,0.18231912836397848,,,,,,,,33.655111386337765,33.655111386337765,31.53494762614948,31.53494762614948,26.69809204801468,26.69809204801468,,,,,,,0.06720577989609339,,1.5619023024752892,1.5619023024752892,1.4643518958257469,1.4643518958257469,68.46601767296295,68.46601767296295,,33.33399963378906,33.33399963378906,31.716190338134766,31.716190338134766,25.772380934821236,25.772380934821236,,,28.628399963378907,16.31120000600815,1,24145876.622009277513600,13899640.456376757,,,,,,,
2025-11-20,,,,,,,36.040000915527344,37.229999542236330,35.479999542236330,35.569999694824220,358600,,,,,35.569999694824220,,,,,,,,,,,,,,,,,,,,,,,,,,,,,,,,,,,,,,,,,,,,,,,,,,,,,,,,,,,,,,,,,,,,,,,,,,,,,,,,,,,,,,,,,,,,,,,,,,,,,,,,,,,,,,,,,,,,,,,,,,,,,,,,,,,,,,,,,,,,,0.47091988935806933,0.5738649391455956,1.020102918217898,,,,,0.17838432123130177,,,,,,,,34.29340748916658,34.29340748916658,31.901770541483547,31.901770541483547,26.975339161977477,26.975339161977477,,,,,,,0.0008437288937987223,,1.6894283945781652,1.6894283945781652,1.5093671955762307,1.5093671955762307,68.54018695177481,68.54018695177481,,34.07999954223633,34.07999954223633,32.02333314078195,32.02333314078195,26.122857124086412,26.122857124086412,,,28.84379997253418,16.42490000486374,1,12755401.890563965292000,14045577.630201975,,,,,,,
2025-11-21,,,,,,,35.000000000000000,36.990001678466800,34.439998626708984,36.259998321533200,398300,,,,,36.259998321533200,,,,,,,,,,,,,,,,,,,,,,,,,,,,,,,,,,,,,,,,,,,,,,,,,,,,,,,,,,,,,,,,,,,,,,,,,,,,,,,,,,,,,,,,,,,,,,,,,,,,,,,,,,,,,,,,,,,,,,,,,,,,,,,,,,,,,,,,,,,,,0.471398428383438,0.5717258556110495,1.0184419517820826,,,,,0.2016499092507298,,,,,,,,34.94893776662212,34.94893776662212,32.29797306694261,32.29797306694261,27.265484760713594,27.265484760713594,,,,,,,0.01921258165616087,,1.8251318797571692,1.8251318797571692,1.5725201324124183,1.5725201324124183,70.27214789750087,70.27214789750087,,34.8259994506836,34.8259994506836,32.326190221877326,32.326190221877326,26.48714280506921,26.48714280506921,,,29.103099937438966,16.541199996471406,1,14442357.331466673560000,14225172.983104464,,,,,,,
2025-11-24,,,,,,,36.990001678466800,37.439998626708984,36.224998474121094,36.659999847412110,301100,,,,,36.659999847412110,,,,,,,,,,,,,,,,,,,,,,,,,,,,,,,,,,,,,,,,,,,,,,,,,,,,,,,,,,,,,,,,,,,,,,,,,,,,,,,,,,,,,,,,,,,,,,,,,,,,,,,,,,,,,,,,,,,,,,,,,,,,,,,,,,,,,,,,,,,,,0.4692140043967426,0.5711951381470362,1.0155157754111104,,,,,0.18038852796728758,,,,,,,,35.51929179355212,35.51929179355212,32.6945209560762,32.6945209560762,27.55906335717292,27.55906335717292,,,,,,,0.01097107921237311,,1.9425620040586153,1.9425620040586153,1.6465285067416577,1.6465285067416577,71.2599448007005,71.2599448007005,,35.45199966430664,35.45199966430664,32.624761672247026,32.624761672247026,26.846031688508532,26.846031688508532,,,29.371299934387206,16.657599995136263,1,11038325.954055786321000,14277636.568010421,,,,,,,
2025-11-25,,,,,,,37.009998321533200,37.009998321533200,35.930000305175780,36.700000762939450,276300,,,,,36.700000762939450,,,,,,,,,,,,,,,,,,,,,,,,,,,,,,,,,,,,,,,,,,,,,,,,,,,,,,,,,,,,,,,,,,,,,,,,,,,,,,,,,,,,,,,,,,,,,,,,,,,,,,,,,,,,,,,,,,,,,,,,,,,,,,,,,,,,,,,,,,,,,0.4372674981708437,0.5703669995899169,1.0143264407694472,,,,,0.18900483046805347,,,,,,,,35.91286145001456,35.91286145001456,33.058655483972856,33.058655483972856,27.844717651103124,27.844717651103124,,,,,,,0.0010905375997510454,,2.015619160188038,2.015619160188038,1.7203466374309337,1.7203466374309337,71.36242344196674,71.36242344196674,,36.145999908447266,36.145999908447266,32.896190280006046,32.896190280006046,27.208412654816158,27.208412654816158,,,29.636099967956543,16.776299998760223,1,10140210.210800170035000,14343880.000709351,,,,,,,
2025-11-26,,,,,,,36.700000762939450,38.490001678466800,36.479000091552734,38.000000000000000,344500,,,,,38.000000000000000,,,,,,,,,,,,,,,,,,,,,,,,,,,,,,,,,,,,,,,,,,,,,,,,,,,,,,,,,,,,,,,,,,,,,,,,,,,,,,,,,,,,,,,,,,,,,,,,,,,,,,,,,,,,,,,,,,,,,,,,,,,,,,,,,,,,,,,,,,,,,0.22551151100140235,0.5703318309485257,1.0147384652153457,,,,,0.1911013855975524,,,,,,,,36.60857430000971,36.60857430000971,33.507868621793506,33.507868621793506,28.162070224506152,28.162070224506152,,,,,,,0.034809383877320355,,2.153591296747969,2.153591296747969,1.806995569294341,1.806995569294341,74.53977875552911,74.53977875552911,,36.6379997253418,36.6379997253418,33.17714273361933,33.17714273361933,27.585079314216735,27.585079314216735,,,29.926099967956542,16.90394999742508,1,13091000.000000000000000,14265730.023282671,,,,,,,
2025-11-28,,,,,,,37.869998931884766,38.849998474121094,37.000000000000000,37.750000000000000,200100,,,,,37.750000000000000,,,,,,,,,,,,,,,,,,,,,,,,,,,,,,,,,,,,,,,,,,,,,,,,,,,,,,,,,,,,,,,,,,,,,,,,,,,,,,,,,,,,,,,,,,,,,,,,,,,,,,,,,,,,,,,,,,,,,,,,,,,,,,,,,,,,,,,,,,,,,0.2557590068309688,0.5591935244346932,1.0157049719445381,,,,,0.2180947719201931,,,,,,,,36.9890495333398,36.9890495333398,33.89351692890319,33.89351692890319,28.461693029990336,28.461693029990336,,,,,,,-0.006600684031352024,,2.2172037536339815,2.2172037536339815,1.889037206162269,1.889037206162269,72.86548003605257,72.86548003605257,,37.07399978637695,37.07399978637695,33.48619034176781,33.48619034176781,27.95428566705613,27.95428566705613,,,30.211499977111817,17.032799999713898,1,7553775.000000000000000,14303199.215060946,,,,,,,
2025-12-01,,,,,,,37.659999847412110,38.389999389648440,36.900001525878906,37.599998474121094,479300,,,,,37.599998474121094,,,,,,,,,,,,,,,,,,,,,,,,,,,,,,,,,,,,,,,,,,,,,,,,,,,,,,,,,,,,,,,,,,,,,,,,,,,,,,,,,,,,,,,,,,,,,,,,,,,,,,,,,,,,,,,,,,,,,,,,,,,,,,,,,,,,,,,,,,,,,0.2667309453731727,0.5276823780782899,1.0130423093347023,,,,,0.19944213739156588,,,,,,,,37.1926991802669,37.1926991802669,34.23046979665027,34.23046979665027,28.747265075119422,28.747265075119422,,,,,,,-0.003981465881071556,,2.229809360199525,2.229809360199525,1.9571916369697202,1.9571916369697202,71.82304497332252,71.82304497332252,,37.34199981689453,37.34199981689453,33.69476163954962,33.69476163954962,28.307936441330682,28.307936441330682,,,30.504699935913084,17.16419999361038,1,18021679.268646240354200,14464338.824988168,,,,,,,
2025-12-02,,,,,,,37.599998474121094,37.880001068115234,36.840000152587890,37.270000457763670,367900,,,,,37.270000457763670,,,,,,,,,,,,,,,,,,,,,,,,,,,,,,,,,,,,,,,,,,,,,,,,,,,,,,,,,,,,,,,,,,,,,,,,,,,,,,,,,,,,,,,,,,,,,,,,,,,,,,,,,,,,,,,,,,,,,,,,,,,,,,,,,,,,,,,,,,,,,0.285691131662872,0.5274815710089359,1.0130692898280986,,,,,0.19333999295536983,,,,,,,,37.21846627276582,37.21846627276582,34.506790765842396,34.506790765842396,29.013600555827054,29.013600555827054,,,,,,,-0.008815284040432208,,2.1879499867143934,2.1879499867143934,2.0033433069186546,2.0033433069186546,69.46845570341542,69.46845570341542,,37.46399993896485,37.46399993896485,33.902380716233026,33.902380716233026,28.658412645733545,28.658412645733545,,,30.776699943542482,17.2905499958992,1,13711633.168411254193000,14587829.9096274,,,,,,,
2025-12-03,,,,,,,37.889999389648440,41.880001068115234,37.448001861572266,41.490001678466800,573800,,,,,41.490001678466800,,,,,,,,,,,,,,,,,,,,,,,,,,,,,,,,,,,,,,,,,,,,,,,,,,,,,,,,,,,,,,,,,,,,,,,,,,,,,,,,,,,,,,,,,,,,,,,,,,,,,,,,,,,,,,,,,,,,,,,,,,,,,,,,,,,,,,,,,,,,,0.7875287983289484,0.6338366034882128,1.0286960484309349,,,,,0.2285895449091766,,,,,,,,38.642311407999486,38.642311407999486,35.141628121535526,35.141628121535526,29.403488090909548,29.403488090909548,,,,,,,0.10726374902597678,,2.466858552311031,2.466858552311031,2.09604635599713,2.09604635599713,78.96521386565668,78.96521386565668,,38.422000122070315,38.422000122070315,34.29523785909017,34.29523785909017,29.078253942822652,29.078253942822652,,,31.108899993896486,17.43405000448227,1,23806962.963104249840000,14880825.76639993,,,,,,,
2025-12-04,,,,,,,41.700000762939450,43.290000915527344,40.884998321533200,42.599998474121094,516900,,,,,42.599998474121094,,,,,,,,,,,,,,,,,,,,,,,,,,,,,,,,,,,,,,,,,,,,,,,,,,,,,,,,,,,,,,,,,,,,,,,,,,,,,,,,,,,,,,,,,,,,,,,,,,,,,,,,,,,,,,,,,,,,,,,,,,,,,,,,,,,,,,,,,,,,,0.7828666254185812,0.6224284010053951,1.0259884777018686,,,,,0.2506070516883219,,,,,,,,39.96154043004002,39.96154043004002,35.8196617899524,35.8196617899524,29.815879040384907,29.815879040384907,,,,,,,0.026401742657063555,,2.7458110640151645,2.7458110640151645,2.225999297600737,2.225999297600737,80.66849416695474,80.66849416695474,,39.34199981689453,39.34199981689453,34.77999977838425,34.77999977838425,29.502380900912815,29.502380900912815,,,31.43729995727539,17.584249994754792,1,22019939.211273193488600,15152309.75331806,,,,,,,
2025-12-05,,,,,,,42.069999694824220,42.990001678466800,41.171001434326170,41.709999084472656,245600,,,,,41.709999084472656,,,,,,,,,,,,,,,,,,,,,,,,,,,,,,,,,,,,,,,,,,,,,,,,,,,,,,,,,,,,,,,,,,,,,,,,,,,,,,,,,,,,,,,,,,,,,,,,,,,,,,,,,,,,,,,,,,,,,,,,,,,,,,,,,,,,,,,,,,,,,0.8230159057142067,0.5628373822014401,1.0175418831477556,,,,,0.18618703095124406,,,,,,,,40.544359981517566,40.544359981517566,36.355146998545145,36.355146998545145,30.18757029176265,30.18757029176265,,,,,,,-0.02111333119754525,,2.862075205190145,2.862075205190145,2.3532144791186185,2.3532144791186185,75.39676146125656,75.39676146125656,,40.13399963378906,40.13399963378906,35.32476161775135,35.32476161775135,29.926825326586528,29.926825326586528,,,31.74449993133545,17.731949989795684,1,10243975.775146484313600,15250137.58986337,,,,,,,
2025-12-08,,,,,,,42.139999389648440,42.500000000000000,41.299999237060550,41.459999084472656,421200,,,,,41.459999084472656,,,,,,,,,,,,,,,,,,,,,,,,,,,,,,,,,,,,,,,,,,,,,,,,,,,,,,,,,,,,,,,,,,,,,,,,,,,,,,,,,,,,,,,,,,,,,,,,,,,,,,,,,,,,,,,,,,,,,,,,,,,,,,,,,,,,,,,,,,,,,0.8268527207121776,0.5526640285655355,1.0080570952219843,,,,,0.1411893760405531,,,,,,,,40.84957301583593,40.84957301583593,36.81922446090219,36.81922446090219,30.539833691534838,30.539833691534838,,,,,,,-0.006011801333575799,,2.9006060826897553,2.9006060826897553,2.462692799832846,2.462692799832846,73.93513866838359,73.93513866838359,,40.905999755859376,40.905999755859376,35.888094947451634,35.888094947451634,30.325555468362474,30.325555468362474,,,32.033699913024904,17.87879998445511,1,17462951.614379882707200,15404569.80481829,,,,,,,
2025-12-09,,,,,,,41.409999847412110,41.799999237060550,40.540000915527344,40.759998321533200,294000,,,,,40.759998321533200,,,,,,,,,,,,,,,,,,,,,,,,,,,,,,,,,,,,,,,,,,,,,,,,,,,,,,,,,,,,,,,,,,,,,,,,,,,,,,,,,,,,,,,,,,,,,,,,,,,,,,,,,,,,,,,,,,,,,,,,,,,,,,,,,,,,,,,,,,,,,0.8464229289034048,0.5345257429420911,1.007688826394995,,,,,0.1325347158528733,,,,,,,,40.81971478440168,40.81971478440168,37.177476630050464,37.177476630050464,30.859213836222285,30.859213836222285,,,,,,,-0.017027917750190056,,2.8418982354513673,2.8418982354513673,2.53853388695655,2.53853388695655,69.85190656314334,69.85190656314334,,41.603999328613284,41.603999328613284,36.46714246840704,36.46714246840704,30.718253847152468,30.718253847152468,,,32.344899864196776,18.028499977588652,1,11983439.506530760800000,15518090.556698754,,,,,,,
2025-12-10,,,,,,,40.619998931884766,41.060001373291016,38.099998474121094,38.610000610351560,482800,,,,,38.610000610351560,,,,,,,,,,,,,,,,,,,,,,,,,,,,,,,,,,,,,,,,,,,,,,,,,,,,,,,,,,,,,,,,,,,,,,,,,,,,,,,,,,,,,,,,,,,,,,,,,,,,,,,,,,,,,,,,,,,,,,,,,,,,,,,,,,,,,,,,,,,,,0.46079499281258623,0.559452111963905,0.5429346452110609,,,,,0.05600987649224087,,,,,,,,40.08314339305164,40.08314339305164,37.30770608280511,37.30770608280511,31.101425922913826,31.101425922913826,,,,,,,-0.054189841090993215,,2.5920059652364174,2.5920059652364174,2.5492283026125238,2.5492283026125238,59.06267622402463,59.06267622402463,,41.02799911499024,41.02799911499024,36.8538091750372,36.8538091750372,30.93746021815709,30.93746021815709,,,32.598499870300294,18.16869998216629,1,18640908.294677733168000,13812106.305500818,,,,,,,
2025-12-11,,,,,,,38.599998474121094,40.189998626708984,38.505001068115234,39.569999694824220,369700,,,,,39.569999694824220,,,,,,,,,,,,,,,,,,,,,,,,,,,,,,,,,,,,,,,,,,,,,,,,,,,,,,,,,,,,,,,,,,,,,,,,,,,,,,,,,,,,,,,,,,,,,,,,,,,,,,,,,,,,,,,,,,,,,,,,,,,,,,,,,,,,,,,,,,,,,0.4505961506456161,0.5374806633435857,0.5251956500190028,,,,,0.03236834868221249,,,,,,,,39.912095493642504,39.912095493642504,37.51336913844321,37.51336913844321,31.366068853286027,31.366068853286027,,,,,,,0.024559921600765085,,2.443264017074526,2.443264017074526,2.528035445504924,2.528035445504924,61.892989963195205,61.892989963195205,,40.42199935913086,40.42199935913086,37.201904478527254,37.201904478527254,31.195793545435347,31.195793545435347,,,32.87369987487793,18.308049981594085,1,14629028.887176514134000,13575787.802175492,,,,,,,
2025-12-12,,,,,,,39.569999694824220,39.799999237060550,38.560001373291016,38.860000610351560,332500,,,,,38.860000610351560,,,,,,,,,,,,,,,,,,,,,,,,,,,,,,,,,,,,,,,,,,,,,,,,,,,,,,,,,,,,,,,,,,,,,,,,,,,,,,,,,,,,,,,,,,,,,,,,,,,,,,,,,,,,,,,,,,,,,,,,,,,,,,,,,,,,,,,,,,,,,0.4484237800655357,0.5460709138482559,0.5274812288761632,,,,,0.006178227126562319,,,,,,,,39.56139719921219,39.56139719921219,37.63579018134397,37.63579018134397,31.600254220694325,31.600254220694325,,,,,,,-0.01810578802931514,,2.2422467345159802,2.2422467345159802,2.4708777033071354,2.4708777033071354,58.66264836100436,58.66264836100436,,39.85199966430664,39.85199966430664,37.5019044421968,37.5019044421968,31.443571332901243,31.443571332901243,,,33.12089988708496,18.4387499833107,1,12920950.202941893700000,13575507.249841236,,,,,,,
2025-12-15,,,,,,,39.439998626708984,41.069999694824220,39.439998626708984,39.709999084472656,667400,,,,,39.709999084472656,,,,,,,,,,,,,,,,,,,,,,,,,,,,,,,,,,,,,,,,,,,,,,,,,,,,,,,,,,,,,,,,,,,,,,,,,,,,,,,,,,,,,,,,,,,,,,,,,,,,,,,,,,,,,,,,,,,,,,,,,,,,,,,,,,,,,,,,,,,,,0.5176714996590646,0.5359959634046952,0.5281688183833186,,,,,-0.059641705370217984,,,,,,,,39.61093116096568,39.61093116096568,37.82435462708294,37.82435462708294,31.853683747687395,31.853683747687395,,,,,,,0.021637562432109146,,2.127008038315765,2.127008038315765,2.4021037703088615,2.4021037703088615,61.26887477665094,61.26887477665094,,39.50199966430664,39.50199966430664,37.876666296096076,37.876666296096076,31.701507840837753,31.701507840837753,,,33.372899856567386,18.57614998102188,1,26502453.388977050614400,13850654.642647032,,,,,,,
2025-12-16,,,,,,,39.430000305175780,40.810001373291016,39.430000305175780,40.349998474121094,409800,,,,,40.349998474121094,,,,,,,,,,,,,,,,,,,,,,,,,,,,,,,,,,,,,,,,,,,,,,,,,,,,,,,,,,,,,,,,,,,,,,,,,,,,,,,,,,,,,,,,,,,,,,,,,,,,,,,,,,,,,,,,,,,,,,,,,,,,,,,,,,,,,,,,,,,,,0.5366263150406586,0.5349280628471016,0.5282104286321354,,,,,-0.03139688366381242,,,,,,,,39.85728693201748,39.85728693201748,38.05395861317732,38.05395861317732,32.11919358288845,32.11919358288845,,,,,,,0.015988334812050174,,2.0635359850446378,2.0635359850446378,2.3343902132560164,2.3343902132560164,63.15262016201729,63.15262016201729,,39.41999969482422,39.41999969482422,38.24904723394485,38.24904723394485,31.96896813407777,31.96896813407777,,,33.62949981689453,18.72269997358322,1,16535429.374694824321200,13922995.585102506,,,,,,,
2025-12-17,,,,,,,40.450000762939450,41.000000000000000,38.279998779296875,38.400001525878906,379500,,,,,38.400001525878906,,,,,,,,,,,,,,,,,,,,,,,,,,,,,,,,,,,,,,,,,,,,,,,,,,,,,,,,,,,,,,,,,,,,,,,,,,,,,,,,,,,,,,,,,,,,,,,,,,,,,,,,,,,,,,,,,,,,,,,,,,,,,,,,,,,,,,,,,,,,,0.5083855736234286,0.5677349294235385,0.540572746772483,,,,,-0.07115801474448528,,,,,,,,39.37152512997129,39.37152512997129,38.08541705978656,38.08541705978656,32.3154688311069,32.3154688311069,,,,,,,-0.04953385756976489,,1.8347357766670882,1.8347357766670882,2.234459325938231,2.234459325938231,54.46124135953095,54.46124135953095,,39.37799987792969,39.37799987792969,38.48095212663923,38.48095212663923,32.20579356238956,32.20579356238956,,,33.84029983520508,18.855499980449675,1,14572800.579071044827000,13950071.153831482,,,,,,,
2025-12-18,,,,,,,39.500000000000000,40.900001525878906,38.455001831054690,40.619998931884766,1056000,,,,,40.619998931884766,,,,,,,,,,,,,,,,,,,,,,,,,,,,,,,,,,,,,,,,,,,,,,,,,,,,,,,,,,,,,,,,,,,,,,,,,,,,,,,,,,,,,,,,,,,,,,,,,,,,,,,,,,,,,,,,,,,,,,,,,,,,,,,,,,,,,,,,,,,,,0.6412416282234691,0.5898701770369085,0.545349369054233,,,,,0.022697555717124264,,,,,,,,39.78768306394245,39.78768306394245,38.31583359361367,38.31583359361367,32.57498539675621,32.57498539675621,,,,,,,0.05620303052682433,,1.8116614944952047,1.8116614944952047,2.149899759649626,2.149899759649626,61.03579590497191,61.03579590497191,,39.587999725341795,39.587999725341795,38.832856859479634,38.832856859479634,32.48642845759316,32.48642845759316,,,34.08079982757568,18.999249975681305,1,42894718.872070312896000,13701978.923824856,,,,,,,
2025-12-19,,,,,,,40.919998168945310,42.584999084472656,40.658000946044920,41.709999084472656,1599300,,,,,41.709999084472656,,,,,,,,,,,,,,,,,,,,,,,,,,,,,,,,,,,,,,,,,,,,,,,,,,,,,,,,,,,,,,,,,,,,,,,,,,,,,,,,,,,,,,,,,,,,,,,,,,,,,,,,,,,,,,,,,,,,,,,,,,,,,,,,,,,,,,,,,,,,,0.6166368608706164,0.5555997812332105,0.5446311688241544,,,,,-0.006489476293297423,,,,,,,,40.42845507078585,40.42845507078585,38.624394092782666,38.624394092782666,32.860454574497346,32.860454574497346,,,,,,,0.026480356402090618,,1.8598892172792958,1.8598892172792958,2.0918976511755596,2.0918976511755596,63.799304587969715,63.799304587969715,,40.157999420166014,40.157999420166014,39.126666296096076,39.126666296096076,32.772777648199174,32.772777648199174,,,34.3397998046875,19.149149973392486,1,66706801.535797118740800,14572696.899977185,,,,,,,
2025-12-22,,,,,,,41.709999084472656,42.689998626708984,41.347000122070310,41.979999542236330,390100,,,,,41.979999542236330,,,,,,,,,,,,,,,,,,,,,,,,,,,,,,,,,,,,,,,,,,,,,,,,,,,,,,,,,,,,,,,,,,,,,,,,,,,,,,,,,,,,,,,,,,,,,,,,,,,,,,,,,,,,,,,,,,,,,,,,,,,,,,,,,,,,,,,,,,,,,0.6144479230998755,0.5550769649044804,0.5382758158712724,,,,,0.023151407580742234,,,,,,,,40.945636561269346,40.945636561269346,38.92944913364209,38.92944913364209,33.14544035473919,33.14544035473919,,,,,,,0.006452417229134085,,1.898017649512589,1.898017649512589,2.0531216508429657,2.0531216508429657,64.4714984464128,64.4714984464128,,40.61199951171875,40.61199951171875,39.43190438406808,39.43190438406808,33.04420622568282,33.04420622568282,,,34.630799789428714,19.299049971103667,1,16376397.821426392333000,14662586.902878776,,,,,,,
2025-12-23,,,,,,,41.889999389648440,43.165000915527344,41.365001678466800,42.299999237060550,336600,,,,,42.299999237060550,,,,,,,,,,,,,,,,,,,,,,,,,,,,,,,,,,,,,,,,,,,,,,,,,,,,,,,,,,,,,,,,,,,,,,,,,,,,,,,,,,,,,,,,,,,,,,,,,,,,,,,,,,,,,,,,,,,,,,,,,,,,,,,,,,,,,,,,,,,,,0.6131447687236886,0.5535478514868374,0.5312588291333844,,,,,0.00764672111361481,,,,,,,,41.39709078653308,41.39709078653308,39.235862779407405,39.235862779407405,33.43152031981173,33.43152031981173,,,,,,,0.007593764527679105,,1.9317875632481645,1.9317875632481645,2.0288548333240053,2.0288548333240053,65.29402813832942,65.29402813832942,,41.00199966430664,41.00199966430664,39.719523475283665,39.719523475283665,33.300079224601625,33.300079224601625,,,34.905399780273434,19.451649968624114,1,14238179.743194581130000,14483049.084551372,,,,,,,
2025-12-24,,,,,,,42.330001831054690,42.919998168945310,41.455001831054690,42.080001831054690,92100,,,,,42.080001831054690,,,,,,,,,,,,,,,,,,,,,,,,,,,,,,,,,,,,,,,,,,,,,,,,,,,,,,,,,,,,,,,,,,,,,,,,,,,,,,,,,,,,,,,,,,,,,,,,,,,,,,,,,,,,,,,,,,,,,,,,,,,,,,,,,,,,,,,,,,,,,0.38160582233074203,0.5550464231014489,0.5318748865212519,,,,,0.015127744374980755,,,,,,,,41.624727801373616,41.624727801373616,39.4944208750117,39.4944208750117,33.70178536703808,33.70178536703808,,,,,,,-0.005214456072727948,,1.9186811491630493,1.9186811491630493,2.006820096491814,2.006820096491814,64.19370607403829,64.19370607403829,,41.737999725341794,41.737999725341794,39.97761880783808,39.97761880783808,33.54976178729345,33.54976178729345,,,35.17699981689453,19.605949976444244,1,3875568.168640136949000,14232088.495402865,,,,,,,
2025-12-26,,,,,,,42.080001831054690,42.509998321533200,41.118000030517580,42.099998474121094,212900,,,,,42.099998474121094,,,,,,,,,,,,,,,,,,,,,,,,,,,,,,,,,,,,,,,,,,,,,,,,,,,,,,,,,,,,,,,,,,,,,,,,,,,,,,,,,,,,,,,,,,,,,,,,,,,,,,,,,,,,,,,,,,,,,,,,,,,,,,,,,,,,,,,,,,,,,0.18979501375396568,0.5551270102215012,0.5309279973575649,,,,,0.012135467524766602,,,,,,,,41.78315135895611,41.78315135895611,39.731291565839825,39.731291565839825,33.96422952663442,33.96422952663442,,,,,,,0.00047509250107009637,,1.8881424526838515,1.8881424526838515,1.9830845677302216,1.9830845677302216,64.25267376761487,64.25267376761487,,42.033999633789065,42.033999633789065,40.234761555989586,40.234761555989586,33.78944430275569,33.78944430275569,,,35.433799781799316,19.759949967861175,1,8963089.675140380912600,14113274.045801919,,,,,,,
2025-12-29,,,,,,,41.509998321533200,41.509998321533200,39.990001678466800,40.549999237060550,424600,,,,,40.549999237060550,,,,,,,,,,,,,,,,,,,,,,,,,,,,,,,,,,,,,,,,,,,,,,,,,,,,,,,,,,,,,,,,,,,,,,,,,,,,,,,,,,,,,,,,,,,,,,,,,,,,,,,,,,,,,,,,,,,,,,,,,,,,,,,,,,,,,,,,,,,,,0.2942950570850997,0.5651580442230681,0.5161282916754614,,,,,-0.017231618939971362,,,,,,,,41.37210065165759,41.37210065165759,39.8057195359508,39.8057195359508,34.170034830085235,34.170034830085235,,,,,,,-0.03751194269754186,,1.7190521678399477,1.7190521678399477,1.9302780877521668,1.9302780877521668,56.48726393120537,56.48726393120537,,41.80199966430664,41.80199966430664,40.356190091087704,40.356190091087704,34.033095072186185,34.033095072186185,,,35.67579975128174,19.906199963092803,1,17217529.676055909530000,14196048.161876012,,,,,,,
2025-12-30,,,,,,,40.360000610351560,40.849998474121094,39.575000762939450,40.049999237060550,243700,,,,,40.049999237060550,,,,,,,,,,,,,,,,,,,,,,,,,,,,,,,,,,,,,,,,,,,,,,,,,,,,,,,,,,,,,,,,,,,,,,,,,,,,,,,,,,,,,,,,,,,,,,,,,,,,,,,,,,,,,,,,,,,,,,,,,,,,,,,,,,,,,,,,,,,,,0.27531489048628605,0.5667685275494315,0.5158542804691183,,,,,-0.01960759473345427,,,,,,,,40.931400180125245,40.931400180125245,39.827926781506235,39.827926781506235,34.35378371780322,34.35378371780322,,,,,,,-0.012407107281944826,,1.5270976464626358,1.5270976464626358,1.8496419994942606,1.8496419994942606,54.211195251001584,54.211195251001584,,41.41599960327149,41.41599960327149,40.465713864281064,40.465713864281064,34.25722203935896,34.25722203935896,,,35.9205997467041,20.051499960422515,1,9760184.814071656035000,14153409.823266286,,,,,,,
2025-12-31,,,,,,,40.220001220703125,41.595001220703125,39.669998168945310,41.430000305175780,398000,,,,,41.430000305175780,,,,,,,,,,,,,,,,,,,,,,,,,,,,,,,,,,,,,,,,,,,,,,,,,,,,,,,,,,,,,,,,,,,,,,,,,,,,,,,,,,,,,,,,,,,,,,,,,,,,,,,,,,,,,,,,,,,,,,,,,,,,,,,,,,,,,,,,,,,,,0.40857560107023144,0.5761424316834874,0.5180989737938096,,,,,0.016780710727572968,,,,,,,,41.097600221808754,41.097600221808754,39.973569829112556,39.973569829112556,34.57491548615861,34.57491548615861,,,,,,,0.033876608990674614,,1.4693886605441762,1.4693886605441762,1.7735913317042438,1.7735913317042438,59.10854870746643,59.10854870746643,,41.241999816894534,41.241999816894534,40.648094903855096,40.648094903855096,34.50515856061663,34.50515856061663,,,36.154199752807614,20.201199963092805,1,16489140.121459960440000,14289082.891294692,,,,,,,
2026-01-02,,,,,,,40.860000610351560,41.830001831054690,38.130001068115234,39.770000457763670,437300,,,,,39.770000457763670,,,,,,,,,,,,,,,,,,,,,,,,,,,,,,,,,,,,,,,,,,,,,,,,,,,,,,,,,,,,,,,,,,,,,,,,,,,,,,,,,,,,,,,,,,,,,,,,,,,,,,,,,,,,,,,,,,,,,,,,,,,,,,,,,,,,,,,,,,,,,0.4856392984630496,0.5959421032980204,0.5255569876420361,,,,,0.01808292110298321,,,,,,,,40.65506696712706,40.65506696712706,39.9550635226263,39.9550635226263,34.737261891521264,34.737261891521264,,,,,,,-0.040892392725493276,,1.27500825741798,1.27500825741798,1.673874716846991,1.673874716846991,51.91550739971238,51.91550739971238,,40.779999542236325,40.779999542236325,40.76714252290272,40.76714252290272,34.71579348851764,34.71579348851764,,,36.35919975280762,20.339749963283538,1,17391421.200180052891000,14436633.227805486,,,,,,,
2026-01-05,,,,,,,39.770000457763670,40.990001678466800,37.470001220703125,38.630001068115234,314100,,,,,38.630001068115234,,,,,,,,,,,,,,,,,,,,,,,,,,,,,,,,,,,,,,,,,,,,,,,,,,,,,,,,,,,,,,,,,,,,,,,,,,,,,,,,,,,,,,,,,,,,,,,,,,,,,,,,,,,,,,,,,,,,,,,,,,,,,,,,,,,,,,,,,,,,,0.48585575897936156,0.4693651982585328,0.5292308319839246,,,,,-0.04168359710865524,,,,,,,,39.98004500078979,39.98004500078979,39.834603299488926,39.834603299488926,34.858909990789826,34.858909990789826,,,,,,,-0.029083666401795962,,1.01724578790364,1.01724578790364,1.5425489310583207,1.5425489310583207,47.628896791259145,47.628896791259145,,40.08600006103516,40.08600006103516,40.63095201764788,40.63095201764788,34.89865063864087,34.89865063864087,,,36.54939975738525,20.4721999669075,1,12133683.335494994999400,14454737.641900683,,,,,,,
2026-01-06,,,,,,,38.419998168945310,39.200000762939450,37.365001678466800,38.369998931884766,244000,,,,,38.369998931884766,,,,,,,,,,,,,,,,,,,,,,,,,,,,,,,,,,,,,,,,,,,,,,,,,,,,,,,,,,,,,,,,,,,,,,,,,,,,,,,,,,,,,,,,,,,,,,,,,,,,,,,,,,,,,,,,,,,,,,,,,,,,,,,,,,,,,,,,,,,,,0.45280519495567867,0.45672122804866117,0.5294513886716511,,,,,-0.06397014666601766,,,,,,,,39.443362977821444,39.443362977821444,39.70145744788855,39.70145744788855,34.96863152019905,34.96863152019905,,,,,,,-0.006753327906467199,,0.782961679406462,0.782961679406462,1.390631480727949,1.390631480727949,46.682169400171844,46.682169400171844,,39.65,39.65,40.42952346801758,40.42952346801758,35.07087283664279,35.07087283664279,,,36.71879974365234,20.60424996137619,1,9362279.739379882904000,14467448.873598613,,,,,,,
2026-01-07,,,,,,,38.310001373291016,40.549999237060550,38.159999847412110,40.369998931884766,337700,,,,,40.369998931884766,,,,,,,,,,,,,,,,,,,,,,,,,,,,,,,,,,,,,,,,,,,,,,,,,,,,,,,,,,,,,,,,,,,,,,,,,,,,,,,,,,,,,,,,,,,,,,,,,,,,,,,,,,,,,,,,,,,,,,,,,,,,,,,,,,,,,,,,,,,,,0.6290179204863174,0.4913552075358314,0.5370766301295822,,,,,-0.02237721648374949,,,,,,,,39.752241629175884,39.752241629175884,39.76223394643366,39.76223394643366,35.137424251814224,35.137424251814224,,,,,,,0.05081103198509426,,0.7500272732687137,0.7500272732687137,1.262510639236102,1.262510639236102,54.22032187743875,54.22032187743875,,39.71399993896485,39.71399993896485,40.365713936941965,40.365713936941965,35.26944423857189,35.26944423857189,,,36.91839973449707,20.750399954319,1,13632948.639297485478200,14529818.88037182,,,,,,,
2026-01-08,,,,,,,40.369998931884766,40.750000000000000,38.384998321533200,38.950000762939450,145400,,,,,38.950000762939450,,,,,,,,,,,,,,,,,,,,,,,,,,,,,,,,,,,,,,,,,,,,,,,,,,,,,,,,,,,,,,,,,,,,,,,,,,,,,,,,,,,,,,,,,,,,,,,,,,,,,,,,,,,,,,,,,,,,,,,,,,,,,,,,,,,,,,,,,,,,,0.5974388272841841,0.5054011149300957,0.5418671142492512,,,,,0.002360290748397037,,,,,,,,39.48482800709707,39.48482800709707,39.688394566116,39.688394566116,35.256567267786885,35.256567267786885,,,,,,,-0.03580811650228652,,0.6024004370538236,0.6024004370538236,1.1304885987996462,1.1304885987996462,48.930791007993605,48.930791007993605,,39.21800003051758,39.21800003051758,40.246190207345144,40.246190207345144,35.43380934094626,35.43380934094626,,,37.07739974975586,20.88584995985031,1,5663330.110931396030000,14269855.46196226,,,,,,,
2026-01-09,,,,,,,38.950000762939450,40.750000000000000,38.950000762939450,40.319999694824220,210500,,,,,40.319999694824220,,,,,,,,,,,,,,,,,,,,,,,,,,,,,,,,,,,,,,,,,,,,,,,,,,,,,,,,,,,,,,,,,,,,,,,,,,,,,,,,,,,,,,,,,,,,,,,,,,,,,,,,,,,,,,,,,,,,,,,,,,,,,,,,,,,,,,,,,,,,,0.6103291134746799,0.5187516808905024,0.5451053981100904,,,,,0.0355460189684912,,,,,,,,39.76321856967279,39.76321856967279,39.74581321418039,39.74581321418039,35.414799531131806,35.414799531131806,,,,,,,0.03456882428984993,,0.589161087724662,0.589161087724662,1.0222230965846495,1.0222230965846495,53.630830524681734,53.630830524681734,,39.327999877929685,39.327999877929685,40.22523789178757,40.22523789178757,35.61730139596121,35.61730139596121,,,37.24179977416992,21.02929995775223,1,8487359.935760498310000,14269038.25351473,,,,,,,
2026-01-12,,,,,,,40.169998168945310,40.250000000000000,38.490001678466800,40.189998626708984,201800,,,,,40.189998626708984,,,,,,,,,,,,,,,,,,,,,,,,,,,,,,,,,,,,,,,,,,,,,,,,,,,,,,,,,,,,,,,,,,,,,,,,,,,,,,,,,,,,,,,,,,,,,,,,,,,,,,,,,,,,,,,,,,,,,,,,,,,,,,,,,,,,,,,,,,,,,0.5499987350901302,0.4809780347013699,0.5348095831459507,,,,,0.09398725584079942,,,,,,,,39.90547858868485,39.90547858868485,39.78619370622844,39.78619370622844,35.56402450286859,35.56402450286859,,,,,,,-0.0032294419031282575,,0.5617038360903521,0.5617038360903521,0.93011924448579,0.93011924448579,53.13113797818384,53.13113797818384,,39.63999938964844,39.63999938964844,40.300475892566496,40.300475892566496,35.81984105185857,35.81984105185857,,,37.42039974212646,21.176449949741365,1,8110341.722869872971200,14280173.152569363,,,,,,,
2026-01-13,,,,,,,39.930000305175780,41.790000915527344,39.909999847412110,41.389999389648440,511400,,,,,41.389999389648440,,,,,,,,,,,,,,,,,,,,,,,,,,,,,,,,,,,,,,,,,,,,,,,,,,,,,,,,,,,,,,,,,,,,,,,,,,,,,,,,,,,,,,,,,,,,,,,,,,,,,,,,,,,,,,,,,,,,,,,,,,,,,,,,,,,,,,,,,,,,,0.5491638065783588,0.48414680233898566,0.5323051639165354,,,,,0.11442710273495449,,,,,,,,40.400318855672715,40.400318855672715,39.931994222902986,39.931994222902986,35.746086218080464,35.746086218080464,,,,,,,0.029421116723146526,,0.6295171176245589,0.6295171176245589,0.8699988191135437,0.8699988191135437,57.104175392571726,57.104175392571726,,40.24399948120117,40.24399948120117,40.387142544700986,40.387142544700986,36.02333311050657,36.02333311050657,,,37.58379970550537,21.327049944400787,1,21166845.687866212216000,14344694.483847845,,,,,,,
2026-01-14,,,,,,,41.299999237060550,41.779998779296875,38.000000000000000,41.110000610351560,537200,,,,,41.110000610351560,,,,,,,,,,,,,,,,,,,,,,,,,,,,,,,,,,,,,,,,,,,,,,,,,,,,,,,,,,,,,,,,,,,,,,,,,,,,,,,,,,,,,,,,,,,,,,,,,,,,,,,,,,,,,,,,,,,,,,,,,,,,,,,,,,,,,,,,,,,,,0.45825813838956275,0.47975051594917645,0.5326515940628436,,,,,0.16852401481590232,,,,,,,,40.636879440565664,40.636879440565664,40.03908571267104,40.03908571267104,35.91370854283893,35.91370854283893,,,,,,,-0.00678787525771011,,0.653137112300044,0.653137112300044,0.8266264777508439,0.8266264777508439,55.91317555159143,55.91317555159143,,40.39199981689453,40.39199981689453,40.49428540184384,40.49428540184384,36.223491850353426,36.223491850353426,,,37.747799720764164,21.475499947071075,1,22084292.327880858032000,14599876.901750715,,,,,,,
2026-01-15,,,,,,,41.299999237060550,41.500000000000000,39.419998168945310,39.810001373291016,274000,,,,,39.810001373291016,,,,,,,,,,,,,,,,,,,,,,,,,,,,,,,,,,,,,,,,,,,,,,,,,,,,,,,,,,,,,,,,,,,,,,,,,,,,,,,,,,,,,,,,,,,,,,,,,,,,,,,,,,,,,,,,,,,,,,,,,,,,,,,,,,,,,,,,,,,,,0.43865547876319716,0.4890486472547953,0.5363226703102864,,,,,0.20750825770430814,,,,,,,,40.361253418140784,40.361253418140784,40.01825986363649,40.01825986363649,36.03546769379056,36.03546769379056,,,,,,,-0.032133244248220345,,0.5604960053167503,0.5604960053167503,0.773400383264025,0.773400383264025,50.63299141265661,50.63299141265661,,40.56399993896484,40.56399993896484,40.4990474155971,40.4990474155971,36.39095218597897,36.39095218597897,,,37.87919971466064,21.61949995279312,1,10907940.376281738384000,14571635.699798947,,,,,,,
2026-01-16,,,,,,,39.840000152587890,41.439998626708984,39.834999084472656,40.770000457763670,229500,,,,,40.770000457763670,,,,,,,,,,,,,,,,,,,,,,,,,,,,,,,,,,,,,,,,,,,,,,,,,,,,,,,,,,,,,,,,,,,,,,,,,,,,,,,,,,,,,,,,,,,,,,,,,,,,,,,,,,,,,,,,,,,,,,,,,,,,,,,,,,,,,,,,,,,,,0.39668847122516854,0.49299219078150763,0.5333955041695438,,,,,0.2003611142204369,,,,,,,,40.49750243134841,40.49750243134841,40.08659991764805,40.08659991764805,36.18342184266472,36.18342184266472,,,,,,,0.02382835655075836,,0.5581076461246184,0.5581076461246184,0.7303418358361438,0.7303418358361438,54.08152729436388,54.08152729436388,,40.65400009155273,40.65400009155273,40.51904751005627,40.51904751005627,36.58650773669046,36.58650773669046,,,38.04619976043701,21.773849956989288,1,9356715.105056762265000,14613986.80973053,,,,,,,
2026-01-20,,,,,,,40.130001068115234,44.450000762939450,38.625000000000000,44.340000152587890,546300,,,,,44.340000152587890,,,,,,,,,,,,,,,,,,,,,,,,,,,,,,,,,,,,,,,,,,,,,,,,,,,,,,,,,,,,,,,,,,,,,,,,,,,,,,,,,,,,,,,,,,,,,,,,,,,,,,,,,,,,,,,,,,,,,,,,,,,,,,,,,,,,,,,,,,,,,0.6931677263236271,0.5371760636850952,0.5525917802536394,,,,,0.29624453648634214,,,,,,,,41.7783350050949,41.7783350050949,40.473272666278945,40.473272666278945,36.43831491484982,36.43831491484982,,,,,,,0.08394067957036441,,0.8346625238817253,0.8346625238817253,0.7512059734452601,0.7512059734452601,64.11936376539461,64.11936376539461,,41.48400039672852,41.48400039672852,40.8019045875186,40.8019045875186,36.84888869997055,36.84888869997055,,,38.3275997543335,21.943699958324434,1,24222942.083358764307000,14912399.384135291,,,,,,,
2026-01-21,,,,,,,44.500000000000000,45.000000000000000,42.272998809814450,43.700000762939450,428100,,,,,43.700000762939450,,,,,,,,,,,,,,,,,,,,,,,,,,,,,,,,,,,,,,,,,,,,,,,,,,,,,,,,,,,,,,,,,,,,,,,,,,,,,,,,,,,,,,,,,,,,,,,,,,,,,,,,,,,,,,,,,,,,,,,,,,,,,,,,,,,,,,,,,,,,,0.723725421129899,0.5105174364225968,0.5405876404266122,,,,,0.2212952903651855,,,,,,,,42.418890257709755,42.418890257709755,40.766611584157175,40.766611584157175,36.66524259760262,36.66524259760262,,,,,,,-0.014539088069366999,,0.9907706674074177,0.9907706674074177,0.7991189122376916,0.7991189122376916,61.52288119473007,61.52288119473007,,41.94600067138672,41.94600067138672,40.94857134137835,40.94857134137835,37.07031728350927,37.07031728350927,,,38.608999786376955,22.11559996366501,1,18707970.326614378545000,15026459.627414886,,,,,,,
2026-01-22,,,,,,,43.930000305175780,46.799999237060550,43.729999542236330,46.200000762939450,491900,,,,,46.200000762939450,,,,,,,,,,,,,,,,,,,,,,,,,,,,,,,,,,,,,,,,,,,,,,,,,,,,,,,,,,,,,,,,,,,,,,,,,,,,,,,,,,,,,,,,,,,,,,,,,,,,,,,,,,,,,,,,,,,,,,,,,,,,,,,,,,,,,,,,,,,,,0.7624533070737619,0.536397027973027,0.54878489294839,,,,,0.27806415177279653,,,,,,,,43.679260426119654,43.679260426119654,41.260556054955565,41.260556054955565,36.9632037902694,36.9632037902694,,,,,,,0.05563169504142089,,1.3012169830767562,1.3012169830767562,0.8995385264055045,0.8995385264055045,67.1233997517356,67.1233997517356,,42.9640007019043,42.9640007019043,41.16238094511486,41.16238094511486,37.335079193115234,37.335079193115234,,,38.96099979400635,22.301249969005585,1,22725780.375289915455000,15255986.29800403,,,,,,,
2026-01-23,,,,,,,45.830001831054690,47.360000610351560,43.259998321533200,44.270000457763670,548300,,,,,44.270000457763670,,,,,,,,,,,,,,,,,,,,,,,,,,,,,,,,,,,,,,,,,,,,,,,,,,,,,,,,,,,,,,,,,,,,,,,,,,,,,,,,,,,,,,,,,,,,,,,,,,,,,,,,,,,,,,,,,,,,,,,,,,,,,,,,,,,,,,,,,,,,,0.8127771910505744,0.560999238207339,0.5562670485157158,,,,,0.23622625975693176,,,,,,,,43.87617377000099,43.87617377000099,41.5341419097563,41.5341419097563,37.19154118612859,37.19154118612859,,,,,,,-0.042672557517216284,,1.3756553316005125,1.3756553316005125,0.9947618874445061,0.9947618874445061,59.877513590060076,59.877513590060076,,43.85600051879883,43.85600051879883,41.27142860775902,41.27142860775902,37.57555537753635,37.57555537753635,,,39.23659980773926,22.477999970912933,1,24273241.250991820261000,15471547.836779034,,,,,,,
2026-01-26,,,,,,,44.200000762939450,46.110000610351560,43.299999237060550,44.580001831054690,385700,,,,,44.580001831054690,,,,,,,,,,,,,,,,,,,,,,,,,,,,,,,,,,,,,,,,,,,,,,,,,,,,,,,,,,,,,,,,,,,,,,,,,,,,,,,,,,,,,,,,,,,,,,,,,,,,,,,,,,,,,,,,,,,,,,,,,,,,,,,,,,,,,,,,,,,,,0.8181789643064613,0.5609332582894001,0.5548135941253955,,,,,0.22804795901114983,,,,,,,,44.11078312368556,44.11078312368556,41.81103826623797,41.81103826623797,37.42243058128253,37.42243058128253,,,,,,,0.006978111946860525,,1.443028445474532,1.443028445474532,1.0844151990505113,1.0844151990505113,60.612977948682314,60.612977948682314,,44.61800079345703,44.61800079345703,41.38000015985398,41.38000015985398,37.80857128567166,37.80857128567166,,,39.482999877929686,22.6630499792099,1,17194506.706237793933000,15617330.325801788,,,,,,,
2026-01-27,,,,,,,45.000000000000000,46.990001678466800,44.384998321533200,45.340000152587890,501800,,,,,45.340000152587890,,,,,,,,,,,,,,,,,,,,,,,,,,,,,,,,,,,,,,,,,,,,,,,,,,,,,,,,,,,,,,,,,,,,,,,,,,,,,,,,,,,,,,,,,,,,,,,,,,,,,,,,,,,,,,,,,,,,,,,,,,,,,,,,,,,,,,,,,,,,,0.5812209223430392,0.5623317968331614,0.5548622638160884,,,,,0.2000066727290246,,,,,,,,44.520522133319666,44.520522133319666,42.131852983178874,42.131852983178874,37.66985463038583,37.66985463038583,,,,,,,0.016904279413618946,,1.5399955267747814,1.5399955267747814,1.1755312645953653,1.1755312645953653,62.43115165756481,62.43115165756481,,44.81800079345703,44.81800079345703,41.535238175165084,41.535238175165084,38.0458728850834,38.0458728850834,,,39.73859985351562,22.84989998102188,1,22751612.076568603202000,15840023.69487702,,,,,,,
2026-01-28,,,,,,,45.340000152587890,45.514999389648440,42.330001831054690,43.360000610351560,462600,,,,,43.360000610351560,,,,,,,,,,,,,,,,,,,,,,,,,,,,,,,,,,,,,,,,,,,,,,,,,,,,,,,,,,,,,,,,,,,,,,,,,,,,,,,,,,,,,,,,,,,,,,,,,,,,,,,,,,,,,,,,,,,,,,,,,,,,,,,,,,,,,,,,,,,,,0.674988931249017,0.5866474653729038,0.5634120414106654,,,,,0.16180131091855574,,,,,,,,44.133681625663634,44.133681625663634,42.2435027674673,42.2435027674673,37.84767169225975,37.84767169225975,,,,,,,-0.044652277237032995,,1.4404683987629525,1.4404683987629525,1.2285186914288828,1.2285186914288828,55.2725401937098,55.2725401937098,,44.75000076293945,44.75000076293945,41.59523827689035,41.59523827689035,38.24206337096199,38.24206337096199,,,39.9689998626709,23.028699984550475,1,20058336.282348631656000,16049860.778723823,,,,,,,
2026-01-29,,,,,,,43.150001525878906,45.549999237060550,42.220001220703125,45.000000000000000,629600,,,,,45.000000000000000,,,,,,,,,,,,,,,,,,,,,,,,,,,,,,,,,,,,,,,,,,,,,,,,,,,,,,,,,,,,,,,,,,,,,,,,,,,,,,,,,,,,,,,,,,,,,,,,,,,,,,,,,,,,,,,,,,,,,,,,,,,,,,,,,,,,,,,,,,,,,0.5826709863935915,0.581212377494392,0.5639107720018723,,,,,0.2237147440609664,,,,,,,,44.42245441710909,44.42245441710909,42.49409342497027,42.49409342497027,38.07118195187664,38.07118195187664,,,,,,,0.03712511856255532,,1.4769018720161,1.4769018720161,1.2781953275463263,1.2781953275463263,59.42277846735745,59.42277846735745,,44.51000061035156,44.51000061035156,41.80714307512556,41.80714307512556,38.446825299944194,38.446825299944194,,,40.21839988708496,23.214549984931946,1,28332000.000000000000000,16341418.881479898,,,,,,,
2026-01-30,,,,,,,44.099998474121094,45.659999847412110,43.388999938964844,43.580001831054690,486800,,,,,43.580001831054690,,,,,,,,,,,,,,,,,,,,,,,,,,,,,,,,,,,,,,,,,,,,,,,,,,,,,,,,,,,,,,,,,,,,,,,,,,,,,,,,,,,,,,,,,,,,,,,,,,,,,,,,,,,,,,,,,,,,,,,,,,,,,,,,,,,,,,,,,,,,,0.5432992547723043,0.5924919682263382,0.5652928815081666,,,,,0.17598813998485605,,,,,,,,44.14163688842429,44.14163688842429,42.592812370977946,42.592812370977946,38.24333257310095,38.24333257310095,,,,,,,-0.03206411823790631,,1.3753396182442543,1.3753396182442543,1.2976241856859119,1.2976241856859119,54.69080907751321,54.69080907751321,,44.37200088500977,44.37200088500977,41.97523843674433,41.97523843674433,38.642380880931064,38.642380880931064,,,40.419399948120116,23.389949994087218,1,21214744.891357423092000,16542204.672410753,,,,,,,
2026-02-02,,,,,,,43.560001373291016,47.319999694824220,42.941001892089844,46.529998779296875,741900,,,,,46.529998779296875,,,,,,,,,,,,,,,,,,,,,,,,,,,,,,,,,,,,,,,,,,,,,,,,,,,,,,,,,,,,,,,,,,,,,,,,,,,,,,,,,,,,,,,,,,,,,,,,,,,,,,,,,,,,,,,,,,,,,,,,,,,,,,,,,,,,,,,,,,,,,0.736476792094526,0.6219619083010338,0.567238510035911,,,,,0.18567195041145523,,,,,,,,44.93775751871515,44.93775751871515,42.95073840809785,42.95073840809785,38.50229089204458,38.50229089204458,21.05226189181918,21.05226189181918,,,,,0.0654988680893889,,1.515422057818462,1.515422057818462,1.341183760112422,1.341183760112422,61.54237576928682,61.54237576928682,,44.762000274658206,44.762000274658206,42.21809550694057,42.21809550694057,38.85365068344843,38.85365068344843,21.05226189181918,21.05226189181918,40.68539993286133,23.582099986076354,1,34520606.094360351562500,16923787.143985808,,,,,,,
2026-02-03,,,,,,,46.819999694824220,48.750000000000000,45.740001678466800,47.970001220703125,748500,,,,,47.970001220703125,,,,,,,,,,,,,,,,,,,,,,,,,,,,,,,,,,,,,,,,,,,,,,,,,,,,,,,,,,,,,,,,,,,,,,,,,,,,,,,,,,,,,,,,,,,,,,,,,,,,,,,,,,,,,,,,,,,,,,,,,,,,,,,,,,,,,,,,,,,,,0.752298198967494,0.6037157833835214,0.5686323557999233,0.9393625176653712,,,,0.224930959800842,,,,,,,,45.94850541937781,45.94850541937781,43.4070350274256,43.4070350274256,38.79815683981516,38.79815683981516,21.26505034501194,21.26505034501194,,,,,0.03047860133938942,,1.7227754795022392,1.7227754795022392,1.4175021039903852,1.4175021039903852,64.37437070181231,64.37437070181231,,45.28800048828125,45.28800048828125,42.60857173374721,42.60857173374721,39.09269832429432,39.09269832429432,21.17932538948362,21.17932538948362,40.933999938964845,23.78104999065399,1,35905545.913696289062500,17401307.254155476,,,,,,,
2026-02-04,,,,,,,48.220001220703125,48.939998626708984,46.580001831054690,48.139999389648440,598500,,,,,48.139999389648440,,,,,,,,,,,,,,,,,,,,,,,,,,,,,,,,,,,,,,,,,,,,,,,,,,,,,,,,,,,,,,,,,,,,,,,,,,,,,,,,,,,,,,,,,,,,,,,,,,,,,,,,,,,,,,,,,,,,,,,,,,,,,,,,,,,,,,,,,,,,,0.5859991017135622,0.5882140594651778,0.5685942547138311,0.9370388622729269,,,,0.2503962039630349,,,,,,,,46.67900340946802,46.67900340946802,43.8373045149004,43.8373045149004,39.090089419497446,39.090089419497446,21.47750053508812,21.47750053508812,,,,,0.003537578715055891,,1.879160202509368,1.879160202509368,1.509833723694182,1.509833723694182,64.70480966219156,64.70480966219156,,46.24400024414062,46.24400024414062,43.06142879667736,43.06142879667736,39.329206224471804,39.329206224471804,21.310833323569526,21.310833323569526,41.18539993286133,23.979699988365173,1,28811789.634704591340000,17659038.952564057,,,,,,,
2026-02-05,,,,,,,46.700000762939450,49.250000000000000,42.169998168945310,43.950000762939450,953700,,,,,43.950000762939450,,,,,,,,,,,,,,,,,,,,,,,,,,,,,,,,,,,,,,,,,,,,,,,,,,,,,,,,,,,,,,,,,,,,,,,,,,,,,,,,,,,,,,,,,,,,,,,,,,,,,,,,,,,,,,,,,,,,,,,,,,,,,,,,,,,,,,,,,,,,,0.9538006648892454,0.6840337625174034,0.5977816632550866,0.9330625300627136,,,,0.18268813462059266,,,,,,,,45.76933586062516,45.76933586062516,43.8475496283585,43.8475496283585,39.24196164898001,39.24196164898001,21.65514875823319,21.65514875823319,,,,,-0.09106077818580245,,1.6460240101135568,1.6460240101135568,1.5370717809780567,1.5370717809780567,51.92180836719633,51.92180836719633,,46.034000396728516,46.034000396728516,43.32714316958473,43.32714316958473,39.51222213866219,39.51222213866219,21.43265872342246,21.43265872342246,41.339199981689454,24.153799991607666,1,41915115.727615353465000,18180269.369076926,,,,,,,
2026-02-06,,,,,,,44.290000915527344,46.180000305175780,42.790000915527344,45.029998779296875,663500,,,,,45.029998779296875,,,,,,,,,,,,,,,,,,,,,,,,,,,,,,,,,,,,,,,,,,,,,,,,,,,,,,,,,,,,,,,,,,,,,,,,,,,,,,,,,,,,,,,,,,,,,,,,,,,,,,,,,,,,,,,,,,,,,,,,,,,,,,,,,,,,,,,,,,,,,0.9357448831202654,0.6683551126261595,0.5799971507701982,0.932525203479443,,,,0.1697702294387728,,,,,,,,45.522890166849066,45.522890166849066,43.955045005716535,43.955045005716535,39.42283780930241,39.42283780930241,21.8399301813246,21.8399301813246,,,,,0.02427626571437101,,1.530763028656878,1.530763028656878,1.5358100305138211,1.5358100305138211,54.421301507178015,54.421301507178015,,46.32399978637695,46.32399978637695,43.5490479242234,43.5490479242234,39.746507826305574,39.746507826305574,21.56043649665893,21.56043649665893,41.50659996032715,24.329649987220765,1,29877404.190063476562500,18336294.4942656,,,,,,,
2026-02-09,,,,,,,45.090000152587890,47.900001525878906,43.889999389648440,47.709999084472656,340100,,,,,47.709999084472656,,,,,,,,,,,,,,,,,,,,,,,,,,,,,,,,,,,,,,,,,,,,,,,,,,,,,,,,,,,,,,,,,,,,,,,,,,,,,,,,,,,,,,,,,,,,,,,,,,,,,,,,,,,,,,,,,,,,,,,,,,,,,,,,,,,,,,,,,,,,,0.906365662376305,0.6746282033770471,0.5862275376091975,0.9339862015439963,,,,0.20320083233075853,,,,,,,,46.251926472723596,46.251926472723596,44.29640446742164,44.29640446742164,39.68181159915148,39.68181159915148,22.044436654867273,22.044436654867273,,,,,0.05781209313377679,,1.6368034461204246,1.6368034461204246,1.5560087136351417,1.5560087136351417,59.98117294498235,59.98117294498235,,46.55999984741211,46.55999984741211,43.96619070143927,43.96619070143927,40.033491952078684,40.033491952078684,21.69817458826398,21.69817458826398,41.72679992675781,24.520449981689453,1,16226170.688629150305600,18463998.1120488,,,,,,,
2026-02-10,,,,,,,47.630001068115234,48.514999389648440,45.220001220703125,48.369998931884766,283100,,,,,48.369998931884766,,,,,,,,,,,,,,,,,,,,,,,,,,,,,,,,,,,,,,,,,,,,,,,,,,,,,,,,,,,,,,,,,,,,,,,,,,,,,,,,,,,,,,,,,,,,,,,,,,,,,,,,,,,,,,,,,,,,,,,,,,,,,,,,,,,,,,,,,,,,,0.8842513265053809,0.6687711766605753,0.5797993009989408,0.9337245635769061,,,,0.21583807536356983,,,,,,,,46.95795062577732,46.95795062577732,44.66673123691828,44.66673123691828,39.95331745329939,39.95331745329939,22.252543866543302,22.252543866543302,,,,,0.013738764414114592,,1.75388007502508,1.75388007502508,1.5955829859131294,1.5955829859131294,61.23527593050387,61.23527593050387,,46.63999938964844,46.63999938964844,44.34952399844215,44.34952399844215,40.347301452878924,40.347301452878924,21.837023789920504,21.837023789920504,41.93419990539551,24.72379997730255,1,13693546.697616577254600,18529912.18459417,,,,,,,
2026-02-11,,,,,,,48.369998931884766,48.435001373291016,44.299999237060550,47.220001220703125,818100,,,,,47.220001220703125,,,,,,,,,,,,,,,,,,,,,,,,,,,,,,,,,,,,,,,,,,,,,,,,,,,,,,,,,,,,,,,,,,,,,,,,,,,,,,,,,,,,,,,,,,,,,,,,,,,,,,,,,,,,,,,,,,,,,,,,,,,,,,,,,,,,,,,,,,,,,0.902089701139086,0.6772806113349239,0.5721420668178377,0.9334458646743427,,,,0.21729316997824666,,,,,,,,47.04530082408592,47.04530082408592,44.89884668998963,44.89884668998963,40.18040132103076,40.18040132103076,22.44991507092401,22.44991507092401,,,,,-0.024062207243940825,,1.7338818321065474,1.7338818321065474,1.623242755151813,1.623242755151813,57.83438434662741,57.83438434662741,,46.455999755859374,46.455999755859374,44.684286026727584,44.684286026727584,40.61285703144376,40.61285703144376,21.972976175565567,21.972976175565567,42.12359992980957,24.91884998321533,1,38630682.998657226562500,18954011.233611334,,,,,,,
2026-02-12,,,,,,,47.299999237060550,47.849998474121094,45.509998321533200,47.040000915527344,589300,,,,,47.040000915527344,,,,,,,,,,,,,,,,,,,,,,,,,,,,,,,,,,,,,,,,,,,,,,,,,,,,,,,,,,,,,,,,,,,,,,,,,,,,,,,,,,,,,,,,,,,,,,,,,,,,,,,,,,,,,,,,,,,,,,,,,,,,,,,,,,,,,,,,,,,,,0.4886784944154914,0.6736121041285581,0.5635864217616491,0.93246013301677,,,,0.2058009572538153,,,,,,,,47.04353418789973,47.04353418789973,45.093497074129424,45.093497074129424,40.39476380835878,40.39476380835878,22.644303101316133,22.644303101316133,,,,,-0.003819234455654476,,1.6840953572463064,1.6840953572463064,1.6354132755707116,1.6354132755707116,57.29798112559339,57.29798112559339,,47.07399978637695,47.07399978637695,44.953333718436106,44.953333718436106,40.84746024722145,40.84746024722145,22.110158717821516,22.110158717821516,42.31239997863769,25.112149987220764,1,27720672.539520263819200,19145159.06464713,,,,,,,
2026-02-13,,,,,,,47.000000000000000,48.759998321533200,45.889999389648440,46.009998321533200,416800,,,,,46.009998321533200,,,,,,,,,,,,,,,,,,,,,,,,,,,,,,,,,,,,,,,,,,,,,,,,,,,,,,,,,,,,,,,,,,,,,,,,,,,,,,,,,,,,,,,,,,,,,,,,,,,,,,,,,,,,,,,,,,,,,,,,,,,,,,,,,,,,,,,,,,,,,0.5337484990506609,0.6793854724570229,0.5663373794687393,0.9317561234753822,,,,0.14260059213563653,,,,,,,,46.69902223244422,46.69902223244422,45.17681536934795,45.17681536934795,40.57023988689548,40.57023988689548,22.829012154440377,22.829012154440377,,,,,-0.022139595366213915,,1.543731440871987,1.543731440871987,1.6170769086309666,1.6170769086309666,54.20016504619973,54.20016504619973,,47.26999969482422,47.26999969482422,45.18666694277809,45.18666694277809,41.06095226227291,41.06095226227291,22.245198395517136,22.245198395517136,42.48719993591308,25.298249979019165,1,19176967.300415037760000,19205303.67816138,,,,,,,
2026-02-17,,,,,,,46.009998321533200,47.860000610351560,44.540000915527344,46.970001220703125,339800,,,,,46.970001220703125,,,,,,,,,,,,,,,,,,,,,,,,,,,,,,,,,,,,,,,,,,,,,,,,,,,,,,,,,,,,,,,,,,,,,,,,,,,,,,,,,,,,,,,,,,,,,,,,,,,,,,,,,,,,,,,,,,,,,,,,,,,,,,,,,,,,,,,,,,,,,0.32241859719294197,0.6671757058165225,0.5642699511121388,0.9297960992275345,,,,0.1711160472673128,,,,,,,,46.789348561863854,46.789348561863854,45.3398322649257,45.3398322649257,40.77023242857697,40.77023242857697,23.019850012671704,23.019850012671704,,,,,0.020650398341000617,,1.492748758280328,1.492748758280328,1.592211278560839,1.592211278560839,56.557647939320255,56.557647939320255,,47.12200012207031,47.12200012207031,45.52761931646438,45.52761931646438,41.30111100938585,41.30111100938585,22.386666655540466,22.386666655540466,42.59679992675781,25.48684998512268,1,15960406.414794921875000,19256787.969492353,,,,,,,
2026-02-18,,,,,,,47.799999237060550,48.029998779296875,44.990001678466800,45.080001831054690,577100,,,,,45.080001831054690,,,,,,,,,,,,,,,,,,,,,,,,,,,,,,,,,,,,,,,,,,,,,,,,,,,,,,,,,,,,,,,,,,,,,,,,,,,,,,,,,,,,,,,,,,,,,,,,,,,,,,,,,,,,,,,,,,,,,,,,,,,,,,,,,,,,,,,,,,,,,0.372676392992334,0.6852561186496324,0.5712022753052254,0.9294543532588797,,,,0.11568580486277406,,,,,,,,46.2195663182608,46.2195663182608,45.316211316391964,45.316211316391964,40.9049127224044,40.9049127224044,23.19423856459568,23.19423856459568,,,,,-0.04107039623842968,,1.285024497152179,1.285024497152179,1.530773922279107,1.530773922279107,50.992638285543705,50.992638285543705,,46.4640007019043,46.4640007019043,45.73285747709728,45.73285747709728,41.5003174070328,41.5003174070328,22.5179365040764,22.5179365040764,42.64639999389649,25.659299993515013,1,26015669.056701661599000,19198463.19442628,,,,,,,
2026-02-19,,,,,,,45.029998779296875,46.569999694824220,42.560001373291016,45.040000915527344,291200,,,,,45.040000915527344,,,,,,,,,,,,,,,,,,,,,,,,,,,,,,,,,,,,,,,,,,,,,,,,,,,,,,,,,,,,,,,,,,,,,,,,,,,,,,,,,,,,,,,,,,,,,,,,,,,,,,,,,,,,,,,,,,,,,,,,,,,,,,,,,,,,,,,,,,,,,0.3699073106469321,0.6218663840904103,0.569032970343517,0.9276152969169059,,,,0.07787127684973386,,,,,,,,45.82637785068298,45.82637785068298,45.29110127994973,45.29110127994973,41.03413422843949,41.03413422843949,23.366932338120833,23.366932338120833,,,,,-0.000887725631050909,,1.1044424588797668,1.1044424588797668,1.445507629599239,1.445507629599239,50.87853395650526,50.87853395650526,,46.02800064086914,46.02800064086914,45.76619084676107,45.76619084676107,41.68301585363963,41.68301585363963,22.64591269833701,22.64591269833701,42.71300003051758,25.8302499961853,1,13115648.266601562572800,19122334.986786615,,,,,,,
2026-02-20,,,,,,,44.709999084472656,45.242000579833984,43.360000610351560,44.220001220703125,267600,,,,,44.220001220703125,,,,,,,,,,,,,,,,,,,,,,,,,,,,,,,,,,,,,,,,,,,,,,,,,,,,,,,,,,,,,,,,,,,,,,,,,,,,,,,,,,,,,,,,,,,,,,,,,,,,,,,,,,,,,,,,,,,,,,,,,,,,,,,,,,,,,,,,,,,,,0.37037241987890807,0.6231944486008553,0.5702579379334709,0.9276210200835462,,,,0.07513474653562895,,,,,,,,45.29091897402303,45.29091897402303,45.193728547290945,45.193728547290945,41.133692571947726,41.133692571947726,23.531778732449546,23.531778732449546,,,,,-0.018373801123891833,,0.8849614850464036,0.8849614850464036,1.3333984006886719,1.3333984006886719,48.48347177660772,48.48347177660772,,45.4640007019043,45.4640007019043,45.790952773321244,45.790952773321244,41.85746032472641,41.85746032472641,22.771547622150845,22.771547622150845,42.768200073242184,25.99925000190735,1,11833272.326660156250000,19078134.91580297,,,,,,,
2026-02-23,,,,,,,44.830001831054690,46.849998474121094,44.200000762939450,45.540000915527344,378300,,,,,45.540000915527344,,,,,,,,,,,,,,,,,,,,,,,,,,,,,,,,,,,,,,,,,,,,,,,,,,,,,,,,,,,,,,,,,,,,,,,,,,,,,,,,,,,,,,,,,,,,,,,,,,,,,,,,,,,,,,,,,,,,,,,,,,,,,,,,,,,,,,,,,,,,,0.455662830988505,0.6001972331039839,0.5582597339085369,0.9272131816258575,,,,0.04911399483146541,,,,,,,,45.3739462878578,45.3739462878578,45.225207853494254,45.225207853494254,41.27138970768459,41.27138970768459,23.705756773422493,23.705756773422493,,,,,0.029413877704873116,,0.8082175469003019,0.8082175469003019,1.228362229930998,1.228362229930998,52.370378823713686,52.370378823713686,,45.370001220703124,45.370001220703124,45.75952420915876,45.75952420915876,42.01619048345657,42.01619048345657,22.903968260401772,22.903968260401772,42.86380012512207,26.1814000082016,1,17227782.346343994235200,18968323.895554315,,,,,,,
2026-02-24,,,,,,,45.909999847412110,46.279998779296875,45.020000457763670,45.299999237060550,294600,,,,,45.299999237060550,,,,,,,,,,,,,,,,,,,,,,,,,,,,,,,,,,,,,,,,,,,,,,,,,,,,,,,,,,,,,,,,,,,,,,,,,,,,,,,,,,,,,,,,,,,,,,,,,,,,,,,,,,,,,,,,,,,,,,,,,,,,,,,,,,,,,,,,,,,,,0.4090683153913892,0.580905690572909,0.5585321271583372,0.9271973105440475,,,,0.060903334957048236,,,,,,,,45.34929727092538,45.34929727092538,45.2320070701821,45.2320070701821,41.39728375547759,41.39728375547759,23.876462247443346,23.876462247443346,,,,,-0.005284065092342051,,0.7197346404192473,0.7197346404192473,1.1266367120286478,1.1266367120286478,51.60794999915137,51.60794999915137,,45.03600082397461,45.03600082397461,45.80857177007766,45.80857177007766,42.17063492063492,42.17063492063492,23.03575397105444,23.03575397105444,42.99760009765625,26.360450005531312,1,13345379.775238038030000,18977688.623882476,,,,,,,
2026-02-25,,,,,,,45.590000152587890,47.490001678466800,45.509998321533200,47.229999542236330,490800,,,,,47.229999542236330,,,,,,,,,,,,,,,,,,,,,,,,,,,,,,,,,,,,,,,,,,,,,,,,,,,,,,,,,,,,,,,,,,,,,,,,,,,,,,,,,,,,,,,,,,,,,,,,,,,,,,,,,,,,,,,,,,,,,,,,,,,,,,,,,,,,,,,,,,,,,0.39987482496681076,0.5975684604945486,0.5628482201931502,0.9205303865801645,,,,0.09675273815258956,,,,,,,,45.97619802802903,45.97619802802903,45.413642749459754,45.413642749459754,41.5795561238138,41.5795561238138,24.061075190485187,24.061075190485187,,,,,0.04172225856874539,,0.7961684600800893,0.7961684600800893,1.060543061638936,1.060543061638936,57.02604591602729,57.02604591602729,,45.466000366210935,45.466000366210935,45.934762137276785,45.934762137276785,42.34476192413815,42.34476192413815,23.180238097433058,23.180238097433058,43.15080009460449,26.546500000953674,1,23180483.775329590764000,19116389.04362633,,,,,,,
2026-02-26,,,,,,,47.229999542236330,47.270000457763670,44.619998931884766,45.840000152587890,339800,,,,,45.840000152587890,,,,,,,,,,,,,,,,,,,,,,,,,,,,,,,,,,,,,,,,,,,,,,,,,,,,,,,,,,,,,,,,,,,,,,,,,,,,,,,,,,,,,,,,,,,,,,,,,,,,,,,,,,,,,,,,,,,,,,,,,,,,,,,,,,,,,,,,,,,,,0.4894007062124512,0.6055242262330925,0.5667637928170782,0.9207603187951167,,,,0.10820039269760871,,,,,,,,45.930798736215316,45.930798736215316,45.4524025133805,45.4524025133805,41.71269499971299,41.71269499971299,24.233240605205367,24.233240605205367,,,,,-0.029872198480612896,,0.736096219784514,0.736096219784514,0.9956536932680516,0.9956536932680516,52.469637475560965,52.469637475560965,,45.626000213623044,45.626000213623044,45.95857166108631,45.95857166108631,42.49047621469649,42.49047621469649,23.3201984167099,23.3201984167099,43.29040008544922,26.727600002288817,1,15576432.051849365022000,19188422.47375004,,,,,,,
2026-02-27,,,,,,,45.490001678466800,46.275001525878906,44.599998474121094,45.590000152587890,379600,,,,,45.590000152587890,,,,,,,,,,,,,,,,,,,,,,,,,,,,,,,,,,,,,,,,,,,,,,,,,,,,,,,,,,,,,,,,,,,,,,,,,,,,,,,,,,,,,,,,,,,,,,,,,,,,,,,,,,,,,,,,,,,,,,,,,,,,,,,,,,,,,,,,,,,,,0.46076511030738526,0.5835043266785179,0.5670311077738135,0.915793578375024,,,,0.13092195217463434,,,,,,,,45.81719920833951,45.81719920833951,45.464911389672075,45.464911389672075,41.833860785740335,41.833860785740335,24.402068743919855,24.402068743919855,,,,,-0.005468678162880642,,0.6606994934015518,0.6606994934015518,0.9286628532947517,0.9286628532947517,51.66999130965745,51.66999130965745,,45.9,45.9,46.064762115478516,46.064762115478516,42.63158731611948,42.63158731611948,23.454682545056418,23.454682545056418,43.40800010681152,26.904900002479554,1,17305964.057922363044000,19302164.598307535,,,,,,,
2026-03-02,,,,,,,44.500000000000000,46.130001068115234,43.959999084472656,45.610000610351560,236600,,,,,45.610000610351560,,,,,,,,,,,,,,,,,,,,,,,,,,,,,,,,,,,,,,,,,,,,,,,,,,,,,,,,,,,,,,,,,,,,,,,,,,,,,,,,,,,,,,,,,,,,,,,,,,,,,,,,,,,,,,,,,,,,,,,,,,,,,,,,,,,,,,,,,,,,,0.41171657408867485,0.5696610964155455,0.5634588593509802,0.9124346879031375,,,,0.10679410493597015,,,,,,,,45.74813300901019,45.74813300901019,45.478101318824756,45.478101318824756,41.95186515525943,41.95186515525943,24.569720379227615,24.569720379227615,,,,,0.00043860653326739386,,0.5956941232832165,0.5956941232832165,0.8620691072924447,0.8620691072924447,51.73336681160441,51.73336681160441,,45.91399993896484,45.91399993896484,46.09380976359049,46.09380976359049,42.75238097660125,42.75238097660125,23.585198419434683,23.585198419434683,43.51320014953613,27.083650007247925,1,10791326.144409179096000,19265661.838694982,,,,,,,
2026-03-03,,,,,,,44.540000915527344,45.259998321533200,43.000000000000000,44.180000305175780,289900,,,,,44.180000305175780,,,,,,,,,,,,,,,,,,,,,,,,,,,,,,,,,,,,,,,,,,,,,,,,,,,,,,,,,,,,,,,,,,,,,,,,,,,,,,,,,,,,,,,,,,,,,,,,,,,,,,,,,,,,,,,,,,,,,,,,,,,,,,,,,,,,,,,,,,,,,0.47308788769357546,0.5695101187926442,0.5674388590207464,0.9121023341833709,,,,0.15050163034118427,,,,,,,,45.22542210773206,45.22542210773206,45.36009213576576,45.36009213576576,42.02149437869432,42.02149437869432,24.72474235492681,24.72474235492681,,,,,-0.031854799206050895,,0.4239013545635615,0.4239013545635615,0.774435556746668,0.774435556746668,46.98896666022911,46.98896666022911,,45.69000015258789,45.69000015258789,46.12238111950102,46.12238111950102,42.854444473508806,42.854444473508806,23.711984136747937,23.711984136747937,43.62880012512207,27.25925000667572,1,12807782.088470458622000,19349058.77660721,,,,,,,
2026-03-04,,,,,,,46.590000152587890,46.650001525878906,44.430000305175780,46.479999542236330,414200,,,,,46.479999542236330,,,,,,,,,,,,,,,,,,,,,,,,,,,,,,,,,,,,,,,,,,,,,,,,,,,,,,,,,,,,,,,,,,,,,,,,,,,,,,,,,,,,,,,,,,,,,,,,,,,,,,,,,,,,,,,,,,,,,,,,,,,,,,,,,,,,,,,,,,,,,0.5301634984472711,0.550318036405551,0.575401394666168,0.9068270709988075,,,,0.14286812132874335,,,,,,,,45.643614585900146,45.643614585900146,45.46190189999036,45.46190189999036,42.16082266505501,42.16082266505501,24.89672067261305,24.89672067261305,,,,,0.050749897795513685,,0.46795081844258135,0.46795081844258135,0.7131386090858507,0.7131386090858507,54.25547729627471,54.25547729627471,,45.54000015258789,45.54000015258789,46.12000020345052,46.12000020345052,42.995396871415394,42.995396871415394,23.85261905571771,23.85261905571771,43.746000137329105,27.4454000043869,1,19252015.810394287886000,19368587.92806353,,,,,,,
2026-03-05,,,,,,,46.209999084472656,46.345001220703125,44.529998779296875,45.299999237060550,350100,,,,,45.299999237060550,,,,,,,,,,,,,,,,,,,,,,,,,,,,,,,,,,,,,,,,,,,,,,,,,,,,,,,,,,,,,,,,,,,,,,,,,,,,,,,,,,,,,,,,,,,,,,,,,,,,,,,,,,,,,,,,,,,,,,,,,,,,,,,,,,,,,,,,,,,,,0.5176623279862609,0.5454448118901838,0.5778430102389982,0.9050662547577469,,,,0.1045655347025002,,,,,,,,45.529076136286946,45.529076136286946,45.447183476087645,45.447183476087645,42.25892193293018,42.25892193293018,25.058011412252952,25.058011412252952,,,,,-0.02571508704798213,,0.4029986553315794,0.4029986553315794,0.6511106183349964,0.6511106183349964,50.435710102646155,50.435710102646155,,45.43199996948242,45.43199996948242,45.99285725184849,45.99285725184849,43.122857169499476,43.122857169499476,23.98539682986244,23.98539682986244,43.81780014038086,27.625650000572204,1,15859529.732894898555000,19402681.524325173,,,,,,,
2026-03-06,,,,,,,44.619998931884766,45.860000610351560,43.099998474121094,44.830001831054690,383500,,,,,44.830001831054690,,,,,,,,,,,,,,,,,,,,,,,,,,,,,,,,,,,,,,,,,,,,,,,,,,,,,,,,,,,,,,,,,,,,,,,,,,,,,,,,,,,,,,,,,,,,,,,,,,,,,,,,,,,,,,,,,,,,,,,,,,,,,,,,,,,,,,,,,,,,,0.5207220049254464,0.5455694297899684,0.5381911982989045,0.9051992039827674,,,,0.09654257497907581,,,,,,,,45.296051367876196,45.296051367876196,45.39107605381192,45.39107605381192,42.33926817974657,42.33926817974657,25.214311731769172,25.214311731769172,,,,,-0.010429416635305108,,0.31002496061642404,0.31002496061642404,0.582893486791282,0.582893486791282,48.95725417562476,48.95725417562476,,45.28000030517578,45.28000030517578,45.83523832048689,45.83523832048689,43.175873044937376,43.175873044937376,24.116190488376315,24.116190488376315,43.87480018615722,27.801300010681153,1,17192305.702209473615000,19297686.964628432,,,,,,,
2026-03-09,,,,,,,44.000000000000000,45.979999542236330,42.880001068115234,45.060001373291016,495500,,,,,45.060001373291016,,,,,,,,,,,,,,,,,,,,,,,,,,,,,,,,,,,,,,,,,,,,,,,,,,,,,,,,,,,,,,,,,,,,,,,,,,,,,,,,,,,,,,,,,,,,,,,,,,,,,,,,,,,,,,,,,,,,,,,,,,,,,,,,,,,,,,,,,,,,,0.5239230329309397,0.4429078854027751,0.5358231394452972,0.905035689100428,,,,0.17985623665141048,,,,,,,,45.2173680363478,45.2173680363478,45.36097835558275,45.36097835558275,42.42429109204483,42.42429109204483,25.371194653836536,25.371194653836536,,,,,0.005117366469287577,,0.2519968161534294,0.2519968161534294,0.5167141526637115,0.5167141526637115,49.73379190540495,49.73379190540495,,45.17000045776367,45.17000045776367,45.88809549240839,45.88809549240839,43.21492071000357,43.21492071000357,24.24845240040431,24.24845240040431,43.93000022888184,27.97605001926422,1,22327230.680465698428000,19302564.606996566,,,,,,,
2026-03-10,,,,,,,46.290000915527344,51.360000610351560,45.099998474121094,51.055000305175780,1289500,,,,,51.055000305175780,,,,,,,,,,,,,,,,,,,,,,,,,,,,,,,,,,,,,,,,,,,,,,,,,,,,,,,,,,,,,,,,,,,,,,,,,,,,,,,,,,,,,,,,,,,,,,,,,,,,,,,,,,,,,,,,,,,,,,,,,,,,,,,,,,,,,,,,,,,,,0.9652913349203336,0.6133845356843516,0.5884524770108881,0.9127414308954988,,,,0.27029050138513333,,,,,,,,47.16324545929046,47.16324545929046,45.878616714636664,45.878616714636664,42.69400075495518,42.69400075495518,25.574228690606017,25.574228690606017,,,,,0.12490852350385383,,0.6818949446458404,0.6818949446458404,0.5497503110601373,0.5497503110601373,64.77605908756023,64.77605908756023,,46.54500045776367,46.54500045776367,46.17500032697405,46.17500032697405,43.36325406271314,43.36325406271314,24.403432560345482,24.403432560345482,44.10950019836426,28.178725018501282,1,65835422.893524168310000,20184968.529510498,,,,,,,
2026-03-11,,,,,,,51.049999237060550,51.069999694824220,48.159999847412110,50.439998626708984,490900,,,,,50.439998626708984,,,,,,,,,,,,,,,,,,,,,,,,,,,,,,,,,,,,,,,,,,,,,,,,,,,,,,,,,,,,,,,,,,,,,,,,,,,,,,,,,,,,,,,,,,,,,,,,,,,,,,,,,,,,,,,,,,,,,,,,,,,,,,,,,,,,,,,,,,,,,0.9788348861864976,0.5861592112962487,0.5889679776721342,0.9125934506852711,,,,0.2628262645126904,,,,,,,,48.25549651509664,48.25549651509664,46.29328779755233,46.29328779755233,42.936063188447484,42.936063188447484,25.77079604187956,25.77079604187956,,,,,-0.012119005114404946,,0.9618788721665084,0.9618788721665084,0.6321760232814114,0.6321760232814114,62.70306613347893,62.70306613347893,,47.3370002746582,47.3370002746582,46.30500030517578,46.30500030517578,43.50579373798673,43.50579373798673,24.556845254368252,24.556845254368252,44.276300201416014,28.380075011253357,1,24760995.325851440245600,20300810.49318465,,,,,,,
2026-03-12,,,,,,,49.029998779296875,52.564998626708984,47.000000000000000,51.834999084472656,703500,,,,,51.834999084472656,,,,,,,,,,,,,,,,,,,,,,,,,,,,,,,,,,,,,,,,,,,,,,,,,,,,,,,,,,,,,,,,,,,,,,,,,,,,,,,,,,,,,,,,,,,,,,,,,,,,,,,,,,,,,,,,,,,,,,,,,,,,,,,,,,,,,,,,,,,,,0.9048557827816788,0.5912424968013186,0.5894762521767721,0.9112018398105202,,,,0.2781015295998066,,,,,,,,49.44866403822198,49.44866403822198,46.7970797327269,46.7970797327269,43.214154935198266,43.214154935198266,25.976837172651045,25.976837172651045,,,,,0.027281095242247203,,1.2815600043514195,1.2815600043514195,0.762052819495413,0.762052819495413,65.40733609048064,65.40733609048064,,48.64400024414063,48.64400024414063,46.47000031244187,46.47000031244187,43.681587400890535,43.681587400890535,24.718015884596205,24.718015884596205,44.50200019836426,28.587850008010864,1,36465921.855926513496000,20689421.32412744,,,,,,,
2026-03-13,,,,,,,51.759998321533200,52.860000610351560,49.060001373291016,50.209999084472656,1065900,,,,,50.209999084472656,,,,,,,,,,,,,,,,,,,,,,,,,,,,,,,,,,,,,,,,,,,,,,,,,,,,,,,,,,,,,,,,,,,,,,,,,,,,,,,,,,,,,,,,,,,,,,,,,,,,,,,,,,,,,,,,,,,,,,,,,,,,,,,,,,,,,,,,,,,,,0.9709740206435081,0.5963770061344731,0.582189936567359,0.9119899441841905,,,,0.19609497188481395,,,,,,,,49.7024423869722,49.7024423869722,47.10734512834016,47.10734512834016,43.432775064863094,43.432775064863094,26.1684036699777,26.1684036699777,,,,,-0.03185138730008648,,1.387788127808534,1.387788127808534,0.8871998811580373,0.8871998811580373,59.95404015912257,59.95404015912257,,49.71999969482422,49.71999969482422,46.61238116309757,46.61238116309757,43.86571436079721,43.86571436079721,24.872420642111038,24.872420642111038,44.7052001953125,28.782900004386903,1,53518838.024139404030400,21243039.25634112,,,,,,,
2026-03-16,,,,,,,50.959999084472656,53.650001525878906,50.599998474121094,51.259998321533200,899700,,,,,51.259998321533200,,,,,,,,,,,,,,,,,,,,,,,,,,,,,,,,,,,,,,,,,,,,,,,,,,,,,,,,,,,,,,,,,,,,,,,,,,,,,,,,,,,,,,,,,,,,,,,,,,,,,,,,,,,,,,,,,,,,,,,,,,,,,,,,,,,,,,,,,,,,,0.9594649868505132,0.5989257522855667,0.5816910338783872,0.9120899358784114,,,,0.12370232439000126,,,,,,,,50.22162769849253,50.22162769849253,47.48485905499407,47.48485905499407,43.677375791634034,43.677375791634034,26.366756196867467,26.366756196867467,,,,,0.02069649637909226,,1.538960663640907,1.538960663640907,1.0175520376546112,1.0175520376546112,62.14997321912649,62.14997321912649,,50.959999084472656,50.959999084472656,46.81333342052641,46.81333342052641,44.0512698945545,44.0512698945545,25.030992063265,25.030992063265,44.90180015563965,28.981799998283385,1,46118620.489883420040000,21742874.04368567,,,,,,,
2026-03-17,,,,,,,51.020000457763670,53.000000000000000,49.979999542236330,50.389999389648440,922200,,,,,50.389999389648440,,,,,,,,,,,,,,,,,,,,,,,,,,,,,,,,,,,,,,,,,,,,,,,,,,,,,,,,,,,,,,,,,,,,,,,,,,,,,,,,,,,,,,,,,,,,,,,,,,,,,,,,,,,,,,,,,,,,,,,,,,,,,,,,,,,,,,,,,,,,,0.4041481315933127,0.5964019557844279,0.5815410377224297,0.9117543582557457,,,,0.09137526288440191,,,,,,,,50.2777515955445,50.2777515955445,47.74896272178083,47.74896272178083,43.88714527907199,43.88714527907199,26.556663257679965,26.556663257679965,,,,,-0.017117957611788626,,1.570461047135403,1.570461047135403,1.1281338395507696,1.1281338395507696,59.250832691546016,59.250832691546016,,50.82699890136719,50.82699890136719,47.021904899960475,47.021904899960475,44.23428574819413,44.23428574819413,25.187341268100436,25.187341268100436,45.11420013427735,29.17289999485016,1,46469657.437133791368000,22275393.20613316,,,,,,,
2026-03-18,,,,,,,50.419998168945310,51.740001678466800,48.005001068115234,48.470001220703125,491500,,,,,48.470001220703125,,,,,,,,,,,,,,,,,,,,,,,,,,,,,,,,,,,,,,,,,,,,,,,,,,,,,,,,,,,,,,,,,,,,,,,,,,,,,,,,,,,,,,,,,,,,,,,,,,,,,,,,,,,,,,,,,,,,,,,,,,,,,,,,,,,,,,,,,,,,,0.4809637364331089,0.6113148082304792,0.5866964850817424,0.9120347339947628,,,,0.04246119650762283,,,,,,,,49.675168137264045,49.675168137264045,47.81451167622831,47.81451167622831,44.03035952724796,44.03035952724796,26.7298912257671,26.7298912257671,,,,,-0.03884765553795419,,1.4240815956880368,1.4240815956880368,1.187323390778223,1.187323390778223,53.33755586847228,53.33755586847228,,50.43299942016601,50.43299942016601,47.093333471389045,47.093333471389045,44.37333340115018,44.37333340115018,25.33408730559879,25.33408730559879,45.3110001373291,29.365199999809263,1,23823005.599975585937500,22232862.288847424,,,,,,,
2026-03-19,,,,,,,47.470001220703125,50.000000000000000,46.669998168945310,49.430000305175780,648700,,,,,49.430000305175780,,,,,,,,,,,,,,,,,,,,,,,,,,,,,,,,,,,,,,,,,,,,,,,,,,,,,,,,,,,,,,,,,,,,,,,,,,,,,,,,,,,,,,,,,,,,,,,,,,,,,,,,,,,,,,,,,,,,,,,,,,,,,,,,,,,,,,,,,,,,,0.44747153722520044,0.5939700138036264,0.5870631233720823,0.9111350377421085,,,,0.12934961901537342,,,,,,,,49.593445526567955,49.593445526567955,47.9613742788599,47.9613742788599,44.1990983015582,44.1990983015582,26.909338728371125,26.909338728371125,,,,,0.019612458450767003,,1.369749113734926,1.369749113734926,1.2238085353695636,1.2238085353695636,55.717259794427754,55.717259794427754,,49.95199966430664,49.95199966430664,47.300476255871004,47.300476255871004,44.51746041434152,44.51746041434152,25.482380955938307,25.482380955938307,45.53220016479492,29.551849999427795,1,32065241.197967528486000,22479367.23842318,,,,,,,
2026-03-20,,,,,,,49.310001373291016,50.700000762939450,47.759998321533200,48.029998779296875,1329400,,,,,48.029998779296875,,,,,,,,,,,,,,,,,,,,,,,,,,,,,,,,,,,,,,,,,,,,,,,,,,,,,,,,,,,,,,,,,,,,,,,,,,,,,,,,,,,,,,,,,,,,,,,,,,,,,,,,,,,,,,,,,,,,,,,,,,,,,,,,,,,,,,,,,,,,,0.43810516544077893,0.604817896538652,0.5809070532532159,0.9117808213916976,,,,0.023402911414924763,,,,,,,,49.07229661081093,49.07229661081093,47.96761286980871,47.96761286980871,44.318813941487534,44.318813941487534,27.076300467904133,27.076300467904133,,,,,-0.02873174323146371,,1.1998902199552788,1.1998902199552788,1.2190248722867068,1.2190248722867068,51.585584586841144,51.585584586841144,,49.51599960327148,49.51599960327148,47.442857106526695,47.442857106526695,44.67031751360212,44.67031751360212,25.62480158465249,25.62480158465249,45.68540016174316,29.72369999408722,1,63851080.377197265625000,23261562.155853756,,,,,,,
2026-03-23,,,,,,,48.869998931884766,49.180000305175780,46.854999542236330,49.000000000000000,523700,,,,,49.000000000000000,,,,,,,,,,,,,,,,,,,,,,,,,,,,,,,,,,,,,,,,,,,,,,,,,,,,,,,,,,,,,,,,,,,,,,,,,,,,,,,,,,,,,,,,,,,,,,,,,,,,,,,,,,,,,,,,,,,,,,,,,,,,,,,,,,,,,,,,,,,,,0.43513804724636124,0.602283645347519,0.5720138805412623,0.9116654685281254,,,,0.06041817468140669,,,,,,,,49.04819774054062,49.04819774054062,48.06146624528065,48.06146624528065,44.46510100581605,44.46510100581605,27.249610345628213,27.249610345628213,,,,,0.01999450784932448,,1.13051494220732,1.13051494220732,1.2013228862708294,1.2013228862708294,54.12393203184488,54.12393203184488,,49.06399993896484,49.06399993896484,47.67047609601702,47.67047609601702,44.8033334035722,44.8033334035722,25.771785711485244,25.771785711485244,45.88640014648438,29.899349994659424,1,25661300.000000000000000,22988015.824551053,,,,,,,
2026-03-24,,,,,,,48.159999847412110,49.250000000000000,46.060001373291016,49.000000000000000,559200,,,,,49.000000000000000,,,,,,,,,,,,,,,,,,,,,,,,,,,,,,,,,,,,,,,,,,,,,,,,,,,,,,,,,,,,,,,,,,,,,,,,,,,,,,,,,,,,,,,,,,,,,,,,,,,,,,,,,,,,,,,,,,,,,,,,,,,,,,,,,,,,,,,,,,,,,0.4320222514497172,0.5957753111085304,0.5700398423060365,0.9084332623290102,,,,0.09663895730613774,,,,,,,,49.03213182702708,49.03213182702708,48.14678749570968,48.14678749570968,44.606816599384295,44.606816599384295,27.421550184793208,27.421550184793208,,,,,0,,1.0632777309551216,1.0632777309551216,1.1737138552076878,1.1737138552076878,54.12393203184488,54.12393203184488,,48.78600006103515,48.78600006103515,47.835237957182386,47.835237957182386,44.91904770381867,44.91904770381867,25.922023805360947,25.922023805360947,46.06000015258789,30.077649993896486,1,27400800.000000000000000,22364111.03826856,,,,,,,
2026-03-25,,,,,,,40.000000000000000,41.000000000000000,29.770000457763672,31.729999542236328,8232100,,,,,31.729999542236328,,,,,,,,,,,,,,,,,,,,,,,,,,,,,,,,,,,,,,,,,,,,,,,,,,,,,,,,,,,,,,,,,,,,,,,,,,,,,,,,,,,,,,,,,,,,,,,,,,,,,,,,,,,,,,,,,,,,,,,,,,,,,,,,,,,,,,,,,,,,,3.1203501902816915,1.6313008282937307,1.0435226238576951,1.007863669450648,,,,-0.1936746757487904,,,,,,,,43.26475439876349,43.26475439876349,46.6543522272121,46.6543522272121,44.20441606634842,44.20441606634842,27.45560907299434,27.45560907299434,,,,,-0.43455770694236373,,-0.3791819751290859,-0.3791819751290859,0.8631346891403331,0.8631346891403331,25.98870420394607,25.98870420394607,,45.4379997253418,45.4379997253418,47.189047495524086,47.189047495524086,44.75634929112026,44.75634929112026,26.000873011256022,26.000873011256022,45.89080017089844,30.171649990081786,1,261204529.231643675728800,26250271.854303755,,,,,,,
2026-03-26,,,,,,,31.110000610351562,35.279998779296875,30.159999847412110,31.709999084472656,1716900,,,,,31.709999084472656,,,,,,,,,,,,,,,,,,,,,,,,,,,,,,,,,,,,,,,,,,,,,,,,,,,,,,,,,,,,,,,,,,,,,,,,,,,,,,,,,,,,,,,,,,,,,,,,,,,,,,,,,,,,,,,,,,,,,,,,,,,,,,,,,,,,,,,,,,,,,3.0807602896549926,1.618654492573101,1.0432666365396708,1.0075983778064983,,,,-0.2305184369051647,,,,,,,,39.413169293999886,39.413169293999886,45.29577466878124,45.29577466878124,43.813965535664806,43.813965535664806,27.48924061458705,27.48924061458705,,,,,-0.0006305314898882864,,-1.5065885394881207,-1.5065885394881207,0.3891900434146423,0.3891900434146423,25.971865970770818,25.971865970770818,,41.89399948120117,41.89399948120117,46.4499998546782,46.4499998546782,44.58825405060299,44.58825405060299,26.080555546851386,26.080555546851386,45.69720016479492,30.266149983406066,1,54442897.428131103086400,26888441.976286873,,,,,,,
2026-03-27,,,,,,,30.819999694824220,32.266998291015625,29.158000946044922,30.379999160766600,1713900,,,,,30.379999160766600,,,,,,,,,,,,,,,,,,,,,,,,,,,,,,,,,,,,,,,,,,,,,,,,,,,,,,,,,,,,,,,,,,,,,,,,,,,,,,,,,,,,,,,,,,,,,,,,,,,,,,,,,,,,,,,,,,,,,,,,,,,,,,,,,,,,,,,,,,,,,3.065014816996505,1.6203786815080172,1.0460718182429487,1.0053578336080744,,,,-0.23150877274520656,,,,,,,,36.40211258292212,36.40211258292212,43.93979507714355,43.93979507714355,43.39415408644924,43.39415408644924,27.51209246080191,27.51209246080191,,,,,-0.04284759013528406,,-2.4788120406406904,-2.4788120406406904,-0.18441037339642424,-0.18441037339642424,24.82023294698138,24.82023294698138,,38.36399955749512,38.36399955749512,45.71380933125814,45.71380933125814,44.40253972250318,44.40253972250318,26.158412685469976,26.158412685469976,45.482600135803224,30.353699979782103,1,52068280.561637875740000,27653405.665064614,,,,,,,
2026-03-30,,,,,,,30.370000839233400,30.399999618530273,28.780000686645508,29.010000228881836,1057100,,,,,29.010000228881836,,,,,,,,,,,,,,,,,,,,,,,,,,,,,,,,,,,,,,,,,,,,,,,,,,,,,,,,,,,,,,,,,,,,,,,,,,,,,,,,,,,,,,,,,,,,,,,,,,,,,,,,,,,,,,,,,,,,,,,,,,,,,,,,,,,,,,,,,,,,,2.946989197023756,1.6220379178275661,1.0491995917629202,1.0057134987092367,,,,-0.25961031577422167,,,,,,,,33.93807513157536,33.93807513157536,42.58254100002885,42.58254100002885,42.944649278400256,42.944649278400256,27.523933628929022,27.523933628929022,,,,,-0.04614386352002151,,-3.3215647037380407,-3.3215647037380407,-0.8118412394647475,-0.8118412394647475,23.656598543783097,23.656598543783097,,34.36599960327148,34.36599960327148,44.924285525367374,44.924285525367374,44.194761972578746,44.194761972578746,26.22880950995854,26.22880950995854,45.266600112915036,30.434849982261657,1,30666471.241950988835600,27997903.78517272,,,,,,,
2026-03-31,,,,,,,29.500000000000000,31.049999237060547,29.500000000000000,29.850000381469727,1736500,,,,,29.850000381469727,,,,,,,,,,,,,,,,,,,,,,,,,,,,,,,,,,,,,,,,,,,,,,,,,,,,,,,,,,,,,,,,,,,,,,,,,,,,,,,,,,,,,,,,,,,,,,,,,,,,,,,,,,,,,,,,,,,,,,,,,,,,,,,,,,,,,,,,,,,,,3.017094672084344,1.6297370617161322,1.049430671581593,1.0059750375601832,,,,-0.28671360272783963,,,,,,,,32.575383548206815,32.575383548206815,41.42503730743257,41.42503730743257,42.53544150037118,42.53544150037118,27.542321508395748,27.542321508395748,,,,,0.028544246595097272,,-3.87697985833735,-3.87697985833735,-1.424868963239268,-1.424868963239268,25.94897323004544,25.94897323004544,,30.53599967956543,30.53599967956543,44.173809323992046,44.173809323992046,44.0249207209027,44.0249207209027,26.301944431804475,26.301944431804475,45.04820011138916,30.51634998321533,1,51834525.662422180935500,28547379.911940437,,,,,,,
2026-04-01,,,,,,,30.459999084472656,31.229999542236328,28.735000610351562,29.049999237060547,934100,,,,,29.049999237060547,,,,,,,,,,,,,,,,,,,,,,,,,,,,,,,,,,,,,,,,,,,,,,,,,,,,,,,,,,,,,,,,,,,,,,,,,,,,,,,,,,,,,,,,,,,,,,,,,,,,,,,,,,,,,,,,,,,,,,,,,,,,,,,,,,,,,,,,,,,,,0.4995397207860305,1.6293950486744855,1.0502767481428579,1.0056402541164189,,,,-0.30699100482315894,,,,,,,,31.400255444491393,31.400255444491393,40.300033846489654,40.300033846489654,42.11402142964272,42.11402142964272,27.55423990941286,27.55423990941286,,,,,-0.027166395583222418,,-4.331769830203207,-4.331769830203207,-2.006249136632056,-2.006249136632056,25.17369603589658,25.17369603589658,,29.999999618530275,29.999999618530275,43.45333308265323,43.45333308265323,43.85031754629953,43.85031754629953,26.37353172945598,26.37353172945598,44.742400093078615,30.594599981307983,1,27135604.287338256952700,28823180.22103991,,,,,,,
2026-04-02,,,,,,,28.280000686645508,29.840000152587890,28.000000000000000,28.709999084472656,780500,,,,,28.709999084472656,,,,,,,,,,,,,,,,,,,,,,,,,,,,,,,,,,,,,,,,,,,,,,,,,,,,,,,,,,,,,,,,,,,,,,,,,,,,,,,,,,,,,,,,,,,,,,,,,,,,,,,,,,,,,,,,,,,,,,,,,,,,,,,,,,,,,,,,,,,,,0.4815646132384465,1.60947869046554,1.047355810656094,0.9996735580668621,,,,-0.3228117220637712,,,,,,,,30.50350332448515,30.50350332448515,39.24639432266993,39.24639432266993,41.695145731356156,41.695145731356156,27.563376345579343,27.563376345579343,,,,,-0.011772994790768114,,-4.66584438067261,-4.66584438067261,-2.5381681854401665,-2.5381681854401665,24.834103215699713,24.834103215699713,,29.399999618530273,29.399999618530273,42.60714258466448,42.60714258466448,43.64841276501853,43.64841276501853,26.44817458447956,26.44817458447956,44.442600059509275,30.67159997463226,1,22408154.285430908008000,28917132.826817226,,,,,,,
2026-04-06,,,,,,,28.739999771118164,29.610000610351562,28.209999084472656,29.000000000000000,550600,,,,,29.000000000000000,,,,,,,,,,,,,,,,,,,,,,,,,,,,,,,,,,,,,,,,,,,,,,,,,,,,,,,,,,,,,,,,,,,,,,,,,,,,,,,,,,,,,,,,,,,,,,,,,,,,,,,,,,,,,,,,,,,,,,,,,,,,,,,,,,,,,,,,,,,,,0.4688638609708672,1.6134658608055175,1.0453762449767916,0.9987951336342791,,,,-0.31570289604622315,,,,,,,,30.002335549656763,30.002335549656763,38.31490392969993,38.31490392969993,41.298422427251275,41.298422427251275,27.57473305430994,27.57473305430994,,,,,0.01005036774229832,,-4.851277708939357,-4.851277708939357,-3.0007900901400046,-3.0007900901400046,25.754105488162363,25.754105488162363,,29.123999786376952,29.123999786376952,41.830952144804456,41.830952144804456,43.47746037680005,43.47746037680005,26.52210315636226,26.52210315636226,44.09860004425049,30.75464997291565,1,15967400.000000000000000,28894529.315703254,,,,,,,
2026-04-07,,,,,,,28.879999160766600,29.440000534057617,27.649999618530273,28.329999923706055,565300,,,,,28.329999923706055,,,,,,,,,,,,,,,,,,,,,,,,,,,,,,,,,,,,,,,,,,,,,,,,,,,,,,,,,,,,,,,,,,,,,,,,,,,,,,,,,,,,,,,,,,,,,,,,,,,,,,,,,,,,,,,,,,,,,,,,,,,,,,,,,,,,,,,,,,,,,0.3745044627390572,1.6129962331506922,1.044904183976752,0.9929689925881281,,,,-0.3222805944504571,,,,,,,,29.444890341006527,29.444890341006527,37.40718538370049,37.40718538370049,40.89315922401549,40.89315922401549,27.580703543396076,27.580703543396076,,,,,-0.023374518837093138,,-4.994722314562807,-4.994722314562807,-3.3995765350245652,-3.3995765350245652,24.992997008427217,24.992997008427217,,28.987999725341798,28.987999725341798,41.045237768264045,41.045237768264045,43.313968295142764,43.313968295142764,26.59753966520703,26.59753966520703,43.77980003356934,30.83999997138977,1,16014948.956871032891500,28956136.706518747,,,,,,,
2026-04-08,,,,,,,29.379999160766600,29.500000000000000,27.850000381469727,28.090000152587890,926900,,,,,28.090000152587890,,,,,,,,,,,,,,,,,,,,,,,,,,,,,,,,,,,,,,,,,,,,,,,,,,,,,,,,,,,,,,,,,,,,,,,,,,,,,,,,,,,,,,,,,,,,,,,,,,,,,,,,,,,,,,,,,,,,,,,,,,,,,,,,,,,,,,,,,,,,,0.23246087210746344,1.6108145584193918,1.044922569476606,0.9925476984346178,,,,-0.34879762861202956,,,,,,,,28.993260278200314,28.993260278200314,36.560168544508436,36.560168544508436,40.49306050303338,40.49306050303338,27.58472960354779,27.58472960354779,,,,,-0.00850766460112135,,-5.06933305780926,-5.06933305780926,-3.7335278395815044,-3.7335278395815044,24.71127812539597,24.71127812539597,,28.63599967956543,28.63599967956543,40.237142472040084,40.237142472040084,43.1507937113444,43.1507937113444,26.673015857499742,26.673015857499742,43.45,30.92454997062683,1,26036621.141433715241000,29220808.792265635,,,,,,,
2026-04-09,,,,,,,27.969999313354492,28.600000381469727,27.139999389648438,27.879999160766600,856000,,,,,27.879999160766600,,,,,,,,,,,,,,,,,,,,,,,,,,,,,,,,,,,,,,,,,,,,,,,,,,,,,,,,,,,,,,,,,,,,,,,,,,,,,,,,,,,,,,,,,,,,,,,,,,,,,,,,,,,,,,,,,,,,,,,,,,,,,,,,,,,,,,,,,,,,,0.19060730085364147,1.520932403753719,1.038764858510369,0.9923937271236271,,,,-0.39760286689544794,,,,,,,,28.622173239055744,28.622173239055744,35.77106223689554,35.77106223689554,40.09890233608754,40.09890233608754,27.58706375024517,27.58706375024517,,,,,-0.0075040907575651085,,-5.086770806904795,-5.086770806904795,-4.004176433046163,-4.004176433046163,24.451561695353007,24.451561695353007,,28.40199966430664,28.40199966430664,39.133570988972984,39.133570988972984,42.95253974672348,42.95253974672348,26.748253949104793,26.748253949104793,43.10079998016357,31.010299968719483,1,23865279.281616209600000,29383226.738969106,,,,,,,
2026-04-10,,,,,,,28.000000000000000,28.165000915527344,26.159999847412110,26.690000534057617,1052400,,,,,26.690000534057617,,,,,,,,,,,,,,,,,,,,,,,,,,,,,,,,,,,,,,,,,,,,,,,,,,,,,,,,,,,,,,,,,,,,,,,,,,,,,,,,,,,,,,,,,,,,,,,,,,,,,,,,,,,,,,,,,,,,,,,,,,,,,,,,,,,,,,,,,,,,,0.3189052452374744,1.5204914330794714,1.0397968551222152,0.979064207310583,,,,-0.4178151270918612,,,,,,,,27.978115670723035,27.978115670723035,34.94551117300119,34.94551117300119,39.679874154774105,39.679874154774105,27.579972341421556,27.579972341421556,,,,,-0.04362057236460952,,-5.137392628333583,-5.137392628333583,-4.230819672103647,-4.230819672103647,22.977815325834356,22.977815325834356,,27.997999954223634,27.997999954223634,38.002618698846724,38.002618698846724,42.75793656848726,42.75793656848726,26.82412696641589,26.82412696641589,42.7673999786377,31.09209997177124,1,28088556.562042236130800,29739182.714383565,,,,,,,
2026-04-13,,,,,,,27.100000381469727,28.900999069213867,26.715000152587890,27.420000076293945,1274500,,,,,27.420000076293945,,,,,,,,,,,,,,,,,,,,,,,,,,,,,,,,,,,,,,,,,,,,,,,,,,,,,,,,,,,,,,,,,,,,,,,,,,,,,,,,,,,,,,,,,,,,,,,,,,,,,,,,,,,,,,,,,,,,,,,,,,,,,,,,,,,,,,,,,,,,,0.41076459949539523,1.520349843543436,1.0387040879091567,0.9782021757363636,,,,-0.44413939526571206,,,,,,,,27.792077139246672,27.792077139246672,34.26137380057325,34.26137380057325,39.2967530898216,39.2967530898216,27.57870773853517,27.57870773853517,,,,,0.026983693490503127,,-5.060274232883341,-5.060274232883341,-4.396710584259585,-4.396710584259585,25.927228079517192,25.927228079517192,,27.681999969482423,27.681999969482423,36.83999969845726,36.83999969845726,42.553174669780425,42.553174669780425,26.901309507233755,26.901309507233755,42.41579998016358,31.172149972915648,1,34946790.097236632902500,30159173.66932763,,,,,,,
2026-04-14,,,,,,,27.659999847412110,28.719999313354492,27.100000381469727,27.680000305175780,2455000,,,,,27.680000305175780,,,,,,,,,,,,,,,,,,,,,,,,,,,,,,,,,,,,,,,,,,,,,,,,,,,,,,,,,,,,,,,,,,,,,,,,,,,,,,,,,,,,,,,,,,,,,,,,,,,,,,,,,,,,,,,,,,,,,,,,,,,,,,,,,,,,,,,,,,,,,0.41554233297120613,1.5265422084338305,1.0391562195579143,0.9767939211054286,,,,-0.43248521679463087,,,,,,,,27.754718194556375,27.754718194556375,33.66306711917348,33.66306711917348,38.93372956530142,38.93372956530142,27.57950847028727,27.57950847028727,,,,,0.009437464858017414,,-4.921446135763567,-4.921446135763567,-4.5016576945603815,-4.5016576945603815,26.999442694161537,26.999442694161537,,27.552000045776367,27.552000045776367,35.76714261372884,35.76714261372884,42.35460326785133,42.35460326785133,26.98099204850575,26.98099204850575,42.097799949645996,31.24684997558594,1,67954400.749206539900000,31109079.36815837,,,,,,,
2026-04-15,,,,,,,27.979999542236328,29.059999465942383,26.489999771118164,26.850000381469727,861300,,,,,26.850000381469727,,,,,,,,,,,,,,,,,,,,,,,,,,,,,,,,,,,,,,,,,,,,,,,,,,,,,,,,,,,,,,,,,,,,,,,,,,,,,,,,,,,,,,,,,,,,,,,,,,,,,,,,,,,,,,,,,,,,,,,,,,,,,,,,,,,,,,,,,,,,,0.4556455266541956,1.51607969953622,1.0377778391592687,0.9771236541099391,,,,-0.4368119156594617,,,,,,,,27.453145590194158,27.453145590194158,33.04369741574587,33.04369741574587,38.556113028306676,38.556113028306676,27.573741607925076,27.573741607925076,,,,,-0.030444306612293144,,-4.822803647480885,-4.822803647480885,-4.565886885144482,-4.565886885144482,25.719544562758863,25.719544562758863,,27.304000091552734,27.304000091552734,34.6047617594401,34.6047617594401,42.12380963280087,42.12380963280087,27.056468240798466,27.056468240798466,41.704199981689456,31.320449976921083,1,23125905.328559875865100,31140175.552931286,,,,,,,
2026-04-16,,,,,,,26.850000381469727,27.489999771118164,26.450000762939453,26.870000839233400,421800,,,,,26.870000839233400,,,,,,,,,,,,,,,,,,,,,,,,,,,,,,,,,,,,,,,,,,,,,,,,,,,,,,,,,,,,,,,,,,,,,,,,,,,,,,,,,,,,,,,,,,,,,,,,,,,,,,,,,,,,,,,,,,,,,,,,,,,,,,,,,,,,,,,,,,,,,0.46111560634750104,1.5193689419645946,1.0378895849006409,0.9740512455355863,,,,-0.4238408630292087,,,,,,,,27.258764006540574,27.258764006540574,32.482452272426556,32.482452272426556,38.190922022398134,38.190922022398134,27.568178439793126,27.568178439793126,,,,,0.0007446186981872524,,-4.688963443249985,-4.688963443249985,-4.590502196765583,-4.590502196765583,25.810810306973735,25.810810306973735,,27.102000427246093,27.102000427246093,33.48476182846796,33.48476182846796,41.897777890402175,41.897777890402175,27.129365069525583,27.129365069525583,41.282199974060056,31.39344997882843,1,11333766.353988648120000,30969532.283504426,,,,,,,
2026-04-17,,,,,,,27.379999160766600,28.684999465942383,26.559999465942383,28.090000152587890,1374000,,,,,28.090000152587890,,,,,,,,,,,,,,,,,,,,,,,,,,,,,,,,,,,,,,,,,,,,,,,,,,,,,,,,,,,,,,,,,,,,,,,,,,,,,,,,,,,,,,,,,,,,,,,,,,,,,,,,,,,,,,,,,,,,,,,,,,,,,,,,,,,,,,,,,,,,,0.44854214883298865,1.5404437961512103,1.0415629528726256,0.9734162500048125,,,,-0.3782634717187027,,,,,,,,27.53584272188968,27.53584272188968,32.083138443350315,32.083138443350315,37.875268213966564,37.875268213966564,27.57230351262154,27.57230351262154,,,,,0.04440319268776008,,-4.433345520998067,-4.433345520998067,-4.55907086161208,-4.55907086161208,31.35155665946355,31.35155665946355,,27.382000350952147,27.382000350952147,32.51428558712914,32.51428558712914,41.711746124994185,41.711746124994185,27.208690465442718,27.208690465442718,40.881199989318844,31.47559998035431,1,38595660.209655760860000,31409019.899907187,,,,,,,
2026-04-20,,,,,,,28.049999237060547,28.530000686645508,26.795000076293945,26.840000152587890,531200,,,,,26.840000152587890,,,,,,,,,,,,,,,,,,,,,,,,,,,,,,,,,,,,,,,,,,,,,,,,,,,,,,,,,,,,,,,,,,,,,,,,,,,,,,,,,,,,,,,,,,,,,,,,,,,,,,,,,,,,,,,,,,,,,,,,,,,,,,,,,,,,,,,,,,,,,0.5594950230242416,1.5326595300032098,1.0428504775758227,0.9747096001955501,,,,-0.4113580121028528,,,,,,,,27.303895198789082,27.303895198789082,31.606489507826456,31.606489507826456,37.53041608704848,37.53041608704848,27.56651455325369,27.56651455325369,,,,,-0.04552032875968559,,-4.282267712726643,-4.282267712726643,-4.503710231834992,-4.503710231834992,28.964672338750823,28.964672338750823,,27.26600036621094,27.26600036621094,31.438571294148762,31.438571294148762,41.49063500903902,41.49063500903902,27.28273808388483,27.28273808388483,40.538999977111814,31.550499982833863,1,14257408.081054687168000,31486808.67730398,,,,,,,
2026-04-21,,,,,,,26.829999923706055,26.969999313354492,25.409999847412110,25.690000534057617,716600,,,,,25.690000534057617,,,,,,,,,,,,,,,,,,,,,,,,,,,,,,,,,,,,,,,,,,,,,,,,,,,,,,,,,,,,,,,,,,,,,,,,,,,,,,,,,,,,,,,,,,,,,,,,,,,,,,,,,,,,,,,,,,,,,,,,,,,,,,,,,,,,,,,,,,,,,0.6032087592397927,1.533504126169028,1.0289558287277305,0.9756377011366286,,,,-0.3983971585090118,,,,,,,,26.76593031054526,26.76593031054526,31.06862687384747,31.06862687384747,37.160403101017515,37.160403101017515,27.55168045033514,27.55168045033514,,,,,-0.04379148587824082,,-4.206838998177645,-4.206838998177645,-4.444335985103523,-4.444335985103523,26.93310573424421,26.93310573424421,,26.868000411987303,26.868000411987303,30.374761853899276,30.374761853899276,41.19460326906235,41.19460326906235,27.351309515181043,27.351309515181043,40.15220001220703,31.62144998550415,1,18409454.382705688342200,31394531.094753932,,,,,,,
2026-04-22,,,,,,,27.329999923706055,29.084999084472656,26.000000000000000,26.500000000000000,2220600,,,,,26.500000000000000,,,,,,,,,,,,,,,,,,,,,,,,,,,,,,,,,,,,,,,,,,,,,,,,,,,,,,,,,,,,,,,,,,,,,,,,,,,,,,,,,,,,,,,,,,,,,,,,,,,,,,,,,,,,,,,,,,,,,,,,,,,,,,,,,,,,,,,,,,,,,0.6588982925842015,1.5384935694299198,1.0319320491089226,0.9728854773967027,,,,-0.43990044128363637,,,,,,,,26.67728687369684,26.67728687369684,30.653297158043156,30.653297158043156,36.82726550411072,36.82726550411072,27.543366770885854,27.543366770885854,,,,,0.031042901081843568,,-4.0351858997728804,-4.0351858997728804,-4.362505968037395,-4.362505968037395,30.624095356289395,30.624095356289395,,26.79800033569336,26.79800033569336,29.303333282470703,29.303333282470703,40.92158738393632,40.92158738393632,27.420238086155482,27.420238086155482,39.72800003051758,31.693349986076356,1,58845900.000000000000000,32031641.089569576,,,,,,,
2026-04-23,,,,,,,26.440000534057617,26.729999542236328,25.430000305175780,26.010000228881836,583700,,,,,26.010000228881836,,,,,,,,,,,,,,,,,,,,,,,,,,,,,,,,,,,,,,,,,,,,,,,,,,,,,,,,,,,,,,,,,,,,,,,,,,,,,,,,,,,,,,,,,,,,,,,,,,,,,,,,,,,,,,,,,,,,,,,,,,,,,,,,,,,,,,,,,,,,,0.6670032749026458,1.535374852974371,1.0239965957271324,0.9704075019742416,,,,-0.45703447686747006,,,,,,,,26.45485799209184,26.45485799209184,30.231179255392124,30.231179255392124,36.489225964259816,36.489225964259816,27.531245296245505,27.531245296245505,,,,,-0.01866364473185333,,-3.893803130345262,-3.893803130345262,-4.268765400498968,-4.268765400498968,29.648389065004697,29.648389065004697,,26.626000213623048,26.626000213623048,28.208571388607933,28.208571388607933,40.601111184983026,40.601111184983026,27.48432539001344,27.48432539001344,39.28080005645752,31.748099985122682,1,15182037.133598327673200,31911899.13335225,,,,,,,
2026-04-24,,,,,,,25.850000381469727,25.940000534057617,25.100000381469727,25.809999465942383,504000,,,,,25.809999465942383,,,,,,,,,,,,,,,,,,,,,,,,,,,,,,,,,,,,,,,,,,,,,,,,,,,,,,,,,,,,,,,,,,,,,,,,,,,,,,,,,,,,,,,,,,,,,,,,,,,,,,,,,,,,,,,,,,,,,,,,,,,,,,,,,,,,,,,,,,,,,0.4974696840972191,0.44025366466035715,1.0217250996140916,0.9698125667610974,,,,-0.3617967362440089,,,,,,,,26.23990515004202,26.23990515004202,29.829253819987603,29.829253819987603,36.1555001361874,36.1555001361874,27.517638609839945,27.517638609839945,,,,,-0.007719095221688404,,-3.7546138062664234,-3.7546138062664234,-4.165935081652459,-4.165935081652459,29.23890463386637,29.23890463386637,,26.170000076293945,26.170000076293945,27.926666623070126,27.926666623070126,40.30809529622396,40.30809529622396,27.548849196661088,27.548849196661088,38.852600021362306,31.80174998283386,1,13008239.730834961032000,31733089.58541325,,,,,,,
2026-04-27,,,,,,,25.719999313354492,26.559999465942383,25.405000686645508,26.469999313354492,588000,,,,,26.469999313354492,,,,,,,,,,,,,,,,,,,,,,,,,,,,,,,,,,,,,,,,,,,,,,,,,,,,,,,,,,,,,,,,,,,,,,,,,,,,,,,,,,,,,,,,,,,,,,,,,,,,,,,,,,,,,,,,,,,,,,,,,,,,,,,,,,,,,,,,,,,,,0.49493702179691146,0.4559198374285646,1.023506800259599,0.9447181220449583,,,,-0.32653586052780254,,,,,,,,26.31660320447951,26.31660320447951,29.52386704665732,29.52386704665732,35.85282823547387,35.85282823547387,27.509356876270893,27.509356876270893,,,,,0.025249997259856934,,-3.5501251593311416,-3.5501251593311416,-4.042773097188196,-4.042773097188196,32.549588866660706,32.549588866660706,,26.095999908447265,26.095999908447265,27.67714282444545,27.67714282444545,40.02063493880014,40.02063493880014,27.623333321677315,27.623333321677315,38.44119998931885,31.85589997768402,1,15564359.596252441296000,31707214.234461103,,,,,,,
2026-04-28,,,,,,,26.469999313354492,27.145000457763672,25.354999542236328,25.950000762939453,655600,,,,,25.950000762939453,,,,,,,,,,,,,,,,,,,,,,,,,,,,,,,,,,,,,,,,,,,,,,,,,,,,,,,,,,,,,,,,,,,,,,,,,,,,,,,,,,,,,,,,,,,,,,,,,,,,,,,,,,,,,,,,,,,,,,,,,,,,,,,,,,,,,,,,,,,,,0.3874241431262518,0.44086199435897583,1.02247057601036,0.9431629089426341,,,,-0.3361616284259806,,,,,,,,26.194402390632824,26.194402390632824,29.19897011177388,29.19897011177388,35.54336487695717,35.54336487695717,27.497029950473806,27.497029950473806,,,,,-0.01984035128623021,,-3.390937355533687,-3.390937355533687,-3.9124059488572938,-3.9124059488572938,31.306779303704857,31.306779303704857,,26.147999954223632,26.147999954223632,27.466190519787016,27.466190519787016,39.712857170710485,39.712857170710485,27.6937301499503,27.6937301499503,38.04000003814697,31.910399980545044,1,17012820.500183105386800,31616122.304677207,,,,,,,
2026-04-29,,,,,,,25.719999313354492,25.915000915527344,25.079999923706055,25.680000305175780,412600,,,,,25.680000305175780,,,,,,,,,,,,,,,,,,,,,,,,,,,,,,,,,,,,,,,,,,,,,,,,,,,,,,,,,,,,,,,,,,,,,,,,,,,,,,,,,,,,,,,,,,,,,,,,,,,,,,,,,,,,,,,,,,,,,,,,,,,,,,,,,,,,,,,,,,,,,0.29173210050072335,0.4182035817572888,1.0198888805361297,0.9431460184204817,,,,-0.30013190076188306,,,,,,,,26.02293502881381,26.02293502881381,28.879063765719504,28.879063765719504,35.235134734089,35.235134734089,27.482666079759987,27.482666079759987,,,,,-0.010459148306709085,,-3.2491129035420876,-3.2491129035420876,-3.7797473397942527,-3.7797473397942527,30.65233942444575,30.65233942444575,,25.98400001525879,25.98400001525879,27.307619094848633,27.307619094848633,39.43222224523151,39.43222224523151,27.76238094435798,27.76238094435798,37.614200019836424,31.960099983215333,1,10595568.125915526828000,31465919.635527473,,,,,,,
2026-04-30,,,,,,,25.729999542236328,26.799999237060547,25.590000152587890,26.579999923706055,576800,,,,,26.579999923706055,,,,,,,,,,,,,,,,,,,,,,,,,,,,,,,,,,,,,,,,,,,,,,,,,,,,,,,,,,,,,,,,,,,,,,,,,,,,,,,,,,,,,,,,,,,,,,,,,,,,,,,,,,,,,,,,,,,,,,,,,,,,,,,,,,,,,,,,,,,,,0.38005763153030403,0.4247605152719186,1.019417783351711,0.9426256424514085,,,,-0.2485826595189191,,,,,,,,26.208623327111226,26.208623327111226,28.670057961900103,28.670057961900103,34.96466177126453,34.96466177126453,27.475530378921615,27.475530378921615,,,,,0.03444655970919523,,-3.0291751108620133,-3.0291751108620133,-3.6296328940078046,-3.6296328940078046,35.492959419640684,35.492959419640684,,26.09799995422363,26.09799995422363,27.151904787336075,27.151904787336075,39.13984129163954,39.13984129163954,27.832976182301838,27.832976182301838,37.244199981689455,32.01294998168945,1,15331343.955993652524000,31259560.015781343,,,,,,,
2026-05-01,,,,,,,26.530000686645508,27.579999923706055,26.235000610351562,27.170000076293945,860500,,,,,27.170000076293945,,,,,,,,,,,,,,,,,,,,,,,,,,,,,,,,,,,,,,,,,,,,,,,,,,,,,,,,,,,,,,,,,,,,,,,,,,,,,,,,,,,,,,,,,,,,,,,,,,,,,,,,,,,,,,,,,,,,,,,,,,,,,,,,,,,,,,,,,,,,,0.37914508554256693,0.4273021007259976,1.0200365043768174,0.9416302676511622,,,,-0.1944570972150973,,,,,,,,26.529082243505464,26.529082243505464,28.533689063208634,28.533689063208634,34.7210785932967,34.7210785932967,27.473115119612306,27.473115119612306,,,,,0.021954375831530166,,-2.775273123104377,-2.775273123104377,-3.458760939827119,-3.458760939827119,38.52252048847388,38.52252048847388,,26.370000076293945,26.370000076293945,27.062381017775763,27.062381017775763,38.879365073310005,38.879365073310005,27.904087293715705,27.904087293715705,36.88679996490478,32.06749998092651,1,23379785.065650939672500,31293925.73283362,,,,,,,
2026-05-04,,,,,,,26.809999465942383,28.180000305175780,26.709999084472656,26.930000305175780,707500,,,,,26.930000305175780,,,,,,,,,,,,,,,,,,,,,,,,,,,,,,,,,,,,,,,,,,,,,,,,,,,,,,,,,,,,,,,,,,,,,,,,,,,,,,,,,,,,,,,,,,,,,,,,,,,,,,,,,,,,,,,,,,,,,,,,,,,,,,,,,,,,,,,,,,,,,0.37152348564823284,0.426685355843317,1.0091909092711413,0.9324838339560526,,,,-0.21220350003547103,,,,,,,,26.66272159739557,26.66272159739557,28.387899176114736,28.387899176114736,34.477607396792926,34.477607396792926,27.468821721869723,27.468821721869723,,,,,-0.008872508090583948,,-2.5638653010688834,-2.5638653010688834,-3.279781812075472,-3.279781812075472,37.745940436800915,37.745940436800915,,26.4620002746582,26.4620002746582,26.977619171142578,26.977619171142578,38.568253986419194,38.568253986419194,27.968928564162482,27.968928564162482,36.54099994659424,32.116849985122684,1,19052975.215911864350000,31048407.782382056,,,,,,,
2026-05-05,,,,,,,27.149999618530273,27.579999923706055,26.120000839233400,26.559999465942383,557400,,,,,26.559999465942383,,,,,,,,,,,,,,,,,,,,,,,,,,,,,,,,,,,,,,,,,,,,,,,,,,,,,,,,,,,,,,,,,,,,,,,,,,,,,,,,,,,,,,,,,,,,,,,,,,,,,,,,,,,,,,,,,,,,,,,,,,,,,,,,,,,,,,,,,,,,,0.3496089503816621,0.4254673575964846,1.0060889580820858,0.9324189517965614,,,,-0.2277519369297103,,,,,,,,26.628480886911174,26.628480886911174,28.22172647518998,28.22172647518998,34.230182148953844,34.230182148953844,27.46163735621022,27.46163735621022,,,,,-0.013834613655052083,,-2.398530290340961,-2.398530290340961,-3.1035315077285697,-3.1035315077285697,36.52351965901847,36.52351965901847,,26.584000015258788,26.584000015258788,26.861428669520787,26.861428669520787,38.22841268872458,38.22841268872458,28.031269830370707,28.031269830370707,36.16139991760254,32.160749979019165,1,14804543.702316284284200,30713471.23934428,,,,,,,
2026-05-06,,,,,,,26.690000534057617,27.260000228881836,26.270000457763672,26.469999313354492,325100,,,,,26.469999313354492,,,,,,,,,,,,,,,,,,,,,,,,,,,,,,,,,,,,,,,,,,,,,,,,,,,,,,,,,,,,,,,,,,,,,,,,,,,,,,,,,,,,,,,,,,,,,,,,,,,,,,,,,,,,,,,,,,,,,,,,,,,,,,,,,,,,,,,,,,,,,0.3336090678323951,0.41970363219588913,1.0058225940375478,0.9313995928406565,,,,-0.2338540873615031,,,,,,,,26.575653695725613,26.575653695725613,28.06247855138675,28.06247855138675,33.98767643534136,33.98767643534136,27.45379832029832,27.45379832029832,,,,,-0.0033943142021502356,,-2.248840134104263,-2.248840134104263,-2.9325932330037086,-2.9325932330037086,36.21627841632576,36.21627841632576,,26.74199981689453,26.74199981689453,26.772857211884997,26.772857211884997,37.88444443354531,37.88444443354531,28.094960303533647,28.094960303533647,35.78479991912842,32.209799976348876,1,8605396.776771545349200,30392734.844773915,,,,,,,
2026-05-07,,,,,,,26.469999313354492,26.579999923706055,24.799999237060547,25.469999313354492,468700,,,,,25.469999313354492,,,,,,,,,,,,,,,,,,,,,,,,,,,,,,,,,,,,,,,,,,,,,,,,,,,,,,,,,,,,,,,,,,,,,,,,,,,,,,,,,,,,,,,,,,,,,,,,,,,,,,,,,,,,,,,,,,,,,,,,,,,,,,,,,,,,,,,,,,,,,0.3444048229700751,0.4369677458174226,0.9939221298228603,0.9220209295637602,,,,-0.20973372649870042,,,,,,,,26.20710223493524,26.20710223493524,27.826798620656547,27.826798620656547,33.72149902527928,33.72149902527928,27.43811611470983,27.43811611470983,,,,,-0.038510728266117705,,-2.185705793644118,-2.185705793644118,-2.7832157451317903,-2.7832157451317903,32.904206555602336,32.904206555602336,,26.519999694824218,26.519999694824218,26.648095267159597,26.648095267159597,37.59111107720269,37.59111107720269,28.159880937091888,28.159880937091888,35.34959991455078,32.25244997024536,1,11937788.678169250400400,29916904.256687466,,,,,,,
2026-05-08,,,,,,,25.450000762939453,26.250000000000000,25.129999160766600,26.030000686645508,535000,,,,,26.030000686645508,,,,,,,,,,,,,,,,,,,,,,,,,,,,,,,,,,,,,,,,,,,,,,,,,,,,,,,,,,,,,,,,,,,,,,,,,,,,,,,,,,,,,,,,,,,,,,,,,,,,,,,,,,,,,,,,,,,,,,,,,,,,,,,,,,,,,,,,,,,,,0.34325783130480303,0.4462226384458447,0.9935944745502073,0.9214531772874058,,,,-0.1958343725510725,,,,,,,,26.14806838550533,26.14806838550533,27.66345335392827,27.66345335392827,33.48113970219697,33.48113970219697,27.426984767452403,27.426984767452403,,,,,0.021748483353104944,,-2.066660764432541,-2.066660764432541,-2.6399047489919405,-2.6399047489919405,36.4113177174281,36.4113177174281,,26.29199981689453,26.29199981689453,26.56000010172526,26.56000010172526,37.28952380589077,37.28952380589077,28.225515861359852,28.225515861359852,34.953399925231935,32.29439997673035,1,13926050.367355346780000,29663708.164263528,,,,,,,
2026-05-11,,,,,,,26.219999313354492,27.129999160766600,25.299999237060547,25.520000457763672,545700,,,,,25.520000457763672,,,,,,,,,,,,,,,,,,,,,,,,,,,,,,,,,,,,,,,,,,,,,,,,,,,,,,,,,,,,,,,,,,,,,,,,,,,,,,,,,,,,,,,,,,,,,,,,,,,,,,,,,,,,,,,,,,,,,,,,,,,,,,,,,,,,,,,,,,,,,0.35248043363892484,0.42625830728456465,0.9845610650585161,0.9203684464739612,,,,-0.19686510553924008,,,,,,,,25.938712409591442,25.938712409591442,27.46859399973149,27.46859399973149,33.23235410080843,33.23235410080843,27.411909792672255,27.411909792672255,,,,,-0.019787268971442017,,-1.9905239562210824,-1.9905239562210824,-2.510028590437769,-2.510028590437769,34.63572061097327,34.63572061097327,,26.00999984741211,26.00999984741211,26.50428581237793,26.50428581237793,36.937301605466814,36.937301605466814,28.28702379786779,28.28702379786779,34.55199993133545,32.33974997520447,1,13926264.249801635810400,29627201.71285357,,,,,,,
2026-05-12,,,,,,,25.549999237060547,26.159999847412110,25.020000457763672,25.780000686645508,350500,,,,,25.780000686645508,,,,,,,,,,,,,,,,,,,,,,,,,,,,,,,,,,,,,,,,,,,,,,,,,,,,,,,,,,,,,,,,,,,,,,,,,,,,,,,,,,,,,,,,,,,,,,,,,,,,,,,,,,,,,,,,,,,,,,,,,,,,,,,,,,,,,,,,,,,,,0.37934634477971685,0.41561995483574915,0.9842353743420985,0.9193071694453135,,,,-0.17302991039150162,,,,,,,,25.885808501942797,25.885808501942797,27.31508551672367,27.31508551672367,32.99946805661584,32.99946805661584,27.399009325430935,27.399009325430935,,,,,0.01013654773181805,,-1.8874478180680114,-1.8874478180680114,-2.3855124359638173,-2.3855124359638173,36.340083769140016,36.340083769140016,,25.854000091552734,25.854000091552734,26.426190603347052,26.426190603347052,36.57873020474873,36.57873020474873,28.35115078517369,28.35115078517369,34.15539993286133,32.38454998016358,1,9035890.240669250554000,29553270.65798139,,,,,,,
2026-05-13,,,,,,,26.000000000000000,27.059999465942383,25.333000183105470,26.959999084472656,845100,,,,,26.959999084472656,,,,,,,,,,,,,,,,,,,,,,,,,,,,,,,,,,,,,,,,,,,,,,,,,,,,,,,,,,,,,,,,,,,,,,,,,,,,,,,,,,,,,,,,,,,,,,,,,,,,,,,,,,,,,,,,,,,,,,,,,,,,,,,,,,,,,,,,,,,,,0.5256656408676634,0.445781679528426,0.9898432071954536,0.9189731329951838,,,,-0.09341023278057241,,,,,,,,26.24387202945275,26.24387202945275,27.28280493197358,27.28280493197358,32.810734651236366,32.810734651236366,27.39553888874352,27.39553888874352,,,,,0.04475522793952134,,-1.6910498568044048,-1.6910498568044048,-2.246619920131935,-2.246619920131935,43.53599372372456,43.53599372372456,,25.952000045776366,25.952000045776366,26.391904830932617,26.391904830932617,36.25714286925301,36.25714286925301,28.417936495372228,28.417936495372228,33.810999908447265,32.43754997253418,1,22783895.226287841585600,29301734.344134256,,,,,,,
2026-05-14,,,,,,,26.860000610351562,26.860000610351562,25.719999313354492,26.430000305175780,351000,,,,,26.430000305175780,,,,,,,,,,,,,,,,,,,,,,,,,,,,,,,,,,,,,,,,,,,,,,,,,,,,,,,,,,,,,,,,,,,,,,,,,,,,,,,,,,,,,,,,,,,,,,,,,,,,,,,,,,,,,,,,,,,,,,,,,,,,,,,,,,,,,,,,,,,,,0.4412668290082838,0.43849458522447055,0.9900284343039067,0.9187592763875388,,,,-0.046808699625363485,,,,,,,,26.305914788027096,26.305914788027096,27.205277238628327,27.205277238628327,32.61133670292197,32.61133670292197,27.387906172667886,27.387906172667886,,,,,-0.019854511922610996,,-1.5601846916921644,-1.5601846916921644,-2.109332874443981,-2.109332874443981,41.279016709757464,41.279016709757464,,26.144000244140624,26.144000244140624,26.371904827299574,26.371904827299574,35.93000000242203,35.93000000242203,28.4836904661996,28.4836904661996,33.40999992370605,32.49099997520447,1,9276930.107116698780000,29008976.527746897,,,,,,,
2026-05-15,,,,,,,25.950000762939453,26.239999771118164,25.149999618530273,25.559999465942383,411800,,,,,25.559999465942383,,,,,,,,,,,,,,,,,,,,,,,,,,,,,,,,,,,,,,,,,,,,,,,,,,,,,,,,,,,,,,,,,,,,,,,,,,,,,,,,,,,,,,,,,,,,,,,,,,,,,,,,,,,,,,,,,,,,,,,,,,,,,,,,,,,,,,,,,,,,,0.49856016599359804,0.452809822999238,0.990891706307324,0.9152281531610187,,,,-0.048321209179607784,,,,,,,,26.05727634733219,26.05727634733219,27.055706532020512,27.055706532020512,32.39098241426636,32.39098241426636,27.37345631727875,27.37345631727875,,,,,-0.03347113154770443,,-1.5092768977488547,-1.5092768977488547,-1.9893216791049555,-1.9893216791049555,37.81359473353665,37.81359473353665,,26.05,26.05,26.30952380952381,26.30952380952381,35.60539684598408,35.60539684598408,28.549166652891373,28.549166652891373,33.01519992828369,32.541299972534176,1,10525607.780075073319400,28871653.360757373,,,,,,,
2026-05-18,,,,,,,25.540000915527344,25.750000000000000,24.159999847412110,24.500000000000000,596300,,,,,24.500000000000000,,,,,,,,,,,,,,,,,,,,,,,,,,,,,,,,,,,,,,,,,,,,,,,,,,,,,,,,,,,,,,,,,,,,,,,,,,,,,,,,,,,,,,,,,,,,,,,,,,,,,,,,,,,,,,,,,,,,,,,,,,,,,,,,,,,,,,,,,,,,,0.5658060530824428,0.43940687186875665,0.9911557638244005,0.9162515662027505,,,,-0.12202031952442854,,,,,,,,25.538184231554794,25.538184231554794,26.8233695745641,26.8233695745641,32.14438921382053,32.14438921382053,27.35074124757694,27.35074124757694,,,,,-0.04235549106437959,,-1.5367504992331327,-1.5367504992331327,-1.898807443130591,-1.898807443130591,34.06159794339849,34.06159794339849,,25.845999908447265,25.845999908447265,26.13857142130534,26.13857142130534,35.248730159941175,35.248730159941175,28.609682525907242,28.609682525907242,32.6085998916626,32.59004997253418,1,14609350.000000000000000,28850208.020839993,,,,,,,
2026-05-19,,,,,,,24.290000915527344,25.000000000000000,23.757999420166016,24.459999084472656,470200,,,,,24.459999084472656,,,,,,,,,,,,,,,,,,,,,,,,,,,,,,,,,,,,,,,,,,,,,,,,,,,,,,,,,,,,,,,,,,,,,,,,,,,,,,,,,,,,,,,,,,,,,,,,,,,,,,,,,,,,,,,,,,,,,,,,,,,,,,,,,,,,,,,,,,,,,0.5477106147186086,0.4159918466181633,0.9893210550192146,0.9162599439271528,,,,-0.08004605128701445,,,,,,,,25.178789182527414,25.178789182527414,26.608517711828515,26.608517711828515,31.904252022278413,31.904252022278413,27.32788953087256,27.32788953087256,,,,,-0.001634024721228221,,-1.5439535307032486,-1.5439535307032486,-1.8278366606451224,-1.8278366606451224,33.92479962702799,33.92479962702799,,25.581999588012696,25.581999588012696,26.025238037109375,26.025238037109375,34.92142852904305,34.92142852904305,28.67003966513134,28.67003966513134,32.19659984588623,32.63784996986389,0,11501091.569519042851200,28619817.901995827,,,,,,,
2026-05-20,,,,,,,24.729999542236328,25.500000000000000,24.729999542236328,25.030000686645508,347600,,,,,25.030000686645508,,,,,,,,,,,,,,,,,,,,,,,,,,,,,,,,,,,,,,,,,,,,,,,,,,,,,,,,,,,,,,,,,,,,,,,,,,,,,,,,,,,,,,,,,,,,,,,,,,,,,,,,,,,,,,,,,,,,,,,,,,,,,,,,,,,,,,,,,,,,,0.41535108962809814,0.40042388175758453,0.9913426483102737,0.9154161820272119,,,,-0.05270460169427899,,,,,,,,25.129193017233444,25.129193017233444,26.465016164084606,26.465016164084606,31.689431668039884,31.689431668039884,27.309724401669186,27.309724401669186,,,,,0.02303604004713025,,-1.4865318061181476,-1.4865318061181476,-1.7595756897397274,-1.7595756897397274,37.76073280420502,37.76073280420502,,25.195999908447266,25.195999908447266,25.993809472946893,25.993809472946893,34.60380947779095,34.60380947779095,28.730873001946343,28.730873001946343,31.676099853515623,32.68674997329712,0,8700428.238677978580800,28549735.044409737,,,,,,,
2026-05-21,,,,,,,24.959999084472656,25.899999618530273,24.719999313354492,25.750000000000000,440100,,,,,25.750000000000000,,,,,,,,,,,,,,,,,,,,,,,,,,,,,,,,,,,,,,,,,,,,,,,,,,,,,,,,,,,,,,,,,,,,,,,,,,,,,,,,,,,,,,,,,,,,,,,,,,,,,,,,,,,,,,,,,,,,,,,,,,,,,,,,,,,,,,,,,,,,,0.5092239480572395,0.3977973182436671,0.9940113921020413,0.9149706830945671,,,,0.1031503380816147,,,,,,,,25.33612867815563,25.33612867815563,26.40001469462237,26.40001469462237,31.50382442841364,31.50382442841364,27.29739456450184,27.29739456450184,,,,,0.028359494233161833,,-1.3671668993964872,-1.3671668993964872,-1.6810939316710796,-1.6810939316710796,42.31614334553669,42.31614334553669,,25.059999847412108,25.059999847412108,25.95809518723261,25.95809518723261,34.31063485524011,34.31063485524011,28.792936495372228,28.792936495372228,31.182299880981446,32.74294997215271,0,11332575.000000000000000,28541787.467796084,,,,,,,
2026-05-22,,,,,,,25.799999237060547,26.090000152587890,25.489999771118164,25.780000686645508,405300,,,,,25.780000686645508,,,,,,,,,,,,,,,,,,,,,,,,,,,,,,,,,,,,,,,,,,,,,,,,,,,,,,,,,,,,,,,,,,,,,,,,,,,,,,,,,,,,,,,,,,,,,,,,,,,,,,,,,,,,,,,,,,,,,,,,,,,,,,,,,,,,,,,,,,,,,0.44322603399210947,0.39283334712419765,0.9912240372772344,0.9142579664510074,,,,0.10933509462123805,,,,,,,,25.484086014318923,25.484086014318923,26.343649784806292,26.343649784806292,31.324954936483383,31.324954936483383,27.285399355981237,27.285399355981237,,,,,0.0011643970361098893,,-1.2556739188491477,-1.2556739188491477,-1.5960099291066931,-1.5960099291066931,42.504976003973326,42.504976003973326,,25.104000091552734,25.104000091552734,25.947142828078498,25.947142828078498,33.99698405795627,33.99698405795627,28.853492051836046,28.853492051836046,30.6611999130249,32.80059997558594,0,10448634.278297424392400,28434181.942906454,,,,,,,
2026-05-26,,,,,,,25.780000686645508,26.409999847412110,25.138999938964844,26.350000381469727,495000,,,,,26.350000381469727,,,,,,,,,,,,,,,,,,,,,,,,,,,,,,,,,,,,,,,,,,,,,,,,,,,,,,,,,,,,,,,,,,,,,,,,,,,,,,,,,,,,,,,,,,,,,,,,,,,,,,,,,,,,,,,,,,,,,,,,,,,,,,,,,,,,,,,,,,,,,0.21843796779267807,0.39922862502412554,0.9931271340510656,0.9136674181561537,,,,0.11858529354916295,,,,,,,,25.772724136702525,25.772724136702525,26.344227111775695,26.344227111775695,31.16948760663921,31.16948760663921,27.278004897684703,27.278004897684703,,,,,0.021869265318545713,,-1.1085421331483118,-1.1085421331483118,-1.4985163699150168,-1.4985163699150168,46.1142890182697,46.1142890182697,,25.47400016784668,25.47400016784668,25.972857157389324,25.972857157389324,33.69619042532785,33.69619042532785,28.917698402253407,28.917698402253407,30.183999938964845,32.865749979019164,0,13043250.188827514865000,28429386.235185653,,,,,,,
2026-05-27,,,,,,,26.350000381469727,26.790000915527344,25.420000076293945,26.049999237060547,401900,,,,,26.049999237060547,,,,,,,,,,,,,,,,,,,,,,,,,,,,,,,,,,,,,,,,,,,,,,,,,,,,,,,,,,,,,,,,,,,,,,,,,,,,,,,,,,,,,,,,,,,,,,,,,,,,,,,,,,,,,,,,,,,,,,,,,,,,,,,,,,,,,,,,,,,,,0.2694453708466768,0.3912876440970305,0.9878558401972901,0.9137669826806059,,,,0.07150547506845657,,,,,,,,25.8651491701552,25.8651491701552,26.317479123165228,26.317479123165228,31.009503595089875,31.009503595089875,27.268297343055263,27.268297343055263,,,,,-0.011450550552528155,,-1.0045666985133686,-1.0045666985133686,-1.3997264356346872,-1.3997264356346872,44.529839561519346,44.529839561519346,,25.792000198364256,25.792000198364256,25.952857153756277,25.952857153756277,33.35999994429331,33.35999994429331,28.980277765364875,28.980277765364875,29.679799957275392,32.930299973487855,0,10469494.693374633839300,28227624.50372605,,,,,,,
2026-05-28,,,,,,,26.049999237060547,26.541999816894530,25.000000000000000,26.399999618530273,178900,,,,,26.399999618530273,,,,,,,,,,,,,,,,,,,,,,,,,,,,,,,,,,,,,,,,,,,,,,,,,,,,,,,,,,,,,,,,,,,,,,,,,,,,,,,,,,,,,,,,,,,,,,,,,,,,,,,,,,,,,,,,,,,,,,,,,,,,,,,,,,,,,,,,,,,,,0.25413825297358494,0.38777138881690015,0.9880049595780482,0.9101033729843163,,,,0.11038430145854664,,,,,,,,26.04343265294689,26.04343265294689,26.32498098638023,26.32498098638023,30.865456595822387,30.865456595822387,27.261433329422655,27.261433329422655,,,,,0.013346256790787004,,-0.8837361515053459,-0.8837361515053459,-1.2965283788088189,-1.2965283788088189,46.82534255405602,46.82534255405602,,26.06599998474121,26.06599998474121,25.974285670689174,25.974285670689174,33.05142850724478,33.05142850724478,29.04059522492545,29.04059522492545,29.199999961853027,32.99494997024536,0,4722959.931755065839700,28055347.168486457,,,,,,,
