"m_date","m_open","m_high","m_low","m_close","m_volume","m_vwap","m_open_split_adjusted","m_high_split_adjusted","m_low_split_adjusted","m_close_split_adjusted","m_volume_split_adjusted","m_vwap_split_adjusted","m_open_dividend_and_split_adjusted","m_high_dividend_and_split_adjusted","m_low_dividend_and_split_adjusted","m_close_dividend_and_split_adjusted","m_volume_dividend_and_split_adjusted","m_vwap_dividend_and_split_adjusted","f_accepted_date","f_filing_date","f_fiscal_period","f_fiscal_year","f_period_end_date","f_reported_currency","fbs_accumulated_other_comprehensive_income_after_tax","fbs_additional_paid_in_capital","fbs_assets","fbs_capital_lease_obligations","fbs_cash_and_cash_equivalents","fbs_cash_and_shortterm_investments","fbs_common_stock_value","fbs_current_accounts_payable","fbs_current_accounts_receivable_after_doubtful_accounts","fbs_current_accrued_expenses","fbs_current_assets","fbs_current_capital_lease_obligations","fbs_current_liabilities","fbs_current_net_receivables","fbs_current_tax_payables","fbs_deferred_revenue","fbs_goodwill","fbs_investments","fbs_liabilities","fbs_longterm_debt","fbs_longterm_investments","fbs_net_debt","fbs_net_intangible_assets_excluding_goodwill","fbs_net_intangible_assets_including_goodwill","fbs_net_inventory","fbs_net_property_plant_and_equipment","fbs_noncontrolling_interest","fbs_noncurrent_assets","fbs_noncurrent_capital_lease_obligations","fbs_noncurrent_deferred_revenue","fbs_noncurrent_deferred_tax_assets","fbs_noncurrent_deferred_tax_liabilities","fbs_noncurrent_liabilities","fbs_other_assets","fbs_other_current_assets","fbs_other_current_liabilities","fbs_other_liabilities","fbs_other_noncurrent_assets","fbs_other_noncurrent_liabilities","fbs_other_payables","fbs_other_receivables","fbs_other_stockholder_equity","fbs_preferred_stock_value","fbs_prepaid_expenses","fbs_retained_earnings","fbs_shortterm_debt","fbs_shortterm_investments","fbs_stockholder_equity","fbs_total_debt_including_capital_lease_obligations","fbs_total_equity_including_noncontrolling_interest","fbs_total_liabilities_and_equity","fbs_total_payables_current_and_noncurrent","fbs_treasury_stock_value","fcf_accounts_payable_change","fcf_accounts_receivable_change","fcf_capital_expenditure","fcf_cash_and_cash_equivalents_change","fcf_cash_exchange_rate_effect","fcf_common_stock_dividend_payments","fcf_common_stock_issuance_proceeds","fcf_common_stock_repurchase","fcf_deferred_income_tax","fcf_depreciation_and_amortization","fcf_dividend_payments","fcf_free_cash_flow","fcf_interest_payments","fcf_inventory_change","fcf_investment_sales_maturities_and_collections_proceeds","fcf_investments_purchase","fcf_net_business_acquisition_payments","fcf_net_cash_from_operating_activities","fcf_net_cash_from_investing_activities","fcf_net_cash_from_financing_activities","fcf_net_common_stock_issuance_proceeds","fcf_net_debt_issuance_proceeds","fcf_net_income","fcf_net_income_tax_payments","fcf_net_longterm_debt_issuance_proceeds","fcf_net_shortterm_debt_issuance_proceeds","fcf_net_stock_issuance_proceeds","fcf_other_financing_activities","fcf_other_investing_activities","fcf_other_noncash_items","fcf_other_working_capital","fcf_period_end_cash","fcf_period_start_cash","fcf_preferred_stock_dividend_payments","fcf_preferred_stock_issuance_proceeds","fcf_property_plant_and_equipment_purchase","fcf_stock_based_compensation","fcf_working_capital_change","fis_basic_earnings_per_share","fis_basic_net_income_available_to_common_stockholders","fis_continuing_operations_income_after_tax","fis_costs_and_expenses","fis_cost_of_revenue","fis_depreciation_and_amortization","fis_diluted_earnings_per_share","fis_discontinued_operations_income_after_tax","fis_earnings_before_interest_and_tax","fis_earnings_before_interest_tax_depreciation_and_amortization","fis_general_and_administrative_expense","fis_gross_profit","fis_income_before_tax","fis_income_tax_expense","fis_interest_expense","fis_interest_income","fis_net_income","fis_net_income_deductions","fis_net_interest_income","fis_net_total_other_income","fis_nonoperating_income_excluding_interest","fis_operating_expenses","fis_operating_income","fis_other_expenses","fis_other_net_income_adjustments","fis_research_and_development_expense","fis_revenues","fis_selling_and_marketing_expense","fis_selling_general_and_administrative_expense","fis_weighted_average_basic_shares_outstanding","fis_weighted_average_diluted_shares_outstanding","d_declaration_date_dividend","d_declaration_date_dividend_split_adjusted","d_ex_dividend_date_dividend","d_ex_dividend_date_dividend_split_adjusted","d_record_date_dividend","d_record_date_dividend_split_adjusted","d_payment_date_dividend","d_payment_date_dividend_split_adjusted","s_split_date_numerator","s_split_date_denominator","c_annualized_volatility_5d_log_returns_dividend_and_split_adjusted","c_annualized_volatility_21d_log_returns_dividend_and_split_adjusted","c_annualized_volatility_63d_log_returns_dividend_and_split_adjusted","c_annualized_volatility_252d_log_returns_dividend_and_split_adjusted","c_book_to_price","c_book_value_per_share","c_chaikin_money_flow_21d_dividend_and_split_adjusted","c_chaikin_money_flow_21d_split_adjusted","c_daily_traded_value","c_daily_traded_value_sma_5d","c_daily_traded_value_sma_21d","c_daily_traded_value_sma_63d","c_daily_traded_value_sma_252d","c_earnings_per_share","c_earnings_to_price","c_exponential_moving_average_5d_close_dividend_and_split_adjusted","c_exponential_moving_average_5d_close_split_adjusted","c_exponential_moving_average_21d_close_dividend_and_split_adjusted","c_exponential_moving_average_21d_close_split_adjusted","c_exponential_moving_average_63d_close_dividend_and_split_adjusted","c_exponential_moving_average_63d_close_split_adjusted","c_exponential_moving_average_252d_close_dividend_and_split_adjusted","c_exponential_moving_average_252d_close_split_adjusted","c_last_twelve_months_net_income","c_last_twelve_months_revenue","c_last_twelve_months_revenue_per_share","c_log_difference_high_to_low","c_log_returns_dividend_and_split_adjusted","c_market_cap","c_macd_26d_12d_dividend_and_split_adjusted","c_macd_26d_12d_split_adjusted","c_macd_signal_9d_dividend_and_split_adjusted","c_macd_signal_9d_split_adjusted","c_rsi_14d_dividend_and_split_adjusted","c_rsi_14d_split_adjusted","c_sales_to_price","c_simple_moving_average_5d_close_dividend_and_split_adjusted","c_simple_moving_average_5d_close_split_adjusted","c_simple_moving_average_21d_close_dividend_and_split_adjusted","c_simple_moving_average_21d_close_split_adjusted","c_simple_moving_average_63d_close_dividend_and_split_adjusted","c_simple_moving_average_63d_close_split_adjusted","c_simple_moving_average_252d_close_dividend_and_split_adjusted","c_simple_moving_average_252d_close_split_adjusted","c_sma_50d","c_sma_200d","c_sma_50d_200d_signal","c_daily_traded_value_1d","c_daily_traded_value_63d","c_weighted_average_basic_shares_outstanding_outlier_adjusted","c_weighted_average_diluted_shares_outstanding_outlier_adjusted","c_market_cap_outlier_adjusted","c_split_ratio","c_vwap","c_dividend_split_ratio","c_vwap_dividend_and_split_adjusted"
2025-01-28,,,,,,,21.049999237060547,21.200000762939453,19.100000381469727,19.750000000000000,12165200,,,,,18.440652847290040,,,,,,,,,,,,,,,,,,,,,,,,,,,,,,,,,,,,,,,,,,,,,,,,,,,,,,,,,,,,,,,,,,,,,,,,,,,,,,,,,,,,,,,,,,,,,,,,,,,,,,,,,,,,,,,,,,,,,,,,,,,,,,,,,,,,,,,,,,,,,,,,,,,,,,,,,,,,,,,,,,,,,,,,,,,,,,,,,,,,,,,,,,,,240262700.000000000000000,,,,,,,,
2025-01-29,,,,,,,19.750000000000000,20.690000534057617,19.680000305175780,20.489999771118164,3094300,,,,,19.131593704223633,,,,,,,,,,,,,,,,,,,,,,,,,,,,,,,,,,,,,,,,,,,,,,,,,,,,,,,,,,,,,,,,,,,,,,,,,,,,,,,,,,,,,,,,,,,,,,,,,,,,,,,,,,,,,,,,,,,,,,,,,,,,,,,,,,,,,,,,,,,,,,,,,,,,,,,,,,,,,,,,,,,,,,,,0.03678346777397176,,,,,,,,,,,,,,,,,,,,63402206.291770934865200,,,,,,,,
2025-01-30,,,,,,,20.750000000000000,21.819999694824220,20.520000457763672,21.790000915527344,3250200,,,,,20.345411300659180,,,,,,,,,,,,,,,,,,,,,,,,,,,,,,,,,,,,,,,,,,,,,,,,,,,,,,,,,,,,,,,,,,,,,,,,,,,,,,,,,,,,,,,,,,,,,,,,,,,,,,,,,,,,,,,,,,,,,,,,,,,,,,,,,,,,,,,,,,,,,,,,,,,,,,,,,,,,,,,,,,,,,,,,0.061514308409288905,,,,,,,,,,,,,,,,,,,,70821860.975646973468800,,,,,,,,
2025-01-31,,,,,,,22.000000000000000,22.030000686645508,21.049999237060547,21.500000000000000,1881200,,,,,20.074636459350586,,,,,,,,,,,,,,,,,,,,,,,,,,,,,,,,,,,,,,,,,,,,,,,,,,,,,,,,,,,,,,,,,,,,,,,,,,,,,,,,,,,,,,,,,,,,,,,,,,,,,,,,,,,,,,,,,,,,,,,,,,,,,,,,,,,,,,,,,,,,,,,,,,,,,,,,,,,,,,,,,,,,,,,,-0.013398247005465571,,,,,,,,,,,,,,,,,,,,40445800.000000000000000,,,,,,,,
2025-02-03,,,,,,,21.639999389648438,22.010000228881836,20.850000381469727,21.819999694824220,1818000,,,,,20.373422622680664,,,,,,,,,,,,,,,,,,,,,,,,,,,,,,,,,,,,,,,,,,,,,,,,,,,,,,,,,,,,,,,,,,,,,,,,,,,,,,,,,,,,,,,,,,,,,,,,,,,,,,,,,,,,,,,,,,,,,,,,,,,,,,,,,,,,,,,,,,,,,,,,,,,,,,,,,,,,19.67314338684082,21.070000076293944,,,,,,,,,,,0.014774088292711967,,,,,,,,,19.67314338684082,21.070000076293944,,,,,,,,,,39668759.445190431960000,,,,,,,,
2025-02-04,,,,,,,21.760000228881836,21.819999694824220,21.204999923706055,21.479999542236328,723300,,,,,20.055961608886720,,,,,,,,,,,,,,,,,,,,,,,,,,,,,,,,,,,,,,,,,,,,,,,,,,,,,,,,,,,,,,,,,,,,,,,,,,,,,,,,,,,,,,,,,,,,,,,,,,,,,,,,,,,,,,,,,,,,,,,,,,,,,,,,,,,,,,,,,,,,,0.5247784405413419,,,,,,,,,,,,,,,19.80074946085612,21.206666564941408,,,,,,,,,,,-0.015704792180062002,,,,,,,,,19.996205139160157,21.415999984741212,,,,,,,,,,15536483.668899536042400,,,,,,,,
2025-02-05,,,,,,,21.500000000000000,21.549999237060547,20.670000076293945,21.129999160766600,892000,,,,,19.729166030883790,,,,,,,,,,,,,,,,,,,,,,,,,,,,,,,,,,,,,,,,,,,,,,,,,,,,,,,,,,,,,,,,,,,,,,,,,,,,,,,,,,,,,,,,,,,,,,,,,,,,,,,,,,,,,,,,,,,,,,,,,,,,,,,,,,,,,,,,,,,,,0.5329871294043361,,,,,,,,,,,,,,,19.77688831753201,21.181110763549803,,,,,,,,,,,-0.016428396605589157,,,,,,,,,20.115719604492188,21.543999862670898,,,,,,,,,,18847959.251403807200000,,,,,,,,
2025-02-06,,,,,,,20.690000534057617,20.979999542236328,20.100000381469727,20.700000762939453,1317600,,,,,19.327672958374023,,,,,,,,,,,,,,,,,,,,,,,,,,,,,,,,,,,,,,,,,,,,,,,,,,,,,,,,,,,,,,,,,,,,,,,,,,,,,,,,,,,,,,,,,,,,,,,,,,,,,,,,,,,,,,,,,,,,,,,,,,,,,,,,,,,,,,,,,,,,,0.22594589995876013,,,,,,,,,,,,,,,19.62714986447935,21.020740763346353,,,,,,,,,,,-0.020560149057333048,,,,,,,,,19.912171936035158,21.32599983215332,,,,,,,,,,27274321.005249023272800,,,,,,,,
2025-02-07,,,,,,,20.700000762939453,21.250000000000000,20.600000381469727,21.120000839233400,559500,,,,,19.719831466674805,,,,,,,,,,,,,,,,,,,,,,,,,,,,,,,,,,,,,,,,,,,,,,,,,,,,,,,,,,,,,,,,,,,,,,,,,,,,,,,,,,,,,,,,,,,,,,,,,,,,,,,,,,,,,,,,,,,,,,,,,,,,,,,,,,,,,,,,,,,,,0.3071431380879225,,,,,,,,,,,,,,,19.658043731877832,21.053827455308703,,,,,,,,,,,0.020086901827981746,,,,,,,,,19.8412109375,21.25,,,,,,,,,,11816640.469551087300000,,,,,,,,
2025-02-10,,,,,,,21.329999923706055,21.500000000000000,21.100000381469727,21.260000228881836,442800,,,,,19.850549697875977,,,,,,,,,,,,,,,,,,,,,,,,,,,,,,,,,,,,,,,,,,,,,,,,,,,,,,,,,,,,,,,,,,,,,,,,,,,,,,,,,,,,,,,,,,,,,,,,,,,,,,,,,,,,,,,,,,,,,,,,,,,,,,,,,,,,,,,,,,,,,0.2807580667769945,,,,,,,,,,,,,,,19.722212387210547,21.122551713166413,,,,,,,,,,,0.006606896514672959,,,,,,,,,19.736636352539062,21.138000106811525,,,,,,,,,,9413928.101348876980800,,,,,,,,
2025-02-11,,,,,,,21.020000457763672,21.309999465942383,20.629999160766600,21.260000228881836,594500,,,,,19.850549697875977,,,,,,,,,,,,,,,,,,,,,,,,,,,,,,,,,,,,,,,,,,,,,,,,,,,,,,,,,,,,,,,,,,,,,,,,,,,,,,,,,,,,,,,,,,,,,,,,,,,,,,,,,,,,,,,,,,,,,,,,,,,,,,,,,,,,,,,,,,,,,0.26545935290390393,,,,,,,,,,,,,,,19.76499149076569,21.168367885071554,,,,,,,,,,,0,,,,,,,,,19.695553970336913,21.094000244140624,,,,,,,,,,12639070.136070251502000,,,,,,,,
2025-02-12,,,,,,,20.870000839233400,21.510000228881836,20.809999465942383,21.500000000000000,361600,,,,,20.074636459350586,,,,,,,,,,,,,,,,,,,,,,,,,,,,,,,,,,,,,,,,,,,,,,,,,,,,,,,,,,,,,,,,,,,,,,,,,,,,,,,,,,,,,,,,,,,,,,,,,,,,,,,,,,,,,,,,,,,,,,,,,,,,,,,,,,,,,,,,,,,,,0.24278106094093194,,,,,,,,,,,,,,,19.86820648029399,21.278911923381035,,,,,,,,,,,0.011225451207617476,,,,,,,,,19.764648056030275,21.168000411987304,,,,,,,,,,7774400.000000000000000,,,,,,,,
2025-02-13,,,,,,,21.549999237060547,21.549999237060547,21.129999160766600,21.180000305175780,309400,,,,,19.775850296020508,,,,,,,,,,,,,,,,,,,,,,,,,,,,,,,,,,,,,,,,,,,,,,,,,,,,,,,,,,,,,,,,,,,,,,,,,,,,,,,,,,,,,,,,,,,,,,,,,,,,,,,,,,,,,,,,,,,,,,,,,,,,,,,,,,,,,,,,,,,,,0.2089347397447891,,,,,,,,,,,,,,,19.837421085536164,21.245941383979286,,,,,,,,,,,-0.014995639281748747,,,,,,,,,19.85428352355957,21.26400032043457,,,,,,,,,,6553092.094421386332000,,,,,,,,
2025-02-14,,,,,,,21.059999465942383,21.399999618530273,20.850000381469727,21.229999542236328,219700,,,,,19.822536468505860,,,,,,,,,,,,,,,,,,,,,,,,,,,,,,,,,,,,,,,,,,,,,,,,,,,,,,,,,,,,,,,,,,,,,,,,,,,,,,,,,,,,,,,,,,,,,,,,,,,,,,,,,,,,,,,,,,,,,,,,,,,,,,,,,,,,,,,,,,,,,0.15768871857593725,,,,,,,,,,,,,,,19.83245954652606,21.240627436731632,,,,,,,,,,,0.002357984651980311,,,,,,,,,19.87482452392578,21.286000061035157,,,,,,,,,,4664230.899429321261600,,,,,,,,
2025-02-18,,,,,,,21.250000000000000,21.549999237060547,21.180000305175780,21.440000534057617,359200,,,,,20.018615722656250,,,,,,,,,,,,,,,,,,,,,,,,,,,,,,,,,,,,,,,,,,,,,,,,,,,,,,,,,,,,,,,,,,,,,,,,,,,,,,,,,,,,,,,,,,,,,,,,,,,,,,,,,,,,,,,,,,,,,,,,,,,,,,,,,,,,,,,,,,,,,0.16632499263468337,,,,,,,,,,,,,,,19.894511605236126,21.307085135840293,,,,,,,,,,,0.009843130858176759,,,,,,66.40776999408587,66.40777339066982,,19.908437728881836,21.322000122070314,,,,,,,,,,7701248.191833496026400,,,,,,,,
2025-02-19,,,,,,,21.399999618530273,21.530000686645508,21.200000762939453,21.469999313354492,516400,,,,,20.046623229980470,,,,,,,,,,,,,,,,,,,,,,,,,,,,,,,,,,,,,,,,,,,,,,,,,,,,,,,,,,,,,,,,,,,,,,,,,,,,,,,,,,,,,,,,,,,,,,,,,,,,,,,,,,,,,,,,,,,,,,,,,,,,,,,,,,,,,,,,,,,,,0.16572712546608973,,,,,,,,,,,,,,,19.945215480150907,21.36138986167836,,,,,,,,,,,0.001398095337429382,,,,,,66.61716443061638,66.61718656726705,,19.947652435302736,21.363999938964845,,,,,,,,,,11087107.645416259668800,,,,,,,,
2025-02-20,,,,,,,21.620000839233400,21.729999542236328,21.000000000000000,21.299999237060547,475700,,,,,19.887893676757812,,,,,,,,,,,,,,,,,,,,,,,,,,,,,,,,,,,,,,,,,,,,,,,,,,,,,,,,,,,,,,,,,,,,,,,,,,,,,,,,,,,,,,,,,,,,,,,,,,,,,,,,,,,,,,,,,,,,,,,,,,,,,,,,,,,,,,,,,,,,,0.15370361925191772,,,,,,,,,,,,,,,19.92610821235321,21.34092632013909,,,,,,,,,,,-0.007949533457638427,,,,,,64.17562128067767,64.17563660640782,,19.91030387878418,21.32399978637695,,,,,,,,,,10132409.637069702207900,,,,,,,,
2025-02-21,,,,,,,21.100000381469727,21.350000381469727,20.739999771118164,21.100000381469727,331600,,,,,19.701154708862305,,,,,,,,,,,,,,,,,,,,,,,,,,,,,,,,,,,,,,,,,,,,,,,,,,,,,,,,,,,,,,,,,,,,,,,,,,,,,,,,,,,,,,,,,,,,,,,,,,,,,,,,,,,,,,,,,,,,,,,,,,,,,,,,,,,,,,,,,,,,,0.12643229942288758,,,,,,,,,,,,,,,19.851123711189572,21.26061767391597,,,,,,,,,,,-0.009433939964562222,,,,,,61.32789550170401,61.32789572753914,,19.89536476135254,21.30799980163574,,,,,,,,,,6996760.126495361473200,,,,,,,,
2025-02-24,,,,,,,21.389999389648438,21.700000762939453,21.117000579833984,21.340000152587890,792300,,,,,19.925243377685547,,,,,,,,,,,,,,,,,,,,,,,,,,,,,,,,,,,,,,,,,,,,,,,,,,,,,,,,,,,,,,,,,,,,,,,,,,,,,,,,,,,,,,,,,,,,,,,,,,,,,,,,,,,,,,,,,,,,,,,,,,,,,,,,,,,,,,,,,,,,,0.15342017580299297,,,,,,,,,,,,,,,19.875830266688233,21.28707850013994,,,,,,,,,,,0.011310190601810823,,,,,,63.42528304716724,63.42528587992407,,19.915906143188476,21.329999923706055,,,,,,,,,,16907682.120895385247000,,,,,,,,
2025-02-25,,,,,,,21.260000228881836,21.680000305175780,20.899999618530273,21.600000381469727,487500,,,,,20.168008804321290,,,,,,,,,,,,,,,,,,,,,,,,,,,,,,,,,,,,,,,,,,,,,,,,,,,,,,,,,,,,,,,,,,,,,,,,,,,,,,,,,,,,,,,,,,,,,,,,,,,,,,,,,,,,,,,,,,,,,,,,,,,,,,,,,,,,,,,,,,,,,0.16221350466684675,,,,,,,,,,,,,,,19.97322311256592,21.391385793916537,,,,,,,,,,,0.01211018714353333,,,,,,65.60182905706772,65.60181524749953,,19.945784759521484,21.361999893188475,,,,,,,,,,10530000.185966491912500,,,,,,,,
2025-02-26,,,,,,,21.729999542236328,21.770000457763672,20.309999465942383,20.600000381469727,1351500,,,,,19.234302520751953,,,,,,,,,,,,,,,,,,,,,,,,,,,,,,,,,,,,,,,,,,,,,,,,,,,,,,,,,,,,,,,,,,,,,,,,,,,,,,,,,,,,,,,,,,,,,,,,,,,,,,,,,,,,,,,,,,,,,,,,,,,,,,,,,,,,,,,,,,,,,0.3832579527263395,,,,,,,0.08253442018330193,,,,,,,,19.72691624862793,21.12759065643427,19.78830065046038,21.193333398728143,,,,,,,,,-0.04740235183125221,,,,,,52.62934917848246,52.629349170103694,,19.78332061767578,21.188000106811522,19.78830065046038,21.193333398728143,,,,,,,,27840900.515556336040500,,,,,,,,
2025-02-27,,,,,,,20.719999313354492,21.500000000000000,20.379999160766600,21.010000228881836,577900,,,,,19.617122650146484,,,,,,,,,,,,,,,,,,,,,,,,,,,,,,,,,,,,,,,,,,,,,,,,,,,,,,,,,,,,,,,,,,,,,,,,,,,,,,,,,,,,,,,,,,,,,,,,,,,,,,,,,,,,,,,,,,,,,,,,,,,,,,,,,,,,,,,,,,,,,0.4319325914914815,0.3594883053509766,,,,,,0.3607276435999823,,,,,,,,19.69031838246745,21.088393847250124,19.772739014068208,21.176666746923935,,,,,,,,,0.01970751486205554,,,,,,56.433267750985074,56.43325840090328,,19.729166412353514,21.13000030517578,19.844323022024973,21.253333409627277,,,,,,,,12141679.132270813024400,,,,,,,,
2025-02-28,,,,,,,21.209999084472656,21.370000839233400,20.790000915527344,20.840000152587890,782500,,,,,19.458391189575195,,,,,,,,,,,,,,,,,,,,,,,,,,,,,,,,,,,,,,,,,,,,,,,,,,,,,,,,,,,,,,,,,,,,,,,,,,,,,,,,,,,,,,,,,,,,,,,,,,,,,,,,,,,,,,,,,,,,,,,,,,,,,,,,,,,,,,,,,,,,,0.4307527710807585,0.33932018607974423,,,,,,0.267486065177122,,,,,,,,19.61300931817003,21.005595949029377,19.744161939114296,21.146060692893386,,,,,,,,,-0.008124388808794908,,,,,,54.47978241827533,54.47979029291817,,19.680613708496093,21.078000259399413,19.859884807041713,21.27000009445917,,,,,,,,16307300.119400023925000,,,,,,,,
2025-03-03,,,,,,,20.620000839233400,21.129999160766600,20.399999618530273,20.870000839233400,495000,,,,,19.486402511596680,,,,,,,,,,,,,,,,,,,,,,,,,,,,,,,,,,,,,,,,,,,,,,,,,,,,,,,,,,,,,,,,,,,,,,,,,,,,,,,,,,,,,,,,,,,,,,,,,,,,,,,,,,,,,,,,,,,,,,,,,,,,,,,,,,,,,,,,,,,,,0.41630162947644556,0.2579560054215865,,,,,,0.12223190780667026,,,,,,,,19.570807049312247,20.960397579097386,19.720729263885424,21.120964342560658,,,,,,,,,0.0014385145838386427,,,,,,54.77728236395842,54.777295445929724,,19.59284553527832,20.984000396728515,19.818979626610165,21.2261905670166,,,,,,,,10330650.415420533000000,,,,,,,,
2025-03-04,,,,,,,20.610000610351562,20.694999694824220,19.719999313354492,19.770000457763672,1009100,,,,,18.459329605102540,,,,,,,,,,,,,,,,,,,,,,,,,,,,,,,,,,,,,,,,,,,,,,,,,,,,,,,,,,,,,,,,,,,,,,,,,,,,,,,,,,,,,,,,,,,,,,,,,,,,,,,,,,,,,,,,,,,,,,,,,,,,,,,,,,,,,,,,,,,,,0.506239450291162,0.31323420381577105,,,,,,0.07746320844297713,,,,,,,,19.20031456790901,20.563598538652816,19.606056567632432,20.99814944394275,,,,,,,,,-0.05414700290844766,,,,,,43.54078063919852,43.540757083106186,,19.25110969543457,20.618000411987303,19.742060252598353,21.143809636433918,,,,,,,,19949907.461929321415200,,,,,,,,
2025-03-05,,,,,,,19.750000000000000,20.409999847412110,19.520000457763672,20.329999923706055,596400,,,,,18.982202529907227,,,,,,,,,,,,,,,,,,,,,,,,,,,,,,,,,,,,,,,,,,,,,,,,,,,,,,,,,,,,,,,,,,,,,,,,,,,,,,,,,,,,,,,,,,,,,,,,,,,,,,,,,,,,,,,,,,,,,,,,,,,,,,,,,,,,,,,,,,,,,0.5103189988646546,0.3262154045500931,,,,,,0.029065238157672323,,,,,,,,19.12761055524175,20.485732333670562,19.54934256420287,20.937408578466687,,,,,,,,,0.027931918896227256,,-0.26091327787385055,-0.27943883098655675,,,49.24845837247511,49.248451473973,,19.200689697265624,20.56400032043457,19.675811676751998,21.072857266380673,,,,,,,,12124811.954498291202000,,,,,,,,
2025-03-06,,,,,,,20.329999923706055,20.440000534057617,19.649999618530273,19.770000457763672,456900,,,,,18.459329605102540,,,,,,,,,,,,,,,,,,,,,,,,,,,,,,,,,,,,,,,,,,,,,,,,,,,,,,,,,,,,,,,,,,,,,,,,,,,,,,,,,,,,,,,,,,,,,,,,,,,,,,,,,,,,,,,,,,,,,,,,,,,,,,,,,,,,,,,,,,,,,0.4905858216712518,0.334681576697931,,,,,,0.010973944149720301,,,,,,,,18.90485023852868,20.2471550417016,19.45025047701193,20.831280567493685,,,,,,,,,-0.027931918896227346,,-0.3177731447857859,-0.3403360073350008,,,44.413183551183,44.413166423275655,,18.969131088256837,20.316000366210936,19.599781581333705,20.99142873854864,,,,,,,,9032913.209152221736800,,,,,,,,
2025-03-07,,,,,,,19.760000228881836,21.049999237060547,19.239999771118164,19.299999237060547,812900,,,,,18.020486831665040,,,,,,,,,,,,,,,,,,,,,,,,,,,,,,,,,,,,,,,,,,,,,,,,,,,,,,,,,,,,,,,,,,,,,,,,,,,,,,,,,,,,,,,,,,,,,,,,,,,,,,,,,,,,,,,,,,,,,,,,,,,,,,,,,,,,,,,,,,,,,0.495335910220765,0.3392797008292862,,,,,,-0.051180374141118395,,,,,,,,18.6100624362408,19.93143644015458,19.320271963798575,20.692073173817946,,,,,,,,,-0.02406064433108459,,-0.39370752791368346,-0.421661972138903,,,40.79314502458897,40.79313269546271,,18.681550216674804,20.00800018310547,19.518415905180433,20.90428588503883,,,,,,,,15688969.379806518656300,,,,,,,,
2025-03-10,,,,,,,19.420000076293945,19.913000106811523,18.430000305175780,18.610000610351562,822700,,,,,17.376232147216797,,,,,,,,,,,,,,,,,,,,,,,,,,,,,,,,,,,,,,,,,,,,,,,,,,,,,,,,,,,,,,,,,,,,,,,,,,,,,,,,,,,,,,,,,,,,,,,,,,,,,,,,,,,,,,,,,,,,,,,,,,,,,,,,,,,,,,,,,,,,,0.4873069898270217,0.35300313936579075,,,,,,-0.14243398880924274,,,,,,,,18.1987856732328,19.490957830220243,19.14354107138205,20.502793849866457,,,,,,,,,-0.0364059641166514,,-0.500107118834098,-0.5356162569832605,,,36.13642820217794,36.13641539698152,,18.259516143798827,19.5560001373291,19.425490152268182,20.80476206824893,,,,,,,,15310447.502136230057400,,,,,,,,
2025-03-11,,,,,,,18.450000762939453,19.409999847412110,18.450000762939453,19.260000228881836,946800,,,,,17.983139038085938,,,,,,,,,,,,,,,,,,,,,,,,,,,,,,,,,,,,,,,,,,,,,,,,,,,,,,,,,,,,,,,,,,,,,,,,,,,,,,,,,,,,,,,,,,,,,,,,,,,,,,,,,,,,,,,,,,,,,,,,,,,,,,,,,,,,,,,,,,,,,0.5328445869780557,0.36888444393892605,,,,,,-0.11336655718595914,,,,,,,,18.126903461517177,19.41397196310744,19.03804997744604,20.38981261159513,,,,,,,,,0.03433129490914403,,-0.5293551703538739,-0.5669409691924301,,,42.764774701437766,42.764770988519494,,18.164278030395508,19.454000091552736,19.34279051281157,20.716190610613143,,,,,,,,18235368.216705322324800,,,,,,,,
2025-03-12,,,,,,,19.409999847412110,19.665000915527344,19.209999084472656,19.329999923706055,428300,,,,,18.048498153686523,,,,,,,,,,,,,,,,,,,,,,,,,,,,,,,,,,,,,,,,,,,,,,,,,,,,,,,,,,,,,,,,,,,,,,,,,,,,,,,,,,,,,,,,,,,,,,,,,,,,,,,,,,,,,,,,,,,,,,,,,,,,,,,,,,,,,,,,,,,,,0.4605984100213045,0.367908515617295,,,,,,-0.1224384905565909,,,,,,,,18.10076835890696,19.38598128330698,18.94809072074063,20.29346600360521,,,,,,,,,0.0036278777418868903,,-0.5410239402960642,-0.5794382356473342,,,43.44552486890147,43.44552035617877,,17.977537155151367,19.254000091552733,19.256978534516833,20.6242858341762,,,,,,,,8279038.967323303356500,,,,,,,,
2025-03-13,,,,,,,19.270000457763672,19.329999923706055,18.750000000000000,18.979999542236328,452200,,,,,17.721698760986328,,,,,,,,,,,,,,,,,,,,,,,,,,,,,,,,,,,,,,,,,,,,,,,,,,,,,,,,,,,,,,,,,,,,,,,,,,,,,,,,,,,,,,,,,,,,,,,,,,,,,,,,,,,,,,,,,,,,,,,,,,,,,,,,,,,,,,,,,,,,,0.4417418888578996,0.37050852382867633,,,,,,-0.17154677201989754,,,,,,,,17.97441182626675,19.25065403628343,18.83660054258115,20.174059961662586,,,,,,,,,-0.018272669080452417,,-0.570070091203533,-0.6105465148885401,,,40.8305396560049,40.83055375620435,,17.830010986328126,19.095999908447265,19.15560468037923,20.515714372907365,,,,,,,,8582755.792999267521600,,,,,,,,
2025-03-14,,,,,,,19.110000610351562,19.350000381469727,18.899999618530273,19.020000457763672,334900,,,,,17.759052276611328,,,,,,,,,,,,,,,,,,,,,,,,,,,,,,,,,,,,,,,,,,,,,,,,,,,,,,,,,,,,,,,,,,,,,,,,,,,,,,,,,,,,,,,,,,,,,,,,,,,,,,,,,,,,,,,,,,,,,,,,,,,,,,,,,,,,,,,,,,,,,0.4209592188819065,0.3666787365211067,,,,,,-0.2123253724845287,,,,,,,,17.902625309714942,19.173769510110176,18.738641609311166,20.06914546130814,,,,,,,,,0.0021055658819452883,,-0.5833507541586371,-0.6247703470737598,,,41.26570159163475,41.26566399540666,,17.777724075317384,19.04000015258789,19.045338766915457,20.397619156610396,,,,,,,,6369798.153305053752800,,,,,,,,
2025-03-17,,,,,,,19.069999694824220,19.850000381469727,19.020000457763672,19.540000915527344,516300,,,,,18.244579315185547,,,,,,,,,,,,,,,,,,,,,,,,,,,,,,,,,,,,,,,,,,,,,,,,,,,,,,,,,,,,,,,,,,,,,,,,,,,,,,,,,,,,,,,,,,,,,,,,,,,,,,,,,,,,,,,,,,,,,,,,,,,,,,,,,,,,,,,,,,,,,0.33506561056588896,0.3819717044986664,,,,,,-0.18018539460328262,,,,,,,,18.016609978205143,19.29584664524923,18.693726855299744,20.021041411691705,,,,,,,,,0.026972638745974994,,-0.5483764584775521,-0.5873129671457171,-0.4716308315441198,-0.5051180112657225,46.74792177004081,46.747891849373566,,17.95139350891113,19.226000213623045,18.972421101161412,20.31952394757952,,,,,,,,10088502.472686767707200,,,,,,,,
2025-03-18,,,,,,,19.399999618530273,20.040000915527344,19.399999618530273,20.010000228881836,513700,,,,,18.683416366577150,,,,,,,,,,,,,,,,,,,,,,,,,,,,,,,,,,,,,,,,,,,,,,,,,,,,,,,,,,,,,,,,,,,,,,,,,,,,,,,,,,,,,,,,,,,,,,,,,,,,,,,,,,,,,,,,,,,,,,,,,,,,,,,,,,,,,,,,,,,,,0.29185642771033943,0.3933777614192038,,,,,,-0.14690548823900226,,,,,,,,18.238878774329145,19.533897839793433,18.692789538143145,20.020037667799897,,,,,,,,,0.023768292998863204,,-0.479718696126632,-0.5137801690752895,-0.4732484044606222,-0.5068504428276359,51.18308464621757,51.18309428704367,,18.091448974609374,19.376000213623048,18.918177286783855,20.261428742181685,,,,,,,,10279137.117576599153200,,,,,,,,
2025-03-19,,,,,,,19.989999771118164,20.084999084472656,19.659999847412110,19.780000686645508,273000,,,,,18.468667984008790,,,,,,,,,,,,,,,,,,,,,,,,,,,,,,,,,,,,,,,,,,,,,,,,,,,,,,,,,,,,,,,,,,,,,,,,,,,,,,,,,,,,,,,,,,,,,,,,,,,,,,,,,,,,,,,,,,,,,,,,,,,,,,,,,,,,,,,,,,,,,0.32324271324709275,0.39168135934825477,,,,,,-0.16826584431837519,,,,,,,,18.315475177555694,19.615932122077457,18.67241485140366,19.99821612405859,,,,,,,,,-0.011560631283260184,,-0.43759104735428167,-0.46866149966488635,-0.46611693303935414,-0.499212654195086,49.03102036235217,49.030997485137725,,18.175482940673827,19.466000366210938,18.844370251610165,20.18238113040016,,,,,,,,5399940.187454223684000,,,,,,,,
2025-03-20,,,,,,,19.610000610351562,19.874000549316406,19.450000762939453,19.649999618530273,560700,,,,,18.347284317016600,,,,,,,,,,,,,,,,,,,,,,,,,,,,,,,,,,,,,,,,,,,,,,,,,,,,,,,,,,,,,,,,,,,,,,,,,,,,,,,,,,,,,,,,,,,,,,,,,,,,,,,,,,,,,,,,,,,,,,,,,,,,,,,,,,,,,,,,,,,,,0.2787451397088507,0.39131359378202746,,,,,,-0.19537468365544103,,,,,,,,18.326078224042664,19.627287954228397,18.642857530095743,19.96656007810147,,,,,,,,,-0.00659410387297187,,-0.4092812897302558,-0.43834169858427785,-0.4547498043775345,-0.48703846307292437,47.80742129323777,47.807409762537276,,18.300600051879883,19.600000381469727,18.76344935099284,20.09571447826567,,,,,,,,11017754.786109924071100,,,,,,,,
2025-03-21,,,,,,,19.649999618530273,20.030000686645508,19.014999389648438,19.049999237060547,2041900,,,,,17.787061691284180,,,,,,,,,,,,,,,,,,,,,,,,,,,,,,,,,,,,,,,,,,,,,,,,,,,,,,,,,,,,,,,,,,,,,,,,,,,,,,,,,,,,,,,,,,,,,,,,,,,,,,,,,,,,,,,,,,,,,,,,,,,,,,,,,,,,,,,,,,,,,0.39132546866367185,0.402089991979742,,,,,,-0.29893745591385706,,,,,,,,18.1464060464565,19.434858381839113,18.5650579083856,19.88323636527957,,,,,,,,,-0.03101024820250722,,-0.42712722994387775,-0.4574547999792813,-0.4492252894908031,-0.48112173045419576,42.53187098127491,42.53185650879006,,18.306201934814453,19.6060001373291,18.66340973263695,19.988571621122816,,,,,,,,38898193.442153930919300,,,,,,,,
2025-03-24,,,,,,,19.250000000000000,19.924999237060547,19.250000000000000,19.600000381469727,971600,,,,,18.300598144531250,,,,,,,,,,,,,,,,,,,,,,,,,,,,,,,,,,,,,,,,,,,,,,,,,,,,,,,,,,,,,,,,,,,,,,,,,,,,,,,,,,,,,,,,,,,,,,,,,,,,,,,,,,,,,,,,,,,,,,,,,,,,,,,,,,,,,,,,,,,,,0.3978082806961371,0.4183031972166735,,,,,,-0.2879344803201463,,,,,,,,18.197803412481417,19.489905715049318,18.54101611167157,19.857487639478673,,,,,,,,,0.02846242308386542,,-0.3952756742403203,-0.42334155678911856,-0.4384353664407066,-0.4695656957211803,48.177192760480814,48.17720058614684,,18.317405700683594,19.618000030517578,18.596716562906902,19.917143049694243,,,,,,,,19043360.370635986753200,,,,,,,,
2025-03-25,,,,,,,19.610000610351562,19.940000534057617,18.799999237060547,19.139999389648438,1103000,,,,,17.871091842651367,,,,,,,,,,,,,,,,,,,,,,,,,,,,,,,,,,,,,,,,,,,,,,,,,,,,,,,,,,,,,,,,,,,,,,,,,,,,,,,,,,,,,,,,,,,,,,,,,,,,,,,,,,,,,,,,,,,,,,,,,,,,,,,,,,,,,,,,,,,,,0.36526132204903206,0.4202767569024535,,,,,,-0.2988405962064524,,,,,,,,18.0888995558714,19.373270273249023,18.480113905397005,19.792261434948653,,,,,,,,,-0.02374931830481565,,-0.40007879656851486,-0.42848548746303905,-0.4307640524662682,-0.46134965406955203,44.26098549127636,44.261004959041976,,18.154940795898437,19.4439998626709,18.49889982314337,19.812381108601887,,,,,,,,21111419.326782227114000,,,,,,,,
2025-03-26,,,,,,,19.280000686645508,20.049999237060547,19.110000610351562,19.709999084472656,1137800,,,,,18.403306961059570,,,,,,,,,,,,,,,,,,,,,,,,,,,,,,,,,,,,,,,,,,,,,,,,,,,,,,,,,,,,,,,,,,,,,,,,,,,,,,,,,,,,,,,,,,,,,,,,,,,,,,,,,,,,,,,,,,,,,,,,,,,,,,,,,,,,,,,,,,,,,0.45165194106330386,0.43325249688761075,,,,,,-0.29133091614722134,,,,,,,,18.193702024267456,19.485513210323568,18.473131455911783,19.784783039450833,,,,,,,,,0.029345948108761816,,-0.35682671719116854,-0.38216254595419485,-0.41597658541124827,-0.44551223244648064,49.71555170999768,49.71553331644401,,18.141868591308594,19.429999542236327,18.414866402035667,19.722381046840123,,,,,,,,22426036.958312987996800,,,,,,,,
2025-03-27,,,,,,,19.649999618530273,20.350000381469727,19.608999252319336,20.110000610351562,612200,,,,,18.776786804199220,,,,,,,,,,,,,,,,,,,,,,,,,,,,,,,,,,,,,,,,,,,,,,,,,,,,,,,,,,,,,,,,,,,,,,,,,,,,,,,,,,,,,,,,,,,,,,,,,,,,,,,,,,,,,,,,,,,,,,,,,,,,,,,,,,,,,,,,,,,,,0.4691392214349103,0.4112963748636118,,,,,,-0.23857517387160418,,,,,,,,18.388063617578045,19.693675676999565,18.50073648757428,19.81434827316908,,,,,,,,,0.02009098784272807,,-0.28908009523832945,-0.30960556070246525,-0.3905972873766645,-0.41833089809767754,53.1782393519,53.1782534173533,,18.227769088745116,19.521999740600585,18.39307993934268,19.699047724405926,,,,,,,,12311342.373657226256400,,,,,,,,
2025-03-28,,,,,,,20.170000076293945,20.540000915527344,20.069999694824220,20.229999542236328,546000,,,,,18.888832092285156,,,,,,,,,,,,,,,,,,,,,,,,,,,,,,,,,,,,,,,,,,,,,,,,,,,,,,,,,,,,,,,,,,,,,,,,,,,,,,,,,,,,,,,,,,,,,,,,,,,,,,,,,,,,,,,,,,,,,,,,,,,,,,,,,,,,,,,,,,,,,0.3506773482375715,0.40522341537314555,,,,,,-0.25506063844085447,,,,,,,,18.554986442480416,19.872450298745154,18.53601790618436,19.852134752175196,,,,,,,,,0.005949490377099449,,-0.2237698118070206,-0.23965808697081314,-0.3572317922627357,-0.3825963358723047,54.19725819971197,54.197256384751135,,18.448123168945312,19.75799980163574,18.35839943658738,19.66190483456566,,,,,,,,11045579.750061035088000,,,,,,,,
2025-03-31,,,,,,,20.149999618530273,20.559999465942383,19.989999771118164,20.389999389648438,1209700,,,,,19.038225173950195,,,,,,,,,,,,,,,,,,,,,,,,,,,,,,,,,,,,,,,,,,,,,,,,,,,,,,,,,,,,,,,,,,,,,,,,,,,,,,,,,,,,,,,,,,,,,,,,,,,,,,,,,,,,,,,,,,,,,,,,,,,,,,,,,,,,,,,,,,,,,0.3188794264254465,0.4058684059665367,,,,,,-0.17648819058349316,,,,,,,,18.716066019637008,20.044966662379583,18.581673112344887,19.901031537400037,,,,,,,,,0.00787795653399322,,-0.1581333061732373,-0.16936126830521303,-0.31741209504483603,-0.3399493223588863,55.585238748475085,55.58523284220701,,18.595648574829102,19.915999603271484,18.338391531081427,19.64047622680664,,,,,,,,24665782.261657715448600,,,,,,,,
2025-04-01,,,,,,,20.370000839233400,20.719999313354492,19.850000381469727,20.629999160766600,1273900,,,,,19.262311935424805,,,,,,,,,,,,,,,,,,,,,,,,,,,,,,,,,,,,,,,,,,,,,,,,,,,,,,,,,,,,,,,,,,,,,,,,,,,,,,,,,,,,,,,,,,,,,,,,,,,,,,,,,,,,,,,,,,,,,,,,,,,,,,,,,,,,,,,,,,,,,0.15375316011464962,0.4082083194798458,,,,,,-0.11599474602753508,,,,,,,,18.898147991566272,20.239977495175253,18.643549368988516,19.96730132134245,,,,,,,,,0.011701627985529383,,-0.08703073752573331,-0.09321008939475917,-0.2713358235410155,-0.2906014757660609,57.65792896680295,57.65794266137711,,18.87389259338379,20.213999557495118,18.327720551263717,19.62904757545108,,,,,,,,26280555.930900571740000,,,,,,,,
2025-04-02,,,,,,,20.739999771118164,20.940000534057617,20.420000076293945,20.790000915527344,1227200,,,,,19.411708831787110,,,,,,,,,,,,,,,,,,,,,,,,,,,,,,,,,,,,,,,,,,,,,,,,,,,,,,,,,,,,,,,,,,,,,,,,,,,,,,,,,,,,,,,,,,,,,,,,,,,,,,,,,,,,,,,,,,,,,,,,,,,,,,,,,,,,,,,,,,,,,0.08999780255004189,0.3591741183122979,,,,,,-0.02987451193728354,,,,,,,,19.069334938306554,20.423318635292617,18.713382047424755,20.042092193541077,,,,,,,,,0.0077259946876617755,,-0.01841409243652592,-0.019721588849872518,-0.22075147732011757,-0.23642549838282323,59.03063137496231,59.03062197045434,,19.075572967529297,20.429999923706056,18.373071943010604,19.67761902582078,,,,,,,,25513489.123535156556800,,,,,,,,
2025-04-03,,,,,,,20.639999389648438,21.079999923706055,20.530000686645508,20.870000839233400,858200,,,,,19.486402511596680,,,,,,,,,,,,,,,,,,,,,,,,,,,,,,,,,,,,,,,,,,,,,,,,,,,,,,,,,,,,,,,,,,,,,,,,,,,,,,,,,,,,,,,,,,,,,,,,,,,,,,,,,,,,,,,,,,,,,,,,,,,,,,,,,,,,,,,,,,,,,0.04601624609966257,0.3470843951971346,,,,,,-0.04616184012099452,,,,,,,,19.208357462736593,20.57221270327288,18.783656635076746,20.117356615876744,,,,,,,,,0.0038404832027377307,,0.04151370472570903,0.04446137943791584,-0.16829844091095225,-0.18024812281867542,59.733501570457605,59.733516790709736,,19.21749610900879,20.58199996948242,18.397081465948197,19.703333355131605,,,,,,,,17910634.720230103880000,,,,,,,,
2025-04-04,,,,,,,20.549999237060547,20.799999237060547,19.719999313354492,19.770000457763672,823300,,,,,18.459329605102540,,,,,,,,,,,,,,,,,,,,,,,,,,,,,,,,,,,,,,,,,,,,,,,,,,,,,,,,,,,,,,,,,,,,,,,,,,,,,,,,,,,,,,,,,,,,,,,,,,,,,,,,,,,,,,,,,,,,,,,,,,,,,,,,,,,,,,,,,,,,,0.4418933717535605,0.38469651575569375,,,,,,-0.06975349624112853,,,,,,,,18.95868151019191,20.304808621436475,18.754172359624548,20.085778783321008,,,,,,,,,-0.05414700290844766,,0.006060850078636548,0.006491180236309901,-0.1334265827130345,-0.14290026220767835,47.63249963808006,47.632490423060254,,19.131595611572266,20.49000015258789,18.397081465948197,19.703333355131605,,,,,,,,16276641.376876831157600,,,,,,,,
2025-04-07,,,,,,,18.909999847412110,19.899999618530273,18.708999633789062,19.299999237060547,710100,,,,,18.020486831665040,,,,,,,,,,,,,,,,,,,,,,,,,,,,,,,,,,,,,,,,,,,,,,,,,,,,,,,,,,,,,,,,,,,,,,,,,,,,,,,,,,,,,,,,,,,,,,,,,,,,,,,,,,,,,,,,,,,,,,,,,,,,,,,,,,,,,,,,,,,,,0.4432450206665751,0.38469651575569375,,,,,,-0.026762773015353243,,,,,,,,18.645949950682954,19.969872159977832,18.68747367526459,20.014344279115512,,,,,,,,,-0.02406064433108459,,-0.05679207323905899,-0.060824499766749085,-0.11809968081823939,-0.1264851097194925,43.57094160047318,43.57093968713482,,18.928047943115235,20.272000122070313,18.397081465948197,19.703333355131605,,,,,,,,13704929.458236694424700,,,,,,,,
2025-04-08,,,,,,,19.670000076293945,19.915000915527344,18.819999694824220,18.950000762939453,474100,,,,,17.693693161010742,,,,,,,,,,,,,,,,,,,,,,,,,,,,,,,,,,,,,,,,,,,,,,,,,,,,,,,,,,,,,,,,,,,,,,,,,,,,,,,,,,,,,,,,,,,,,,,,,,,,,,,,,,,,,,,,,,,,,,,,,,,,,,,,,,,,,,,,,,,,,0.39504447509584134,0.3678516663431873,,,,,,-0.011944512248544231,,,,,,,,18.328531020792216,19.629915027631707,18.597129992150606,19.917585777644963,,,,,,,,,-0.01830101050462233,,-0.13145762422974272,-0.14079165440254826,-0.12077126950054007,-0.12934641865610366,40.782193783246626,40.7821812765091,,18.614324188232423,19.936000442504884,18.41219865708124,19.71952383858817,,,,,19.04139965057373,,,8984195.361709594667300,,,,,,,,
2025-04-09,,,,,,,18.760000228881836,20.059999465942383,18.549999237060547,19.930000305175780,1106300,,,,,18.608722686767578,,,,,,,,,,,,,,,,,,,,,,,,,,,,,,,,,,,,,,,,,,,,,,,,,,,,,,,,,,,,,,,,,,,,,,,,,,,,,,,,,,,,,,,,,,,,,,,,,,,,,,,,,,,,,,,,,,,,,,,,,,,,,,,,,,,,,,,,,,,,,0.6171662647654247,0.38986312824155517,,,,,,0.0035897827662053684,,,,,,,,18.421928242784002,19.72994345347973,18.59818387347942,19.918714371056854,,,,,,,,,0.05042217494890827,,-0.11546437438451918,-0.12366291857524558,-0.11970989047733588,-0.12820971863993202,50.36229590204927,50.362283925638444,,18.453726959228515,19.76400032043457,18.44198835463751,19.751428604125977,,,,,19.04476104736328,,,22048559.337615965414000,,,,,,,,
2025-04-10,,,,,,,19.709999084472656,19.709999084472656,18.799999237060547,19.479999542236328,412800,,,,,18.419607162475586,,,,,,,,,,,,,,,,,,,,,,,,,,,,,,,,,,,,,,,,,,,,,,,,,,,,,,,,,,,,,,,,,,,,,,,,,,,,,,,,,,,,,,,,,,,,,,,,,,,,,,,,,,,,,,,,,,,,,,,,,,,,,,,,,,,,,,,,,,,,,0.607524625344383,0.3919122059344731,,,,,,0.027284234960213215,,,,,,,,18.421154549347865,19.646628816398596,18.581949627024528,19.87883120480044,,,,,,,,,-0.010214728529711507,,-0.11670435579535265,-0.1447312015823563,-0.11910878354093923,-0.13151401522841688,48.61189654358768,46.63174572825294,,18.240367889404297,19.486000061035156,18.459660212198894,19.75857144310361,,,,,19.030521316528322,,,8041343.811035156198400,,,,,,,,
2025-04-11,,,,,,,19.500000000000000,19.770000457763672,19.229999542236328,19.750000000000000,604700,,,,,18.674909591674805,,,,,,,,,,,,,,,,,,,,,,,,,,,,,,,,,,,,,,,,,,,,,,,,,,,,,,,,,,,,,,,,,,,,,,,,,,,,,,,,,,,,,,,,,,,,,,,,,,,,,,,,,,,,,,,,,,,,,,,,,,,,,,,,,,,,,,,,,,,,,0.4843087950920277,0.3877850783899032,,,,,,0.06479159424993143,,,,,,,,18.505739563456846,19.681085877599063,18.590400532901825,19.867119277091312,,,,,,,,,0.013765185949786079,,-0.09597988128600576,-0.13804983464002518,-0.11448300308995255,-0.13282117911073854,51.083611903977356,49.06944654804637,,18.28348388671875,19.481999969482423,18.50505120413644,19.795238131568546,,,,,18.997111282348634,,,11942825.000000000000000,,,,,,,,
2025-04-14,,,,,,,19.940000534057617,20.084999084472656,19.712999343872070,19.899999618530273,638200,,,,,18.816747665405273,,,,,,,,,,,,,,,,,,,,,,,,,,,,,,,,,,,,,,,,,,,,,,,,,,,,,,,,,,,,,,,,,,,,,,,,,,,,,,,,,,,,,,,,,,,,,,,,,,,,,,,,,,,,,,,,,,,,,,,,,,,,,,,,,,,,,,,,,,,,,0.42406696932704935,0.38817721728940147,,,,,,0.07274330517432671,,,,,,,,18.609408930772986,19.754057124576136,18.61097754494759,19.87010839904031,,,,,,,,,0.00756641668042908,,-0.06733425142940419,-0.11927614641624729,-0.10505325275784287,-0.1301121725718403,52.451943017005775,50.424252254943426,,18.442736053466795,19.602000045776368,18.555417651221866,19.83714285350981,,,,,18.971953506469728,,,12700179.756546020228600,,,,,,,,
2025-04-15,,,,,,,19.989999771118164,20.215000152587890,19.829999923706055,19.899999618530273,915100,,,,,18.816747665405273,,,,,,,,,,,,,,,,,,,,,,,,,,,,,,,,,,,,,,,,,,,,,,,,,,,,,,,,,,,,,,,,,,,,,,,,,,,,,,,,,,,,,,,,,,,,,,,,,,,,,,,,,,,,,,,,,,,,,,,,,,,,,,,,,,,,,,,,,,,,,0.36683996438699834,0.3780882812209712,,,,,,0.031553153801698354,,,,,,,,18.678521842317082,19.802704622560846,18.629683919534653,19.872825782630304,,,,,,,,,0,,-0.04412375223771292,-0.10320814400255429,-0.09286735265381688,-0.1247313668579831,52.451943017005775,50.424252254943426,,18.667346954345703,19.79199981689453,18.58266376313709,19.854285648890905,,,,,18.94082000732422,,,18210489.650917052822300,,,,,,,,
2025-04-16,,,,,,,20.090000152587890,20.235000610351562,19.709999084472656,19.850000381469727,557400,,,,,18.769466400146484,,,,,,,,,,,,,,,,,,,,,,,,,,,,,,,,,,,,,,,,,,,,,,,,,,,,,,,,,,,,,,,,,,,,,,,,,,,,,,,,,,,,,,,,,,,,,,,,,,,,,,,,,,,,,,,,,,,,,,,,,,,,,,,,,,,,,,,,,,,,,0.14691553784808492,0.369420913961234,,,,,,-0.008709821803072558,,,,,,,,18.708836694926884,19.818469875530475,18.642391417772092,19.87075074616116,,,,,,,,,-0.002515884686652212,,-0.029207778279250363,-0.09343163516471975,-0.08013543777890358,-0.11847142051933042,51.89077538597382,49.91099225993133,,18.699495697021483,19.77599983215332,18.586761383783248,19.846666608537948,,,,,18.915090103149414,,,11064390.212631225829800,,,,,,,,
2025-04-17,,,,,,,20.000000000000000,20.430000305175780,19.879999160766600,20.370000839233400,477300,,,,,19.261161804199220,,,,,,,,,,,,,,,,,,,,,,,,,,,,,,,,,,,,,,,,,,,,,,,,,,,,,,,,,,,,,,,,,,,,,,,,,,,,,,,,,,,,,,,,,,,,,,,,,,,,,,,,,,,,,,,,,,,,,,,,,,,,,,,,,,,,,,,,,,,,,0.18144791569048546,0.3770504218288207,,,,,,0.018329376378162808,,,,,,,,18.89294506468433,20.002313530098117,18.69864327108365,19.91613711825864,,,,,,,,,0.02585930482036855,,0.0220349432739404,-0.0432257112660146,-0.05970136156833478,-0.10342227866866727,57.038361391779944,55.036989438698136,,18.86780662536621,19.954000091552736,18.6244991847447,19.874761853899276,,,,,18.905730018615724,,,9722601.400566101820000,,,,,,,,
2025-04-21,,,,,,,20.420000076293945,20.500000000000000,19.719999313354492,19.750000000000000,421400,,,,,18.674909591674805,,,,,,,,,,,,,,,,,,,,,,,,,,,,,,,,,,,,,,,,,,,,,,,,,,,,,,,,,,,,,,,,,,,,,,,,,,,,,,,,,,,,,,,,,,,,,,,,,,,,,,,,,,,,,,,,,,,,,,,,,,,,,,,,,,,,,,,,,,,,,0.32607549075776854,0.39310127321355537,,,,,,-0.001242757456106673,,,,,,,,18.820266573681153,19.91820902006541,18.696485663864664,19.901033743871487,,,,,,,,,-0.03090983681414553,,0.015164705961542069,-0.05285674141224206,-0.04472814806235941,-0.09330917121738222,50.148559338958194,48.64485263331892,,18.86780662536621,19.954000091552736,18.64010038829985,19.879523776826403,,,,,18.89267475128174,,,8322650.000000000000000,,,,,,,,
2025-04-22,,,,,,,19.809999465942383,20.100000381469727,19.569999694824220,19.760000228881836,540200,,,,,18.684366226196290,,,,,,,,,,,,,,,,,,,,,,,,,,,,,,,,,,,,,,,,,,,,,,,,,,,,,,,,,,,,,,,,,,,,,,,,,,,,,,,,,,,,,,,,,,,,,,,,,,,,,,,,,,,,,,,,,,,,,,,,,,,,,,,,,,,,,,,,,,,,,0.3195411117247614,0.3756991806739773,,,,,,0.10382794738295238,,,,,,,,18.774966457852866,19.865472756337553,18.695383896803904,19.888212515236066,,,,,,,,,0.0005062536420437286,,0.010363599642015942,-0.059002325218148854,-0.03370979852148434,-0.08644780201753555,50.25294572616484,48.74824832691811,,18.841330337524415,19.92600021362305,18.68282917567662,19.913333347865514,,,,,18.871965446472167,,,10674352.123641967807200,,,,,,,,
2025-04-23,,,,,,,20.010000228881836,20.670000076293945,19.881999969482422,20.659999847412110,732000,,,,,19.535375595092773,,,,,,,,,,,,,,,,,,,,,,,,,,,,,,,,,,,,,,,,,,,,,,,,,,,,,,,,,,,,,,,,,,,,,,,,,,,,,,,,,,,,,,,,,,,,,,,,,,,,,,,,,,,,,,,,,,,,,,,,,,,,,,,,,,,,,,,,,,,,,0.45827298719956083,0.39348914251963973,,,,,,0.14670169980519698,,,,,,,,19.02843617026617,20.13031512002907,18.77174677846653,19.95837499997934,,,,,,,,,0.044539811592115515,,0.07437073266954641,0.008649991229418674,-0.01209369228327819,-0.06742824336814471,58.645133563700405,57.11635538934594,,18.985055923461914,20.078000259399413,18.741628101893834,19.963809512910387,,,,,18.865661964416503,,,15123119.888305664520000,,,,,,,,
2025-04-24,,,,,,,20.590000152587890,20.690000534057617,20.385000228881836,20.469999313354492,518800,,,,,19.355716705322266,,,,,,,,,,,,,,,,,,,,,,,,,,,,,,,,,,,,,,,,,,,,,,,,,,,,,,,,,,,,,,,,,,,,,,,,,,,,,,,,,,,,,,,,,,,,,,,,,,,,,,,,,,,,,,,,,,,,,,,,,,,,,,,,,,,,,,,,,,,,,0.46986554909683936,0.384108392942584,,,,,,0.1657650213167389,,,,,,,,19.137529681951534,20.243543184470877,18.824834953635232,20.004886301195267,,,,,,,,,-0.009239142288968123,,0.10933947836275948,0.04639862970392272,0.012192941845929343,-0.04466286875373122,56.47895846438327,55.07204471773654,,19.10230598449707,20.202000045776366,18.81232452392578,20.027142842610676,,,,,18.85576530456543,,,10619835.643768310449600,,,,,,,,
2025-04-25,,,,,,,20.520000457763672,20.534999847412110,19.850000381469727,19.969999313354492,469200,,,,,18.882934570312500,,,,,,,,,,,,,,,,,,,,,,,,,,,,,,,,,,,,,,,,,,,,,,,,,,,,,,,,,,,,,,,,,,,,,,,,,,,,,,,,,,,,,,,,,,,,,,,,,,,,,,,,,,,,,,,,,,,,,,,,,,,,,,,,,,,,,,,,,,,,,0.47342928356313463,0.38447061547002187,,,,,,0.13213960455204155,,,,,,,,19.052664644738524,20.15236189409875,18.83011673696953,20.001714756846106,,,,,,,,,-0.024729231421903416,,0.09777579566165073,0.03555897460897128,0.02930951260907362,-0.02861850008119072,51.127042561407414,50.000284105592556,,19.026660537719728,20.121999740600586,18.835163933890207,20.039523805890763,,,,,18.831931266784668,,,9369923.677825927646400,,,,,,,,
2025-04-28,,,,,,,19.940000534057617,20.114999771118164,19.735000610351562,19.909999847412110,1288600,,,,,18.826202392578125,,,,,,,,,,,,,,,,,,,,,,,,,,,,,,,,,,,,,,,,,,,,,,,,,,,,,,,,,,,,,,,,,,,,,,,,,,,,,,,,,,,,,,,,,,,,,,,,,,,,,,,,,,,,,,,,,,,,,,,,,,,,,,,,,,,,,,,,,,,,,0.41066990531248615,0.3784690057618129,,,,,,0.10640341919539613,,,,,,,,18.977177227351724,20.0715745452032,18.829760887479402,19.99337703780665,19.0062992156498,20.307460361056858,,,,,,,-0.003008937626614779,,0.08307603240804795,0.02187485467753092,0.04006281656886849,-0.01851982912944639,50.50854141475359,49.412220931595414,,19.05691909790039,20.153999710083006,18.837517057146346,20.029999960036506,19.0062992156498,20.307460361056858,,,18.81293830871582,,,25656025.803375244946000,20335317.339555044,,,,,,,
2025-04-29,,,,,,,20.049999237060547,21.729999542236328,19.309999465942383,21.670000076293945,2121800,,,,,20.490396499633790,,,,,,,,,,,,,,,,,,,,,,,,,,,,,,,,,,,,,,,,,,,,,,,,,,,,,,,,,,,,,,,,,,,,,,,,,,,,,,,,,,,,,,,,,,,,,,,,,,,,,,,,,,,,,,,,,,,,,,,,,,,,,,,,,,,,,,,,,,,,,0.7170923492820813,0.4787802748835118,0.41253521329662873,,,,,0.22280957144169583,,,,,,,,19.481583651445746,20.604383055566785,18.980727761311616,20.14579731403277,19.052677255774302,20.350039727158016,,,,,,,0.08470666918666486,,0.20336861352823377,0.1513032706571238,0.07272397596074154,0.015444790827867648,64.19275749552558,63.11598158432886,,19.41812515258789,20.53599967956543,18.91378202892485,20.09857141403925,19.038834829179066,20.337936552744065,,,18.82629550933838,,,45979406.161880492501000,17251455.532600768,,,,,,,
2025-04-30,,,,,,,21.790000915527344,22.280000686645508,21.540000915527344,22.209999084472656,1042900,,,,,21.001003265380860,,,,,,,,,,,,,,,,,,,,,,,,,,,,,,,,,,,,,,,,,,,,,,,,,,,,,,,,,,,,,,,,,,,,,,,,,,,,,,,,,,,,,,,,,,,,,,,,,,,,,,,,,,,,,,,,,,,,,,,,,,,,,,,,,,,,,,,,,,,,,0.6846453110268773,0.48402445421720264,0.40902851778586663,,,,,0.24573522879671822,,,,,,,,19.988056856090783,21.13958839853541,19.16438917077246,20.333452020436393,19.113562443574505,20.4081634570741,,,,,,,0.024613898175612405,,0.336029510379678,0.29405989043137737,0.12538508284452884,0.0711678107485696,67.19026109310924,66.14615237743676,,19.711250686645506,20.84599952697754,19.00724765232631,20.185238066173735,19.068507996816482,20.365238129146515,,,18.845943260192872,,,23162808.045196532942400,16612734.925512284,,,,,,,
2025-05-01,,,,,,,22.030000686645508,22.409999847412110,21.799999237060547,22.000000000000000,660400,,,,,20.802434921264650,,,,,,,,,,,,,,,,,,,,,,,,,,,,,,,,,,,,,,,,,,,,,,,,,,,,,,,,,,,,,,,,,,,,,,,,,,,,,,,,,,,,,,,,,,,,,,,,,,,,,,,,,,,,,,,,,,,,,,,,,,,,,,,,,,,,,,,,,,,,,0.685217021403339,0.4857141943832944,0.39092186995498646,,,,,0.1802578341899319,,,,,,,,20.25951621114874,21.42639226569027,19.3133024208172,20.484956382214904,19.166339708502324,20.457908349040533,,,,,,,-0.009500167745989933,,0.42029650456022694,0.3858030713742835,0.18436736718766847,0.13409486287371236,64.91443916685208,63.94600674152115,,20.000594329833984,21.15199966430664,19.08058684212821,20.250476201375324,19.075762340000697,20.36857144794767,,,18.861059494018555,,,14528800.000000000000000,15719194.27510519,,,,,,,
2025-05-02,,,,,,,22.319999694824220,23.049999237060547,22.239999771118164,22.979999542236328,1278700,,,,,21.729085922241210,,,,,,,,,,,,,,,,,,,,,,,,,,,,,,,,,,,,,,,,,,,,,,,,,,,,,,,,,,,,,,,,,,,,,,,,,,,,,,,,,,,,,,,,,,,,,,,,,,,,,,,,,,,,,,,,,,,,,,,,,,,,,,,,,,,,,,,,,,,,,0.6064439530478084,0.5049922415620332,0.39929622392315517,,,,,0.21203906945443007,,,,,,,,20.749372781512896,21.94426135787229,19.53291910276484,20.711778487671396,19.246425527681662,20.536723698827902,,,,,,,0.043581684761052356,,0.5554488276620972,0.5314616174039664,0.2585836592825542,0.21356821377976318,70.01810163587325,69.10971719115122,,20.569824600219725,21.753999710083008,19.19093813214983,20.35476185026623,19.102023442586262,20.39206350417364,,,18.897883338928224,,,29384525.414657592613600,15543618.488036262,,,,,,,
2025-05-05,,,,,,,22.870000839233400,23.450000762939453,22.219999313354492,22.600000381469727,929800,,,,,21.369770050048828,,,,,,,,,,,,,,,,,,,,,,,,,,,,,,,,,,,,,,,,,,,,,,,,,,,,,,,,,,,,,,,,,,,,,,,,,,,,,,,,,,,,,,,,,,,,,,,,,,,,,,,,,,,,,,,,,,,,,,,,,,,,,,,,,,,,,,,,,,,,,0.6562883393439297,0.5107429410936252,0.39992241101075426,,,,,0.17775596935623855,,,,,,,,20.956171871024875,22.16284103240477,19.69990555251793,20.883435023471247,19.31278004400564,20.60120109516046,,,,,,,-0.01667441927560892,,0.6263441243030599,0.6092116948600399,0.3321357522866553,0.29269690999581854,66.00852572016521,65.20973696682141,,21.078538131713866,22.29199981689453,19.280622300647554,20.437142780848912,19.117838481115918,20.40444446745373,,,18.931255645751953,,,21013480.354690552164600,15247502.946917215,,,,,,,
2025-05-06,,,,,,,22.879999160766600,22.879999160766600,22.270000457763672,22.270000457763672,421300,,,,,21.057737350463867,,,,,,,,,,,,,,,,,,,,,,,,,,,,,,,,,,,,,,,,,,,,,,,,,,,,,,,,,,,,,,,,,,,,,,,,,,,,,,,,,,,,,,,,,,,,,,,,,,,,,,,,,,,,,,,,,,,,,,,,,,,,,,,,,,,,,,,,,,,,,0.43042113403185245,0.47047119435944496,0.39976076569546515,,,,,0.20209407573474691,,,,,,,,20.990027030837872,22.198560840857738,19.82334480687665,21.009486426588737,19.367309959832458,20.653351075241808,,,,,,,-0.014709246179307009,,0.6498595502024145,0.6368596340543746,0.3956805118698072,0.36152945480752974,62.65316281845595,61.94073251867393,,21.192006301879882,22.411999893188476,19.404356002807617,20.55619039989653,19.133739683363174,20.41698416452559,,,18.95390552520752,,,9382351.192855835013600,15149818.304440333,,,,,,,
2025-05-07,,,,,,,22.270000457763672,22.500000000000000,21.805000305175780,22.489999771118164,719500,,,,,21.265758514404297,,,,,,,,,,,,,,,,,,,,,,,,,,,,,,,,,,,,,,,,,,,,,,,,,,,,,,,,,,,,,,,,,,,,,,,,,,,,,,,,,,,,,,,,,,,,,,,,,,,,,,,,,,,,,,,,,,,,,,,,,,,,,,,,,,,,,,,,,,,,,0.4007532071372553,0.45740704386422254,0.3986161289559162,,,,,0.24509712253270127,,,,,,,,21.08193752536001,22.295707150944548,19.9544733257428,21.144078548818687,19.426636477162827,20.710746346987946,,,,,,,0.009830135002046044,,0.6774717909768988,0.6688132680035181,0.4520387676912255,0.42298621744672743,63.96814007927022,63.262940058031326,,21.24495735168457,22.46800003051758,19.558892749604723,20.70809518723261,19.15813004024445,20.438571475801012,,,18.97586051940918,,,16181554.835319518998000,15107494.424819946,,,,,,,
2025-05-08,,,,,,,22.489999771118164,22.680000305175780,22.299999237060547,22.639999389648438,673500,,,,,21.407594680786133,,,,,,,,,,,,,,,,,,,,,,,,,,,,,,,,,,,,,,,,,,,,,,,,,,,,,,,,,,,,,,,,,,,,,,,,,,,,,,,,,,,,,,,,,,,,,,,,,,,,,,,,,,,,,,,,,,,,,,,,,,,,,,,,,,,,,,,,,,,,,0.3864166060363388,0.44746733027123564,0.3962893114960337,,,,,0.2961780621882106,,,,,,,,21.190489910502052,22.41047123051251,20.086575267110376,21.28007135253048,19.488541421026056,20.771035504571085,,,,,,,0.006647553007794097,,0.7026994026799436,0.698192144307928,0.5021708946889691,0.47802740281896755,64.87623169102386,64.17675373782465,,21.36598930358887,22.595999908447265,19.73574520292736,20.883809407552082,19.191144670758927,20.469365104796395,,,19.019326362609863,,,15248039.588928222993000,14916601.069005331,,,,,,,
2025-05-09,,,,,,,22.790000915527344,22.870000839233400,22.469999313354492,22.469999313354492,295700,,,,,21.246847152709960,,,,,,,,,,,,,,,,,,,,,,,,,,,,,,,,,,,,,,,,,,,,,,,,,,,,,,,,,,,,,,,,,,,,,,,,,,,,,,,,,,,,,,,,,,,,,,,,,,,,,,,,,,,,,,,,,,,,,,,,,,,,,,,,,,,,,,,,,,,,,0.19300588967031637,0.42443513461779664,0.39490661667295507,,,,,0.23437947194125275,,,,,,,,21.209275657904687,22.43031392479317,20.192054529437613,21.3882466216963,19.543488475141178,20.824128123595568,,,,,,,-0.007537235615810832,,0.7016334904904404,0.6996919171576508,0.5420634138492634,0.5223603056867042,62.940197222165274,62.28577867530579,,21.269541549682618,22.493999862670897,19.86137017749605,21.00476174127488,19.215383014981708,20.490793652004665,,,19.051920852661134,,,6644378.796958923284400,14834501.677376883,,,,,,,
2025-05-12,,,,,,,22.530000686645508,22.756999969482422,22.430000305175780,22.579999923706055,406300,,,,,21.350860595703125,,,,,,,,,,,,,,,,,,,,,,,,,,,,,,,,,,,,,,,,,,,,,,,,,,,,,,,,,,,,,,,,,,,,,,,,,,,,,,,,,,,,,,,,,,,,,,,,,,,,,,,,,,,,,,,,,,,,,,,,,,,,,,,,,,,,,,,,,,,,,0.16605477212088632,0.4202287165959931,0.39482545903863026,,,,,0.21934987482290896,,,,,,,,21.256470637170835,22.48020925776413,20.297400535461747,21.496587830969915,19.599968853908738,20.87899911734902,,,,,,,0.004883532716103439,,0.7010999195210168,0.7016682332684354,0.5738707149836141,0.5582218912030504,63.69515371388668,63.044560791439444,,21.265759658813476,22.489999771118164,20.000953674316406,21.152380807059153,19.23919747367738,20.511746028112988,,,19.089770240783693,,,9174253.969001770146500,14830697.326069787,,,,,,,
2025-05-13,,,,,,,22.549999237060547,22.739999771118164,22.354999542236328,22.629999160766600,561900,,,,,21.398139953613280,,,,,,,,,,,,,,,,,,,,,,,,,,,,,,,,,,,,,,,,,,,,,,,,,,,,,,,,,,,,,,,,,,,,,,,,,,,,,,,,,,,,,,,,,,,,,,,,,,,,,,,,,,,,,,,,,,,,,,,,,,,,,,,,,,,,,,,,,,,,,0.10498283941396316,0.4198019189821697,0.39482390851188415,,,,,0.19958563816176564,,,,,,,,21.30369374265165,22.530139225431622,20.397467755293707,21.599625224587797,19.656161700774504,20.93371786870582,,,,,,,0.0022119524002774857,,0.6964637096258883,0.6992089530265169,0.598389313912069,0.5864193035677437,64.05361382624908,63.404962715542375,,21.33384017944336,22.56199951171875,20.130631310599192,21.289523624238512,19.26376239837162,20.533492042904808,,,19.128004989624024,,,12715796.528434752540000,14831915.205313668,,,,,,,
2025-05-14,,,,,,,22.540000915527344,22.719999313354492,22.270000457763672,22.409999847412110,355700,,,,,21.190114974975586,,,,,,,,,,,,,,,,,,,,,,,,,,,,,,,,,,,,,,,,,,,,,,,,,,,,,,,,,,,,,,,,,,,,,,,,,,,,,,,,,,,,,,,,,,,,,,,,,,,,,,,,,,,,,,,,,,,,,,,,,,,,,,,,,,,,,,,,,,,,,0.1184325667501187,0.42351649640784306,0.39488806675360877,,,,,0.19429396716700467,,,,,,,,21.265834153426294,22.490092766091784,20.469526593446606,21.67329564484455,19.70409774059329,20.979851680540392,,,,,,,-0.009769202021975851,,0.6682998578836639,0.6717641705405981,0.6123714227063879,0.6034882769623146,61.19081348239281,60.60433702303388,,21.318711471557616,22.54599952697754,20.243648801531112,21.409047444661457,19.281468406556144,20.547936484927224,,,19.182620697021484,,,7971236.945724487527000,14835039.601277549,,,,,,,
2025-05-15,,,,,,,22.030000686645508,23.059999465942383,21.860000610351562,22.940000534057617,695700,,,,,21.935976028442383,,,,,,,,,,,,,,,,,,,,,,,,,,,,,,,,,,,,,,,,,,,,,,,,,,,,,,,,,,,,,,,,,,,,,,,,,,,,,,,,,,,,,,,,,,,,,,,,,,,,,,,,,,,,,,,,,,,,,,,,,,,,,,,,,,,,,,,,,,,,,0.2816082924934061,0.4345059621246954,0.399226634114049,,,,,0.27218949886708466,,,,,,,,21.48921477843166,22.640062022080397,20.602840178446222,21.78845063477301,19.77384393708857,21.041106332212806,,,,,,,0.03459323185128249,,0.6981170967338777,0.6848856729915447,0.6295205575118858,0.6197677561681606,66.90256032595012,64.65477811032088,,21.424387741088868,22.605999755859376,20.39218348548526,21.553809393019904,19.31575611659459,20.575872996496777,,,19.241696166992188,,,15959358.371543884146900,14984345.415200127,,,,,,,
2025-05-16,,,,,,,22.930000305175780,23.409999847412110,22.440000534057617,23.319999694824220,699100,,,,,22.299343109130860,,,,,,,,,,,,,,,,,,,,,,,,,,,,,,,,,,,,,,,,,,,,,,,,,,,,,,,,,,,,,,,,,,,,,,,,,,,,,,,,,,,,,,,,,,,,,,,,,,,,,,,,,,,,,,,,,,,,,,,,,,,,,,,,,,,,,,,,,,,,,0.2660187520234721,0.43406719199964927,0.40031912084020477,,,,,0.3238504382178929,,,,,,,,21.75925755533139,22.866707912995004,20.75706771759937,21.92768236750494,19.852765786214896,21.11232174979441,,,,,,,0.016429191018494604,,0.7425089786602364,0.7176744108363025,0.652118241741556,0.639349087101789,69.27501753199238,67.25433102577132,,21.634886932373046,22.77599983215332,20.560272852579754,21.71904745556059,19.35507050771562,20.60904760209341,,,19.318496437072753,,,16303011.786651612202000,15169087.96896556,,,,,,,
2025-05-19,,,,,,,23.020000457763672,23.440000534057617,23.000000000000000,23.079999923706055,510500,,,,,22.069847106933594,,,,,,,,,,,,,,,,,,,,,,,,,,,,,,,,,,,,,,,,,,,,,,,,,,,,,,,,,,,,,,,,,,,,,,,,,,,,,,,,,,,,,,,,,,,,,,,,,,,,,,,,,,,,,,,,,,,,,,,,,,,,,,,,,,,,,,,,,,,,,0.302717278369554,0.43363272766974215,0.40072057046007536,,,,,0.2776548548859421,,,,,,,,21.862787405865458,22.937805249898688,20.876411298447934,22.03243850897777,19.922049577487353,21.17381169272915,,,,,,,-0.010344928440249344,,0.7505199289553417,0.7160396862569698,0.6717985791843131,0.6546872069328251,66.05453564966953,64.05026291200654,,21.778684234619142,22.87599983215332,20.69401977175758,21.848095031011674,19.387629736037482,20.635079338437034,,,19.399483642578126,,,11782339.961051941077500,15233867.2033976,,,,,,,
2025-05-20,,,,,,,23.079999923706055,23.329999923706055,23.055000305175780,23.250000000000000,410600,,,,,22.232408523559570,,,,,,,,,,,,,,,,,,,,,,,,,,,,,,,,,,,,,,,,,,,,,,,,,,,,,,,,,,,,,,,,,,,,,,,,,,,,,,,,,,,,,,,,,,,,,,,,,,,,,,,,,,,,,,,,,,,,,,,,,,,,,,,,,,,,,,,,,,,,,0.30018720035768887,0.411767112141569,0.40088761945164325,,,,,0.31441982830213766,,,,,,,,21.98599444509683,23.041870166599125,20.999683773458084,22.143125917252515,19.99424829455211,21.238692577331364,,,,,,,0.007338775144036849,,0.76121124314583,0.7201601823592085,0.6896811119766165,0.6677818020181018,67.21710418179264,65.31092074761179,,21.945537948608397,23,20.86342448279971,22.01476169767834,19.422324740697466,20.663333317590137,,,19.49660717010498,,,9546450.000000000000000,15209412.320137024,,,,,,,
2025-05-21,,,,,,,23.239999771118164,23.239999771118164,22.850000381469727,23.000000000000000,562900,,,,,21.993349075317383,,,,,,,,,,,,,,,,,,,,,,,,,,,,,,,,,,,,,,,,,,,,,,,,,,,,,,,,,,,,,,,,,,,,,,,,,,,,,,,,,,,,,,,,,,,,,,,,,,,,,,,,,,,,,,,,,,,,,,,,,,,,,,,,,,,,,,,,,,,,,0.30406163881353926,0.41630853289921815,0.4012066268725076,,,,,0.315451971262131,,,,,,,,21.98844598850368,23.027913444399417,21.09001698271802,22.22102356113865,20.056720193951026,21.29373343428976,,,,,,,-0.010810974852650802,,0.7418425875305026,0.6952385176830802,0.7001134070873937,0.6732731451510975,63.75889913367077,61.87463152272209,,22.10618476867676,23.118000030517578,21.02099509466262,22.16904740106492,19.45574466765873,20.690317456684415,,,19.576811370849608,,,12946700.000000000000000,15254083.595739093,,,,,,,
2025-05-22,,,,,,,23.149999618530273,23.149999618530273,22.819999694824220,22.930000305175780,526200,,,,,21.926414489746094,,,,,,,,,,,,,,,,,,,,,,,,,,,,,,,,,,,,,,,,,,,,,,,,,,,,,,,,,,,,,,,,,,,,,,,,,,,,,,,,,,,,,,,,,,,,,,,,,,,,,,,,,,,,,,,,,,,,,,,,,,,,,,,,,,,,,,,,,,,,,0.18731300486988764,0.39545731306958953,0.4006959351564527,,,,,0.26106597778215784,,,,,,,,21.967768822251152,22.99527573132487,21.166053119720573,22.285475992414753,20.11514814069462,21.34486677400495,,,,,,,-0.0030480417907425904,,0.7128741572161594,0.6622060296154295,0.7026655571131468,0.6710597220439639,62.78490678524479,60.90831082784385,,22.1042724609375,23.11599998474121,21.13485408964611,22.277142660958425,19.491066251482284,20.71936507452102,,,19.6543696975708,,,12065766.160583495436000,15334544.008978587,,,,,,,
2025-05-23,,,,,,,22.809999465942383,22.920000076293945,22.709999084472656,22.840000152587890,208800,,,,,21.840351104736328,,,,,,,,,,,,,,,,,,,,,,,,,,,,,,,,,,,,,,,,,,,,,,,,,,,,,,,,,,,,,,,,,,,,,,,,,,,,,,,,,,,,,,,,,,,,,,,,,,,,,,,,,,,,,,,,,,,,,,,,,,,,,,,,,,,,,,,,,,,,,0.11665298024653813,0.393387450598478,0.40036939811234606,,,,,0.2853452017717121,,,,,,,,21.92529624974621,22.94351720507921,21.227352936540186,22.335887279703222,20.169060733320926,21.391589692085663,,,,,,,-0.003932824131279894,,0.6751887163455557,0.6215998683347266,0.6971701889596286,0.6611677513021165,61.48434257958379,59.61909445387832,,22.012474060058594,23.020000076293947,21.253170013427734,22.389999843779066,19.521464786832293,20.743174598330544,,,19.736742744445802,,,4768992.031860351432000,15141866.388517713,,,,,,,
2025-05-27,,,,,,,22.870000839233400,23.059999465942383,22.726999282836914,22.909999847412110,388300,,,,,21.907289505004883,,,,,,,,,,,,,,,,,,,,,,,,,,,,,,,,,,,,,,,,,,,,,,,,,,,,,,,,,,,,,,,,,,,,,,,,,,,,,,,,,,,,,,,,,,,,,,,,,,,,,,,,,,,,,,,,,,,,,,,,,,,,,,,,,,,,,,,,,,,,,0.11053220218283218,0.37772422269943706,0.39979933953379304,,,,,0.3101704367727882,,,,,,,,21.9192940014991,22.93234475252351,21.28916535185516,22.38807933131312,20.223380382436048,21.439040009439616,,,,,,,0.003060208576953425,,0.643308443133936,0.5882861863676183,0.6863978397944901,0.6465914383152168,62.14122061447306,60.32254034992876,,21.97996253967285,22.986000061035156,21.397186915079754,22.52999986921038,19.549072417001877,20.76396824064709,,,19.819707489013673,,,8895952.940750122313000,15115929.130657135,,,,,,,
2025-05-28,,,,,,,22.909999847412110,23.010000228881836,22.770000457763672,22.870000839233400,480600,,,,,21.869039535522460,,,,,,,,,,,,,,,,,,,,,,,,,,,,,,,,,,,,,,,,,,,,,,,,,,,,,,,,,,,,,,,,,,,,,,,,,,,,,,,,,,,,,,,,,,,,,,,,,,,,,,,,,,,,,,,,,,,,,,,,,,,,,,,,,,,,,,,,,,,,,0.07926970774742485,0.3773250034456247,0.3874238517594421,,,,,0.32968655516006706,,,,,,,,21.90254251284022,22.911563448093474,21.341881186734003,22.43189037748769,20.274807230969998,21.48375753537067,,,,,,,-0.0017475188100427802,,0.607948591136104,0.5522908031327844,0.6707079900628129,0.6277313112787303,61.49581397874941,59.68274483083557,,21.90728874206543,22.910000228881835,21.542083921886626,22.670952297392347,19.59089363945855,20.799999993944926,,,19.89219669342041,,,10991322.403335572040000,14848475.509828234,,,,,,,
2025-05-29,,,,,,,22.909999847412110,23.389999389648438,22.610000610351562,23.319999694824220,692800,,,,,22.299343109130860,,,,,,,,,,,,,,,,,,,,,,,,,,,,,,,,,,,,,,,,,,,,,,,,,,,,,,,,,,,,,,,,,,,,,,,,,,,,,,,,,,,,,,,,,,,,,,,,,,,,,,,,,,,,,,,,,,,,,,,,,,,,,,,,,,,,,,,,,,,,,0.15445472787746856,0.25675661596127686,0.387382911957058,,,,,0.2516577719932394,,,,,,,,22.034809378270435,23.04770886367039,21.428923179679174,22.512627588154647,20.338073977162527,21.541140102853596,,,,,,,0.019485304303975208,,0.6076430253158378,0.5536927243704781,0.6580949971134179,0.6129235938970798,65.79927173149026,64.27363846101123,,21.968487548828126,22.97400016784668,21.628224236624582,22.74952370779855,19.633468567378937,20.836666652134486,,,19.964515228271484,,,16156095.788574219616000,14912196.409134638,,,,,,,
2025-05-30,,,,,,,23.250000000000000,23.549999237060547,23.194999694824220,23.379999160766600,505900,,,,,22.356718063354492,,,,,,,,,,,,,,,,,,,,,,,,,,,,,,,,,,,,,,,,,,,,,,,,,,,,,,,,,,,,,,,,,,,,,,,,,,,,,,,,,,,,,,,,,,,,,,,,,,,,,,,,,,,,,,,,,,,,,,,,,,,,,,,,,,,,,,,,,,,,,0.146059183329223,0.24560112296819073,0.3868331193226211,,,,,0.19415918385743752,,,,,,,,22.142112273298455,23.158472296035793,21.5132681691042,22.59147954930119,20.401156604856023,21.598604448413376,,,,,,,0.002569639340684705,,0.6050558344794439,0.553267489297177,0.647487164586623,0.6009923729770993,66.33948155858535,64.84837959640191,,22.054548263549805,23.063999938964844,21.692782084147137,22.80523799714588,19.679473755851625,20.876984096708753,,,20.0422762298584,,,11827941.575431822940000,14841095.479865301,,,,,,,
2025-06-02,,,,,,,23.280000686645508,23.549999237060547,23.139999389648438,23.549999237060547,604500,,,,,22.519275665283203,,,,,,,,,,,,,,,,,,,,,,,,,,,,,,,,,,,,,,,,,,,,,,,,,,,,,,,,,,,,,,,,,,,,,,,,,,,,,,,,,,,,,,,,,,,,,,,,,,,,,,,,,,,,,,,,,,,,,,,,,,,,,,,,,,,,,,,,,,,,,0.12890689098322833,0.24169983469841141,0.3869607024895596,,,,,0.26480656021435495,,,,,,,,22.267833403960037,23.288981276377378,21.604723396029566,22.67861770273386,20.467347825494375,21.659585535558602,,,,,,,0.007244778307169508,,0.6091011679155578,0.5601905449492648,0.63980996525241,0.5928320073715324,67.88714206231644,66.49314359784428,,22.19033317565918,23.205999755859374,21.774536405290878,22.879047484624955,19.727614599560933,20.91952375381712,,,20.12571605682373,,,14235974.538803100661500,14903084.751665024,,,,,,,
2025-06-03,,,,,,,23.389999389648438,23.621000289916992,23.229999542236328,23.280000686645508,397300,,,,,22.261096954345703,,,,,,,,,,,,,,,,,,,,,,,,,,,,,,,,,,,,,,,,,,,,,,,,,,,,,,,,,,,,,,,,,,,,,,,,,,,,,,,,,,,,,,,,,,,,,,,,,,,,,,,,,,,,,,,,,,,,,,,,,,,,,,,,,,,,,,,,,,,,,0.18159655998084429,0.19895820573058867,0.370742056518236,,,,,0.16342272814324474,,,,,,,,22.26558792075526,23.285987746466756,21.66439371951285,22.73328888308946,20.52340248577098,21.710223509030065,,,,,,,-0.011531014886227813,,0.584733812123595,0.537692307664102,0.628794734626647,0.5818040674300463,62.93762234670958,61.56598991223346,,22.261094665527345,23.279999923706054,21.799870263962518,22.893333253406343,19.787960113040985,20.97523804316445,,,20.21519676208496,,,9249144.272804260328400,14733231.36771066,,,,,,,
2025-06-04,,,,,,,23.350000381469727,23.399999618530273,23.044000625610350,23.290000915527344,340000,,,,,22.270656585693360,,,,,,,,,,,,,,,,,,,,,,,,,,,,,,,,,,,,,,,,,,,,,,,,,,,,,,,,,,,,,,,,,,,,,,,,,,,,,,,,,,,,,,,,,,,,,,,,,,,,,,,,,,,,,,,,,,,,,,,,,,,,,,,,,,,,,,,,,,,,,0.17848796370578107,0.18817928940546932,0.3672806694710976,,,,,0.21903707071055933,,,,,,,,22.267277475734627,23.28732546948695,21.71950852552926,22.78389906785654,20.578004176393552,21.759591552983107,,,,,,,0.0004293399982960819,,0.5597415374411163,0.5147356749706944,0.6149840951895409,0.568390388938176,63.04505924036114,61.67925248082575,,22.341418075561524,23.363999938964845,21.842769622802734,22.926190421694802,19.840157796466162,21.02222218589177,,,20.294597930908203,,,7918600.311279296960000,14666466.103532579,,,,,,,
2025-06-05,,,,,,,23.290000915527344,23.290000915527344,22.829999923706055,22.909999847412110,369000,,,,,21.907289505004883,,,,,,,,,,,,,,,,,,,,,,,,,,,,,,,,,,,,,,,,,,,,,,,,,,,,,,,,,,,,,,,,,,,,,,,,,,,,,,,,,,,,,,,,,,,,,,,,,,,,,,,,,,,,,,,,,,,,,,,,,,,,,,,,,,,,,,,,,,,,,0.15873169771275977,0.190209249430793,0.36411362150199494,,,,,0.23749999798921348,,,,,,,,22.147281485491376,23.16155026212867,21.73657952366341,22.79536277508887,20.619544342912658,21.795541812184013,,,,,,,-0.01645052825385506,,0.5047953267666863,0.46057030004819666,0.5929463415049699,0.5468263711601801,56.35759137453873,55.04150716882189,,22.263007354736327,23.28199996948242,21.883224487304688,22.95666658310663,19.894887318686834,21.072063446044922,,,20.375321884155273,,,8453789.943695068590000,14657273.670747545,,,,,,,
2025-06-06,,,,,,,22.979999542236328,23.104999542236328,22.760000228881836,22.979999542236328,295800,,,,,21.974225997924805,,,,,,,,,,,,,,,,,,,,,,,,,,,,,,,,,,,,,,,,,,,,,,,,,,,,,,,,,,,,,,,,,,,,,,,,,,,,,,,,,,,,,,,,,,,,,,,,,,,,,,,,,,,,,,,,,,,,,,,,,,,,,,,,,,,,,,,,,,,,,0.15993208237913387,0.18807832468078525,0.36002368881662367,,,,,0.18573075566245897,,,,,,,,22.089596322969186,23.10103335549789,21.758183748596263,22.812147935738636,20.661878144631785,21.832556116248146,,,,,,,0.003050785464868621,,0.4613333112659035,0.41846839734506247,0.5666237354571567,0.5211547763971566,57.25704190792711,55.98126309312626,,22.18650894165039,23.202000045776366,21.916961034138996,22.97999990554083,19.957645083230638,21.130476149301682,,,20.44674026489258,,,6797483.864593505822400,14516138.980029877,,,,,,,
2025-06-09,,,,,,,22.940000534057617,23.299999237060547,22.815999984741210,23.075000762939453,250500,,,,,22.065065383911133,,,,,,,,,,,,,,,,,,,,,,,,,,,,,,,,,,,,,,,,,,,,,,,,,,,,,,,,,,,,,,,,,,,,,,,,,,,,,,,,,,,,,,,,,,,,,,,,,,,,,,,,,,,,,,,,,,,,,,,,,,,,,,,,,,,,,,,,,,,,,0.1478670290383041,0.18742057160240672,0.3509355477977033,,,,,0.14016257340923327,,,,,,,,22.08141934328317,23.09235582464508,21.78608207907943,22.836043647302347,20.705727745859267,21.871382511457252,,,,,,,0.004125384944554773,,0.4292709616927901,0.3882921504702601,0.5391531807042833,0.4945822512117773,58.50684319868732,57.28619926105105,,22.095666885375977,23.10700035095215,21.948269162859237,23.000714256649925,20.032071007622612,21.201349167596724,,,20.512505836486817,,,5780287.691116332976500,14364866.60207718,,,,,,,
2025-06-10,,,,,,,23.020000457763672,23.450000762939453,23.020000457763672,23.340000152587890,413800,,,,,22.318468093872070,,,,,,,,,,,,,,,,,,,,,,,,,,,,,,,,,,,,,,,,,,,,,,,,,,,,,,,,,,,,,,,,,,,,,,,,,,,,,,,,,,,,,,,,,,,,,,,,,,,,,,,,,,,,,,,,,,,,,,,,,,,,,,,,,,,,,,,,,,,,,0.16386085578297624,0.18748303716676445,0.34578540198232216,,,,,0.1898963684645619,,,,,,,,22.16043559347947,23.17490393395935,21.834480807696945,22.881857875055577,20.756125881734665,21.917276812742582,,,,,,,0.011418895412559632,,0.4194733716629564,0.3813643624865115,0.515217218896018,0.47193867346672413,61.85733937160183,60.77897722007495,,22.10714111328125,23.119000244140626,21.999298731486004,23.042142868041992,20.100885754539853,21.266111071147616,,,20.581098556518555,,,9658092.063140868882000,14228719.361544412,,,,,,,
2025-06-11,,,,,,,23.399999618530273,24.069999694824220,23.309999465942383,23.610000610351562,885800,,,,,22.576652526855470,,,,,,,,,,,,,,,,,,,,,,,,,,,,,,,,,,,,,,,,,,,,,,,,,,,,,,,,,,,,,,,,,,,,,,,,,,,,,,,,,,,,,,,,,,,,,,,,,,,,,,,,,,,,,,,,,,,,,,,,,,,,,,,,,,,,,,,,,,,,,0.18141166236446407,0.1899978769759148,0.34616226848271153,,,,,0.16587155575689694,,,,,,,,22.299174571271468,23.31993615942342,21.901950963984085,22.948052669173396,20.81301733939469,21.970174431417863,,,,,,,0.011501796885908777,,0.4276127829982279,0.3931290738024842,0.49769633171645994,0.45617675353387616,64.96174590242843,64.00828618031137,,22.168340301513673,23.18300018310547,22.05766977582659,23.091190519787016,20.17276122078063,21.33404758998326,,,20.65186710357666,,,20913738.540649413619600,14429270.148422604,,,,,,,
2025-06-12,,,,,,,23.620000839233400,23.969999313354492,23.420000076293945,23.899999618530273,619900,,,,,22.853960037231445,,,,,,,,,,,,,,,,,,,,,,,,,,,,,,,,,,,,,,,,,,,,,,,,,,,,,,,,,,,,,,,,,,,,,,,,,,,,,,,,,,,,,,,,,,,,,,,,,,,,,,,,,,,,,,,,,,,,,,,,,,,,,,,,,,,,,,,,,,,,,0.07103926629094898,0.1928362918165083,0.3437100838968726,,,,,0.1865961214406202,,,,,,,,22.484103059924795,23.51329064579237,21.988497243370208,23.03459330093311,20.876796798702088,22.030481468515127,,,,,,,0.01220810985491552,,0.45123813136213897,0.42100016082723357,0.48840469164559575,0.4491414349925476,67.97650487658237,67.13797856376499,,22.357674407958985,23.381000137329103,22.12699454171317,23.15166673206148,20.254225685482933,21.41214282928951,,,20.723700065612793,,,14815609.763526916232700,14528204.33843098,,,,,,,
2025-06-13,,,,,,,23.709999084472656,23.909999847412110,23.540000915527344,23.555000305175780,400000,,,,,22.524059295654297,,,,,,,,,,,,,,,,,,,,,,,,,,,,,,,,,,,,,,,,,,,,,,,,,,,,,,,,,,,,,,,,,,,,,,,,,,,,,,,,,,,,,,,,,,,,,,,,,,,,,,,,,,,,,,,,,,,,,,,,,,,,,,,,,,,,,,,,,,,,,0.180650049192701,0.19751059750532826,0.3456968768186322,,,,,0.16305751311475813,,,,,,,,22.497421805167964,23.527193865586842,22.03718470266876,23.081903028591537,20.928273751731847,22.07812268216077,,,,,,,-0.014540368168172732,,0.43828883652016515,0.41051744719353067,0.47838152062050965,0.44141663743274423,61.22717431622551,60.408190962904314,,22.467641067504882,23.496000289916992,22.190515699840727,23.206190563383558,20.329860717531236,21.484126953851607,,,20.785947074890135,,,9422000.122070312000000,14576651.988728842,,,,,,,
2025-06-16,,,,,,,23.989999771118164,23.989999771118164,23.584999084472656,23.895000457763672,507100,,,,,22.849178314208984,,,,,,,,,,,,,,,,,,,,,,,,,,,,,,,,,,,,,,,,,,,,,,,,,,,,,,,,,,,,,,,,,,,,,,,,,,,,,,,,,,,,,,,,,,,,,,,,,,,,,,,,,,,,,,,,,,,,,,,,,,,,,,,,,,,,,,,,,,,,,0.19191890356857513,0.16660723993943077,0.34316391671395635,,,,,0.13757385952922888,,,,,,,,22.6146739748483,23.649796062979117,22.11100230371787,23.15582097669809,20.988302019309256,22.134900112648364,,,,,,,0.01433111675952154,,0.4490840533062297,0.4247487527046978,0.4725220271576536,0.43808306048713497,64.92343576270298,64.21514729413461,,22.624463653564455,23.660000228881835,22.23400152297247,23.2516667502267,20.402949590531605,21.553253930712504,,,20.853202590942384,,,12117154.732131958071200,14608852.818243844,,,,,,,
2025-06-17,,,,,,,23.750000000000000,23.930000305175780,23.309999465942383,23.370000839233400,559300,,,,,22.347158432006836,,,,,,,,,,,,,,,,,,,,,,,,,,,,,,,,,,,,,,,,,,,,,,,,,,,,,,,,,,,,,,,,,,,,,,,,,,,,,,,,,,,,,,,,,,,,,,,,,,,,,,,,,,,,,,,,,,,,,,,,,,,,,,,,,,,,,,,,,,,,,0.27396203489765514,0.17768267086025177,0.3444854501693583,,,,,0.03674572730870696,,,,,,,,22.525502127234482,23.556530988397213,22.132471042653233,23.175291873292213,21.030766282206056,22.173497010354144,,,,,,,-0.022215983233642256,,0.4123769071560339,0.3891778828639687,0.4604930031573297,0.4283020249625017,56.039724284254255,55.362857794847365,,22.630201721191405,23.666000366210938,22.23627844310942,23.25404775710333,20.461104226490807,21.606587273733957,,,20.93095916748047,,,13070841.469383240620000,14653165.585732838,,,,,,,
2025-06-18,,,,,,,23.360000610351562,23.629999160766600,23.180000305175780,23.375000000000000,510000,,,,,22.351936340332030,,,,,,,,,,,,,,,,,,,,,,,,,,,,,,,,,,,,,,,,,,,,,,,,,,,,,,,,,,,,,,,,,,,,,,,,,,,,,,,,,,,,,,,,,,,,,,,,,,,,,,,,,,,,,,,,,,,,,,,,,,,,,,,,,,,,,,,,,,,,,0.25589778029507837,0.1735778067682061,0.3432873506618867,,,,,0.06261744215861714,,,,,,,,22.467646864933663,23.496020658931474,22.152422433351305,23.193447157538376,21.072052846522492,22.211043978780577,,,,,,,0.00021378098897641525,,0.3792994388175117,0.3572726856098569,0.4442542902893661,0.4140961570919727,56.101291041130814,55.425869872676294,,22.58525848388672,23.619000244140626,22.249711263747443,23.268095379783993,20.522743406749907,21.663650754898313,,,21.017588157653808,,,11921250.000000000000000,14756678.439900232,,,,,,,
2025-06-20,,,,,,,23.370000839233400,23.694999694824220,23.260000228881836,23.350000381469727,350300,,,,,22.328031539916992,,,,,,,,,,,,,,,,,,,,,,,,,,,,,,,,,,,,,,,,,,,,,,,,,,,,,,,,,,,,,,,,,,,,,,,,,,,,,,,,,,,,,,,,,,,,,,,,,,,,,,,,,,,,,,,,,,,,,,,,,,,,,,,,,,,,,,,,,,,,,0.22493933745657052,0.17190348484210394,0.3428354281760385,,,,,0.024793454300664396,,,,,,,,22.42110842326144,23.447347233110893,22.16838689758455,23.20767926880486,21.11130218069107,22.246636366364612,,,,,,,-0.0010700456526746348,,0.34715460702268075,0.32620998103388743,0.424834353636029,0.3965189218803557,55.68112028059938,55.00768172225626,,22.48007278442383,23.509000396728517,22.25426474071684,23.272857302711124,20.58592987060547,21.722380925738623,,,21.110274925231934,,,8179505.133628845368100,14711626.858114818,,,,,,,
2025-06-23,,,,,,,23.270000457763672,23.649999618530273,23.239999771118164,23.610000610351562,352800,,,,,22.576652526855470,,,,,,,,,,,,,,,,,,,,,,,,,,,,,,,,,,,,,,,,,,,,,,,,,,,,,,,,,,,,,,,,,,,,,,,,,,,,,,,,,,,,,,,,,,,,,,,,,,,,,,,,,,,,,,,,,,,,,,,,,,,,,,,,,,,,,,,,,,,,,0.2275174190424958,0.17094766096790084,0.33607351511152805,,,,,0.06818150705823589,,,,,,,,22.472956457792783,23.50156502552445,22.205501954790996,23.244253936218197,21.157094379008708,22.289241498989206,,,,,,,0.01107338945107602,,0.33784674509279,0.3188963705671135,0.4074368319273812,0.38099441161770725,59.111130557483044,58.51351215536175,,22.49059143066406,23.520000457763672,22.28204109555199,23.301904950823104,20.661955121963743,21.794761899917845,,,21.18963352203369,,,8329608.215332031073600,14226411.219593836,,,,,,,
2025-06-24,,,,,,,23.750000000000000,23.780000686645508,23.540000915527344,23.559999465942383,407200,,,,,22.528841018676758,,,,,,,,,,,,,,,,,,,,,,,,,,,,,,,,,,,,,,,,,,,,,,,,,,,,,,,,,,,,,,,,,,,,,,,,,,,,,,,,,,,,,,,,,,,,,,,,,,,,,,,,,,,,,,,,,,,,,,,,,,,,,,,,,,,,,,,,,,,,,0.19148146828813278,0.17068392474382385,0.33249295125510175,,,,,0.05184696658315166,,,,,,,,22.49158464475411,23.521043172330426,22.23489641514425,23.272958075284034,21.199961461498336,22.328952685456493,,,,,,,-0.0021199868276455857,,0.3228901318731445,0.3055434919229896,0.39052749191653385,0.36590422767876374,58.17862920092223,57.58423126496502,,22.426523971557618,23.453000259399413,22.310728073120117,23.331904910859606,20.72907008822002,21.85761902824281,,,21.271818199157714,,,9593631.782531738357600,14076415.527719164,,,,,,,
2025-06-25,,,,,,,23.569999694824220,23.569999694824220,23.000000000000000,23.059999465942383,390200,,,,,22.050724029541016,,,,,,,,,,,,,,,,,,,,,,,,,,,,,,,,,,,,,,,,,,,,,,,,,,,,,,,,,,,,,,,,,,,,,,,,,,,,,,,,,,,,,,,,,,,,,,,,,,,,,,,,,,,,,,,,,,,,,,,,,,,,,,,,,,,,,,,,,,,,,0.18661504405624948,0.187407385186938,0.33176394055453734,,,,,0.01407618474696122,,,,,,,,22.344631106349745,23.367361936867745,22.218153470998498,23.25359820170752,21.22654779174967,22.351797897346678,,,,,,,-0.021450874268253234,,0.26935194139253227,0.25171381786365643,0.36629238181173357,0.34306614571574223,49.73001942632491,49.17411275035807,,22.367237091064453,23.39099998474121,22.32074583144415,23.342381068638392,20.795413456265887,21.919841251676043,,,21.33933448791504,,,8998011.791610717846600,13884139.217637077,,,,,,,
2025-06-26,,,,,,,23.170000076293945,23.500000000000000,23.129999160766600,23.250000000000000,495500,,,,,22.232408523559570,,,,,,,,,,,,,,,,,,,,,,,,,,,,,,,,,,,,,,,,,,,,,,,,,,,,,,,,,,,,,,,,,,,,,,,,,,,,,,,,,,,,,,,,,,,,,,,,,,,,,,,,,,,,,,,,,,,,,,,,,,,,,,,,,,,,,,,,,,,,,0.2023582163862511,0.18914767549488,0.32769670016756436,,,,,-0.007706148413509434,,,,,,,,22.30722357875302,23.328241291245163,22.219449384867687,23.253271092461382,21.25798093961873,22.379866713054593,,,,,,,0.008205630585726743,,0.23882987781641063,0.22182777602844794,0.34079988101266895,0.3188184717782834,52.549878884196524,52.04054874297399,,22.34333152770996,23.36599998474121,22.336227689470565,23.358571552094958,20.85619284614684,21.9760317423987,,,21.407647705078126,,,11520375.000000000000000,13711033.47226703,,,,,,,
2025-06-27,,,,,,,23.250000000000000,23.334999084472656,23.020000457763672,23.120000839233400,550100,,,,,22.108098983764650,,,,,,,,,,,,,,,,,,,,,,,,,,,,,,,,,,,,,,,,,,,,,,,,,,,,,,,,,,,,,,,,,,,,,,,,,,,,,,,,,,,,,,,,,,,,,,,,,,,,,,,,,,,,,,,,,,,,,,,,,,,,,,,,,,,,,,,,,,,,,0.20490234736844942,0.1902466518971186,0.3262766349789805,,,,,-0.019849618283908688,,,,,,,,22.240848713756897,23.258827807241243,22.209326621131048,23.241155614895202,21.28454712849829,22.40299590449768,,,,,,,-0.0056070565027118635,,0.20227844160855568,0.1855145307000683,0.3130955931318463,0.2921576835626404,50.46408021310771,49.96426275235263,,22.299345016479492,23.320000076293944,22.347611472720192,23.37047631399972,20.909070817251052,22.023809523809526,,,21.47347473144531,,,12718312.461662293340000,13717493.314933777,,,,,,,
2025-06-30,,,,,,,23.139999389648438,23.600000381469727,23.090000152587890,23.530000686645508,937300,,,,,22.500152587890625,,,,,,,,,,,,,,,,,,,,,,,,,,,,,,,,,,,,,,,,,,,,,,,,,,,,,,,,,,,,,,,,,,,,,,,,,,,,,,,,,,,,,,,,,,,,,,,,,,,,,,,,,,,,,,,,,,,,,,,,,,,,,,,,,,,,,,,,,,,,,0.23412754084236176,0.1879516356979121,0.32758919350629884,,,,,-0.00837245826163751,,,,,,,,22.32728333846814,23.349218767042665,22.235765345381918,23.267414257781592,21.3225347991043,22.4382148039398,,,,,,,0.01757807962777133,,0.20261104044596934,0.1876563971941856,0.29099868259467093,0.27125742628894944,56.348761095773234,55.935471616142294,,22.284045028686524,23.304000091552734,22.357173828851607,23.380476361229306,20.966393364800346,22.0761904943557,,,21.548088455200194,,,22054669.643592834648400,13892240.773561265,,,,,,,
2025-07-01,,,,,,,23.360000610351562,24.239999771118164,23.334999084472656,24.219999313354492,766700,,,,,23.159954071044922,,,,,,,,,,,,,,,,,,,,,,,,,,,,,,,,,,,,,,,,,,,,,,,,,,,,,,,,,,,,,,,,,,,,,,,,,,,,,,,,,,,,,,,,,,,,,,,,,,,,,,,,,,,,,,,,,,,,,,,,,,,,,,,,,,,,,,,,,,,,,0.3125498881250808,0.21229414316580034,0.3315940615147036,,,,,0.06022442923182003,,,,,,,,22.604840249327065,23.639478949146607,22.319782502260374,23.35401289919731,21.379954151352443,22.49389556985901,,,,,,,0.028902578715917202,,0.25319640240273955,0.24223858877525828,0.28343822655628464,0.2654536587862112,64.08208680436445,63.77128529235076,,22.410267639160157,23.436000061035156,22.395423162551154,23.420476368495397,21.0318176330082,22.13698414393834,,,21.62606430053711,,,18569473.473548889016400,13795473.967400808,,,,,,,
2025-07-02,,,,,,,24.180000305175780,24.209999084472656,24.000000000000000,24.120000839233400,674800,,,,,23.064331054687500,,,,,,,,,,,,,,,,,,,,,,,,,,,,,,,,,,,,,,,,,,,,,,,,,,,,,,,,,,,,,,,,,,,,,,,,,,,,,,,,,,,,,,,,,,,,,,,,,,,,,,,,,,,,,,,,,,,,,,,,,,,,,,,,,,,,,,,,,,,,,0.23226236647871978,0.21219693219489894,0.3314392684545907,,,,,0.011307647508756992,,,,,,,,22.758003851113877,23.799652912508872,22.387468734299205,23.423648166473317,21.432590929581664,22.54471135952696,,,,,,,-0.004137355613016659,,0.2823153325181025,0.27426477411515293,0.2832136477486482,0.2672158818519995,62.357858558744255,62.049175564779745,,22.612989044189455,23.64800033569336,22.421378181094216,23.4476193019322,21.092167142837766,22.192380995977494,,,21.713852729797363,,,16276176.566314698320000,13636674.294947064,,,,,,,
2025-07-03,,,,,,,24.319999694824220,24.469999313354492,24.030000686645508,24.450000762939453,235800,,,,,23.379888534545900,,,,,,,,,,,,,,,,,,,,,,,,,,,,,,,,,,,,,,,,,,,,,,,,,,,,,,,,,,,,,,,,,,,,,,,,,,,,,,,,,,,,,,,,,,,,,,,,,,,,,,,,,,,,,,,,,,,,,,,,,,,,,,,,,,,,,,,,,,,,,0.23425506909823893,0.21113823950353972,0.3319961231697395,,,,,0.060947182768114186,,,,,,,,22.96529874559122,24.016435529319065,22.477688716139813,23.51695294797024,21.493443979736796,22.6042516533836,,,,,,,0.013588874502471935,,0.32708471681350915,0.32255577051338946,0.2919878615616204,0.27828385958427754,65.6431380494746,65.37242457010343,,22.84248504638672,23.88800048828125,22.474653970627557,23.503333591279528,21.155154122246635,22.2504762316507,,,21.807763175964354,,,5765310.179901123017400,13323211.137111602,,,,,,,
2025-07-07,,,,,,,24.479999542236328,24.680000305175780,24.040000915527344,24.110000610351562,471500,,,,,23.054769515991210,,,,,,,,,,,,,,,,,,,,,,,,,,,,,,,,,,,,,,,,,,,,,,,,,,,,,,,,,,,,,,,,,,,,,,,,,,,,,,,,,,,,,,,,,,,,,,,,,,,,,,,,,,,,,,,,,,,,,,,,,,,,,,,,,,,,,,,,,,,,,0.27387773605581806,0.21856843152779032,0.3337158009937522,,,,,0.012470268706393188,,,,,,,,22.99512233572455,24.04762388966323,22.530150607035395,23.570866371823087,21.542235402744748,22.65130630828885,,,,,,,-0.01400352000574346,,0.3324975638062462,0.3295922282199406,0.3000898020105456,0.28854553331141014,59.84760538358963,59.58326011998487,,23.031819152832032,24.086000442504883,22.511992681594123,23.542381195794967,21.211794868348136,22.301904799446227,,,21.878151054382325,,,11367865.287780761483000,13219357.654056853,,,,,,,
2025-07-08,,,,,,,24.120000839233400,24.209999084472656,23.850000381469727,23.870000839233400,291300,,,,,22.825273513793945,,,,,,,,,,,,,,,,,,,,,,,,,,,,,,,,,,,,,,,,,,,,,,,,,,,,,,,,,,,,,,,,,,,,,,,,,,,,,,,,,,,,,,,,,,,,,,,,,,,,,,,,,,,,,,,,,,,,,,,,,,,,,,,,,,,,,,,,,,,,,0.28531691966070416,0.21291035581198917,0.3142813778426742,,,,,0.010800245169277394,,,,,,,,22.93850606174768,23.98841620618662,22.55697996219526,23.598060414314933,21.582330343715032,22.689390512380864,,,,,,,-0.01000425898210892,,0.3146418789237799,0.31220380475872744,0.30300021739319244,0.2932771876008736,56.08354230385201,55.825165486056946,,23.096843338012697,24.15400047302246,22.555706205822172,23.58809552873884,21.281095565311492,22.36698417058067,,,21.947542190551758,,,6953331.244468689420000,13071368.604336089,,,,,,,
2025-07-09,,,,,,,24.139999389648438,24.290000915527344,23.795999526977540,24.069999694824220,1004300,,,,,23.016517639160156,,,,,,,,,,,,,,,,,,,,,,,,,,,,,,,,,,,,,,,,,,,,,,,,,,,,,,,,,,,,,,,,,,,,,,,,,,,,,,,,,,,,,,,,,,,,,,,,,,,,,,,,,,,,,,,,,,,,,,,,,,,,,,,,,,,,,,,,,,,,,0.18780577265083515,0.21404017318468754,0.3094306536384676,,,,,0.012667252388717427,,,,,,,,22.964509920885174,24.015610702399155,22.598756114646616,23.640963985270325,21.627148696697695,22.73253454933222,,,,,,,0.008343706912357451,,0.312322661407773,0.3109768426096515,0.30486470619610856,0.29681711860262916,58.42987251881889,58.191671544664516,,23.068156051635743,24.124000549316406,22.605339141119096,23.64000029790969,21.36039764162094,22.442698463561044,,,22.03021385192871,,,24173500.693511964146000,13237536.401721409,,,,,,,
2025-07-10,,,,,,,24.010000228881836,24.370000839233400,23.645000457763672,24.120000839233400,740600,,,,,23.064331054687500,,,,,,,,,,,,,,,,,,,,,,,,,,,,,,,,,,,,,,,,,,,,,,,,,,,,,,,,,,,,,,,,,,,,,,,,,,,,,,,,,,,,,,,,,,,,,,,,,,,,,,,,,,,,,,,,,,,,,,,,,,,,,,,,,,,,,,,,,,,,,0.18694974123199548,0.21392641158385267,0.3061590446527405,,,,,0.03048373073425636,,,,,,,,22.997783632152615,24.050407414677235,22.641081109195788,23.684512790176058,21.672060645384875,22.77589287089163,,,,,,,0.0020751975730231888,,0.3107605536363529,0.3104603471168339,0.3060438756841574,0.29954576430547014,59.019376497755836,58.78611879370657,,23.068156051635743,24.124000549316406,22.652923220679874,23.689762206304643,21.44564586215549,22.52476195683555,,,22.114976425170898,,,17863272.621536256040000,13378474.136004372,,,,,,,
2025-07-11,,,,,,,24.120000839233400,24.120000839233400,23.760000228881836,23.959999084472656,530400,,,,,22.911333084106445,,,,,,,,,,,,,,,,,,,,,,,,,,,,,,,,,,,,,,,,,,,,,,,,,,,,,,,,,,,,,,,,,,,,,,,,,,,,,,,,,,,,,,,,,,,,,,,,,,,,,,,,,,,,,,,,,,,,,,,,,,,,,,,,,,,,,,,,,,,,,0.14471881834942027,0.21317686854243068,0.2920991085636656,,,,,0.017923672120847254,,,,,,,,22.968966782803893,24.020271304609043,22.6656494705513,23.709556998748475,21.710787909094925,22.812896190066038,,,,,,,-0.006655631331544344,,0.29379028290143694,0.293754003007745,0.3035931571276133,0.2983874120459251,56.2695855013133,56.04024828542979,,22.974444961547853,24.026000213623046,22.68115488688151,23.71928596496582,21.513941265287855,22.588730191427565,,,22.16339515686035,,,12708383.514404296742400,13230217.376905775,,,,,,,
2025-07-14,,,,,,,24.010000228881836,24.090000152587890,23.510000228881836,23.670000076293945,896700,,,,,22.634023666381836,,,,,,,,,,,,,,,,,,,,,,,,,,,,,,,,,,,,,,,,,,,,,,,,,,,,,,,,,,,,,,,,,,,,,,,,,,,,,,,,,,,,,,,,,,,,,,,,,,,,,,,,,,,,,,,,,,,,,,,,,,,,,,,,,,,,,,,,,,,,,0.1371902898469692,0.21460312122725492,0.29249435912205685,,,,,-0.0005237001249103806,,,,,,,,22.857319077329873,23.90351422850401,22.662774397444988,23.705960914888973,21.73963902651014,22.83968068651066,,,,,,,-0.012177436487567209,,0.2550249003373466,0.2541835389876965,0.29387950576955996,0.2895466374342794,51.57885583531841,51.35784804929768,,22.890295791625977,23.938000106811522,22.683886845906574,23.722143082391646,21.580836765349858,22.655238136412606,,,22.19605556488037,,,21224889.068412780481500,13439480.000038752,,,,,,,
2025-07-15,,,,,,,23.729999542236328,23.902000427246094,23.450000762939453,23.600000381469727,873300,,,,,22.567089080810547,,,,,,,,,,,,,,,,,,,,,,,,,,,,,,,,,,,,,,,,,,,,,,,,,,,,,,,,,,,,,,,,,,,,,,,,,,,,,,,,,,,,,,,,,,,,,,,,,,,,,,,,,,,,,,,,,,,,,,,,,,,,,,,,,,,,,,,,,,,,,0.12534851683619058,0.21022670404757482,0.2919676307912298,,,,,-0.06378360250673792,,,,,,,,22.760575745156764,23.80234294615925,22.654075732296402,23.696328139123587,21.765496840707026,22.863440676978133,,,,,,,-0.0029616365805360517,,0.21640738409099214,0.2147003389405704,0.2783850814338464,0.2745773777355376,50.48490235964336,50.26608630538152,,22.8386589050293,23.88400001525879,22.670226324172248,23.707857404436385,21.642617392161537,22.71634925357879,,,22.23134864807129,,,20609880.333137512589100,13577052.306913951,,,,,,,
2025-07-16,,,,,,,23.709999084472656,24.020000457763672,23.530000686645508,23.959999084472656,723100,,,,,22.911333084106445,,,,,,,,,,,,,,,,,,,,,,,,,,,,,,,,,,,,,,,,,,,,,,,,,,,,,,,,,,,,,,,,,,,,,,,,,,,,,,,,,,,,,,,,,,,,,,,,,,,,,,,,,,,,,,,,,,,,,,,,,,,,,,,,,,,,,,,,,,,,,0.1647167772595268,0.21057189622831063,0.29284001519771674,,,,,0.012362842022533675,,,,,,,,22.810828191473323,23.854894992263716,22.67746276427913,23.72029822506441,21.80130422331326,22.897708127212336,,,,,,,0.015139073068103267,,0.21114637437069206,0.2100373255940191,0.26493734002121555,0.2616693673072339,55.69000542678656,55.50478949055636,,22.817621994018555,23.861999893188475,22.68866793314616,23.727143060593377,21.707610811505997,22.78079368954613,,,22.254993591308594,,,17325475.337982177553600,13650469.697095478,,,,,,,
2025-07-17,,,,,,,23.899999618530273,24.010000228881836,23.799999237060547,23.989999771118164,406700,,,,,22.940019607543945,,,,,,,,,,,,,,,,,,,,,,,,,,,,,,,,,,,,,,,,,,,,,,,,,,,,,,,,,,,,,,,,,,,,,,,,,,,,,,,,,,,,,,,,,,,,,,,,,,,,,,,,,,,,,,,,,,,,,,,,,,,,,,,,,,,,,,,,,,,,,0.1638758534133556,0.2047861791489338,0.29279642960084606,,,,,0.017398205403293968,,,,,,,,22.8538919968302,23.899929918548533,22.701331568212296,23.744816547432933,21.83688907907047,22.931842241084393,,,,,,,0.0012512837897418034,,0.2069066578056855,0.20638359697121444,0.2533312035781095,0.25061221324003,56.104111647616996,55.92147951861298,,22.792759704589844,23.83599967956543,22.69299370901925,23.731666837419784,21.773059572492325,22.845714326888796,,,22.286398582458496,,,9756732.906913757298800,13516283.082111297,,,,,,,
2025-07-18,,,,,,,23.909999847412110,24.149999618530273,23.540000915527344,23.590000152587890,470100,,,,,22.557527542114258,,,,,,,,,,,,,,,,,,,,,,,,,,,,,,,,,,,,,,,,,,,,,,,,,,,,,,,,,,,,,,,,,,,,,,,,,,,,,,,,,,,,,,,,,,,,,,,,,,,,,,,,,,,,,,,,,,,,,,,,,,,,,,,,,,,,,,,,,,,,,0.19796938882921897,0.19808491926613134,0.2953057417045834,,,,,0.022329409719029025,,,,,,,,22.75510384525822,23.796619996561652,22.688258474930656,23.73074232971975,21.859409031040588,22.952409675818878,,,,,,,-0.016814140573030566,,0.17071484436229767,0.16926023777462262,0.23680793173494716,0.23434181814694852,49.46597987312605,49.29321203893402,,22.721998596191405,23.761999893188477,22.703011285691034,23.742142995198567,21.833187527126736,22.90507940262083,,,22.316394386291503,,,11089659.071731567089000,13516684.17511289,,,,,,,
2025-07-21,,,,,,,23.600000381469727,23.819999694824220,23.459999084472656,23.549999237060547,592100,,,,,22.519275665283203,,,,,,,,,,,,,,,,,,,,,,,,,,,,,,,,,,,,,,,,,,,,,,,,,,,,,,,,,,,,,,,,,,,,,,,,,,,,,,,,,,,,,,,,,,,,,,,,,,,,,,,,,,,,,,,,,,,,,,,,,,,,,,,,,,,,,,,,,,,,,0.18098987977148615,0.1982237322795259,0.2917257398214769,,,,,0.0034257457436826944,,,,,,,,22.676494451933213,23.71441307672795,22.672896401326344,23.714311139478003,21.88002986336067,22.97108434960768,,,,,,,-0.0016971871690601083,,0.1373625348875045,0.1350551370198474,0.21691885236545863,0.2144844819215283,48.84357409390068,48.67192127099738,,22.69904899597168,23.737999725341798,22.710979824974423,23.75047629220145,21.884903620159815,22.955555567665705,,,22.34146472930908,,,13943954.548263549878700,13583689.780631898,,,,,,,
2025-07-22,,,,,,,23.489999771118164,23.860000610351562,23.475000381469727,23.680000305175780,506100,,,,,22.643587112426758,,,,,,,,,,,,,,,,,,,,,,,,,,,,,,,,,,,,,,,,,,,,,,,,,,,,,,,,,,,,,,,,,,,,,,,,,,,,,,,,,,,,,,,,,,,,,,,,,,,,,,,,,,,,,,,,,,,,,,,,,,,,,,,,,,,,,,,,,,,,,0.18518961077151982,0.19893537020111646,0.28376734334585973,,,,,0.022723054767911855,,,,,,,,22.665525338764393,23.702942152877227,22.67023192051729,23.711191972723256,21.903891027393986,22.993237973219184,,,,,,,0.005505043455667097,,0.11958300575617287,0.11708763460270788,0.19745168304360147,0.19500511245776422,51.001292095410825,50.84050821477015,,22.714348602294923,23.753999710083008,22.72600628080822,23.766190574282692,21.947898501441593,23.017936524890718,,,22.366184577941894,,,11984448.154449462258000,13641813.560861254,,,,,,,
2025-07-23,,,,,,,23.860000610351562,24.010000228881836,23.559999465942383,23.930000305175780,667200,,,,,22.882646560668945,,,,,,,,,,,,,,,,,,,,,,,,,,,,,,,,,,,,,,,,,,,,,,,,,,,,,,,,,,,,,,,,,,,,,,,,,,,,,,,,,,,,,,,,,,,,,,,,,,,,,,,,,,,,,,,,,,,,,,,,,,,,,,,,,,,,,,,,,,,,,0.16410129770873905,0.19856840884424815,0.28410592356226233,,,,,0.033717210136304875,,,,,,,,22.737899079399245,23.77862820364341,22.68954234234926,23.731083639309848,21.934477137808827,23.022511796092825,,,,,,,0.010502149034008645,,0.1233606753192511,0.12161921949408949,0.1826334814987314,0.18032793386502927,54.93759350079556,54.79579884626919,,22.708611297607423,23.747999954223634,22.74057742527553,23.781428654988606,22.014537871830047,23.08412700229221,,,22.398900566101073,,,15966096.203613280416000,13725809.498638578,,,,,,,
2025-07-24,,,,,,,23.930000305175780,24.079999923706055,23.745000839233400,23.790000915527344,813200,,,,,22.748773574829100,,,,,,,,,,,,,,,,,,,,,,,,,,,,,,,,,,,,,,,,,,,,,,,,,,,,,,,,,,,,,,,,,,,,,,,,,,,,,,,,,,,,,,,,,,,,,,,,,,,,,,,,,,,,,,,,,,,,,,,,,,,,,,,,,,,,,,,,,,,,,0.1677387803346131,0.1996464417245961,0.27193263834355047,,,,,0.013077615864996185,,,,,,,,22.741523911209196,23.78241910760472,22.694926999847425,23.73643975532962,21.95992390146571,23.046495831075156,,,,,,,-0.005867596034982842,,0.11423524177239486,0.11261559002684862,0.1689538335534641,0.16678546509739314,52.39897060289777,52.26001983212715,,22.670362091064455,23.70800018310547,22.751050404139928,23.792381104968843,22.06554418896872,23.13380955892896,,,22.426858825683595,,,19346028.744506836140800,13792839.797943357,,,,,,,
2025-07-25,,,,,,,23.719999313354492,23.889999389648438,23.510000228881836,23.889999389648438,414700,,,,,22.844396591186523,,,,,,,,,,,,,,,,,,,,,,,,,,,,,,,,,,,,,,,,,,,,,,,,,,,,,,,,,,,,,,,,,,,,,,,,,,,,,,,,,,,,,,,,,,,,,,,,,,,,,,,,,,,,,,,,,,,,,,,,,,,,,,,,,,,,,,,,,,,,,0.10151177498444244,0.18327314397880634,0.27091753238187183,,,,,0.0683877193906024,,,,,,,,22.77581480453497,23.818279201619294,22.708515144514617,23.750399722085877,21.987563673019487,23.07285531728057,,,,,,,0.004194626353709028,,0.11341190634656328,0.11225518208323493,0.15784544811208392,0.1558794084945615,54.032887477169844,53.90101542282422,,22.727735900878905,23.768000030517577,22.788844335646857,23.831904910859606,22.120920060172914,23.188095274425688,,,22.45578395843506,,,9907182.746887207238600,13781527.847199213,,,,,,,
2025-07-28,,,,,,,23.780000686645508,24.030000686645508,23.545000076293945,23.719999313354492,491700,,,,,22.681838989257812,,,,,,,,,,,,,,,,,,,,,,,,,,,,,,,,,,,,,,,,,,,,,,,,,,,,,,,,,,,,,,,,,,,,,,,,,,,,,,,,,,,,,,,,,,,,,,,,,,,,,,,,,,,,,,,,,,,,,,,,,,,,,,,,,,,,,,,,,,,,,0.12122834275711206,0.18410085944915874,0.26593600649766946,,,,,0.07125851648385757,,,,,,,,22.74448953277592,23.78551923886436,22.706090039491272,23.747636048564843,22.009259776651934,23.09307856715788,,,,,,,-0.007141301743966189,,0.09850684161296286,0.0971322902055789,0.1459777268122597,0.14412998483676498,50.83816589643821,50.709790447200014,,22.760248565673827,23.802000045776367,22.810245786394393,23.854285830543155,22.1812201303149,23.2476190839495,,,22.485618438720703,,,11663123.662376403716400,13817927.846953982,,,,,,,
2025-07-29,,,,,,,23.719999313354492,24.110000610351562,23.555000305175780,24.059999465942383,540700,,,,,23.006956100463867,,,,,,,,,,,,,,,,,,,,,,,,,,,,,,,,,,,,,,,,,,,,,,,,,,,,,,,,,,,,,,,,,,,,,,,,,,,,,,,,,,,,,,,,,,,,,,,,,,,,,,,,,,,,,,,,,,,,,,,,,,,,,,,,,,,,,,,,,,,,,0.15167826811358617,0.18798012062888922,0.2666110751700297,,,,,0.12067273396971451,,,,,,,,22.831978388671903,23.877012647890368,22.733441499579687,23.776032722871893,22.040437786771058,23.123294845244896,,,,,,,0.014232049599402089,,0.11164176738383702,0.11129946925196776,0.13911053492657519,0.13756388171980555,56.39160675487265,56.284367478704134,,22.83292236328125,23.87799987792969,22.85304850623721,23.89904766991025,22.247581300281343,23.31349209376744,,,22.507038040161135,,,13009241.711235046488100,13617185.242316836,,,,,,,
2025-07-30,,,,,,,24.090000152587890,24.500000000000000,23.930000305175780,24.329999923706055,689400,,,,,23.265138626098633,,,,,,,,,,,,,,,,,,,,,,,,,,,,,,,,,,,,,,,,,,,,,,,,,,,,,,,,,,,,,,,,,,,,,,,,,,,,,,,,,,,,,,,,,,,,,,,,,,,,,,,,,,,,,,,,,,,,,,,,,,,,,,,,,,,,,,,,,,,,,0.1537340120908117,0.18246813849264204,0.20970941453514474,,,,,0.09161818219130682,,,,,,,,22.97636513448081,24.028008406495598,22.781777601990502,23.82639337749318,22.078709688000043,23.161004378946807,,,,,,,0.011159434493214233,,0.1412561498203857,0.1426692389902371,0.1395396579053373,0.13858495317389186,60.233321329037295,60.1397004020701,,22.909420776367188,23.957999801635744,22.889476412818546,23.937142871675036,22.291624826098246,23.35571431356763,,,22.52635395050049,,,16773101.947402954317000,13153593.111928305,,,,,,,
2025-07-31,,,,,,,24.309999465942383,24.420000076293945,24.030000686645508,24.120000839233400,782700,,,,,23.064331054687500,,,,,,,,,,,,,,,,,,,,,,,,,,,,,,,,,,,,,,,,,,,,,,,,,,,,,,,,,,,,,,,,,,,,,,,,,,,,,,,,,,,,,,,,,,,,,,,,,,,,,,,,,,,,,,,,,,,,,,,,,,,,,,,,,,,,,,,,,,,,,0.1651383979630811,0.15612935346042592,0.20565735927315396,,,,,0.0014422734707234626,,,,,,,,23.00568710788304,24.05867255074153,22.807464279508412,23.853084964924108,22.109510355709027,23.190973018330762,,,,,,,-0.00866872987315908,,0.14682970700345876,0.14886876992137488,0.14099766772496158,0.14064171652338844,56.09417573615476,56.002823233348856,,22.972532272338867,24.023999786376955,22.884922935849143,23.932381039574032,22.324376060849143,23.386031801738437,,,22.546243629455567,,,18878724.656867982180000,13085591.788304042,,,,,,,
2025-08-01,,,,,,,24.250000000000000,24.329999923706055,23.889999389648438,24.319999694824220,858200,,,,,23.255577087402344,,,,,,,,,,,,,,,,,,,,,,,,,,,,,,,,,,,,,,,,,,,,,,,,,,,,,,,,,,,,,,,,,,,,,,,,,,,,,,,,,,,,,,,,,,,,,,,,,,,,,,,,,,,,,,,,,,,,,,,,,,,,,,,,,,,,,,,,,,,,,0.16982226990312152,0.1580798236818751,0.20486626755736753,,,,,0.0570213435303755,,,,,,,,23.08898376772281,24.145781598769094,22.848201807498768,23.895531758551392,22.145324941074442,23.226255101971184,,,,,,,0.008257664020698347,,0.1647792748477528,0.16798376673881066,0.1457539891495198,0.1461101265664729,58.98494994766423,58.90232521335455,,23.054768371582032,24.10999984741211,22.894029889787948,23.941904794602166,22.36331482539101,23.42285719371977,,,22.56670700073242,,,20871423.738098145604000,13186268.35557544,,,,,,,
2025-08-04,,,,,,,24.340000152587890,25.219999313354492,24.340000152587890,25.209999084472656,1362900,,,,,24.106622695922850,,,,,,,,,,,,,,,,,,,,,,,,,,,,,,,,,,,,,,,,,,,,,,,,,,,,,,,,,,,,,,,,,,,,,,,,,,,,,,,,,,,,,,,,,,,,,,,,,,,,,,,,,,,,,,,,,,,,,,,,,,,,,,,,,,,,,,,,,,,,,0.25348580274474225,0.1960049653528164,0.1990147393259675,,,,,0.13158054491569307,,,,,,,,23.42819674378949,24.50052076067028,22.962603706446412,24.015028788180597,22.206615495913454,23.288247101424354,,,,,,,0.03594162541151727,,0.24485417825619393,0.25204266123452257,0.16557402697085463,0.16729663350008284,68.82235284164231,68.76659280619874,,23.33972511291504,24.407999801635743,22.928636278424943,23.978095190865652,22.40105350433834,23.45825401185051,,,22.608972473144533,,,34358707.752227782862400,13265223.630774967,,,,,,,
2025-08-05,,,,,,,25.290000915527344,25.440000534057617,24.959999084472656,25.200000762939453,644900,,,,,24.097061157226562,,,,,,,,,,,,,,,,,,,,,,,,,,,,,,,,,,,,,,,,,,,,,,,,,,,,,,,,,,,,,,,,,,,,,,,,,,,,,,,,,,,,,,,,,,,,,,,,,,,,,,,,,,,,,,,,,,,,,,,,,,,,,,,,,,,,,,,,,,,,,0.26695772607349966,0.18798454289854286,0.19555623073773074,,,,,0.15574410948437012,,,,,,,,23.651151548268512,24.733680761426672,23.06573620197188,24.122753513158674,22.26569192282949,23.347989403346702,,,,,,,-0.000396714029194039,,0.30403782110747457,0.31423090151501754,0.19326678579817863,0.19668348710306977,68.62320854733335,68.56748518268307,,23.557746124267577,24.636000061035155,22.978269213721866,24.029999960036506,22.44434383937291,23.499523859175426,,,22.65238540649414,,,16251480.492019653239700,13189636.331367493,,,,,,,
2025-08-06,,,,,,,25.190000534057617,25.379999160766600,25.159999847412110,25.350000381469727,523100,,,,,24.240495681762695,,,,,,,,,,,,,,,,,,,,,,,,,,,,,,,,,,,,,,,,,,,,,,,,,,,,,,,,,,,,,,,,,,,,,,,,,,,,,,,,,,,,,,,,,,,,,,,,,,,,,,,,,,,,,,,,,,,,,,,,,,,,,,,,,,,,,,,,,,,,,0.2671907920405076,0.18309214843990756,0.19276551907537173,,,,,0.19725722284785416,,,,,,,,23.847599592766574,24.93912063477436,23.1725325183165,24.23432141027786,22.327404540296154,23.410552246413047,,,,,,,0.005934720532311641,,0.3583840239185463,0.3713386843922919,0.22629023342225216,0.2316145265609142,70.02445964949428,69.97217982925618,,23.75281753540039,24.84000015258789,23.0456607455299,24.100476128714426,22.494863812885587,23.548412746853298,,,22.700388298034667,,,13260585.199546814193700,13251195.60131497,,,,,,,
2025-08-07,,,,,,,25.389999389648438,25.750000000000000,25.139999389648438,25.750000000000000,723500,,,,,24.622989654541016,,,,,,,,,,,,,,,,,,,,,,,,,,,,,,,,,,,,,,,,,,,,,,,,,,,,,,,,,,,,,,,,,,,,,,,,,,,,,,,,,,,,,,,,,,,,,,,,,,,,,,,,,,,,,,,,,,,,,,,,,,,,,,,,,,,,,,,,,,,,,0.22241611951195286,0.1875472940257646,0.19404647093054098,,,,,0.24420806212729113,,,,,,,,24.106062946691388,25.209413756516238,23.304392257973273,24.372110372979876,22.399141575116303,23.48365998871264,,,,,,,0.015655935421643653,,0.4273911490329674,0.4437582709237162,0.2665104165443952,0.2740432754334746,73.43186698662801,73.38757775144748,,24.064549255371094,25.165999984741212,23.12215941292899,24.180476143246604,22.548153196062362,23.600158782232377,,,22.75470230102539,,,18630125.000000000000000,13290061.794405134,,,,,,,
2025-08-08,,,,,,,25.729999542236328,25.850000381469727,25.450000762939453,25.530000686645508,641000,,,,,24.412618637084960,,,,,,,,,,,,,,,,,,,,,,,,,,,,,,,,,,,,,,,,,,,,,,,,,,,,,,,,,,,,,,,,,,,,,,,,,,,,,,,,,,,,,,,,,,,,,,,,,,,,,,,,,,,,,,,,,,,,,,,,,,,,,,,,,,,,,,,,,,,,,0.27200461586583363,0.19194257233946468,0.19505569117524849,,,,,0.20250858255482232,,,,,,,,24.20824817682258,25.31627606655933,23.40514011061979,24.47737312876766,22.462062733302826,23.547608135523042,,,,,,,-0.008580389454275006,,0.4598042724562319,0.4778903861331756,0.30516918772676255,0.3148126975734148,68.79964637836663,68.75554457477288,,24.295957565307617,25.408000183105468,23.186363583519345,24.24761899312337,22.595851989019486,23.646031818692645,,,22.805573883056642,,,16364730.440139770628000,13307787.046011668,,,,,,,
2025-08-11,,,,,,,25.760000228881836,25.795000076293945,24.659999847412110,25.170000076293945,1360800,,,,,24.068372726440430,,,,,,,,,,,,,,,,,,,,,,,,,,,,,,,,,,,,,,,,,,,,,,,,,,,,,,,,,,,,,,,,,,,,,,,,,,,,,,,,,,,,,,,,,,,,,,,,,,,,,,,,,,,,,,,,,,,,,,,,,,,,,,,,,,,,,,,,,,,,,0.1870378672115744,0.19825561274829653,0.19683914403589936,,,,,0.1781481657367362,,,,,,,,24.161623026695196,25.267517403137532,23.465433984785303,24.54033921490641,22.512259920588374,23.59830788367213,,,,,,,-0.014201512248571064,,0.45249802275117545,0.47046803014521643,0.3346349547316451,0.3459437640877751,61.91661947935877,61.873458570633304,,24.28830757141113,25.400000381469727,23.24146070934477,24.305238087972004,22.64063810923743,23.68888897365994,,,22.84095447540283,,,34251336.103820800356000,13745992.717549158,,,,,,,
2025-08-12,,,,,,,24.190000534057617,25.239999771118164,23.809999465942383,24.520000457763672,2165300,,,,,23.446823120117188,,,,,,,,,,,,,,,,,,,,,,,,,,,,,,,,,,,,,,,,,,,,,,,,,,,,,,,,,,,,,,,,,,,,,,,,,,,,,,,,,,,,,,,,,,,,,,,,,,,,,,,,,,,,,,,,,,,,,,,,,,,,,,,,,,,,,,,,,,,,,0.2621112780998886,0.21626716012765945,0.20461757313199166,,,,,0.18804504377366488,,,,,,,,23.923356391169193,25.018345088012914,23.463742087997293,24.538490236984345,22.54146502057365,23.627110776612493,,,,,,,-0.026163632535533384,,0.3920347756373701,0.4074395135180957,0.3461149189127901,0.3582429139738392,51.83348888879088,51.793044771197685,,24.15825996398926,25.26400032043457,23.280165445236932,24.34571429661342,22.6739073556567,23.719682632930695,,,22.862756576538086,,,53093156.991195678981600,14443118.162345886,,,,,,,
2025-08-13,,,,,,,24.629999160766600,25.520000457763672,24.500000000000000,25.510000228881836,925100,,,,,24.393493652343750,,,,,,,,,,,,,,,,,,,,,,,,,,,,,,,,,,,,,,,,,,,,,,,,,,,,,,,,,,,,,,,,,,,,,,,,,,,,,,,,,,,,,,,,,,,,,,,,,,,,,,,,,,,,,,,,,,,,,,,,,,,,,,,,,,,,,,,,,,,,,0.41727030537251814,0.2520201723720064,0.21834530234924387,,,,,0.26109499278706827,,,,,,,,24.08006881156071,25.18223013496922,23.548264957483333,24.626809327156845,22.599340915316468,23.68595107199591,,,,,,,0.039581432055391864,,0.4157135301772499,0.43238935244908916,0.36003464116568207,0.3730722016688892,61.98721770058213,61.95871139248868,,24.18885955810547,25.296000289916993,23.367137091500418,24.43666667029971,22.721452652461945,23.765396935599192,,,22.900240936279296,,,23599301.211738586483600,14615872.204938011,,,,,,,
2025-08-14,,,,,,,25.180000305175780,25.829999923706055,25.020000457763672,25.780000686645508,900100,,,,,24.895658493041992,,,,,,,,,,,,,,,,,,,,,,,,,,,,,,,,,,,,,,,,,,,,,,,,,,,,,,,,,,,,,,,,,,,,,,,,,,,,,,,,,,,,,,,,,,,,,,,,,,,,,,,,,,,,,,,,,,,,,,,,,,,,,,,,,,,,,,,,,,,,,0.4287216698296224,0.25564139607300057,0.22001407113454072,,,,,0.2730343235923536,,,,,,,,24.351932038721138,25.38148698552798,23.670755278897758,24.73164490529218,22.67110083962039,23.75139012245371,,,,,,,0.020376987411136117,,0.4695865185456505,0.4685479311203409,0.38194501664167574,0.39216734755917954,66.07285501815676,64.17740481532715,,24.243393325805663,25.302000427246092,23.461628777640207,24.523333413260325,22.780270803542365,23.81888901241242,,,22.952932167053223,,,23204578.618049621750800,14857671.2791019,,,,,,,
2025-08-15,,,,,,,25.860000610351562,25.989999771118164,25.270000457763672,25.299999237060547,723000,,,,,24.432121276855470,,,,,,,,,,,,,,,,,,,,,,,,,,,,,,,,,,,,,,,,,,,,,,,,,,,,,,,,,,,,,,,,,,,,,,,,,,,,,,,,,,,,,,,,,,,,,,,,,,,,,,,,,,,,,,,,,,,,,,,,,,,,,,,,,,,,,,,,,,,,,0.45048680915674516,0.26747074482015576,0.21425281823765113,,,,,0.20883106582463867,,,,,,,,24.378661784765917,25.354324402705505,23.739970369621187,24.783313480907484,22.726132728283986,23.799784157285174,,,,,,,-0.01879471824251782,,0.4694659592120445,0.45324701038454407,0.3994492051557495,0.40438328012425245,59.69478164996294,57.73104921909833,,24.247293853759764,25.256000137329103,23.53268123808361,24.58571434020996,22.81989215669178,23.85634930928548,,,22.996161460876465,,,18291899.448394775481000,14894695.740639217,,,,,,,
2025-08-18,,,,,,,25.360000610351562,25.694999694824220,25.239999771118164,25.510000228881836,693700,,,,,24.634918212890625,,,,,,,,,,,,,,,,,,,,,,,,,,,,,,,,,,,,,,,,,,,,,,,,,,,,,,,,,,,,,,,,,,,,,,,,,,,,,,,,,,,,,,,,,,,,,,,,,,,,,,,,,,,,,,,,,,,,,,,,,,,,,,,,,,,,,,,,,,,,,0.43327188813336703,0.2580026736195151,0.21258909693043743,,,,,0.23679530977861749,,,,,,,,24.464080594140817,25.40621634476428,23.821329264463863,24.849375912541515,22.785782274677942,23.85322840952257,,,,,,,0.008266163717772008,,0.48019899783140474,0.4528461172993943,0.41559916369088057,0.41407584755928084,61.4481498551936,59.64105798558068,,24.360602951049806,25.32400016784668,23.631604603358678,24.677142915271578,22.856964777386377,23.89111122252449,,,23.05071403503418,,,17696287.158775329633200,14916811.22273642,,,,,,,
2025-08-19,,,,,,,25.629999160766600,25.844999313354492,25.120000839233400,25.149999618530273,1110300,,,,,24.287267684936523,,,,,,,,,,,,,,,,,,,,,,,,,,,,,,,,,,,,,,,,,,,,,,,,,,,,,,,,,,,,,,,,,,,,,,,,,,,,,,,,,,,,,,,,,,,,,,,,,,,,,,,,,,,,,,,,,,,,,,,,,,,,,,,,,,,,,,,,,,,,,0.3853804692319819,0.2651478106723847,0.21360927337377397,,,,,0.18860890009429987,,,,,,,,24.405142957739386,25.320810769352946,23.86368730268865,24.876705340358676,22.832703693748524,23.89375250980406,,,,,,,-0.014212626587929234,,0.4554029147723817,0.41865339035507176,0.4235599139071808,0.414991356118439,56.88002646671587,55.048780034363794,,24.528691864013673,25.45,23.715794699532644,24.753333409627277,22.89216192941817,23.923968360537575,,,23.096974868774414,,,27924044.576454162111900,15173028.756314233,,,,,,,
2025-08-20,,,,,,,25.239999771118164,25.600000381469727,25.159999847412110,25.590000152587890,1333200,,,,,24.712173461914062,,,,,,,,,,,,,,,,,,,,,,,,,,,,,,,,,,,,,,,,,,,,,,,,,,,,,,,,,,,,,,,,,,,,,,,,,,,,,,,,,,,,,,,,,,,,,,,,,,,,,,,,,,,,,,,,,,,,,,,,,,,,,,,,,,,,,,,,,,,,,0.28683070474708433,0.2693581823445352,0.21564458707797157,,,,,0.24762087142498826,,,,,,,,24.507486459130945,25.410540563764595,23.94082240807278,24.941550323288602,22.891437124003698,23.946760248641056,,,,,,,0.01734372548423961,,0.46468162490073084,0.4221929957183299,0.4317842561058908,0.4164316840384172,60.72327692262445,59.185291014577146,,24.592427825927736,25.46599998474121,23.814298811412993,24.84428578331357,22.93152327764602,23.961111220102463,,,23.14991703033447,,,34116588.203430174948000,15563030.950019473,,,,,,,
2025-08-21,,,,,,,25.610000610351562,25.930000305175780,25.489999771118164,25.709999084472656,590500,,,,,24.828056335449220,,,,,,,,,,,,,,,,,,,,,,,,,,,,,,,,,,,,,,,,,,,,,,,,,,,,,,,,,,,,,,,,,,,,,,,,,,,,,,,,,,,,,,,,,,,,,,,,,,,,,,,,,,,,,,,,,,,,,,,,,,,,,,,,,,,,,,,,,,,,,0.2439698880727406,0.268384932749,0.21421875660574058,,,,,0.2251479929978516,,,,,,,,24.614343084570372,25.510360070667282,24.021480037834273,25.011409301578063,22.951956474361367,24.00186146226079,,,,,,,0.004678342646722568,,0.47589997032715914,0.42972743897986376,0.44060739895014445,0.4190908350267065,61.72522260633694,60.25937020890572,,24.57890739440918,25.45199966430664,23.906937372116815,24.929047629946755,22.976518630981445,24.004127078586155,,,23.200108795166017,,,15181754.459381103368000,15598508.004930284,,,,,,,
2025-08-22,,,,,,,25.750000000000000,26.065000534057617,25.665000915527344,25.940000534057617,902400,,,,,25.050167083740234,,,,,,,,,,,,,,,,,,,,,,,,,,,,,,,,,,,,,,,,,,,,,,,,,,,,,,,,,,,,,,,,,,,,,,,,,,,,,,,,,,,,,,,,,,,,,,,,,,,,,,,,,,,,,,,,,,,,,,,,,,,,,,,,,,,,,,,,,,,,,0.18572530452280445,0.2664931076751096,0.21442502343022465,,,,,0.27483149494002496,,,,,,,,24.759617750960324,25.65357355846406,24.11499704200754,25.095826686348932,23.01752555590446,24.062428308254443,,,,,,,0.008906179940500096,,0.4969841471451346,0.4490810080094363,0.4518827485891425,0.4250888696232525,63.63978857330688,62.306851273575326,,24.702516555786133,25.579999923706055,24.01652753920782,25.031428564162482,23.02610200548929,24.051904859996977,,,23.24957908630371,,,23408256.481933593580800,15778547.533840604,,,,,,,
2025-08-25,,,,,,,25.979999542236328,26.000000000000000,25.659999847412110,25.670000076293945,687800,,,,,24.789428710937500,,,,,,,,,,,,,,,,,,,,,,,,,,,,,,,,,,,,,,,,,,,,,,,,,,,,,,,,,,,,,,,,,,,,,,,,,,,,,,,,,,,,,,,,,,,,,,,,,,,,,,,,,,,,,,,,,,,,,,,,,,,,,,,,,,,,,,,,,,,,,0.21084884824259056,0.2715556573666911,0.21556826883788888,,,,,0.21386214056676714,,,,,,,,24.769554737619384,25.659049064407355,24.176309011910266,25.148024267253025,23.07289752949924,24.112664926005678,,,,,,,-0.010463196878354022,,0.48703980981717265,0.43758783032770054,0.4589141608347485,0.42758866176414206,59.85470055842943,58.49675841915411,,24.733418655395507,25.611999893188475,24.109148116338822,25.11619050162179,23.072912761143275,24.096825493706596,,,23.28828845977783,,,17655826.052474975371000,15983100.45480274,,,,,,,
2025-08-26,,,,,,,25.610000610351562,25.768999099731445,25.350000381469727,25.729999542236328,807000,,,,,24.847370147705078,,,,,,,,,,,,,,,,,,,,,,,,,,,,,,,,,,,,,,,,,,,,,,,,,,,,,,,,,,,,,,,,,,,,,,,,,,,,,,,,,,,,,,,,,,,,,,,,,,,,,,,,,,,,,,,,,,,,,,,,,,,,,,,,,,,,,,,,,,,,,0.16129931430881927,0.26867368379466394,0.21555879148362567,,,,,0.2521529585253959,,,,,,,,24.795493207647947,25.68269922368368,24.237314569709795,25.200931110433324,23.128349798818174,24.163206632762886,,,,,,,0.002334617236287334,,0.4783204600309432,0.4283827302211485,0.46279542067398743,0.42774747545554337,60.41809548771535,59.095362769145915,,24.845439147949218,25.727999877929687,24.212268647693453,25.211904798235214,23.1195807078528,24.14158739362444,,,23.334754676818847,,,20764109.630584716696000,16171483.894323925,,,,,,,
2025-08-27,,,,,,,25.649999618530273,25.860000610351562,25.459999084472656,25.659999847412110,811400,,,,,24.779771804809570,,,,,,,,,,,,,,,,,,,,,,,,,,,,,,,,,,,,,,,,,,,,,,,,,,,,,,,,,,,,,,,,,,,,,,,,,,,,,,,,,,,,,,,,,,,,,,,,,,,,,,,,,,,,,,,,,,,,,,,,,,,,,,,,,,,,,,,,,,,,,0.11827972402437291,0.26722620530222074,0.21563662713155196,,,,,0.22556093167120622,,,,,,,,24.790252740035154,25.675132764926488,24.286628863809774,25.24266463197685,23.179956736505403,24.209981420720673,,,,,,,-0.0027242505630154317,,0.46064565481040276,0.4107048814882006,0.4623654675012705,0.42433895666207483,59.37124215375486,58.043533769399744,,24.85895881652832,25.74199981689453,24.296688443138486,25.288095292590913,23.165782807365296,24.18587309216696,,,23.37336654663086,,,20820523.876190186054000,16327502.965321617,,,,,,,
2025-08-28,,,,,,,25.610000610351562,25.610000610351562,25.209999084472656,25.459999084472656,728200,,,,,24.586631774902344,,,,,,,,,,,,,,,,,,,,,,,,,,,,,,,,,,,,,,,,,,,,,,,,,,,,,,,,,,,,,,,,,,,,,,,,,,,,,,,,,,,,,,,,,,,,,,,,,,,,,,,,,,,,,,,,,,,,,,,,,,,,,,,,,,,,,,,,,,,,,0.12393348037900924,0.26849025624974965,0.21353459193695096,,,,,0.2201195187024123,,,,,,,,24.722379084990884,25.603421538108545,24.31390185572728,25.26242230947647,23.22391533145531,24.24904447271292,,,,,,,-0.00782479586749728,,0.426141167937768,0.37621984077646786,0.45512060758857004,0.4147151334849534,56.36614793292907,55.02976725897656,,24.810673904418945,25.69199981689453,24.359616688319615,25.34190477643694,23.202088976663255,24.219841336447097,,,23.41815601348877,,,18539971.333312988099200,16365342.25968255,,,,,,,
2025-08-29,,,,,,,25.520000457763672,25.629999160766600,25.399999618530273,25.430000305175780,1159000,,,,,24.557662963867188,,,,,,,,,,,,,,,,,,,,,,,,,,,,,,,,,,,,,,,,,,,,,,,,,,,,,,,,,,,,,,,,,,,,,,,,,,,,,,,,,,,,,,,,,,,,,,,,,,,,,,,,,,,,,,,,,,,,,,,,,,,,,,,,,,,,,,,,,,,,,0.08176188985520617,0.2657583035076373,0.21359343673979256,,,,,0.19375890528548684,,,,,,,,24.667473711282987,25.54561446046429,24.336061956467272,25.27765667272186,23.26559494496818,24.285949342477387,,,,,,,-0.0011789288886691627,,0.3919405261408784,0.34252117587861264,0.44248459129903167,0.4002763419636853,55.909052220056424,54.5720653100543,,24.712173080444337,25.589999771118165,24.430727731613885,25.40428570338658,23.237024610004728,24.252381037152002,,,23.462270545959473,,,29473370.353698729020000,16645428.43076615,,,,,,,
2025-09-02,,,,,,,25.229999542236328,25.690000534057617,24.889999389648438,25.510000228881836,1589900,,,,,24.634918212890625,,,,,,,,,,,,,,,,,,,,,,,,,,,,,,,,,,,,,,,,,,,,,,,,,,,,,,,,,,,,,,,,,,,,,,,,,,,,,,,,,,,,,,,,,,,,,,,,,,,,,,,,,,,,,,,,,,,,,,,,,,,,,,,,,,,,,,,,,,,,,0.06989119774175295,0.2650699875088822,0.21330156040844891,,,,,0.18951427889790926,,,,,,,,24.65662187848553,25.533743049936806,24.363230707051212,25.29877881419095,23.308386297090756,24.324200932677524,,,,,,,0.0031409334777155224,,0.36684140469913373,0.3185974730676371,0.4273559539790521,0.38394056818447564,56.91256169139721,55.631872494529766,,24.68127098083496,25.55799980163574,24.496410642351425,25.46095239548456,23.270606237744527,24.283492164006308,,,23.508408279418944,,,40558349.363899231056400,17063243.904180374,,,,,,,
2025-09-03,,,,,,,24.549999237060547,24.590000152587890,23.288999557495117,24.069999694824220,1801500,,,,,23.244314193725586,,,,,,,,,,,,,,,,,,,,,,,,,,,,,,,,,,,,,,,,,,,,,,,,,,,,,,,,,,,,,,,,,,,,,,,,,,,,,,,,,,,,,,,,,,,,,,,,,,,,,,,,,,,,,,,,,,,,,,,,,,,,,,,,,,,,,,,,,,,,,0.40210391516607213,0.31260254019410083,0.24306182882467275,,,,,0.13891139488832832,,,,,,,,24.185852650232217,25.04582859823261,24.261511024021612,25.18707162152125,23.306384043860596,24.31625714399461,,,,,,,-0.05810432471624784,,0.23206494728632165,0.18135125335566116,0.38829775264050603,0.34342270521871276,39.4897959364187,38.30783161013242,,24.360659790039062,25.22599983215332,24.45534833272298,25.406666710263206,23.286212860591828,24.296031830802796,,,23.52176151275635,,,43362104.450225832330000,17604719.462552145,,,,,,,
2025-09-04,,,,,,,24.250000000000000,24.649999618530273,24.000000000000000,24.239999771118164,1708200,,,,,23.408483505249023,,,,,,,,,,,,,,,,,,,,,,,,,,,,,,,,,,,,,,,,,,,,,,,,,,,,,,,,,,,,,,,,,,,,,,,,,,,,,,,,,,,,,,,,,,,,,,,,,,,,,,,,,,,,,,,,,,,,,,,,,,,,,,,,,,,,,,,,,,,,,0.4237290955792901,0.314060967492145,0.24339259976299701,,,,,0.11174815470221512,,,,,,,,23.926729601904487,24.777218989194463,24.183963067769557,25.100974180575513,23.30957465202898,24.31387410109222,,,,,,,0.007037948301757791,,0.13692236935181157,0.08531674253519483,0.33802267598276714,0.29180151268200916,41.75667475991193,40.657270673191626,,24.086402130126952,24.94199981689453,24.42255892072405,25.360952377319336,23.30427360534668,24.311111177716935,,,23.539354362487792,,,41406767.609024047744800,18136277.67362746,,,,,,,
2025-09-05,,,,,,,23.799999237060547,23.809999465942383,23.129999160766600,23.809999465942383,11020300,,,,,22.993232727050780,,,,,,,,,,,,,,,,,,,,,,,,,,,,,,,,,,,,,,,,,,,,,,,,,,,,,,,,,,,,,,,,,,,,,,,,,,,,,,,,,,,,,,,,,,,,,,,,,,,,,,,,,,,,,,,,,,,,,,,,,,,,,,,,,,,,,,,,,,,,,0.4244301686280893,0.31789472441664773,0.24382636259575072,,,,,0.40409442972609655,,,,,,,,23.61556397695325,24.454812481443767,24.07571485497694,24.98361284288159,23.299688966873415,24.29812801874379,,,,,,,-0.017898556243629366,,0.02769467647731716,-0.025198260287289997,0.27595707608167713,0.22840155808814933,37.89008231391422,36.83597493759138,,23.76772232055664,24.611999893188475,24.36316544669015,25.287619000389462,23.321510799347408,24.325396885947576,,,23.558204536437987,,,262393337.114524843374900,22167064.136656504,,,,,,,
2025-09-08,,,,,,,23.799999237060547,23.829999923706055,23.309999465942383,23.489999771118164,1587400,,,,,22.684209823608400,,,,,,,,,,,,,,,,,,,,,,,,,,,,,,,,,,,,,,,,,,,,,,,,,,,,,,,,,,,,,,,,,,,,,,,,,,,,,,,,,,,,,,,,,,,,,,,,,,,,,,,,,,,,,,,,,,,,,,,,,,,,,,,,,,,,,,,,,,,,,0.41086422504289893,0.3129125944384918,0.24544528716862762,,,,,0.3571407403822264,,,,,,,,23.305112592504965,24.133208244668566,23.9492143975798,24.847829836357644,23.280455243646383,24.272874011005488,,,,,,,-0.013530863417080386,,-0.08284958432832923,-0.1370239702306293,0.20419574399967585,0.1553164524243936,35.272481580797965,34.25567361836911,,23.393031692504884,24.223999786376954,24.270842597598122,25.17999994187128,23.332780383882067,24.333492127675857,,,23.567240562438965,,,37288025.636672973533600,22651040.990181576,,,,,,,
2025-09-09,,,,,,,23.530000686645508,23.579999923706055,22.950000762939453,23.329999923706055,3521900,,,,,22.529699325561523,,,,,,,,,,,,,,,,,,,,,,,,,,,,,,,,,,,,,,,,,,,,,,,,,,,,,,,,,,,,,,,,,,,,,,,,,,,,,,,,,,,,,,,,,,,,,,,,,,,,,,,,,,,,,,,,,,,,,,,,,,,,,,,,,,,,,,,,,,,,,0.3872057443848999,0.31264228038183306,0.24576676047691248,,,,,0.3594229887668715,,,,,,,,23.04664150352382,23.865472137681063,23.820167572850867,24.709845298843863,23.25699412120623,24.24340919577738,,,,,,,-0.00683467111874356,,-0.18083980464044558,-0.23583869980623007,0.12718863427165156,0.07708542197826887,34.00744280306877,33.01056869723523,,22.971987915039062,23.7879997253418,24.18117977323986,25.075238000778924,23.340155525813028,24.337539733402313,,,23.575672569274904,,,82165926.731300355104500,23863511.451136876,,,,,,,
2025-09-10,,,,,,,23.809999465942383,24.180000305175780,23.530000686645508,24.159999847412110,2861100,,,,,23.331226348876953,,,,,,,,,,,,,,,,,,,,,,,,,,,,,,,,,,,,,,,,,,,,,,,,,,,,,,,,,,,,,,,,,,,,,,,,,,,,,,,,,,,,,,,,,,,,,,,,,,,,,,,,,,,,,,,,,,,,,,,,,,,,,,,,,,,,,,,,,,,,,0.3385200127306284,0.3374717548804365,0.2544394602709849,,,,,0.42011466678575093,,,,,,,,23.14150311864153,23.963648040924745,23.77571837067142,24.659859348713702,23.259313878320942,24.240802653640966,,,,,,,0.03495824112943081,,-0.19161243915451465,-0.24435920684410917,0.06342841958641833,0.012796496213793258,45.02273060249121,44.317296081908566,,22.989370346069336,23.805999755859375,24.14607756478446,25.027142751784552,23.356231053670246,24.350555601574126,,,23.59229404449463,,,69124175.563430787921000,24807417.538443066,,,,,,,
2025-09-11,,,,,,,24.159999847412110,24.680000305175780,23.790000915527344,24.520000457763672,3076600,,,,,23.678878784179688,,,,,,,,,,,,,,,,,,,,,,,,,,,,,,,,,,,,,,,,,,,,,,,,,,,,,,,,,,,,,,,,,,,,,,,,,,,,,,,,,,,,,,,,,,,,,,,,,,,,,,,,,,,,,,,,,,,,,,,,,,,,,,,,,,,,,,,,,,,,,0.35181121592191156,0.329455411450412,0.25509095149703165,,,,,0.46170143836927513,,,,,,,,23.320628340487584,24.149098846537722,23.766914771899444,24.64714490408188,23.272425281629026,24.249527585019802,,,,,,,0.014790810283587976,,-0.17013596207837267,-0.21953210005834123,0.016715543253460127,-0.03366922304063364,48.999132264237076,48.386450968994,,23.04344940185547,23.861999893188475,24.157127834501722,25.027142751784552,23.37372670854841,24.36500004359654,,,23.602672538757325,,,75438233.408355713275200,25672885.71094634,,,,,,,
2025-09-12,,,,,,,24.440000534057617,24.719999313354492,24.229999542236328,24.430000305175780,1406700,,,,,23.591966629028320,,,,,,,,,,,,,,,,,,,,,,,,,,,,,,,,,,,,,,,,,,,,,,,,,,,,,,,,,,,,,,,,,,,,,,,,,,,,,,,,,,,,,,,,,,,,,,,,,,,,,,,,,,,,,,,,,,,,,,,,,,,,,,,,,,,,,,,,,,,,,0.3126918029589558,0.29725309576128395,0.25416925482168895,,,,,0.4261382084914956,,,,,,,,23.41107443666783,24.24273266608374,23.751010395274797,24.62740448599951,23.282410948735254,24.255167357524673,,,,,,,-0.0036772032455039704,,-0.15830395438602096,-0.20475837215560944,-0.01828835627443609,-0.0678870528636288,48.06320999637934,47.45282975206499,,23.163196182250978,23.986000061035156,24.11895988101051,24.975714183989027,23.385441098894393,24.373412752908372,,,23.61322525024414,,,34365681.429290769726000,25983204.30881561,,,,,,,
2025-09-15,,,,,,,24.409999847412110,24.430000305175780,23.819999694824220,23.889999389648438,1350900,,,,,23.070489883422850,,,,,,,,,,,,,,,,,,,,,,,,,,,,,,,,,,,,,,,,,,,,,,,,,,,,,,,,,,,,,,,,,,,,,,,,,,,,,,,,,,,,,,,,,,,,,,,,,,,,,,,,,,,,,,,,,,,,,,,,,,,,,,,,,,,,,,,,,,,,,0.349930181022209,0.2943027985495498,0.2565179329296898,,,,,0.3749122373002761,,,,,,,,23.297546252252836,24.125154907271973,23.689144894197348,24.560367659058503,23.275788415444243,24.24375585852854,,,,,,,-0.02235195039599544,,-0.18882911377067657,-0.23392708148008978,-0.05239650777368419,-0.101095058586921,42.782885913331285,42.19244435036455,,23.240452194213866,24.06599998474121,24.032047090076265,24.88571412222726,23.394114600287544,24.378730198693653,,,23.60703727722168,,,32273000.175476074894200,26345918.595377605,,,,,,,
2025-09-16,,,,,,,23.950000762939453,24.170000076293945,23.809999465942383,24.120000839233400,1504800,,,,,23.292600631713867,,,,,,,,,,,,,,,,,,,,,,,,,,,,,,,,,,,,,,,,,,,,,,,,,,,,,,,,,,,,,,,,,,,,,,,,,,,,,,,,,,,,,,,,,,,,,,,,,,,,,,,,,,,,,,,,,,,,,,,,,,,,,,,,,,,,,,,,,,,,,0.33898545608493014,0.2922833263851651,0.2556424246304318,,,,,0.4110948902796623,,,,,,,,23.29589771207318,24.123436884592447,23.653095415789757,24.520334311801676,23.27631379720267,24.23988851417557,,,,,,,0.009581434069194324,,-0.19287470187195055,-0.23576652920069563,-0.08049214659333746,-0.12802935270967591,45.52787989498355,44.98962683117441,,23.393032455444335,24.22400016784668,23.97778420221238,24.82952372233073,23.401153049771747,24.382301633320157,,,23.61179389953613,,,36295777.262878420320000,26729706.2545958,,,,,,,
2025-09-17,,,,,,,24.239999771118164,24.754999160766600,24.120000839233400,24.329999923706055,1443600,,,,,23.495395660400390,,,,,,,,,,,,,,,,,,,,,,,,,,,,,,,,,,,,,,,,,,,,,,,,,,,,,,,,,,,,,,,,,,,,,,,,,,,,,,,,,,,,,,,,,,,,,,,,,,,,,,,,,,,,,,,,,,,,,,,,,,,,,,,,,,,,,,,,,,,,,0.23666027572294526,0.2924695179820395,0.2520204503586268,,,,,0.38849507389183313,,,,,,,,23.36239702818225,24.19229123096365,23.638759074390723,24.503031185611164,23.283160105427598,24.242704495723398,,,,,,,0.008668731927330415,,-0.1776689386729231,-0.2177688301725773,-0.09992750500925458,-0.1459772482022562,47.98170698544688,47.488049189331484,,23.425866317749023,24.25800018310547,23.923521223522368,24.773333231608074,23.419379037524028,24.397539714026074,,,23.62519634246826,,,35122787.889862060998000,27079737.150158957,,,,,,,
2025-09-18,,,,,,,24.670000076293945,24.670000076293945,23.870000839233400,23.959999084472656,1882500,,,,,23.138088226318360,,,,,,,,,,,,,,,,,,,,,,,,,,,,,,,,,,,,,,,,,,,,,,,,,,,,,,,,,,,,,,,,,,,,,,,,,,,,,,,,,,,,,,,,,,,,,,,,,,,,,,,,,,,,,,,,,,,,,,,,,,,,,,,,,,,,,,,,,,,,,0.2256422719576607,0.29306696869690263,0.2540738057022015,,,,,0.3707685299260444,,,,,,,,23.287627427560952,24.114860515466653,23.593243542747782,24.45366463096221,23.278626609205432,24.233869951621813,,,,,,,-0.015324371960766367,,-0.1922340313221298,-0.2307021092184769,-0.11838881027182963,-0.16292222040550033,44.20341969073834,43.720360654069296,,23.317708206176757,24.145999908447266,23.868798392159597,24.71666653951009,23.43185763888889,24.406825413779607,,,23.627627754211424,,,45104698.276519774920000,27606458.551373556,,,,,,,
2025-09-19,,,,,,,24.090000152587890,24.159999847412110,23.760000228881836,23.959999084472656,1183400,,,,,23.138088226318360,,,,,,,,,,,,,,,,,,,,,,,,,,,,,,,,,,,,,,,,,,,,,,,,,,,,,,,,,,,,,,,,,,,,,,,,,,,,,,,,,,,,,,,,,,,,,,,,,,,,,,,,,,,,,,,,,,,,,,,,,,,,,,,,,,,,,,,,,,,,,0.22810758403596657,0.2844447212198468,0.2540551088083646,,,,,0.3415298445260008,,,,,,,,23.237781027146756,24.063240038468653,23.551865786708746,24.408785944917703,23.274234784740212,24.2253114870234,,,,,,,0,,-0.20145472748522053,-0.23820593628613906,-0.1350019937145078,-0.17797896358162807,44.20341969073834,43.720360654069296,,23.226932525634766,24.051999664306642,23.793841952369327,24.639047441028413,23.44471568153018,24.416507932874893,,,23.629102897644042,,,28354262.916564941110400,27926692.801896352,,,,,,,
2025-09-22,,,,,,,23.969999313354492,24.020000457763672,23.729999542236328,24.010000228881836,750100,,,,,23.186372756958008,,,,,,,,,,,,,,,,,,,,,,,,,,,,,,,,,,,,,,,,,,,,,,,,,,,,,,,,,,,,,,,,,,,,,,,,,,,,,,,,,,,,,,,,,,,,,,,,,,,,,,,,,,,,,,,,,,,,,,,,,,,,,,,,,,,,,,,,,,,,,0.15896557485857163,0.2836880224429486,0.25317857576508496,,,,,0.3569388899748028,,,,,,,,23.22064493708384,24.04549343527305,23.518639147640496,24.37253269800535,23.27148909637202,24.218583010206476,,,,,,,0.002084624282741311,,-0.2025313818356409,-0.23738171023202526,-0.14850787133873442,-0.18985951291170752,44.88361763749805,44.41158897960749,,23.250109100341795,24.07599983215332,23.715666543869744,24.558095114571707,23.4543937804207,24.42285713316902,,,23.634603691101074,,,18009901.171684265183600,28080348.245647974,,,,,,,
2025-09-23,,,,,,,23.989999771118164,24.329999923706055,23.896999359130860,24.110000610351562,744400,,,,,23.282943725585938,,,,,,,,,,,,,,,,,,,,,,,,,,,,,,,,,,,,,,,,,,,,,,,,,,,,,,,,,,,,,,,,,,,,,,,,,,,,,,,,,,,,,,,,,,,,,,,,,,,,,,,,,,,,,,,,,,,,,,,,,,,,,,,,,,,,,,,,,,,,,0.14452989843758887,0.2815913177166118,0.2532335214740668,,,,,0.34987529976841186,,,,,,,,23.241411199917874,24.066995826965886,23.49721229109008,24.348666144582282,23.27184705353495,24.21518981021101,,,,,,,0.004156338632066472,,-0.19336319749787023,-0.2260535059956652,-0.15747893657056158,-0.19709831152849905,46.29380043405465,45.84417848309588,,23.24817771911621,24.07399978637695,23.631513050624303,24.470952261061896,23.46636366465735,24.43158731006441,,,23.647582092285155,,,17947484.454345702752800,28212949.081708513,,,,,,,
2025-09-24,,,,,,,24.010000228881836,24.245000839233400,23.995000839233400,24.079999923706055,611900,,,,,23.253973007202150,,,,,,,,,,,,,,,,,,,,,,,,,,,,,,,,,,,,,,,,,,,,,,,,,,,,,,,,,,,,,,,,,,,,,,,,,,,,,,,,,,,,,,,,,,,,,,,,,,,,,,,,,,,,,,,,,,,,,,,,,,,,,,,,,,,,,,,,,,,,,0.12210786049490427,0.2805210531271077,0.24930120116956103,,,,,0.3613812953728867,,,,,,,,23.24559846901263,24.071330525879276,23.47509962891845,24.32424194268444,23.271288489587054,24.21096512625773,,,,,,,-0.0012450640979347653,,-0.1862876323464917,-0.2169952411440761,-0.1632406757257476,-0.20107769745161447,45.914275941530704,45.46561839093982,,23.199893188476562,24.023999786376955,23.55839611235119,24.39523796808152,23.485462854778955,24.447777793520974,,,23.661319770812987,,,14734551.953315735054500,28304005.27475145,,,,,,,
2025-09-25,,,,,,,24.030000686645508,24.200000762939453,23.579999923706055,23.600000381469727,755400,,,,,22.790437698364258,,,,,,,,,,,,,,,,,,,,,,,,,,,,,,,,,,,,,,,,,,,,,,,,,,,,,,,,,,,,,,,,,,,,,,,,,,,,,,,,,,,,,,,,,,,,,,,,,,,,,,,,,,,,,,,,,,,,,,,,,,,,,,,,,,,,,,,,,,,,,0.15528422460882857,0.28584020248927744,0.25232460852221394,,,,,0.32897613286772787,,,,,,,,23.09387821212984,23.91422047774276,23.412857635231706,24.25840180075583,23.25626190236134,24.191872477983104,,,,,,,-0.020134950671489325,,-0.2155983380486184,-0.2457159915254259,-0.17371220819032177,-0.21000535626637676,40.23114564524975,39.802503928630124,,23.130363082885744,23.952000045776366,23.460446948096866,24.293809436616442,23.494320460728236,24.453333355131605,,,23.658901863098144,,,17827440.288162231775800,28404117.422182597,,,,,,,
2025-09-26,,,,,,,23.700000762939453,23.774999618530273,23.250000000000000,23.350000381469727,930700,,,,,22.549013137817383,,,,,,,,,,,,,,,,,,,,,,,,,,,,,,,,,,,,,,,,,,,,,,,,,,,,,,,,,,,,,,,,,,,,,,,,,,,,,,,,,,,,,,,,,,,,,,,,,,,,,,,,,,,,,,,,,,,,,,,,,,,,,,,,,,,,,,,,,,,,,0.16051944013896907,0.2866716913431117,0.25301264517967753,,,,,0.3141896109708161,,,,,,,,22.912256520692356,23.726147112318415,23.334326317284948,24.175819853548003,23.23416037846934,24.16556397496706,,,,,,,-0.010649747092053052,,-0.255364544348339,-0.2853608416358817,-0.1900426754219252,-0.22507645334027773,37.61937654902572,37.203315576154495,,23.01254806518555,23.83000030517578,23.35422034490676,24.18380946204776,23.501319098094154,24.45698414151631,,,23.651081733703613,,,21731845.355033874918900,28547189.372871034,,,,,,,
2025-09-29,,,,,,,23.399999618530273,23.430000305175780,23.139999389648438,23.389999389648438,857500,,,,,22.587640762329100,,,,,,,,,,,,,,,,,,,,,,,,,,,,,,,,,,,,,,,,,,,,,,,,,,,,,,,,,,,,,,,,,,,,,,,,,,,,,,,,,,,,,,,,,,,,,,,,,,,,,,,,,,,,,,,,,,,,,,,,,,,,,,,,,,,,,,,,,,,,,0.15947755879807352,0.2871778066291766,0.2505905069973722,,,,,0.3237295714967734,,,,,,,,22.804051267904605,23.614097871428424,23.266445812288964,24.104381629557135,23.21395664046496,24.141327581675856,,,,,,,0.001711586066048583,,-0.28052886078339156,-0.3099788421624545,-0.20813991249421848,-0.2420569311047131,38.309445186430764,37.90202832975125,,22.892801666259764,23.706000137329102,23.259030296688987,24.08523804800851,23.502707799275715,24.45476189870683,,,23.65168399810791,,,20056924.476623535585000,28515479.13212549,,,,,,,
2025-09-30,,,,,,,23.500000000000000,23.604999542236328,23.305000305175780,23.479999542236328,1645900,,,,,22.674552917480470,,,,,,,,,,,,,,,,,,,,,,,,,,,,,,,,,,,,,,,,,,,,,,,,,,,,,,,,,,,,,,,,,,,,,,,,,,,,,,,,,,,,,,,,,,,,,,,,,,,,,,,,,,,,,,,,,,,,,,,,,,,,,,,,,,,,,,,,,,,,,0.15831728943027257,0.2883315147124929,0.2437872929011882,,,,,0.3467754058966598,,,,,,,,22.76088515109656,23.56939842836439,23.21263736730637,24.04761962161888,23.197100274121695,24.12066108044337,,,,,,,0.003840391059504527,,-0.2901144198496759,-0.3185544276430754,-0.22453481396530997,-0.25735643041238554,39.919870688021255,39.53231509923806,,22.771123504638673,23.579999923706055,23.16935838971819,23.992380868820916,23.49500301906041,24.443015870593843,,,23.654789543151857,,,38645731.246566772255200,28834149.890427362,,,,,,,
2025-10-01,,,,,,,23.500000000000000,23.639999389648438,23.229999542236328,23.399999618530273,1429100,,,,,22.597299575805664,,,,,,,,,,,,,,,,,,,,,,,,,,,,,,,,,,,,,,,,,,,,,,,,,,,,,,,,,,,,,,,,,,,,,,,,,,,,,,,,,,,,,,,,,,,,,,,,,,,,,,,,,,,,,,,,,,,,,,,,,,,,,,,,,,,,,,,,,,,,,0.15554693108773715,0.2872356294410369,0.24374568161989474,,,,,0.32151806024508695,,,,,,,,22.706356625999593,23.512932158419684,23.156697568079036,23.98874507588355,23.17835650229932,24.098140409758585,,,,,,,-0.0034128674841096677,,-0.3004809857491786,-0.3280247016042388,-0.2397240483220837,-0.2714900846507562,38.94664524037839,38.563166685612686,,22.639788818359374,23.4439998626709,23.072328930809384,23.891904649280367,23.48758982098292,24.43158727978903,,,23.653863792419433,,,33440939.454841613144300,29106606.444213502,,,,,,,
2025-10-02,,,,,,,23.280000686645508,23.600000381469727,22.905000686645508,23.159999847412110,1174600,,,,,22.365531921386720,,,,,,,,,,,,,,,,,,,,,,,,,,,,,,,,,,,,,,,,,,,,,,,,,,,,,,,,,,,,,,,,,,,,,,,,,,,,,,,,,,,,,,,,,,,,,,,,,,,,,,,,,,,,,,,,,,,,,,,,,,,,,,,,,,,,,,,,,,,,,0.10595201147610353,0.21186190772930638,0.24288572679639164,,,,,0.3101176392284228,,,,,,,,22.592748391128637,23.395288054750495,23.084773418379733,23.913404600567965,23.1529557341458,24.06882351718526,,,,,,,-0.010309391088374857,,-0.3236672421682556,-0.3508515395649532,-0.2565126870913181,-0.2873623756335956,36.10292448400006,35.73299128147864,,22.554807662963867,23.355999755859376,23.030482155936106,23.848571323213122,23.471488922361342,24.41111107478066,,,23.64352149963379,,,27203735.820770264406000,29446898.914703492,,,,,,,
2025-10-03,,,,,,,23.309999465942383,23.489999771118164,23.229999542236328,23.379999160766600,1619800,,,,,22.577983856201172,,,,,,,,,,,,,,,,,,,,,,,,,,,,,,,,,,,,,,,,,,,,,,,,,,,,,,,,,,,,,,,,,,,,,,,,,,,,,,,,,,,,,,,,,,,,,,,,,,,,,,,,,,,,,,,,,,,,,,,,,,,,,,,,,,,,,,,,,,,,,0.11896945114137379,0.21329749868879566,0.24219513135763357,,,,,0.3276077975893452,,,,,,,,22.587826879486148,23.39019175675586,23.038701639999864,23.864913196949658,23.13498786296003,24.047297756047175,,,,,,,0.009454245561256921,,-0.32119686431004624,-0.3471877034025894,-0.2694495225350637,-0.29932744118739435,40.398917709154446,40.074563691514754,,22.560601806640626,23.36199951171875,22.990934553600493,23.807618913196382,23.46392089601547,24.399523750184073,,,23.64010570526123,,,37870922.640609738680000,29867582.364748396,,,,,,,
2025-10-06,,,,,,,23.340000152587890,23.340000152587890,22.670000076293945,22.700000762939453,1221500,,,,,21.921310424804688,,,,,,,,,,,,,,,,,,,,,,,,,,,,,,,,,,,,,,,,,,,,,,,,,,,,,,,,,,,,,,,,,,,,,,,,,,,,,,,,,,,,,,,,,,,,,,,,,,,,,,,,,,,,,,,,,,,,,,,,,,,,,,,,,,,,,,,,,,,,,0.23995381050808307,0.22770990596612264,0.24842604193938705,,,,,0.04489858643963859,,,,,,,,22.365654727925662,23.160128092150394,22.937120620436666,23.759012066585097,23.097060443017675,24.005194725012558,,,,,,,-0.02951602336924572,,-0.36798522530963496,-0.39460550790657933,-0.28915666308997795,-0.31838305453123134,33.01110181125492,32.717419713034246,,22.427335739135742,23.223999786376954,22.939890634445916,23.754761832101003,23.449572275555322,24.38095232040163,,,23.621643981933595,,,27728050.931930541839500,30197339.82010493,,,,,,,
2025-10-07,,,,,,,22.750000000000000,22.819999694824220,22.129999160766600,22.319999694824220,1117700,,,,,21.554346084594727,,,,,,,,,,,,,,,,,,,,,,,,,,,,,,,,,,,,,,,,,,,,,,,,,,,,,,,,,,,,,,,,,,,,,,,,,,,,,,,,,,,,,,,,,,,,,,,,,,,,,,,,,,,,,,,,,,,,,,,,,,,,,,,,,,,,,,,,,,,,,0.2314222049002626,0.2300807681631766,0.24983658589852178,,,,,0.045135476021951476,,,,,,,,22.095218513482017,22.880085293041667,22.811413844451035,23.62819276006138,23.04885061931696,23.952532380319173,,,,,,,-0.016881771771082674,,-0.4297227179008729,-0.4575727560951748,-0.31726987405215695,-0.34622099484402,29.73828732450058,29.462288215350956,,22.203294372558595,22.99199981689453,22.88608759925479,23.699047542753675,23.426363203260635,24.353174542623854,,,23.59909412384033,,,24947063.658905030694000,30209618.597333394,,,,,,,
2025-10-08,,,,,,,22.219999313354492,22.298999786376953,21.684999465942383,22.069999694824220,1371500,,,,,21.312921524047850,,,,,,,,,,,,,,,,,,,,,,,,,,,,,,,,,,,,,,,,,,,,,,,,,,,,,,,,,,,,,,,,,,,,,,,,,,,,,,,,,,,,,,,,,,,,,,,,,,,,,,,,,,,,,,,,,,,,,,,,,,,,,,,,,,,,,,,,,,,,,0.22364013207210615,0.23165468196599895,0.25058343578564307,,,,,0.03541807015961394,,,,,,,,21.834452850337293,22.61005676030252,22.67518726986893,23.48653884503982,22.9946028350898,23.893703233897455,,,,,,,-0.011263937572755817,,-0.49245436259118947,-0.5216345858031062,-0.35230677175996344,-0.38130371303583727,27.786479041204434,27.522237408318755,,21.94641876220703,22.72599983215332,22.82814579918271,23.639047531854537,23.398563051980638,24.320634841918945,,,23.56521343231201,,,30269004.581451417730000,30406534.977649506,,,,,,,
2025-10-09,,,,,,,22.010000228881836,22.059999465942383,21.690000534057617,21.790000915527344,880900,,,,,21.042528152465820,,,,,,,,,,,,,,,,,,,,,,,,,,,,,,,,,,,,,,,,,,,,,,,,,,,,,,,,,,,,,,,,,,,,,,,,,,,,,,,,,,,,,,,,,,,,,,,,,,,,,,,,,,,,,,,,,,,,,,,,,,,,,,,,,,,,,,,,,,,,,0.22335561073720214,0.18913840157246192,0.251415827732552,,,,,-0.07658801151068241,,,,,,,,21.570477951046804,22.33670481204413,22.526763713741374,23.33230812417505,22.9336005012578,23.82796253644839,,,,,,,-0.012767993113909911,,-0.557560913143238,-0.5882170092982051,-0.39335760003661835,-0.42268637228831085,25.748183849569628,25.497170267688897,,21.68181800842285,22.452000045776366,22.71916017078218,23.526190439860027,23.368899481637136,24.286190426538862,,,23.520761222839354,,,19194811.806488037329600,30509494.156888932,,,,,,,
2025-10-10,,,,,,,21.860000610351562,21.909000396728516,21.139999389648438,21.159999847412110,921700,,,,,20.434137344360350,,,,,,,,,,,,,,,,,,,,,,,,,,,,,,,,,,,,,,,,,,,,,,,,,,,,,,,,,,,,,,,,,,,,,,,,,,,,,,,,,,,,,,,,,,,,,,,,,,,,,,,,,,,,,,,,,,,,,,,,,,,,,,,,,,,,,,,,,,,,,0.14111763301175692,0.19294156781480556,0.25670671228673925,,,,,-0.1979043289090828,,,,,,,,21.191697748817987,21.944469823833455,22.336524952888553,23.134825553560237,22.855492277604753,23.744588702416006,,,,,,,-0.029338638477629724,,-0.6507489484030486,-0.6839358934326398,-0.4448358697099044,-0.4749362765171766,21.862217328948237,21.639140849754767,,21.253048706054688,22.00800018310547,22.564648673647927,23.366190410795667,23.33398065112886,24.246349153064546,,,23.46815734863281,,,19503171.859359741787000,30482165.312300786,,,,,,,
2025-10-13,,,,,,,21.209999084472656,21.479999542236328,21.093999862670900,21.235000610351562,785100,,,,,20.506565093994140,,,,,,,,,,,,,,,,,,,,,,,,,,,,,,,,,,,,,,,,,,,,,,,,,,,,,,,,,,,,,,,,,,,,,,,,,,,,,,,,,,,,,,,,,,,,,,,,,,,,,,,,,,,,,,,,,,,,,,,,,,,,,,,,,,,,,,,,,,,,,0.1874958126794242,0.19610871194827892,0.2568980253904602,,,,,-0.20105426044908065,,,,,,,,20.963320197210038,21.707980086006156,22.170164965716335,22.96211419508672,22.78208830311692,23.666164074538994,,,,,,,0.003538181852226684,,-0.7105658626853533,-0.7451522130934265,-0.4979818683049942,-0.5289794638324266,23.34541026337457,23.13034654186331,,20.970099639892577,21.71500015258789,22.41772479102725,23.214047568184988,23.301273921179394,24.20880947415791,,,23.41317710876465,,,16671598.979187011326200,30419652.909857128,,,,,,,
2025-10-14,,,,,,,21.120000839233400,21.549999237060547,21.079999923706055,21.489999771118164,694000,,,,,20.752817153930664,,,,,,,,,,,,,,,,,,,,,,,,,,,,,,,,,,,,,,,,,,,,,,,,,,,,,,,,,,,,,,,,,,,,,,,,,,,,,,,,,,,,,,,,,,,,,,,,,,,,,,,,,,,,,,,,,,,,,,,,,,,,,,,,,,,,,,,,,,,,,0.25330277853030453,0.19753644178808924,0.25613272608660176,,,,,-0.14045788773088697,,,,,,,,20.893152516116913,21.635319981043494,22.04131516464491,22.82828561108958,22.718673579704852,23.59815894005709,,,,,,,0.011936920552486057,,-0.7296893108297127,-0.7642801405944972,-0.5443233568099379,-0.5760395991848407,28.326825760882524,28.13758123674124,,20.809793853759764,21.54900016784668,22.307359422956193,23.099761872064498,23.267011763557555,24.169603135850693,,,23.346100997924804,,,14914059.841156005816000,30381376.473399572,,,,,,,
2025-10-15,,,,,,,21.469999313354492,21.750000000000000,21.424999237060547,21.540000915527344,853900,,,,,20.801103591918945,,,,,,,,,,,,,,,,,,,,,,,,,,,,,,,,,,,,,,,,,,,,,,,,,,,,,,,,,,,,,,,,,,,,,,,,,,,,,,,,,,,,,,,,,,,,,,,,,,,,,,,,,,,,,,,,,,,,,,,,,,,,,,,,,,,,,,,,,,,,,0.25915061111875737,0.19229753263924335,0.2561897440712016,,,,,-0.20287593273549223,,,,,,,,20.862469541384257,21.603546959204778,21.92856865803346,22.71116882058392,22.658749517586543,23.533841501790537,,,,,,,0.0023240386878126186,,-0.732504612062499,-0.7665679681072035,-0.5819596078604501,-0.6141452729693133,29.29707203540052,29.112655312468494,,20.707430267333983,21.443000411987306,22.188716706775484,22.976904732840403,23.233060715690492,24.13071426512703,,,23.280181846618653,,,18393006.781768799041600,30518460.185698856,,,,,,,
2025-10-16,,,,,,,21.530000686645508,21.760000228881836,21.444999694824220,21.719999313354492,1070300,,,,,20.974927902221680,,,,,,,,,,,,,,,,,,,,,,,,,,,,,,,,,,,,,,,,,,,,,,,,,,,,,,,,,,,,,,,,,,,,,,,,,,,,,,,,,,,,,,,,,,,,,,,,,,,,,,,,,,,,,,,,,,,,,,,,,,,,,,,,,,,,,,,,,,,,,0.26185081471036303,0.19198148324372064,0.25503381289514915,,,,,-0.14903523381452927,,,,,,,,20.899955661663398,21.642364410588016,21.84187404386875,22.62106250174488,22.60613009210639,23.47715893340191,,,,,,,0.008321772424197234,,-0.7124963747470865,-0.7452657617094971,-0.6080669612377774,-0.64036937071735,32.82255681617749,32.655183631884924,,20.693910217285158,21.429000091552734,22.068694432576496,22.852618989490328,23.20794008648585,24.101031712123326,,,23.21487049102783,,,23246915.265083312787600,30711432.50622825,,,,,,,
2025-10-17,,,,,,,21.750000000000000,22.260000228881836,21.559999465942383,22.190000534057617,797100,,,,,21.428804397583008,,,,,,,,,,,,,,,,,,,,,,,,,,,,,,,,,,,,,,,,,,,,,,,,,,,,,,,,,,,,,,,,,,,,,,,,,,,,,,,,,,,,,,,,,,,,,,,,,,,,,,,,,,,,,,,,,,,,,,,,,,,,,,,,,,,,,,,,,,,,,0.12197821443085292,0.20943984807084504,0.2589899113807304,,,,,-0.05869071531727807,,,,,,,,21.0762385736366,21.82490978507788,21.804322257842774,22.58187505013695,22.569338664152536,23.4369352334224,,,,,,,0.021408201841274784,,-0.6524941165395539,-0.6825899668778881,-0.6169523922981327,-0.6488134899494576,41.08351017904584,40.95289395069966,,20.892843627929686,21.635000228881836,21.98729996454148,22.768333344232467,23.190631018744575,24.079444431123278,,,23.150986785888673,,,17687649.425697326510700,30770856.234441485,,,,,,,
2025-10-20,,,,,,,22.139999389648438,22.319999694824220,21.989999771118164,22.100000381469727,605900,,,,,21.341892242431640,,,,,,,,,,,,,,,,,,,,,,,,,,,,,,,,,,,,,,,,,,,,,,,,,,,,,,,,,,,,,,,,,,,,,,,,,,,,,,,,,,,,,,,,,,,,,,,,,,,,,,,,,,,,,,,,,,,,,,,,,,,,,,,,,,,,,,,,,,,,,0.1533227702431892,0.20901908556191057,0.2587518815014444,,,,,-0.07000856056866962,,,,,,,,21.164789796568282,21.91660665054183,21.762283165532672,22.538068262076294,22.530980963473755,23.39515601929888,,,,,,,-0.00406410377225056,,-0.6049811332660724,-0.632885695727623,-0.6145581404917206,-0.6456279311050908,40.067435208760784,39.93811693170654,,21.059909057617187,21.80800018310547,21.901766822451638,22.679761977422807,23.16996919541132,24.054365067254928,,,23.089572257995606,,,13390390.231132507589300,30793172.775341216,,,,,,,
2025-10-21,,,,,,,22.209999084472656,22.209999084472656,21.969999313354492,21.989999771118164,537000,,,,,21.235666275024414,,,,,,,,,,,,,,,,,,,,,,,,,,,,,,,,,,,,,,,,,,,,,,,,,,,,,,,,,,,,,,,,,,,,,,,,,,,,,,,,,,,,,,,,,,,,,,,,,,,,,,,,,,,,,,,,,,,,,,,,,,,,,,,,,,,,,,,,,,,,,0.17181500072344577,0.20792283240513898,0.25782087933179815,,,,,-0.1262865719628059,,,,,,,,21.18841528938699,21.941071024067273,21.714408902759192,22.488243853807372,22.490502379459716,23.35124488654323,,,,,,,-0.004989773557041673,,-0.5693353559274108,-0.5955062078091373,-0.6055135835788586,-0.6356035864459001,38.80423498063549,38.676662547466336,,21.156478881835938,21.908000183105468,21.808876037597656,22.58357147943406,23.14382665119474,24.023571407984175,,,23.032918128967285,,,11808629.877090454068000,30727181.24634879,,,,,,,
2025-10-22,,,,,,,22.209999084472656,22.209999084472656,21.745000839233400,21.790000915527344,730800,,,,,21.042528152465820,,,,,,,,,,,,,,,,,,,,,,,,,,,,,,,,,,,,,,,,,,,,,,,,,,,,,,,,,,,,,,,,,,,,,,,,,,,,,,,,,,,,,,,,,,,,,,,,,,,,,,,,,,,,,,,,,,,,,,,,,,,,,,,,,,,,,,,,,,,,,0.19856198956850585,0.20629631739026574,0.2581448591471801,,,,,-0.1543785718645394,,,,,,,,21.139786243746602,21.89071432122063,21.653328834550706,22.42476722305464,22.445253184866157,23.302456012448985,,,,,,,-0.009136599551075398,,-0.5503266301148777,-0.5753882133581989,-0.5944761928860625,-0.6235605118283598,36.54808839726068,36.42403632278194,,21.20476379394531,21.95800018310547,21.702189581734793,22.473095303490048,23.116743390522306,23.991825376238143,,,22.98483222961426,,,15924132.669067382995200,30672865.435627528,,,,,,,
2025-10-23,,,,,,,21.790000915527344,21.879999160766600,21.459999084472656,21.649999618530273,776400,,,,,20.907327651977540,,,,,,,,,,,,,,,,,,,,,,,,,,,,,,,,,,,,,,,,,,,,,,,,,,,,,,,,,,,,,,,,,,,,,,,,,,,,,,,,,,,,,,,,,,,,,,,,,,,,,,,,,,,,,,,,,,,,,,,,,,,,,,,,,,,,,,,,,,,,,0.19806081066833123,0.20594779771079294,0.25811195424363326,,,,,-0.14729053393269387,,,,,,,,21.062300046490247,21.810476086990512,21.585510545225873,22.35433380446152,22.397193011963385,23.250816750139027,,,,,,,-0.006445837107837219,,-0.5399474503278832,-0.5642373158894749,-0.5835704443744266,-0.6116958726405828,35.01340934492876,34.89204670709022,,21.191243743896486,21.944000244140625,21.590444564819336,22.35738100324358,23.085996264503116,23.95626982431563,,,22.915108909606932,,,16809059.703826903957200,30782419.038118634,,,,,,,
2025-10-24,,,,,,,21.780000686645508,22.149999618530273,21.399999618530273,21.510000228881836,690200,,,,,20.772130966186523,,,,,,,,,,,,,,,,,,,,,,,,,,,,,,,,,,,,,,,,,,,,,,,,,,,,,,,,,,,,,,,,,,,,,,,,,,,,,,,,,,,,,,,,,,,,,,,,,,,,,,,,,,,,,,,,,,,,,,,,,,,,,,,,,,,,,,,,,,,,,0.03052524746493674,0.19866283081769368,0.25805621504847703,,,,,-0.13718412429467156,,,,,,,,20.96557701972234,21.710317467620953,21.511566947131385,22.277576206681548,22.34640982303286,23.19641623384974,,,,,,,-0.006487471979956913,,-0.5364472878190902,-0.5602388453558547,-0.5741458130633593,-0.6014044671836372,33.49861999056853,33.38010776793088,,21.059909057617187,21.80800018310547,21.49433472042992,22.257857186453684,23.05568343874008,23.921190473768448,,,22.832638359069826,,,14846202.157974243207200,30832944.093604315,,,,,,,
2025-10-27,,,,,,,21.510000228881836,21.670000076293945,21.430000305175780,21.559999465942383,1748200,,,,,20.820415496826172,,,,,,,,,,,,,,,,,,,,,,,,,,,,,,,,,,,,,,,,,,,,,,,,,,,,,,,,,,,,,,,,,,,,,,,,,,,,,,,,,,,,,,,,,,,,,,,,,,,,,,,,,,,,,,,,,,,,,,,,,,,,,,,,,,,,,,,,,,,,,0.06874295581450374,0.19861579330668871,0.25621734960275083,,,,,-0.09844739383376976,,,,,,,,20.917189845423618,21.66021146706143,21.44873499710364,22.212341957523442,22.2987225003389,23.145278209852634,,,,,,,0.002321788706696083,,-0.5237398784199314,-0.5467331091283221,-0.5640646261346738,-0.5904701955725742,34.587069039424286,34.472190093920695,,20.955613708496095,21.7,21.412020547049387,22.172619047619047,23.020976445031543,23.881507934085906,,,22.76040424346924,,,37691191.066360473960600,31224721.067495193,,,,,,,
2025-10-28,,,,,,,22.920000076293945,23.000000000000000,21.604999542236328,22.600000381469727,2003700,,,,,21.824741363525390,,,,,,,,,,,,,,,,,,,,,,,,,,,,,,,,,,,,,,,,,,,,,,,,,,,,,,,,,,,,,,,,,,,,,,,,,,,,,,,,,,,,,,,,,,,,,,,,,,,,,,,,,,,,,,,,,,,,,,,,,,,,,,,,,,,,,,,,,,,,,0.3758389183532834,0.26548796127360524,0.2730232670658697,,,,,-0.08316543511774575,,,,,,,,21.219707018124208,21.97347443853086,21.48291739405107,22.24758363242765,22.283910589813477,23.128238277715667,,,,,,,0.04711023157938198,,-0.42769822210646424,-0.44695807911735486,-0.5367913453290318,-0.5617677722815303,52.13561824120642,52.07163867863604,,21.07342872619629,21.822000122070314,21.37569200424921,22.135000047229585,22.99811299641927,23.854047623891677,,,22.704200706481934,,,45283620.764350891989900,31677268.985224526,,,,,,,
2025-10-29,,,,,,,22.370000839233400,22.459999084472656,21.799999237060547,21.809999465942383,1509000,,,,,21.061840057373047,,,,,,,,,,,,,,,,,,,,,,,,,,,,,,,,,,,,,,,,,,,,,,,,,,,,,,,,,,,,,,,,,,,,,,,,,,,,,,,,,,,,,,,,,,,,,,,,,,,,,,,,,,,,,,,,,,,,,,,,,,,,,,,,,,,,,,,,,,,,,0.4745300894874224,0.28929610864321287,0.28127107411051655,,,,,-0.16076500725663026,,,,,,,,21.167084697873822,21.918982781001368,21.44463763617125,22.207803253656262,22.245720885674714,23.087043314847755,,,,,,,-0.03558137615289216,,-0.4084360802193885,-0.4267132359984913,-0.5111202923071032,-0.5347568650249225,42.7530256726222,42.6917812063342,,21.077291107177736,21.82599983215332,21.298896153767902,22.05547623407273,22.966327425033327,23.817380935426744,,,22.639692153930664,,,32911289.194107055947000,31900008.10486324,,,,,,,
2025-10-30,,,,,,,21.940000534057617,22.430000305175780,21.700000762939453,22.319999694824220,1241600,,,,,21.554346084594727,,,,,,,,,,,,,,,,,,,,,,,,,,,,,,,,,,,,,,,,,,,,,,,,,,,,,,,,,,,,,,,,,,,,,,,,,,,,,,,,,,,,,,,,,,,,,,,,,,,,,,,,,,,,,,,,,,,,,,,,,,,,,,,,,,,,,,,,,,,,,0.49449741182810625,0.3036509304316984,0.28489952950288233,,,,,-0.1123882019203312,,,,,,,,21.29617182678079,22.052655085608986,21.454611131482476,22.218002930126076,22.224115423140965,23.06307320172202,,,,,,,0.02311459564127398,,-0.34940188619651025,-0.3653052838321855,-0.4787766110849846,-0.5008665487863752,49.119090675574576,49.069957155698184,,21.20669479370117,21.95999984741211,21.249231701805478,22.004047666277206,22.939323758322097,23.78563490368071,,,22.576535606384276,,,27712511.621093751552000,32008596.80141873,,,,,,,
2025-10-31,,,,,,,22.129999160766600,22.284999847412110,21.819999694824220,22.159999847412110,1140000,,,,,21.399833679199220,,,,,,,,,,,,,,,,,,,,,,,,,,,,,,,,,,,,,,,,,,,,,,,,,,,,,,,,,,,,,,,,,,,,,,,,,,,,,,,,,,,,,,,,,,,,,,,,,,,,,,,,,,,,,,,,,,,,,,,,,,,,,,,,,,,,,,,,,,,,,0.495654671227994,0.3027997393107262,0.27492670828379384,,,,,-0.07493243590472705,,,,,,,,21.330725777586935,22.088436672876693,21.44963136309309,22.212729922606623,22.198356618642787,23.034852159399833,,,,,,,-0.00719432067778174,,-0.3114940128346788,-0.3257941378107567,-0.44532009143492346,-0.46585206659125145,47.34045323641772,47.29168489740887,,21.33223533630371,22.089999771118165,21.20324607122512,21.95642861865816,22.896358853294736,23.73722221737816,,,22.507971153259277,,,25262399.826049805400000,31864210.961320665,,,,,,,
2025-11-03,,,,,,,22.100000381469727,22.179000854492188,21.620000839233400,21.950000762939453,2070200,,,,,21.197038650512695,,,,,,,,,,,,,,,,,,,,,,,,,,,,,,,,,,,,,,,,,,,,,,,,,,,,,,,,,,,,,,,,,,,,,,,,,,,,,,,,,,,,,,,,,,,,,,,,,,,,,,,,,,,,,,,,,,,,,,,,,,,,,,,,,,,,,,,,,,,,,0.5080979844890979,0.3008033961422836,0.2753306138399938,,,,,-0.06796618136077628,,,,,,,,21.28616340189552,22.042291369564282,21.426668389222144,22.188845453545973,22.16706543213872,23.000950553260445,,,,,,,-0.00952166437321065,,-0.2944217039383261,-0.30787742173695776,-0.41514041393560397,-0.4342571376203927,45.035456498659386,44.987300002505606,,21.407559967041017,22.16800003051758,21.137486775716145,21.888333456856863,22.850326750013565,23.68563491579086,,,22.430908584594725,,,45440891.579437255600600,32327534.94683523,,,,,,,
2025-11-04,,,,,,,22.010000228881836,22.104999542236328,21.790000915527344,22.020000457763672,864800,,,,,21.264636993408203,,,,,,,,,,,,,,,,,,,,,,,,,,,,,,,,,,,,,,,,,,,,,,,,,,,,,,,,,,,,,,,,,,,,,,,,,,,,,,,,,,,,,,,,,,,,,,,,,,,,,,,,,,,,,,,,,,,,,,,,,,,,,,,,,,,,,,,,,,,,,0.3383998142235085,0.2854266341204005,0.2750618017516546,,,,,-0.0016586648899927952,,,,,,,,21.278987932399748,22.034861065630743,21.41193826232997,22.173495908474855,22.13886454342839,22.970295862776172,,,,,,,0.0031839723222371738,,-0.27229826985477956,-0.284747512727499,-0.3865719851194391,-0.40435521264181395,45.97964512589331,45.93302685032065,,21.295539093017577,22.052000045776367,21.106216612316313,21.855952489943732,22.80309089781746,23.63277777414473,,,22.36041275024414,,,19042896.395874023545600,32419317.66423725,,,,,,,
2025-11-05,,,,,,,22.209999084472656,22.239999771118164,21.879999160766600,21.930000305175780,968200,,,,,21.177724838256836,,,,,,,,,,,,,,,,,,,,,,,,,,,,,,,,,,,,,,,,,,,,,,,,,,,,,,,,,,,,,,,,,,,,,,,,,,,,,,,,,,,,,,,,,,,,,,,,,,,,,,,,,,,,,,,,,,,,,,,,,,,,,,,,,,,,,,,,,,,,,0.2096388665192287,0.2801023789229004,0.27271220084774794,,,,,-0.010523874907198713,,,,,,,,21.245233567685442,21.99990747881242,21.390646132868774,22.151359944538573,22.10882892764178,22.93778662660116,,,,,,,-0.0040955438333512536,,-0.25879514419051475,-0.2705603025963015,-0.3610166169336542,-0.37759623063271147,44.91142170500973,44.86509597826378,,21.318716049194336,22.076000213623047,21.088282267252605,21.83738109043666,22.748404154701838,23.57214285835387,,,22.287019844055177,,,21232626.295471190196000,32460627.20860981,,,,,,,
2025-11-06,,,,,,,21.989999771118164,22.170000076293945,21.844999313354492,21.889999389648438,915200,,,,,21.139095306396484,,,,,,,,,,,,,,,,,,,,,,,,,,,,,,,,,,,,,,,,,,,,,,,,,,,,,,,,,,,,,,,,,,,,,,,,,,,,,,,,,,,,,,,,,,,,,,,,,,,,,,,,,,,,,,,,,,,,,,,,,,,,,,,,,,,,,,,,,,,,,0.07816431009046143,0.27757323370387055,0.27242371236274227,,,,,-0.057075530903361094,,,,,,,,21.20985414725579,21.963271449091096,21.367777875916747,22.127599894094015,22.078524751977866,22.90504327544639,,,,,,,-0.0018257299323809493,,-0.24834809791603263,-0.2595526149561316,-0.3384829131301299,-0.3539875074973955,44.417481902265386,44.3713179355199,,21.23566589355469,21.99000015258789,21.080004828316824,21.828809647333053,22.69644346691313,23.51436505998884,,,22.214206314086915,,,20033727.441406250457600,32518865.25624896,,,,,,,
2025-11-07,,,,,,,22.030000686645508,22.190000534057617,21.760000228881836,21.840000152587890,1621900,,,,,21.090810775756836,,,,,,,,,,,,,,,,,,,,,,,,,,,,,,,,,,,,,,,,,,,,,,,,,,,,,,,,,,,,,,,,,,,,,,,,,,,,,,,,,,,,,,,,,,,,,,,,,,,,,,,,,,,,,,,,,,,,,,,,,,,,,,,,,,,,,,,,,,,,,0.07266823698729888,0.27403613438027835,0.27134549551961135,,,,,-0.08241909468635514,,,,,,,,21.170173023422805,21.92218101692336,21.34259904862948,22.101454463048004,22.047658690220956,22.871760677857058,,,,,,,-0.0022867468180747573,,-0.24118466982703524,-0.2519590368274294,-0.31902326446951096,-0.33358181336340226,43.769501202419164,43.7235540103742,,21.17386131286621,21.92600021362305,21.082304000854492,21.831190563383558,22.649180578807044,23.46150791834271,,,22.144289894104006,,,35422296.247482298791000,32537451.925195966,,,,,,,
2025-11-10,,,,,,,21.909999847412110,22.280000686645508,21.909999847412110,21.969999313354492,879300,,,,,21.216352462768555,,,,,,,,,,,,,,,,,,,,,,,,,,,,,,,,,,,,,,,,,,,,,,,,,,,,,,,,,,,,,,,,,,,,,,,,,,,,,,,,,,,,,,,,,,,,,,,,,,,,,,,,,,,,,,,,,,,,,,,,,,,,,,,,,,,,,,,,,,,,,0.06665852021195186,0.25268663253803536,0.2673382156283477,,,,,-0.0701478748293882,,,,,,,,21.18556616987139,21.93812044906707,21.33112208627849,22.08950399489405,22.02168037061307,22.843580635216355,,,,,,,0.005934789566798588,,-0.22280903267572683,-0.23276802077566572,-0.2997804181107541,-0.31341905484585497,45.97627242946288,45.9336118601866,,21.177724075317382,21.929999923706056,21.11955233982631,21.86976196652367,22.61377628265865,23.421031709701296,,,22.07746368408203,,,19318220.396232604815600,32001341.820514012,,,,,,,
2025-11-11,,,,,,,22.049999237060547,22.260000228881836,21.840000152587890,21.959999084472656,881100,,,,,21.206693649291992,,,,,,,,,,,,,,,,,,,,,,,,,,,,,,,,,,,,,,,,,,,,,,,,,,,,,,,,,,,,,,,,,,,,,,,,,,,,,,,,,,,,,,,,,,,,,,,,,,,,,,,,,,,,,,,,,,,,,,,,,,,,,,,,,,,,,,,,,,,,,0.06110964885932131,0.2527169645133513,0.2539348366348032,,,,,-0.07719951680312982,,,,,,,,21.19260866301159,21.9454133275356,21.319810410188808,22.077730821219376,21.996212035571787,22.815968711755612,,,,,,,-0.00045535691227571316,,-0.20664353532538726,-0.21587743647753044,-0.28115304155368076,-0.2939107311721901,45.827257511749245,45.78465825101498,,21.166135406494142,21.91799964904785,21.152891794840496,21.90428570338658,22.563192155626083,23.364682485186865,,,22.00889919281006,21.417245512008666,1,19348955.193328857201600,31933876.010697987,,,,,,,
2025-11-12,,,,,,,22.000000000000000,22.219999313354492,21.850000381469727,21.860000610351562,926400,,,,,21.110124588012695,,,,,,,,,,,,,,,,,,,,,,,,,,,,,,,,,,,,,,,,,,,,,,,,,,,,,,,,,,,,,,,,,,,,,,,,,,,,,,,,,,,,,,,,,,,,,,,,,,,,,,,,,,,,,,,,,,,,,,,,,,,,,,,,,,,,,,,,,,,,,0.06288904745288243,0.2506678142337174,0.24977833033899222,,,,,-0.13743251790964375,,,,,,,,21.165113971345292,21.916942421807587,21.300748062718252,22.05793716568594,21.968521802835564,22.786094708586738,,,,,,,-0.0045641063264290965,,-0.1993268623999569,-0.20816101723961822,-0.264787805722936,-0.2767607883856757,44.281926877633275,44.23975507928355,,21.152615356445313,21.903999710083006,21.169906434558687,21.921904790969123,22.503104315863716,23.302460261753627,,,21.966215400695802,21.43059287071228,1,20251104.565429687036800,31886995.47018021,,,,,,,
2025-11-13,,,,,,,21.629999160766600,21.879999160766600,21.549999237060547,21.659999847412110,685700,,,,,21.158967971801758,,,,,,,,,,,,,,,,,,,,,,,,,,,,,,,,,,,,,,,,,,,,,,,,,,,,,,,,,,,,,,,,,,,,,,,,,,,,,,,,,,,,,,,,,,,,,,,,,,,,,,,,,,,,,,,,,,,,,,,,,,,,,,,,,,,,,,,,,,,,,0.064801157101249,0.2506668331344261,0.24778138754696427,,,,,-0.1375245638391959,,,,,,,,21.16306530483078,21.831294897009094,21.287858963544025,22.021761045842865,21.94322324561576,22.75090424417503,,,,,,,0.002311069510635519,,-0.18742655684387088,-0.21569766112258648,-0.24931555594712296,-0.26454816293305783,45.2868700933767,41.24233574725101,,21.156589889526366,21.857999801635742,21.186947595505487,21.92761902582078,22.451149501497785,23.24468249366397,,,21.921225090026855,21.44072974205017,1,14852261.895370483827000,31832398.048703633,,,,,,,
2025-11-14,,,,,,,21.629999160766600,21.639999389648438,21.290000915527344,21.469999313354492,715900,,,,,20.973361968994140,,,,,,,,,,,,,,,,,,,,,,,,,,,,,,,,,,,,,,,,,,,,,,,,,,,,,,,,,,,,,,,,,,,,,,,,,,,,,,,,,,,,,,,,,,,,,,,,,,,,,,,,,,,,,,,,,,,,,,,,,,,,,,,,,,,,,,,,,,,,,0.09153426127468434,0.25122495575548387,0.24717941111837313,,,,,-0.17458470122383501,,,,,,,,21.0998308595519,21.710863035790894,21.259268327675855,21.97160088834392,21.912915080721334,22.71087596508689,,,,,,,-0.00881067834382421,,-0.19077321730915742,-0.23430108384890502,-0.23760708821952986,-0.2584987471162273,42.17399874422415,38.56884159868716,,21.13310012817383,21.783999633789062,21.186873027256556,21.915714263916016,22.393029561118475,23.180555495004807,,,21.880827674865724,21.443869495391844,1,15370372.508430480822800,31795478.76853943,,,,,,,
2025-11-17,,,,,,,21.500000000000000,21.549999237060547,21.159999847412110,21.180000305175780,1962100,,,,,20.690071105957030,,,,,,,,,,,,,,,,,,,,,,,,,,,,,,,,,,,,,,,,,,,,,,,,,,,,,,,,,,,,,,,,,,,,,,,,,,,,,,,,,,,,,,,,,,,,,,,,,,,,,,,,,,,,,,,,,,,,,,,,,,,,,,,,,,,,,,,,,,,,,0.10126165728005501,0.24275716450367638,0.24706483581341337,,,,,-0.2681001289899245,,,,,,,,20.963244275020276,21.53390879225252,21.207523125701414,21.899637198965,21.874701206509947,22.663036100714667,,,,,,,-0.013599226375501327,,-0.21381989230560805,-0.2693401412373575,-0.2328496490367455,-0.2606670259404533,37.892752108691106,34.854968551835654,,21.027843856811522,21.62599983215332,21.151695251464844,21.867619014921644,22.335931202721973,23.117539632888068,,,21.840944900512696,21.44694666862488,1,41557278.598785397938000,32011879.30857643,,,,,,,
2025-11-18,,,,,,,21.229999542236328,21.600000381469727,21.110000610351562,21.559999465942383,764200,,,,,21.061281204223633,,,,,,,,,,,,,,,,,,,,,,,,,,,,,,,,,,,,,,,,,,,,,,,,,,,,,,,,,,,,,,,,,,,,,,,,,,,,,,,,,,,,,,,,,,,,,,,,,,,,,,,,,,,,,,,,,,,,,,,,,,,,,,,,,,,,,,,,,,,,,0.19368932105764533,0.2516755247561691,0.24720988242838476,,,,,-0.2307000756088671,,,,,,,,20.995923251421395,21.542605683482474,21.19422840556707,21.86876104141749,21.8492818314385,22.62856620587803,,,,,,,0.017782412281265026,,-0.19982750855443143,-0.26340966749208405,-0.22624522094028268,-0.26121555425077947,45.67487522539087,42.64805380046205,,20.99876136779785,21.545999908447264,21.138332821073988,21.841904685610817,22.27798053196498,23.053571368020677,,,21.811576538085937,21.450385961532593,1,16476151.591873169088600,31731872.378234256,,,,,,,
2025-11-19,,,,,,,21.540000915527344,21.639999389648438,21.329999923706055,21.409999847412110,677100,,,,,20.914751052856445,,,,,,,,,,,,,,,,,,,,,,,,,,,,,,,,,,,,,,,,,,,,,,,,,,,,,,,,,,,,,,,,,,,,,,,,,,,,,,,,,,,,,,,,,,,,,,,,,,,,,,,,,,,,,,,,,,,,,,,,,,,,,,,,,,,,,,,,,,,,,0.1969294491261467,0.2522042934025643,0.24692630861031384,,,,,-0.2242979982379149,,,,,,,,20.968865851899746,21.49840373812569,21.168821373502468,21.82705547832609,21.82007774460781,22.590486007175972,,,,,,,-0.006981638744031952,,-0.19827659309144252,-0.26772724689074323,-0.22065149537051465,-0.26251789277877224,43.36500736490082,40.58420728292661,,20.9596866607666,21.455999755859374,21.123051143827894,21.814285641624814,22.215864575098433,22.98531741187686,,,21.763247032165527,21.454679908752443,1,14496710.896682739681000,31720998.67088984,,,,,,,
2025-11-20,,,,,,,21.409999847412110,21.610000610351562,21.110000610351562,21.319999694824220,780900,,,,,20.826831817626953,,,,,,,,,,,,,,,,,,,,,,,,,,,,,,,,,,,,,,,,,,,,,,,,,,,,,,,,,,,,,,,,,,,,,,,,,,,,,,,,,,,,,,,,,,,,,,,,,,,,,,,,,,,,,,,,,,,,,,,,,,,,,,,,,,,,,,,,,,,,,0.19364377512316988,0.25070742617011527,0.24580661147011296,,,,,-0.20433147408179345,,,,,,,,20.921521173808813,21.438935723691866,21.13773141387742,21.78095949800774,21.78903880938966,22.55078330991498,,,,,,,-0.004212555403918747,,-0.20181542631576477,-0.27523844238798034,-0.21688428155956468,-0.26506200270061386,41.99278029292263,39.35365236899742,,20.89325942993164,21.387999725341796,21.112779889787948,21.79190463111514,22.148827507382347,22.911984065222363,,,21.706206092834474,21.460168237686158,1,16648787.761688233398000,31613705.51660023,,,,,,,
2025-11-21,,,,,,,21.329999923706055,21.780000686645508,21.329999923706055,21.530000686645508,716900,,,,,21.031976699829100,,,,,,,,,,,,,,,,,,,,,,,,,,,,,,,,,,,,,,,,,,,,,,,,,,,,,,,,,,,,,,,,,,,,,,,,,,,,,,,,,,,,,,,,,,,,,,,,,,,,,,,,,,,,,,,,,,,,,,,,,,,,,,,,,,,,,,,,,,,,,0.20424518323903007,0.25215818539302076,0.24662262793716683,,,,,-0.20508353477842944,,,,,,,,20.958339682482244,21.469290711343078,21.12811734896394,21.758145060611174,21.765380618465894,22.518883852937808,,,,,,,0.009801832967657067,,-0.1859232916427338,-0.2612344458671565,-0.2106920835761985,-0.26429649133392236,46.26547116068145,43.64725447153806,,20.904982376098634,21.4,21.11871555873326,21.786190396263486,22.08918541196793,22.846269789196196,,,21.655006294250487,21.46868975639343,1,15434857.492256164685200,31578452.04739041,,,,,,,
2025-11-24,,,,,,,21.479999542236328,21.584999084472656,21.100000381469727,21.129999160766600,1004700,,,,,20.641227722167970,,,,,,,,,,,,,,,,,,,,,,,,,,,,,,,,,,,,,,,,,,,,,,,,,,,,,,,,,,,,,,,,,,,,,,,,,,,,,,,,,,,,,,,,,,,,,,,,,,,,,,,,,,,,,,,,,,,,,,,,,,,,,,,,,,,,,,,,,,,,,0.22858157568901818,0.2597730565589129,0.24850368442582002,,,,,-0.21871362145658846,,,,,,,,20.85263569571082,21.356193527817585,21.08385465561885,21.701040887898028,21.73025084045658,22.47548120630746,,,,,,,-0.01875355807564653,,-0.20252426364517362,-0.27919457663044867,-0.20905851958999352,-0.26727610839322763,40.19268135834855,38.11237528502275,,20.89521369934082,21.389999771118163,21.11248207092285,21.76809510730562,22.022421246483212,22.77325391012525,,,21.60642105102539,21.4732967376709,1,21229310.156822203020000,31585836.182727512,,,,,,,
2025-11-25,,,,,,,21.280000686645508,21.450000762939453,21.204999923706055,21.350000381469727,1008100,,,,,20.856138229370117,,,,,,,,,,,,,,,,,,,,,,,,,,,,,,,,,,,,,,,,,,,,,,,,,,,,,,,,,,,,,,,,,,,,,,,,,,,,,,,,,,,,,,,,,,,,,,,,,,,,,,,,,,,,,,,,,,,,,,,,,,,,,,,,,,,,,,,,,,,,,0.19480831326634881,0.2622749211433205,0.24992399160396542,,,,,-0.22395773853767953,,,,,,,,20.853803206930586,21.354129145701634,21.06315316232351,21.669128114586364,21.70293482136013,22.440309930531278,,,,,,,0.010357882900442202,,-0.1960788962503912,-0.27253424464667475,-0.20646259492207306,-0.26832773564391704,44.50701592911237,42.43602143476598,,20.854185104370117,21.34799995422363,21.114183153424943,21.758095150902157,21.960141348460365,22.704841220189653,,,21.557691802978514,21.47832468032837,1,21522935.384559631788700,31596985.571749248,,,,,,,
2025-11-26,,,,,,,21.440000534057617,21.530000686645508,21.344999313354492,21.399999618530273,616900,,,,,20.904983520507812,,,,,,,,,,,,,,,,,,,,,,,,,,,,,,,,,,,,,,,,,,,,,,,,,,,,,,,,,,,,,,,,,,,,,,,,,,,,,,,,,,,,,,,,,,,,,,,,,,,,,,,,,,,,,,,,,,,,,,,,,,,,,,,,,,,,,,,,,,,,,0.19086278418602914,0.19945528180960628,0.2499095691188755,,,,,-0.2884357878528019,,,,,,,,20.870863311456326,21.36941930331118,21.04877410397663,21.644661887672175,21.677998843208496,22.407800233281247,,,,,,,0.0023392720964005463,,-0.18489809918366262,-0.2602216893423446,-0.20214969577439096,-0.2667065263836026,45.469837948979205,43.403757438230436,,20.852231597900392,21.345999908447265,21.070385160900297,21.70095225742885,21.901702487279497,22.640396784222315,,,21.505883560180663,21.48359684944153,1,13201659.764671325413700,31512250.467485096,,,,,,,
2025-11-28,,,,,,,21.489999771118164,21.645000457763672,21.334999084472656,21.610000610351562,403200,,,,,21.110126495361328,,,,,,,,,,,,,,,,,,,,,,,,,,,,,,,,,,,,,,,,,,,,,,,,,,,,,,,,,,,,,,,,,,,,,,,,,,,,,,,,,,,,,,,,,,,,,,,,,,,,,,,,,,,,,,,,,,,,,,,,,,,,,,,,,,,,,,,,,,,,,0.19753760169743934,0.16168209847684079,0.25111368788381777,,,,,-0.21856210404143098,,,,,,,,20.95061770609133,21.44961307232464,21.05435159410251,21.64151086246121,21.660252832338273,22.382868995064694,,,,,,,0.009765277538833777,,-0.1576664328418218,-0.23085739521967596,-0.19325304318787714,-0.25953670015081726,49.437673070724436,47.40327365417859,,20.908890533447266,21.404000091552735,21.072684515090216,21.691428502400715,21.846979686192103,22.579761868431454,,,21.465324325561525,21.488774299621582,0,8713152.246093749798400,31182723.195935808,,,,,,,
2025-12-01,,,,,,,21.559999465942383,21.799999237060547,21.510000228881836,21.649999618530273,1046500,,,,,21.149198532104492,,,,,,,,,,,,,,,,,,,,,,,,,,,,,,,,,,,,,,,,,,,,,,,,,,,,,,,,,,,,,,,,,,,,,,,,,,,,,,,,,,,,,,,,,,,,,,,,,,,,,,,,,,,,,,,,,,,,,,,,,,,,,,,,,,,,,,,,,,,,,0.18733526100659495,0.13870582391464933,0.25101108016640344,,,,,-0.26438184078828075,,,,,,,,21.016811314762382,21.516408587726517,21.06297404301178,21.642282567558397,21.644282385455966,22.359966827047995,,,,,,,0.0018491562679374812,,-0.13141745562193563,-0.20202952429769283,-0.18088592567468884,-0.24803526498019235,50.181212607274084,48.154794485442245,,20.932334899902344,21.427999877929686,21.05339177449544,21.65952373686291,21.791650802370103,22.518492017473495,,,21.425546531677245,21.495641040802003,0,22656724.600791930694500,30898570.421918232,,,,,,,
2025-12-02,,,,,,,21.629999160766600,21.674999237060547,21.209999084472656,21.420000076293945,1494000,,,,,20.924520492553710,,,,,,,,,,,,,,,,,,,,,,,,,,,,,,,,,,,,,,,,,,,,,,,,,,,,,,,,,,,,,,,,,,,,,,,,,,,,,,,,,,,,,,,,,,,,,,,,,,,,,,,,,,,,,,,,,,,,,,,,,,,,,,,,,,,,,,,,,,,,,0.1348036014448444,0.14120110505721822,0.2248030283410799,,,,,-0.29190515942841533,,,,,,,,20.986047707359493,21.484272417248995,21.050387356606503,21.62207506835254,21.62178982630277,22.33059286608693,,,,,,,-0.010680309727248705,,-0.1272774173013218,-0.1954887966107428,-0.17016422400001543,-0.23752597130630246,45.99282948658434,44.24040666212348,,20.988993453979493,21.486000061035156,21.030757813226607,21.624285652523948,21.75482868012928,22.476428531465075,,,21.38030948638916,21.501150960922242,0,32001480.113983153830000,30718243.051501684,,,,,,,
2025-12-03,,,,,,,21.379999160766600,21.829999923706055,21.299999237060547,21.739999771118164,1163500,,,,,21.237117767333984,,,,,,,,,,,,,,,,,,,,,,,,,,,,,,,,,,,,,,,,,,,,,,,,,,,,,,,,,,,,,,,,,,,,,,,,,,,,,,,,,,,,,,,,,,,,,,,,,,,,,,,,,,,,,,,,,,,,,,,,,,,,,,,,,,,,,,,,,,,,,0.15322732087915564,0.14787369623147428,0.22656259722915964,,,,,-0.2854545244570772,,,,,,,,21.06973772735099,21.569514868538718,21.06736284849082,21.632795495876685,21.609768824459994,22.312136831869157,,,,,,,0.014828788245563919,,-0.09764680789613323,-0.16260946112518226,-0.155660740779239,-0.2225426692700784,51.99613812562105,50.294337567604245,,21.065189361572266,21.563999938964844,21.03266634259905,21.614285605294363,21.72036255730523,22.436745991782537,,,21.33939296722412,21.507243471145628,0,25294489.733695983814000,30462492.60903616,,,,,,,
2025-12-04,,,,,,,21.809999465942383,22.254999160766600,21.780000686645508,22.049999237060547,1045100,,,,,21.539947509765625,,,,,,,,,,,,,,,,,,,,,,,,,,,,,,,,,,,,,,,,,,,,,,,,,,,,,,,,,,,,,,,,,,,,,,,,,,,,,,,,,,,,,,,,,,,,,,,,,,,,,,,,,,,,,,,,,,,,,,,,,,,,,,,,,,,,,,,,,,,,,0.16914937370608968,0.1554595553165256,0.22622929596748154,,,,,-0.29549585025610364,,,,,,,,21.2264743214892,21.72967632471266,21.110325090424894,21.670723108711584,21.607586908375797,22.303945032031386,,,,,,,0.014158746023295218,,-0.04916180047135654,-0.1102668965969329,-0.1343609527176625,-0.2000875147354493,56.98454419613263,55.35164536229808,,21.19218215942383,21.6939998626709,21.0457763671875,21.615714118594216,21.697294537983243,22.408809480212984,,,21.305112457275392,21.514710092544554,0,23044454.202651977669700,26663303.991387382,,,,,,,
2025-12-05,,,,,,,22.020000457763672,22.065000534057617,21.700000762939453,21.930000305175780,752600,,,,,21.422723770141600,,,,,,,,,,,,,,,,,,,,,,,,,,,,,,,,,,,,,,,,,,,,,,,,,,,,,,,,,,,,,,,,,,,,,,,,,,,,,,,,,,,,,,,,,,,,,,,,,,,,,,,,,,,,,,,,,,,,,,,,,,,,,,,,,,,,,,,,,,,,,0.18176419524626453,0.15604950404387483,0.2249897690485596,,,,,-0.2540517838506272,,,,,,,,21.291890804373335,21.796450984867032,21.13872497039914,21.6942937629356,21.60180993530598,22.29225925931715,,,,,,,-0.0054570177799721925,,-0.01996590436244361,-0.07757372640067928,-0.11148194304661872,-0.1755847570684953,54.61847772410943,53.09945695918278,,21.254701614379883,21.75799980163574,21.057442982991535,21.615714118594216,21.677270949832977,22.384047583928183,,,21.277758178710936,21.522384243011473,0,16504518.229675292028000,26333407.048419166,,,,,,,
2025-12-08,,,,,,,21.930000305175780,21.950000762939453,21.530000686645508,21.579999923706055,649700,,,,,21.080820083618164,,,,,,,,,,,,,,,,,,,,,,,,,,,,,,,,,,,,,,,,,,,,,,,,,,,,,,,,,,,,,,,,,,,,,,,,,,,,,,,,,,,,,,,,,,,,,,,,,,,,,,,,,,,,,,,,,,,,,,,,,,,,,,,,,,,,,,,,,,,,,0.2274208772586903,0.16626988999834236,0.22673499333963415,,,,,-0.24903569435925121,,,,,,,,21.221533897454943,21.724300631146708,21.133460889782686,21.683903413914734,21.585529002440733,22.270001155079303,,,,,,,-0.016088590758877298,,-0.024138463266311305,-0.0789956465476358,-0.09401324709055724,-0.1562669349643234,48.316995977372734,47.08209934152931,,21.241025924682617,21.743999862670897,21.054667972383044,21.600952239263627,21.654272866627526,22.356269806150404,,,21.248394317626953,21.529282569885254,0,14020525.950431823933500,25251734.02015141,,,,,,,
2025-12-09,,,,,,,21.579999923706055,21.780000686645508,21.370000839233400,21.610000610351562,692800,,,,,21.110126495361328,,,,,,,,,,,,,,,,,,,,,,,,,,,,,,,,,,,,,,,,,,,,,,,,,,,,,,,,,,,,,,,,,,,,,,,,,,,,,,,,,,,,,,,,,,,,,,,,,,,,,,,,,,,,,,,,,,,,,,,,,,,,,,,,,,,,,,,,,,,,,0.20929636290433443,0.16615708017708633,0.21468307844964102,,,,,-0.20105132396177652,,,,,,,,21.18439809675707,21.686200624214994,21.131339581198926,21.67718497722717,21.570672674094503,22.24937613805656,,,,,,,0.0013892277293014396,,-0.024794646504737727,-0.07681623409221672,-0.08016952697339333,-0.14037679478990206,48.86161604192347,47.629929906223836,,21.27814712524414,21.78199996948242,21.055587768554688,21.589999880109513,21.61901731339712,22.315793627784366,,,21.2188440322876,21.535206985473632,0,14971408.422851562153600,24392166.287761264,,,,,,,
2025-12-10,,,,,,,21.610000610351562,21.829999923706055,21.489999771118164,21.719999313354492,905000,,,,,21.217580795288086,,,,,,,,,,,,,,,,,,,,,,,,,,,,,,,,,,,,,,,,,,,,,,,,,,,,,,,,,,,,,,,,,,,,,,,,,,,,,,,,,,,,,,,,,,,,,,,,,,,,,,,,,,,,,,,,,,,,,,,,,,,,,,,,,,,,,,,,,,,,,0.18040996874090273,0.16580016027833258,0.21253927238933687,,,,,-0.1524232722515427,,,,,,,,21.19545899626741,21.69746685392816,21.139179691570668,21.681077189602384,21.5596385528818,22.23283311228462,,,,,,,0.005077266766388412,,-0.01645433712183575,-0.06545849322129627,-0.06742648900308182,-0.12539313447618092,50.90445354588887,49.68661700925227,,21.27423973083496,21.777999877929688,21.055646260579426,21.578095118204754,21.57994909135122,22.271349165174698,,,21.18970458984375,21.540454845428467,0,19656599.378585815260000,23506743.525383964,,,,,,,
2025-12-11,,,,,,,21.840000152587890,22.235000610351562,21.790000915527344,22.110000610351562,790900,,,,,21.598560333251953,,,,,,,,,,,,,,,,,,,,,,,,,,,,,,,,,,,,,,,,,,,,,,,,,,,,,,,,,,,,,,,,,,,,,,,,,,,,,,,,,,,,,,,,,,,,,,,,,,,,,,,,,,,,,,,,,,,,,,,,,,,,,,,,,,,,,,,,,,,,,0.19947163328137482,0.17685181876313172,0.21605471245177324,,,,,-0.11463811242387707,,,,,,,,21.32982610859559,21.834978106069293,21.18094156808715,21.720070227852307,21.56085485851837,22.228994596599215,,,,,,,0.017796540420911243,,0.020659137213705492,-0.02470279798396291,-0.049809363759724355,-0.1052550671777373,57.401859466282474,56.247353140573644,,21.285962295532226,21.79000015258789,21.074306578863236,21.58523804800851,21.548307721576993,22.23452377319336,,,21.169729804992677,21.552276134490967,0,17486799.482727050385800,23238824.764327396,,,,,,,
2025-12-12,,,,,,,22.200000762939453,22.549999237060547,22.149999618530273,22.530000686645508,1181000,,,,,22.008844375610350,,,,,,,,,,,,,,,,,,,,,,,,,,,,,,,,,,,,,,,,,,,,,,,,,,,,,,,,,,,,,,,,,,,,,,,,,,,,,,,,,,,,,,,,,,,,,,,,,,,,,,,,,,,,,,,,,,,,,,,,,,,,,,,,,,,,,,,,,,,,,0.2261295119317456,0.18610232508603286,0.215517631693505,,,,,-0.01134593618114898,,,,,,,,21.556165530933843,22.066652299594697,21.256205459680167,21.79370026956078,21.574854530927492,22.23840103691316,,,,,,,0.018817728413809867,,0.08223042518935841,0.04101409523094901,-0.023401405969907804,-0.07600123469600005,63.07004818007668,61.994858749884756,,21.403186416625978,21.910000228881835,21.117102759225027,21.617142813546316,21.53145620557997,22.212936492193315,,,21.16259605407715,21.564234743118288,0,26607930.810928344948000,23148903.028382197,,,,,,,
2025-12-15,,,,,,,22.629999160766600,22.680000305175780,22.420000076293945,22.620000839233400,654200,,,,,22.096763610839844,,,,,,,,,,,,,,,,,,,,,,,,,,,,,,,,,,,,,,,,,,,,,,,,,,,,,,,,,,,,,,,,,,,,,,,,,,,,,,,,,,,,,,,,,,,,,,,,,,,,,,,,,,,,,,,,,,,,,,,,,,,,,,,,,,,,,,,,,,,,,0.13074953225229477,0.18622976846381645,0.21471675800247308,,,,,0.019164548243218792,,,,,,,,21.73636489090251,22.251101812807597,21.33261983705832,21.868818503167383,21.591164189674753,22.250326030735668,,,,,,,0.003986765207166951,,0.13654643965936586,0.09921379188518742,0.00858816315594693,-0.040958229379762554,64.1702722121783,63.11307571444923,,21.60637512207031,22.118000411987303,21.161759694417317,21.66285714649019,21.512474665566096,22.18912696838379,,,21.15297164916992,21.57742660522461,0,14798004.549026490280000,22807668.540860735,,,,,,,
2025-12-16,,,,,,,22.610000610351562,22.968999862670900,22.600000381469727,22.700000762939453,788000,,,,,22.174911499023438,,,,,,,,,,,,,,,,,,,,,,,,,,,,,,,,,,,,,,,,,,,,,,,,,,,,,,,,,,,,,,,,,,,,,,,,,,,,,,,,,,,,,,,,,,,,,,,,,,,,,,,,,,,,,,,,,,,,,,,,,,,,,,,,,,,,,,,,,,,,,0.12313272304284703,0.18200778824921554,0.21403705663434044,,,,,-0.0008764104667736445,,,,,,,,21.882547093609485,22.400734796184885,21.409191806327875,21.944380526783025,21.6094062930919,22.264378366117036,,,,,,,0.0035303823113376903,,0.18377965643929528,0.15006296361209337,0.0436264618126166,-0.002753990781391367,65.16373587904923,64.12354758496437,,21.819332122802734,22.336000442504883,21.218976338704426,21.72142864408947,21.491514599512495,22.163253965831938,,,21.158043670654298,21.590869150161744,0,17887600.601196288964000,22534094.139453344,,,,,,,
2025-12-17,,,,,,,22.700000762939453,22.870000839233400,22.614999771118164,22.790000915527344,727300,,,,,22.262830734252930,,,,,,,,,,,,,,,,,,,,,,,,,,,,,,,,,,,,,,,,,,,,,,,,,,,,,,,,,,,,,,,,,,,,,,,,,,,,,,,,,,,,,,,,,,,,,,,,,,,,,,,,,,,,,,,,,,,,,,,,,,,,,,,,,,,,,,,,,,,,,0.1260851486407024,0.17214913653638075,0.2122284830939981,,,,,0.11280967724524948,,,,,,,,22.0093083071573,22.530490169299036,21.486795345230153,22.021255107577964,21.629825806878184,22.280804070786107,,,,,,,0.003956967457297265,,0.22570488314912396,0.19537143837822413,0.08004214607991807,0.03687109505053173,66.29598365261711,65.2759920004883,,22.028382110595704,22.550000762939455,21.293869654337566,21.7980953398205,21.477621623447963,22.14468256632487,,,21.17221336364746,21.609886655807497,0,16575167.665863037291200,22081244.447220698,,,,,,,
2025-12-18,,,,,,,22.729999542236328,22.909999847412110,22.709999084472656,22.809999465942383,570500,,,,,22.282365798950195,,,,,,,,,,,,,,,,,,,,,,,,,,,,,,,,,,,,,,,,,,,,,,,,,,,,,,,,,,,,,,,,,,,,,,,,,,,,,,,,,,,,,,,,,,,,,,,,,,,,,,,,,,,,,,,,,,,,,,,,,,,,,,,,,,,,,,,,,,,,,0.11353081311336609,0.1642422572361544,0.21224601364387533,,,,,0.0778568219684657,,,,,,,,22.100327471088267,22.62365993484682,21.559119931931974,22.092959140156548,21.650217681630433,22.297341426884742,,,,,,,0.0008770896738571027,,0.25753850031188463,0.2302384019645345,0.11554141692631138,0.07554455643333229,66.55608502694251,65.54087536943175,,22.16514320373535,22.690000534057617,21.352016539800736,21.85761914934431,21.464038727775453,22.126428604125977,,,21.191602249145507,21.62638747215271,0,13013104.695320129501500,21837733.99926443,,,,,,,
2025-12-19,,,,,,,22.840000152587890,22.840000152587890,22.620000839233400,22.780000686645508,1235400,,,,,22.253061294555664,,,,,,,,,,,,,,,,,,,,,,,,,,,,,,,,,,,,,,,,,,,,,,,,,,,,,,,,,,,,,,,,,,,,,,,,,,,,,,,,,,,,,,,,,,,,,,,,,,,,,,,,,,,,,,,,,,,,,,,,,,,,,,,,,,,,,,,,,,,,,0.03736545562104878,0.16118543047721395,0.2121802649635968,,,,,0.12425509757356186,,,,,,,,22.1512387455774,22.675773518779714,21.62220551035231,22.155417462564635,21.669056544534346,22.312424528752267,,,,,,,-0.0013160088736693593,,0.2772067755126386,0.2525389591100158,0.14787448864357683,0.11094343696866898,65.73654144863136,64.74305017108308,,22.213986587524413,22.740000534057618,21.41574559892927,21.9228572845459,21.44922426011827,22.106904801868257,,,21.215812911987303,21.645356130599975,0,28142412.848281860583200,21998567.51794058,,,,,,,
2025-12-22,,,,,,,22.700000762939453,22.930000305175780,22.590000152587890,22.700000762939453,544400,,,,,22.174911499023438,,,,,,,,,,,,,,,,,,,,,,,,,,,,,,,,,,,,,,,,,,,,,,,,,,,,,,,,,,,,,,,,,,,,,,,,,,,,,,,,,,,,,,,,,,,,,,,,,,,,,,,,,,,,,,,,,,,,,,,,,,,,,,,,,,,,,,,,,,,,,0.05051630334823568,0.16081390684490565,0.212028466986407,,,,,0.1221536679636845,,,,,,,,22.159129663392743,22.68384926683296,21.672451509322414,22.20492503532598,21.68486451186213,22.324536286070614,,,,,,,-0.0035180482574849697,,0.2832231695390064,0.26075120843992394,0.17494422482266275,0.14090499126291997,63.491232086373174,62.5561147817523,,22.229616165161133,22.756000518798828,21.47993986947196,21.988571621122816,21.431636446998233,22.084523851909335,,,21.250628395080568,21.66612825393677,0,12357880.415344238213200,21909843.64430564,,,,,,,
2025-12-23,,,,,,,22.780000686645508,22.780000686645508,22.440000534057617,22.530000686645508,742700,,,,,22.008844375610350,,,,,,,,,,,,,,,,,,,,,,,,,,,,,,,,,,,,,,,,,,,,,,,,,,,,,,,,,,,,,,,,,,,,,,,,,,,,,,,,,,,,,,,,,,,,,,,,,,,,,,,,,,,,,,,,,,,,,,,,,,,,,,,,,,,,,,,,,,,,,0.06907756397361602,0.16274540036114069,0.21245575208844578,,,,,0.10700073860687266,,,,,,,,22.10903456746528,22.632566406770476,21.703032678984954,22.23447736726412,21.694988882604264,22.33095704858858,,,,,,,-0.007517147518504661,,0.2714617342784038,0.250652523527485,0.19424772671381096,0.162854497715833,58.88825786347127,58.06742500871664,,22.196402740478515,22.722000503540038,21.526457377842494,22.036190668741863,21.41187250046503,22.05992068941631,,,21.28067398071289,21.689291315078734,0,16733031.509971618791600,21941565.542030334,,,,,,,
2025-12-24,,,,,,,22.590000152587890,22.600000381469727,22.340000152587890,22.459999084472656,399800,,,,,21.940462112426758,,,,,,,,,,,,,,,,,,,,,,,,,,,,,,,,,,,,,,,,,,,,,,,,,,,,,,,,,,,,,,,,,,,,,,,,,,,,,,,,,,,,,,,,,,,,,,,,,,,,,,,,,,,,,,,,,,,,,,,,,,,,,,,,,,,,,,,,,,,,,0.049261439892824464,0.14552576272036455,0.20888075083423496,,,,,0.15951625886337698,,,,,,,,22.052843749119106,22.575043966004536,21.72461717293421,22.254979341555806,21.702659921036215,22.33498961220996,,,,,,,-0.0031118724653942235,,0.25369835820171005,0.23429983604637883,0.20613785301139076,0.17714356538194215,57.05402051435761,56.27672759515685,,22.131929016113283,22.6560001373291,21.588325682140532,22.09952399844215,21.398380824497767,22.041825430733816,,,21.30442687988281,21.70907793045044,0,8979507.633972167868800,21801122.166567,,,,,,,
2025-12-26,,,,,,,22.520000457763672,22.569999694824220,22.405000686645508,22.440000534057617,466100,,,,,21.920927047729492,,,,,,,,,,,,,,,,,,,,,,,,,,,,,,,,,,,,,,,,,,,,,,,,,,,,,,,,,,,,,,,,,,,,,,,,,,,,,,,,,,,,,,,,,,,,,,,,,,,,,,,,,,,,,,,,,,,,,,,,,,,,,,,,,,,,,,,,,,,,,0.04170166909900674,0.14347123346362056,0.2078824770999685,,,,,0.13775739253761854,,,,,,,,22.008871515322568,22.530029488688896,21.742463525188324,22.271799449965062,21.70948076874538,22.338271203517696,,,,,,,-0.000890763669961555,,0.23533168109224434,0.21722249184947628,0.21197661862756148,0.18515935067544897,56.51248456210689,55.74780438331727,,22.05964126586914,22.58200035095215,21.639029911586217,22.151428767613,21.388411204020183,22.027380988711403,,,21.326823348999024,21.728440074920655,0,10459284.248924255283700,21622192.625200182,,,,,,,
2025-12-29,,,,,,,22.399999618530273,22.639999389648438,22.354999542236328,22.610000610351562,674700,,,,,22.086994171142578,,,,,,,,,,,,,,,,,,,,,,,,,,,,,,,,,,,,,,,,,,,,,,,,,,,,,,,,,,,,,,,,,,,,,,,,,,,,,,,,,,,,,,,,,,,,,,,,,,,,,,,,,,,,,,,,,,,,,,,,,,,,,,,,,,,,,,,,,,,,,0.08877646712647415,0.14458659542138053,0.20845576554326287,,,,,0.18352912967934681,,,,,,,,22.034912400595903,22.55668652924312,21.77378449300235,22.3025450100002,21.721278062570292,22.346762747481254,,,,,,,0.00754718273790897,,0.23150751165092487,0.21492859587991475,0.21588279723223416,0.19111319971634214,59.98921931197746,59.253612811186656,,22.026427841186525,22.54800033569336,21.695316133045015,22.209047862461635,21.380464432731507,22.01500005570669,,,21.34906467437744,21.750266551971436,0,15254967.411804198881400,21545971.084488764,,,,,,,
2025-12-30,,,,,,,22.530000686645508,22.600000381469727,22.200000762939453,22.290000915527344,883600,,,,,21.774396896362305,,,,,,,,,,,,,,,,,,,,,,,,,,,,,,,,,,,,,,,,,,,,,,,,,,,,,,,,,,,,,,,,,,,,,,,,,,,,,,,,,,,,,,,,,,,,,,,,,,,,,,,,,,,,,,,,,,,,,,,,,,,,,,,,,,,,,,,,,,,,,0.12815206114106328,0.15330676312705407,0.2101100486003349,,,,,0.132615057853922,,,,,,,,21.948073899184706,22.467791324671193,21.77384016603507,22.30140463777539,21.722938026126293,22.344988940232696,,,,,,,-0.01425411095903192,,0.20093657052039404,0.18515501402741918,0.21289355188986614,0.18992156257855755,51.622881226470014,51.054408029548114,,21.9463249206543,22.466000366210938,21.726948056902206,22.24142882937477,21.36617624192011,21.996111188616073,,,21.35597652435303,21.77034327507019,0,19695444.808959961158400,21245172.88706643,,,,,,,
2025-12-31,,,,,,,22.280000686645508,22.409999847412110,22.249000549316406,22.329999923706055,734100,,,,,21.813468933105470,,,,,,,,,,,,,,,,,,,,,,,,,,,,,,,,,,,,,,,,,,,,,,,,,,,,,,,,,,,,,,,,,,,,,,,,,,,,,,,,,,,,,,,,,,,,,,,,,,,,,,,,,,,,,,,,,,,,,,,,,,,,,,,,,,,,,,,,,,,,,0.12747368525481054,0.15330515579382667,0.21008906530313837,,,,,0.13741595416855829,,,,,,,,21.903205577158293,22.421860857682812,21.77744278122329,22.304004209223635,21.725767116969394,22.344520533466238,,,,,,,0.0017927946902097681,,0.17781196065096694,0.16290890908000577,0.2058772336420863,0.1845190318788472,52.51431776043138,51.949442316340075,,21.90724983215332,22.42600021362305,21.758579980759393,22.2738097962879,21.353734485686772,21.979127066476003,,,21.365408058166505,21.78818772315979,0,16392452.943992614975500,20974561.99006883,,,,,,,
2026-01-02,,,,,,,22.350000381469727,22.440000534057617,22.040000915527344,22.149999618530273,1212600,,,,,21.637634277343750,,,,,,,,,,,,,,,,,,,,,,,,,,,,,,,,,,,,,,,,,,,,,,,,,,,,,,,,,,,,,,,,,,,,,,,,,,,,,,,,,,,,,,,,,,,,,,,,,,,,,,,,,,,,,,,,,,,,,,,,,,,,,,,,,,,,,,,,,,,,,0.13540378417170046,0.1509653803393325,0.20971753840157092,,,,,0.11586048471186004,,,,,,,,21.814681810553445,22.331240444631966,21.76473291723424,22.290003791887873,21.72301296573109,22.338441754874488,,,,,,,-0.008093493725174131,,0.14364134549990126,0.12926411408917815,0.1934300560136493,0.1734680483209134,48.20903230559939,47.72042832173381,,21.84668426513672,22.36400032043457,21.79253778003511,22.308571679251536,21.342180554828946,21.963095316811213,,,21.37344741821289,21.802958812713623,0,26859089.537429809039800,20969091.41414279,,,,,,,
2026-01-05,,,,,,,22.139999389648438,22.239999771118164,21.680000305175780,21.700000762939453,937700,,,,,21.198045730590820,,,,,,,,,,,,,,,,,,,,,,,,,,,,,,,,,,,,,,,,,,,,,,,,,,,,,,,,,,,,,,,,,,,,,,,,,,,,,,,,,,,,,,,,,,,,,,,,,,,,,,,,,,,,,,,,,,,,,,,,,,,,,,,,,,,,,,,,,,,,,0.18190867191542182,0.16124469141348124,0.21247229647234656,,,,,0.018628269472958883,,,,,,,,21.609136450565902,22.12082721740113,21.713215900266658,22.236367152892562,21.706607739632958,22.31849047387652,,,,,,,-0.02052513134326185,,0.08016566499384936,0.0655337920510668,0.17077717780968932,0.15188119706694406,39.49214348413963,39.141734779621125,,21.702108001708986,22.216000366210938,21.790677206856863,22.30666696457636,21.320276775057355,21.93642867557586,,,21.376557769775392,21.816605701446534,0,20348090.715408325078100,20690951.22485388,,,,,,,
2026-01-06,,,,,,,21.700000762939453,21.870000839233400,21.610000610351562,21.719999313354492,1081100,,,,,21.217580795288086,,,,,,,,,,,,,,,,,,,,,,,,,,,,,,,,,,,,,,,,,,,,,,,,,,,,,,,,,,,,,,,,,,,,,,,,,,,,,,,,,,,,,,,,,,,,,,,,,,,,,,,,,,,,,,,,,,,,,,,,,,,,,,,,,,,,,,,,,,,,,0.1529815522939912,0.15280780411610886,0.20443789397025092,,,,,-0.00002023138840413839,,,,,,,,21.478617898806633,21.98721791605225,21.66815816345042,22.189424622025467,21.69132564762218,22.299787625110206,,,,,,,0.0009211258999836964,,0.031078790385254962,0.016451130179085283,0.14283750032480244,0.12479518368937231,40.01124951867603,39.66087848770122,,21.528225326538085,22.038000106811523,21.775326410929363,22.290952682495117,21.309106463477725,21.92087309701102,,,21.382762832641603,21.830957183837892,0,23481491.257667541301200,20623545.51573859,,,,,,,
2026-01-07,,,,,,,21.739999771118164,21.860000610351562,21.549999237060547,21.709999084472656,641300,,,,,21.207811355590820,,,,,,,,,,,,,,,,,,,,,,,,,,,,,,,,,,,,,,,,,,,,,,,,,,,,,,,,,,,,,,,,,,,,,,,,,,,,,,,,,,,,,,,,,,,,,,,,,,,,,,,,,,,,,,,,,,,,,,,,,,,,,,,,,,,,,,,,,,,,,0.1489234978885504,0.15183251809845308,0.2017153702213226,,,,,-0.010630095050948906,,,,,,,,21.388349051068026,21.894811638859053,21.626308453645006,22.145840482247937,21.676215825996202,22.281356733215283,,,,,,,-0.0004605468270133442,,-0.008513089929351736,-0.022989163109237154,0.1125673822739716,0.09523831432965041,39.82722999711599,39.479520785353365,,21.41490821838379,21.921999740600587,21.765092486426944,22.280476433890207,21.303605912223695,21.911190547640363,,,21.391476440429688,21.848060932159424,0,13922622.412872314292800,20448554.384849183,,,,,,,
2026-01-08,,,,,,,21.670000076293945,22.444999694824220,21.670000076293945,22.420000076293945,627900,,,,,21.901388168334960,,,,,,,,,,,,,,,,,,,,,,,,,,,,,,,,,,,,,,,,,,,,,,,,,,,,,,,,,,,,,,,,,,,,,,,,,,,,,,,,,,,,,,,,,,,,,,,,,,,,,,,,,,,,,,,,,,,,,,,,,,,,,,,,,,,,,,,,,,,,,0.3094706190545606,0.1789583565107439,0.21059825431175894,,,,,0.05499142789149429,,,,,,,,21.559362090157006,22.06987445133735,21.651315700435,22.170764081706665,21.683252461694288,22.28568933768649,,,,,,,0.03218044751299937,,0.01589271072601761,0.003010562728778865,0.09323244796438081,0.0767927640094761,55.48147541505849,55.15769008776171,,21.432492065429688,21.939999771118163,21.804167157127743,22.320476441156295,21.312946652609206,21.91674610925099,,,21.413095893859865,21.866064882278444,0,14077518.047904968065500,20191546.66209448,,,,,,,
2026-01-09,,,,,,,22.430000305175780,22.590000152587890,22.219999313354492,22.479999542236328,814200,,,,,21.959999084472656,,,,,,,,,,,,,,,,,,,,,,,,,,,,,,,,,,,,,,,,,,,,,,,,,,,,,,,,,,,,,,,,,,,,,,,,,,,,,,,,,,,,,,,,,,,,,,,,,,,,,,,,,,,,,,,,,,,,,,,,,,,,,,,,,,,,,,,,,,,,,0.29923823072555006,0.17897479465698646,0.20892200990369061,,,,,0.06733882162707903,,,,,,,,21.69290775492889,22.206582814970343,21.679377826256605,22.19887639630027,21.69190079365611,22.291761531578672,,,,,,,0.0026725534550826203,,0.03950846568094235,0.028132692076148658,0.08248765150769312,0.06706074962281061,56.51110064915957,56.19053253598065,,21.49696502685547,22.005999755859374,21.84463728041876,22.36190496172224,21.32750968327598,21.927698468405104,,,21.41580104827881,21.88650941848755,0,18303215.627288818257600,20177394.34178973,,,,,,,
2026-01-12,,,,,,,22.500000000000000,22.784999847412110,22.309999465942383,22.750000000000000,951900,,,,,22.223754882812500,,,,,,,,,,,,,,,,,,,,,,,,,,,,,,,,,,,,,,,,,,,,,,,,,,,,,,,,,,,,,,,,,,,,,,,,,,,,,,,,,,,,,,,,,,,,,,,,,,,,,,,,,,,,,,,,,,,,,,,,,,,,,,,,,,,,,,,,,,,,,0.21588217136955115,0.18207131693067335,0.20097759048680444,,,,,0.09669484616624444,,,,,,,,21.86985679755676,22.387721876646896,21.728866649579867,22.248978542091155,21.70852123394225,22.30608148371684,,,,,,,0.011939181609428974,,0.07860094745700152,0.06903316962488049,0.0817103106975548,0.06745523362322459,60.89425866666455,60.589582889135876,,21.702106857299803,22.215999603271484,21.892550332205637,22.410952613467263,21.35591631087046,21.95293656606523,,,21.4390393447876,21.905611658096312,0,21655725.000000000000000,20211561.85195862,,,,,,,
2026-01-13,,,,,,,22.750000000000000,23.290000915527344,22.641000747680664,23.239999771118164,914300,,,,,22.702421188354492,,,,,,,,,,,,,,,,,,,,,,,,,,,,,,,,,,,,,,,,,,,,,,,,,,,,,,,,,,,,,,,,,,,,,,,,,,,,,,,,,,,,,,,,,,,,,,,,,,,,,,,,,,,,,,,,,,,,,,,,,,,,,,,,,,,,,,,,,,,,,0.21364561573230656,0.18622127284393855,0.20487544124254808,,,,,0.12141733234928469,,,,,,,,22.147378261156003,22.671814508137317,21.81737160765029,22.33907138109361,21.73958060751763,22.335266430198132,,,,,,,0.021309822519409723,,0.1465174296614542,0.13937930135909582,0.09467173449033467,0.08184004717039883,67.32968790946435,67.05499978531982,,21.999074935913086,22.519999694824218,21.945115134829567,22.46476209731329,21.390771169511098,21.98476194956946,,,21.462000846862793,21.92523983001709,0,21248331.790733337345200,20284208.40452285,,,,,,,
2026-01-14,,,,,,,23.239999771118164,23.680000305175780,23.100000381469727,23.450000762939453,622600,,,,,22.907564163208008,,,,,,,,,,,,,,,,,,,,,,,,,,,,,,,,,,,,,,,,,,,,,,,,,,,,,,,,,,,,,,,,,,,,,,,,,,,,,,,,,,,,,,,,,,,,,,,,,,,,,,,,,,,,,,,,,,,,,,,,,,,,,,,,,,,,,,,,,,,,,0.18298583609619745,0.17822971490278106,0.20435690886967892,,,,,0.06802279708924876,,,,,,,,22.400773561840005,22.931209926404698,21.916480021791898,22.440064961261417,21.776080093632956,22.370101878096296,,,,,,,0.00899558974328561,,0.21442331622407096,0.2096576397991825,0.11862205083708194,0.10740356569615557,69.63593276961554,69.37392625789504,,22.339025497436523,22.868000030517578,21.98791131519136,22.50857162475586,21.42497350299169,22.015873076423766,,,21.492155456542967,21.945333490371706,0,14599970.475006103437800,20279222.859028406,,,,,,,
2026-01-15,,,,,,,23.450000762939453,23.600000381469727,23.014999389648438,23.409999847412110,787000,,,,,22.868488311767578,,,,,,,,,,,,,,,,,,,,,,,,,,,,,,,,,,,,,,,,,,,,,,,,,,,,,,,,,,,,,,,,,,,,,,,,,,,,,,,,,,,,,,,,,,,,,,,,,,,,,,,,,,,,,,,,,,,,,,,,,,,,,,,,,,,,,,,,,,,,,0.14069589817867356,0.17848334572323638,0.20445531671338055,,,,,0.06279499742424759,,,,,,,,22.556678478482528,23.0908065667405,22.003026229971507,22.528240860002388,21.81021785044966,22.402598689637415,,,,,,,-0.0017072621521103443,,0.26206520140780754,0.2591387989930851,0.14731068095122704,0.13775061235554148,68.64195141456028,68.38650798340504,,22.53244552612305,23.06599998474121,22.024660110473633,22.54619062514532,21.45778913346548,22.045555599152095,,,21.525584449768065,21.964484806060792,0,18423669.879913330570000,20279709.574871972,,,,,,,
2026-01-16,,,,,,,23.319999694824220,23.530000686645508,23.193000793457030,23.450000762939453,587100,,,,,22.907564163208008,,,,,,,,,,,,,,,,,,,,,,,,,,,,,,,,,,,,,,,,,,,,,,,,,,,,,,,,,,,,,,,,,,,,,,,,,,,,,,,,,,,,,,,,,,,,,,,,,,,,,,,,,,,,,,,,,,,,,,,,,,,,,,,,,,,,,,,,,,,,,0.1434166627698902,0.17835105099787754,0.20398626530769975,,,,,0.10499967002581505,,,,,,,,22.673640373391024,23.210537965473485,22.085256951174824,22.612037214814848,21.84450992272336,22.435330004428106,,,,,,,0.001707262152110442,,0.29952212864492367,0.2981438964777503,0.17775297048996638,0.16982926917998323,69.11668874417676,68.86376861931298,,22.721958541870116,23.260000228881836,22.05954833257766,22.581904910859606,21.48846589951288,22.073015939621698,,,21.558442993164064,21.982711067199705,0,13767495.447921752856300,20129242.593647186,,,,,,,
2026-01-20,,,,,,,23.409999847412110,23.434999465942383,23.100000381469727,23.370000839233400,521400,,,,,22.829414367675780,,,,,,,,,,,,,,,,,,,,,,,,,,,,,,,,,,,,,,,,,,,,,,,,,,,,,,,,,,,,,,,,,,,,,,,,,,,,,,,,,,,,,,,,,,,,,,,,,,,,,,,,,,,,,,,,,,,,,,,,,,,,,,,,,,,,,,,,,,,,,0.1603135782880342,0.17892450693361925,0.20009404091719452,,,,,0.10937144609000873,,,,,,,,22.72556503815261,23.26369225672679,22.152907625402186,22.6809429988529,21.875288186628122,22.46453846801577,,,,,,,-0.0034173604858709484,,0.31922119474385013,0.3189240342515447,0.20604661534074312,0.19964822219429554,66.93417810950345,66.69515705489837,,22.843090438842772,23.384000396728517,22.086528505597794,22.60952395484561,21.510697803800067,22.091746103195916,,,21.59147678375244,21.99979959487915,0,12185118.437576294760000,20041900.831930976,,,,,,,
2026-01-21,,,,,,,23.500000000000000,23.870000839233400,23.079999923706055,23.110000610351562,724400,,,,,22.575428009033203,,,,,,,,,,,,,,,,,,,,,,,,,,,,,,,,,,,,,,,,,,,,,,,,,,,,,,,,,,,,,,,,,,,,,,,,,,,,,,,,,,,,,,,,,,,,,,,,,,,,,,,,,,,,,,,,,,,,,,,,,,,,,,,,,,,,,,,,,,,,,0.11700408215321588,0.18400512092913635,0.20133095354797162,,,,,0.06676087943764111,,,,,,,,22.67551936177947,23.21246170793505,22.19131856936864,22.719948236261867,21.897167556078283,22.484709159963764,,,,,,,-0.011187749787968075,,0.3107560675536476,0.3108295480466907,0.22698850578332402,0.22188448736477456,60.2728282370312,60.07382855364291,,22.817691802978516,23.358000564575196,22.10048384893508,22.623809723626998,21.530277736603267,22.107777852860707,,,21.620203437805177,22.015244722366333,0,16740884.442138671512800,20095083.27972473,,,,,,,
2026-01-22,,,,,,,23.149999618530273,23.379999160766600,23.084999084472656,23.100000381469727,671200,,,,,22.565660476684570,,,,,,,,,,,,,,,,,,,,,,,,,,,,,,,,,,,,,,,,,,,,,,,,,,,,,,,,,,,,,,,,,,,,,,,,,,,,,,,,,,,,,,,,,,,,,,,,,,,,,,,,,,,,,,,,,,,,,,,,,,,,,,,,,,,,,,,,,,,,,0.07842769275929595,0.183913309112746,0.20099586232803207,,,,,-0.005749551620912013,,,,,,,,22.638899733414505,23.174974599113273,22.225349651851907,22.754498431280762,21.91805795984723,22.503937010635827,,,,,,,-0.0004327557366792717,,0.2998032893391702,0.3001477579976495,0.24155146249449325,0.23753714149134955,60.02542311334532,59.82780606590172,,22.74931106567383,23.28800048828125,22.115369524274552,22.639047804332915,21.551388755677237,22.125396910167876,,,21.64970043182373,22.035776376724243,0,15504720.256042480762400,20153751.380977932,,,,,,,
2026-01-23,,,,,,,23.120000839233400,23.170000076293945,22.729999542236328,22.750000000000000,549600,,,,,22.223754882812500,,,,,,,,,,,,,,,,,,,,,,,,,,,,,,,,,,,,,,,,,,,,,,,,,,,,,,,,,,,,,,,,,,,,,,,,,,,,,,,,,,,,,,,,,,,,,,,,,,,,,,,,,,,,,,,,,,,,,,,,,,,,,,,,,,,,,,,,,,,,,0.11487739012930574,0.19162214355864238,0.20261565359206601,,,,,-0.02552826306661085,,,,,,,,22.50051811654717,23.03331639940885,22.225204672848324,22.75408948298251,21.927610988689892,22.511626479053454,,,,,,,-0.015267546252177295,,0.26053097083558896,0.26043808854856465,0.2453473641627124,0.24211733090279258,51.98191627143505,51.827716800303506,,22.620364379882812,23.156000518798827,22.11769539969308,22.641428720383416,21.570138386317662,22.140634990873792,,,21.66984848022461,22.05679271697998,0,12503400.000000000000000,20099454.037024483,,,,,,,
2026-01-26,,,,,,,22.819999694824220,23.690000534057617,22.819999694824220,23.549999237060547,1595500,,,,,23.005249023437500,,,,,,,,,,,,,,,,,,,,,,,,,,,,,,,,,,,,,,,,,,,,,,,,,,,,,,,,,,,,,,,,,,,,,,,,,,,,,,,,,,,,,,,,,,,,,,,,,,,,,,,,,,,,,,,,,,,,,,,,,,,,,,,,,,,,,,,,,,,,,0.3135915090663691,0.2233462717587342,0.21293560840023198,,,,,0.06309647883924882,,,,,,,,22.66876175217728,23.205544011959415,22.296117795629158,22.826444915171425,21.961287177275757,22.544075627741176,,,,,,,0.034560651741538335,,0.2891344593417813,0.2901761716967215,0.2541047831985262,0.25172909906157837,63.89206244262645,63.75715054113543,,22.63990135192871,23.17600021362305,22.165143240065802,22.69000007992699,21.603438725547186,22.170793714977446,,,21.70581958770752,22.083350496292113,0,37574023.782730102738500,20429056.64145152,,,,,,,
2026-01-27,,,,,,,23.520000457763672,23.920000076293945,23.459999084472656,23.780000686645508,759500,,,,,23.229930877685547,,,,,,,,,,,,,,,,,,,,,,,,,,,,,,,,,,,,,,,,,,,,,,,,,,,,,,,,,,,,,,,,,,,,,,,,,,,,,,,,,,,,,,,,,,,,,,,,,,,,,,,,,,,,,,,,,,,,,,,,,,,,,,,,,,,,,,,,,,,,,0.31618348524112144,0.22398933902098023,0.21292614221221667,,,,,0.0813124926894154,,,,,,,,22.8558181273467,23.397029570188113,22.38100989399792,22.91313180348725,22.00093229291356,22.58269828583194,,,,,,,0.009719162913879174,,0.3261729591160858,0.32851608271476707,0.2685184183820381,0.2670864957922161,66.46724740830803,66.33814088753797,,22.720004653930665,23.25800018310547,22.226546514601935,22.75285729907808,21.642451422555105,22.206825468275284,,,21.748215713500976,22.106456537246704,0,18060910.521507263326000,20480083.758332994,,,,,,,
2026-01-28,,,,,,,23.709999084472656,23.840000152587890,23.569999694824220,23.649999618530273,680700,,,,,23.102935791015625,,,,,,,,,,,,,,,,,,,,,,,,,,,,,,,,,,,,,,,,,,,,,,,,,,,,,,,,,,,,,,,,,,,,,,,,,,,,,,,,,,,,,,,,,,,,,,,,,,,,,,,,,,,,,,,,,,,,,,,,,,,,,,,,,,,,,,,,,,,,,0.30177609879986184,0.2254813817296561,0.2134161396017913,,,,,0.0797562795302397,,,,,,,,22.93819068190301,23.481352919635498,22.44663952099953,22.98011978667298,22.035369902229252,22.61605145247876,21.488384716094487,22.43561511569553,,,,,-0.005481871242906201,,0.3413439938018712,0.34444024593948797,0.28308353346600473,0.28255724582167047,63.70182655425165,63.582013098190544,,22.82550621032715,23.36599998474121,22.282832645234606,22.810476303100586,21.678681903415256,22.240000073871915,21.488384716094487,22.43561511569553,21.787095069885254,22.129873180389403,0,16098554.740333556831100,20137343.49918971,,,,,,,
2026-01-29,,,,,,,23.750000000000000,23.909999847412110,23.565000534057617,23.729999542236328,814800,,,,,23.181085586547850,,,,,,,,,,,,,,,,,,,,,,,,,,,,,,,,,,,,,,,,,,,,,,,,,,,,,,,,,,,,,,,,,,,,,,,,,,,,,,,,,,,,,,,,,,,,,,,,,,,,,,,,,,,,,,,,,,,,,,,,,,,,,,,,,,,,,,,,,,,,,0.2989566776501388,0.2247670487214191,0.1924467267261455,0.28427176704479384,,,,0.045905779965561236,,,,,,,,23.019155650117956,23.56423512716911,22.513407345140287,23.048290673542375,22.07117351736421,22.650862330283683,21.501765750643525,22.445847403652373,,,,,0.0033769697391921347,,0.3555743437685024,0.3593729575258422,0.29758169552650426,0.2979203881625048,64.67580953503469,64.55786358277861,,22.948591232299805,23.49199981689453,22.33493223644438,22.86380958557129,21.700211176796564,22.25793656848726,21.507195957123287,22.451408764672657,21.83124954223633,22.152404060363768,0,19335203.627014160054400,19725463.862089127,,,,,,,
2026-01-30,,,,,,,23.729999542236328,23.920000076293945,23.489999771118164,23.899999618530273,569100,,,,,23.347154617309570,,,,,,,,,,,,,,,,,,,,,,,,,,,,,,,,,,,,,,,,,,,,,,,,,,,,,,,,,,,,,,,,,,,,,,,,,,,,,,,,,,,,,,,,,,,,,,,,,,,,,,,,,,,,,,,,,,,,,,,,,,,,,,,,,,,,,,,,,,,,,0.23744882899526037,0.21699424656357275,0.17789591393728288,0.2820526968202405,,,,0.10642343715474897,,,,,,,,23.12848863918183,23.676156624289497,22.58920255170113,23.125718759450365,22.111047926737502,22.68989787054139,21.51635380492547,22.457342678078287,,,,,0.0071384490467768505,,0.3759190210536225,0.3805382167633802,0.3132491606319279,0.31444395388267987,66.71944151656616,66.60564960087959,,23.17327117919922,23.721999740600587,22.409825461251394,22.94047619047619,21.736486011081272,22.29111117408389,21.523924373445055,22.464940510098895,21.884391212463377,22.175056095123292,0,13601489.782905578364300,19418959.109530374,,,,,,,
2026-02-02,,,,,,,23.920000076293945,24.280000686645508,23.860000610351562,24.200000762939453,971800,,,,,23.640214920043945,,,,,,,,,,,,,,,,,,,,,,,,,,,,,,,,,,,,,,,,,,,,,,,,,,,,,,,,,,,,,,,,,,,,,,,,,,,,,,,,,,,,,,,,,,,,,,,,,,,,,,,,,,,,,,,,,,,,,,,,,,,,,,,,,,,,,,,,,,,,,0.110615441215741,0.21919001881057984,0.17390207999631038,0.2756430562564546,,,,0.13998454136348493,,,,,,,,23.299064066135866,23.850771337172816,22.684749130641386,23.223380759767554,22.158834395278326,22.73708858592883,21.53314322085526,22.471118631318294,,,,,0.012474165110430696,,0.41095263542899474,0.4167157821956451,0.3327898555913413,0.33489831954527294,70.01608400356247,69.9097206573648,,23.300264358520508,23.852000045776368,22.496813365391322,23.029523849487305,21.769595040215385,22.320952460879372,21.536998990982298,22.47450400155688,21.935969886779784,22.199173431396485,0,23517560.741424560425400,19352372.58763086,,,,,,,
2026-02-03,,,,,,,24.159999847412110,24.739999771118164,24.040000915527344,24.100000381469727,1122500,,,,,23.542528152465820,,,,,,,,,,,,,,,,,,,,,,,,,,,,,,,,,,,,,,,,,,,,,,,,,,,,,,,,,,,,,,,,,,,,,,,,,,,,,,,,,,,,,,,,,,,,,,,,,,,,,,,,,,,,,,,,,,,,,,,,,,,,,,,,,,,,,,,,,,,,,0.12022471828501327,0.21689654966523342,0.1733904712706476,0.27532647465625926,,,,0.11804474625832097,,,,,,,,23.380218761579183,23.933847685271786,22.762729041716334,23.30307345264957,22.202074825190437,22.779679579539483,21.549027686717793,22.483995166892615,,,,,-0.0041407896529967216,,0.42592472636723855,0.4323338924062945,0.3514168297465207,0.35438543411747725,67.61189940238793,67.51188165496167,,23.36278381347656,23.915999984741212,22.587522597539994,23.122381028674898,21.803606063600572,22.35174612015013,21.550760465954976,22.48482146338811,21.988525428771972,22.22303874015808,0,27052250.428199768557500,19380782.914649114,,,,,,,
2026-02-04,,,,,,,24.260000228881836,24.659999847412110,24.159999847412110,24.430000305175780,1255400,,,,,23.864894866943360,,,,,,,,,,,,,,,,,,,,,,,,,,,,,,,,,,,,,,,,,,,,,,,,,,,,,,,,,,,,,,,,,,,,,,,,,,,,,,,,,,,,,,,,,,,,,,,,,,,,,,,,,,,,,,,,,,,,,,,,,,,,,,,,,,,,,,,,,,,,,0.1148814860627978,0.19978143115652555,0.17357519651328654,0.27526842871873114,,,,0.17212776135370225,,,,,,,,23.541777463367243,24.099231891906452,22.862925934918792,23.40552134833377,22.254037951495214,22.83125210221562,21.56733493715436,22.499378606720942,,,,,0.013600050908190619,,0.45851701727299243,0.46596820181390797,0.3728368672518151,0.3767019876567634,71.13439020509882,71.04170019157485,,23.51517562866211,24.072000122070314,22.71451541355678,23.25238100687663,21.8459529876709,22.391111192249117,21.56461551454332,22.49517860866728,22.0492866897583,22.246057405471802,0,30669422.383117674212000,19146315.14962817,,,,,,,
2026-02-05,,,,,,,24.549999237060547,24.665000915527344,24.334999084472656,24.569999694824220,1069800,,,,,24.001655578613280,,,,,,,,,,,,,,,,,,,,,,,,,,,,,,,,,,,,,,,,,,,,,,,,,,,,,,,,,,,,,,,,,,,,,,,,,,,,,,,,,,,,,,,,,,,,,,,,,,,,,,,,,,,,,,,,,,,,,,,,,,,,,,,,,,,,,,,,,,,,,0.11205521639637388,0.19904268075248255,0.17372606197655746,0.274825478731559,,,,0.20818907369345424,,,,,,,,23.695070168449256,24.25615449287904,22.96644681161829,23.51138301619654,22.308651002342653,22.885587964484635,21.586578578588817,22.515747152871956,,,,,0.0057142652868039465,,0.48973670917255774,0.4981777322697347,0.3962168356359636,0.40099713657935765,72.5007979734544,72.41118690799999,,23.679289627075196,24.24000015258789,22.847090403238933,23.38809531075614,21.8893977271186,22.43158737061516,21.580273030296205,22.507440514034695,22.108680267333984,22.272691135406493,0,26284985.673522950556000,19261268.94768609,,,,,,,
2026-02-06,,,,,,,24.549999237060547,24.770000457763672,24.430000305175780,24.469999313354492,904200,,,,,23.903968811035156,,,,,,,,,,,,,,,,,,,,,,,,,,,,,,,,,,,,,,,,,,,,,,,,,,,,,,,,,,,,,,,,,,,,,,,,,,,,,,,,,,,,,,,,,,,,,,,,,,,,,,,,,,,,,,,,,,,,,,,,,,,,,,,,,,,,,,,,,,,,,0.13653335184764065,0.2008787838982305,0.17372363860070672,0.2743291707045996,,,,0.16440527418647918,,,,,,,,23.764703049311223,24.32743609970419,23.051676084292552,23.59852995230181,22.358504683864293,22.93510081913682,21.60489786896389,22.53119578655166,,,,,-0.004078306220669612,,0.5008228600087534,0.5097586418569762,0.41713804051052156,0.4227494376348814,69.95356590285311,69.86944045023938,,23.790652465820312,24.354000091552734,22.975478853498185,23.519523893083846,21.93267144097222,22.471904815189422,21.59683970799522,22.52069448289417,22.17393508911133,22.298789148330687,0,22125773.379135131666400,19275445.885522027,,,,,,,
2026-02-09,,,,,,,24.520000457763672,24.549999237060547,24.170000076293945,24.180000305175780,564600,,,,,23.620676040649414,,,,,,,,,,,,,,,,,,,,,,,,,,,,,,,,,,,,,,,,,,,,,,,,,,,,,,,,,,,,,,,,,,,,,,,,,,,,,,,,,,,,,,,,,,,,,,,,,,,,,,,,,,,,,,,,,,,,,,,,,,,,,,,,,,,,,,,,,,,,,0.15742838452750202,0.18509838917783358,0.17577044006714757,0.27379058292417474,,,,0.10069377886968517,,,,,,,,23.716694046423953,24.278290834861387,23.103403353052265,23.65139089347217,22.39794753876383,22.974003928075536,21.620832874273656,22.54422981436687,,,,,-0.011922072295997356,,0.48120235422275925,0.48988896476312505,0.4299509032529691,0.4361773430605301,63.03678214191826,62.96676460922606,,23.786744689941408,24.35,23.057349704560778,23.603333427792503,21.97206161135719,22.50825403607081,21.613875434512185,22.53450400488717,22.229225845336913,22.319215650558473,0,13652028.172302245388000,19174149.071726725,,,,,,,
2026-02-10,,,,,,,24.180000305175780,24.364999771118164,24.094999313354492,24.329999923706055,708300,,,,,23.767206192016600,,,,,,,,,,,,,,,,,,,,,,,,,,,,,,,,,,,,,,,,,,,,,,,,,,,,,,,,,,,,,,,,,,,,,,,,,,,,,,,,,,,,,,,,,,,,,,,,,,,,,,,,,,,,,,,,,,,,,,,,,,,,,,,,,,,,,,,,,,,,,0.15806596893290895,0.18527666729586212,0.17579388057590034,0.27315936819842296,,,,0.11252678398363147,,,,,,,,23.733531428288167,24.29552719780961,23.163749065685387,23.71308262349343,22.44073687167798,23.01637880293899,21.63780025227953,22.558346574124492,,,,,0.006184307526523773,,0.4720353904912571,0.4807045552445679,0.4383678007006267,0.44508278549733765,64.96633257328443,64.89844341475202,,23.831680297851562,24.395999908447266,23.143407185872395,23.691428684052966,22.014544078281947,22.547777841961572,21.629936445327033,22.547242096492223,22.28647029876709,22.341273097991944,0,17232938.945960998756500,18885429.114559717,,,,,,,
2026-02-11,,,,,,,24.280000686645508,24.809999465942383,24.200000762939453,24.799999237060547,714000,,,,,24.226333618164062,,,,,,,,,,,,,,,,,,,,,,,,,,,,,,,,,,,,,,,,,,,,,,,,,,,,,,,,,,,,,,,,,,,,,,,,,,,,,,,,,,,,,,,,,,,,,,,,,,,,,,,,,,,,,,,,,,,,,,,,,,,,,,,,,,,,,,,,,,,,,0.18624091182201877,0.19086727771651013,0.17897934070916166,0.27371610305056543,,,,0.107016956655159,,,,,,,,23.897798824913465,24.463684544226588,23.260347661365266,23.811893224726806,22.49653677000567,23.07211694150529,21.658262966634346,22.576067148535053,,,,,0.019133468158120517,,0.4960995253744507,0.5055235009293106,0.4499141456353915,0.45717092858373226,70.21321070117294,70.15196742383732,,23.903968048095702,24.469999694824217,23.238768078031995,23.789047695341566,22.06232155693902,22.59269847567119,21.647300667232937,22.561289711604044,22.348794441223145,22.3679900932312,0,17707199.455261230558000,18859857.35359192,,,,,,,
2026-02-12,,,,,,,24.770000457763672,24.864999771118164,24.510000228881836,24.590000152587890,485400,,,,,24.021194458007812,,,,,,,,,,,,,,,,,,,,,,,,,,,,,,,,,,,,,,,,,,,,,,,,,,,,,,,,,,,,,,,,,,,,,,,,,,,,,,,,,,,,,,,,,,,,,,,,,,,,,,,,,,,,,,,,,,,,,,,,,,,,,,,,,,,,,,,,,,,,,0.20005714795161694,0.1848596565851744,0.18016734351846117,0.2738728088108256,,,,0.04741188314550393,,,,,,,,23.938930702611582,24.50578974701369,23.329515551969134,23.88263021816872,22.544182322755734,23.11955079185162,21.676942266961408,22.591987567539423,,,,,-0.008503664519548988,,0.4929352590126399,0.5024555285485484,0.4585183683108412,0.46622784857669547,65.49351809446337,65.43928927477329,,23.90787582397461,24.473999786376954,23.30156680515834,23.853333427792503,22.10699617295038,22.634444524371435,21.663850844852508,22.574503997015576,22.406234359741212,22.39396505355835,1,11935986.074066161806000,18742191.177095685,,,,,,,
2026-02-13,,,,,,,24.649999618530273,25.219999313354492,24.590000152587890,25.139999389648438,902000,,,,,24.558469772338867,,,,,,,,,,,,,,,,,,,,,,,,,,,,,,,,,,,,,,,,,,,,,,,,,,,,,,,,,,,,,,,,,,,,,,,,,,,,,,,,,,,,,,,,,,,,,,,,,,,,,,,,,,,,,,,,,,,,,,,,,,,,,,,,,,,,,,,,,,,,,0.24620284162569891,0.1957704994952207,0.18409066099723154,0.2745068840856933,,,,0.07871566696551094,,,,,,,,24.14544372585401,24.717192961225273,23.441238662911836,23.99693650648506,22.60712880555521,23.18268981053277,21.699721140521707,22.61212995348495,,,,,0.022120252591918802,,0.5276982063508768,0.5382004405678984,0.4723543359188483,0.48062236697493604,70.9930949073039,70.94462469361116,,24.038776016235353,24.607999801635742,23.3801813579741,23.933809552873885,22.16173181079683,22.686507997058687,21.681643834189764,22.58894843903799,22.478913345336913,22.414305419921874,1,22676279.449462891076000,18780686.016524784,,,,,,,
2026-02-17,,,,,,,25.180000305175780,25.500000000000000,24.639999389648438,24.940000534057617,565800,,,,,24.363098144531250,,,,,,,,,,,,,,,,,,,,,,,,,,,,,,,,,,,,,,,,,,,,,,,,,,,,,,,,,,,,,,,,,,,,,,,,,,,,,,,,,,,,,,,,,,,,,,,,,,,,,,,,,,,,,,,,,,,,,,,,,,,,,,,,,,,,,,,,,,,,,0.2297972143603485,0.19898225599099234,0.18525973716370428,0.27419128292656514,,,,0.0530583883854975,,,,,,,,24.217995198746422,24.791462152169387,23.525044070331784,24.082669599900747,22.66200284739821,23.237605770642922,21.720775504189763,22.630532092461806,,,,,-0.00798717926553156,,0.5333352779007328,0.5441180505009662,0.4845505243152252,0.4933215036801421,66.82247657496069,66.77890070230819,,24.18726043701172,24.75999984741211,23.451353254772368,24.00666672842843,22.21259101988777,22.738571500021315,21.69984719866798,22.603869074866886,22.54143295288086,22.431115894317628,1,14111052.302169799698600,18768920.784886677,,,,,,,
2026-02-18,,,,,,,24.930000305175780,24.930000305175780,24.209999084472656,24.629999160766600,1200900,,,,,24.060266494750977,,,,,,,,,,,,,,,,,,,,,,,,,,,,,,,,,,,,,,,,,,,,,,,,,,,,,,,,,,,,,,,,,,,,,,,,,,,,,,,,,,,,,,,,,,,,,,,,,,,,,,,,,,,,,,,,,,,,,,,,,,,,,,,,,,,,,,,,,,,,,0.2653834932081345,0.20612407000526983,0.18630059426026022,0.27451079437439113,,,,0.04494482094099539,,,,,,,,24.165418964081276,24.737641155035124,23.573700654369894,24.132426832706734,22.705698586377984,23.281118064084286,21.73926950411515,22.646338156242873,,,,,-0.012507829643296432,,0.5075163815211283,0.5178241247956663,0.4891436957564058,0.49822202790324693,60.85482063812586,60.8178495778448,,24.245872497558594,24.81999969482422,23.5062438419887,24.062857128324964,22.261589504423597,22.788730227758013,21.716663587661017,22.61736113684518,22.591839332580566,22.447405052185058,1,29578165.992164609940000,18994441.31637452,,,,,,,
2026-02-19,,,,,,,24.629999160766600,24.850000381469727,24.610000610351562,24.799999237060547,572500,,,,,24.226333618164062,,,,,,,,,,,,,,,,,,,,,,,,,,,,,,,,,,,,,,,,,,,,,,,,,,,,,,,,,,,,,,,,,,,,,,,,,,,,,,,,,,,,,,,,,,,,,,,,,,,,,,,,,,,,,,,,,,,,,,,,,,,,,,,,,,,,,,,,,,,,,0.22855589638338633,0.20558687182291913,0.18373531481589356,0.27442839860425255,,,,0.04566810402241618,,,,,,,,24.185723848775538,24.75842718237693,23.633030923805727,24.193115233102535,22.753218431121297,23.328583100739795,21.75893008999696,22.66336314502404,,,,,0.0068784208364580796,,0.4947517588005894,0.5048836007731374,0.4902653083652425,0.499554342477225,62.81594459899054,62.77999070216884,,24.245872497558594,24.81999969482422,23.572763806297665,24.130952290126256,22.31772065541101,22.84619052826412,21.73336088089716,22.6306944650317,22.647911529541016,22.45989129066467,1,14197999.563217163157500,18560167.045968678,,,,,,,
2026-02-20,,,,,,,24.840000152587890,25.079999923706055,24.610000610351562,25.040000915527344,823800,,,,,24.460783004760742,,,,,,,,,,,,,,,,,,,,,,,,,,,,,,,,,,,,,,,,,,,,,,,,,,,,,,,,,,,,,,,,,,,,,,,,,,,,,,,,,,,,,,,,,,,,,,,,,,,,,,,,,,,,,,,,,,,,,,,,,,,,,,,,,,,,,,,,,,,,,0.22222060654525813,0.20028434429676098,0.18169228186681155,0.2745711616751942,,,,0.12271472137079309,,,,,,,,24.27741023410394,24.85228509342707,23.708281112983453,24.2701048405957,22.80657982404753,23.382064907451905,21.780288611062286,22.682150795383752,,,,,0.009630933809595489,,0.4978153045024598,0.5081367873480112,0.491775307592686,0.5012708314513823,65.44774684264296,65.41329477720522,,24.33379020690918,24.90999984741211,23.662542615618026,24.222857066563197,22.37168100145128,22.9014286465115,21.750877387939937,22.644861138056196,22.71551078796387,22.475346355438234,1,20627952.754211425987200,18626068.651720077,,,,,,,
2026-02-23,,,,,,,25.090000152587890,25.235000610351562,24.954999923706055,25.190000534057617,791500,,,,,24.607313156127930,,,,,,,,,,,,,,,,,,,,,,,,,,,,,,,,,,,,,,,,,,,,,,,,,,,,,,,,,,,,,,,,,,,,,,,,,,,,,,,,,,,,,,,,,,,,,,,,,,,,,,,,,,,,,,,,,,,,,,,,,,,,,,,,,,,,,,,,,,,,,0.15778775450908136,0.1997993600224162,0.1808259153089373,0.2744792165506802,,,,0.18657140862753602,,,,,,,,24.387377874778604,24.964856906970585,23.79001129872386,24.35373172181951,22.862852740675045,23.438562895783335,21.802636631181382,22.7019756945037,,,,,0.005972540139419157,,0.5062314244121104,0.516860629164384,0.49466653095657087,0.5043887909939826,67.01891966278393,66.98543290297202,,24.343558883666994,24.920000076293945,23.759764171781995,24.322380883353098,22.430293098328605,22.961428657410636,21.7696052430168,22.660297651139516,22.7854545211792,22.493094234466554,1,19937885.422706603855500,18712436.501339503,,,,,,,
2026-02-24,,,,,,,25.200000762939453,25.459999084472656,25.174999237060547,25.379999160766600,902000,,,,,24.792917251586914,,,,,,,,,,,,,,,,,,,,,,,,,,,,,,,,,,,,,,,,,,,,,,,,,,,,,,,,,,,,,,,,,,,,,,,,,,,,,,,,,,,,,,,,,,,,,,,,,,,,,,,,,,,,,,,,,,,,,,,,,,,,,,,,,,,,,,,,,,,,,0.14363601074433927,0.1871227329220303,0.18055607122138517,0.27436522491034904,,,,0.23272124440249659,,,,,,,,24.52255766704804,25.103237658235923,23.881184567165956,24.44702876172379,22.92316725664104,23.499232779064062,21.826275213160873,22.723145840482065,,,,,0.0075143361589510085,,0.521862256179503,0.532961983952692,0.5001056760011573,0.5101034295857245,68.94520864402854,68.91298247583579,,24.429522705078124,25.00799980163574,23.882105236961728,24.4476189386277,22.49324683537559,23.025873093377974,21.789810649932377,22.677281773279585,22.856961250305176,22.510730028152466,1,22892759.243011473200000,18811547.159773204,,,,,,,
2026-02-25,,,,,,,25.340000152587890,25.340000152587890,24.059999465942383,24.530000686645508,1364100,,,,,23.962581634521484,,,,,,,,,,,,,,,,,,,,,,,,,,,,,,,,,,,,,,,,,,,,,,,,,,,,,,,,,,,,,,,,,,,,,,,,,,,,,,,,,,,,,,,,,,,,,,,,,,,,,,,,,,,,,,,,,,,,,,,,,,,,,,,,,,,,,,,,,,,,,0.2958460837581606,0.20191350548110637,0.19439375062237324,0.27638337694002596,,,,0.15435172976056197,,,,,,,,24.33589898953919,24.912158667705786,23.888584300561913,24.4545716639894,22.955648955949805,23.531444276175982,21.84316301095819,22.737429278001144,,,,,-0.03406450255950952,,0.46192388704412934,0.47169721858398717,0.4924693182097517,0.502422187385377,53.8050507580909,53.78411704218624,,24.409985733032226,24.988000106811523,23.927692504156205,24.49428567432222,22.539764374021498,23.073492140997026,21.80583183349125,22.68994050555759,22.904241676330567,22.52350496292114,1,33461373.936653137462800,19097682.3414303,,,,,,,
2026-02-26,,,,,,,24.610000610351562,24.834999084472656,24.000000000000000,24.639999389648438,734600,,,,,24.070035934448242,,,,,,,,,,,,,,,,,,,,,,,,,,,,,,,,,,,,,,,,,,,,,,,,,,,,,,,,,,,,,,,,,,,,,,,,,,,,,,,,,,,,,,,,,,,,,,,,,,,,,,,,,,,,,,,,,,,,,,,,,,,,,,,,,,,,,,,,,,,,,0.2923800239578434,0.20017787434585999,0.18977628880305414,0.2761731747486817,,,,0.15989069439319645,,,,,,,,24.24727797117554,24.821438908353336,23.90507990364249,24.471428729958404,22.99047354902788,23.566086623471996,21.8607667494838,22.752469357935116,,,,,0.004474229580789684,,0.41827138943029496,0.42709711696960184,0.47762973245386037,0.487357173302222,55.17682837545453,55.15614314278981,,24.378726196289062,24.956000137329102,23.96769750685919,24.535237993512833,22.59418990120055,23.129206430344354,21.82131606813461,22.702003993685285,22.945465507507325,22.537620906829833,1,18100543.551635742554800,19048019.379443213,,,,,,,
2026-02-27,,,,,,,24.659999847412110,25.030000686645508,24.652999877929688,24.879999160766600,675300,,,,,24.304485321044922,,,,,,,,,,,,,,,,,,,,,,,,,,,,,,,,,,,,,,,,,,,,,,,,,,,,,,,,,,,,,,,,,,,,,,,,,,,,,,,,,,,,,,,,,,,,,,,,,,,,,,,,,,,,,,,,,,,,,,,,,,,,,,,,,,,,,,,,,,,,,0.2925268326290399,0.2002281258706276,0.18966818242508862,0.27205985651623255,,,,0.18338318448765842,,,,,,,,24.266347087798668,24.84095899249109,23.94138948704271,24.508571496395515,23.031536416903414,23.607146390262454,21.880084682855827,22.7692877753488,,,,,0.009693169718255347,,0.3980066043111563,0.4064320946889026,0.46170510682531957,0.4711721575795581,58.100370689669674,58.080278384283844,,24.347466659545898,24.923999786376953,24.024914151146298,24.593809400285995,22.648925569322373,23.185238156999862,21.841435841151647,22.71898811582535,22.989619941711425,22.552389030456542,1,16801463.433265684980000,18973075.380216327,,,,,,,
2026-03-02,,,,,,,24.799999237060547,25.229999542236328,24.639999389648438,25.159999847412110,659900,,,,,24.578006744384766,,,,,,,,,,,,,,,,,,,,,,,,,,,,,,,,,,,,,,,,,,,,,,,,,,,,,,,,,,,,,,,,,,,,,,,,,,,,,,,,,,,,,,,,,,,,,,,,,,,,,,,,,,,,,,,,,,,,,,,,,,,,,,,,,,,,,,,,,,,,,0.30284430031939163,0.2025181109075011,0.19047571584159667,0.271602576401681,,,,0.21568559419278988,,,,,,,,24.370233639994034,24.94730594413143,23.999263783164714,24.56779225557884,23.079863614637205,23.655673060798378,21.90141212998254,22.788186685009382,,,,,0.011191093843290268,,0.3994133209165902,0.40794608249552766,0.4492467496435737,0.458526942562752,61.27386609455267,61.254577516126616,,24.341605377197265,24.91799964904785,24.091434206281388,24.66190465291341,22.70722752525693,23.244920700315443,21.861121889144655,22.735456368279834,23.037681846618653,22.5682883644104,1,16603083.899307251389000,19027066.23949626,,,,,,,
2026-03-03,,,,,,,24.889999389648438,24.969999313354492,24.299999237060547,24.299999237060547,1060800,,,,,23.737899780273438,,,,,,,,,,,,,,,,,,,,,,,,,,,,,,,,,,,,,,,,,,,,,,,,,,,,,,,,,,,,,,,,,,,,,,,,,,,,,,,,,,,,,,,,,,,,,,,,,,,,,,,,,,,,,,,,,,,,,,,,,,,,,,,,,,,,,,,,,,,,,0.37490411722842587,0.2397945554579968,0.20399046690643427,0.27379033438047623,,,,0.12243980503517128,,,,,,,,24.159455686753834,24.73153704177447,23.975503419265507,24.543447435713542,23.100427244813336,23.675808253806572,21.915929818917643,22.800137772377376,,,,,-0.034779090555490645,,0.32894665079610874,0.3358792597804232,0.4251867298740807,0.4339974060062863,48.9984108229838,48.98528668692629,,24.13060188293457,24.70199966430664,24.11004111880348,24.680952253795805,22.748938212319025,23.28761909121559,21.878104066091872,22.74918652337695,23.06718322753906,22.58102728843689,1,25777439.190673828257600,19297927.93702928,,,,,,,
2026-03-04,,,,,,,24.450000762939453,24.870000839233400,24.215000152587890,24.829999923706055,957600,,,,,24.255640029907227,,,,,,,,,,,,,,,,,,,,,,,,,,,,,,,,,,,,,,,,,,,,,,,,,,,,,,,,,,,,,,,,,,,,,,,,,,,,,,,,,,,,,,,,,,,,,,,,,,,,,,,,,,,,,,,,,,,,,,,,,,,,,,,,,,,,,,,,,,,,,0.3445887856435225,0.24733690840712852,0.20776584954280244,0.2745777571771132,,,,0.13579086773240504,,,,,,,,24.19151713447163,24.76435800241833,24.0009703838693,24.56949766189468,23.13652764434752,23.71187674349093,21.934425551810843,22.816184113494597,,,,,0.021576251179904284,,0.3112902579283876,0.31786822257329206,0.40240743548494207,0.4107715693196874,54.98380961006794,54.97123915631722,,24.18921356201172,24.76199951171875,24.139347076416016,24.71095221383231,22.798246807522244,23.33809528653584,21.897029611799454,22.76490080545819,23.106648712158204,22.592625608444212,1,23777207.926940918268000,19315713.386650693,,,,,,,
2026-03-05,,,,,,,24.690000534057617,24.764999389648438,24.100000381469727,24.260000228881836,755400,,,,,23.698827743530273,,,,,,,,,,,,,,,,,,,,,,,,,,,,,,,,,,,,,,,,,,,,,,,,,,,,,,,,,,,,,,,,,,,,,,,,,,,,,,,,,,,,,,,,,,,,,,,,,,,,,,,,,,,,,,,,,,,,,,,,,,,,,,,,,,,,,,,,,,,,,0.3876551078207182,0.2610079369506978,0.21238363079975967,0.2700612791098733,,,,0.1690728424825059,,,,,,,,24.027287337491178,24.596238744572833,23.973502871111208,24.541361531620783,23.154099522446984,23.729005602409398,21.948373395223644,22.82759767962414,,,,,-0.02322358427468373,,0.24949136023923657,0.2546645200737707,0.371824220435801,0.3795501594705041,48.40454852761388,48.39441897290603,,24.114971923828126,24.68599967956543,24.14678991408575,24.718571254185267,22.842283430553618,23.383174654037234,21.917821271078928,22.782718264867388,23.135564041137695,22.59962303161621,1,18326004.172897338914400,19098642.33996679,,,,,,,
2026-03-06,,,,,,,24.100000381469727,24.299999237060547,23.819999694824220,24.270000457763672,855700,,,,,23.708595275878906,,,,,,,,,,,,,,,,,,,,,,,,,,,,,,,,,,,,,,,,,,,,,,,,,,,,,,,,,,,,,,,,,,,,,,,,,,,,,,,,,,,,,,,,,,,,,,,,,,,,,,,,,,,,,,,,,,,,,,,,,,,,,,,,,,,,,,,,,,,,,0.3736943221669203,0.2565095217182706,0.21078883750057567,0.26870380718401804,,,,0.21052973241580197,,,,,,,,23.92105665028709,24.48749264896978,23.949420362453726,24.51669234308832,23.17142751474173,23.74591169163922,21.96228819269918,22.83900007312722,,,,,0.00041206764108838915,,0.19900939043948895,0.2030415290225669,0.3372612544365386,0.34424843338091665,48.5209165975171,48.510809197965926,,23.995793914794923,24.563999938964844,24.139347076416016,24.71095221383231,22.881513232276554,23.4233333950951,21.936576797848655,22.798353187621586,23.166237716674804,22.607816772460936,1,20767839.391708374130400,19026790.747236826,,,,,,,
2026-03-09,,,,,,,24.069999694824220,24.329999923706055,23.670000076293945,24.250000000000000,955000,,,,,23.689058303833008,,,,,,,,,,,,,,,,,,,,,,,,,,,,,,,,,,,,,,,,,,,,,,,,,,,,,,,,,,,,,,,,,,,,,,,,,,,,,,,,,,,,,,,,,,,,,,,,,,,,,,,,,,,,,,,,,,,,,,,,,,,,,,,,,,,,,,,,,,,,,0.34994968735252185,0.25557202919410227,0.2093280468954029,0.26714821094794056,,,,0.22765775254481327,,,,,,,,23.84372386813573,24.40832843264652,23.925751084397298,24.492447584625744,23.187603476900833,23.761664451275493,21.975938549308932,22.850154222746767,,,,,-0.0008243856679320269,,0.15563157142531736,0.15868682397255895,0.30093531783429434,0.3071361114992451,48.28632973322742,48.27629537272214,,23.81800422668457,24.381999969482422,24.124461491902668,24.695714133126394,22.915626102023655,23.458254042125883,21.957329689510285,22.81613096358284,23.199841995239257,22.615100021362306,1,23158750.000000000000000,19028604.96624235,,,,,,,
2026-03-10,,,,,,,24.200000762939453,24.389999389648438,23.680000305175780,23.760000228881836,870600,,,,,23.210391998291016,,,,,,,,,,,,,,,,,,,,,,,,,,,,,,,,,,,,,,,,,,,,,,,,,,,,,,,,,,,,,,,,,,,,,,,,,,,,,,,,,,,,,,,,,,,,,,,,,,,,,,,,,,,,,,,,,,,,,,,,,,,,,,,,,,,,,,,,,,,,,0.2885287834856342,0.2644632418488434,0.21344781135553456,0.2668295335484405,,,,0.22910013769458853,,,,,,,,23.632613244854156,24.192219031391623,23.860718440205815,24.4258614613763,23.188315618194274,23.761612444325692,21.98569707459733,22.85734668129329,,,,,-0.020413157250682382,,0.08168831481627237,0.08303928899833579,0.2570859172306899,0.26231674699906327,42.82350586104254,42.81532521177845,,23.712502670288085,24.27400016784668,24.091434024629137,24.66190465291341,22.944001788184757,23.487301659962487,21.97792455128261,22.833829380217054,23.225240592956542,22.621185235977173,1,20685456.199264526421600,19094969.060997736,,,,,,,
2026-03-11,,,,,,,23.709999084472656,23.719999313354492,23.149999618530273,23.510000228881836,873100,,,,,22.966175079345703,,,,,,,,,,,,,,,,,,,,,,,,,,,,,,,,,,,,,,,,,,,,,,,,,,,,,,,,,,,,,,,,,,,,,,,,,,,,,,,,,,,,,,,,,,,,,,,,,,,,,,,,,,,,,,,,,,,,,,,,,,,,,,,,,,,,,,,,,,,,,0.17243261450810018,0.2638296414683036,0.2119049520387614,0.2644331908747983,,,,0.26891880563465853,,,,,,,,23.410467189684674,23.96481276388836,23.779396316491262,24.342601349331346,23.181373726355258,23.75374956259307,21.993447888864115,22.86250599787502,,,,,-0.01057762460215823,,0.0033429514053899823,0.0028819406396358715,0.20633732406562993,0.21042978572717777,40.31732566824676,40.309927373935345,,23.454609680175782,24.010000228881836,24.060267312186106,24.629999887375604,22.973928057958208,23.51793658544147,22.000106864505344,22.853273823147727,23.246145553588867,22.62638403892517,1,20526581.199836731011600,19198239.77924226,,,,,,,
2026-03-12,,,,,,,23.370000839233400,23.790000915527344,23.250000000000000,23.370000839233400,1062200,,,,,22.829414367675780,,,,,,,,,,,,,,,,,,,,,,,,,,,,,,,,,,,,,,,,,,,,,,,,,,,,,,,,,,,,,,,,,,,,,,,,,,,,,,,,,,,,,,,,,,,,,,,,,,,,,,,,,,,,,,,,,,,,,,,,,,,,,,,,,,,,,,,,,,,,,0.1341644049543862,0.2628213355179514,0.21241169931871015,0.26241283543258553,,,,0.200876226325523,,,,,,,,23.21678291568171,23.76654212233671,23.6930343211444,24.254183121140624,23.170374996396525,23.74175741498808,22.000056319526657,22.86651781480275,,,,,-0.005972676402898647,,-0.06898652628798274,-0.07112028577448726,0.1512725539949074,0.15411977142684477,38.942877397659345,38.93589052345515,,23.280727005004884,23.83200035095215,24.015610558646067,24.584285645257857,23.00121834164574,23.54587309701102,22.01933811581324,22.869583349379283,23.26099395751953,22.631329355239867,1,24823614.891433717480000,19354624.008902293,,,,,,,
2026-03-13,,,,,,,23.500000000000000,23.799999237060547,23.370000839233400,23.420000076293945,664900,,,,,22.878257751464844,,,,,,,,,,,,,,,,,,,,,,,,,,,,,,,,,,,,,,,,,,,,,,,,,,,,,,,,,,,,,,,,,,,,,,,,,,,,,,,,,,,,,,,,,,,,,,,,,,,,,,,,,,,,,,,,,,,,,,,,,,,,,,,,,,,,,,,,,,,,,0.14094151590237233,0.2520426421245004,0.2122773254181204,0.2624017787753744,,,,0.1337136641135628,,,,,,,,23.103941194276086,23.65102810698912,23.6189637239008,24.178348298881836,23.16124633249241,23.73170249815389,22.006998623336447,22.870893168648532,,,,,0.0021372080491610062,,-0.12097241094447853,-0.12430020737873804,0.09682356100703023,0.0984357756657282,39.7330913121564,39.726091635721325,,23.11465950012207,23.662000274658205,23.951416469755628,24.518571399507067,23.027578293331086,23.5728572361053,22.038503828502837,22.88581350871495,23.283071174621583,22.63618419647217,1,15571958.050727844030500,19289788.432269625,,,,,,,
2026-03-16,,,,,,,23.530000686645508,23.940000534057617,23.440000534057617,23.690000534057617,982600,,,,,23.142011642456055,,,,,,,,,,,,,,,,,,,,,,,,,,,,,,,,,,,,,,,,,,,,,,,,,,,,,,,,,,,,,,,,,,,,,,,,,,,,,,,,,,,,,,,,,,,,,,,,,,,,,,,,,,,,,,,,,,,,,,,,,,,,,,,,,,,,,,,,,,,,,0.19296572032591014,0.25573906031894195,0.21063571947637733,0.26190013862928613,,,,0.1446924007088448,,,,,,,,23.11663134366941,23.66401891601195,23.575604443769464,24.13395304753418,23.16064524842877,23.73039931177588,22.015971058270196,22.87736832568734,,,,,0.011462635155677825,,-0.1392832932493384,-0.14301036348777174,0.049602190155756495,0.05014654783502821,43.95151350969304,43.944563472065774,,23.00525016784668,23.550000381469726,23.90955062139602,24.47571427481515,23.05207752046131,23.597936599973647,22.060013006603906,22.904503988841224,23.309642028808593,22.642549057006836,1,23277794.524765014464200,19381708.98849245,,,,,,,
2026-03-17,,,,,,,23.920000076293945,24.020000457763672,23.590000152587890,23.639999389648438,840100,,,,,23.093166351318360,,,,,,,,,,,,,,,,,,,,,,,,,,,,,,,,,,,,,,,,,,,,,,,,,,,,,,,,,,,,,,,,,,,,,,,,,,,,,,,,,,,,,,,,,,,,,,,,,,,,,,,,,,,,,,,,,,,,,,,,,,,,,,,,,,,,,,,,,,,,,0.13349118778427851,0.24053445746633234,0.20761605650859696,0.2619171870142762,,,,0.07266101019580144,,,,,,,,23.108809679552394,23.656012407224114,23.531746435364816,24.089048169544565,23.15853653289407,23.7275743142094,22.024486436080856,22.883397029750274,,,,,-0.002112906727264893,,-0.15593864257325407,-0.16002826525269853,0.008494023609954382,0.008111585217482864,43.34640573826388,43.33962517586749,,22.981805038452148,23.526000213623046,23.83977426801409,24.40428570338658,23.069288980393182,23.615555627005442,22.081180125947984,22.922837317936004,23.338752670288088,22.646518173217775,1,19859963.487243652763800,19274598.396053012,,,,,,,
2026-03-18,,,,,,,23.489999771118164,23.690000534057617,23.319999694824220,23.549999237060547,1991200,,,,,23.005249023437500,,,,,,,,,,,,,,,,,,,,,,,,,,,,,,,,,,,,,,,,,,,,,,,,,,,,,,,,,,,,,,,,,,,,,,,,,,,,,,,,,,,,,,,,,,,,,,,,,,,,,,,,,,,,,,,,,,,,,,,,,,,,,,,,,,,,,,,,,,,,,0.10942710506009663,0.23986232697067159,0.2077099968637506,0.2606634837165809,,,,0.10082394889400452,,,,,,,,23.074289460847428,23.62067468383626,23.483883034280517,24.04004372113693,23.153746298223556,23.722025093048497,22.03223950001253,22.888666612416756,,,,,-0.003814336512860056,,-0.17422397497908548,-0.17871719458832303,-0.02804957610785359,-0.029254170743678316,42.219700017120424,42.21320041514041,,22.98961982727051,23.53400001525879,23.775114786057244,24.33809516543434,23.083709383767747,23.63031750633603,22.1000716724093,22.93875000968812,23.37489673614502,22.649760828018188,1,46892758.480834961186400,19784038.934653144,,,,,,,
2026-03-19,,,,,,,23.549999237060547,23.655000686645508,22.870000839233400,23.110000610351562,1040900,,,,,22.575428009033203,,,,,,,,,,,,,,,,,,,,,,,,,,,,,,,,,,,,,,,,,,,,,,,,,,,,,,,,,,,,,,,,,,,,,,,,,,,,,,,,,,,,,,,,,,,,,,,,,,,,,,,,,,,,,,,,,,,,,,,,,,,,,,,,,,,,,,,,,,,,,0.17491749257066916,0.2440969645874213,0.21124073088833561,0.2603976065297336,,,,0.07054460850581733,,,,,,,,22.908002310242686,23.45044999267469,23.401296213803487,23.95549434742917,23.135673851686356,23.702899327964218,22.03653348032099,22.89041628828976,,,,,-0.018860349752681877,,-0.22085234795632047,-0.22642246050512327,-0.06661013047754696,-0.0686878286959673,37.13733357651459,37.132084257126486,,22.938822555541993,23.481999969482423,23.704408191499255,24.26571428208124,23.09006678868854,23.636825440421937,22.115516163053968,22.951051598503476,23.40205368041992,22.65004158973694,1,24055199.635314940885800,19881937.332020108,,,,,,,
2026-03-20,,,,,,,23.180000305175780,23.430000305175780,23.010000228881836,23.120000839233400,2522900,,,,,22.585197448730470,,,,,,,,,,,,,,,,,,,,,,,,,,,,,,,,,,,,,,,,,,,,,,,,,,,,,,,,,,,,,,,,,,,,,,,,,,,,,,,,,,,,,,,,,,,,,,,,,,,,,,,,,,,,,,,,,,,,,,,,,,,,,,,,,,,,,,,,,,,,,0.172635404265461,0.2418096480072472,0.21110922672762514,0.2601043339232276,,,,-0.007686829203933158,,,,,,,,22.800400689738616,23.34030027486093,23.327105416978668,23.879540392138644,23.118471464093986,23.68468375019138,22.0408707448934,22.892231185925677,,,,,0.0004326529914337321,,-0.25408838460985095,-0.2604203290988778,-0.10410578130400776,-0.1070343287765494,37.32201895987472,37.316758188683075,,22.88021049499512,23.422000122070312,23.626258850097656,24.185714358375186,23.095183720664373,23.64206353444902,22.131851597437784,22.964305567362953,23.429601402282714,22.651662092208863,1,58329450.117301944860000,20544703.720138185,,,,,,,
2026-03-23,,,,,,,23.309999465942383,23.899999618530273,23.170000076293945,23.479999542236328,1164300,,,,,22.936868667602540,,,,,,,,,,,,,,,,,,,,,,,,,,,,,,,,,,,,,,,,,,,,,,,,,,,,,,,,,,,,,,,,,,,,,,,,,,,,,,,,,,,,,,,,,,,,,,,,,,,,,,,,,,,,,,,,,,,,,,,,,,,,,,,,,,,,,,,,,,,,,0.19406335820656437,0.24653754600178837,0.2132922021440253,0.2604093093915864,,,,-0.047107773074673225,,,,,,,,22.845890015693257,23.386866697319395,23.291629348853565,23.843218496692977,23.112796376703628,23.678287368692782,22.047953732424695,22.89687757609414,,,,,0.015450889867401185,,-0.24917887581459297,-0.2553712375399151,-0.1331204002061248,-0.13670171052922253,43.73062628430854,43.725381848220295,,22.839181900024414,23.379999923706055,23.55369150070917,24.11142857869466,23.105572655087425,23.652698456294953,22.15006423374963,22.97950397975861,23.450311012268067,22.65499315261841,1,27337763.467025756690400,20772079.256197006,,,,,,,
2026-03-24,,,,,,,24.690000534057617,25.396999359130860,23.950000762939453,24.479999542236328,4809900,,,,,23.913736343383790,,,,,,,,,,,,,,,,,,,,,,,,,,,,,,,,,,,,,,,,,,,,,,,,,,,,,,,,,,,,,,,,,,,,,,,,,,,,,,,,,,,,,,,,,,,,,,,,,,,,,,,,,,,,,,,,,,,,,,,,,,,,,,,,,,,,,,,,,,,,,0.3641512957458676,0.29024359009065964,0.2286408916427108,0.2616171830800518,,,,-0.11058899935988162,,,,,,,,23.201838791590102,23.751244312291707,23.348184530174493,23.901107682651464,23.137825750662383,23.70334087411602,22.062703002076546,22.909392374245463,,,,,0.04170743482953511,,-0.1645659830971269,-0.16873310326962,-0.13940951678432523,-0.14310798907730204,56.91032488282142,56.90549093338226,,23.0032958984375,23.547999954223634,23.52066403343564,24.077619007655553,23.131932576497395,23.679682565113854,22.174376434750027,23.001051600017245,23.48938575744629,22.665025386810303,1,117746349.798202514047200,22194363.96968781,,,,,,,
2026-03-25,,,,,,,24.959999084472656,25.655000686645508,24.500000000000000,24.989999771118164,6026000,,,,,24.411939620971680,,,,,,,,,,,,,,,,,,,,,,,,,,,,,,,,,,,,,,,,,,,,,,,,,,,,,,,,,,,,,,,,,,,,,,,,,,,,,,,,,,,,,,,,,,,,,,,,,,,,,,,,,,,,,,,,,,,,,,,,,,,,,,,,,,,,,,,,,,,,,0.3597960737775049,0.29871962293155563,0.23171675724128005,0.2609124667518686,,,,-0.13462727782318026,,,,,,,,23.605205734717295,24.16416279856719,23.444889538428782,24.000097872512075,23.17764180910955,23.743548964647335,22.08127404254212,22.925839863548806,,,,,0.020619305107938645,,-0.05665572326194024,-0.05824755983343266,-0.12285875807984822,-0.12613590322852816,61.82172407199061,61.817166335424695,,23.284634017944335,23.836000061035158,23.50252224150158,24.059047608148482,23.167440959385463,23.716031755719865,22.198627789815266,23.022440486484104,23.53314945220947,22.677213954925538,1,150589738.620758056264000,24388520.449138824,,,,,,,
2026-03-26,,,,,,,25.250000000000000,26.100000381469727,25.194999694824220,25.829999923706055,2897500,,,,,25.232509613037110,,,,,,,,,,,,,,,,,,,,,,,,,,,,,,,,,,,,,,,,,,,,,,,,,,,,,,,,,,,,,,,,,,,,,,,,,,,,,,,,,,,,,,,,,,,,,,,,,,,,,,,,,,,,,,,,,,,,,,,,,,,,,,,,,,,,,,,,,,,,,0.2535391280767987,0.2948363308845298,0.2393661028641125,0.261654590549795,,,,-0.08100533313670895,,,,,,,,24.1476403608239,24.719441840280147,23.60740045430227,24.1664526044388,23.241856427982285,23.80875055711792,22.106184995668563,22.94879765058562,,,,,0.03306088576394777,,0.09399357624107552,0.0959875369094334,-0.07948829121566348,-0.08171121520093584,68.24230988883484,68.23821915453536,,23.816050338745118,24.379999923706055,23.56299500238328,24.120952333722794,23.218610248868426,23.76841269599067,22.227839765094576,23.048988107651,23.583751220703125,22.693051176071165,1,74842424.778938294362500,25310891.770868454,,,,,,,
2026-03-27,,,,,,,25.829999923706055,26.735000610351562,25.819999694824220,26.690000534057617,1997900,,,,,26.072616577148438,,,,,,,,,,,,,,,,,,,,,,,,,,,,,,,,,,,,,,,,,,,,,,,,,,,,,,,,,,,,,,,,,,,,,,,,,,,,,,,,,,,,,,,,,,,,,,,,,,,,,,,,,,,,,,,,,,,,,,,,,,,,,,,,,,,,,,,,,,,,,0.16752443254433771,0.31298616995643885,0.2467819230630954,0.2620421550990709,,,,-0.03608391687458463,,,,,,,,24.789299099598747,25.37629473820597,23.831511010924647,24.395866052585966,23.330317682643727,23.898789618897286,22.137540186035995,22.978372376937177,,,,,0.032752363162562616,,0.2779695820914476,0.2843371623980211,-0.007996716554241261,-0.00850153968114446,73.20980892041418,73.2061668361706,,24.513534164428712,25.0939998626709,23.658355985369003,24.218571435837518,23.28420000227671,23.83555557614281,22.25827353341239,23.07668652610173,23.647052268981934,22.711821918487548,1,53323952.066993713004300,26014771.841233876,,,,,,,
2026-03-30,,,,,,,26.760000228881836,27.190000534057617,26.559999465942383,27.090000152587890,2434700,,,,,26.463363647460938,,,,,,,,,,,,,,,,,,,,,,,,,,,,,,,,,,,,,,,,,,,,,,,,,,,,,,,,,,,,,,,,,,,,,,,,,,,,,,,,,,,,,,,,,,,,,,,,,,,,,,,,,,,,,,,,,,,,,,,,,,,,,,,,,,,,,,,,,,,,,0.17041910943648847,0.31472456987667663,0.2478516425471589,0.2617200233091592,,,,0.00872688760965471,,,,,,,,25.34732061555281,25.947529876333277,24.070770341518855,24.640787334404322,23.428225369044263,23.99851494807512,22.171736418932632,23.010875363305956,,,,,0.014875682310835362,,0.4501132893542312,0.4605730247302624,0.08362528462745324,0.08531337320113691,75.15629406520128,75.15284575495444,,25.21883316040039,25.81599998474121,23.761159715198335,24.323809578305198,23.356302170526412,23.90936509389726,22.28877582247295,23.104384936983624,23.7189497756958,22.731255474090577,1,65956023.371505735783000,26895672.462227233,,,,,,,
2026-03-31,,,,,,,27.229999542236328,28.020000457763672,26.958000183105470,27.969999313354492,3277600,,,,,27.323007583618164,,,,,,,,,,,,,,,,,,,,,,,,,,,,,,,,,,,,,,,,,,,,,,,,,,,,,,,,,,,,,,,,,,,,,,,,,,,,,,,,,,,,,,,,,,,,,,,,,,,,,,,,,,,,,,,,,,,,,,,,,,,,,,,,,,,,,,,,,,,,,0.13319966765535615,0.3285867782727565,0.25440272337173475,0.26346538990581947,,,,0.07294222227225004,,,,,,,,26.00588293824126,26.621686355340348,24.366428272618794,24.943442968854338,23.5499373132497,24.1226238344901,22.212457930115917,23.050077924175906,,,,,0.03196784330894747,,0.6484298037481047,0.66360022286106,0.19658618845158352,0.20097074313312152,78.80483799559059,78.80178142561384,,25.900687408447265,26.513999938964844,23.891874040876115,24.457619076683407,23.439413494533962,23.99444443838937,22.322244772835383,23.13509922178965,23.807258644104003,22.75360071182251,1,91674469.749450682979200,28108680.435840666,,,,,,,
2026-04-01,,,,,,,27.969999313354492,28.620000839233400,27.780000686645508,28.600000381469727,4588800,,,,,27.938436508178710,,,,,,,,,,,,,,,,,,,,,,,,,,,,,,,,,,,,,,,,,,,,,,,,,,,,,,,,,,,,,,,,,,,,,,,,,,,,,,,,,,,,,,,,,,,,,,,,,,,,,,,,,,,,,,,,,,,,,,,,,,,,,,,,,,,,,,,,,,,,,0.12892457582127684,0.2996299027298623,0.25460302299571785,0.2642094809618567,,,,0.19740403368435447,,,,,,,,26.650067461553743,27.28112436405014,24.69115629403333,25.2758572790921,23.68707791309123,24.26254185158321,22.25772258290693,23.09395082897665,,,,,0.022274277465964328,,0.8455105220701,0.865361215743544,0.3263710551752868,0.333848837655206,80.96059834026381,80.95779057423893,,26.60598678588867,27.236000061035156,24.091899599347794,24.66238103594099,23.537255393134224,24.094603160070996,22.357563071780735,23.16767859080481,23.909439086914062,22.780672597885133,1,131239681.750488283257600,29879223.87935699,,,,,,,
2026-04-02,,,,,,,28.489999771118164,28.850000381469727,28.315000534057617,28.370000839233400,2764500,,,,,27.713754653930664,,,,,,,,,,,,,,,,,,,,,,,,,,,,,,,,,,,,,,,,,,,,,,,,,,,,,,,,,,,,,,,,,,,,,,,,,,,,,,,,,,,,,,,,,,,,,,,,,,,,,,,,,,,,,,,,,,,,,,,,,,,,,,,,,,,,,,,,,,,,,0.2653660637182992,0.3000059351005004,0.2557063226554308,0.26418462533107606,,,,0.11917094448856302,,,,,,,,27.004629859012717,27.644083189111228,24.965937963114907,25.557143057286762,23.812911561242462,24.39089994494728,22.300853271215416,23.13565873419607,,,,,-0.008074545504651897,,0.9723597059200202,0.9952268596099039,0.4555687853242335,0.4661244420461456,77.84756652938658,77.84498330067726,,27.102235794067383,27.744000244140626,24.256571724301292,24.830952508108957,23.63091072203621,24.19047619047619,22.391100542885916,23.19839288317968,24.01220561981201,22.80499547958374,1,78428867.320060734300000,30863928.869453307,,,,,,,
2026-04-06,,,,,,,28.399999618530273,28.850000381469727,28.159999847412110,28.819999694824220,1818500,,,,,28.153345108032227,,,,,,,,,,,,,,,,,,,,,,,,,,,,,,,,,,,,,,,,,,,,,,,,,,,,,,,,,,,,,,,,,,,,,,,,,,,,,,,,,,,,,,,,,,,,,,,,,,,,,,,,,,,,,,,,,,,,,,,,,,,,,,,,,,,,,,,,,,,,,0.23454316530141575,0.2814009476309755,0.2556429669754702,0.26449718359640634,,,,0.16250177603125637,,,,,,,,27.387534942019222,28.036055357682226,25.25570224901648,25.853766387971987,23.948550109579642,24.529309312130934,22.347118028818713,23.180594235861115,,,,,0.015737331219380524,,1.095728992102046,1.1215291746564908,0.583600826679796,0.5972053885682146,79.50777951487963,79.50534716306045,,27.51838150024414,28.170000076293945,24.468691598801385,25.0480953398205,23.73433470347571,24.296349207560223,22.42578957572816,23.230257957700697,24.123959312438966,22.834026412963865,1,52409169.445037844070000,31269485.693383597,,,,,,,
2026-04-07,,,,,,,28.510000228881836,28.795000076293945,28.239999771118164,28.379999160766600,2683900,,,,,28.027919769287110,,,,,,,,,,,,,,,,,,,,,,,,,,,,,,,,,,,,,,,,,,,,,,,,,,,,,,,,,,,,,,,,,,,,,,,,,,,,,,,,,,,,,,,,,,,,,,,,,,,,,,,,,,,,,,,,,,,,,,,,,,,,,,,,,,,,,,,,,,,,,0.27392347272958023,0.28360064067248114,0.25131638769465514,0.26455301544705506,,,,0.11115439300327153,,,,,,,,27.600996551108516,28.150703292043683,25.50772202358654,26.083423912771497,24.0760304114455,24.6496433699008,22.39202555245878,23.22169625107776,,,,,-0.004465031088121099,,1.1698934600416102,1.172603262934473,0.7008593533521589,0.7122849634414663,77.71805574580624,73.6901169258419,,27.831292724609376,28.427999877929686,24.67437371753511,25.24380956377302,23.842745402502636,24.402380928160653,22.4596844854809,23.260059538341704,24.24004261016846,22.86240633010864,1,76169079.747581477740000,32155533.138338726,,,,,,,
2026-04-08,,,,,,,28.219999313354492,29.264999389648438,28.000000000000000,29.159999847412110,1582500,,,,,28.798244476318360,,,,,,,,,,,,,,,,,,,,,,,,,,,,,,,,,,,,,,,,,,,,,,,,,,,,,,,,,,,,,,,,,,,,,,,,,,,,,,,,,,,,,,,,,,,,,,,,,,,,,,,,,,,,,,,,,,,,,,,,,,,,,,,,,,,,,,,,,,,,,0.2523783178610275,0.2891439019647186,0.2552572449192841,0.25984825780817467,,,,0.1223829590070158,,,,,,,,28.00007919284513,28.487135477166493,25.80686042838034,26.36311263410246,24.22359960097278,24.790592009823026,22.442667599287706,23.26863936251123,,,,,0.027113281616529566,,1.2761178094435692,1.2614778511133373,0.815911044570441,0.8221235409758405,80.60558442670951,76.9137814712139,,28.126340103149413,28.665999984741212,24.91766829717727,25.47761908031645,23.963073397439622,24.520476174732995,22.50071192544604,23.29732144068158,24.355902519226074,22.89475739479065,1,46145699.758529664075000,32515282.479622252,,,,,,,
2026-04-09,,,,,,,28.950000762939453,29.750000000000000,28.750000000000000,29.590000152587890,1572500,,,,,29.222909927368164,,,,,,,,,,,,,,,,,,,,,,,,,,,,,,,,,,,,,,,,,,,,,,,,,,,,,,,,,,,,,,,,,,,,,,,,,,,,,,,,,,,,,,,,,,,,,,,,,,,,,,,,,,,,,,,,,,,,,,,,,,,,,,,,,,,,,,,,,,,,,0.23520570585383727,0.2685179556014396,0.25576649226911646,0.258866624022713,,,,0.15721342481405506,,,,,,,,28.40768943768614,28.85475703564029,26.11741038283378,26.656466044873863,24.379828048672632,24.94057351428443,22.49626635286937,23.31861059405334,,,,,0.01463855860016955,,1.3786758079539965,1.3510351413972579,0.928463997247152,0.927905861060124,81.99112009731546,78.47925822630008,,28.383234786987305,28.863999938964845,25.20397867475237,25.755238124302455,24.09029718429323,24.64555555676657,22.545165985349623,23.338154777647958,24.475762100219725,22.927988681793213,1,46530275.239944457025000,33032864.270528156,,,,,,,
2026-04-10,,,,,,,29.500000000000000,29.805000305175780,29.139999389648438,29.219999313354492,1876500,,,,,28.857500076293945,,,,,,,,,,,,,,,,,,,,,,,,,,,,,,,,,,,,,,,,,,,,,,,,,,,,,,,,,,,,,,,,,,,,,,,,,,,,,,,,,,,,,,,,,,,,,,,,,,,,,,,,,,,,,,,,,,,,,,,,,,,,,,,,,,,,,,,,,,,,,0.2569825892831657,0.27062716946755916,0.252137471844953,0.2584810927426055,,,,0.11991857649158774,,,,,,,,28.557626317222077,28.976504461545026,26.36650944587561,26.889514523826648,24.5197552995358,25.07430557050537,22.54655278546561,23.365261888277065,,,,,-0.012583061050059307,,1.4141666071804124,1.3762889612375844,1.0256045192338041,1.017582481095616,76.90030766663628,73.83944123055774,,28.611983871459962,29.033999633789062,25.484517960321334,26.027142842610676,24.20071165902274,24.75349205259293,22.58946680644202,23.378908740149605,24.590853385925293,22.959631977081298,1,54831328.711509704238000,33679750.15407744,,,,,,,
2026-04-13,,,,,,,29.309999465942383,29.450000762939453,28.540000915527344,28.729999542236328,1607700,,,,,28.373579025268555,,,,,,,,,,,,,,,,,,,,,,,,,,,,,,,,,,,,,,,,,,,,,,,,,,,,,,,,,,,,,,,,,,,,,,,,,,,,,,,,,,,,,,,,,,,,,,,,,,,,,,,,,,,,,,,,,,,,,,,,,,,,,,,,,,,,,,,,,,,,,0.297148517759565,0.28163597340933866,0.25569311994904076,0.254541693112531,,,,0.11154211682993097,,,,,,,,28.496277219904236,28.894336155108792,26.548970316729516,27.056831343682074,24.64018729096495,25.18854600712196,22.592616234001603,23.407670881588995,,,,,-0.01691153100777791,,1.3872535414534397,1.3413022120063367,1.0979343236777312,1.0823264272777602,70.64457686898663,68.09754586423574,,28.656030654907227,29.015999603271485,25.748525801159087,26.282380876087007,24.302514515225848,24.852698401799277,22.628216236356703,23.413829372042702,24.694703254699707,22.991246252059938,1,46189220.264053344525600,34122385.148311794,,,,,,,
2026-04-14,,,,,,,28.549999237060547,29.040000915527344,28.350000381469727,28.799999237060547,1651100,,,,,28.442710876464844,,,,,,,,,,,,,,,,,,,,,,,,,,,,,,,,,,,,,,,,,,,,,,,,,,,,,,,,,,,,,,,,,,,,,,,,,,,,,,,,,,,,,,,,,,,,,,,,,,,,,,,,,,,,,,,,,,,,,,,,,,,,,,,,,,,,,,,,,,,,,0.29233554125390315,0.28152891183122564,0.2552099572111331,0.25426268381596273,,,,0.12955017148144232,,,,,,,,28.478421772091107,28.86289051575938,26.721128549432727,27.215301152171026,24.75901615301182,25.301403920557544,22.638862041451908,23.450297983213275,,,,,0.002433523393823418,,1.3558734405781259,1.3041894671871255,1.14952214705781,1.1266990352596333,71.00742518823452,68.47469328843563,,28.738988876342773,29.099999618530273,26.01349975949242,26.538571312313987,24.401228102426682,24.948730135720872,22.667990457443963,23.450813497815812,24.79661437988281,23.02229776382446,1,47551678.740310669151700,34533432.03307863,,,,,,,
2026-04-15,,,,,,,28.729999542236328,28.780000686645508,27.819999694824220,28.030000686645508,1544300,,,,,27.682264328002930,,,,,,,,,,,,,,,,,,,,,,,,,,,,,,,,,,,,,,,,,,,,,,,,,,,,,,,,,,,,,,,,,,,,,,,,,,,,,,,,,,,,,,,,,,,,,,,,,,,,,,,,,,,,,,,,,,,,,,,,,,,,,,,,,,,,,,,,,,,,,0.2616341560831637,0.30990099726244713,0.26011804502026975,0.25560014256195573,,,,0.1109789877476579,,,,,,,,28.213035957395046,28.58526057272142,26.808504529302745,27.28936474621416,24.85036765848029,25.38667256949779,22.678730834230965,23.486501166639616,,,,,-0.027099988375737467,,1.2551739395526056,1.198825586544249,1.1706525055567691,1.1411243455165565,61.9381935243808,60.063185371824076,,28.515792846679688,28.873999786376952,26.229702268327987,26.745237986246746,24.48027323162745,25.0247618962848,22.70373392861987,23.48367064339774,24.877455368041993,23.050168590545653,1,43286730.060386658004400,34883247.878628686,,,,,,,
2026-04-16,,,,,,,28.030000686645508,28.649999618530273,28.000000000000000,28.639999389648438,1931400,,,,,28.284694671630860,,,,,,,,,,,,,,,,,,,,,,,,,,,,,,,,,,,,,,,,,,,,,,,,,,,,,,,,,,,,,,,,,,,,,,,,,,,,,,,,,,,,,,,,,,,,,,,,,,,,,,,,,,,,,,,,,,,,,,,,,,,,,,,,,,,,,,,,,,,,,0.3006938194499146,0.3104911251315614,0.26246049819746725,0.2563098252708876,,,,0.15723966312349658,,,,,,,,28.23692219547365,28.603506845030427,26.942703633150757,27.412149713799096,24.957690377641246,25.4883390326275,22.723046753894206,23.52724028302704,,,,,0.02152890286591398,,1.210031464000906,1.1512745727582434,1.1785282972455966,1.1431543909648938,65.6781010823314,63.851592295398525,,28.328149795532227,28.683999633789064,26.476917902628582,26.983333224341983,24.565624509538925,25.10714282686748,22.741305146898544,23.518353182172017,24.97229869842529,23.079091300964354,1,55315294.821166993153200,35529522.86825029,,,,,,,
2026-04-17,,,,,,,28.540000915527344,29.165000915527344,28.459999084472656,29.000000000000000,1320600,,,,,28.640230178833008,,,,,,,,,,,,,,,,,,,,,,,,,,,,,,,,,,,,,,,,,,,,,,,,,,,,,,,,,,,,,,,,,,,,,,,,,,,,,,,,,,,,,,,,,,,,,,,,,,,,,,,,,,,,,,,,,,,,,,,,,,,,,,,,,,,,,,,,,,,,,0.3208889856958225,0.3066921744132853,0.2628850987926013,0.25653498340877656,,,,0.16356971943416962,,,,,,,,28.37135818992677,28.735671230020284,27.097024228212778,27.556499739817358,25.07276974642849,25.59807843785789,22.769822907451037,23.57050320569086,,,,,0.012491545003605546,,1.1892357020890536,1.1296175642330546,1.180669778214288,1.140447025618526,67.69551545873867,65.90704216570673,,28.28469581604004,28.639999771118163,26.745250338599796,27.242857070196244,24.6572394598098,25.19587298801967,22.780287220364524,23.554464294796897,25.067805404663087,23.106492681503298,1,38297400.000000000000000,35844978.90190246,,,,,,,
2026-04-20,,,,,,,29.040000915527344,29.329999923706055,28.549999237060547,28.559999465942383,2685000,,,,,28.205688476562500,,,,,,,,,,,,,,,,,,,,,,,,,,,,,,,,,,,,,,,,,,,,,,,,,,,,,,,,,,,,,,,,,,,,,,,,,,,,,,,,,,,,,,,,,,,,,,,,,,,,,,,,,,,,,,,,,,,,,,,,,,,,,,,,,,,,,,,,,,,,,0.31615428544471547,0.30261629141272217,0.265559213932949,0.25706151174525965,,,,0.1165503857432547,,,,,,,,28.31613495213868,28.67711397532765,27.197811887153662,27.647726987646905,25.170673456745178,25.69063846998553,22.812794176772073,23.609945863874664,,,,,-0.015288702402015302,,1.124725887280821,1.0646769301733094,1.1694810000275946,1.1252930065294826,62.83420775030332,61.31782008765337,,28.251117706298828,28.605999755859376,27.013357979910715,27.502380825224378,24.74133667113289,25.276984078543528,22.81773254606459,23.589027783227344,25.15188606262207,23.132199468612672,1,76683598.566055298355000,36843647.20536489,,,,,,,
2026-04-21,,,,,,,28.780000686645508,29.259000778198242,28.301000595092773,29.000000000000000,1004900,,,,,28.640230178833008,,,,,,,,,,,,,,,,,,,,,,,,,,,,,,,,,,,,,,,,,,,,,,,,,,,,,,,,,,,,,,,,,,,,,,,,,,,,,,,,,,,,,,,,,,,,,,,,,,,,,,,,,,,,,,,,,,,,,,,,,,,,,,,,,,,,,,,,,,,,,0.33785600035647356,0.30069515000367264,0.26626965460182633,0.2562767818110159,,,,0.15245657106343596,,,,,,,,28.424166694370122,28.784742650218433,27.328940822760877,27.770660897860825,25.279097104310424,25.794056017798482,22.8588608645354,23.652554987480396,,,,,0.015288702402015263,,1.0960309158910384,1.0367642032972064,1.1547909832002834,1.1075872458830274,65.5021129388428,64.01617610221018,,28.29062156677246,28.645999908447266,27.301692871820357,27.78238078526088,24.83357184273856,25.366349144587442,22.854951071360755,23.623273811643084,25.246611289978027,23.158501176834108,1,29142100.000000000000000,37112805.64286368,,,,,,,
2026-04-22,,,,,,,29.010000228881836,29.270000457763672,28.850000381469727,28.879999160766600,1187200,,,,,28.521717071533203,,,,,,,,,,,,,,,,,,,,,,,,,,,,,,,,,,,,,,,,,,,,,,,,,,,,,,,,,,,,,,,,,,,,,,,,,,,,,,,,,,,,,,,,,,,,,,,,,,,,,,,,,,,,,,,,,,,,,,,,,,,,,,,,,,,,,,,,,,,,,0.2414968323929499,0.3049286456534092,0.2650499113927262,0.25426043987692476,,,,0.13596017721041084,,,,,,,,28.456683486757814,28.816494820401157,27.437375027194722,27.871509830852258,25.380428978286133,25.890491741016238,22.9036265262508,23.69387865683444,,,,,-0.004146579422544878,,1.0516046828421786,0.9935075645432185,1.1341537231286625,1.0847713096150655,64.1496026594579,62.73093144394115,,28.458512115478516,28.815999603271486,27.567638033912296,28.039523624238512,24.927957383413162,25.457936423165457,22.894025704217334,23.659503967042955,25.344632110595704,23.185835914611815,1,34286335.003662107520000,37391304.85812596,,,,,,,
2026-04-23,,,,,,,29.100000381469727,29.514999389648438,28.969999313354492,29.280000686645508,1088800,,,,,28.916757583618164,,,,,,,,,,,,,,,,,,,,,,,,,,,,,,,,,,,,,,,,,,,,,,,,,,,,,,,,,,,,,,,,,,,,,,,,,,,,,,,,,,,,,,,,,,,,,,,,,,,,,,,,,,,,,,,,,,,,,,,,,,,,,,,,,,,,,,,,,,,,,0.2147828615273054,0.2833522632114652,0.26566658195131515,0.25454405039760514,,,,0.17681200570183345,,,,,,,,28.6100415190446,28.97099677581594,27.571864350505948,27.99955445410619,25.49093924720276,25.99641389556715,22.95116115911536,23.738037724263776,,,,,0.013755474647955209,,1.0363269093908265,0.9802039657087107,1.1145883603810953,1.0638578408337946,66.62352289943729,65.23636725204932,,28.584924697875977,28.9439998626709,27.805877140590123,28.26809510730562,25.028768448602584,25.556031666104754,22.934630431826154,23.697281746637252,25.447623138427733,23.216293334960938,1,31880064.747619629110400,37651230.961166866,,,,,,,
2026-04-24,,,,,,,29.270000457763672,29.395000457763672,29.059999465942383,29.350000381469727,1330700,,,,,28.985887527465820,,,,,,,,,,,,,,,,,,,,,,,,,,,,,,,,,,,,,,,,,,,,,,,,,,,,,,,,,,,,,,,,,,,,,,,,,,,,,,,,,,,,,,,,,,,,,,,,,,,,,,,,,,,,,,,,,,,,,,,,,,,,,,,,,,,,,,,,,,,,,0.20248765448538703,0.28099828877444744,0.26281060350509855,0.2508910275240754,,,,0.24021073748299412,,,,,,,,28.735323521851672,29.09733131103387,27.700411912047752,28.122322265684694,25.600156380960982,26.101213473251605,22.998866505900743,23.782401065427457,,,,,0.0023878003003460317,,1.0180617899921032,0.9641945238647054,1.0952830463032968,1.0439251774399767,67.05200235009994,65.67128929175585,,28.65405616760254,29.013999938964844,28.02368418375651,28.475714183989027,25.136103887406605,25.660793576921737,22.972132463303822,23.731765875740656,25.54281421661377,23.246140184402467,1,39056045.507621765718900,38072701.52477991,,,,,,,
2026-04-27,,,,,,,29.350000381469727,29.350000381469727,28.719999313354492,28.729999542236328,1593200,,,,,28.373579025268555,,,,,,,,,,,,,,,,,,,,,,,,,,,,,,,,,,,,,,,,,,,,,,,,,,,,,,,,,,,,,,,,,,,,,,,,,,,,,,,,,,,,,,,,,,,,,,,,,,,,,,,,,,,,,,,,,,,,,,,,,,,,,,,,,,,,,,,,,,,,,0.2374102183872642,0.2834936924105919,0.2603501645731058,0.2517057184329187,,,,0.18248842460265766,,,,,,,,28.614742022990633,28.974887388101354,27.761608922340553,28.177565654462114,25.686825838595592,26.18336303790738,23.04135435190365,23.821512515837014,,,,,-0.021350678413362103,,0.9433045448179129,0.8912047856849483,1.06488734600622,1.0133810990889711,59.736891786695885,58.66992593992963,,28.68763427734375,29.047999954223634,28.173258917672293,28.61380940391904,25.22131547473726,25.74301580398802,23.00791763124012,23.764543654426696,25.629861907958983,23.272686424255372,1,45772635.270690917769600,38202838.215065,,,,,,,
2026-04-28,,,,,,,28.540000915527344,28.555000305175780,25.739999771118164,26.879999160766600,4011200,,,,,26.546529769897460,,,,,,,,,,,,,,,,,,,,,,,,,,,,,,,,,,,,,,,,,,,,,,,,,,,,,,,,,,,,,,,,,,,,,,,,,,,,,,,,,,,,,,,,,,,,,,,,,,,,,,,,,,,,,,,,,,,,,,,,,,,,,,,,,,,,,,,,,,,,,0.49856707974251685,0.36157535376740135,0.29511624536767994,0.25944191145216944,,,,0.11519206888545444,,,,,,,,27.925337938626242,28.276591312323102,27.651147181209364,28.05960506412616,25.713691586448775,26.20513291674673,23.069063248488582,23.845690275875985,,,,,-0.0665593624629807,,0.7282366252949402,0.676284535476043,0.997557201863964,0.9459617863663855,44.23089949822781,43.699150584813395,,28.26889419555664,28.623999786376952,28.195826212565105,28.622856957571848,25.273959901597763,25.792222128974068,23.038328723301962,23.791964288741823,25.669623107910155,23.290862407684326,1,107821052.633666985920000,39627602.375575475,,,,,,,
2026-04-29,,,,,,,26.799999237060547,27.280000686645508,26.215000152587890,26.420000076293945,1555200,,,,,26.092237472534180,,,,,,,,,,,,,,,,,,,,,,,,,,,,,,,,,,,,,,,,,,,,,,,,,,,,,,,,,,,,,,,,,,,,,,,,,,,,,,,,,,,,,,,,,,,,,,,,,,,,,,,,,,,,,,,,,,,,,,,,,,,,,,,,,,,,,,,,,,,,,0.4888773826424183,0.3630119696126851,0.2972816225753548,0.2600731167955304,,,,0.05621406169731583,,,,,,,,27.314304449928887,27.65772756698005,27.509428116784346,27.91055006523232,25.725521145388946,26.21184751548258,23.092961858955345,23.866040550978102,,,,,-0.017261178433340893,,0.5151972842802088,0.4634976941239408,0.901085218347213,0.8494689679178965,41.356355237737,40.90424604940942,,27.782998275756835,28.131999969482422,28.17815353756859,28.59095219203404,25.32140913463774,25.83619039020841,23.067162195841473,23.817797622983417,25.704205894470213,23.308153476715088,1,41088384.118652343264000,40024266.33396149,,,,,,,
2026-04-30,,,,,,,26.489999771118164,26.875000000000000,26.254999160766600,26.280000686645508,1490100,,,,,25.953973770141600,,,,,,,,,,,,,,,,,,,,,,,,,,,,,,,,,,,,,,,,,,,,,,,,,,,,,,,,,,,,,,,,,,,,,,,,,,,,,,,,,,,,,,,,,,,,,,,,,,,,,,,,,,,,,,,,,,,,,,,,,,,,,,,,,,,,,,,,,,,,,0.42602479676020577,0.343207129044481,0.29761773479528036,0.24630142333872507,,,,-0.04744340318377104,,,,,,,,26.860860889999792,27.1984852735352,27.36802317618046,27.76231830354261,25.732660289912467,26.21397730208142,23.115578553905433,23.885123239797608,,,,,-0.0053131255608625735,,0.3313853424478346,0.28033428939892957,0.7871452431673374,0.7356420322141032,40.493795454065456,40.064387118080965,,27.190441513061522,27.53199996948242,28.112961451212566,28.51047606695266,25.365423232790025,25.876666598849827,23.088843058026026,23.8360912761991,25.742080039978028,23.325087900161744,1,39159829.023170471470800,40338942.92755127,,,,,,,
2026-05-01,,,,,,,26.559999465942383,26.606000900268555,26.159999847412110,26.290000915527344,1145800,,,,,25.963850021362305,,,,,,,,,,,,,,,,,,,,,,,,,,,,,,,,,,,,,,,,,,,,,,,,,,,,,,,,,,,,,,,,,,,,,,,,,,,,,,,,,,,,,,,,,,,,,,,,,,,,,,,,,,,,,,,,,,,,,,,,,,,,,,,,,,,,,,,,,,,,,0.41908019103173605,0.3315168475993507,0.2974312794362186,0.24515215820593356,,,,-0.18127673264098224,,,,,,,,26.56185726712063,26.89565715419925,27.240371071196993,27.628471268268495,25.739884969020274,26.216353040001607,23.13809453388533,23.904134130514837,,,,,0.0003804570615092354,,0.1843845152697341,0.13443324367732146,0.6665930975878167,0.6154002745067468,40.58911492003583,40.158903258434975,,26.58603401184082,26.920000076293945,28.018933523268927,28.400476092383975,25.4069580804734,25.91460312737359,23.108536894359286,23.852281759655664,25.776830368041992,23.340350484848024,1,30123083.049011230755200,40601190.439711675,,,,,,,
2026-05-04,,,,,,,26.290000915527344,26.680000305175780,26.190000534057617,26.610000610351562,1446800,,,,,26.279880523681640,,,,,,,,,,,,,,,,,,,,,,,,,,,,,,,,,,,,,,,,,,,,,,,,,,,,,,,,,,,,,,,,,,,,,,,,,,,,,,,,,,,,,,,,,,,,,,,,,,,,,,,,,,,,,,,,,,,,,,,,,,,,,,,,,,,,,,,,,,,,,0.48460518323074697,0.33534522894331503,0.297376836519839,0.24518881843925203,,,,-0.09849703482409115,,,,,,,,26.467865019307634,26.800438306250022,27.153053748695594,27.535883026639684,25.75675983010344,26.228654526575042,23.162930786769095,23.925524379367303,,,,,0.012098460575738528,,0.0923220894289436,0.044118345976265516,0.5517388959560421,0.5011438888006505,43.69705080023121,43.243247702204194,,26.167294311523438,26.496000289916992,27.950653802780877,28.316666557675315,25.448857534499396,25.952857093205527,23.130272789606973,23.870575412871347,25.813212318420412,23.35704978942871,1,38499348.883056639901600,40838996.60068996,,,,,,,
2026-05-05,,,,,,,26.629999160766600,26.819999694824220,26.430000305175780,26.469999313354492,993400,,,,,26.141616821289062,,,,,,,,,,,,,,,,,,,,,,,,,,,,,,,,,,,,,,,,,,,,,,,,,,,,,,,,,,,,,,,,,,,,,,,,,,,,,,,,,,,,,,,,,,,,,,,,,,,,,,,,,,,,,,,,,,,,,,,,,,,,,,,,,,,,,,,,,,,,,0.16898548581135245,0.3287582942758526,0.29747571934948736,0.24149543592565118,,,,-0.17019860938889875,,,,,,,,26.359115619968108,26.690291975284843,27.061104937113182,27.438984507250122,25.768786611077992,26.2361965511619,23.186477711943166,23.945638805722933,,,,,-0.005275088656834543,,0.00811172153457207,-0.0383121570653735,0.44301346107174805,0.39325267962744576,42.64594216122674,42.21800148281438,,26.086311721801756,26.41400032043457,27.85485721769787,28.20476177760533,25.490112910195002,25.990476123870366,23.147782832857164,23.88442461831229,25.843898391723634,23.374970235824584,1,26295297.317886352352800,40826981.47195483,,,,,,,
2026-05-06,,,,,,,26.620000839233400,26.860000610351562,26.110000610351562,26.170000076293945,1313200,,,,,25.845338821411133,,,,,,,,,,,,,,,,,,,,,,,,,,,,,,,,,,,,,,,,,,,,,,,,,,,,,,,,,,,,,,,,,,,,,,,,,,,,,,,,,,,,,,,,,,,,,,,,,,,,,,,,,,,,,,,,,,,,,,,,,,,,,,,,,,,,,,,,,,,,,0.14074153281740678,0.3298820403564247,0.29759966092226664,0.241171011832566,,,,-0.1703905838333371,,,,,,,,26.187856687115783,26.51686134228788,26.950580744776634,27.323622286254103,25.771178867650903,26.234127911322275,23.207496376840147,23.96322268928476,,,,,-0.011398290357130799,,-0.08159221594027954,-0.12638941731005815,0.33809232566934255,0.28932426023994495,40.40316183679853,40.027989816812116,,26.03693199157715,26.36400032043457,27.750924791608536,28.099523725963774,25.521548528519887,26.01809516785637,23.165543026394314,23.898591283767942,25.864946823120118,23.391600551605226,1,34366444.100189208574000,40885664.35635279,,,,,,,
2026-05-07,,,,,,,26.170000076293945,26.360000610351562,25.844999313354492,26.079999923706055,1230700,,,,,25.756454467773438,,,,,,,,,,,,,,,,,,,,,,,,,,,,,,,,,,,,,,,,,,,,,,,,,,,,,,,,,,,,,,,,,,,,,,,,,,,,,,,,,,,,,,,,,,,,,,,,,,,,,,,,,,,,,,,,,,,,,,,,,,,,,,,,,,,,,,,,,,,,,0.1384956158415319,0.3101224100974194,0.29760692952559886,0.24070848711605933,,,,-0.214680650353603,,,,,,,,26.044055947335004,26.37124086942727,26.842023810503616,27.210565707840647,25.77071873015473,26.22931141170927,23.227646243171634,23.979956106157655,,,,,-0.0034450136663686944,,-0.15803374256044123,-0.2011349818984023,0.23886711202338579,0.19123241181227552,39.72813995113572,39.36820525001687,,25.997428131103515,26.32400016784668,27.606077648344495,27.952857062930153,25.549402479141477,26.042063425457666,23.18418872924078,23.913710329267715,25.900824279785155,23.407164888381956,1,32096655.906105041888500,40977913.0902033,,,,,,,
2026-05-08,,,,,,,26.260000228881836,26.260000228881836,25.704999923706055,25.950000762939453,1167900,,,,,25.628068923950195,,,,,,,,,,,,,,,,,,,,,,,,,,,,,,,,,,,,,,,,,,,,,,,,,,,,,,,,,,,,,,,,,,,,,,,,,,,,,,,,,,,,,,,,,,,,,,,,,,,,,,,,,,,,,,,,,,,,,,,,,,,,,,,,,,,,,,,,,,,,,0.13908792521575225,0.3015441819337017,0.29767782124231984,0.24060662894056972,,,,-0.2536531026920225,,,,,,,,25.905393606206733,26.230827500597997,26.731664275362395,27.09596889466781,25.76626092371084,26.220582953935214,23.246621916537475,23.995529581705338,,,,,-0.0049970614692671144,,-0.2263644550315398,-0.2677744885527211,0.1458207986124007,0.09943103173927618,38.7218252637145,38.3840333383178,,25.930271911621094,26.256000137329103,27.43489474341983,27.779523758661178,25.576769147600448,26.065555511959015,23.201499484834216,23.92744049193367,25.931984939575194,23.420892000198364,1,30307005.891036987158700,41107773.92372555,,,,,,,
2026-05-11,,,,,,,25.950000762939453,25.950000762939453,25.319999694824220,25.440000534057617,1111600,,,,,25.124395370483400,,,,,,,,,,,,,,,,,,,,,,,,,,,,,,,,,,,,,,,,,,,,,,,,,,,,,,,,,,,,,,,,,,,,,,,,,,,,,,,,,,,,,,,,,,,,,,,,,,,,,,,,,,,,,,,,,,,,,,,,,,,,,,,,,,,,,,,,,,,,,0.10772650675263787,0.30450262560086677,0.2995043952817726,0.24141112061730546,,,,-0.23690368637500908,,,,,,,,25.64506086096562,25.967218511751206,26.585548920373395,26.94542631643052,25.746202625172483,26.196189753314037,23.261465975461945,24.006948324411677,,,,,-0.01984889194013728,,-0.3174993484973392,-0.3576171460581854,0.0531567691904527,0.00802139617978387,34.97852412445709,34.71725058724044,,25.699174880981445,26.022000122070313,27.257127852666947,27.5995238167899,25.600637708391464,26.08555551559206,23.216248693920317,23.93855160758609,25.948383140563966,23.432770109176637,1,28279104.593658447057200,41339949.73993756,,,,,,,
2026-05-12,,,,,,,25.479999542236328,25.620000839233400,25.239999771118164,25.520000457763672,1198600,,,,,25.203403472900390,,,,,,,,,,,,,,,,,,,,,,,,,,,,,,,,,,,,,,,,,,,,,,,,,,,,,,,,,,,,,,,,,,,,,,,,,,,,,,,,,,,,,,,,,,,,,,,,,,,,,,,,,,,,,,,,,,,,,,,,,,,,,,,,,,,,,,,,,,,,,0.1382593207971221,0.30386590386064866,0.2993512116136113,0.24128430521632407,,,,-0.19293110209233594,,,,,,,,25.497841731610546,25.818145827088692,26.459899334239488,26.815842147460806,25.72924015166398,26.17505883782809,23.27681726002668,24.01890921084134,,,,,0.0031397426129403327,,-0.378980463715088,-0.41754952316929916,-0.033270677390655444,-0.07709278769003274,36.02331138850673,35.754025260847044,,25.51153221130371,25.83200035095215,27.106167112077987,27.446666717529297,25.623434490627712,26.104444412958053,23.231949314238534,23.95065478673057,25.960891075134278,23.444565143585205,1,30588272.548675537259200,41551939.162202865,,,,,,,
2026-05-13,,,,,,,25.420000076293945,25.420000076293945,24.632999420166016,25.229999542236328,1714700,,,,,24.916999816894530,,,,,,,,,,,,,,,,,,,,,,,,,,,,,,,,,,,,,,,,,,,,,,,,,,,,,,,,,,,,,,,,,,,,,,,,,,,,,,,,,,,,,,,,,,,,,,,,,,,,,,,,,,,,,,,,,,,,,,,,,,,,,,,,,,,,,,,,,,,,,0.13831622213014155,0.303017270424128,0.29803552915419357,0.24155008816048107,,,,-0.1805647508745783,,,,,,,,25.30422776003854,25.622097065471237,26.319635741753583,26.671674637894945,25.703857641202433,26.145525734840845,23.289783130041442,24.028483047453157,,,,,-0.011428749755226963,,-0.44567757823982745,-0.4828806663249807,-0.11575205756048984,-0.15825036341702234,33.89701356908762,33.66674144268638,,25.325864410400392,25.644000244140624,26.938276109241304,27.27666673206148,25.634397446163117,26.111269814627512,23.246100660354372,23.961170658232675,25.9844730758667,23.45574094772339,1,43261880.215072631621600,41957569.0155332,,,,,,,
2026-05-14,,,,,,,24.989999771118164,25.420000076293945,24.920000076293945,24.930000305175780,1263800,,,,,24.930000305175780,,,,,,,,,,,,,,,,,,,,,,,,,,,,,,,,,,,,,,,,,,,,,,,,,,,,,,,,,,,,,,,,,,,,,,,,,,,,,,,,,,,,,,,,,,,,,,,,,,,,,,,,,,,,,,,,,,,,,,,,,,,,,,,,,,,,,,,,,,,,,0.14784815378300503,0.29410567850130237,0.29748004487941804,0.24154476814356737,,,,-0.19299927928206045,,,,,,,,25.179485275084286,25.39139814537275,26.193305247519234,26.51334060764775,25.6796745994516,26.107540565163813,23.302749273718394,24.03560966609128,,,,,0.0005216156857657348,,-0.4918171295488598,-0.5524946843882503,-0.19096507195816384,-0.23709922761126792,34.08719846479334,31.610858785844137,,25.16057357788086,25.41400032043457,26.807215917678107,27.129047666277206,25.648822935800705,26.116666642446365,23.26011597920978,23.970297646900963,25.99796028137207,23.465356168746947,1,31506534.385681150764000,42268212.6395271,,,,,,,
2026-05-15,,,,,,,25.000000000000000,25.489999771118164,24.979999542236328,25.010000228881836,1450000,,,,,25.010000228881836,,,,,,,,,,,,,,,,,,,,,,,,,,,,,,,,,,,,,,,,,,,,,,,,,,,,,,,,,,,,,,,,,,,,,,,,,,,,,,,,,,,,,,,,,,,,,,,,,,,,,,,,,,,,,,,,,,,,,,,,,,,,,,,,,,,,,,,,,,,,,0.16378386074542656,0.27979131315663686,0.29430403084055595,0.2413335880520956,,,,-0.2966394174932426,,,,,,,,25.12299025968347,25.264265506542447,26.085732064006745,26.37667330048721,25.658747275371297,26.073242429655,23.316245328699924,24.043312358287253,,,,,0.003203844264367103,,-0.5159798367511925,-0.5943575857161072,-0.25596802491676957,-0.3085508992322358,35.32040780985702,32.78951826536186,,25.036959838867187,25.226000213623045,26.65127808707101,26.956190563383558,25.65599008590456,26.11460316370404,23.27527425402687,23.98061510873219,26.024183731079102,23.474080476760864,1,36264500.331878662200000,42483898.68527973,,,,,,,
2026-05-18,,,,,,,25.069999694824220,25.766000747680664,25.030000686645508,25.680000305175780,1247700,,,,,25.680000305175780,,,,,,,,,,,,,,,,,,,,,,,,,,,,,,,,,,,,,,,,,,,,,,,,,,,,,,,,,,,,,,,,,,,,,,,,,,,,,,,,,,,,,,,,,,,,,,,,,,,,,,,,,,,,,,,,,,,,,,,,,,,,,,,,,,,,,,,,,,,,,0.21798201842456766,0.29506885325224597,0.2983938409440485,0.24031777634972215,,,,-0.28920929434350406,,,,,,,,25.308660274847572,25.40284377275356,26.048847358658474,26.313339391822534,25.659411432552687,26.060953613265024,23.33493113879064,24.05625060292669,,,,,0.026436736664412076,,-0.47558332107428214,-0.5669355497789716,-0.2998910841482721,-0.36022782934158293,44.65904766376975,41.83141720802029,,25.148080825805664,25.27400016784668,26.510314759754,26.7980953398205,25.67689329480368,26.126349191817027,23.290131493220255,23.991488123696946,26.06361183166504,23.487158823013306,1,32040936.380767820706000,42768500.01986065,,,,,,,
2026-05-19,,,,,,,25.629999160766600,26.120000839233400,25.409999847412110,26.069999694824220,1521700,,,,,26.069999694824220,,,,,,,,,,,,,,,,,,,,,,,,,,,,,,,,,,,,,,,,,,,,,,,,,,,,,,,,,,,,,,,,,,,,,,,,,,,,,,,,,,,,,,,,,,,,,,,,,,,,,,,,,,,,,,,,,,,,,,,,,,,,,,,,,,,,,,,,,,,,,0.22986123822060106,0.3006739590309486,0.2984794669924037,0.24023202959322568,,,,-0.1699069778942573,,,,,,,,25.562440081506455,25.625229080110444,26.050770298309907,26.291217601186325,25.672242315748672,26.061236303313752,23.356552234095254,24.072169568080028,,,,,0.01507272553384398,,-0.4074028139358141,-0.5078791822804405,-0.3213934301057805,-0.38975809992935445,49.252165889663104,46.35541408487956,,25.32140007019043,25.38400001525879,26.408615293956938,26.679523922148206,25.70879382178897,26.149206343151274,23.305094416179355,24.002400822109646,26.111230659484864,23.501230936050415,1,39670718.535614015574000,42928699.266582064,,,,,,,
2026-05-20,,,,,,,26.069999694824220,26.245000839233400,25.860000610351562,26.079999923706055,1087400,,,,,26.079999923706055,,,,,,,,,,,,,,,,,,,,,,,,,,,,,,,,,,,,,,,,,,,,,,,,,,,,,,,,,,,,,,,,,,,,,,,,,,,,,,,,,,,,,,,,,,,,,,,,,,,,,,,,,,,,,,,,,,,,,,,,,,,,,,,,,,,,,,,,,,,,,0.1810952754872991,0.29312091526391487,0.2982663185775612,0.23997982830440143,,,,-0.17959807318893023,,,,,,,,25.734960028906322,25.77681936130898,26.053427536982284,26.272015994142663,25.68498474099734,26.06182266645101,23.378081464843167,24.088041744804343,,,,,0.00038351789367439896,,-0.34854453152124876,-0.4550244124801246,-0.3268236503888741,-0.4028113624395085,49.3682078326307,46.47037724479172,,25.554000091552734,25.554000091552734,26.286699567522323,26.540476299467542,25.738217096480113,26.16952381436787,23.321007721007817,24.01430558401441,26.168622817993164,23.51109782218933,1,28359391.917037964207000,43153483.27219827,,,,,,,
2026-05-21,,,,,,,26.079999923706055,26.489999771118164,25.780000686645508,26.159999847412110,996900,,,,,26.159999847412110,,,,,,,,,,,,,,,,,,,,,,,,,,,,,,,,,,,,,,,,,,,,,,,,,,,,,,,,,,,,,,,,,,,,,,,,,,,,,,,,,,,,,,,,,,,,,,,,,,,,,,,,,,,,,,,,,,,,,,,,,,,,,,,,,,,,,,,,,,,,,0.17426038835835725,0.2942794080173898,0.2977979563304183,0.2398984774170865,,,,-0.14442938946473105,,,,,,,,25.876639968408252,25.904546190010024,26.06311592883954,26.26183270807625,25.6998289630728,26.064890703356046,23.400072914507742,24.10442086023998,,,,,0.003062786623056623,,-0.29207671484358144,-0.40204675661466993,-0.3198742632798156,-0.40265844127454076,50.34637428209197,47.44076684045354,,25.8,25.8,26.174236842564174,26.410952522641136,25.765188792395215,26.187301575191437,23.336593400864373,24.02585320245652,26.23249931335449,23.521412515640257,1,26078903.847885132459000,43240006.30543119,,,,,,,
2026-05-22,,,,,,,26.159999847412110,26.420000076293945,26.000000000000000,26.340000152587890,712100,,,,,26.340000152587890,,,,,,,,,,,,,,,,,,,,,,,,,,,,,,,,,,,,,,,,,,,,,,,,,,,,,,,,,,,,,,,,,,,,,,,,,,,,,,,,,,,,,,,,,,,,,,,,,,,,,,,,,,,,,,,,,,,,,,,,,,,,,,,,,,,,,,,,,,,,,0.16757204247475982,0.2899391285370858,0.2978624467305407,0.23970189555915047,,,,-0.13643223604758337,,,,,,,,26.031093363134797,26.04969751086931,26.08828722190757,26.26893883939549,25.719834312745146,26.073487873644538,23.42331344603407,24.12209342381585,,,,,0.006857181352017765,,-0.2301480396565303,-0.34159931805517374,-0.3019290185551585,-0.3904466166306674,52.56681948946832,49.652331613959504,,26.06599998474121,26.06599998474121,26.05153410775321,26.270952497209823,25.79269176059299,26.20555553739033,23.35384201625037,24.039107171315994,26.302711029052734,23.531910037994386,1,18756714.108657836469000,43221257.55441454,,,,,,,
2026-05-26,,,,,,,26.319999694824220,26.458999633789062,25.940000534057617,26.245000839233400,1288100,,,,,26.245000839233400,,,,,,,,,,,,,,,,,,,,,,,,,,,,,,,,,,,,,,,,,,,,,,,,,,,,,,,,,,,,,,,,,,,,,,,,,,,,,,,,,,,,,,,,,,,,,,,,,,,,,,,,,,,,,,,,,,,,,,,,,,,,,,,,,,,,,,,,,,,,,0.11282767482615723,0.2889007456818679,0.297716823113901,0.23971147043499172,,,,-0.16192825676633182,,,,,,,,26.102395855167664,26.11479862032401,26.10253391439174,26.266762657562573,25.736245766697905,26.078847653819192,23.44561927522932,24.13887530061757,,,,,-0.0036131754269957137,,-0.1865839454652516,-0.29792563685245455,-0.27886000393717714,-0.3719424206750248,51.26385592259699,48.49259862891317,,26.179000091552734,26.179000091552734,25.921015694027854,26.12309537615095,25.81574070642865,26.21928572276282,23.370979263668968,24.052261935340034,26.370045890808104,23.540020093917846,1,33806185.581016542540000,43394486.54390668,,,,,,,
2026-05-27,,,,,,,26.280000686645508,26.809999465942383,26.280000686645508,26.700000762939453,1567900,,,,,26.700000762939453,,,,,,,,,,,,,,,,,,,,,,,,,,,,,,,,,,,,,,,,,,,,,,,,,,,,,,,,,,,,,,,,,,,,,,,,,,,,,,,,,,,,,,,,,,,,,,,,,,,,,,,,,,,,,,,,,,,,,,,,,,,,,,,,,,,,,,,,,,,,,0.1257492488457064,0.2917961848488195,0.2908157125219602,0.24023037540486414,,,,-0.07872917951727348,,,,,,,,26.301597491091595,26.309866001195825,26.156849082441532,26.30614793986956,25.766363110330452,26.0982586884792,23.471345611100546,24.15912135170312,,,,,0.017188067299565287,,-0.11402992965832226,-0.2240169110919794,-0.24589398908140617,-0.34235731875841574,56.78840018431764,54.0307101609982,,26.30500030517578,26.30500030517578,25.8413214910598,26.026428767613,25.859191803705123,26.25373016841828,23.39026358770946,24.067579398079523,26.441205673217773,23.551457004547117,1,41862931.196212768358700,43527844.595645726,,,,,,,
2026-05-28,,,,,,,26.639999389648438,26.700000762939453,26.309999465942383,26.399999618530273,995100,,,,,26.399999618530273,,,,,,,,,,,,,,,,,,,,,,,,,,,,,,,,,,,,,,,,,,,,,,,,,,,,,,,,,,,,,,,,,,,,,,,,,,,,,,,,,,,,,,,,,,,,,,,,,,,,,,,,,,,,,,,,,,,,,,,,,,,,,,,,,,,,,,,,,,,,,0.17075657218470883,0.18202511331712654,0.2919169110527413,0.24052356806177552,,,,-0.07914183400645536,,,,,,,,26.33439820023782,26.339910540307308,26.178953676631416,26.3146799106569,25.786164251211698,26.107688092543295,23.494497026179044,24.17683580440531,,,,,-0.011299598278055257,,-0.07981784412532278,-0.18749003022291433,-0.2126787600901895,-0.31138386105131544,52.55800954708257,50.19825608948009,,26.369000244140626,26.369000244140626,25.83434386480422,26.00357164655413,25.896175354246108,26.281666679987833,23.408091802445668,24.081428603520468,26.50734233856201,23.563115139007568,1,26270639.620399474662300,43657528.66022927,,,,,,,
