"m_date","m_open","m_high","m_low","m_close","m_volume","m_vwap","m_open_split_adjusted","m_high_split_adjusted","m_low_split_adjusted","m_close_split_adjusted","m_volume_split_adjusted","m_vwap_split_adjusted","m_open_dividend_and_split_adjusted","m_high_dividend_and_split_adjusted","m_low_dividend_and_split_adjusted","m_close_dividend_and_split_adjusted","m_volume_dividend_and_split_adjusted","m_vwap_dividend_and_split_adjusted","f_accepted_date","f_filing_date","f_fiscal_period","f_fiscal_year","f_period_end_date","f_reported_currency","fbs_accumulated_other_comprehensive_income_after_tax","fbs_additional_paid_in_capital","fbs_assets","fbs_capital_lease_obligations","fbs_cash_and_cash_equivalents","fbs_cash_and_shortterm_investments","fbs_common_stock_value","fbs_current_accounts_payable","fbs_current_accounts_receivable_after_doubtful_accounts","fbs_current_accrued_expenses","fbs_current_assets","fbs_current_capital_lease_obligations","fbs_current_liabilities","fbs_current_net_receivables","fbs_current_tax_payables","fbs_deferred_revenue","fbs_goodwill","fbs_investments","fbs_liabilities","fbs_longterm_debt","fbs_longterm_investments","fbs_net_debt","fbs_net_intangible_assets_excluding_goodwill","fbs_net_intangible_assets_including_goodwill","fbs_net_inventory","fbs_net_property_plant_and_equipment","fbs_noncontrolling_interest","fbs_noncurrent_assets","fbs_noncurrent_capital_lease_obligations","fbs_noncurrent_deferred_revenue","fbs_noncurrent_deferred_tax_assets","fbs_noncurrent_deferred_tax_liabilities","fbs_noncurrent_liabilities","fbs_other_assets","fbs_other_current_assets","fbs_other_current_liabilities","fbs_other_liabilities","fbs_other_noncurrent_assets","fbs_other_noncurrent_liabilities","fbs_other_payables","fbs_other_receivables","fbs_other_stockholder_equity","fbs_preferred_stock_value","fbs_prepaid_expenses","fbs_retained_earnings","fbs_shortterm_debt","fbs_shortterm_investments","fbs_stockholder_equity","fbs_total_debt_including_capital_lease_obligations","fbs_total_equity_including_noncontrolling_interest","fbs_total_liabilities_and_equity","fbs_total_payables_current_and_noncurrent","fbs_treasury_stock_value","fcf_accounts_payable_change","fcf_accounts_receivable_change","fcf_capital_expenditure","fcf_cash_and_cash_equivalents_change","fcf_cash_exchange_rate_effect","fcf_common_stock_dividend_payments","fcf_common_stock_issuance_proceeds","fcf_common_stock_repurchase","fcf_deferred_income_tax","fcf_depreciation_and_amortization","fcf_dividend_payments","fcf_free_cash_flow","fcf_interest_payments","fcf_inventory_change","fcf_investment_sales_maturities_and_collections_proceeds","fcf_investments_purchase","fcf_net_business_acquisition_payments","fcf_net_cash_from_operating_activities","fcf_net_cash_from_investing_activities","fcf_net_cash_from_financing_activities","fcf_net_common_stock_issuance_proceeds","fcf_net_debt_issuance_proceeds","fcf_net_income","fcf_net_income_tax_payments","fcf_net_longterm_debt_issuance_proceeds","fcf_net_shortterm_debt_issuance_proceeds","fcf_net_stock_issuance_proceeds","fcf_other_financing_activities","fcf_other_investing_activities","fcf_other_noncash_items","fcf_other_working_capital","fcf_period_end_cash","fcf_period_start_cash","fcf_preferred_stock_dividend_payments","fcf_preferred_stock_issuance_proceeds","fcf_property_plant_and_equipment_purchase","fcf_stock_based_compensation","fcf_working_capital_change","fis_basic_earnings_per_share","fis_basic_net_income_available_to_common_stockholders","fis_continuing_operations_income_after_tax","fis_costs_and_expenses","fis_cost_of_revenue","fis_depreciation_and_amortization","fis_diluted_earnings_per_share","fis_discontinued_operations_income_after_tax","fis_earnings_before_interest_and_tax","fis_earnings_before_interest_tax_depreciation_and_amortization","fis_general_and_administrative_expense","fis_gross_profit","fis_income_before_tax","fis_income_tax_expense","fis_interest_expense","fis_interest_income","fis_net_income","fis_net_income_deductions","fis_net_interest_income","fis_net_total_other_income","fis_nonoperating_income_excluding_interest","fis_operating_expenses","fis_operating_income","fis_other_expenses","fis_other_net_income_adjustments","fis_research_and_development_expense","fis_revenues","fis_selling_and_marketing_expense","fis_selling_general_and_administrative_expense","fis_weighted_average_basic_shares_outstanding","fis_weighted_average_diluted_shares_outstanding","d_declaration_date_dividend","d_declaration_date_dividend_split_adjusted","d_ex_dividend_date_dividend","d_ex_dividend_date_dividend_split_adjusted","d_record_date_dividend","d_record_date_dividend_split_adjusted","d_payment_date_dividend","d_payment_date_dividend_split_adjusted","s_split_date_numerator","s_split_date_denominator","c_annualized_volatility_5d_log_returns_dividend_and_split_adjusted","c_annualized_volatility_21d_log_returns_dividend_and_split_adjusted","c_annualized_volatility_63d_log_returns_dividend_and_split_adjusted","c_annualized_volatility_252d_log_returns_dividend_and_split_adjusted","c_book_to_price","c_book_value_per_share","c_chaikin_money_flow_21d_dividend_and_split_adjusted","c_chaikin_money_flow_21d_split_adjusted","c_daily_traded_value","c_daily_traded_value_sma_5d","c_daily_traded_value_sma_21d","c_daily_traded_value_sma_63d","c_daily_traded_value_sma_252d","c_earnings_per_share","c_earnings_to_price","c_exponential_moving_average_5d_close_dividend_and_split_adjusted","c_exponential_moving_average_5d_close_split_adjusted","c_exponential_moving_average_21d_close_dividend_and_split_adjusted","c_exponential_moving_average_21d_close_split_adjusted","c_exponential_moving_average_63d_close_dividend_and_split_adjusted","c_exponential_moving_average_63d_close_split_adjusted","c_exponential_moving_average_252d_close_dividend_and_split_adjusted","c_exponential_moving_average_252d_close_split_adjusted","c_last_twelve_months_net_income","c_last_twelve_months_revenue","c_last_twelve_months_revenue_per_share","c_log_difference_high_to_low","c_log_returns_dividend_and_split_adjusted","c_market_cap","c_macd_26d_12d_dividend_and_split_adjusted","c_macd_26d_12d_split_adjusted","c_macd_signal_9d_dividend_and_split_adjusted","c_macd_signal_9d_split_adjusted","c_rsi_14d_dividend_and_split_adjusted","c_rsi_14d_split_adjusted","c_sales_to_price","c_simple_moving_average_5d_close_dividend_and_split_adjusted","c_simple_moving_average_5d_close_split_adjusted","c_simple_moving_average_21d_close_dividend_and_split_adjusted","c_simple_moving_average_21d_close_split_adjusted","c_simple_moving_average_63d_close_dividend_and_split_adjusted","c_simple_moving_average_63d_close_split_adjusted","c_simple_moving_average_252d_close_dividend_and_split_adjusted","c_simple_moving_average_252d_close_split_adjusted","c_sma_50d","c_sma_200d","c_sma_50d_200d_signal","c_daily_traded_value_1d","c_daily_traded_value_63d","c_weighted_average_basic_shares_outstanding_outlier_adjusted","c_weighted_average_diluted_shares_outstanding_outlier_adjusted","c_market_cap_outlier_adjusted","c_split_ratio","c_vwap","c_dividend_split_ratio","c_vwap_dividend_and_split_adjusted"
2024-10-03,,,,,,,22.899999618530273,22.940000534057617,22.290000915527344,22.290000915527344,12600,,,,,20.689334869384766,,,,,,,,,,,,,,,,,,,,,,,,,,,,,,,,,,,,,,,,,,,,,,,,,,,,,,,,,,,,,,,,,,,,,,,,,,,,,,,,,,,,,,,,,,,,,,,,,,,,,,,,,,,,,,,,,,,,,,,,,,,,,,,,,,,,,,,,,,,,,,,,,,,,,,,,,,,,,,,,,,,,,,,,,,,,,,,,,,,,,,,,,,,,280854.011535644534400,,,,,,,,
2024-10-04,,,,,,,22.200000762939453,22.799999237060547,21.120000839233400,22.079999923706055,836800,,,,,20.494415283203125,,,,,,,,,,,,,,,,,,,,,,,,,,,,,,,,,,,,,,,,,,,,,,,,,,,,,,,,,,,,,,,,,,,,,,,,,,,,,,,,,,,,,,,,,,,,,,,,,,,,,,,,,,,,,,,,,,,,,,,,,,,,,,,,,,,,,,,,,,,,,,,,,,,,,,,,,,,,,,,,,,,,,,,,-0.009465919976495239,,,,,,,,,,,,,,,,,,,,18476543.936157226824000,,,,,,,,
2024-10-07,,,,,,,22.000000000000000,22.500000000000000,21.940000534057617,22.469999313354492,381300,,,,,20.856409072875977,,,,,,,,,,,,,,,,,,,,,,,,,,,,,,,,,,,,,,,,,,,,,,,,,,,,,,,,,,,,,,,,,,,,,,,,,,,,,,,,,,,,,,,,,,,,,,,,,,,,,,,,,,,,,,,,,,,,,,,,,,,,,,,,,,,,,,,,,,,,,,,,,,,,,,,,,,,,,,,,,,,,,,,,0.017508866776417956,,,,,,,,,,,,,,,,,,,,8567810.738182067799600,,,,,,,,
2024-10-08,,,,,,,22.120000839233400,24.170000076293945,21.979999542236328,23.549999237060547,1926400,,,,,21.858852386474610,,,,,,,,,,,,,,,,,,,,,,,,,,,,,,,,,,,,,,,,,,,,,,,,,,,,,,,,,,,,,,,,,,,,,,,,,,,,,,,,,,,,,,,,,,,,,,,,,,,,,,,,,,,,,,,,,,,,,,,,,,,,,,,,,,,,,,,,,,,,,,,,,,,,,,,,,,,,,,,,,,,,,,,,0.046944692442173,,,,,,,,,,,,,,,,,,,,45366718.530273437740800,,,,,,,,
2024-10-09,,,,,,,23.479999542236328,24.885000228881836,23.069999694824220,24.110000610351562,3025500,,,,,22.378639221191406,,,,,,,,,,,,,,,,,,,,,,,,,,,,,,,,,,,,,,,,,,,,,,,,,,,,,,,,,,,,,,,,,,,,,,,,,,,,,,,,,,,,,,,,,,,,,,,,,,,,,,,,,,,,,,,,,,,,,,,,,,,,,,,,,,,,,,,,,,,,,,,,,,,,,,,,,,,,21.255530166625977,22.9,,,,,,,,,,,0.023500914653665394,,,,,,,,,21.255530166625977,22.9,,,,,,,,,,72944806.846618650831000,,,,,,,,
2024-10-10,,,,,,,24.100000381469727,24.309999465942383,23.020000457763672,23.049999237060547,2684500,,,,,21.394756317138672,,,,,,,,,,,,,,,,,,,,,,,,,,,,,,,,,,,,,,,,,,,,,,,,,,,,,,,,,,,,,,,,,,,,,,,,,,,,,,,,,,,,,,,,,,,,,,,,,,,,,,,,,,,,,,,,,,,,,,,,,,,,,,,,,,,,,,,,,,,,,0.5583753623723057,,,,,,,,,,,,,,,21.301938883463542,22.94999974568685,,,,,,,,,,,-0.04496103759935234,,,,,,,,,21.396614456176756,23.051999664306642,,,,,,,,,,61877722.951889038421500,,,,,,,,
2024-10-11,,,,,,,22.920000076293945,23.610000610351562,22.790000915527344,23.170000076293945,1911100,,,,,21.506141662597656,,,,,,,,,,,,,,,,,,,,,,,,,,,,,,,,,,,,,,,,,,,,,,,,,,,,,,,,,,,,,,,,,,,,,,,,,,,,,,,,,,,,,,,,,,,,,,,,,,,,,,,,,,,,,,,,,,,,,,,,,,,,,,,,,,,,,,,,,,,,,0.5410585569666653,,,,,,,,,,,,,,,21.370006476508248,23.023333189222548,,,,,,,,,,,0.0051926929732292555,,,,,,,,,21.598959732055665,23.269999694824218,,,,,,,,,,44280187.145805358289500,,,,,,,,
2024-10-14,,,,,,,23.100000381469727,23.440000534057617,22.180000305175780,22.700000762939453,1934600,,,,,21.069892883300780,,,,,,,,,,,,,,,,,,,,,,,,,,,,,,,,,,,,,,,,,,,,,,,,,,,,,,,,,,,,,,,,,,,,,,,,,,,,,,,,,,,,,,,,,,,,,,,,,,,,,,,,,,,,,,,,,,,,,,,,,,,,,,,,,,,,,,,,,,,,,0.5725722712856764,,,,,,,,,,,,,,,21.269968612105757,22.91555571379485,,,,,,,,,,,-0.020493409112266717,,,,,,,,,21.641656494140626,23.31599998474121,,,,,,,,,,43915421.475982665773800,,,,,,,,
2024-10-15,,,,,,,22.799999237060547,24.030000686645508,22.709999084472656,23.819999694824220,1320800,,,,,22.109462738037110,,,,,,,,,,,,,,,,,,,,,,,,,,,,,,,,,,,,,,,,,,,,,,,,,,,,,,,,,,,,,,,,,,,,,,,,,,,,,,,,,,,,,,,,,,,,,,,,,,,,,,,,,,,,,,,,,,,,,,,,,,,,,,,,,,,,,,,,,,,,,0.5786132778173106,,,,,,,,,,,,,,,21.549799987416208,23.21703704080464,,,,,,,,,,,0.04816055111917073,,,,,,,,,21.691778564453124,23.370000076293945,,,,,,,,,,31461455.596923829776000,,,,,,,,
2024-10-16,,,,,,,23.784999847412110,24.670000076293945,23.709999084472656,24.350000381469727,592500,,,,,22.601404190063477,,,,,,,,,,,,,,,,,,,,,,,,,,,,,,,,,,,,,,,,,,,,,,,,,,,,,,,,,,,,,,,,,,,,,,,,,,,,,,,,,,,,,,,,,,,,,,,,,,,,,,,,,,,,,,,,,,,,,,,,,,,,,,,,,,,,,,,,,,,,,0.575247471256886,,,,,,,,,,,,,,,21.900334721631964,23.594691487693,,,,,,,,,,,0.022006341578494147,,,,,,,,,21.73633155822754,23.41800003051758,,,,,,,,,,14427375.226020813247500,,,,,,,,
2024-10-17,,,,,,,24.139999389648438,24.309999465942383,23.639999389648438,24.280000686645508,497400,,,,,22.536430358886720,,,,,,,,,,,,,,,,,,,,,,,,,,,,,,,,,,,,,,,,,,,,,,,,,,,,,,,,,,,,,,,,,,,,,,,,,,,,,,,,,,,,,,,,,,,,,,,,,,,,,,,,,,,,,,,,,,,,,,,,,,,,,,,,,,,,,,,,,,,,,0.41383585869509976,,,,,,,,,,,,,,,22.112366600716882,23.823127887343837,,,,,,,,,,,-0.0028789097528462934,,,,,,,,,21.96466636657715,23.66400032043457,,,,,,,,,,12076872.341537475679200,,,,,,,,
2024-10-18,,,,,,,24.340000152587890,25.819999694824220,24.260000228881836,25.659999847412110,1001100,,,,,23.817329406738280,,,,,,,,,,,,,,,,,,,,,,,,,,,,,,,,,,,,,,,,,,,,,,,,,,,,,,,,,,,,,,,,,,,,,,,,,,,,,,,,,,,,,,,,,,,,,,,,,,,,,,,,,,,,,,,,,,,,,,,,,,,,,,,,,,,,,,,,,,,,,0.5146403284281598,,,,,,,,,,,,,,,22.68068753605735,24.435418540699928,,,,,,,,,,,0.055280315156641724,,,,,,,,,22.426903915405273,24.162000274658205,,,,,,,,,,25688225.847244263321000,,,,,,,,
2024-10-21,,,,,,,25.799999237060547,26.090000152587890,25.200000762939453,25.940000534057617,403900,,,,,24.077224731445312,,,,,,,,,,,,,,,,,,,,,,,,,,,,,,,,,,,,,,,,,,,,,,,,,,,,,,,,,,,,,,,,,,,,,,,,,,,,,,,,,,,,,,,,,,,,,,,,,,,,,,,,,,,,,,,,,,,,,,,,,,,,,,,,,,,,,,,,,,,,,0.39090155393486875,,,,,,,,,,,,,,,23.146199934520002,24.93694587181916,,,,,,,,,,,0.010852919726607988,,,,,,,,,23.02837028503418,24.810000228881837,,,,,,,,,,10477166.215705871506300,,,,,,,,
2024-10-22,,,,,,,25.860000610351562,26.110000610351562,25.620000839233400,25.790000915527344,610800,,,,,23.937994003295900,,,,,,,,,,,,,,,,,,,,,,,,,,,,,,,,,,,,,,,,,,,,,,,,,,,,,,,,,,,,,,,,,,,,,,,,,,,,,,,,,,,,,,,,,,,,,,,,,,,,,,,,,,,,,,,,,,,,,,,,,,,,,,,,,,,,,,,,,,,,,0.39183701457820114,,,,,,,,,,,,,,,23.410131290778637,25.22129755305522,,,,,,,,,,,-0.005799457840879584,,,,,,,,,23.394076538085937,25.20400047302246,,,,,,,,,,15752532.559204101715200,,,,,,,,
2024-10-23,,,,,,,25.620000839233400,25.899000167846680,24.430000305175780,24.610000610351562,428000,,,,,22.842735290527344,,,,,,,,,,,,,,,,,,,,,,,,,,,,,,,,,,,,,,,,,,,,,,,,,,,,,,,,,,,,,,,,,,,,,,,,,,,,,,,,,,,,,,,,,,,,,,,,,,,,,,,,,,,,,,,,,,,,,,,,,,,,,,,,,,,,,,,,,,,,,0.5825350237781614,,,,,,,,,,,,,,,23.22099929069487,25.017531905487335,,,,,,,,,,,-0.04683376754437072,,,,,,63.488377316436534,63.488366728929016,,23.44234275817871,25.256000518798828,,,,,,,,,,10533080.261230468536000,,,,,,,,
2024-10-24,,,,,,,24.600000381469727,24.679000854492188,24.229999542236328,24.520000457763672,431600,,,,,22.759195327758790,,,,,,,,,,,,,,,,,,,,,,,,,,,,,,,,,,,,,,,,,,,,,,,,,,,,,,,,,,,,,,,,,,,,,,,,,,,,,,,,,,,,,,,,,,,,,,,,,,,,,,,,,,,,,,,,,,,,,,,,,,,,,,,,,,,,,,,,,,,,,0.5829862364088151,,,,,,,,,,,,,,,23.067064636382845,24.851688089579447,,,,,,,,,,,-0.0036638824317076213,,,,,,62.78080513517946,62.78081803673115,,23.486895751953124,25.304000473022462,,,,,,,,,,10582832.197570800835200,,,,,,,,
2024-10-25,,,,,,,24.399999618530273,24.450000762939453,23.719999313354492,23.829999923706055,414600,,,,,22.118743896484375,,,,,,,,,,,,,,,,,,,,,,,,,,,,,,,,,,,,,,,,,,,,,,,,,,,,,,,,,,,,,,,,,,,,,,,,,,,,,,,,,,,,,,,,,,,,,,,,,,,,,,,,,,,,,,,,,,,,,,,,,,,,,,,,,,,,,,,,,,,,,0.3618335622206931,,,,,,,,,,,,,,,22.750957723083353,24.51112536762165,,,,,,,,,,,-0.028543864796712302,,,,,,57.490851446914455,57.49086423176632,,23.147178649902344,24.93800048828125,,,,,,,,,,9879917.968368530403000,,,,,,,,
2024-10-28,,,,,,,23.690000534057617,24.270000457763672,23.552000045776367,24.069999694824220,213500,,,,,22.341510772705078,,,,,,,,,,,,,,,,,,,,,,,,,,,,,,,,,,,,,,,,,,,,,,,,,,,,,,,,,,,,,,,,,,,,,,,,,,,,,,,,,,,,,,,,,,,,,,,,,,,,,,,,,,,,,,,,,,,,,,,,,,,,,,,,,,,,,,,,,,,,,0.3581476804281027,,,,,,,,,,,,,,,22.614475406290595,24.364083476689174,,,,,,,,,,,0.010021028538023127,,,,,,58.791502702683765,58.7915061155347,,22.800035858154295,24.56400032043457,,,,,,,,,,5138944.934844970970000,,,,,,,,
2024-10-29,,,,,,,23.950000762939453,24.479999542236328,23.680000305175780,23.680000305175780,291600,,,,,21.979518890380860,,,,,,,,,,,,,,,,,,,,,,,,,,,,,,,,,,,,,,,,,,,,,,,,,,,,,,,,,,,,,,,,,,,,,,,,,,,,,,,,,,,,,,,,,,,,,,,,,,,,,,,,,,,,,,,,,,,,,,,,,,,,,,,,,,,,,,,,,,,,,0.34885282459283196,,,,,,,,,,,,,,,22.402823234320685,24.136055752851377,,,,,,,,,,,-0.016335357488344644,,,,,,55.80355347644172,55.803544409894435,,22.408340835571288,24.142000198364258,,,,,,,,,,6905088.088989257448000,,,,,,,,
2024-10-30,,,,,,,23.750000000000000,24.379999160766600,23.690000534057617,24.309999465942383,400600,,,,,22.564275741577150,,,,,,,,,,,,,,,,,,,,,,,,,,,,,,,,,,,,,,,,,,,,,,,,,,,,,,,,,,,,,,,,,,,,,,,,,,,,,,,,,,,,,,,,,,,,,,,,,,,,,,,,,,,,,,,,,,,,,,,,,,,,,,,,,,,,,,,,,,,,,0.3418347463688334,,,,,,,,,,,,,,,22.456640736739505,24.194036990548376,,,,,,,,,,,0.026256876005745364,,,,,,59.39370811392018,59.39370999897954,,22.35264892578125,24.08199996948242,,,,,,,,,,9738585.786056518629800,,,,,,,,
2024-10-31,,,,,,,24.280000686645508,25.010000228881836,24.110000610351562,24.959999084472656,427500,,,,,23.167598724365234,,,,,,,,,,,,,,,,,,,,,,,,,,,,,,,,,,,,,,,,,,,,,,,,,,,,,,,,,,,,,,,,,,,,,,,,,,,,,,,,,,,,,,,,,,,,,,,,,,,,,,,,,,,,,,,,,,,,,,,,,,,,,,,,,,,,,,,,,,,,,0.3972147454405391,,,,,,,0.05724356960347125,,,,,,,,22.69362673261475,24.449357688523136,22.24294598897298,23.963809603736514,,,,,,,,,0.02638675957577684,,,,,,62.755332162674186,62.7553325845255,,22.43432960510254,24.16999969482422,22.24294598897298,23.963809603736514,,,,,,,,10670399.608612060440000,,,,,,,,
2024-11-01,,,,,,,25.010000228881836,25.360000610351562,24.709999084472656,24.709999084472656,605200,,,,,22.935550689697266,,,,,,,,,,,,,,,,,,,,,,,,,,,,,,,,,,,,,,,,,,,,,,,,,,,,,,,,,,,,,,,,,,,,,,,,,,,,,,,,,,,,,,,,,,,,,,,,,,,,,,,,,,,,,,,,,,,,,,,,,,,,,,,,,,,,,,,,,,,,,0.31662458155493334,0.44913954768011133,,,,,,0.026440024774149837,,,,,,,,22.774268051642256,24.536238153839644,22.30591005267519,24.031645011076165,,,,,,,,,-0.01006655715168658,,,,,,60.674788708434804,60.67479507730717,,22.597690963745116,24.34599952697754,22.3499086470831,24.07904761178153,,,,,,,,14954491.445922851411200,,,,,,,,
2024-11-04,,,,,,,24.729999542236328,24.950000762939453,23.639999389648438,24.100000381469727,529900,,,,,22.369358062744140,,,,,,,,,,,,,,,,,,,,,,,,,,,,,,,,,,,,,,,,,,,,,,,,,,,,,,,,,,,,,,,,,,,,,,,,,,,,,,,,,,,,,,,,,,,,,,,,,,,,,,,,,,,,,,,,,,,,,,,,,,,,,,,,,,,,,,,,,,,,,0.3870871693047992,0.45852585554622477,,,,,,0.013002568961472004,,,,,,,,22.639298055342884,24.39082556304967,22.311678053590548,24.037859135657396,,,,,,,,,-0.02499605990357335,,,,,,55.81262470908298,55.81261673150202,,22.60326042175293,24.35199966430664,22.439191636585054,24.175238109770277,,,,,,,,12770590.202140808337300,,,,,,,,
2024-11-05,,,,,,,23.909999847412110,24.290000915527344,23.600000381469727,23.709999084472656,464400,,,,,22.007360458374023,,,,,,,,,,,,,,,,,,,,,,,,,,,,,,,,,,,,,,,,,,,,,,,,,,,,,,,,,,,,,,,,,,,,,,,,,,,,,,,,,,,,,,,,,,,,,,,,,,,,,,,,,,,,,,,,,,,,,,,,,,,,,,,,,,,,,,,,,,,,,0.38703255388979574,0.4610898991425843,,,,,,-0.01970147832959674,,,,,,,,22.428652189686595,24.163883403524,22.284012817661775,24.008053676458783,,,,,,,,,-0.016315115051253062,,,,,,52.89415503571528,52.89416728974327,,22.608828735351562,24.357999420166017,22.493998845418293,24.23428571791876,,,,,,,,11010923.574829101446400,,,,,,,,
2024-11-06,,,,,,,23.969999313354492,24.260000228881836,23.049999237060547,23.090000152587890,1083500,,,,,21.431884765625000,,,,,,,,,,,,,,,,,,,,,,,,,,,,,,,,,,,,,,,,,,,,,,,,,,,,,,,,,,,,,,,,,,,,,,,,,,,,,,,,,,,,,,,,,,,,,,,,,,,,,,,,,,,,,,,,,,,,,,,,,,,,,,,,,,,,,,,,,,,,,0.3423596391608254,0.4417920305418485,,,,,,-0.11642533443271512,,,,,,,,22.096396381666064,23.80592231987863,22.206546631112975,23.924594265197793,,,,,,,,,-0.02649720820925791,,,,,,48.54804741014894,48.54805265509657,,22.382350540161134,24.113999557495116,22.473667053949264,24.212380999610538,,,,,,,,25018015.165328978815000,,,,,,,,
2024-11-07,,,,,,,23.219999313354492,23.975000381469727,22.979999542236328,23.629999160766600,979200,,,,,21.933107376098633,,,,,,,,,,,,,,,,,,,,,,,,,,,,,,,,,,,,,,,,,,,,,,,,,,,,,,,,,,,,,,,,,,,,,,,,,,,,,,,,,,,,,,,,,,,,,,,,,,,,,,,,,,,,,,,,,,,,,,,,,,,,,,,,,,,,,,,,,,,,,0.3203708546968786,0.44152668613447993,,,,,,-0.13847463749180727,,,,,,,,22.041966713143587,23.747281266841288,22.181688517020763,23.897812892067684,,,,,,,,,0.023117492124548625,,0.026775151825916055,0.028846655120521092,,,52.22967095540086,52.2296675683247,,22.135452270507812,23.847999572753906,22.45245125180199,24.18952378772554,,,,,,,,23138495.178222654720000,,,,,,,,
2024-11-08,,,,,,,23.809999465942383,24.120000839233400,23.479999542236328,23.649999618530273,824100,,,,,21.951669692993164,,,,,,,,,,,,,,,,,,,,,,,,,,,,,,,,,,,,,,,,,,,,,,,,,,,,,,,,,,,,,,,,,,,,,,,,,,,,,,,,,,,,,,,,,,,,,,,,,,,,,,,,,,,,,,,,,,,,,,,,,,,,,,,,,,,,,,,,,,,,,0.33144536148500453,0.41149777959901784,,,,,,-0.013800603550908777,,,,,,,,22.01186770642678,23.714854050737614,22.160777714836435,23.875284412655194,,,,,,,,,0.0008459570375534827,,0.0010692197580048912,0.0011520497422807807,,,52.365610038927,52.36562054252608,,21.93867607116699,23.63599967956543,22.47897093636649,24.218095234462194,,,,,,,,19489964.685630797979300,,,,,,,,
2024-11-11,,,,,,,23.670000076293945,25.049999237060547,23.625000000000000,24.940000534057617,899400,,,,,23.149034500122070,,,,,,,,,,,,,,,,,,,,,,,,,,,,,,,,,,,,,,,,,,,,,,,,,,,,,,,,,,,,,,,,,,,,,,,,,,,,,,,,,,,,,,,,,,,,,,,,,,,,,,,,,,,,,,,,,,,,,,,,,,,,,,,,,,,,,,,,,,,,,0.5075694920947657,0.4490832014363841,,,,,,0.04795307087460716,,,,,,,,22.39092330432521,24.123236211844283,22.250619240771492,23.97207678732814,,,,,,,,,0.05310986875821976,,0.0764333405611417,0.0823469242630317,,,60.22781778793158,60.22782838160173,,22.094611358642577,23.80399971008301,22.55720392862956,24.302380970546178,,,,,,,,22431036.480331420729800,,,,,,,,
2024-11-12,,,,,,,24.819999694824220,25.219999313354492,24.290000915527344,24.500000000000000,323900,,,,,22.740631103515625,,,,,,,,,,,,,,,,,,,,,,,,,,,,,,,,,,,,,,,,,,,,,,,,,,,,,,,,,,,,,,,,,,,,,,,,,,,,,,,,,,,,,,,,,,,,,,,,,,,,,,,,,,,,,,,,,,,,,,,,,,,,,,,,,,,,,,,,,,,,,0.5119295865086606,0.4473631501654752,,,,,,0.06658227249497435,,,,,,,,22.507492570722015,24.248824141229523,22.295165773748234,24.020069806661947,,,,,,,,,-0.01779983245400452,,0.10202908059999771,0.109922958002457,,,56.78506697541537,56.785073751844244,,22.241265487670898,23.961999893188477,22.636762891496932,24.388095219930012,,,,,,,,7935550.000000000000000,,,,,,,,
2024-11-13,,,,,,,24.700000762939453,25.040000915527344,24.569999694824220,24.920000076293945,419500,,,,,23.130474090576172,,,,,,,,,,,,,,,,,,,,,,,,,,,,,,,,,,,,,,,,,,,,,,,,,,,,,,,,,,,,,,,,,,,,,,,,,,,,,,,,,,,,,,,,,,,,,,,,,,,,,,,,,,,,,,,,,,,,,,,,,,,,,,,,,,,,,,,,,,,,,0.4198566843178108,0.4204999249002072,,,,,,0.012939614432472718,,,,,,,,22.715153077340066,24.47254945291766,22.371102893459863,24.101881649355764,,,,,,,,,0.01699773186537725,,0.15201858437771776,0.16377970894993155,,,59.183508823641304,59.18349535140785,,22.580983352661132,24.327999877929688,22.685382479713077,24.44047619047619,,,,,,,,10453940.032005309927500,,,,,,,,
2024-11-14,,,,,,,24.899999618530273,25.379999160766600,24.370000839233400,25.270000457763672,453400,,,,,23.455337524414062,,,,,,,,,,,,,,,,,,,,,,,,,,,,,,,,,,,,,,,,,,,,,,,,,,,,,,,,,,,,,,,,,,,,,,,,,,,,,,,,,,,,,,,,,,,,,,,,,,,,,,,,,,,,,,,,,,,,,,,,,,,,,,,,,,,,,,,,,,,,,0.414043881403088,0.4166135844267199,,,,,,0.026520607492718336,,,,,,,,22.96188122636473,24.738366454533,22.469669678092064,24.20807426830194,,,,,,,,,0.01394710915813395,,0.21536677625470801,0.232028992015195,,,61.120007945074214,61.12001399395775,,22.88542938232422,24.6560001373291,22.72604597182501,24.48428571791876,,,,,,,,11457418.207550048884800,,,,,,,,
2024-11-15,,,,,,,25.229999542236328,25.799999237060547,25.120000839233400,25.559999465942383,484500,,,,,23.724510192871094,,,,,,,,,,,,,,,,,,,,,,,,,,,,,,,,,,,,,,,,,,,,,,,,,,,,,,,,,,,,,,,,,,,,,,,,,,,,,,,,,,,,,,,,,,,,,,,,,,,,,,,,,,,,,,,,,,,,,,,,,,,,,,,,,,,,,,,,,,,,,0.4003991244187157,0.4175458670728556,,,,,,0.0000012239263702112771,,,,,,,,23.21609088186685,25.012244125002795,22.58374608852652,24.330976558996525,,,,,,,,,0.011410617119244978,,0.2840166918614031,0.3059902715134619,,,62.69912899437661,62.69914212345632,,23.239997482299806,25.038000106811523,22.78262120201474,24.54523804074242,,,,,,,,12383819.741249084563500,,,,,,,,
2024-11-18,,,,,,,25.770000457763672,25.809999465942383,25.200000762939453,25.450000762939453,657200,,,,,23.622411727905273,,,,,,,,,,,,,,,,,,,,,,,,,,,,,,,,,,,,,,,,,,,,,,,,,,,,,,,,,,,,,,,,,,,,,,,,,,,,,,,,,,,,,,,,,,,,,,,,,,,,,,,,,,,,,,,,,,,,,,,,,,,,,,,,,,,,,,,,,,,,,0.23372842440224564,0.37096840699436784,,,,,,-0.0805762496563283,,,,,,,,23.35153116387966,25.158163004315014,22.678170237560952,24.432706032082244,,,,,,,,,-0.004312788205764977,,0.32642097392793445,0.35167524898322355,,,61.67588876210083,61.675890519799495,,23.334672927856445,25.14000015258789,22.773339407784597,24.53523808433896,,,,,,,,16725740.501403808511600,,,,,,,,
2024-11-19,,,,,,,25.379999160766600,26.495000839233400,24.930000305175780,26.489999771118164,964200,,,,,24.587726593017578,,,,,,,,,,,,,,,,,,,,,,,,,,,,,,,,,,,,,,,,,,,,,,,,,,,,,,,,,,,,,,,,,,,,,,,,,,,,,,,,,,,,,,,,,,,,,,,,,,,,,,,,,,,,,,,,,,,,,,,,,,,,,,,,,,,,,,,,,,,,,0.2530763619678687,0.39512249401101923,,,,,,-0.01880963695158187,,,,,,,,23.76359630692563,25.602108593249397,22.851766269875192,24.619732735630965,,,,,,,,,0.04005148856652991,,0.4329289793288744,0.4664235111976289,0.17967319983285535,0.19357403553197017,67.13674929075395,67.13675419065036,,23.704092025756836,25.538000106811523,22.79764902024042,24.561428524198988,,,,,,,,25541657.779312133728800,,,,,,,,
2024-11-20,,,,,,,26.649999618530273,27.299999237060547,26.440000534057617,26.590000152587890,550500,,,,,24.680545806884766,,,,,,,,,,,,,,,,,,,,,,,,,,,,,,,,,,,,,,,,,,,,,,,,,,,,,,,,,,,,,,,,,,,,,,,,,,,,,,,,,,,,,,,,,,,,,,,,,,,,,,,,,,,,,,,,,,,,,,,,,,,,,,,,,,,,,,,,,,,,,0.26565107209162947,0.39443768093240206,,,,,,-0.03338130341964834,,,,,,,,24.069246140245344,25.931405779695563,23.01801895505788,24.798847955354322,,,,,,,,,0.0037679146907376635,,0.5188461404577147,0.5589878665974091,0.2475077879578272,0.26665680174505796,67.61459956452819,67.61460451200996,,24.014106369018556,25.87200012207031,22.83300862993513,24.599523725963774,,,,,,,,14637795.083999633445000,,,,,,,,
2024-11-21,,,,,,,26.940000534057617,27.129999160766600,26.530000686645508,26.659999847412110,550600,,,,,24.745519638061523,,,,,,,,,,,,,,,,,,,,,,,,,,,,,,,,,,,,,,,,,,,,,,,,,,,,,,,,,,,,,,,,,,,,,,,,,,,,,,,,,,,,,,,,,,,,,,,,,,,,,,,,,,,,,,,,,,,,,,,,,,,,,,,,,,,,,,,,,,,,,0.27502223245881324,0.35319987890391047,,,,,,-0.0321115893018744,,,,,,,,24.294670639517403,26.17427046893441,23.175064471694576,24.96804358190503,,,,,,,,,0.0026291337584180762,,0.5854304767014469,0.6307235866077434,0.31509232570655116,0.33947015871759506,67.96574035596197,67.96574045773609,,24.272142791748045,26.15,22.923617408389138,24.69714273725237,,,,,,,,14678995.915985107766000,,,,,,,,
2024-11-22,,,,,,,26.719999313354492,26.989999771118164,25.934999465942383,26.079999923706055,610500,,,,,24.207170486450195,,,,,,,,,,,,,,,,,,,,,,,,,,,,,,,,,,,,,,,,,,,,,,,,,,,,,,,,,,,,,,,,,,,,,,,,,,,,,,,,,,,,,,,,,,,,,,,,,,,,,,,,,,,,,,,,,,,,,,,,,,,,,,,,,,,,,,,,,,,,,0.3590684630309534,0.3636418683584885,,,,,,-0.07844616062488907,,,,,,,,24.265503921828333,26.142846953858292,23.268892291217814,25.069130522068757,,,,,,,,,-0.02199555753583484,,0.5879808878555899,0.6334712526836519,0.3696700381363589,0.3982703775108064,61.97024002509578,61.970236271671205,,24.36867485046387,26.254000091552733,22.99256860642206,24.77142842610677,,,,,,,,15921839.953422546577500,,,,,,,,
2024-11-25,,,,,,,26.030000686645508,26.211999893188477,25.569999694824220,25.620000839233400,919600,,,,,23.780204772949220,,,,,,,,,,,,,,,,,,,,,,,,,,,,,,,,,,,,,,,,,,,,,,,,,,,,,,,,,,,,,,,,,,,,,,,,,,,,,,,,,,,,,,,,,,,,,,,,,,,,,,,,,,,,,,,,,,,,,,,,,,,,,,,,,,,,,,,,,,,,,0.39020681358461146,0.3536873952668627,,,,,,-0.11378141998545416,,,,,,,,24.10373753886863,25.968564915649996,23.315375244102487,25.119209641811,,,,,,,,,-0.017795387999881365,,0.549218493376781,0.5917098532389318,0.4055797291844433,0.4369582726564315,57.62829052540148,57.62828386403386,,24.400233459472656,26.288000106811523,23.071685791015625,24.856666564941406,,,,,,,,23560152.771759034640000,,,,,,,,
2024-11-26,,,,,,,25.500000000000000,25.545000076293945,24.719999313354492,25.069999694824220,916500,,,,,23.269699096679688,,,,,,,,,,,,,,,,,,,,,,,,,,,,,,,,,,,,,,,,,,,,,,,,,,,,,,,,,,,,,,,,,,,,,,,,,,,,,,,,,,,,,,,,,,,,,,,,,,,,,,,,,,,,,,,,,,,,,,,,,,,,,,,,,,,,,,,,,,,,,0.20780505694874174,0.363203536758337,,,,,,-0.12526955847516774,,,,,,,,23.82572472480565,25.669043175374735,23.31122286706405,25.114736010266746,,,,,,,,,-0.021701456091539034,,0.47186609625220655,0.5083729406927517,0.41883700259799594,0.4512412062636955,52.85941285903952,52.859413103652244,,24.13662796020508,26.004000091552733,23.115885235014417,24.904285612560454,,,,,,,,22976654.720306397630000,,,,,,,,
2024-11-27,,,,,,,25.020000457763672,25.709999084472656,25.020000457763672,25.329999923706055,559800,,,,,23.511030197143555,,,,,,,,,,,,,,,,,,,,,,,,,,,,,,,,,,,,,,,,,,,,,,,,,,,,,,,,,,,,,,,,,,,,,,,,,,,,,,,,,,,,,,,,,,,,,,,,,,,,,,,,,,,,,,,,,,,,,,,,,,,,,,,,,,,,,,,,,,,,,0.23989210184342177,0.3580052370724678,,,,,,-0.10556858036334281,,,,,,,,23.720826548918286,25.556028758151843,23.32938716979855,25.134305456943046,,,,,,,,,0.010317634845939873,,0.42513645869870587,0.4580278230167387,0.420096893818138,0.4525985296143042,54.76509948327944,54.76508641453452,,23.902724838256837,25.752000045776366,23.18881434486026,24.98285702296666,,,,,,,,14179733.957290649589000,,,,,,,,
2024-11-29,,,,,,,25.450000762939453,26.280000686645508,25.420000076293945,26.049999237060547,2130200,,,,,24.179325103759766,,,,,,,,,,,,,,,,,,,,,,,,,,,,,,,,,,,,,,,,,,,,,,,,,,,,,,,,,,,,,,,,,,,,,,,,,,,,,,,,,,,,,,,,,,,,,,,,,,,,,,,,,,,,,,,,,,,,,,,,,,,,,,,,,,,,,,,,,,,,,0.3599278066805426,0.3594917168412645,,,,,,-0.04994275263665091,,,,,,,,23.873659400532112,25.720685584454746,23.406654254704115,25.21755034604464,,,,,,,,,0.028028252333859766,,0.43699133397861445,0.4707997948713185,0.42347578185023327,0.45623878266570705,59.631808026925526,59.63180098710077,,23.789485931396484,25.629999923706055,23.265721457345144,25.065714154924667,,,,,,,,55491708.374786377219400,,,,,,,,
2024-12-02,,,,,,,26.250000000000000,26.290000915527344,24.530000686645508,24.819999694824220,904900,,,,,23.037652969360350,,,,,,,,,,,,,,,,,,,,,,,,,,,,,,,,,,,,,,,,,,,,,,,,,,,,,,,,,,,,,,,,,,,,,,,,,,,,,,,,,,,,,,,,,,,,,,,,,,,,,,,,,,,,,,,,,,,,,,,,,,,,,,,,,,,,,,,,,,,,,0.47149568474877007,0.3908797760705959,,,,,,-0.11076339564192887,,,,,,,,23.594990590141524,25.420456954577904,23.373108683309226,25.181409377751873,,,,,,,,,-0.048367970465964714,,0.3502258228756929,0.37732146409612,0.40882579005532516,0.44045531895178963,49.77889056038926,49.77888411147632,,23.555582427978514,25.37799987792969,23.259533564249676,25.05904751732236,,,,,,,,22459617.723846436678000,,,,,,,,
2024-12-03,,,,,,,24.889999389648438,25.520000457763672,24.889999389648438,25.319999694824220,743900,,,,,23.501747131347656,,,,,,,,,,,,,,,,,,,,,,,,,,,,,,,,,,,,,,,,,,,,,,,,,,,,,,,,,,,,,,,,,,,,,,,,,,,,,,,,,,,,,,,,,,,,,,,,,,,,,,,,,,,,,,,,,,,,,,,,,,,,,,,,,,,,,,,,,,,,,0.5065247792646511,0.39520190724115656,,,,,,-0.05489857528283668,,,,,,,,23.563909437210235,25.386971201326674,23.384803087676357,25.194008497485722,,,,,,,,,0.019944801411840303,,0.3152777251287979,0.3396695358352524,0.3901161770700197,0.42029816232848216,53.16649662438862,53.1664933418997,,23.499890899658205,25.317999649047852,23.28649529956636,25.08809516543434,,,,,,,,18835547.772979737258000,,,,,,,,
2024-12-04,,,,,,,25.290000915527344,25.540000915527344,24.770000457763672,25.159999847412110,438200,,,,,23.353237152099610,,,,,,,,,,,,,,,,,,,,,,,,,,,,,,,,,,,,,,,,,,,,,,,,,,,,,,,,,,,,,,,,,,,,,,,,,,,,,,,,,,,,,,,,,,,,,,,,,,,,,,,,,,,,,,,,,,,,,,,,,,,,,,,,,,,,,,,,,,,,,0.48064045437623476,0.3847902494355928,,,,,,-0.04492176287341297,,,,,,,,23.49368534217336,25.311314083355153,23.38193345716938,25.190916802024486,,,,,,,,,-0.006339153831340804,,0.2724568784055563,0.29353576334916553,0.36658431733712704,0.39494568253261886,51.95868565058646,51.95868140384357,,23.516598510742188,25.33599967956543,23.333346684773762,25.138571330479213,,,,,,,,11025111.933135986602000,,,,,,,,
2024-12-05,,,,,,,25.079999923706055,25.469999313354492,24.799999237060547,25.420000076293945,467400,,,,,23.594564437866210,,,,,,,,,,,,,,,,,,,,,,,,,,,,,,,,,,,,,,,,,,,,,,,,,,,,,,,,,,,,,,,,,,,,,,,,,,,,,,,,,,,,,,,,,,,,,,,,,,,,,,,,,,,,,,,,,,,,,,,,,,,,,,,,,,,,,,,,,,,,,0.48059411168822314,0.37979367224061983,,,,,,0.000044356321294434594,,,,,,,,23.52731170740431,25.347542747668083,23.401263546323637,25.2117425542308,,,,,,,,,0.01028075450430464,,0.25505403977009067,0.2747866919007862,0.3442782618237198,0.37091388440625234,53.795562697646,53.79557384488387,,23.533305358886718,25.35399971008301,23.40892782665434,25.21999994913737,,,,,,,,11881308.035659789893000,,,,,,,,
2024-12-06,,,,,,,25.500000000000000,25.500000000000000,24.934999465942383,25.030000686645508,539600,,,,,23.232574462890625,,,,,,,,,,,,,,,,,,,,,,,,,,,,,,,,,,,,,,,,,,,,,,,,,,,,,,,,,,,,,,,,,,,,,,,,,,,,,,,,,,,,,,,,,,,,,,,,,,,,,,,,,,,,,,,,,,,,,,,,,,,,,,,,,,,,,,,,,,,,,0.42023207698901527,0.3706930517374093,,,,,,0.04266954283432838,,,,,,,,23.429065959233082,25.241695393993894,23.385928175102453,25.1952205662685,,,,,,,,,-0.01546099951269504,,0.20963604523120338,0.22585471376385513,0.3173498185052165,0.3419020502777729,50.6661834631301,50.66616896457504,,23.34395523071289,25.15,23.494674955095565,25.312380926949636,,,,,,,,13506188.370513916116800,,,,,,,,
2024-12-09,,,,,,,25.180000305175780,25.260000228881836,23.770000457763672,23.909999847412110,1219600,,,,,22.192998886108400,,,,,,,,,,,,,,,,,,,,,,,,,,,,,,,,,,,,,,,,,,,,,,,,,,,,,,,,,,,,,,,,,,,,,,,,,,,,,,,,,,,,,,,,,,,,,,,,,,,,,,,,,,,,,,,,,,,,,,,,,,,,,,,,,,,,,,,,,,,,,0.40467044827701737,0.40113213405649,,,,,,-0.040837252152484786,,,,,,,,23.017043601524854,24.79779687846663,23.277480057921178,25.078382319099738,,,,,,,,,-0.04577849191218071,,0.08873402577530243,0.09559905467198249,0.2716266599592337,0.29264145115661483,42.94070900904626,42.940721367173175,,23.1750244140625,24.96800003051758,23.507050741286506,25.325714292980376,,,,,,,,29160635.813903809356000,,,,,,,,
2024-12-10,,,,,,,23.899999618530273,24.459999084472656,23.799999237060547,24.000000000000000,732200,,,,,22.276540756225586,,,,,,,,,,,,,,,,,,,,,,,,,,,,,,,,,,,,,,,,,,,,,,,,,,,,,,,,,,,,,,,,,,,,,,,,,,,,,,,,,,,,,,,,,,,,,,,,,,,,,,,,,,,,,,,,,,,,,,,,,,,,,,,,,,,,,,,,,,,,,0.34791882161969917,0.40128494659344255,,,,,,-0.03476038116064596,,,,,,,,22.770209319758433,24.53186458564442,23.18648557594885,24.980347562817943,,,,,,,,,0.0037572670672791643,,-0.00033668388336849375,-0.00036304845192347557,0.21723399119071324,0.23404055123490713,43.683852562965484,43.68382319349998,,22.929983139038086,24.704000091552736,23.52252079191662,25.34238097781227,,,,,,,,17572800.000000000000000,,,,,,,,
2024-12-11,,,,,,,23.940000534057617,24.500000000000000,23.920000076293945,24.479999542236328,507000,,,,,22.722068786621094,,,,,,,,,,,,,,,,,,,,,,,,,,,,,,,,,,,,,,,,,,,,,,,,,,,,,,,,,,,,,,,,,,,,,,,,,,,,,,,,,,,,,,,,,,,,,,,,,,,,,,,,,,,,,,,,,,,,,,,,,,,,,,,,,,,,,,,,,,,,,0.4121661157428316,0.3610426854606223,,,,,,-0.05477953692230262,,,,,,,,22.75416247537932,24.514576237841723,23.144265867828146,24.934861379128705,,,,,,,,,0.019802504740049017,,-0.0345768934831554,-0.037252333302777885,0.16687181425593953,0.17978197432737014,47.60314011572486,47.60313332092293,,22.80374946594238,24.568000030517577,23.502189091273717,25.32047616867792,,,,,,,,12411359.767913818296000,,,,,,,,
2024-12-12,,,,,,,24.479999542236328,24.479999542236328,23.979999542236328,24.340000152587890,1042600,,,,,22.592121124267578,,,,,,,,,,,,,,,,,,,,,,,,,,,,,,,,,,,,,,,,,,,,,,,,,,,,,,,,,,,,,,,,,,,,,,,,,,,,,,,,,,,,,,,,,,,,,,,,,,,,,,,,,,,,,,,,,,,,,,,,,,,,,,,,,,,,,,,,,,,,,0.38859235935038244,0.35630938141567875,,,,,,-0.01204339737176542,,,,,,,,22.700148691675405,24.456384209423778,23.09407089114082,24.88078308580681,,,,,,,,,-0.005735422781636507,,-0.0713754251410137,-0.07689770911739302,0.11922236637654887,0.1284460376384175,46.58479151954393,46.584798280908046,,22.603260803222657,24.352000045776368,23.4951171875,25.312857128324964,,,,,22.78035846710205,,,25376884.159088134114000,,,,,,,,
2024-12-13,,,,,,,24.239999771118164,24.450000762939453,23.940000534057617,24.170000076293945,1063100,,,,,22.434329986572266,,,,,,,,,,,,,,,,,,,,,,,,,,,,,,,,,,,,,,,,,,,,,,,,,,,,,,,,,,,,,,,,,,,,,,,,,,,,,,,,,,,,,,,,,,,,,,,,,,,,,,,,,,,,,,,,,,,,,,,,,,,,,,,,,,,,,,,,,,,,,0.383909100372783,0.3512838870834403,,,,,,-0.030381520837463174,,,,,,,,22.611542456641025,24.360922831713836,23.034094445270952,24.81616644857837,,,,,,,,,-0.007008848343391908,,-0.11198011562766652,-0.12064383347289365,0.0729818699757058,0.07862806341615527,45.317076681708365,45.31707440389121,,22.443611907958985,24.179999923706056,23.46196746826172,25.277142842610676,,,,,22.8152583694458,,,25695127.081108092929500,,,,,,,,
2024-12-16,,,,,,,24.069999694824220,24.190000534057617,23.190000534057617,23.700000762939453,900000,,,,,21.998081207275390,,,,,,,,,,,,,,,,,,,,,,,,,,,,,,,,,,,,,,,,,,,,,,,,,,,,,,,,,,,,,,,,,,,,,,,,,,,,,,,,,,,,,,,,,,,,,,,,,,,,,,,,,,,,,,,,,,,,,,,,,,,,,,,,,,,,,,,,,,,,,0.23253964765053003,0.3519941568486633,,,,,,-0.04949582054673997,,,,,,,,22.407055373519146,24.140615475455707,22.939911423634992,24.714696840793014,,,,,,,,,-0.01963714262826765,,-0.1773172530682139,-0.1910358267429686,0.022922045366921853,0.024695285384330502,41.92050905701051,41.92051039694885,,22.404628372192384,24.138000106811525,23.392574310302734,25.202380952380953,,,,,22.845331687927246,,,21330000.686645507700000,,,,,,,,
2024-12-17,,,,,,,23.530000686645508,23.729999542236328,23.270000457763672,23.370000839233400,978300,,,,,21.691780090332030,,,,,,,,,,,,,,,,,,,,,,,,,,,,,,,,,,,,,,,,,,,,,,,,,,,,,,,,,,,,,,,,,,,,,,,,,,,,,,,,,,,,,,,,,,,,,,,,,,,,,,,,,,,,,,,,,,,,,,,,,,,,,,,,,,,,,,,,,,,,,0.24007636454765627,0.3498442396078986,,,,,,-0.0880685985545358,,,,,,,,22.16863027912344,23.883743930048272,22.82644493878927,24.59245174974214,,,,,,,,,-0.014021840599601166,,-0.2509208857129188,-0.27033398260071095,-0.03184654084904628,-0.03431056821267779,39.67216230982718,39.67215466343146,,22.28767623901367,24.012000274658202,23.295777638753254,25.098095303490048,,,,,22.862039108276367,,,22862871.821022035220000,,,,,,,,
2024-12-18,,,,,,,23.270000457763672,23.420000076293945,22.780000686645508,22.799999237060547,626100,,,,,21.162708282470703,,,,,,,,,,,,,,,,,,,,,,,,,,,,,,,,,,,,,,,,,,,,,,,,,,,,,,,,,,,,,,,,,,,,,,,,,,,,,,,,,,,,,,,,,,,,,,,,,,,,,,,,,,,,,,,,,,,,,,,,,,,,,,,,,,,,,,,,,,,,,0.12873360465983852,0.35693055649055516,,,,,,-0.11520396160324761,,,,,,,,21.833322946905863,23.522495699052364,22.675196151851218,24.429501521316542,,,,,,,,,-0.02469280163893881,,-0.3479332106546842,-0.3748516515218441,-0.09506387481017387,-0.10241878487451105,36.07323890492106,36.073247632434125,,21.975804138183594,23.67600021362305,23.17864890325637,24.971904754638672,,,,,22.84811622619629,,,14275079.522323608476700,,,,,,,,
2024-12-19,,,,,,,22.930000305175780,23.760000228881836,22.750000000000000,23.420000076293945,647300,,,,,21.738187789916992,,,,,,,,,,,,,,,,,,,,,,,,,,,,,,,,,,,,,,,,,,,,,,,,,,,,,,,,,,,,,,,,,,,,,,,,,,,,,,,,,,,,,,,,,,,,,,,,,,,,,,,,,,,,,,,,,,,,,,,,,,,,,,,,,,,,,,,,,,,,,0.32377866928937404,0.3382426862574363,,,,,,-0.1611364128994425,,,,,,,,21.80161122790957,23.488330491466225,22.59001357349356,24.337728662678124,,,,,,,,,0.02682993042412018,,-0.37406776993636726,-0.40300814396825047,-0.15086465383541253,-0.16253665669325892,42.213834989049275,42.21383093898565,,21.805017471313477,23.49200019836426,23.0429565792992,24.825714292980376,,,,,22.8353071975708,,,15159766.049385070598500,,,,,,,,
2024-12-20,,,,,,,23.180000305175780,23.870000839233400,23.159999847412110,23.780000686645508,1331100,,,,,22.072336196899414,,,,,,,,,,,,,,,,,,,,,,,,,,,,,,,,,,,,,,,,,,,,,,,,,,,,,,,,,,,,,,,,,,,,,,,,,,,,,,,,,,,,,,,,,,,,,,,,,,,,,,,,,,,,,,,,,,,,,,,,,,,,,,,,,,,,,,,,,,,,,0.3630011962500055,0.34464469500397693,,,,,,-0.078241815688003,,,,,,,,21.89185288423952,23.58555388985932,22.542951993803182,24.28702611940243,,,,,,,,,0.015254548737530588,,-0.36362497029878327,-0.39175739113931485,-0.1934167171280867,-0.20838080358247013,45.4880967120813,45.48809704155791,,21.732618713378905,23.41400032043457,22.91875612168085,24.691904794602166,,,,,22.848858795166016,,,31653558.913993835698800,,,,,,,,
2024-12-23,,,,,,,23.760000228881836,23.760000228881836,23.059999465942383,23.690000534057617,594400,,,,,21.988800048828125,,,,,,,,,,,,,,,,,,,,,,,,,,,,,,,,,,,,,,,,,,,,,,,,,,,,,,,,,,,,,,,,,,,,,,,,,,,,,,,,,,,,,,,,,,,,,,,,,,,,,,,,,,,,,,,,,,,,,,,,,,,,,,,,,,,,,,,,,,,,,0.3342361775616785,0.343494839094275,,,,,,-0.033985886706346426,,,,,,,,21.924168605769054,23.62036943792542,22.492574544259995,24.232751066189266,,,,,,,,,-0.003791833587569209,,-0.3579632676334441,-0.3856577264098213,-0.22632602722915818,-0.24383618814794036,44.80460708971613,44.80459887525929,,21.730762481689453,23.412000274658205,22.787483760288783,24.550476255871,,,,,22.858511962890624,,,14081336.317443847544800,,,,,,,,
2024-12-24,,,,,,,23.889999389648438,23.930000305175780,23.579999923706055,23.930000305175780,222300,,,,,22.211565017700195,,,,,,,,,,,,,,,,,,,,,,,,,,,,,,,,,,,,,,,,,,,,,,,,,,,,,,,,,,,,,,,,,,,,,,,,,,,,,,,,,,,,,,,,,,,,,,,,,,,,,,,,,,,,,,,,,,,,,,,,,,,,,,,,,,,,,,,,,,,,,0.31411042722287064,0.34220145279563446,,,,,,0.003293185802748256,,,,,,,,22.0199674097461,23.72357972700887,22.46702822366365,24.205228269733496,,,,,,,,,0.010079864936797625,,-0.33167768235732353,-0.3573385460748959,-0.24739635825479125,-0.26653665973333146,47.08782270587109,47.08781763688592,,21.834719467163087,23.52400016784668,22.692454928443546,24.448095321655273,,,,,22.881345405578614,,,5319639.067840575894000,,,,,,,,
2024-12-26,,,,,,,23.879999160766600,24.250000000000000,23.743000030517578,24.239999771118164,189500,,,,,22.499303817749023,,,,,,,,,,,,,,,,,,,,,,,,,,,,,,,,,,,,,,,,,,,,,,,,,,,,,,,,,,,,,,,,,,,,,,,,,,,,,,,,,,,,,,,,,,,,,,,,,,,,,,,,,,,,,,,,,,,,,,,,,,,,,,,,,,,,,,,,,,,,,0.17462636204917556,0.34322150928448086,,,,,,0.06063983308751433,,,,,,,,22.179746212413743,23.895719741711968,22.469962368580504,24.20838931531392,,,,,,,,,0.012871267322463041,,-0.28435023768002665,-0.30634961780483394,-0.25478713413983833,-0.274499251347632,49.96680220931986,49.966791900552884,,22.10203857421875,23.812000274658203,22.631459644862584,24.382380985078356,,,,,22.88914222717285,,,4593479.956626892078000,,,,,,,,
2024-12-27,,,,,,,24.049999237060547,24.170000076293945,23.280000686645508,23.489999771118164,4621000,,,,,21.803159713745117,,,,,,,,,,,,,,,,,,,,,,,,,,,,,,,,,,,,,,,,,,,,,,,,,,,,,,,,,,,,,,,,,,,,,,,,,,,,,,,,,,,,,,,,,,,,,,,,,,,,,,,,,,,,,,,,,,,,,,,,,,,,,,,,,,,,,,,,,,,,,0.3074477201846605,0.35158253565363673,,,,,,-0.06283393752642301,,,,,,,,22.0542173795242,23.760479751514033,22.40934394541365,24.143081174932487,,,,,,,,,-0.03142946700870747,,-0.2995627353299781,-0.32273892337325094,-0.2637422543778663,-0.28414718575275577,43.762781210130505,43.76278763774158,,22.115032958984376,23.826000213623047,22.561624436151412,24.30714289347331,,,,,22.873177337646485,,,108547288.942337035844000,,,,,,,,
2024-12-30,,,,,,,23.420000076293945,24.010000228881836,23.420000076293945,23.979999542236328,382300,,,,,22.257974624633790,,,,,,,,,,,,,,,,,,,,,,,,,,,,,,,,,,,,,,,,,,,,,,,,,,,,,,,,,,,,,,,,,,,,,,,,,,,,,,,,,,,,,,,,,,,,,,,,,,,,,,,,,,,,,,,,,,,,,,,,,,,,,,,,,,,,,,,,,,,,,0.3254920929388926,0.35830475568008263,,,,,,-0.043650499826908155,,,,,,,,22.122136461227395,23.83365301508813,22.395583098070027,24.128255571960107,,,,,,,,,0.020645454204999938,,-0.2717860071463143,-0.29281331011545575,-0.2653510049315559,-0.28588041062529573,48.280950182923625,48.28093683104805,,22.15216064453125,23.86599998474121,22.50195512317476,24.242857161022368,,,,,22.867608222961426,,,9167553.824996948194400,,,,,,,,
2024-12-31,,,,,,,23.530000686645508,23.815000534057617,23.530000686645508,23.569999694824220,324500,,,,,22.343290328979492,,,,,,,,,,,,,,,,,,,,,,,,,,,,,,,,,,,,,,,,,,,,,,,,,,,,,,,,,,,,,,,,,,,,,,,,,,,,,,,,,,,,,,,,,,,,,,,,,,,,,,,,,,,,,,,,,,,,,,,,,,,,,,,,,,,,,,,,,,,,,0.32190446246579923,0.3416522232711898,,,,,,-0.11417809738661061,,,,,,,,22.195854417144762,23.745768575000163,22.390829209970885,24.077505037675028,,,,,,,,,0.0038257124990365675,,-0.2401205256626291,-0.2987369535376274,-0.26030490907777054,-0.2884517192077621,49.10694275986892,45.02159324759091,,22.223058700561523,23.841999816894532,22.41452489580427,24.1247619447254,,,,,22.83812744140625,,,7648464.900970459390000,,,,,,,,
2025-01-02,,,,,,,23.770000457763672,24.229999542236328,23.531000137329100,24.000000000000000,798300,,,,,22.750911712646484,,,,,,,,,,,,,,,,,,,,,,,,,,,,,,,,,,,,,,,,,,,,,,,,,,,,,,,,,,,,,,,,,,,,,,,,,,,,,,,,,,,,,,,,,,,,,,,,,,,,,,,,,,,,,,,,,,,,,,,,,,,,,,,,,,,,,,,,,,,,,0.3373177142262228,0.3082454105282435,,,,,,-0.06695227571632859,,,,,,,,22.380873515645337,23.830512383333442,22.423563982941396,24.070459125159115,22.634450034489706,24.369523820422945,,,,,,,0.018079152881500287,,-0.18005816596651059,-0.2656715563354197,-0.24425556045551855,-0.2838956866332936,52.9714971327689,48.91656490056213,,22.33092803955078,23.855999755859376,22.400870550246466,24.08571434020996,22.634450034489706,24.369523820422945,,,22.811601181030273,,,19159200.000000000000000,20722601.37622167,,,,,,,
2025-01-03,,,,,,,24.100000381469727,24.469999313354492,24.040000915527344,24.200000762939453,541600,,,,,22.940502166748047,,,,,,,,,,,,,,,,,,,,,,,,,,,,,,,,,,,,,,,,,,,,,,,,,,,,,,,,,,,,,,,,,,,,,,,,,,,,,,,,,,,,,,,,,,,,,,,,,,,,,,,,,,,,,,,,,,,,,,,,,,,,,,,,,,,,,,,,,,,,,0.3319426935893644,0.30102219209801667,0.38246781227011084,,,,,-0.09027410634392799,,,,,,,,22.56741639934624,23.953675176535445,22.470558363287456,24.0822356376846,22.64401416362278,24.364226224876585,,,,,,,0.008298782028874841,,-0.11582479190627026,-0.22078354545720558,-0.21856940674566888,-0.271273258398076,54.69469111198091,50.6671994438009,,22.419167709350585,23.84799995422363,22.374144599551247,24.032381057739258,22.670182848733567,24.399841278318373,,,22.791651344299318,,,13106720.413208007744800,20926186.5572006,,,,,,,
2025-01-06,,,,,,,24.350000381469727,24.549999237060547,23.629999160766600,23.659999847412110,452400,,,,,22.428606033325195,,,,,,,,,,,,,,,,,,,,,,,,,,,,,,,,,,,,,,,,,,,,,,,,,,,,,,,,,,,,,,,,,,,,,,,,,,,,,,,,,,,,,,,,,,,,,,,,,,,,,,,,,,,,,,,,,,,,,,,,,,,,,,,,,,,,,,,,,,,,,0.27333202578606575,0.3096708423490216,0.38490369520283657,,,,,-0.11377734812460322,,,,,,,,22.521146277339223,23.855783400161,22.466744515109067,24.043850565841648,22.63728265955098,24.34221915058082,,,,,,,-0.022566802725090762,,-0.10501457738105913,-0.22617582027609018,-0.19585844087274693,-0.26225377077367884,49.428457302646365,46.075889079861746,,22.544256973266602,23.881999969482422,22.330114546276274,23.960952486310685,22.700884289211697,24.424920642186724,,,22.783368759155273,,,10703783.930969238564000,20802809.414261106,,,,,,,
2025-01-07,,,,,,,23.659999847412110,23.809999465942383,23.340000152587890,23.649999618530273,778100,,,,,22.419124603271484,,,,,,,,,,,,,,,,,,,,,,,,,,,,,,,,,,,,,,,,,,,,,,,,,,,,,,,,,,,,,,,,,,,,,,,,,,,,,,,,,,,,,,,,,,,,,,,,,,,,,,,,,,,,,,,,,,,,,,,,,,,,,,,,,,,,,,,,,,,,,0.23935691563462533,0.30655979955476,0.38352768240517876,,,,,-0.11994023217427267,,,,,,,,22.48713905264998,23.787188806284092,22.46241543221474,24.008045934267887,22.630465220292248,24.32058729020424,,,,,,,-0.00042282764636635483,,-0.0961046421603875,-0.22862077384526103,-0.17590768113027505,-0.2555271713879953,49.33370813513943,45.99277024486032,,22.57648696899414,23.81599998474121,22.27414122081938,23.8766667502267,22.725689297630673,24.443650805760942,,,22.776567344665526,,,18402064.703178405421300,20958908.683546763,,,,,,,
2025-01-08,,,,,,,23.540000915527344,23.639999389648438,23.079999923706055,23.280000686645508,796100,,,,,22.068382263183594,,,,,,,,,,,,,,,,,,,,,,,,,,,,,,,,,,,,,,,,,,,,,,,,,,,,,,,,,,,,,,,,,,,,,,,,,,,,,,,,,,,,,,,,,,,,,,,,,,,,,,,,,,,,,,,,,,,,,,,,,,,,,,,,,,,,,,,,,,,,,0.2660052503256347,0.3067262310629308,0.3734670522669162,,,,,-0.11132857262004388,,,,,,,,22.347553456161183,23.618126099737896,22.42659423503009,23.94186000266585,22.6129001278826,24.28806895884303,,,,,,,-0.015768454214042982,,-0.1160081600183247,-0.257446555124222,-0.163927776907885,-0.2559110481352406,45.83360083809305,42.908554026942184,,22.52150535583496,23.75800018310547,22.21870349702381,23.79333341689337,22.729015168689546,24.439365114484513,,,22.77556011199951,,,18533208.546638488918800,20532979.953647796,,,,,,,
2025-01-10,,,,,,,23.739999771118164,24.135000228881836,23.655000686645508,23.819999694824220,1113100,,,,,22.580278396606445,,,,,,,,,,,,,,,,,,,,,,,,,,,,,,,,,,,,,,,,,,,,,,,,,,,,,,,,,,,,,,,,,,,,,,,,,,,,,,,,,,,,,,,,,,,,,,,,,,,,,,,,,,,,,,,,,,,,,,,,,,,,,,,,,,,,,,,,,,,,,0.2907080945888472,0.2751493593168326,0.37332393189807556,,,,,-0.07749454421964566,,,,,,,,22.425128436309603,23.685417298100006,22.440565522446125,23.930781792862067,22.611880698780222,24.273441794342443,,,,,,,0.022930970671842518,,-0.08944503476197241,-0.2340201488627187,-0.14903122847870245,-0.25153286828073623,51.2677594956611,48.35213623518087,,22.487378692626955,23.722000122070312,22.237145378476097,23.789047695341566,22.73221579052153,24.43476192534916,,,22.780335464477538,,,26514041.660308839282000,19795983.680849228,,,,,,,
2025-01-13,,,,,,,23.920000076293945,24.180000305175780,23.149999618530273,23.250000000000000,1304500,,,,,22.039945602416992,,,,,,,,,,,,,,,,,,,,,,,,,,,,,,,,,,,,,,,,,,,,,,,,,,,,,,,,,,,,,,,,,,,,,,,,,,,,,,,,,,,,,,,,,,,,,,,,,,,,,,,,,,,,,,,,,,,,,,,,,,,,,,,,,,,,,,,,,,,,,0.3124677338004733,0.2881526593982635,0.36535866370646614,,,,,-0.11488511523279366,,,,,,,,22.2967341583454,23.540278198733336,22.404145529716203,23.868892538965515,22.59400772701887,24.24145923826924,,,,,,,-0.02422037183858097,,-0.11071762351626901,-0.25846929170521094,-0.14136850748621577,-0.2529201529656312,46.01957479456556,43.623846860811646,,22.30726737976074,23.53199996948242,22.22587894258045,23.753333409627277,22.742456890287855,24.437936540633913,,,22.781543998718263,,,30329625.000000000000000,19295220.22129543,,,,,,,
2025-01-14,,,,,,,23.190000534057617,23.459999084472656,22.979999542236328,23.399999618530273,1465400,,,,,22.182136535644530,,,,,,,,,,,,,,,,,,,,,,,,,,,,,,,,,,,,,,,,,,,,,,,,,,,,,,,,,,,,,,,,,,,,,,,,,,,,,,,,,,,,,,,,,,,,,,,,,,,,,,,,,,,,,,,,,,,,,,,,,,,,,,,,,,,,,,,,,,,,,0.2946650081327215,0.27988115203575364,0.3654320733135194,,,,,-0.07834311998848607,,,,,,,,22.258534950778444,23.49351867199898,22.383962893891507,23.82626590983504,22.581136752288423,24.2151636251524,,,,,,,0.006430788256836362,,-0.11477957588947874,-0.2627133025200763,-0.13605072116686837,-0.2548787828765202,47.5414407180827,45.14408648518121,,22.25797348022461,23.479999923706053,22.20016788301014,23.70190484183175,22.753186967637802,24.441587327018617,,,22.773901214599608,,,34290359.440994262054200,19136651.527568273,,,,,,,
2025-01-15,,,,,,,23.500000000000000,23.680000305175780,22.840000152587890,22.950000762939453,1862300,,,,,21.755559921264650,,,,,,,,,,,,,,,,,,,,,,,,,,,,,,,,,,,,,,,,,,,,,,,,,,,,,,,,,,,,,,,,,,,,,,,,,,,,,,,,,,,,,,,,,,,,,,,,,,,,,,,,,,,,,,,,,,,,,,,,,,,,,,,,,,,,,,,,,,,,,0.31738806896763233,0.28664037288792044,0.36518730762753976,,,,,-0.1626183732615871,,,,,,,,22.09087660760718,23.312346035645806,22.32683535092543,23.74660544193544,22.55533747631893,24.175627285708245,,,,,,,-0.01941795097743315,,-0.15068289156386783,-0.2989418430344628,-0.13897715524626825,-0.2636913949081087,43.57260235350066,41.52627813830229,,22.12526054382324,23.34000015258789,22.16033163524809,23.635714394705637,22.764070571415008,24.44555558098687,,,22.7456604385376,,,42739786.420822143321900,19117990.653676834,,,,,,,
2025-01-16,,,,,,,22.860000610351562,23.340000152587890,22.670000076293945,23.219999313354492,450700,,,,,22.011503219604492,,,,,,,,,,,,,,,,,,,,,,,,,,,,,,,,,,,,,,,,,,,,,,,,,,,,,,,,,,,,,,,,,,,,,,,,,,,,,,,,,,,,,,,,,,,,,,,,,,,,,,,,,,,,,,,,,,,,,,,,,,,,,,,,,,,,,,,,,,,,,0.32400413597602246,0.2896624318733009,0.35292387539449743,,,,,-0.14819714925736355,,,,,,,,22.064418811606284,23.281563794882036,22.298168793532614,23.69873215751899,22.538342655796605,24.14576391157219,,,,,,,0.011695836894752794,,-0.15667795677950025,-0.3023809366461343,-0.14251731555291466,-0.27142930325571385,46.46059458076349,44.40509719578874,,22.113884735107423,23.327999877929688,22.140197027297248,23.59047626313709,22.762515658424014,24.436031765407986,,,22.727179489135743,,,10465253.690528869544400,18784717.60754358,,,,,,,
2025-01-17,,,,,,,23.170000076293945,24.129999160766600,23.149999618530273,24.120000839233400,766500,,,,,22.864665985107422,,,,,,,,,,,,,,,,,,,,,,,,,,,,,,,,,,,,,,,,,,,,,,,,,,,,,,,,,,,,,,,,,,,,,,,,,,,,,,,,,,,,,,,,,,,,,,,,,,,,,,,,,,,,,,,,,,,,,,,,,,,,,,,,,,,,,,,,,,,,,0.401329781677356,0.3107858600425566,0.35840926149406854,,,,,-0.11297626246899407,,,,,,,,22.331167869439994,23.561042809665825,22.349668538221234,23.737029310402118,22.548540259837566,24.1449588155616,,,,,,,0.038027558547389775,,-0.09153087322707165,-0.22983445309062844,-0.13232002708774607,-0.2631103332226968,54.77057304106964,52.754911136649234,,22.170762252807616,23.388000106811525,22.18146296909877,23.610476266770135,22.766694417075506,24.432380979023282,,,22.737085647583008,,,18487980.643272401100000,18849171.66178567,,,,,,,
2025-01-21,,,,,,,24.690000534057617,25.340000152587890,24.590000152587890,24.809999465942383,876800,,,,,23.518753051757812,,,,,,,,,,,,,,,,,,,,,,,,,,,,,,,,,,,,,,,,,,,,,,,,,,,,,,,,,,,,,,,,,,,,,,,,,,,,,,,,,,,,,,,,,,,,,,,,,,,,,,,,,,,,,,,,,,,,,,,,,,,,,,,,,,,,,,,,,,,,,0.35080146372756776,0.317972677455246,0.36269576646966384,,,,,-0.1040868822473437,,,,,,,,22.72702959687927,23.977361695091343,22.45594894854274,23.83457205181487,22.578859409585075,24.165741335886,,,,,,,0.028205356244792652,,0.01273126163343008,-0.11533421850948855,-0.10330976934351083,-0.23355511028005513,59.90828068273893,57.96710744751231,,22.466523742675783,23.7,22.26846168154762,23.679047629946755,22.78228684077187,24.44079365805974,,,22.767313499450683,,,21753407.531738281414400,19002767.458455525,,,,,,,
2025-01-22,,,,,,,25.049999237060547,25.049999237060547,24.430000305175780,24.729999542236328,535400,,,,,23.442916870117188,,,,,,,,,,,,,,,,,,,,,,,,,,,,,,,,,,,,,,,,,,,,,,,,,,,,,,,,,,,,,,,,,,,,,,,,,,,,,,,,,,,,,,,,,,,,,,,,,,,,,,,,,,,,,,,,,,,,,,,,,,,,,,,,,,,,,,,,,,,,,0.3684389089753057,0.30198720732806145,0.34535640770073867,,,,,-0.07614878256098565,,,,,,,,22.965658687958573,24.228240977473003,22.545673305049508,23.915974550944092,22.605861205226702,24.18337440483445,,,,,,,-0.003229708299874085,,0.08822342389601445,-0.030693467740029234,-0.06500313069560577,-0.19298278177204994,59.07047301626947,57.17946303451944,,22.71867980957031,23.96599998474121,22.37704304286412,23.770952406383696,22.776343784635028,24.426031748453777,,,22.80753414154053,,,13240441.754913330011200,18805183.583974082,,,,,,,
2025-01-23,,,,,,,24.750000000000000,24.840000152587890,23.979999542236328,24.020000457763672,739600,,,,,22.769868850708008,,,,,,,,,,,,,,,,,,,,,,,,,,,,,,,,,,,,,,,,,,,,,,,,,,,,,,,,,,,,,,,,,,,,,,,,,,,,,,,,,,,,,,,,,,,,,,,,,,,,,,,,,,,,,,,,,,,,,,,,,,,,,,,,,,,,,,,,,,,,,0.42165659189244226,0.31274727764882937,0.34936579518963273,,,,,-0.11959503733609024,,,,,,,,22.900395408875053,24.158827470903226,22.56605471829119,23.925431451564055,22.610986444147994,24.178268968988487,,,,,,,-0.02913027649970626,,0.09267386943210809,-0.020667809713454943,-0.033467730670063,-0.15851978736033093,52.105841211912924,50.60721554683177,,22.921541595458983,24.179999923706056,22.426170712425595,23.79952385312035,22.755592103988405,24.39555555676657,,,22.824269371032713,,,17765192.338562011811200,18920866.53830513,,,,,,,
2025-01-24,,,,,,,24.149999618530273,24.370000839233400,23.809999465942383,24.340000152587890,417200,,,,,23.073213577270508,,,,,,,,,,,,,,,,,,,,,,,,,,,,,,,,,,,,,,,,,,,,,,,,,,,,,,,,,,,,,,,,,,,,,,,,,,,,,,,,,,,,,,,,,,,,,,,,,,,,,,,,,,,,,,,,,,,,,,,,,,,,,,,,,,,,,,,,,,,,,0.4223908969414079,0.311762113103368,0.3503503575899166,,,,,-0.15757531736641617,,,,,,,,22.95800146500687,24.219218364798113,22.612160069107492,23.963119515293496,22.62543104205807,24.183323068475968,,,,,,,0.01323423897033449,,0.11930301298894008,0.01294962234136321,-0.002913581938262384,-0.12422590541999211,54.69833068152169,53.21719195180385,,23.133883666992187,24.404000091552735,22.473831540062314,23.8261904943557,22.741865430559432,24.37253967164055,,,22.84670024871826,,,10154648.063659667708000,18832011.228852045,,,,,,,
2025-01-27,,,,,,,24.139999389648438,24.600000381469727,23.709999084472656,23.809999465942383,411700,,,,,22.570798873901367,,,,,,,,,,,,,,,,,,,,,,,,,,,,,,,,,,,,,,,,,,,,,,,,,,,,,,,,,,,,,,,,,,,,,,,,,,,,,,,,,,,,,,,,,,,,,,,,,,,,,,,,,,,,,,,,,,,,,,,,,,,,,,,,,,,,,,,,,,,,,0.3790735680814406,0.32232269173295736,0.3404090529197253,,,,,-0.20080486313951476,,,,,,,,22.82893393463837,24.08281206517954,22.60839996045239,23.94919951080703,22.623723786803176,24.171656705896794,,,,,,,-0.022015373698074187,,0.0987280578089873,-0.0031387648391678624,0.017414746011187553,-0.10000847730382727,49.882277237040334,48.633454421264794,,23.075110244750977,24.341999816894532,22.501545769827707,23.831904729207356,22.737548979501877,24.35984124077691,,,22.835135536193846,,,9802576.780128479081100,18820415.93550122,,,,,,,
2025-01-28,,,,,,,23.739999771118164,24.010000228881836,23.379999160766600,23.809999465942383,398300,,,,,22.570798873901367,,,,,,,,,,,,,,,,,,,,,,,,,,,,,,,,,,,,,,,,,,,,,,,,,,,,,,,,,,,,,,,,,,,,,,,,,,,,,,,,,,,,,,,,,,,,,,,,,,,,,,,,,,,,,,,,,,,,,,,,,,,,,,,,,,,,,,,,,,,,,0.2726891432087023,0.3207284485671987,0.3403359470753716,,,,,-0.20296596173963247,,,,,,,,22.7428889143927,23.991874532100486,22.60498167985684,23.93654496127388,22.622069883274992,24.16035491714822,,,,,,,0,,0.0814829726074997,-0.01570785719041723,0.030228391330449984,-0.08314835328114525,49.882277237040334,48.633454421264794,,22.885519409179686,24.141999816894533,22.518652143932524,23.826190403529576,22.734558559599378,24.348571383763872,,,22.831738891601564,,,9483522.787284851148900,18802966.579782397,,,,,,,
2025-01-29,,,,,,,23.670000076293945,24.719999313354492,23.670000076293945,24.649999618530273,640400,,,,,23.367080688476562,,,,,,,,,,,,,,,,,,,,,,,,,,,,,,,,,,,,,,,,,,,,,,,,,,,,,,,,,,,,,,,,,,,,,,,,,,,,,,,,,,,,,,,,,,,,,,,,,,,,,,,,,,,,,,,,,,,,,,,,,,,,,,,,,,,,,,,,,,,,,0.41307209530166716,0.33944196099997836,0.3423636986833058,,,,,-0.17935843018322128,,,,,,,,22.95095283908732,24.211249560910414,22.67426340791318,24.001404475569917,22.64535147093754,24.17565631406641,,,,,,,0.0346712381044174,,0.1305643415170934,0.04163212943245753,0.05029558136777867,-0.0581922567384247,56.86356166805045,55.65433042152175,,22.87035217285156,24.12599983215332,22.559974852062407,23.845714205787296,22.75437342931354,24.361587251935685,,,22.83647102355957,,,15785859.755706786829200,18896711.687517922,,,,,,,
2025-01-30,,,,,,,24.840000152587890,25.149999618530273,24.069999694824220,24.280000686645508,848000,,,,,23.016338348388672,,,,,,,,,,,,,,,,,,,,,,,,,,,,,,,,,,,,,,,,,,,,,,,,,,,,,,,,,,,,,,,,,,,,,,,,,,,,,,,,,,,,,,,,,,,,,,,,,,,,,,,,,,,,,,,,,,,,,,,,,,,,,,,,,,,,,,,,,,,,,0.36090219104328575,0.32366100478398685,0.34332457889865065,,,,,-0.10104894631215386,,,,,,,,22.97274800885444,24.234166602822114,22.705361129774587,24.026731403849514,22.65694481085789,24.178917075709506,,,,,,,-0.01512389698098677,,0.13955104682081654,0.056566595844955714,0.06814667445838624,-0.035240486221748614,53.339077345535756,52.2656318736418,,22.919646072387696,24.177999877929686,22.61774526323591,23.883333297002885,22.765084978133913,24.364920601012216,,,22.827691040039063,,,20589440.582275390784000,19141957.65017555,,,,,,,
2025-01-31,,,,,,,24.250000000000000,24.540000915527344,23.879999160766600,23.899999618530273,553400,,,,,22.656112670898438,,,,,,,,,,,,,,,,,,,,,,,,,,,,,,,,,,,,,,,,,,,,,,,,,,,,,,,,,,,,,,,,,,,,,,,,,,,,,,,,,,,,,,,,,,,,,,,,,,,,,,,,,,,,,,,,,,,,,,,,,,,,,,,,,,,,,,,,,,,,,0.3635386940724133,0.32263285577798767,0.34321481980606516,,,,,-0.15367902083931806,,,,,,,,22.86720289620244,24.122777608058165,22.700883997149486,24.015210332456856,22.656918806484157,24.170200905172653,,,,,,,-0.01577463610005239,,0.11626563599891782,0.03730927952823393,0.07777046676649256,-0.020730533071752107,49.917063896112964,48.96790610016607,,22.83622589111328,24.089999771118165,22.63670421781994,23.879523776826403,22.77582456195165,24.368412653605144,,,22.80632308959961,,,13226259.788894653078200,19242293.708904207,,,,,,,
2025-02-03,,,,,,,23.090000152587890,24.030000686645508,22.770000457763672,23.700000762939453,933100,,,,,22.466524124145508,,,,,,,,,,,,,,,,,,,,,,,,,,,,,,,,,,,,,,,,,,,,,,,,,,,,,,,,,,,,,,,,,,,,,,,,,,,,,,,,,,,,,,,,,,,,,,,,,,,,,,,,,,,,,,,,,,,,,,,,,,,,,,,,,,,,,,,,,,,,,0.3316588194344742,0.3239872629297878,0.33961646883032226,,,,,-0.10744742575064137,,,,,,,,22.733643305516797,23.981851993018594,22.679578554149124,23.986554917046185,22.650968972661076,24.155507150727868,,,,,,,-0.008403306006743034,,0.08157324332342597,0.005842136902153072,0.07853102207787924,-0.01541599907697107,48.165622910452136,47.277164902927964,,22.815370941162108,24.068000030517577,22.64257249378023,23.88571430387951,22.77427294897655,24.35873013450986,,,22.783205337524414,,,22114470.711898803594300,19438736.32677472,,,,,,,
2025-02-04,,,,,,,23.899999618530273,24.895000457763672,23.899999618530273,24.799999237060547,564000,,,,,23.509273529052734,,,,,,,,,,,,,,,,,,,,,,,,,,,,,,,,,,,,,,,,,,,,,,,,,,,,,,,,,,,,,,,,,,,,,,,,,,,,,,,,,,,,,,,,,,,,,,,,,,,,,,,,,,,,,,,,,,,,,,,,,,,,,,,,,,,,,,,,,,,,,0.4680068328189221,0.3551859986277177,0.3476532676524488,,,,,-0.09783126852129874,,,,,,,,22.99218671336211,24.254567741032577,22.75500537004945,24.060504400683854,22.677790990048315,24.175647528425763,,,,,,,0.045368576958948595,,0.13664527289136785,0.0688709816474784,0.09015387224057696,0.0014413970679188234,57.0845511840205,56.228816076475546,,23.003065872192384,24.26599998474121,22.678684961228143,23.9238095056443,22.77969635857476,24.356190454392205,,,22.761636276245117,,,13987199.569702148508000,19491383.94520472,,,,,,,
2025-02-05,,,,,,,24.790000915527344,25.239999771118164,24.559999465942383,25.149999618530273,1205400,,,,,23.841056823730470,,,,,,,,,,,,,,,,,,,,,,,,,,,,,,,,,,,,,,,,,,,,,,,,,,,,,,,,,,,,,,,,,,,,,,,,,,,,,,,,,,,,,,,,,,,,,,,,,,,,,,,,,,,,,,,,,,,,,,,,,,,,,,,,,,,,,,,,,,,,,0.414127234440071,0.35709867190258077,0.3480894648735418,,,,,-0.03414579789719915,,,,,,,,23.275143416818228,24.55304503353181,22.853737320384088,24.159549420488073,22.71414304735088,24.20609603124153,,,,,,,0.014014209502706416,,0.20470270676770852,0.14538795902505086,0.11306363914600327,0.03023070945934523,59.473948272053114,58.63536507513205,,23.097861099243165,24.36599998474121,22.721568516322545,23.96904754638672,22.794069471813383,24.36317458985344,,,22.74484649658203,,,30315809.540176391074200,19735214.39114525,,,,,,,
2025-02-06,,,,,,,25.200000762939453,25.200000762939453,24.325000762939453,24.600000381469727,410000,,,,,23.319684982299805,,,,,,,,,,,,,,,,,,,,,,,,,,,,,,,,,,,,,,,,,,,,,,,,,,,,,,,,,,,,,,,,,,,,,,,,,,,,,,,,,,,,,,,,,,,,,,,,,,,,,,,,,,,,,,,,,,,,,,,,,,,,,,,,,,,,,,,,,,,,,0.4368218391739825,0.35670979567404537,0.3472736500186034,,,,,-0.01837771789066166,,,,,,,,23.289990605312088,24.568696816177784,22.896096198740064,24.19959041694095,22.733066232818036,24.21840554218616,,,,,,,-0.022111318155734673,,0.21410034759067997,0.1598057319738757,0.1332709808349386,0.05614571396225133,54.35272475020515,53.64414209719649,,23.15853042602539,24.429999923706056,22.764000847226097,24.01380947657994,22.809154026092045,24.371111097789946,,,22.716329803466795,,,10086000.156402588070000,19692601.850736707,,,,,,,
2025-02-07,,,,,,,24.559999465942383,25.149999618530273,24.329999923706055,24.719999313354492,432100,,,,,23.433437347412110,,,,,,,,,,,,,,,,,,,,,,,,,,,,,,,,,,,,,,,,,,,,,,,,,,,,,,,,,,,,,,,,,,,,,,,,,,,,,,,,,,,,,,,,,,,,,,,,,,,,,,,,,,,,,,,,,,,,,,,,,,,,,,,,,,,,,,,,,,,,,0.40552382210276977,0.3567547114472997,0.34564529564891233,,,,,-0.034866999638379574,,,,,,,,23.337806186012095,24.619130981903353,22.944945394073887,24.24690031661491,22.7549528301491,24.23408034753517,,,,,,,0.00486609594845121,,0.2280975443402511,0.17885312435508283,0.1522362935360011,0.08068719604081763,55.257957614160745,54.55311602554186,,23.313995361328125,24.5939998626709,22.812301454089937,24.064761843000138,22.831790167187886,24.387142847454736,,,22.700855140686034,,,10681511.703300475993200,19687373.090871174,,,,,,,
2025-02-10,,,,,,,24.909999847412110,25.159999847412110,24.670000076293945,24.799999237060547,412000,,,,,23.509273529052734,,,,,,,,,,,,,,,,,,,,,,,,,,,,,,,,,,,,,,,,,,,,,,,,,,,,,,,,,,,,,,,,,,,,,,,,,,,,,,,,,,,,,,,,,,,,,,,,,,,,,,,,,,,,,,,,,,,,,,,,,,,,,,,,,,,,,,,,,,,,,0.38608625944890385,0.3507806935274723,0.3411180657994682,,,,,-0.033601817322507256,,,,,,,,23.39496196702564,24.679420400289082,22.996247951799237,24.29718203665542,22.77852535198984,24.251765312832838,,,,,,,0.0032310127045770084,,0.2425142167468266,0.19811984307639463,0.1702918781781662,0.10417372544793303,55.8860479718702,55.18403907312564,,23.52254524230957,24.813999557495116,22.88091532389323,24.137142726353236,22.8647645920042,24.414285690065416,,,22.695436515808105,,,10217599.685668945364000,19452445.861035302,,,,,,,
2025-02-11,,,,,,,24.819999694824220,25.149999618530273,24.610000610351562,25.149999618530273,316400,,,,,23.841056823730470,,,,,,,,,,,,,,,,,,,,,,,,,,,,,,,,,,,,,,,,,,,,,,,,,,,,,,,,,,,,,,,,,,,,,,,,,,,,,,,,,,,,,,,,,,,,,,,,,,,,,,,,,,,,,,,,,,,,,,,,,,,,,,,,,,,,,,,,,,,,,0.23499436267198792,0.34572435079910274,0.3392505992044554,,,,,0.007411426560483377,,,,,,,,23.543660252593916,24.836280139702815,23.073048758338437,24.374710907734954,22.811729460481732,24.279835134885882,,,,,,,0.014014209502706416,,0.27751267912801936,0.2388773329829732,0.19173603836813685,0.13111444695494107,58.62276874498265,57.93543036923596,,23.588901901245116,24.883999633789063,22.940952391851518,24.200476056053525,22.895049503871373,24.438412681458487,,,22.706863670349122,,,7957459.879302978377200,19211477.046766736,,,,,,,
2025-02-12,,,,,,,24.920000076293945,25.229999542236328,24.709999084472656,24.969999313354492,247000,,,,,23.670425415039062,,,,,,,,,,,,,,,,,,,,,,,,,,,,,,,,,,,,,,,,,,,,,,,,,,,,,,,,,,,,,,,,,,,,,,,,,,,,,,,,,,,,,,,,,,,,,,,,,,,,,,,,,,,,,,,,,,,,,,,,,,,,,,,,,,,,,,,,,,,,,0.2189158230110716,0.33391450807231393,0.33967633270123,,,,,0.08052047999318214,,,,,,,,23.585915306742297,24.880853197586706,23.127355727129405,24.42882803551855,22.83856370906165,24.301402765463028,,,,,,,-0.007182774952724222,,0.2881589668629374,0.25372859180763285,0.21102062406709696,0.1556372759254794,56.675443068686974,56.030269025206536,,23.554775619506835,24.847999572753906,23.01859428769066,24.28238078526088,22.922331340729244,24.45936505756681,,,22.71005157470703,,,6167589.830398559524000,19000010.779223368,,,,,,,
2025-02-13,,,,,,,25.170000076293945,25.329999923706055,25.000000000000000,25.110000610351562,380300,,,,,23.803142547607422,,,,,,,,,,,,,,,,,,,,,,,,,,,,,,,,,,,,,,,,,,,,,,,,,,,,,,,,,,,,,,,,,,,,,,,,,,,,,,,,,,,,,,,,,,,,,,,,,,,,,,,,,,,,,,,,,,,,,,,,,,,,,,,,,,,,,,,,,,,,,0.12015394153721128,0.3338311007962541,0.32304642491675567,,,,,-0.004434323518117028,,,,,,,,23.658324387030675,24.957235668508325,23.188790892627406,24.490752815048822,22.868706797766205,24.326671448115793,,,,,,,0.005591215660025979,,0.30380333430329287,0.2736408941593922,0.22957716611433612,0.17923799957226197,57.84828690709137,57.20891749788847,,23.65146713256836,24.949999618530274,23.095785050165084,24.36380940391904,22.932714008149645,24.462063471476238,,,22.702527923583986,,,9549333.232116699028600,18795539.299092975,,,,,,,
2025-02-14,,,,,,,25.239999771118164,25.350000381469727,24.729999542236328,24.780000686645508,240800,,,,,23.490316390991210,,,,,,,,,,,,,,,,,,,,,,,,,,,,,,,,,,,,,,,,,,,,,,,,,,,,,,,,,,,,,,,,,,,,,,,,,,,,,,,,,,,,,,,,,,,,,,,,,,,,,,,,,,,,,,,,,,,,,,,,,,,,,,,,,,,,,,,,,,,,,0.17088735154697504,0.32916671039712675,0.3221254236415592,,,,,0.09450374769652381,,,,,,,,23.602321721684184,24.89815734122072,23.21620230156957,24.517048076103066,22.888132097554486,24.340837986819846,,,,,,,-0.013229344018265282,,0.2876433779603609,0.25979850585832764,0.2411904084835411,0.1953501008294751,54.12870240803331,53.56413946237426,,23.66284294128418,24.961999893188477,23.178392501104447,24.45095225742885,22.944613774617512,24.466507926819816,,,22.711581192016602,,,5967024.165344238326400,18764292.857273042,,,,,,,
2025-02-18,,,,,,,24.790000915527344,25.065000534057617,24.610000610351562,24.700000762939453,386500,,,,,23.414480209350586,,,,,,,,,,,,,,,,,,,,,,,,,,,,,,,,,,,,,,,,,,,,,,,,,,,,,,,,,,,,,,,,,,,,,,,,,,,,,,,,,,,,,,,,,,,,,,,,,,,,,,,,,,,,,,,,,,,,,,,,,,,,,,,,,,,,,,,,,,,,,0.1705048981557895,0.3286329249639552,0.3204547102642724,,,,,0.0503902180198452,,,,,,,,23.539707884239654,24.832105148460297,23.234227565913297,24.53368013854274,22.904580476048114,24.352061823573585,,,,,,,-0.003233624414468479,,0.2656548463589772,0.23961090280991115,0.2460832960586283,0.20420226122556231,53.23506812125241,52.687789147311804,,23.64388427734375,24.94200019836426,23.245200929187593,24.521428516932897,22.949121808248854,24.463015874226887,,,22.70983585357666,,,9546550.294876098584500,18749889.845572576,,,,,,,
2025-02-19,,,,,,,24.600000381469727,24.750000000000000,24.440000534057617,24.690000534057617,379200,,,,,23.404998779296875,,,,,,,,,,,,,,,,,,,,,,,,,,,,,,,,,,,,,,,,,,,,,,,,,,,,,,,,,,,,,,,,,,,,,,,,,,,,,,,,,,,,,,,,,,,,,,,,,,,,,,,,,,,,,,,,,,,,,,,,,,,,,,,,,,,,,,,,,,,,,0.11234477775574905,0.30289321952668075,0.31923433623233466,,,,,0.006344729759295607,,,,,,,,23.494804849258728,24.784736943659404,23.249752221675443,24.547891083589544,22.92021854802464,24.362622408276213,,,,,,,-0.0004050207472673347,,0.24464360528398998,0.22026605705991997,0.24579535790370063,0.20741502039243384,53.11699588659972,52.57200124789126,,23.556672668457033,24.850000381469727,23.270931062244234,24.548571359543573,22.94832278054858,24.453809526231552,,,22.710871086120605,,,9362448.202514648366400,18716636.353429157,,,,,,,
2025-02-20,,,,,,,24.559999465942383,25.670000076293945,24.479999542236328,25.540000915527344,483500,,,,,24.210762023925780,,,,,,,,,,,,,,,,,,,,,,,,,,,,,,,,,,,,,,,,,,,,,,,,,,,,,,,,,,,,,,,,,,,,,,,,,,,,,,,,,,,,,,,,,,,,,,,,,,,,,,,,,,,,,,,,,,,,,,,,,,,,,,,,,,,,,,,,,,,,,0.28181952651659437,0.30980407366377327,0.3255943089158505,,,,,0.0742749793648375,,,,,,,,23.73345724081441,25.036491600948718,23.337116749152745,24.63808288649298,22.96054803164655,24.39941548662781,,,,,,,0.033847623443778604,,0.2896712552351346,0.27040598262022186,0.2545705373699874,0.22001321283799144,61.02783863250774,60.51491947950768,,23.664739990234374,24.964000701904297,23.303883870442707,24.583333333333332,22.956041063581193,24.45349208892338,,,22.723195037841798,,,12348590.442657470824000,18716077.158213418,,,,,,,
2025-02-21,,,,,,,25.610000610351562,26.069999694824220,25.260000228881836,25.399999618530273,360900,,,,,24.078046798706055,,,,,,,,,,,,,,,,,,,,,,,,,,,,,,,,,,,,,,,,,,,,,,,,,,,,,,,,,,,,,,,,,,,,,,,,,,,,,,,,,,,,,,,,,,,,,,,,,,,,,,,,,,,,,,,,,,,,,,,,,,,,,,,,,,,,,,,,,,,,,0.2900238627437657,0.310328275523365,0.3256714117299259,,,,,0.05513777148142677,,,,,,,,23.848320426778294,25.15766094014257,23.404474026384865,24.707348043950915,22.99546986811716,24.43068374074976,,,,,,,-0.005496741899919139,,0.31106126209973084,0.2954396557902612,0.26586868231593613,0.2350985014284454,59.254361388740996,58.76912881566657,,23.7197208404541,25.02200050354004,23.334128152756463,24.61523809887114,22.963273366292317,24.452698419964502,,,22.740104484558106,,,9166859.862327575525700,18596094.925847128,,,,,,,
2025-02-24,,,,,,,25.469999313354492,25.766000747680664,24.995000839233400,25.190000534057617,352300,,,,,23.878976821899414,,,,,,,,,,,,,,,,,,,,,,,,,,,,,,,,,,,,,,,,,,,,,,,,,,,,,,,,,,,,,,,,,,,,,,,,,,,,,,,,,,,,,,,,,,,,,,,,,,,,,,,,,,,,,,,,,,,,,,,,,,,,,,,,,,,,,,,,,,,,,0.27513339293004857,0.29249211467048575,0.31589616535661114,,,,,0.10508323313151637,,,,,,,,23.858539225152,25.168440804780918,23.447610644158914,24.751225543051525,23.023079460422853,24.454412390540632,,,,,,,-0.008302063187907448,,0.30839473072872536,0.29493403508759997,0.274373891998494,0.2470656081602763,56.59752522809933,56.15234623688032,,23.797452926635742,25.10400047302246,23.386942818051292,24.67095238821847,22.952023369925364,24.432063511439733,,,22.773824043273926,,,8874437.188148498469100,18331535.86884453,,,,,,,
2025-02-25,,,,,,,25.000000000000000,26.184999465942383,25.000000000000000,25.819999694824220,838200,,,,,24.476186752319336,,,,,,,,,,,,,,,,,,,,,,,,,,,,,,,,,,,,,,,,,,,,,,,,,,,,,,,,,,,,,,,,,,,,,,,,,,,,,,,,,,,,,,,,,,,,,,,,,,,,,,,,,,,,,,,,,,,,,,,,,,,,,,,,,,,,,,,,,,,,,0.30347417137185545,0.30049944974430703,0.319786781167693,,,,,0.09629104058451915,,,,,,,,24.064421734207777,25.38562710146202,23.54111756308259,24.848386829576317,23.06848906329462,24.497086993799492,,,,,,,0.02470223463680652,,0.35043177631795075,0.34143316519552513,0.28958546886238534,0.2659391195673261,62.08929420755995,61.66678018862659,,24.009794235229492,25.328000259399413,23.45375106448219,24.74142855689639,22.94877957540845,24.41984128195142,,,22.8178169631958,,,21642323.744201661204000,18442718.863450915,,,,,,,
2025-02-26,,,,,,,25.860000610351562,26.639999389648438,25.690000534057617,26.510000228881836,598200,,,,,25.130275726318360,,,,,,,,,,,,,,,,,,,,,,,,,,,,,,,,,,,,,,,,,,,,,,,,,,,,,,,,,,,,,,,,,,,,,,,,,,,,,,,,,,,,,,,,,,,,,,,,,,,,,,,,,,,,,,,,,,,,,,,,,,,,,,,,,,,,,,,,,,,,,0.31135904031418493,0.2968571125152903,0.3241165384092486,,,,,0.16329537700042573,,,,,,,,24.41970639824464,25.76041814393529,23.685586487013115,24.999442593149546,23.13291989651411,24.559990532395815,,,,,,,0.02637264790451666,,0.4315512968414197,0.42901590899185393,0.3179786344581922,0.2985544774522316,67.01243756866658,66.61848514916323,,24.35484962463379,25.69200019836426,23.575630914597284,24.87000002179827,22.95488681490459,24.41746033562554,,,22.865981101989746,,,15858282.136917114295200,18461437.692354597,,,,,,,
2025-02-27,,,,,,,26.610000610351562,26.899999618530273,26.340000152587890,26.590000152587890,788600,,,,,25.206111907958984,,,,,,,,,,,,,,,,,,,,,,,,,,,,,,,,,,,,,,,,,,,,,,,,,,,,,,,,,,,,,,,,,,,,,,,,,,,,,,,,,,,,,,,,,,,,,,,,,,,,,,,,,,,,,,,,,,,,,,,,,,,,,,,,,,,,,,,,,,,,,0.26196422953357956,0.29638606363216446,0.3209857676963282,,,,,0.1374704694371084,,,,,,,,24.68184156814942,26.036945480152824,23.823816070735464,25.144038734916666,23.197707146871764,24.62342833302682,,,,,,,0.003013177646736019,,0.49623812317339855,0.4991275579143384,0.35363053220123347,0.338669093544653,67.53878164774407,67.1483456367068,,24.55391960144043,25.90200004577637,23.70112201145717,25.00238100687663,22.970743027944412,24.425555577353826,,,22.918260917663574,,,20968874.120330810054000,18541549.345797583,,,,,,,
2025-02-28,,,,,,,26.530000686645508,26.829999923706055,26.399999618530273,26.629999160766600,767900,,,,,25.244029998779297,,,,,,,,,,,,,,,,,,,,,,,,,,,,,,,,,,,,,,,,,,,,,,,,,,,,,,,,,,,,,,,,,,,,,,,,,,,,,,,,,,,,,,,,,,,,,,,,,,,,,,,,,,,,,,,,,,,,,,,,,,,,,,,,,,,,,,,,,,,,,0.24318670588526373,0.2765175973327833,0.3187933339724757,,,,,0.09233410180458669,,,,,,,,24.869237711692712,26.234630040357416,23.95292642783036,25.27912604635757,23.261654735993872,24.686133671393687,,,,,,,0.0015031909337471989,,0.5442883547733146,0.5515610777178459,0.3917620967156497,0.38124749037929156,67.81529981657224,67.42674039086731,,24.787116241455077,26.147999954223632,23.790500550043014,25.09666669936407,22.993978348989334,24.44158729674324,,,22.974454917907714,,,20449176.355552672140000,18492168.767762564,,,,,,,
2025-03-03,,,,,,,26.729999542236328,27.155000686645508,26.245000839233400,26.360000610351562,981400,,,,,24.988084793090820,,,,,,,,,,,,,,,,,,,,,,,,,,,,,,,,,,,,,,,,,,,,,,,,,,,,,,,,,,,,,,,,,,,,,,,,,,,,,,,,,,,,,,,,,,,,,,,,,,,,,,,,,,,,,,,,,,,,,,,,,,,,,,,,,,,,,,,,,,,,,0.25208246896989905,0.2727937925390892,0.31629070848547547,,,,,0.07277885161337388,,,,,,,,24.90885340549208,26.276420230355466,24.047031733763127,25.377387370357024,23.315605675278153,24.73844201323612,,,,,,,-0.01019058909612702,,0.5553145499630752,0.5648175284969632,0.42447258736513477,0.4179614980028259,63.86091257413958,63.51409227372588,,25.00893783569336,26.381999969482422,23.884393237885973,25.195714314778645,23.021254312424432,24.46206350175161,,,23.034254989624024,,,25869704.598999022946800,18538090.194408476,,,,,,,
2025-03-04,,,,,,,26.110000610351562,26.750000000000000,25.909999847412110,26.450000762939453,1201700,,,,,25.073400497436523,,,,,,,,,,,,,,,,,,,,,,,,,,,,,,,,,,,,,,,,,,,,,,,,,,,,,,,,,,,,,,,,,,,,,,,,,,,,,,,,,,,,,,,,,,,,,,,,,,,,,,,,,,,,,,,,,,,,,,,,,,,,,,,,,,,,,,,,,,,,,0.21091193066252817,0.2632765987371976,0.3157764825039199,,,,,0.139232908705098,,,,,,,,24.963702436140228,26.334280407883462,24.140337985006166,25.47489767877361,23.370536763470604,24.79192822416435,,,,,,,0.003408440099073122,,0.5644307471112562,0.5759464690175662,0.4524642193143591,0.449558492205774,64.60187875726216,64.25861255107914,,25.128380584716798,26.50800018310547,23.999502182006836,25.317142940702894,23.04605384100051,24.479841292850555,,,23.101887397766113,,,31784965.916824340670100,18817538.32075028,,,,,,,
2025-03-05,,,,,,,26.520000457763672,27.600000381469727,26.520000457763672,27.370000839233400,1972400,,,,,25.945518493652344,,,,,,,,,,,,,,,,,,,,,,,,,,,,,,,,,,,,,,,,,,,,,,,,,,,,,,,,,,,,,,,,,,,,,,,,,,,,,,,,,,,,,,,,,,,,,,,,,,,,,,,,,,,,,,,,,,,,,,,,,,,,,,,,,,,,,,,,,,,,,0.2622904713239825,0.27728046388921607,0.3181505541304465,,,,,0.18002239568933093,,,,,,,,25.290974455310934,26.679520551666773,24.304445303974,25.647179784269955,23.45100494253878,24.872492993385258,,,,,,,0.03419135388105064,,0.6347114739527022,0.6514925513632228,0.4889136702420277,0.4899453040372637,71.12032953573203,70.8147012329404,,25.291429138183595,26.68000030517578,24.16516858055478,25.491904849097843,23.07408865671309,24.50079369923425,,,23.197543601989747,,,53984589.655303958160000,18793615.80139342,,,,,,,
2025-03-06,,,,,,,26.139999389648438,26.549999237060547,24.450000762939453,24.629999160766600,1429900,,,,,23.348119735717773,,,,,,,,,,,,,,,,,,,,,,,,,,,,,,,,,,,,,,,,,,,,,,,,,,,,,,,,,,,,,,,,,,,,,,,,,,,,,,,,,,,,,,,,,,,,,,,,,,,,,,,,,,,,,,,,,,,,,,,,,,,,,,,,,,,,,,,,,,,,,0.8415257975087573,0.4511681641604988,0.37046475151827263,,,,,0.05333956867208785,,,,,,,,24.64335621544655,25.99634675470005,24.217506615950704,25.55470881849692,23.447789779825627,24.864915061115926,,,,,,,-0.10548244132248262,,0.4753416413698517,0.48468102840747207,0.4861992644675925,0.4888924489113054,44.7121755615328,44.58437303010731,,24.91983070373535,26.288000106811523,24.157494590395974,25.483809607369558,23.079016700623527,24.497777817741273,,,23.22974224090576,,,35218435.799980161340000,18996136.72323681,,,,,,,
2025-03-07,,,,,,,24.600000381469727,24.649999618530273,23.620000839233400,24.049999237060547,928500,,,,,22.798307418823242,,,,,,,,,,,,,,,,,,,,,,,,,,,,,,,,,,,,,,,,,,,,,,,,,,,,,,,,,,,,,,,,,,,,,,,,,,,,,,,,,,,,,,,,,,,,,,,,,,,,,,,,,,,,,,,,,,,,,,,,,,,,,,,,,,,,,,,,,,,,,0.8287525398675569,0.455040269672104,0.3713319454045641,,,,,-0.02034591340857906,,,,,,,,24.028339949905444,25.347564248820216,24.088488507120935,25.41791703836634,23.4274934560443,24.839448941614194,,,,,,,-0.023830158447408,,0.30120256615956364,0.3021970090620876,0.44919992480598675,0.4515533609414618,41.22284018603236,41.112852790569264,,24.43068618774414,25.772000122070313,24.107839856828964,25.43142863682338,23.06785099090092,24.47761908031645,,,23.24426166534424,,,22330424.291610717889500,19051610.95369127,,,,,,,
2025-03-10,,,,,,,23.959999084472656,24.979999542236328,23.760000228881836,24.860000610351562,2079000,,,,,23.566152572631836,,,,,,,,,,,,,,,,,,,,,,,,,,,,,,,,,,,,,,,,,,,,,,,,,,,,,,,,,,,,,,,,,,,,,,,,,,,,,,,,,,,,,,,,,,,,,,,,,,,,,,,,,,,,,,,,,,,,,,,,,,,,,,,,,,,,,,,,,,,,,0.9148821580978528,0.46460825050325316,0.37714486021293253,,,,,0.09882254255553273,,,,,,,,23.874277490814244,25.18504303599733,24.041003422167382,25.36719736309227,23.431826553437663,24.84009118126224,,,,,,,0.033125172351314014,,0.22258891476120013,0.22039685264020648,0.4038777227970294,0.4053220592812108,47.396916335926534,47.28598573172144,,24.146299743652342,25.472000122070312,24.119576408749534,25.44380960010347,23.071230600750635,24.472857187664697,,,23.27580871582031,,,51683941.268920897398000,19696989.197116427,,,,,,,
2025-03-11,,,,,,,24.940000534057617,25.870000839233400,24.940000534057617,25.200000762939453,1398300,,,,,23.888456344604492,,,,,,,,,,,,,,,,,,,,,,,,,,,,,,,,,,,,,,,,,,,,,,,,,,,,,,,,,,,,,,,,,,,,,,,,,,,,,,,,,,,,,,,,,,,,,,,,,,,,,,,,,,,,,,,,,,,,,,,,,,,,,,,,,,,,,,,,,,,,,0.9282353290675474,0.4666174653187204,0.3775633325211069,,,,,0.0570611807376603,,,,,,,,23.879003775410993,25.19002894497804,24.0271355060253,25.351997672169286,23.446096234411623,24.85133835568965,,,,,,,0.013583874583035366,,0.18417123903937238,0.18091928524955847,0.359936426045498,0.3604415044748803,49.78145272470749,49.670950055292245,,23.90931091308594,25.222000122070312,24.14124398004441,25.466666811988468,23.075895551651243,24.46936513507177,,,23.309346542358398,,,35237161.066818237129900,20067717.023007832,,,,,,,
2025-03-12,,,,,,,25.399999618530273,26.079999923706055,25.159999847412110,25.680000305175780,1083600,,,,,24.343473434448242,,,,,,,,,,,,,,,,,,,,,,,,,,,,,,,,,,,,,,,,,,,,,,,,,,,,,,,,,,,,,,,,,,,,,,,,,,,,,,,,,,,,,,,,,,,,,,,,,,,,,,,,,,,,,,,,,,,,,,,,,,,,,,,,,,,,,,,,,,,,,0.8881147166134699,0.47072131386513066,0.37801938012886754,,,,,0.07427952345089024,,,,,,,,24.033826995090074,25.35335273171062,24.055893499518294,25.381816093351695,23.47413927191277,24.877234041611093,,,,,,,0.018868438039664998,,0.18827076250365948,0.18621837074582714,0.3256032933371303,0.3255968777290697,53.01932007115543,52.91009237474027,,23.588901901245116,24.88400001525879,24.180967785063245,25.50857162475586,23.093528868660094,24.479682589334153,,,23.34622993469238,,,27826848.330688475208000,20295029.085867744,,,,,,,
2025-03-13,,,,,,,25.829999923706055,26.030000686645508,25.590000152587890,25.590000152587890,929100,,,,,24.258157730102540,,,,,,,,,,,,,,,,,,,,,,,,,,,,,,,,,,,,,,,,,,,,,,,,,,,,,,,,,,,,,,,,,,,,,,,,,,,,,,,,,,,,,,,,,,,,,,,,,,,,,,,,,,,,,,,,,,,,,,,,,,,,,,,,,,,,,,,,,,,,,0.3483010348325399,0.46883713805257354,0.3661432235912569,,,,,0.0018618794992901469,,,,,,,,24.108603906760898,25.432235205336376,24.074281156844137,25.400741916918623,23.498639848731198,24.899507982579117,,,,,,,-0.0035108201076325374,,0.1825312929338203,0.18106842987981864,0.2969888932564683,0.29669118815921947,52.33792751698396,52.23131190507719,,23.77090950012207,25.076000213623047,24.200829732985724,25.529524031139555,23.12630916777111,24.506349260844882,,,23.395329895019533,,,23775669.141769408599000,20209553.424405295,,,,,,,
2025-03-14,,,,,,,25.629999160766600,26.020000457763672,25.274999618530273,25.870000839233400,523800,,,,,24.523584365844727,,,,,,,,,,,,,,,,,,,,,,,,,,,,,,,,,,,,,,,,,,,,,,,,,,,,,,,,,,,,,,,,,,,,,,,,,,,,,,,,,,,,,,,,,,,,,,,,,,,,,,,,,,,,,,,,,,,,,,,,,,,,,,,,,,,,,,,,,,,,,0.21063750980896562,0.46912531783601047,0.36660570722244673,,,,,0.019115387338721097,,,,,,,,24.246930726455506,25.57815708330205,24.115126903116916,25.44340181894724,23.530669364890997,24.92983588434956,,,,,,,0.010882319644978218,,0.19712806358150559,0.19730635514591555,0.27701672732147575,0.27681422155655866,54.30548533730567,54.19991270830679,,24.115964889526367,25.440000534057617,24.241456349690754,25.5723812466576,23.161976526653955,24.536031813848588,,,23.44064208984375,,,13550706.439590454920000,20145710.66947816,,,,,,,
2025-03-17,,,,,,,25.959999084472656,26.639999389648438,25.729999542236328,25.799999237060547,622000,,,,,24.457227706909180,,,,,,,,,,,,,,,,,,,,,,,,,,,,,,,,,,,,,,,,,,,,,,,,,,,,,,,,,,,,,,,,,,,,,,,,,,,,,,,,,,,,,,,,,,,,,,,,,,,,,,,,,,,,,,,,,,,,,,,,,,,,,,,,,,,,,,,,,,,,,0.1593663919727348,0.46913593933709974,0.3648043086886254,,,,,-0.002914891051110047,,,,,,,,24.317029719940063,25.652104467888215,24.14622697618894,25.47581976604845,23.559624313079066,24.957028489121782,,,,,,,-0.0027094977287332586,,0.2010243975518584,0.2021956975013417,0.26181826136755226,0.2618905167455153,53.708556237239165,53.60513551221062,,24.294179916381836,25.628000259399414,24.27260326203846,25.60523832411993,23.189518731737895,24.556984189956907,,,23.482920837402343,,,16047599.525451660234000,20203428.760867648,,,,,,,
2025-03-18,,,,,,,25.969999313354492,26.549999237060547,25.840000152587890,26.459999084472656,508900,,,,,25.082880020141600,,,,,,,,,,,,,,,,,,,,,,,,,,,,,,,,,,,,,,,,,,,,,,,,,,,,,,,,,,,,,,,,,,,,,,,,,,,,,,,,,,,,,,,,,,,,,,,,,,,,,,,,,,,,,,,,,,,,,,,,,,,,,,,,,,,,,,,,,,,,,0.20330354932203432,0.47305596087534096,0.36767591166935687,,,,,0.028385623603431127,,,,,,,,24.572313153340577,25.921402673416363,24.23137725291191,25.565290613177922,23.60722605392477,25.003996320226495,,,,,,,0.025259758539988218,,0.2516957907773474,0.25637171483831267,0.2597937672495113,0.2607867563640748,58.35648687972302,58.25635302343346,,24.53306465148926,25.879999923706055,24.348439625331334,25.685238247825986,23.229054587227957,24.59063496665349,,,23.529560203552247,,,13465493.534088134638400,20014359.06840733,,,,,,,
2025-03-19,,,,,,,26.409999847412110,26.409999847412110,25.690000534057617,26.010000228881836,721700,,,,,24.656299591064453,,,,,,,,,,,,,,,,,,,,,,,,,,,,,,,,,,,,,,,,,,,,,,,,,,,,,,,,,,,,,,,,,,,,,,,,,,,,,,,,,,,,,,,,,,,,,,,,,,,,,,,,,,,,,,,,,,,,,,,,,,,,,,,,,,,,,,,,,,,,,0.25569406676490225,0.4778461329824898,0.3692046395132077,,,,,0.035979380895759264,,,,,,,,24.600308632581868,25.950935191904854,24.270006556380324,25.605718760060096,23.640009601960383,25.035433942371974,,,,,,,-0.017153113168806484,,0.25449806416692056,0.2599983528775418,0.2587346266329932,0.2606290756667682,54.349593653812356,54.262014151646014,,24.5956298828125,25.945999908447266,24.407573881603422,25.747619174775622,23.26432394602942,24.61984131828187,,,23.563876152038574,,,18771417.165184021041200,19904458.91101171,,,,,,,
2025-03-20,,,,,,,25.850000381469727,26.735000610351562,25.850000381469727,26.649999618530273,628600,,,,,25.262989044189453,,,,,,,,,,,,,,,,,,,,,,,,,,,,,,,,,,,,,,,,,,,,,,,,,,,,,,,,,,,,,,,,,,,,,,,,,,,,,,,,,,,,,,,,,,,,,,,,,,,,,,,,,,,,,,,,,,,,,,,,,,,,,,,,,,,,,,,,,,,,,0.2883159495292317,0.4836124094650161,0.36944046517156354,,,,,0.04985876653494657,,,,,,,,24.82120210311773,26.18395666744666,24.360277691635698,25.700653383557384,23.690727709530044,25.085889119751922,,,,,,,0.02430801170360992,,0.30219019411838843,0.31093087412949316,0.2674257401300722,0.27068943535931317,58.69356133268895,58.60874765017541,,24.796596145629884,26.157999801635743,24.496049608503068,25.840952464512416,23.31614787994869,24.66666669694204,,,23.62056381225586,,,16752189.760208129607800,19831795.245512705,,,,,,,
2025-03-21,,,,,,,26.500000000000000,26.780000686645508,26.354999542236328,26.399999618530273,553200,,,,,25.026000976562500,,,,,,,,,,,,,,,,,,,,,,,,,,,,,,,,,,,,,,,,,,,,,,,,,,,,,,,,,,,,,,,,,,,,,,,,,,,,,,,,,,,,,,,,,,,,,,,,,,,,,,,,,,,,,,,,,,,,,,,,,,,,,,,,,,,,,,,,,,,,,0.31118513229974193,0.47266073469648295,0.36873397470424324,,,,,0.00743710226543105,,,,,,,,24.889468394265986,26.25597098447453,24.420797990265406,25.764230314009467,23.73245499912481,25.126955072838747,,,,,,,-0.009425117580879888,,0.31720702906604004,0.3273488793937922,0.27738199791726575,0.28202132416620895,56.434483418802046,56.35570707200919,,24.897079467773438,26.26399955749512,24.53487051100958,25.881904783703032,23.36907202099997,24.71476191566104,,,23.67270133972168,,,14604479.788970947023600,19700709.65770237,,,,,,,
2025-03-24,,,,,,,26.639999389648438,26.889999389648438,26.360000610351562,26.530000686645508,337300,,,,,25.149234771728516,,,,,,,,,,,,,,,,,,,,,,,,,,,,,,,,,,,,,,,,,,,,,,,,,,,,,,,,,,,,,,,,,,,,,,,,,,,,,,,,,,,,,,,,,,,,,,,,,,,,,,,,,,,,,,,,,,,,,,,,,,,,,,,,,,,,,,,,,,,,,0.3053961297988921,0.4720729026518451,0.3646667062581534,,,,,0.013433701272537258,,,,,,,,24.976057186753497,26.347314218531523,24.487019515852964,25.833845802430925,23.776729367018675,25.170800248270208,,,,,,,0.004912146046640254,,0.3351880768124431,0.34685197294744796,0.2889432136963012,0.2949874539224568,57.35368401063383,57.27546908856228,,25.035480880737303,26.40999984741211,24.585879462105886,25.935714358375186,23.432350219242156,24.773968287876674,,,23.73431838989258,,,8948569.231605529848400,19616161.87531002,,,,,,,
2025-03-25,,,,,,,26.530000686645508,26.799999237060547,26.209999084472656,26.219999313354492,362300,,,,,24.855367660522460,,,,,,,,,,,,,,,,,,,,,,,,,,,,,,,,,,,,,,,,,,,,,,,,,,,,,,,,,,,,,,,,,,,,,,,,,,,,,,,,,,,,,,,,,,,,,,,,,,,,,,,,,,,,,,,,,,,,,,,,,,,,,,,,,,,,,,,,,,,,,0.26558579209631983,0.47317884035304836,0.36246473468609247,,,,,0.004289981272769213,,,,,,,,24.935827344676483,26.304875916805845,24.520505710822917,25.86895066706034,23.810436813690668,25.20358771905409,,,,,,,-0.011753737858437993,,0.32201359450259304,0.33344999113353424,0.2955572898575596,0.3026799613646723,54.40574797266383,54.33492008160153,,24.989978408813478,26.361999893188475,24.63237426394508,25.984761919294083,23.481829264807324,24.81841272021097,,,23.779820175170897,,,9499505.751228332451600,19526316.473751977,,,,,,,
2025-03-26,,,,,,,26.049999237060547,26.690000534057617,25.920000076293945,26.590000152587890,338900,,,,,25.206111907958984,,,,,,,,,,,,,,,,,,,,,,,,,,,,,,,,,,,,,,,,,,,,,,,,,,,,,,,,,,,,,,,,,,,,,,,,,,,,,,,,,,,,,,,,,,,,,,,,,,,,,,,,,,,,,,,,,,,,,,,,,,,,,,,,,,,,,,,,,,,,,0.24349046230630483,0.4681124847792042,0.362290403882888,,,,,0.0006203589660985696,,,,,,,,25.025922199103984,26.399917328733196,24.582833546926196,25.934500620290116,23.854051660386553,25.246913107602023,,,,,,,0.014012769487405862,,0.33600163414647355,0.3486655994958596,0.3036461587153424,0.3118770889909097,57.23132279266804,57.16184515628288,,25.099940872192384,26.477999877929687,24.667132604689826,26.02142860775902,23.531571736411443,24.86301588633704,,,23.843143501281737,,,9011351.051712035921000,19166916.348953854,,,,,,,
2025-03-27,,,,,,,26.670000076293945,26.670000076293945,26.010000228881836,26.030000686645508,611000,,,,,24.675260543823242,,,,,,,,,,,,,,,,,,,,,,,,,,,,,,,,,,,,,,,,,,,,,,,,,,,,,,,,,,,,,,,,,,,,,,,,,,,,,,,,,,,,,,,,,,,,,,,,,,,,,,,,,,,,,,,,,,,,,,,,,,,,,,,,,,,,,,,,,,,,,0.22305191871113794,0.46517977079385503,0.36512644709745434,,,,,-0.053112290923534373,,,,,,,,24.90903498067707,26.276611781370633,24.591236001189564,25.94318244450424,23.879714437993947,25.27138459444713,,,,,,,-0.021285356856396417,,0.3007847286469918,0.3119409409638578,0.3030738727016723,0.31188985938549935,51.98075397525384,51.92273835593437,,24.98239517211914,26.354000091552734,24.6454652150472,25.99857148670015,23.57421396649073,24.900158745901926,,,23.893005981445313,,,15904330.419540405388000,19195852.763272844,,,,,,,
2025-03-28,,,,,,,26.000000000000000,26.360000610351562,25.809999465942383,26.190000534057617,8839100,,,,,24.826930999755860,,,,,,,,,,,,,,,,,,,,,,,,,,,,,,,,,,,,,,,,,,,,,,,,,,,,,,,,,,,,,,,,,,,,,,,,,,,,,,,,,,,,,,,,,,,,,,,,,,,,,,,,,,,,,,,,,,,,,,,,,,,,,,,,,,,,,,,,,,,,,0.22956342406572308,0.46563229121705435,0.3648489400563699,,,,,0.09182483077224923,,,,,,,,24.881666987036667,26.247741365599627,24.612662819241045,25.96562045264546,23.909314955549007,25.30009134255996,,,,,,,0.0061278471037946305,,0.28186445753350853,0.2923766984207923,0.29883198966803953,0.30798722719255794,53.29904433694917,53.2413875293738,,24.942581176757812,26.312000274658203,24.627408981323242,25.979523885817756,23.615727712237646,24.936031765407986,,,23.954433403015138,,,231496033.720588682424700,22785954.26569742,,,,,,,
2025-03-31,,,,,,,25.739999771118164,26.159999847412110,25.459999084472656,25.520000457763672,958600,,,,,24.662643432617188,,,,,,,,,,,,,,,,,,,,,,,,,,,,,,,,,,,,,,,,,,,,,,,,,,,,,,,,,,,,,,,,,,,,,,,,,,,,,,,,,,,,,,,,,,,,,,,,,,,,,,,,,,,,,,,,,,,,,,,,,,,,,,,,,,,,,,,,,,,,,0.22349542007603485,0.46599623211728597,0.36452191439703646,,,,,0.0597859336088624,,,,,,,,24.808659135563506,26.005161062987643,24.61720651136615,25.925109544019843,23.932856470457388,25.306963502410074,,,,,,,-0.006639304237730406,,0.2507231918177695,0.22026936044570533,0.2892102300979855,0.29044365384318743,51.645128181842615,47.38091116509988,,24.845262908935545,26.110000228881837,24.599723906744096,25.926666804722377,23.650066436283172,24.956349236624582,,,24.00745620727539,,,24463472.438812255979200,23101350.971763853,,,,,,,
2025-04-01,,,,,,,25.520000457763672,25.879999160766600,25.329999923706055,25.530000686645508,1105200,,,,,24.672307968139650,,,,,,,,,,,,,,,,,,,,,,,,,,,,,,,,,,,,,,,,,,,,,,,,,,,,,,,,,,,,,,,,,,,,,,,,,,,,,,,,,,,,,,,,,,,,,,,,,,,,,,,,,,,,,,,,,,,,,,,,,,,,,,,,,,,,,,,,,,,,,0.21302019497069516,0.46483828123665283,0.35835680024619626,,,,,0.07543246124520202,,,,,,,,24.763208746422222,25.8467742708736,24.622215734709194,25.889190556985813,23.955964329759958,25.31393341441743,,,,,,,0.00039179264889021903,,0.22423848001015756,0.1620625542455869,0.2762158800804199,0.2647674339236673,51.74000111907108,47.473846084548555,,24.808650970458984,25.972000503540038,24.584686915079754,25.887142998831614,23.695608472067214,24.988730203537713,,,24.043609046936034,,,28215756.758880615441600,21826247.286312163,,,,,,,
2025-04-02,,,,,,,25.530000686645508,25.985000610351562,25.510000228881836,25.860000610351562,1204500,,,,,24.991218566894530,,,,,,,,,,,,,,,,,,,,,,,,,,,,,,,,,,,,,,,,,,,,,,,,,,,,,,,,,,,,,,,,,,,,,,,,,,,,,,,,,,,,,,,,,,,,,,,,,,,,,,,,,,,,,,,,,,,,,,,,,,,,,,,,,,,,,,,,,,,,,0.20775791417726397,0.46700868217441455,0.3570407654899442,,,,,0.08379764293537798,,,,,,,,24.839212019912992,25.851183050699586,24.655761446726043,25.886536925473607,23.988316024670414,25.330998014290373,,,,,,,0.012843026039732204,,0.22637308712698,0.1409368446779382,0.26624732148973196,0.2400013160745215,54.885509296874616,50.5759914995714,,24.765672302246095,25.826000595092772,24.580773489815847,25.859047753470286,23.73899329654754,25.018571490333194,,,24.073058357238768,,,31148370.735168456429000,22175149.142029174,,,,,,,
2025-04-03,,,,,,,25.670000076293945,25.909999847412110,25.139999389648438,25.229999542236328,1435400,,,,,24.382385253906250,,,,,,,,,,,,,,,,,,,,,,,,,,,,,,,,,,,,,,,,,,,,,,,,,,,,,,,,,,,,,,,,,,,,,,,,,,,,,,,,,,,,,,,,,,,,,,,,,,,,,,,,,,,,,,,,,,,,,,,,,,,,,,,,,,,,,,,,,,,,,0.22818808170134722,0.45686031941965133,0.36092164908882807,,,,,0.0015702741056566208,,,,,,,,24.686936431244078,25.644121881211834,24.63090906556061,25.826851708815674,24.000630688084033,25.327841812038685,,,,,,,-0.024663550069744095,,0.1768978502179941,0.07252274947268944,0.24837742723538436,0.20650560275415508,48.3997507849869,45.099859945512364,,24.707097244262695,25.666000366210938,24.506338573637464,25.757142929803756,23.77135988265749,25.04492069426037,,,24.09184772491455,,,36215141.342926025211200,22628588.45063164,,,,,,,
2025-04-04,,,,,,,24.750000000000000,24.959999084472656,23.559999465942383,23.889999389648438,1832400,,,,,23.087402343750000,,,,,,,,,,,,,,,,,,,,,,,,,,,,,,,,,,,,,,,,,,,,,,,,,,,,,,,,,,,,,,,,,,,,,,,,,,,,,,,,,,,,,,,,,,,,,,,,,,,,,,,,,,,,,,,,,,,,,,,,,,,,,,,,,,,,,,,,,,,,,0.4155062206547291,0.3290813351487898,0.37619074046302997,,,,,0.00955467506565003,,,,,,,,24.153758402079387,25.059414384024034,24.490590272668733,25.650774225255017,23.972092302323595,25.28290923633899,,,,,,,-0.05457384008468159,,0.032815790288594826,-0.08879910651532796,0.20526509984602648,0.14744466090025848,38.08969744933655,36.137277836723534,,24.359191513061525,25.206000137329102,24.493923459734237,25.7219048454648,23.77670100378612,25.043174652826217,,,24.09819839477539,,,43776034.881591797791200,23019331.86145056,,,,,,,
2025-04-07,,,,,,,23.350000381469727,24.360000610351562,22.870000839233400,23.309999465942383,1596300,,,,,22.526887893676758,,,,,,,,,,,,,,,,,,,,,,,,,,,,,,,,,,,,,,,,,,,,,,,,,,,,,,,,,,,,,,,,,,,,,,,,,,,,,,,,,,,,,,,,,,,,,,,,,,,,,,,,,,,,,,,,,,,,,,,,,,,,,,,,,,,,,,,,,,,,,0.4135602716896289,0.3297574135854418,0.3790610589303841,,,,,-0.00875639497094,,,,,,,,23.61146823261184,24.47627607799682,24.312071874578553,25.437976519862957,23.92692966455338,25.221255806014096,,,,,,,-0.024577502442196315,,-0.12515638704413945,-0.26044671857918544,0.13918080246799328,0.06586638500436968,34.64922005092721,33.073573522564025,,23.932040405273437,24.763999938964844,24.480998720441544,25.68666676112584,23.77013569786435,25.02904764811198,,,24.087271881103515,,,37209752.147483825982900,23401919.666756526,,,,,,,
2025-04-08,,,,,,,24.100000381469727,24.270000457763672,21.739999771118164,21.829999923706055,2451200,,,,,21.096611022949220,,,,,,,,,,,,,,,,,,,,,,,,,,,,,,,,,,,,,,,,,,,,,,,,,,,,,,,,,,,,,,,,,,,,,,,,,,,,,,,,,,,,,,,,,,,,,,,,,,,,,,,,,,,,,,,,,,,,,,,,,,,,,,,,,,,,,,,,,,,,,0.48643192746437736,0.3766503224619103,0.39860568486121023,,,,,-0.14939012756517758,,,,,,,,22.773182496057636,23.594184026566563,24.01975725170316,25.109978647485057,23.838482207003253,25.115279059691968,,,,,,,-0.06559720068611324,,-0.36159363946207534,-0.5100230536955976,0.03902591408197956,-0.04931150273562377,27.759001311883328,26.82419957002813,,23.21690101623535,24.023999786376955,24.363401503789994,25.542381014142716,23.748992919921875,25.000000030275377,,,24.05778812408447,,,53509695.812988282016000,24081378.585518733,,,,,,,
2025-04-09,,,,,,,21.829999923706055,23.870000839233400,21.159999847412110,23.690000534057617,3222300,,,,,22.894121170043945,,,,,,,,,,,,,,,,,,,,,,,,,,,,,,,,,,,,,,,,,,,,,,,,,,,,,,,,,,,,,,,,,,,,,,,,,,,,,,,,,,,,,,,,,,,,,,,,,,,,,,,,,,,,,,,,,,,,,,,,,,,,,,,,,,,,,,,,,,,,,0.9271072537923246,0.47963703996553514,0.4315952434208761,,,,,-0.02606391000032302,,,,,,,,22.813495387386403,23.626122862396915,23.91742669882505,24.980889728082563,23.808970924598274,25.070739105765895,,,,,,,0.08176774758135201,,-0.3993246529618837,-0.5513717227907193,-0.04864419932679309,-0.14972354674664287,43.07870142493778,41.72675601122521,,22.797481536865234,23.589999771118165,24.3160522097633,25.470476241338822,23.756532547965882,25.000634965442476,,,24.064254570007325,,,76336288.720893859259100,25000969.442942787,,,,,,,
2025-04-10,,,,,,,23.329999923706055,23.610000610351562,22.479999542236328,22.909999847412110,1584400,,,,,22.140325546264650,,,,,,,,,,,,,,,,,,,,,,,,,,,,,,,,,,,,,,,,,,,,,,,,,,,,,,,,,,,,,,,,,,,,,,,,,,,,,,,,,,,,,,,,,,,,,,,,,,,,,,,,,,,,,,,,,,,,,,,,,,,,,,,,,,,,,,,,,,,,,0.9334721857690664,0.4851536371089475,0.4357147481515183,,,,,-0.042755528852345986,,,,,,,,22.58910544034582,23.387415190735314,23.755872048592288,24.792627011657977,23.75682575652535,25.00321600394234,,,,,,,-0.03347952897824687,,-0.48446712466108366,-0.6397062422666977,-0.1358087843936512,-0.24772008585065383,39.31360314880233,38.21226337450431,,22.349069595336914,23.12599983215332,24.21114040556408,25.338571457635787,23.757674504840185,24.994761936248295,,,24.039719467163085,,,36298603.758239747084000,25282959.843126934,,,,,,,
2025-04-11,,,,,,,23.149999618530273,23.700000762939453,22.709999084472656,23.299999237060547,1376400,,,,,22.517223358154297,,,,,,,,,,,,,,,,,,,,,,,,,,,,,,,,,,,,,,,,,,,,,,,,,,,,,,,,,,,,,,,,,,,,,,,,,,,,,,,,,,,,,,,,,,,,,,,,,,,,,,,,,,,,,,,,,,,,,,,,,,,,,,,,,,,,,,,,,,,,,0.9005811859093071,0.4907958687621684,0.4345898996369661,,,,,-0.0034097951100491458,,,,,,,,22.56514474628198,23.358276539510392,23.643267622188834,24.656933577603663,23.718088181576253,24.949990479977284,,,,,,,0.016879867803597334,,-0.51558727419307,-0.670513037072034,-0.21176448235353496,-0.3322786760949299,42.041245620822885,40.892919756243614,,22.235033798217774,23.00799980163574,24.128238768804643,25.22952379499163,23.75667363121396,24.986507960728236,,,24.029737167358398,,,32070118.949890136890800,25371151.54613616,,,,,,,
2025-04-14,,,,,,,23.790000915527344,24.000000000000000,23.329999923706055,23.559999465942383,1223800,,,,,22.768489837646484,,,,,,,,,,,,,,,,,,,,,,,,,,,,,,,,,,,,,,,,,,,,,,,,,,,,,,,,,,,,,,,,,,,,,,,,,,,,,,,,,,,,,,,,,,,,,,,,,,,,,,,,,,,,,,,,,,,,,,,,,,,,,,,,,,,,,,,,,,,,,0.8872397837514567,0.49087596879894757,0.43233878255565533,,,,,-0.025434280342443834,,,,,,,,22.63292644340348,23.42551751498772,23.56374236904862,24.557212294725367,23.688413233328447,24.906553260788694,,,,,,,0.011097056456236574,,-0.5140494696310789,-0.6662674815577496,-0.27222147980904376,-0.3990764371874938,43.85307658520254,42.678386454239714,,22.283354187011717,23.05799980163574,24.04466283889044,25.119523729596818,23.768237825423952,24.991428587171768,,,24.031984710693358,,,28832727.346420288315400,25347391.26592061,,,,,,,
2025-04-15,,,,,,,23.500000000000000,24.360000610351562,23.500000000000000,24.329999923706055,636800,,,,,23.512619018554688,,,,,,,,,,,,,,,,,,,,,,,,,,,,,,,,,,,,,,,,,,,,,,,,,,,,,,,,,,,,,,,,,,,,,,,,,,,,,,,,,,,,,,,,,,,,,,,,,,,,,,,,,,,,,,,,,,,,,,,,,,,,,,,,,,,,,,,,,,,,,0.6592210754935585,0.5062369721927491,0.4368086220335584,,,,,0.010059407185188008,,,,,,,,22.926157301787217,23.727011651227166,23.55909479173099,24.536556624632702,23.682919664116767,24.88853596900486,,,,,,,0.03215970112228942,,-0.4476257910028707,-0.5939238618710263,-0.30730234204780915,-0.4380459221242003,48.94343850609103,47.71555715357905,,22.766555786132812,23.55799980163574,23.99968147277832,25.049523762294225,23.789356594993954,25.00619049677773,,,24.052906608581544,,,15493343.951416015824000,25049025.94068921,,,,,,,
2025-04-16,,,,,,,24.510000228881836,24.805000305175780,24.129999160766600,24.229999542236328,504900,,,,,23.415979385375977,,,,,,,,,,,,,,,,,,,,,,,,,,,,,,,,,,,,,,,,,,,,,,,,,,,,,,,,,,,,,,,,,,,,,,,,,,,,,,,,,,,,,,,,,,,,,,,,,,,,,,,,,,,,,,,,,,,,,,,,,,,,,,,,,,,,,,,,,,,,,0.395157741310671,0.49653161902729726,0.4349805408988916,,,,,-0.01326044952271884,,,,,,,,23.089431329650136,23.894674281563553,23.54608430024417,24.508687798960302,23.674577780406118,24.867956705668345,,,,,,,-0.004118587516853938,,-0.3981924432599513,-0.5384532630670869,-0.3254803622902376,-0.4581273903127776,48.330613294044845,47.13623714499877,,22.87092742919922,23.665999603271484,23.920305252075195,24.94333330790202,23.815712459503658,25.02650793771895,,,24.051040725708006,,,12233726.768875122007200,24564802.771610685,,,,,,,
2025-04-17,,,,,,,24.379999160766600,24.875000000000000,24.375000000000000,24.610000610351562,706200,,,,,23.783214569091797,,,,,,,,,,,,,,,,,,,,,,,,,,,,,,,,,,,,,,,,,,,,,,,,,,,,,,,,,,,,,,,,,,,,,,,,,,,,,,,,,,,,,,,,,,,,,,,,,,,,,,,,,,,,,,,,,,,,,,,,,,,,,,,,,,,,,,,,,,,,,0.20647812333890314,0.49794076241696933,0.4354293019035434,,,,,-0.012066717103763521,,,,,,,,23.320692409464023,24.133116391159557,23.567641597412138,24.517898054541327,23.677972680052545,24.859895577689695,,,,,,,0.015561392626855587,,-0.3256296924155464,-0.45854369716800747,-0.32551022831529935,-0.4582106516838236,50.84914221305454,49.638456643627656,,23.199505233764647,24.005999755859374,23.8787297748384,24.876666659400577,23.843834861876473,25.0485714503697,,,24.049883880615234,,,17379582.431030273084400,24674554.02145991,,,,,,,
2025-04-21,,,,,,,24.500000000000000,24.709999084472656,23.959999084472656,24.139999389648438,439900,,,,,23.329002380371094,,,,,,,,,,,,,,,,,,,,,,,,,,,,,,,,,,,,,,,,,,,,,,,,,,,,,,,,,,,,,,,,,,,,,,,,,,,,,,,,,,,,,,,,,,,,,,,,,,,,,,,,,,,,,,,,,,,,,,,,,,,,,,,,,,,,,,,,,,,,,0.3112238076911701,0.49209648685907875,0.430804893605377,,,,,-0.035657804974144815,,,,,,,,23.32346239976638,24.13541072398918,23.545947123135676,24.483543630460154,23.6670673581875,24.837398821813405,,,,,,,-0.019282737767823178,,-0.3013011056129997,-0.42820389309042284,-0.3206684037748394,-0.4522092999651435,47.74903027177638,46.694496795684444,,23.36186103820801,24.173999786376953,23.786635171799432,24.757142838977632,23.851205280848912,25.048888887677872,,,24.05007022857666,,,10619185.731506347876200,24549652.514923945,,,,,,,
2025-04-22,,,,,,,24.250000000000000,24.629999160766600,24.100000381469727,24.350000381469727,429100,,,,,23.531948089599610,,,,,,,,,,,,,,,,,,,,,,,,,,,,,,,,,,,,,,,,,,,,,,,,,,,,,,,,,,,,,,,,,,,,,,,,,,,,,,,,,,,,,,,,,,,,,,,,,,,,,,,,,,,,,,,,,,,,,,,,,,,,,,,,,,,,,,,,,,,,,0.30972172900493755,0.4934746938112179,0.4274229258074769,,,,,-0.022600393733450082,,,,,,,,23.39295762971079,24.20694060981603,23.54467448372331,24.47140333509739,23.66284488104413,24.822167620552666,,,,,,,0.008661667167064444,,-0.2626172148678414,-0.38280135900297907,-0.3090581659934398,-0.43832771177271057,49.23817445649051,48.17351132887715,,23.514552688598634,24.33199996948242,23.71548979622977,24.659523827689036,23.85141472589402,25.041587314908465,,,24.05204044342041,,,10448585.163688659855700,24370210.890034266,,,,,,,
2025-04-23,,,,,,,24.629999160766600,24.930000305175780,24.334999084472656,24.799999237060547,628600,,,,,23.966831207275390,,,,,,,,,,,,,,,,,,,,,,,,,,,,,,,,,,,,,,,,,,,,,,,,,,,,,,,,,,,,,,,,,,,,,,,,,,,,,,,,,,,,,,,,,,,,,,,,,,,,,,,,,,,,,,,,,,,,,,,,,,,,,,,,,,,,,,,,,,,,,0.24695872547132383,0.49831756863349963,0.42892819064666726,,,,,-0.007311127239561563,,,,,,,,23.584248822232322,24.404626818897537,23.583052367682587,24.501275689821313,23.672344453738855,24.821474858568536,,,,,,,0.01831185037887649,,-0.1946250037302022,-0.3069698197818873,-0.2861715335407923,-0.41205613337454594,52.370695471465964,51.29221101622511,,23.605395126342774,24.42599983215332,23.659184864589147,24.57714280628023,23.859730826483833,25.04269842117552,,,24.061191596984862,,,15589279.520416259844200,24407494.029169235,,,,,,,
2025-04-24,,,,,,,24.770000457763672,25.139999389648438,24.670000076293945,24.729999542236328,371200,,,,,23.899181365966797,,,,,,,,,,,,,,,,,,,,,,,,,,,,,,,,,,,,,,,,,,,,,,,,,,,,,,,,,,,,,,,,,,,,,,,,,,,,,,,,,,,,,,,,,,,,,,,,,,,,,,,,,,,,,,,,,,,,,,,,,,,,,,,,,,,,,,,,,,,,,0.24449816525362464,0.4971402620768478,0.4247860348251683,,,,,-0.004972521371568669,,,,,,,,23.68922633681048,24.5130843933438,23.611791367526607,24.522068767313588,23.679433107245977,24.818616254933154,,,,,,,-0.0028266355484635663,,-0.14453337261586796,-0.2496434348535459,-0.2578439013558074,-0.37957359367034593,51.834828067457295,50.78030936070391,,23.70203552246094,24.52599983215332,23.61365218389602,24.50619043622698,23.87765642196413,25.05396824791318,,,24.06235408782959,,,9179775.830078124953600,24271217.57665362,,,,,,,
2025-04-25,,,,,,,24.649999618530273,24.920000076293945,24.549999237060547,24.920000076293945,282800,,,,,24.082799911499023,,,,,,,,,,,,,,,,,,,,,,,,,,,,,,,,,,,,,,,,,,,,,,,,,,,,,,,,,,,,,,,,,,,,,,,,,,,,,,,,,,,,,,,,,,,,,,,,,,,,,,,,,,,,,,,,,,,,,,,,,,,,,,,,,,,,,,,,,,,,,0.2269279989526935,0.49506444757298385,0.42426670476906786,,,,,-0.003965931092338846,,,,,,,,23.82041752837333,24.64872295432718,23.654610326069555,24.558244340857257,23.692038319878886,24.82178449935068,,,,,,,0.007653683194811113,,-0.0889930554597207,-0.18672792331986088,-0.22407373217659007,-0.3410044596002489,53.23357020982507,52.17548550588943,,23.761952590942382,24.587999725341795,23.560161136445544,24.426666623070126,23.89368160187252,25.063174595908514,,,24.07060157775879,,,7047376.021575927646000,24221895.79820784,,,,,,,
2025-04-28,,,,,,,24.959999084472656,25.270000457763672,24.825000762939453,25.110000610351562,341000,,,,,24.266416549682617,,,,,,,,,,,,,,,,,,,,,,,,,,,,,,,,,,,,,,,,,,,,,,,,,,,,,,,,,,,,,,,,,,,,,,,,,,,,,,,,,,,,,,,,,,,,,,,,,,,,,,,,,,,,,,,,,,,,,,,,,,,,,,,,,,,,,,,,,,,,,0.11884662219110662,0.4911075055786498,0.42195562988861907,,,,,0.017486827224133167,,,,,,,,23.969083868809758,24.802482173001977,23.710229073670742,24.608404001720373,23.709987639560254,24.83079125281946,,,,,,,0.007595470387201113,,-0.02981691497846839,-0.12015045232654487,-0.18522236873696574,-0.2968336581455081,54.651794195053824,53.5921477372268,,23.949435424804687,24.78199996948242,23.540692374819802,24.382857095627557,23.920596168154763,25.08380953470866,,,24.079867057800293,,,8562510.208129882642000,24202212.20182691,,,,,,,
2025-04-29,,,,,,,25.120000839233400,25.370000839233400,25.090000152587890,25.120000839233400,290600,,,,,24.276081085205078,,,,,,,,,,,,,,,,,,,,,,,,,,,,,,,,,,,,,,,,,,,,,,,,,,,,,,,,,,,,,,,,,,,,,,,,,,,,,,,,,,,,,,,,,,,,,,,,,,,,,,,,,,,,,,,,,,,,,,,,,,,,,,,,,,,,,,,,,,,,,0.12942716651472266,0.49049043835586537,0.42195197130716766,,,,,-0.1351893391174238,,,,,,,,24.071416274274863,24.90832172841245,23.76167016562841,24.65491280513065,23.727678059736654,24.839829052394894,,,,,,,0.0003981886438085619,,0.0176569120497021,-0.06582164109816446,-0.14464651257963218,-0.25063125473603937,54.729611908460846,53.6699367823346,,24.09826202392578,24.936000061035156,23.514461426507857,24.331904729207356,23.947664139762757,25.10460320730058,,,24.09558235168457,,,7299872.243881226040000,24167551.082090348,,,,,,,
2025-04-30,,,,,,,24.920000076293945,24.979999542236328,24.520000457763672,24.690000534057617,405600,,,,,23.860527038574220,,,,,,,,,,,,,,,,,,,,,,,,,,,,,,,,,,,,,,,,,,,,,,,,,,,,,,,,,,,,,,,,,,,,,,,,,,,,,,,,,,,,,,,,,,,,,,,,,,,,,,,,,,,,,,,,,,,,,,,,,,,,,,,,,,,,,,,,,,,,,0.1623905696453909,0.4933840708820719,0.4179513210653319,,,,,-0.1073807187101774,,,,,,,,24.00111986237465,24.835547996960837,23.770657154078027,24.658102598669466,23.731829590325326,24.835146911196855,,,,,,,-0.017266042888953267,,0.021500676946807573,-0.05680824763014769,-0.11141707467434422,-0.21186665331486104,50.700908376471915,49.804165585303494,,24.07700119018555,24.91400032043457,23.47626540774391,24.292380923316593,23.95549662151034,25.10523814246768,,,24.104503288269044,,,10014264.216613769455200,24075938.454485696,,,,,,,
2025-05-01,,,,,,,24.700000762939453,25.263000488281250,24.694999694824220,24.909999847412110,298300,,,,,24.073135375976562,,,,,,,,,,,,,,,,,,,,,,,,,,,,,,,,,,,,,,,,,,,,,,,,,,,,,,,,,,,,,,,,,,,,,,,,,,,,,,,,,,,,,,,,,,,,,,,,,,,,,,,,,,,,,,,,,,,,,,,,,,,,,,,,,,,,,,,,,,,,,0.17438858278466315,0.4946824748803352,0.4170990655582324,,,,,-0.10068821304231973,,,,,,,,24.025125033575286,24.860365280444597,23.79815517425062,24.68100234855516,23.742495396126927,24.83748606545358,,,,,,,0.00887099883262864,,0.04122736095302315,-0.031549281908915816,-0.08088818754887075,-0.17580317903367199,52.62246361463055,51.72021894310685,,24.1117919921875,24.950000381469728,23.447733379545667,24.262857073829288,23.9722711775038,25.115238129146515,,,24.117866020202637,,,7430652.954483032413000,23867068.809600104,,,,,,,
2025-05-02,,,,,,,25.129999160766600,25.659999847412110,24.879999160766600,25.510000228881836,620000,,,,,24.652978897094727,,,,,,,,,,,,,,,,,,,,,,,,,,,,,,,,,,,,,,,,,,,,,,,,,,,,,,,,,,,,,,,,,,,,,,,,,,,,,,,,,,,,,,,,,,,,,,,,,,,,,,,,,,,,,,,,,,,,,,,,,,,,,,,,,,,,,,,,,,,,,0.2370102894263477,0.5000215899251143,0.4182492922193141,,,,,-0.11267562542519546,,,,,,,,24.234409654748433,25.07691026325701,23.875866421781904,24.75636579222122,23.770948005532173,24.858502133060714,,,,,,,0.023801236889196015,,0.10246823630688695,0.03646332031935984,-0.04421690277771921,-0.13334987916306562,57.48910561136593,56.587330469165835,,24.225827789306642,25.068000411987306,23.43162672860282,24.246190388997395,24.0039674668085,25.14079369439019,,,24.126710357666017,,,15816200.141906738320000,23908178.97393363,,,,,,,
2025-05-05,,,,,,,25.500000000000000,25.500000000000000,24.819999694824220,25.100000381469727,581900,,,,,24.256752014160156,,,,,,,,,,,,,,,,,,,,,,,,,,,,,,,,,,,,,,,,,,,,,,,,,,,,,,,,,,,,,,,,,,,,,,,,,,,,,,,,,,,,,,,,,,,,,,,,,,,,,,,,,,,,,,,,,,,,,,,,,,,,,,,,,,,,,,,,,,,,,0.27563706789895226,0.49574225830411545,0.41927745648618253,,,,,-0.06722519704129731,,,,,,,,24.241857107885675,25.084606969327915,23.91049238472538,24.78760530033472,23.786129380801796,24.866048953323496,,,,,,,-0.01620272873784614,,0.11767340740351528,0.05662747018819658,-0.01183884074147231,-0.09535440929281318,53.448813142172234,52.67925884918758,,24.22389488220215,25.066000366210936,23.425644193376815,24.239999952770415,24.03238378252302,25.163015910557338,,,24.130284461975098,,,14605690.221977234141300,23788991.982030112,,,,,,,
2025-05-06,,,,,,,25.209999084472656,25.459999084472656,24.959999084472656,25.340000152587890,405900,,,,,24.488689422607422,,,,,,,,,,,,,,,,,,,,,,,,,,,,,,,,,,,,,,,,,,,,,,,,,,,,,,,,,,,,,,,,,,,,,,,,,,,,,,,,,,,,,,,,,,,,,,,,,,,,,,,,,,,,,,,,,,,,,,,,,,,,,,,,,,,,,,,,,,,,,0.28410401466725854,0.4553104373712252,0.40996023528824227,,,,,-0.008318013303378963,,,,,,,,24.324134546126256,25.169738030414575,23.963055751805566,24.837823014175918,23.808084382108223,24.880859928300506,,,,,,,0.009516342532861667,,0.14674741269833902,0.09092554689612697,0.019878409946489956,-0.05809841805502515,55.4237025926361,54.653494318605006,,24.266416549682617,25.110000228881837,23.49237214951288,24.309047608148482,24.047930066547696,25.171587353660946,,,24.14247871398926,,,10285506.061935424551000,23730234.94222429,,,,,,,
2025-05-07,,,,,,,25.450000762939453,26.069999694824220,25.440000534057617,26.020000457763672,525200,,,,,25.145845413208008,,,,,,,,,,,,,,,,,,,,,,,,,,,,,,,,,,,,,,,,,,,,,,,,,,,,,,,,,,,,,,,,,,,,,,,,,,,,,,,,,,,,,,,,,,,,,,,,,,,,,,,,,,,,,,,,,,,,,,,,,,,,,,,,,,,,,,,,,,,,,0.2690463010357194,0.4509521951870423,0.41236359101980585,,,,,0.0543878609117705,,,,,,,,24.59803816848684,25.45315883953094,24.070582084660334,24.945293690865714,23.84988941433009,24.916458069846232,,,,,,,0.026481335847686586,,0.220276556692923,0.17100610943749572,0.05995803929577657,-0.01227751255652098,60.532659594843956,59.774254919017174,,24.523480224609376,25.376000213623048,23.6170844123477,24.438095274425688,24.068640996539404,25.185396890791637,,,24.15587188720703,,,13665704.240417480534400,23465947.55651383,,,,,,,
2025-05-08,,,,,,,26.250000000000000,26.340000152587890,25.569999694824220,25.709999084472656,555900,,,,,24.846258163452150,,,,,,,,,,,,,,,,,,,,,,,,,,,,,,,,,,,,,,,,,,,,,,,,,,,,,,,,,,,,,,,,,,,,,,,,,,,,,,,,,,,,,,,,,,,,,,,,,,,,,,,,,,,,,,,,,,,,,,,,,,,,,,,,,,,,,,,,,,,,,0.3139638249948889,0.37702787741154525,0.4105656994788029,,,,,0.18569225482806015,,,,,,,,24.68077816680861,25.53877225451151,24.141098091823228,25.0148123630118,23.881025937740155,24.941256226553307,,,,,,,-0.011985526300881542,,0.25147588825581835,0.2070690490642093,0.09826160908778492,0.03159179976762508,57.30800583560202,56.634396151095146,,24.67810478210449,25.536000061035157,23.795639038085938,24.6228571392241,24.092872316875155,25.20301591782343,,,24.150191535949705,,,14292188.491058349470400,23532712.45071472,,,,,,,
2025-05-09,,,,,,,25.909999847412110,25.909999847412110,25.305000305175780,25.329999923706055,532100,,,,,24.479024887084960,,,,,,,,,,,,,,,,,,,,,,,,,,,,,,,,,,,,,,,,,,,,,,,,,,,,,,,,,,,,,,,,,,,,,,,,,,,,,,,,,,,,,,,,,,,,,,,,,,,,,,,,,,,,,,,,,,,,,,,,,,,,,,,,,,,,,,,,,,,,,0.29801222268036237,0.27215858230699297,0.4117106164746834,,,,,-0.032729243811634244,,,,,,,,24.613527073567393,25.46918147757636,24.171818709574293,25.04346577762037,23.89971340490718,24.95340446708933,,,,,,,-0.014890540474486225,,0.243759024690263,0.2026504043337951,0.12736109220828054,0.06580352068085908,53.54272649557839,52.96188534545607,,24.64331398010254,25.5,23.871110643659318,24.700952348254976,24.10946894448901,25.212698467194087,,,24.135649795532228,,,13478092.959403991865500,23577102.629383028,,,,,,,
2025-05-12,,,,,,,25.709999084472656,25.709999084472656,25.129999160766600,25.149999618530273,593500,,,,,24.305070877075195,,,,,,,,,,,,,,,,,,,,,,,,,,,,,,,,,,,,,,,,,,,,,,,,,,,,,,,,,,,,,,,,,,,,,,,,,,,,,,,,,,,,,,,,,,,,,,,,,,,,,,,,,,,,,,,,,,,,,,,,,,,,,,,,,,,,,,,,,,,,,0.2757862708280729,0.2409463946463222,0.4119725259655905,,,,,-0.05029783668303833,,,,,,,,24.510708341403326,25.362787524560996,24.183932542983467,25.05315067224854,23.912380825912432,24.95954806557186,,,,,,,-0.007131617161652343,,0.22105849517584275,0.1825200981710573,0.14610057280179298,0.08914683617889872,51.806357340710754,51.26603386321158,,24.652977752685548,25.50999984741211,23.974193754650297,24.807619004022506,24.122100648425874,25.21825402880472,,,24.116870613098143,,,14926524.773597717025500,23651847.472048562,,,,,,,
2025-05-13,,,,,,,25.299999237060547,25.545000076293945,25.180000305175780,25.270000457763672,736900,,,,,24.421041488647460,,,,,,,,,,,,,,,,,,,,,,,,,,,,,,,,,,,,,,,,,,,,,,,,,,,,,,,,,,,,,,,,,,,,,,,,,,,,,,,,,,,,,,,,,,,,,,,,,,,,,,,,,,,,,,,,,,,,,,,,,,,,,,,,,,,,,,,,,,,,,0.267831503114891,0.23668357478204924,0.4111562006230596,,,,,-0.11058631946858458,,,,,,,,24.480819390484704,25.331858502295223,24.205487901680193,25.072864289113554,23.9282764716229,24.969249702827852,,,,,,,0.00476011013067703,,0.21000521177656495,0.17424120617988947,0.15888150059674738,0.10616571017909687,52.90292072777087,52.36120224420456,,24.639448165893555,25.495999908447267,24.064851760864258,24.90142858596075,24.13130675421821,25.220158804030646,,,24.105529747009278,,,18621463.337326049896800,23821117.36820766,,,,,,,
2025-05-14,,,,,,,25.299999237060547,25.909999847412110,25.139999389648438,25.739999771118164,517000,,,,,24.875251770019530,,,,,,,,,,,,,,,,,,,,,,,,,,,,,,,,,,,,,,,,,,,,,,,,,,,,,,,,,,,,,,,,,,,,,,,,,,,,,,,,,,,,,,,,,,,,,,,,,,,,,,,,,,,,,,,,,,,,,,,,,,,,,,,,,,,,,,,,,,,,,0.21810702111813154,0.24083226996733514,0.4124297423557988,,,,,-0.05347683787561282,,,,,,,,24.612296850329646,25.46790559190287,24.26637552607468,25.13351296929579,23.957869449697796,24.993335642461926,,,,,,,0.01842828762537736,,0.23518530891762168,0.20326206273724878,0.17414226226092225,0.12558498069072727,57.027055048852304,56.48576673440695,,24.585329437255858,25.439999771118163,24.165173757643927,25.005238124302455,24.15043098207504,25.23238103351896,,,24.101566772460938,,,13307579.881668090788000,23934450.543624636,,,,,,,
2025-05-15,,,,,,,25.760000228881836,25.930000305175780,25.569999694824220,25.930000305175780,520000,,,,,25.058868408203125,,,,,,,,,,,,,,,,,,,,,,,,,,,,,,,,,,,,,,,,,,,,,,,,,,,,,,,,,,,,,,,,,,,,,,,,,,,,,,,,,,,,,,,,,,,,,,,,,,,,,,,,,,,,,,,,,,,,,,,,,,,,,,,,,,,,,,,,,,,,,0.2061265882353235,0.21889539292401292,0.4125282666420383,,,,,-0.06111951887270767,,,,,,,,24.761154036287472,25.621937162993838,24.3384203335409,25.205920908921243,23.992275667151088,25.022606413171733,,,,,,,0.007354388747978312,,0.2668806119012679,0.23883956204191747,0.19268993218899136,0.14823589696096529,58.60512117126435,58.066367093425285,,24.627851486206055,25.48400001525879,24.23880468096052,25.08142861865816,24.170363138592432,25.24539690169077,,,24.08383377075195,,,13483600.158691405600000,23996899.22499884,,,,,,,
2025-05-16,,,,,,,25.370000839233400,25.469999313354492,24.610000610351562,24.790000915527344,953000,,,,,23.957168579101562,,,,,,,,,,,,,,,,,,,,,,,,,,,,,,,,,,,,,,,,,,,,,,,,,,,,,,,,,,,,,,,,,,,,,,,,,,,,,,,,,,,,,,,,,,,,,,,,,,,,,,,,,,,,,,,,,,,,,,,,,,,,,,,,,,,,,,,,,,,,,0.3885003929590168,0.27439386895956,0.421698755870673,,,,,-0.07708467393810038,,,,,,,,24.493158883892168,25.344625080505008,24.303761083137324,25.16811000043089,23.991178570649538,25.015337491370346,,,,,,,-0.04496019971042129,,0.20078685309230693,0.1730517305617454,0.19430931636965448,0.15319906368112132,47.36599225114494,47.02847555181708,,24.523480224609376,25.376000213623048,24.264575594947452,25.108095350719633,24.17777349078466,25.245555635482546,,,24.09601474761963,,,23624870.872497558832000,24277182.50606476,,,,,,,
2025-05-19,,,,,,,24.639999389648438,25.040000915527344,24.510000228881836,24.729999542236328,355900,,,,,23.899181365966797,,,,,,,,,,,,,,,,,,,,,,,,,,,,,,,,,,,,,,,,,,,,,,,,,,,,,,,,,,,,,,,,,,,,,,,,,,,,,,,,,,,,,,,,,,,,,,,,,,,,,,,,,,,,,,,,,,,,,,,,,,,,,,,,,,,,,,,,,,,,,0.3877831753089177,0.26946959626750766,0.42167417652894723,,,,,-0.08142480330765567,,,,,,,,24.295166377917045,25.139749901082116,24.266981108849095,25.12828177695866,23.988303658003204,25.006420680459907,,,,,,,-0.0024233875579855037,,0.14209006376864153,0.11475002391945921,0.1838654658494519,0.1455092557287889,46.85663578137,46.52716218272879,,24.442302322387697,25.292000198364256,24.270097823370072,25.11380958557129,24.1854671599373,25.246031806582497,,,24.1180322265625,,,8801406.837081909135200,24265354.832131524,,,,,,,
2025-05-20,,,,,,,24.829999923706055,25.899999618530273,24.690000534057617,25.750000000000000,758800,,,,,24.884916305541992,,,,,,,,,,,,,,,,,,,,,,,,,,,,,,,,,,,,,,,,,,,,,,,,,,,,,,,,,,,,,,,,,,,,,,,,,,,,,,,,,,,,,,,,,,,,,,,,,,,,,,,,,,,,,,,,,,,,,,,,,,,,,,,,,,,,,,,,,,,,,0.5009754988039957,0.29330037929696906,0.4292234121398835,,,,,-0.004310070797467079,,,,,,,,24.49174968712536,25.34316660072141,24.323157035821175,25.184801615416962,24.01632280323879,25.029657534195536,,,,,,,0.040417643174767696,,0.17311741701372085,0.1491319139339211,0.18171585608230567,0.14623378736981535,55.597850339711094,55.25853353695943,,24.5350772857666,25.388000106811525,24.344188962663925,25.190476281302317,24.20895791432214,25.26285719493079,,,24.1444075012207,,,19539100.000000000000000,24426888.98764716,,,,,,,
2025-05-21,,,,,,,25.770000457763672,25.920000076293945,25.315000534057617,25.780000686645508,660200,,,,,24.913908004760742,,,,,,,,,,,,,,,,,,,,,,,,,,,,,,,,,,,,,,,,,,,,,,,,,,,,,,,,,,,,,,,,,,,,,,,,,,,,,,,,,,,,,,,,,,,,,,,,,,,,,,,,,,,,,,,,,,,,,,,,,,,,,,,,,,,,,,,,,,,,,0.48383658595967133,0.2926500178109904,0.4239945018133248,,,,,0.030436947575069432,,,,,,,,24.632469126337156,25.48877796269611,24.376861669361137,25.238910621892284,24.044372340786353,25.0531057577096,,,,,,,0.0011643528896779038,,0.1977664769922569,0.17676300032798054,0.18492598026429594,0.15233962996144837,55.82797768245563,55.48874902524742,,24.542808532714844,25.39600028991699,24.409996577671595,25.258571533929732,24.22011896163698,25.266666715107267,,,24.164916534423828,,,17019956.453323364381600,24501037.65448313,,,,,,,
2025-05-22,,,,,,,25.610000610351562,25.989999771118164,25.399999618530273,25.940000534057617,483400,,,,,25.068532943725586,,,,,,,,,,,,,,,,,,,,,,,,,,,,,,,,,,,,,,,,,,,,,,,,,,,,,,,,,,,,,,,,,,,,,,,,,,,,,,,,,,,,,,,,,,,,,,,,,,,,,,,,,,,,,,,,,,,,,,,,,,,,,,,,,,,,,,,,,,,,,0.48283598608120204,0.2874776462732915,0.4239718836490047,,,,,0.03525403865105946,,,,,,,,24.7778237321333,25.639185486483278,24.43974087612154,25.30264606845277,24.076377359628204,25.080821219470472,,,,,,,0.006187190113203016,,0.22715942251118904,0.20916041481400427,0.19337266871367456,0.16370378693195956,57.10489425485445,56.766418717584386,,24.544741439819337,25.39800033569336,24.462458565121604,25.312857309977215,24.23584096393888,25.275238158210875,,,24.179417724609376,,,12539396.258163452057800,24554569.978226557,,,,,,,
2025-05-23,,,,,,,25.979999542236328,26.760000228881836,25.909999847412110,26.670000076293945,856200,,,,,25.774007797241210,,,,,,,,,,,,,,,,,,,,,,,,,,,,,,,,,,,,,,,,,,,,,,,,,,,,,,,,,,,,,,,,,,,,,,,,,,,,,,,,,,,,,,,,,,,,,,,,,,,,,,,,,,,,,,,,,,,,,,,,,,,,,,,,,,,,,,,,,,,,,0.294924432551226,0.300062387300123,0.42700262079015905,,,,,0.11811711195881473,,,,,,,,25.109885087169268,25.9827903497535,24.561037868950603,25.42695097825651,24.129428310803608,25.130483058746208,,,,,,,0.027753142331198397,,0.3038765684544913,0.2903929917570771,0.2154734486618379,0.18904162789698306,62.43983297875259,62.110309281826936,,24.908109283447267,25.77400016784668,24.55173601422991,25.40523828778948,24.265920820690337,25.298730214436848,,,24.20973472595215,,,22834854.065322875709000,24776163.896911863,,,,,,,
2025-05-27,,,,,,,26.709999084472656,26.860000610351562,26.479999542236328,26.559999465942383,528200,,,,,25.667701721191406,,,,,,,,,,,,,,,,,,,,,,,,,,,,,,,,,,,,,,,,,,,,,,,,,,,,,,,,,,,,,,,,,,,,,,,,,,,,,,,,,,,,,,,,,,,,,,,,,,,,,,,,,,,,,,,,,,,,,,,,,,,,,,,,,,,,,,,,,,,,,0.3013290454592188,0.3008312137981106,0.42444198450870263,,,,,0.06450528719944794,,,,,,,,25.29582396517665,26.175193388483127,24.661643673699768,25.529955386227954,24.17749935487823,25.175155446471088,,,,,,,-0.004133075217538094,,0.3520393568624556,0.3419524493139754,0.24278663030196143,0.21962379218038153,61.20454950395719,60.888981479137406,,25.261813354492187,26.14000015258789,24.627207528977166,25.483333496820357,24.284833756704177,25.310476242549836,,,24.23261707305908,,,14028991.717910766700600,24655317.356812008,,,,,,,
2025-05-28,,,,,,,26.510000228881836,26.559999465942383,25.850000381469727,26.020000457763672,711400,,,,,25.145845413208008,,,,,,,,,,,,,,,,,,,,,,,,,,,,,,,,,,,,,,,,,,,,,,,,,,,,,,,,,,,,,,,,,,,,,,,,,,,,,,,,,,,,,,,,,,,,,,,,,,,,,,,,,,,,,,,,,,,,,,,,,,,,,,,,,,,,,,,,,,,,,0.2780440493396855,0.3110718385767621,0.4233021548048858,,,,,0.02325984344745957,,,,,,,,25.245831114520435,26.123462411576643,24.70566201365506,25.574504938185747,24.207760169201034,25.20155685307398,,,,,,,-0.020540768589914382,,0.34413232769209756,0.33537429775240213,0.2630557697799887,0.24277389329478566,55.40938508241393,55.15524271038935,,25.31399917602539,26.194000244140625,24.669085093906947,25.526666822887602,24.285080894591317,25.302698468405104,,,24.246389427185058,,,18510628.325653076260800,24697418.089966547,,,,,,,
2025-05-29,,,,,,,26.069999694824220,26.194999694824220,25.989999771118164,26.020000457763672,353600,,,,,25.145845413208008,,,,,,,,,,,,,,,,,,,,,,,,,,,,,,,,,,,,,,,,,,,,,,,,,,,,,,,,,,,,,,,,,,,,,,,,,,,,,,,,,,,,,,,,,,,,,,,,,,,,,,,,,,,,,,,,,,,,,,,,,,,,,,,,,,,,,,,,,,,,,0.2784098770996964,0.31109581504641604,0.4232581559730371,,,,,0.021315312277613983,,,,,,,,25.212502547416292,26.088975093638986,24.74567868634169,25.61500453087465,24.237075333076252,25.227133215720535,,,,,,,0,,0.33401562588977285,0.3263985459847625,0.2772477410019455,0.259498823832781,55.40938508241393,55.15524271038935,,25.360386657714844,26.24200019836426,24.710502442859468,25.56952394757952,24.28412428356352,25.293650854201545,,,24.247648735046386,,,9200672.161865234419200,24510621.233482968,,,,,,,
2025-05-30,,,,,,,25.979999542236328,26.114999771118164,25.750000000000000,26.000000000000000,1327100,,,,,25.126516342163086,,,,,,,,,,,,,,,,,,,,,,,,,,,,,,,,,,,,,,,,,,,,,,,,,,,,,,,,,,,,,,,,,,,,,,,,,,,,,,,,,,,,,,,,,,,,,,,,,,,,,,,,,,,,,,,,,,,,,,,,,,,,,,,,,,,,,,,,,,,,,0.2759570081111069,0.3035978284331092,0.42324892323246555,,,,,0.06613353820032691,,,,,,,,25.183840478998558,26.059316729092657,24.780300291416363,25.650004118976955,24.264870364610214,25.25128530272927,,,,,,,-0.0007689740971969156,,0.3207410689426027,0.3140511421744385,0.2859464065900769,0.27040928750111254,55.18492870253349,54.933040094348726,,25.371983337402344,26.254000091552733,24.77078764779227,25.63190487452916,24.282258987426758,25.28365086752271,,,24.25705307006836,,,34504600.000000000000000,24733723.196093243,,,,,,,
2025-06-02,,,,,,,26.139999389648438,26.319999694824220,25.850000381469727,25.899999618530273,579800,,,,,25.029874801635742,,,,,,,,,,,,,,,,,,,,,,,,,,,,,,,,,,,,,,,,,,,,,,,,,,,,,,,,,,,,,,,,,,,,,,,,,,,,,,,,,,,,,,,,,,,,,,,,,,,,,,,,,,,,,,,,,,,,,,,,,,,,,,,,,,,,,,,,,,,,,0.13347595625543723,0.30341302141900484,0.4228228264775193,,,,,0.03553288906404226,,,,,,,,25.132518586544286,26.00621102557186,24.80298888325449,25.67273098257271,24.288776753267264,25.271557625098048,,,,,,,-0.0038536129861029937,,0.2989763094810449,0.29282108149726227,0.28855238716827053,0.27489164630034246,54.00695429532577,53.7667080208518,,25.22315673828125,26.1,24.816346668061755,25.67904772077288,24.282922320895725,25.276349264477926,,,24.252390785217287,,,15016819.778823852285400,24561455.183074586,,,,,,,
2025-06-03,,,,,,,25.879999160766600,26.729999542236328,25.805000305175780,26.590000152587890,670400,,,,,25.696693420410156,,,,,,,,,,,,,,,,,,,,,,,,,,,,,,,,,,,,,,,,,,,,,,,,,,,,,,,,,,,,,,,,,,,,,,,,,,,,,,,,,,,,,,,,,,,,,,,,,,,,,,,,,,,,,,,,,,,,,,,,,,,,,,,,,,,,,,,,,,,,,0.2666244891005104,0.305796487497564,0.4260316023072425,,,,,0.041903943245090794,,,,,,,,25.320576864499575,26.20080740124387,24.88423475026864,25.756119088937727,24.33277414911548,25.312758954082106,,,,,,,0.026292219440327023,,0.3317105181301301,0.3278936283388596,0.29718401336064243,0.2854920427080459,60.30342220394282,60.06690350997131,,25.228955078125,26.1060001373291,24.866047359648206,25.730476288568404,24.292815859355624,25.27857147701203,,,24.265804634094238,,,17825936.102294921456000,24339883.28125666,,,,,,,
2025-06-04,,,,,,,26.649999618530273,26.950000762939453,26.450000762939453,26.790000915527344,524500,,,,,25.889974594116210,,,,,,,,,,,,,,,,,,,,,,,,,,,,,,,,,,,,,,,,,,,,,,,,,,,,,,,,,,,,,,,,,,,,,,,,,,,,,,,,,,,,,,,,,,,,,,,,,,,,,,,,,,,,,,,,,,,,,,,,,,,,,,,,,,,,,,,,,,,,,0.1932484678845087,0.2989902719953565,0.420735242270294,,,,,0.06425643253378722,,,,,,,,25.51037610770512,26.397205239338362,24.975665645163875,25.85010834590042,24.381436663021752,25.35892276537727,,,,,,,0.007493489522681618,,0.3689952422604712,0.36758991674452446,0.3115462591406082,0.3019116175153416,61.93028515179037,61.69622826866011,,25.37778091430664,26.260000228881836,24.943819863455637,25.81095250447591,24.291934210156636,25.269365129016695,,,24.280619430541993,,,14051355.480194091928000,23706022.42133428,,,,,,,
2025-06-05,,,,,,,26.879999160766600,26.909999847412110,26.620000839233400,26.709999084472656,635200,,,,,25.812662124633790,,,,,,,,,,,,,,,,,,,,,,,,,,,,,,,,,,,,,,,,,,,,,,,,,,,,,,,,,,,,,,,,,,,,,,,,,,,,,,,,,,,,,,,,,,,,,,,,,,,,,,,,,,,,,,,,,,,,,,,,,,,,,,,,,,,,,,,,,,,,,0.19998404737522907,0.29874891897015077,0.3621893177027171,,,,,0.02936799350303809,,,,,,,,25.61113811334801,26.501469854383128,25.051756234206593,25.928280231225166,24.426162458697128,25.401143900349002,,,,,,,-0.0029906609029197234,,0.3878344702413621,0.38812002607514984,0.326803901360759,0.31915329922730323,60.85593581578848,60.630566817956726,,25.5111442565918,26.397999954223632,25.006866182599747,25.876190548851376,24.33105393061562,25.30238100082155,,,24.299765319824218,,,16966191.418457031091200,23416304.2565482,,,,,,,
2025-06-06,,,,,,,26.700000762939453,26.819999694824220,26.319999694824220,26.329999923706055,384400,,,,,25.445428848266600,,,,,,,,,,,,,,,,,,,,,,,,,,,,,,,,,,,,,,,,,,,,,,,,,,,,,,,,,,,,,,,,,,,,,,,,,,,,,,,,,,,,,,,,,,,,,,,,,,,,,,,,,,,,,,,,,,,,,,,,,,,,,,,,,,,,,,,,,,,,,0.2439636573819524,0.29082876089794113,0.35997033786448673,,,,,-0.031574383548572206,,,,,,,,25.555901691654206,26.444313210824102,25.087544653666594,25.964800203268886,24.458014533371173,25.43017065107891,,,,,,,-0.014329037729542637,,0.36887982088380866,0.3694685259616328,0.3352190852653689,0.32921634457416915,55.89574531118868,55.70847922811443,,25.5749267578125,26.463999938964843,25.02113206045968,25.890952428181965,24.373071731082977,25.338571487911164,,,24.30455165863037,,,10121251.970672607542000,23222507.870501563,,,,,,,
2025-06-09,,,,,,,26.399999618530273,26.815000534057617,26.100000381469727,26.430000305175780,556600,,,,,25.542070388793945,,,,,,,,,,,,,,,,,,,,,,,,,,,,,,,,,,,,,,,,,,,,,,,,,,,,,,,,,,,,,,,,,,,,,,,,,,,,,,,,,,,,,,,,,,,,,,,,,,,,,,,,,,,,,,,,,,,,,,,,,,,,,,,,,,,,,,,,,,,,,0.237322705451814,0.2873653702006769,0.3543126098907621,,,,,-0.008084631472302591,,,,,,,,25.551291257367453,26.439542242274662,25.12886517504181,26.007091121624057,24.491891278853135,25.461415327769437,,,,,,,0.0037907980466915523,,0.35753485016558173,0.35862229817271185,0.3396822382454115,0.3350975352938777,56.89152793067293,56.70458020723709,,25.677365875244142,26.570000076293944,25.05426597595215,25.9252382005964,24.404435505942693,25.36349211798774,,,24.321887855529784,,,14710938.169860839148000,22635634.805437118,,,,,,,
2025-06-10,,,,,,,26.579999923706055,26.799999237060547,26.459999084472656,26.680000305175780,1228800,,,,,25.783672332763672,,,,,,,,,,,,,,,,,,,,,,,,,,,,,,,,,,,,,,,,,,,,,,,,,,,,,,,,,,,,,,,,,,,,,,,,,,,,,,,,,,,,,,,,,,,,,,,,,,,,,,,,,,,,,,,,,,,,,,,,,,,,,,,,,,,,,,,,,,,,,0.15291063528467105,0.282386009758079,0.3538218194244046,,,,,0.05328487016995865,,,,,,,,25.628751615832858,26.51969492990837,25.188393098471067,26.068264683765122,24.53225943678784,25.499496108313384,,,,,,,0.009414524394719816,,0.36384495866409594,0.3659806975042095,0.3445147823291484,0.34127416773594405,59.361773153686606,59.17640163478733,,25.694761657714842,26.588000106811524,25.11639204479399,25.98952393304734,24.434518299405536,25.386984174213712,,,24.34102268218994,,,32784384.374999998464000,22596701.842074923,,,,,,,
2025-06-11,,,,,,,26.899999618530273,27.180000305175780,26.520000457763672,26.729999542236328,1302900,,,,,25.831991195678710,,,,,,,,,,,,,,,,,,,,,,,,,,,,,,,,,,,,,,,,,,,,,,,,,,,,,,,,,,,,,,,,,,,,,,,,,,,,,,,,,,,,,,,,,,,,,,,,,,,,,,,,,,,,,,,,,,,,,,,,,,,,,,,,,,,,,,,,,,,,,0.1419345948911462,0.28024189395248805,0.3520026720879288,,,,,0.056083398965007476,,,,,,,,25.696498142448142,26.58979646735102,25.246902016399037,26.128422398171598,24.57287605425318,25.537949340623477,,,,,,,0.001872256355008655,,0.3684968907554236,0.37156364811344034,0.3493112040144034,0.3473320638114433,59.85720735584052,59.672293195028104,,25.683164978027342,26.57599983215332,25.189102536156064,26.06476202465239,24.458145565456814,25.40365082877023,,,24.36440963745117,,,34826516.403579711751200,22707807.68450177,,,,,,,
2025-06-12,,,,,,,26.729999542236328,27.299999237060547,26.729999542236328,27.299999237060547,879700,,,,,26.382841110229492,,,,,,,,,,,,,,,,,,,,,,,,,,,,,,,,,,,,,,,,,,,,,,,,,,,,,,,,,,,,,,,,,,,,,,,,,,,,,,,,,,,,,,,,,,,,,,,,,,,,,,,,,,,,,,,,,,,,,,,,,,,,,,,,,,,,,,,,,,,,,0.20415464170044728,0.28723658266527347,0.3541720226988302,,,,,0.14029110073887527,,,,,,,,25.925279131708592,26.826530723920865,25.35016920674726,26.234929383525138,24.62943746225244,25.593013399887134,,,,,,,0.021100148266295915,,0.4118846154548983,0.41717347227345414,0.3618258863025024,0.3613003455038455,65.08338986839993,64.90594594488857,,25.797200775146486,26.6939998626709,25.282521565755207,26.161428633190337,24.491870698474703,25.430793671380904,,,24.39862030029297,,,24015809.328842163195900,22711619.433502924,,,,,,,
2025-06-13,,,,,,,27.459999084472656,27.500000000000000,26.850000381469727,27.090000152587890,1292400,,,,,26.179897308349610,,,,,,,,,,,,,,,,,,,,,,,,,,,,,,,,,,,,,,,,,,,,,,,,,,,,,,,,,,,,,,,,,,,,,,,,,,,,,,,,,,,,,,,,,,,,,,,,,,,,,,,,,,,,,,,,,,,,,,,,,,,,,,,,,,,,,,,,,,,,,0.1682639244074864,0.28459026401160187,0.3540876568855458,,,,,0.09302949776694795,,,,,,,,26.010151857255597,26.914353866809872,25.425599034165653,26.312663089803568,24.677889332442977,25.639794235909033,,,,,,,-0.007722002941056129,,0.4249947561326728,0.4314014876286514,0.3744596602685365,0.3753205739288067,61.88669300057207,61.72755083102513,,25.944094467163087,26.845999908447265,25.344647543770925,26.225714365641277,24.518161380101763,25.45015873984685,,,24.42239387512207,,,35011116.197204589036000,23052260.85822696,,,,,,,
2025-06-16,,,,,,,27.129999160766600,27.420000076293945,26.899999618530273,26.989999771118164,994100,,,,,26.083257675170900,,,,,,,,,,,,,,,,,,,,,,,,,,,,,,,,,,,,,,,,,,,,,,,,,,,,,,,,,,,,,,,,,,,,,,,,,,,,,,,,,,,,,,,,,,,,,,,,,,,,,,,,,,,,,,,,,,,,,,,,,,,,,,,,,,,,,,,,,,,,,0.1814734914120281,0.28475803947210526,0.3541356991165058,,,,,0.01732183741858544,,,,,,,,26.034520463227366,26.93956916824597,25.48538618334795,26.37423915174126,24.721807093153224,25.68198815888432,,,,,,,-0.003698197835607171,,0.42271384426046055,0.42965529842925676,0.3841104970669213,0.3861875188288967,60.366183376951604,60.2153836877857,,26.052331924438477,26.957999801635744,25.393427985055105,26.27619053068615,24.54397137959798,25.469047637212846,,,24.456411323547364,,,26830758.772468566832400,23223422.116116114,,,,,,,
2025-06-17,,,,,,,26.930000305175780,27.149999618530273,26.665000915527344,26.729999542236328,948100,,,,,25.831991195678710,,,,,,,,,,,,,,,,,,,,,,,,,,,,,,,,,,,,,,,,,,,,,,,,,,,,,,,,,,,,,,,,,,,,,,,,,,,,,,,,,,,,,,,,,,,,,,,,,,,,,,,,,,,,,,,,,,,,,,,,,,,,,,,,,,,,,,,,,,,,,0.19684196314839036,0.23314123295183337,0.35129900409129483,,,,,0.008600277870843725,,,,,,,,25.967010707377813,26.869712626242755,25.516895729923473,26.40658100542263,24.756500346357143,25.71473851461407,,,,,,,-0.009679947489632627,,0.39606550361179416,0.40265008580178474,0.38650149837589587,0.38948003222347427,56.480608943489614,56.3501764104968,,26.061995697021484,26.96799964904785,25.48270525251116,26.368571417672293,24.555862033177934,25.47333335876465,,,24.511303100585938,,,25342712.565994262576800,23411949.402336847,,,,,,,
2025-06-18,,,,,,,26.739999771118164,26.739999771118164,25.940000534057617,26.110000610351562,1107900,,,,,25.232820510864258,,,,,,,,,,,,,,,,,,,,,,,,,,,,,,,,,,,,,,,,,,,,,,,,,,,,,,,,,,,,,,,,,,,,,,,,,,,,,,,,,,,,,,,,,,,,,,,,,,,,,,,,,,,,,,,,,,,,,,,,,,,,,,,,,,,,,,,,,,,,,0.2575423856837635,0.25071372973258094,0.3528102105889391,,,,,-0.02614010086416614,,,,,,,,25.722280641873294,26.616475287612356,25.491070710008998,26.379619151325258,24.77138535149799,25.727090455105866,,,,,,,-0.023468144272532798,,0.32287651538491247,0.327444946461231,0.37377650177769917,0.37707301507102564,48.468896840490906,48.37582122591365,,25.942161560058594,26.8439998626709,25.54621187845866,26.43428575424921,24.565013158889045,25.474920666407026,,,24.565421752929687,,,28927269.676208495539800,23573153.410448346,,,,,,,
2025-06-20,,,,,,,26.389999389648438,26.389999389648438,26.040000915527344,26.159999847412110,1381400,,,,,25.281141281127930,,,,,,,,,,,,,,,,,,,,,,,,,,,,,,,,,,,,,,,,,,,,,,,,,,,,,,,,,,,,,,,,,,,,,,,,,,,,,,,,,,,,,,,,,,,,,,,,,,,,,,,,,,,,,,,,,,,,,,,,,,,,,,,,,,,,,,,,,,,,,0.1500811532589566,0.20961814724335456,0.3494606057088546,,,,,-0.08293286356278305,,,,,,,,25.575234188291507,26.464316807545607,25.471986216474356,26.35965376006043,24.787315224298926,25.740618873615436,,,,,,,0.0019131655205069523,,0.26570985938334957,0.2687805177808791,0.35216317329882924,0.3554145156129963,49.096009786320295,49.002587410654286,,25.721821594238282,26.61599998474121,25.565079734438942,26.45380955650693,24.5653012896341,25.46714289226229,,,24.649112358093262,,,36137423.789215088754000,23880855.5378929,,,,,,,
2025-06-23,,,,,,,26.040000915527344,26.559999465942383,26.010000228881836,26.549999237060547,1123300,,,,,25.658037185668945,,,,,,,,,,,,,,,,,,,,,,,,,,,,,,,,,,,,,,,,,,,,,,,,,,,,,,,,,,,,,,,,,,,,,,,,,,,,,,,,,,,,,,,,,,,,,,,,,,,,,,,,,,,,,,,,,,,,,,,,,,,,,,,,,,,,,,,,,,,,,0.2244564792885814,0.2152020577637102,0.3501594214825507,,,,,-0.04005487373937109,,,,,,,,25.60283518741732,26.49287761738392,25.48889994094659,26.376957894333167,24.81452528559174,25.765912009973096,,,,,,,0.014798149233900756,,0.24795890636108453,0.2508663951368284,0.3313223199112803,0.33450489151776275,53.81697652963295,53.72223933316602,,25.61744956970215,26.50799980163574,25.600514457339333,26.49047615414574,24.575333610413566,25.46952383858817,,,24.704390678405762,,,29823614.142990112445100,24122429.09906781,,,,,,,
2025-06-24,,,,,,,26.299999237060547,26.579999923706055,26.120000839233400,26.270000457763672,987600,,,,,25.387447357177734,,,,,,,,,,,,,,,,,,,,,,,,,,,,,,,,,,,,,,,,,,,,,,,,,,,,,,,,,,,,,,,,,,,,,,,,,,,,,,,,,,,,,,,,,,,,,,,,,,,,,,,,,,,,,,,,,,,,,,,,,,,,,,,,,,,,,,,,,,,,,0.22912200452485854,0.21833384593579316,0.35072041508166096,,,,,-0.07950205884254712,,,,,,,,25.531039244004123,26.41858523084384,25.479676978785786,26.367234491008666,24.832429100328802,25.78166477396655,,,,,,,-0.010602009775926128,,0.2096402086279774,0.2116361526069852,0.30698589765461975,0.30993114373560726,50.21618821769793,50.13485054358427,,25.478287506103516,26.363999938964845,25.61570085797991,26.50619043622698,24.579114762563552,25.46539685082814,,,24.769333114624022,,,25944252.452087402467200,24392201.848599266,,,,,,,
2025-06-25,,,,,,,26.190000534057617,26.190000534057617,25.559999465942383,25.739999771118164,793000,,,,,24.875251770019530,,,,,,,,,,,,,,,,,,,,,,,,,,,,,,,,,,,,,,,,,,,,,,,,,,,,,,,,,,,,,,,,,,,,,,,,,,,,,,,,,,,,,,,,,,,,,,,,,,,,,,,,,,,,,,,,,,,,,,,,,,,,,,,,,,,,,,,,,,,,,0.2530402802362075,0.20624934760373737,0.35233138084854915,,,,,-0.1351954629062983,,,,,,,,25.312443419342593,26.192390077601946,25.424729232534307,26.310213152836802,24.833767308756638,25.78036274262754,,,,,,,-0.02038144893058094,,0.13637046745548176,0.13620914254371286,0.27286281161479214,0.2751867434972284,44.18916165138534,44.128039747070495,,25.28693962097168,26.165999984741212,25.572902951921737,26.461904707409087,24.579430383349223,25.457777810475182,,,24.816493682861328,,,20411819.818496704052000,24565413.183000352,,,,,,,
2025-06-26,,,,,,,25.799999237060547,26.120000839233400,25.770000457763672,25.879999160766600,1417800,,,,,25.010545730590820,,,,,,,,,,,,,,,,,,,,,,,,,,,,,,,,,,,,,,,,,,,,,,,,,,,,,,,,,,,,,,,,,,,,,,,,,,,,,,,,,,,,,,,,,,,,,,,,,,,,,,,,,,,,,,,,,,,,,,,,,,,,,,,,,,,,,,,,,,,,,0.21942102487468107,0.2074765587418794,0.35136165744292436,,,,,-0.14043255596631574,,,,,,,,25.211810856425334,26.088259771990163,25.387076186903084,26.27110278992133,24.839291634438958,25.783476380694385,,,,,,,0.005424160745642961,,0.08820400079946111,0.08672970827755933,0.23593104945172594,0.23749533645329454,46.03173620981746,45.96956256768692,,25.242484664916994,26.11999969482422,25.541609809512185,26.429523740495956,24.57632615831163,25.446507953462145,,,24.861334800720215,,,36692662.810134885480000,25004799.0839277,,,,,,,
2025-06-27,,,,,,,25.879999160766600,26.120000839233400,25.700000762939453,25.930000305175780,6119600,,,,,25.058868408203125,,,,,,,,,,,,,,,,,,,,,,,,,,,,,,,,,,,,,,,,,,,,,,,,,,,,,,,,,,,,,,,,,,,,,,,,,,,,,,,,,,,,,,,,,,,,,,,,,,,,,,,,,,,,,,,,,,,,,,,,,,,,,,,,,,,,,,,,,,,,,0.21943909929589003,0.19538074191746188,0.348736608984574,,,,,-0.07082076701348655,,,,,,,,25.160830040351264,26.03550661638537,25.357239116112176,26.24009347312628,24.846153408619085,25.788055253334427,,,,,,,0.0019302280023353153,,0.05331636729388478,0.05096409228655219,0.1994081130201577,0.20018908761994608,46.70847633200563,46.64594007077415,,25.198030090332033,26.07399978637695,25.537468047369096,26.42523801894415,24.582415172031947,25.44492064581977,,,24.892259788513183,,,158681229.867553703288000,27271099.075166006,,,,,,,
2025-06-30,,,,,,,25.500000000000000,25.959999084472656,25.120000839233400,25.909999847412110,798400,,,,,25.531862258911133,,,,,,,,,,,,,,,,,,,,,,,,,,,,,,,,,,,,,,,,,,,,,,,,,,,,,,,,,,,,,,,,,,,,,,,,,,,,,,,,,,,,,,,,,,,,,,,,,,,,,,,,,,,,,,,,,,,,,,,,,,,,,,,,,,,,,,,,,,,,,0.2388783515941201,0.20602763286621578,0.3505005045197504,,,,,-0.031505730104695664,,,,,,,,25.284507446537887,25.993671026727615,25.37311394727572,26.210084961697717,24.867581810190714,25.791866021899356,,,,,,,0.018699379388693465,,0.06310686056059112,0.020766332787811592,0.17214786252824438,0.16430453665351918,52.93025441481337,46.39574800891573,,25.17279510498047,25.945999908447266,25.555849801926385,26.419999894641695,24.593604557097905,25.44047619047619,,,24.934577445983887,,,20686543.878173828624000,23924916.696714975,,,,,,,
2025-07-01,,,,,,,25.860000610351562,25.940000534057617,25.590000152587890,25.680000305175780,378200,,,,,25.305219650268555,,,,,,,,,,,,,,,,,,,,,,,,,,,,,,,,,,,,,,,,,,,,,,,,,,,,,,,,,,,,,,,,,,,,,,,,,,,,,,,,,,,,,,,,,,,,,,,,,,,,,,,,,,,,,,,,,,,,,,,,,,,,,,,,,,,,,,,,,,,,,0.23486981894874454,0.20868828610838303,0.35071708652572975,,,,,-0.06073059881359379,,,,,,,,25.29141151444811,25.88911411954367,25.366941738456887,26.161895447468453,24.881257992693147,25.788370218251742,,,,,,,-0.008916487796198906,,0.051978556184835156,-0.021477075690594205,0.14811400125956253,0.12714821418469652,49.92262357747768,43.5058716029485,,25.15634956359863,25.827999877929688,25.56435948326474,26.404761813935778,24.603804179600306,25.443015870593843,,,24.96501754760742,,,9712176.115417479996000,23690769.13602617,,,,,,,
2025-07-02,,,,,,,26.000000000000000,26.200000762939453,25.379999160766600,26.170000076293945,678300,,,,,25.788068771362305,,,,,,,,,,,,,,,,,,,,,,,,,,,,,,,,,,,,,,,,,,,,,,,,,,,,,,,,,,,,,,,,,,,,,,,,,,,,,,,,,,,,,,,,,,,,,,,,,,,,,,,,,,,,,,,,,,,,,,,,,,,,,,,,,,,,,,,,,,,,,0.18779951240129572,0.21762569206840604,0.3526618713934795,,,,,-0.01564911097086864,,,,,,,,25.45696393341951,25.982742771793763,25.40522601417556,26.162632231907132,24.909595829526555,25.800296151315564,,,,,,,0.01890124950013855,,0.08118532958242497,-0.015240709415639486,0.13472826692413503,0.09867042946462931,55.69821356737187,50.56981076565524,,25.338912963867188,25.913999938964842,25.600463958013627,26.417618978591193,24.62151466854035,25.453174591064453,,,25.014198875427248,,,17751111.051750182893500,23524663.6486114,,,,,,,
2025-07-03,,,,,,,26.040000915527344,26.239999771118164,25.985000610351562,26.159999847412110,194900,,,,,25.778213500976562,,,,,,,,,,,,,,,,,,,,,,,,,,,,,,,,,,,,,,,,,,,,,,,,,,,,,,,,,,,,,,,,,,,,,,,,,,,,,,,,,,,,,,,,,,,,,,,,,,,,,,,,,,,,,,,,,,,,,,,,,,,,,,,,,,,,,,,,,,,,,0.19563411740171535,0.19794177481027725,0.3518021729281206,,,,,-0.03260442618575317,,,,,,,,25.564047122605192,26.041828463666544,25.439133967521105,26.162392924225767,24.936740131759368,25.81153689181858,,,,,,,-0.00038223699950622355,,0.102356764896399,-0.01097872322024429,0.1282539665185878,0.07674059892765459,55.557369601691214,50.431217592688135,,25.492446517944337,25.970000076293946,25.604345866612025,26.39714277358282,24.634006651621018,25.457936483716207,,,25.059124183654784,,,5098583.970260620239000,23111174.96980334,,,,,,,
2025-07-07,,,,,,,25.989999771118164,26.090000152587890,25.719999313354492,25.889999389648438,485400,,,,,25.512153625488280,,,,,,,,,,,,,,,,,,,,,,,,,,,,,,,,,,,,,,,,,,,,,,,,,,,,,,,,,,,,,,,,,,,,,,,,,,,,,,,,,,,,,,,,,,,,,,,,,,,,,,,,,,,,,,,,,,,,,,,,,,,,,,,,,,,,,,,,,,,,,0.2286607878118925,0.199263598676707,0.34879723348732944,,,,,-0.04229088014910654,,,,,,,,25.54674929023289,25.991218772327176,25.445772118245394,26.137629875627827,24.954721803438396,25.813988844875762,,,,,,,-0.010374745857521381,,0.09655346329550696,-0.029052944646934975,0.12191386587397166,0.05558189021273668,51.75263009926506,46.709090771631665,,25.583103561401366,25.961999893188477,25.586354391915457,26.354285558064777,24.65193948291597,25.46841267177037,,,25.090030632019044,,,12567005.703735351805200,22735807.737435237,,,,,,,
2025-07-08,,,,,,,25.840000152587890,26.329999923706055,25.760000228881836,26.149999618530273,381600,,,,,25.768360137939453,,,,,,,,,,,,,,,,,,,,,,,,,,,,,,,,,,,,,,,,,,,,,,,,,,,,,,,,,,,,,,,,,,,,,,,,,,,,,,,,,,,,,,,,,,,,,,,,,,,,,,,,,,,,,,,,,,,,,,,,,,,,,,,,,,,,,,,,,,,,,0.19881019066893357,0.20243339702391952,0.330626189218889,,,,,-0.026467635750236442,,,,,,,,25.620619572801743,26.044145721061543,25.475098301853944,26.138754397709867,24.980148001391555,25.824489181552465,,,,,,,0.009992436716039017,,0.11134451900834108,-0.022141812752522583,0.11979999650084554,0.040037149619684825,54.95192967768517,50.49795276027001,,25.630403137207033,26.00999984741211,25.584244773501442,26.327618916829426,24.694494368538024,25.50428569127643,,,25.127414207458497,,,9978839.854431152176800,22199344.324305702,,,,,,,
2025-07-09,,,,,,,26.239999771118164,26.469999313354492,26.139999389648438,26.209999084472656,405500,,,,,25.827484130859375,,,,,,,,,,,,,,,,,,,,,,,,,,,,,,,,,,,,,,,,,,,,,,,,,,,,,,,,,,,,,,,,,,,,,,,,,,,,,,,,,,,,,,,,,,,,,,,,,,,,,,,,,,,,,,,,,,,,,,,,,,,,,,,,,,,,,,,,,,,,,0.17510147613371496,0.1957726260879397,0.32627040199670065,,,,,-0.02066465956147513,,,,,,,,25.68957442548762,26.099430175531914,25.507133377218075,26.145231187415575,25.006627255437426,25.836536366018723,,,,,,,0.0022918132123396872,,0.1263805134435394,-0.011688497742948556,0.12111609988938431,0.029692020147158146,55.682256381741475,51.35742246653143,,25.734856033325194,26.115999603271483,25.602437882196334,26.321904591151647,24.74688478500124,25.5503174312531,,,25.162307891845703,,,10628154.628753662008000,21777414.20496078,,,,,,,
2025-07-10,,,,,,,26.209999084472656,26.325000762939453,25.975000381469727,26.159999847412110,766300,,,,,25.778213500976562,,,,,,,,,,,,,,,,,,,,,,,,,,,,,,,,,,,,,,,,,,,,,,,,,,,,,,,,,,,,,,,,,,,,,,,,,,,,,,,,,,,,,,,,,,,,,,,,,,,,,,,,,,,,,,,,,,,,,,,,,,,,,,,,,,,,,,,,,,,,,0.11678817308345499,0.1956380481536471,0.295959988209967,,,,,-0.016822125287546702,,,,,,,,25.719120783983936,26.119620066158646,25.531777024832483,26.146573792869805,25.030739325610522,25.846644599812265,,,,,,,-0.0019095040708574742,,0.13279019657512237,-0.007353919449755608,0.12345091922653192,0.022282832227775398,54.88372206191241,50.56947630237003,,25.73288497924805,26.113999557495116,25.61368279230027,26.30904742649623,24.82119593544612,25.619047588772244,,,25.192543830871582,,,20046407.883071899893000,21246250.904485915,,,,,,,
2025-07-11,,,,,,,26.090000152587890,26.375000000000000,26.020000457763672,26.200000762939453,712900,,,,,25.817630767822266,,,,,,,,,,,,,,,,,,,,,,,,,,,,,,,,,,,,,,,,,,,,,,,,,,,,,,,,,,,,,,,,,,,,,,,,,,,,,,,,,,,,,,,,,,,,,,,,,,,,,,,,,,,,,,,,,,,,,,,,,,,,,,,,,,,,,,,,,,,,,0.11725943519660348,0.19296802171499727,0.24917109718332406,,,,,-0.03237574487963499,,,,,,,,25.75195744526338,26.14641363175225,25.557763728740646,26.151430790148865,25.05532968317964,25.85768697990999,,,,,,,0.0015279243928570238,,0.1394431468502333,-0.0006831207512085768,0.1266493647512722,0.0176896416319786,55.434352303245454,51.21435292476102,,25.740768432617188,26.121999740600586,25.615299860636394,26.286190305437362,24.86760084969657,25.65888886224656,,,25.223374824523926,,,18677980.543899536043700,20331039.66358124,,,,,,,
2025-07-14,,,,,,,26.200000762939453,26.594999313354492,26.184999465942383,26.590000152587890,1233100,,,,,26.201938629150390,,,,,,,,,,,,,,,,,,,,,,,,,,,,,,,,,,,,,,,,,,,,,,,,,,,,,,,,,,,,,,,,,,,,,,,,,,,,,,,,,,,,,,,,,,,,,,,,,,,,,,,,,,,,,,,,,,,,,,,,,,,,,,,,,,,,,,,,,,,,,0.10855705592230296,0.19955722903180562,0.23983175555564065,,,,,0.04018019616394768,,,,,,,,25.901951173225715,26.29427580536413,25.61632508332335,26.191300732188775,25.091161212741227,25.880571766556173,,,,,,,0.01477577987347327,,0.17372351395976082,0.035662135759515934,0.13606419459296992,0.02128414045748607,60.49655170209769,57.09193891122086,,25.878725433349608,26.261999893188477,25.632916405087425,26.279523667835054,24.932070898631263,25.717301565503316,,,25.27020305633545,,,32788129.188156127159000,20275317.845008485,,,,,,,
2025-07-15,,,,,,,26.579999923706055,26.770000457763672,26.280000686645508,26.739999771118164,430200,,,,,26.349748611450195,,,,,,,,,,,,,,,,,,,,,,,,,,,,,,,,,,,,,,,,,,,,,,,,,,,,,,,,,,,,,,,,,,,,,,,,,,,,,,,,,,,,,,,,,,,,,,,,,,,,,,,,,,,,,,,,,,,,,,,,,,,,,,,,,,,,,,,,,,,,,0.10091305323828598,0.1863664583794798,0.23817265489511025,,,,,0.01878745276382675,,,,,,,,26.05121698596721,26.442850460615475,25.6829999495167,26.241182463000538,25.130492068950883,25.907428891698736,,,,,,,0.005625333070748993,,0.2103927059930193,0.07569713950953627,0.1509298968729798,0.03216674026789611,62.27162505540038,59.13136497473566,,25.995003128051756,26.379999923706055,25.63134057181222,26.252857026599703,24.99290463281056,25.771904748583598,,,25.315735321044922,,,11503547.901535034152800,19948864.336304437,,,,,,,
2025-07-16,,,,,,,26.760000228881836,26.829999923706055,26.329999923706055,26.540000915527344,797000,,,,,26.152669906616210,,,,,,,,,,,,,,,,,,,,,,,,,,,,,,,,,,,,,,,,,,,,,,,,,,,,,,,,,,,,,,,,,,,,,,,,,,,,,,,,,,,,,,,,,,,,,,,,,,,,,,,,,,,,,,,,,,,,,,,,,,,,,,,,,,,,,,,,,,,,,0.1330526575702712,0.18625676217751125,0.23834798479396357,,,,,0.028717748490214627,,,,,,,,26.085034626183543,26.475233945586098,25.725697218343928,26.268347776866612,25.162435126377922,25.92719676744338,,,,,,,-0.007507449600929727,,0.22100311411217177,0.09024662531202665,0.16494454032081818,0.04378271727672222,58.497312765636636,55.35358330971645,,26.060040283203126,26.44600028991699,25.630044028872536,26.226666586739675,25.046621776762464,25.81920635889447,,,25.345729141235353,,,21152380.729675293168000,19826954.07254658,,,,,,,
2025-07-17,,,,,,,26.430000305175780,26.899999618530273,26.145000457763672,26.780000686645508,683700,,,,,26.389165878295900,,,,,,,,,,,,,,,,,,,,,,,,,,,,,,,,,,,,,,,,,,,,,,,,,,,,,,,,,,,,,,,,,,,,,,,,,,,,,,,,,,,,,,,,,,,,,,,,,,,,,,,,,,,,,,,,,,,,,,,,,,,,,,,,,,,,,,,,,,,,,0.13280848257314762,0.18830678474519472,0.23090021680709433,,,,,0.08027834469787451,,,,,,,,26.186411710220995,26.576822859272568,25.786012551066833,26.3148616777556,25.20077046237536,25.95384688991845,,,,,,,0.009002257545565388,,0.24566333343795677,0.11976262441671892,0.1810882989442459,0.058978698704721555,61.51199642951563,58.75860800370913,,26.182230758666993,26.570000457763673,25.6446110861642,26.216666630336217,25.092281250726607,25.85809525989351,,,25.388377418518065,,,18309486.469459533819600,19871654.74743616,,,,,,,
2025-07-18,,,,,,,26.969999313354492,27.129999160766600,26.760000228881836,26.870000839233400,691200,,,,,26.477853775024414,,,,,,,,,,,,,,,,,,,,,,,,,,,,,,,,,,,,,,,,,,,,,,,,,,,,,,,,,,,,,,,,,,,,,,,,,,,,,,,,,,,,,,,,,,,,,,,,,,,,,,,,,,,,,,,,,,,,,,,,,,,,,,,,,,,,,,,,,,,,,0.13068882063818174,0.184760146343725,0.23060098260125864,,,,,0.10041927796389509,,,,,,,,26.28355906515547,26.674548852592846,25.84890720779025,26.365328874253585,25.240679315895644,25.98247670083454,,,,,,,0.003355134467809273,,0.26925925392011507,0.1487023780594079,0.19872248993941974,0.07692343457565883,62.60887696690924,59.99088875128205,,26.314275360107423,26.70400047302246,25.675366447085427,26.22333335876465,25.14088243151468,25.900000042385525,,,25.428160705566405,,,18572544.580078126080000,19972270.903169543,,,,,,,
2025-07-21,,,,,,,26.950000762939453,27.030000686645508,26.448999404907227,26.590000152587890,696300,,,,,26.201938629150390,,,,,,,,,,,,,,,,,,,,,,,,,,,,,,,,,,,,,,,,,,,,,,,,,,,,,,,,,,,,,,,,,,,,,,,,,,,,,,,,,,,,,,,,,,,,,,,,,,,,,,,,,,,,,,,,,,,,,,,,,,,,,,,,,,,,,,,,,,,,,0.1351747520389291,0.16760999443387006,0.2302339875109695,,,,,0.11554705099625562,,,,,,,,26.256352253153775,26.646365952591193,25.881000973368444,26.38575353592034,25.270718669434853,26.00146180870183,,,,,,,-0.010475275483193854,,0.26266727965356296,0.14734512311190429,0.21151144788224838,0.09100777228290792,57.15180402422755,54.531725040180575,,26.314275360107423,26.70400047302246,25.721514928908576,26.24619047982352,25.179274876912434,25.931428606548007,,,25.449282569885256,,,18514617.106246947807000,19990287.32658568,,,,,,,
2025-07-22,,,,,,,26.579999923706055,26.870000839233400,26.514999389648438,26.549999237060547,464000,,,,,26.162521362304688,,,,,,,,,,,,,,,,,,,,,,,,,,,,,,,,,,,,,,,,,,,,,,,,,,,,,,,,,,,,,,,,,,,,,,,,,,,,,,,,,,,,,,,,,,,,,,,,,,,,,,,,,,,,,,,,,,,,,,,,,,,,,,,,,,,,,,,,,,,,,0.12562131542549437,0.16799746420236836,0.2264134755274913,,,,,0.12383102926148688,,,,,,,,26.22507528953741,26.614243714080978,25.906593735999014,26.400684963296722,25.298587503587036,26.018603603338043,,,,,,,-0.0015054972130770607,,0.2513648707829148,0.14141164380200522,0.21948213246238166,0.10108854658672738,56.39555578590055,53.778807339445926,,26.27682991027832,26.666000366210938,25.763485408964613,26.26476187933059,25.22425136868916,25.969682572379945,,,25.475607833862306,,,12319199.645996093808000,20017271.67443472,,,,,,,
2025-07-23,,,,,,,26.559999465942383,26.850000381469727,26.110000610351562,26.280000686645508,682900,,,,,25.896463394165040,,,,,,,,,,,,,,,,,,,,,,,,,,,,,,,,,,,,,,,,,,,,,,,,,,,,,,,,,,,,,,,,,,,,,,,,,,,,,,,,,,,,,,,,,,,,,,,,,,,,,,,,,,,,,,,,,,,,,,,,,,,,,,,,,,,,,,,,,,,,,0.13502435557364525,0.1656311041092475,0.22724233069398836,,,,,0.053265391104072066,,,,,,,,26.115537991079954,26.502829371602488,25.905672795832288,26.38971366541934,25.317271125167597,26.0267722621914,,,,,,,-0.010221493401552038,,0.21842115274739626,0.11361303184459004,0.2192699365193846,0.1035934436382999,51.44709913376261,48.873688107543444,,26.225588607788087,26.61400032043457,25.774839037940616,26.2519048055013,25.261783357650515,26.000317497858926,,,25.503956604003907,23.83455644607544,1,17946612.468910217413200,20136287.980866812,,,,,,,
2025-07-24,,,,,,,26.170000076293945,26.389999389648438,26.010000228881836,26.299999237060547,808000,,,,,25.916170120239258,,,,,,,,,,,,,,,,,,,,,,,,,,,,,,,,,,,,,,,,,,,,,,,,,,,,,,,,,,,,,,,,,,,,,,,,,,,,,,,,,,,,,,,,,,,,,,,,,,,,,,,,,,,,,,,,,,,,,,,,,,,,,,,,,,,,,,,,,,,,,0.10130142947146506,0.1606894344596359,0.2246674468667484,,,,,0.09293965072500589,,,,,,,,26.049082034133058,26.435219326755174,25.906627098051104,26.381557808295813,25.33598671876359,26.03531060515606,,,,,,,0.0007606919659474873,,0.1916934640275052,0.09213408311511273,0.21375464202100872,0.10130157153366247,51.78456810203727,49.242968614783756,,26.130989456176756,26.518000030517577,25.800016312372115,26.253333318801154,25.29272524515788,26.02412702166845,,,25.536178588867188,23.860690622329713,1,21250399.383544921976000,20226147.026313297,,,,,,,
2025-07-25,,,,,,,26.200000762939453,26.360000610351562,25.899999618530273,25.950000762939453,627800,,,,,25.571279525756836,,,,,,,,,,,,,,,,,,,,,,,,,,,,,,,,,,,,,,,,,,,,,,,,,,,,,,,,,,,,,,,,,,,,,,,,,,,,,,,,,,,,,,,,,,,,,,,,,,,,,,,,,,,,,,,,,,,,,,,,,,,,,,,,,,,,,,,,,,,,,0.09843263456671084,0.1504876336850002,0.22643312819295464,,,,,0.08594291825021043,,,,,,,,25.88981453134098,26.273479805483266,25.87614095511526,26.342325349627053,25.343339618982128,26.03264467258679,,,,,,,-0.013397274693242485,,0.14105578625090587,0.04633577967221569,0.19921487086698814,0.09030841316137311,45.78654555241076,43.342599385626976,,25.949674606323242,26.334000015258788,25.833160491216752,26.26333336603074,25.319266485789466,26.04349212040977,,,25.559183349609373,23.886074943542482,1,16291410.478973388593400,20339030.1159783,,,,,,,
2025-07-28,,,,,,,26.100000381469727,26.100000381469727,25.680000305175780,25.750000000000000,259900,,,,,25.374197006225586,,,,,,,,,,,,,,,,,,,,,,,,,,,,,,,,,,,,,,,,,,,,,,,,,,,,,,,,,,,,,,,,,,,,,,,,,,,,,,,,,,,,,,,,,,,,,,,,,,,,,,,,,,,,,,,,,,,,,,,,,,,,,,,,,,,,,,,,,,,,,0.09411018725484362,0.15284628444026507,0.226707280953058,,,,,0.11069635919231063,,,,,,,,25.717942022969183,26.098986536988846,25.830509687034382,26.288477590570047,25.344303912333483,26.023812026568454,,,,,,,-0.007737036380385652,,0.08405323616416993,-0.006028601888441898,0.1761825439264245,0.07104101015141011,42.74009157095706,40.366124623956246,,25.78412628173828,26.165999984741212,25.85047721862793,26.257142929803756,25.339764852372426,26.056666722373357,,,25.569162254333495,23.90866388320923,1,6692425.000000000000000,20333395.972778685,,,,,,,
2025-07-29,,,,,,,25.770000457763672,26.000000000000000,25.680000305175780,25.950000762939453,396400,,,,,25.571279525756836,,,,,,,,,,,,,,,,,,,,,,,,,,,,,,,,,,,,,,,,,,,,,,,,,,,,,,,,,,,,,,,,,,,,,,,,,,,,,,,,,,,,,,,,,,,,,,,,,,,,,,,,,,,,,,,,,,,,,,,,,,,,,,,,,,,,,,,,,,,,,0.1374244886616344,0.1547529680875134,0.2267246304960531,,,,,0.13640902897710608,,,,,,,,25.669054523898403,26.049324612305714,25.80694330873642,26.257706969876356,25.351396900252965,26.02150542458005,,,,,,,0.007737036380385688,,0.05415692940738026,-0.0310316479263939,0.15177742102261566,0.05062647853584931,46.568668877256606,44.47268848278607,,25.665877914428712,26.046000289916993,25.87487774803525,26.258095332554408,25.360476963103764,26.07000005812872,,,25.579410476684572,23.92722601890564,1,10286580.302429199169200,20360762.16475169,,,,,,,
2025-07-30,,,,,,,25.850000381469727,26.049999237060547,25.715000152587890,25.860000610351562,285100,,,,,25.482593536376953,,,,,,,,,,,,,,,,,,,,,,,,,,,,,,,,,,,,,,,,,,,,,,,,,,,,,,,,,,,,,,,,,,,,,,,,,,,,,,,,,,,,,,,,,,,,,,,,,,,,,,,,,,,,,,,,,,,,,,,,,,,,,,,,,,,,,,,,,,,,,0.12797149984745268,0.1412032903403524,0.22688692399546695,,,,,0.08071227564444892,,,,,,,,25.606900861391253,25.98621661165433,25.777456965794652,26.221551846283194,25.355496795131838,26.01645839913541,,,,,,,-0.0034742155008117047,,0.023042058243891717,-0.057446791348596093,0.12603034846687086,0.02901182455896023,45.10708701091319,43.03647654620369,,25.583103942871094,25.9620002746582,25.872531618390763,26.255714416503906,25.379627954392205,26.081746086241708,,,25.609918975830077,23.942745790481567,1,7372686.174011230326200,20361917.941420417,,,,,,,
2025-07-31,,,,,,,25.770000457763672,26.360000610351562,25.770000457763672,26.260000228881836,506000,,,,,25.876754760742188,,,,,,,,,,,,,,,,,,,,,,,,,,,,,,,,,,,,,,,,,,,,,,,,,,,,,,,,,,,,,,,,,,,,,,,,,,,,,,,,,,,,,,,,,,,,,,,,,,,,,,,,,,,,,,,,,,,,,,,,,,,,,,,,,,,,,,,,,,,,,0.1855388087595959,0.14699727135246604,0.22572293621671102,,,,,0.12238592784740022,,,,,,,,25.696852161174895,26.077477817396833,25.78648403806261,26.22504715379216,25.371786106557163,26.024069081314984,,,,,,,0.015349453460397377,,0.029844783256120166,-0.045578950769858295,0.10679323542472073,0.014093669493196525,52.276235593290956,50.66257855449405,,25.57522087097168,25.95400047302246,25.899747576032365,26.28333346048991,25.411631569029794,26.106666716318284,,,25.649470443725587,23.965155782699586,1,13287560.115814209016000,20413875.019185506,,,,,,,
2025-08-01,,,,,,,26.309999465942383,26.409999847412110,25.850000381469727,26.350000381469727,428700,,,,,25.965442657470703,,,,,,,,,,,,,,,,,,,,,,,,,,,,,,,,,,,,,,,,,,,,,,,,,,,,,,,,,,,,,,,,,,,,,,,,,,,,,,,,,,,,,,,,,,,,,,,,,,,,,,,,,,,,,,,,,,,,,,,,,,,,,,,,,,,,,,,,,,,,,0.14469070821710456,0.13238338486581153,0.22524141215167945,,,,,0.1004972229298481,,,,,,,,25.786382326606834,26.168318672087796,25.802753003463344,26.236406538126484,25.39033787377321,26.03425443444482,,,,,,,0.003421459261494115,,0.041909260047393815,-0.028581867480134804,0.09381644034925535,0.00555856209853026,53.740198944250125,52.21277220880388,,25.654053497314454,26.034000396728516,25.908193951561337,26.29190490359352,25.441668192545574,26.12952386765253,,,25.67108097076416,23.98745228767395,1,11296245.163536071964900,20475233.62567841,,,,,,,
2025-08-04,,,,,,,26.329999923706055,26.629999160766600,26.329999923706055,26.350000381469727,244400,,,,,25.965442657470703,,,,,,,,,,,,,,,,,,,,,,,,,,,,,,,,,,,,,,,,,,,,,,,,,,,,,,,,,,,,,,,,,,,,,,,,,,,,,,,,,,,,,,,,,,,,,,,,,,,,,,,,,,,,,,,,,,,,,,,,,,,,,,,,,,,,,,,,,,,,,0.11587668581634447,0.13236422442213208,0.22051529171533693,,,,,0.07635347374581798,,,,,,,,25.846069103561454,26.228879241881774,25.81754297200947,26.24673325115769,25.408309898263756,26.04412149528935,,,,,,,0,,0.05088388704856328,-0.014939345045394958,0.08522992968911693,0.0014589806697452162,53.740198944250125,52.21277220880388,,25.772302627563477,26.15400047302246,25.917109625680105,26.300952548072452,25.462500950646778,26.142857203407893,,,25.69211166381836,24.0119300365448,1,6439940.093231201278800,20326404.101096258,,,,,,,
2025-08-05,,,,,,,26.379999160766600,26.870000839233400,26.379999160766600,26.709999084472656,345200,,,,,26.320186614990234,,,,,,,,,,,,,,,,,,,,,,,,,,,,,,,,,,,,,,,,,,,,,,,,,,,,,,,,,,,,,,,,,,,,,,,,,,,,,,,,,,,,,,,,,,,,,,,,,,,,,,,,,,,,,,,,,,,,,,,,,,,,,,,,,,,,,,,,,,,,,0.132069993136453,0.13391137659618246,0.21920748298221976,,,,,0.09068920084988934,,,,,,,,26.004108274037716,26.3892525227454,25.863237848644083,26.288848326913595,25.43680604566146,26.064930169951325,,,,,,,0.013569671279325093,,0.08563407989094074,0.024637335107932756,0.0853107597294817,0.006094651557382725,59.50305522973851,58.2920917753647,,25.922084045410156,26.3060001373291,25.95558738708496,26.34000015258789,25.495253880818684,26.168412738376194,,,25.717144737243654,24.032983655929566,1,9220291.683959960851200,20240921.584619794,,,,,,,
2025-08-06,,,,,,,26.809999465942383,26.959999084472656,26.620000839233400,26.959999084472656,764300,,,,,26.566537857055664,,,,,,,,,,,,,,,,,,,,,,,,,,,,,,,,,,,,,,,,,,,,,,,,,,,,,,,,,,,,,,,,,,,,,,,,,,,,,,,,,,,,,,,,,,,,,,,,,,,,,,,,,,,,,,,,,,,,,,,,,,,,,,,,,,,,,,,,,,,,,0.10384835565573962,0.13338956083306938,0.21917734787745335,,,,,0.13885414674046268,,,,,,,,26.191584801710366,26.579501376654488,25.927174213045138,26.349862032146238,25.47211016476753,26.09290107353012,,,,,,,0.009316251906686527,,0.1315360784377262,0.07530695818979183,0.09455582347113059,0.019937112883864544,62.954449067452316,61.91548388266772,,26.1388729095459,26.52599983215332,25.993595849900018,26.378571555728005,25.528235602000404,26.19412700713627,,,25.73299533843994,24.052809324264526,1,20605527.300262450980800,20404731.44554562,,,,,,,
2025-08-07,,,,,,,27.049999237060547,28.040000915527344,26.895000457763672,27.180000305175780,1019100,,,,,26.783329010009766,,,,,,,,,,,,,,,,,,,,,,,,,,,,,,,,,,,,,,,,,,,,,,,,,,,,,,,,,,,,,,,,,,,,,,,,,,,,,,,,,,,,,,,,,,,,,,,,,,,,,,,,,,,,,,,,,,,,,,,,,,,,,,,,,,,,,,,,,,,,,0.08382663928352857,0.135369122429379,0.21360718674034512,,,,,0.11054921539026194,,,,,,,,26.3888328711435,26.779667686161584,26.005006467314647,26.425329147876194,25.51308575368135,26.126872924519045,,,,,,,0.008127193523112041,,0.1832940772107463,0.1316971368064337,0.11230347421905373,0.042289117668378375,65.72296477898693,64.81252582907335,,26.320187759399413,26.70999984741211,26.039112272716704,26.4247620900472,25.55422740512424,26.21253970312694,,,25.755307884216307,24.074043817520142,1,27699138.311004637398000,20627484.367300972,,,,,,,
2025-08-08,,,,,,,27.280000686645508,27.704999923706055,27.229999542236328,27.389999389648438,650900,,,,,26.990262985229492,,,,,,,,,,,,,,,,,,,,,,,,,,,,,,,,,,,,,,,,,,,,,,,,,,,,,,,,,,,,,,,,,,,,,,,,,,,,,,,,,,,,,,,,,,,,,,,,,,,,,,,,,,,,,,,,,,,,,,,,,,,,,,,,,,,,,,,,,,,,,0.07798287451784779,0.1362019354338329,0.21236692189148754,,,,,0.09142249459760762,,,,,,,,26.58930957583883,26.98311158732387,26.094575241670544,26.513026442582763,25.559247542167228,26.16634562655434,,,,,,,0.007696528687972621,,0.23826394803664286,0.19112871782519036,0.13749556898257156,0.07205703769974077,68.16833813732298,67.36448545873526,,26.525151824951173,26.91799964904785,26.096828914823988,26.483333496820357,25.588259227692134,26.239206374637664,,,25.79219623565674,24.089908485412597,1,17828150.602722168294200,20683610.750025794,,,,,,,
2025-08-11,,,,,,,27.500000000000000,28.219999313354492,27.360000610351562,27.809999465942383,1111000,,,,,27.404132843017578,,,,,,,,,,,,,,,,,,,,,,,,,,,,,,,,,,,,,,,,,,,,,,,,,,,,,,,,,,,,,,,,,,,,,,,,,,,,,,,,,,,,,,,,,,,,,,,,,,,,,,,,,,,,,,,,,,,,,,,,,,,,,,,,,,,,,,,,,,,,,0.053928207154369016,0.14343007492671572,0.211564896796492,,,,,0.09182133935154162,,,,,,,,26.86091733156508,27.258740880196708,26.213625932702094,26.63093308107,25.6169002078188,26.217709809035213,,,,,,,0.015217664921597283,,0.31163151129317157,0.26901809687102585,0.17232275744469155,0.11144924953399779,72.40808941839524,71.77365679627503,,26.812889862060548,27.20999946594238,26.17237663269043,26.56000010172526,25.634689512706938,26.278571446736652,,,25.83736198425293,24.10654302597046,1,30896909.406661987513000,20960099.89998227,,,,,,,
2025-08-12,,,,,,,27.899999618530273,27.959999084472656,27.209999084472656,27.420000076293945,466300,,,,,27.019824981689453,,,,,,,,,,,,,,,,,,,,,,,,,,,,,,,,,,,,,,,,,,,,,,,,,,,,,,,,,,,,,,,,,,,,,,,,,,,,,,,,,,,,,,,,,,,,,,,,,,,,,,,,,,,,,,,,,,,,,,,,,,,,,,,,,,,,,,,,,,,,,0.17844966743442328,0.14799154850756993,0.21321904548119178,,,,,-0.016428239140207336,,,,,,,,26.913886548273204,27.31249394556245,26.286916755337305,26.70266644427218,25.660741607002258,26.25528137988705,,,,,,,-0.014122980557070288,,0.33490482677233047,0.29586574342362937,0.20483917131021934,0.1483325483119241,63.89740577295585,63.230950713922645,,26.952817535400392,27.35199966430664,26.211323601858957,26.599523907616025,25.677780847700816,26.31460320003449,,,25.875228157043455,24.121952180862426,1,12785946.035575866553500,20926122.45969621,,,,,,,
2025-08-13,,,,,,,27.680000305175780,27.940000534057617,27.503000259399414,27.879999160766600,612300,,,,,27.473112106323242,,,,,,,,,,,,,,,,,,,,,,,,,,,,,,,,,,,,,,,,,,,,,,,,,,,,,,,,,,,,,,,,,,,,,,,,,,,,,,,,,,,,,,,,,,,,,,,,,,,,,,,,,,,,,,,,,,,,,,,,,,,,,,,,,,,,,,,,,,,,,0.1957010469204803,0.15656112431494673,0.2152298817607055,,,,,-0.010875883076463798,,,,,,,,27.100295067623218,27.5016623506305,26.394752696336027,26.809696691226215,25.71737818510604,26.306053810539535,,,,,,,0.0166369296337074,,0.38548198329491257,0.3502236186188057,0.240967733707158,0.18871076237330042,68.58728474309589,68.059820230349,,27.134132385253906,27.53599967956543,26.264817101614817,26.65380959283738,25.726226413060747,26.356031750875808,,,25.924092903137208,24.145104064941407,1,17070923.486137389180000,20901510.71602655,,,,,,,
2025-08-14,,,,,,,27.739999771118164,27.899999618530273,27.625000000000000,27.719999313354492,393400,,,,,27.315446853637695,,,,,,,,,,,,,,,,,,,,,,,,,,,,,,,,,,,,,,,,,,,,,,,,,,,,,,,,,,,,,,,,,,,,,,,,,,,,,,,,,,,,,,,,,,,,,,,,,,,,,,,,,,,,,,,,,,,,,,,,,,,,,,,,,,,,,,,,,,,,,0.21338988219867983,0.1553350716947103,0.21309144823983428,,,,,-0.010749872274188575,,,,,,,,27.172012329628043,27.574441338205165,26.478452165181633,26.89245147505606,25.767317830997655,26.350239607502502,,,,,,,-0.005755423792804757,,0.40813771843831503,0.37605702453521417,0.2744017306533894,0.22618001480568317,65.40470351007448,64.86868332242415,,27.24055595397949,27.64399948120117,26.320187432425364,26.70999999273391,25.764959668356276,26.387460315038286,,,25.956467971801757,24.1678853225708,1,10905047.729873657152800,20863375.285045683,,,,,,,
2025-08-15,,,,,,,27.819999694824220,27.879999160766600,27.579999923706055,27.670000076293945,339100,,,,,27.266176223754883,,,,,,,,,,,,,,,,,,,,,,,,,,,,,,,,,,,,,,,,,,,,,,,,,,,,,,,,,,,,,,,,,,,,,,,,,,,,,,,,,,,,,,,,,,,,,,,,,,,,,,,,,,,,,,,,,,,,,,,,,,,,,,,,,,,,,,,,,,,,,0.21349865442009777,0.15376290694720274,0.21285338710978555,,,,,-0.062114757595983734,,,,,,,,27.20340029433699,27.606294250901424,26.550063443233746,26.96313771153223,25.81415715577132,26.391482122152237,,,,,,,-0.0018053931154027969,,0.41730637557211736,0.38802277921092454,0.302982659637135,0.25854856768673146,64.3990413794795,63.86101193350207,,27.29573860168457,27.699999618530274,26.36194982982817,26.7523809160505,25.79999630034916,26.41507935902429,,,25.98399200439453,24.193622484207154,1,9382897.025871276749500,20798284.759127904,,,,,,,
2025-08-18,,,,,,,27.549999237060547,28.065000534057617,27.534999847412110,27.930000305175780,509700,,,,,27.522382736206055,,,,,,,,,,,,,,,,,,,,,,,,,,,,,,,,,,,,,,,,,,,,,,,,,,,,,,,,,,,,,,,,,,,,,,,,,,,,,,,,,,,,,,,,,,,,,,,,,,,,,,,,,,,,,,,,,,,,,,,,,,,,,,,,,,,,,,,,,,,,,0.1938371039048942,0.15603352176375293,0.19147863597367987,,,,,-0.017416689721578574,,,,,,,,27.30972777496001,27.714196268992875,26.63845610623123,27.05103431095437,25.867539205159904,26.43956081537172,,,,,,,0.009352623426400702,,0.4401722945411741,0.4137165052156817,0.3304205866179428,0.2895821551925215,67.22144818824802,66.75321349081347,,27.319388580322265,27.723999786376954,26.411689304170153,26.80285708109538,25.85658700125558,26.46492061917744,,,26.018186416625976,24.219526844024656,1,14235921.155548095066000,20649253.811239816,,,,,,,
2025-08-19,,,,,,,27.799999237060547,27.950000762939453,27.620000839233400,27.670000076293945,430200,,,,,27.266176223754883,,,,,,,,,,,,,,,,,,,,,,,,,,,,,,,,,,,,,,,,,,,,,,,,,,,,,,,,,,,,,,,,,,,,,,,,,,,,,,,,,,,,,,,,,,,,,,,,,,,,,,,,,,,,,,,,,,,,,,,,,,,,,,,,,,,,,,,,,,,,,0.1723754728723264,0.15496162785403392,0.19265686954406272,,,,,-0.012668844235577102,,,,,,,,27.29521059122497,27.6994642047599,26.695521571460652,27.107303925985242,25.911246611990997,26.47801204227554,,,,,,,-0.009352623426400622,,0.43263285348616876,0.40839144032039343,0.350863039991588,0.3133440122180959,61.933712752234534,61.45651580092166,,27.368658828735352,27.773999786376955,26.462367284865607,26.854285648890905,25.910031364077614,26.511587294321213,,,26.054601364135742,24.24596013069153,1,11903634.032821655139000,20698495.512759496,,,,,,,
2025-08-20,,,,,,,27.569999694824220,28.200000762939453,27.569999694824220,28.090000152587890,454100,,,,,27.680047988891600,,,,,,,,,,,,,,,,,,,,,,,,,,,,,,,,,,,,,,,,,,,,,,,,,,,,,,,,,,,,,,,,,,,,,,,,,,,,,,,,,,,,,,,,,,,,,,,,,,,,,,,,,,,,,,,,,,,,,,,,,,,,,,,,,,,,,,,,,,,,,0.1640183820689263,0.16089659215012558,0.17829492550625753,,,,,0.04625651650910507,,,,,,,,27.423489723780513,27.829642854035896,26.785023973045284,27.19663994658548,25.96652165501914,26.528386670722803,,,,,,,0.015064896575726997,,0.4548110065339124,0.43306962701197094,0.3716526333000529,0.33728913517687087,66.51578834426064,66.13158651593879,,27.410046005249022,27.81599998474121,26.534630457560223,26.92761902582078,25.95439853365459,26.548730153886098,,,26.097360916137696,24.2715389919281,1,12755669.069290160849000,20590822.00592283,,,,,,,
2025-08-21,,,,,,,27.639999389648438,27.879999160766600,27.250000000000000,27.290000915527344,482400,,,,,26.891723632812500,,,,,,,,,,,,,,,,,,,,,,,,,,,,,,,,,,,,,,,,,,,,,,,,,,,,,,,,,,,,,,,,,,,,,,,,,,,,,,,,,,,,,,,,,,,,,,,,,,,,,,,,,,,,,,,,,,,,,,,,,,,,,,,,,,,,,,,,,,,,,0.27393223740325023,0.19011630697561874,0.18849744981162025,,,,,0.04241864213526541,,,,,,,,27.246234360124507,27.649762207866377,26.79472394211503,27.205127307398378,25.99543421682518,26.552187115872943,,,,,,,-0.02889329682619212,,0.40411774753613017,0.3836515193038288,0.37814565614726836,0.3465616120022625,53.3443309715385,52.95582224615138,,27.325301361083984,27.730000305175782,26.58202380225772,26.97571427481515,25.985792432512557,26.572698411487398,,,26.11952194213867,24.290159616470337,1,13164696.441650390745600,20529627.402562942,,,,,,,
2025-08-22,,,,,,,27.450000762939453,27.739999771118164,27.389999389648438,27.520000457763672,363200,,,,,27.118366241455078,,,,,,,,,,,,,,,,,,,,,,,,,,,,,,,,,,,,,,,,,,,,,,,,,,,,,,,,,,,,,,,,,,,,,,,,,,,,,,,,,,,,,,,,,,,,,,,,,,,,,,,,,,,,,,,,,,,,,,,,,,,,,,,,,,,,,,,,,,,,,0.2863186515911932,0.19142646391661874,0.18878541000110516,,,,,-0.004336230840668642,,,,,,,,27.203611653901365,27.606508291165476,26.824145969327763,27.23375213924977,26.030525842594866,26.58243128280703,,,,,,,0.008392651798825184,,0.3778752285260367,0.358909073394031,0.378091570623022,0.3490311042806162,56.03954094899259,55.689193432719605,,27.295739364624023,27.700000381469728,26.63927123660133,27.033809571039107,26.01832946898445,26.59777777535575,,,26.145249443054198,24.311073694229126,1,9995264.166259765670400,20489244.353485107,,,,,,,
2025-08-25,,,,,,,27.420000076293945,27.700000762939453,27.209999084472656,27.250000000000000,400500,,,,,26.852306365966797,,,,,,,,,,,,,,,,,,,,,,,,,,,,,,,,,,,,,,,,,,,,,,,,,,,,,,,,,,,,,,,,,,,,,,,,,,,,,,,,,,,,,,,,,,,,,,,,,,,,,,,,,,,,,,,,,,,,,,,,,,,,,,,,,,,,,,,,,,,,,0.27442567829613124,0.18816851222955988,0.1821938098973721,,,,,0.01050025786294127,,,,,,,,27.086509891256508,27.487672194110317,26.82670600538586,27.23522921749979,26.05620648395024,26.603292805219308,,,,,,,-0.009859503983683625,,0.33178443036207383,0.3138953362539958,0.36883014257083235,0.3420039506752921,52.22543496646871,51.878513560822,,27.161724090576172,27.56400032043457,26.700272514706565,27.09571429661342,26.035445319281685,26.606984123351083,,,26.154638748168946,24.333488435745238,1,10913625.000000000000000,20300018.495305378,,,,,,,
2025-08-26,,,,,,,27.319999694824220,27.379999160766600,26.709999084472656,26.829999923706055,739800,,,,,26.438436508178710,,,,,,,,,,,,,,,,,,,,,,,,,,,,,,,,,,,,,,,,,,,,,,,,,,,,,,,,,,,,,,,,,,,,,,,,,,,,,,,,,,,,,,,,,,,,,,,,,,,,,,,,,,,,,,,,,,,,,,,,,,,,,,,,,,,,,,,,,,,,,0.2840400318949775,0.1952279277828584,0.1848180109659724,,,,,-0.017516960534555502,,,,,,,,26.870485430230577,27.26844810397556,26.791408778367025,27.19839019079127,26.06815117220738,26.61037740267202,,,,,,,-0.015532835783337631,,0.25887712769938176,0.24154672886152895,0.34683953959654223,0.3219125063125395,46.880311140365215,46.54322886384417,,26.996176147460936,27.39600028991699,26.750950586228143,27.14714286440895,26.047679204789418,26.611269844902885,,,26.15980953216553,24.355643815994263,1,19848833.943557739489000,20392396.94333152,,,,,,,
2025-08-27,,,,,,,26.760000228881836,27.159999847412110,26.760000228881836,27.059999465942383,476600,,,,,26.665079116821290,,,,,,,,,,,,,,,,,,,,,,,,,,,,,,,,,,,,,,,,,,,,,,,,,,,,,,,,,,,,,,,,,,,,,,,,,,,,,,,,,,,,,,,,,,,,,,,,,,,,,,,,,,,,,,,,,,,,,,,,,,,,,,,,,,,,,,,,,,,,,0.2556597070632499,0.1955453339805428,0.18048099049577848,,,,,-0.020494837031923598,,,,,,,,26.802016659094146,27.19896522463117,26.77992426368105,27.18580921580501,26.086805170476563,26.62442809214922,,,,,,,0.008535931458094724,,0.21688560718358119,0.20045821955737608,0.32084875311395006,0.2976216489615068,49.90402692795981,49.599999821691924,,26.793182373046875,27.190000152587892,26.803036281040736,27.199999945504324,26.071794025481694,26.627777765667627,,,26.171445960998536,24.381809787750242,1,12896795.745468139737800,20303288.489677794,,,,,,,
2025-08-28,,,,,,,27.040000915527344,27.500000000000000,27.040000915527344,27.500000000000000,514800,,,,,27.098657608032227,,,,,,,,,,,,,,,,,,,,,,,,,,,,,,,,,,,,,,,,,,,,,,,,,,,,,,,,,,,,,,,,,,,,,,,,,,,,,,,,,,,,,,,,,,,,,,,,,,,,,,,,,,,,,,,,,,,,,,,,,,,,,,,,,,,,,,,,,,,,,0.21447953844404752,0.20036959489542544,0.18300799821777952,,,,,0.029078858785769896,,,,,,,,26.90089697540684,27.299310149754113,26.80890002225843,27.214372014368188,26.11842555915018,26.651789714269555,,,,,,,0.016129380785406364,,0.21610209488536825,0.20108170108655443,0.2998994214682337,0.2783136593865163,55.16226194799071,54.9117153031611,,26.83456916809082,27.231999969482423,26.87999171302432,27.2780951545352,26.10279104444716,26.6512698218936,,,26.196779289245605,24.407637538909913,1,14157000.000000000000000,20381960.360124376,,,,,,,
2025-08-29,,,,,,,27.340000152587890,27.790000915527344,27.340000152587890,27.739999771118164,695500,,,,,27.335155487060547,,,,,,,,,,,,,,,,,,,,,,,,,,,,,,,,,,,,,,,,,,,,,,,,,,,,,,,,,,,,,,,,,,,,,,,,,,,,,,,,,,,,,,,,,,,,,,,,,,,,,,,,,,,,,,,,,,,,,,,,,,,,,,,,,,,,,,,,,,,,,0.21508699589495098,0.19645743866777574,0.18357388117946635,,,,,0.04664270609045943,,,,,,,,27.04564981262474,27.446206690208797,26.85674142814953,27.262156355890912,26.156448369397378,26.685796278546075,,,,,,,0.008689428635128607,,0.23189145770942332,0.2184239352959203,0.28629782871647164,0.2663357145683971,57.76626150936749,57.54030866201561,,26.877927017211913,27.27599983215332,26.949439366658527,27.348571323213122,26.137848808651878,26.678888865879603,,,26.23882598876953,24.43455496788025,1,19293169.840812683062000,20140509.087756325,,,,,,,
2025-09-02,,,,,,,27.680000305175780,27.754999160766600,27.319999694824220,27.459999084472656,498000,,,,,27.059240341186523,,,,,,,,,,,,,,,,,,,,,,,,,,,,,,,,,,,,,,,,,,,,,,,,,,,,,,,,,,,,,,,,,,,,,,,,,,,,,,,,,,,,,,,,,,,,,,,,,,,,,,,,,,,,,,,,,,,,,,,,,,,,,,,,,,,,,,,,,,,,,0.21605227431944352,0.20131323201235382,0.1847246083679792,,,,,0.0016833580259626294,,,,,,,,27.050179988812,27.450804154963418,26.875150420243802,27.280142058489254,26.18466061851579,26.709990116231282,,,,,,,-0.010145071313238198,,0.2196090783968998,0.20718575706320408,0.2729600786525572,0.2545057230673585,53.83784225439465,53.613271983495096,,26.919313812255858,27.317999649047852,27.001524970644997,27.4014284043085,26.170060960073318,26.703650762164404,,,26.274387969970704,24.45410599708557,1,13675079.544067382688000,20119211.62371257,,,,,,,
2025-09-03,,,,,,,27.370000839233400,27.659999847412110,27.298999786376953,27.440000534057617,424700,,,,,27.039533615112305,,,,,,,,,,,,,,,,,,,,,,,,,,,,,,,,,,,,,,,,,,,,,,,,,,,,,,,,,,,,,,,,,,,,,,,,,,,,,,,,,,,,,,,,,,,,,,,,,,,,,,,,,,,,,,,,,,,,,,,,,,,,,,,,,,,,,,,,,,,,,0.16089310819227592,0.2014186195067413,0.1775959395488018,,,,,0.011825330046828932,,,,,,,,27.04663119757877,27.447202947994818,26.89009434705003,27.294674647177285,26.21137539965943,26.732802941788353,,,,,,,-0.0007285461575081025,,0.20591141755755515,0.19442449935986517,0.25955034643355684,0.24248947832585985,53.557693268293605,53.33329951457941,,27.03953323364258,27.439999771118163,27.05267215910412,27.453333173479354,26.191375883798752,26.71714283171154,,,26.30201789855957,24.475600509643556,1,11653768.226814269939900,20021240.705054145,,,,,,,
2025-09-04,,,,,,,27.489999771118164,27.590000152587890,27.350000381469727,27.540000915527344,539300,,,,,27.138074874877930,,,,,,,,,,,,,,,,,,,,,,,,,,,,,,,,,,,,,,,,,,,,,,,,,,,,,,,,,,,,,,,,,,,,,,,,,,,,,,,,,,,,,,,,,,,,,,,,,,,,,,,,,,,,,,,,,,,,,,,,,,,,,,,,,,,,,,,,,,,,,0.15685218637997658,0.19707863465975545,0.17717295060024238,,,,,0.028025143215787664,,,,,,,,27.077112423345156,27.478135603838993,26.91263803139802,27.31697703520911,26.24033475826001,26.758027878467697,,,,,,,0.0036377156976200977,,0.20069390437347678,0.19018793758008457,0.24777905802154082,0.2320291701767048,54.82359896133219,54.60971980966202,,27.134132385253906,27.536000061035157,27.09161921909877,27.492857070196244,26.211186999366397,26.729047593616304,,,26.337030448913573,24.495638513565062,1,14852322.493743896619200,20033954.467173986,,,,,,,
2025-09-05,,,,,,,27.629999160766600,27.729000091552734,27.309999465942383,27.670000076293945,942300,,,,,27.266176223754883,,,,,,,,,,,,,,,,,,,,,,,,,,,,,,,,,,,,,,,,,,,,,,,,,,,,,,,,,,,,,,,,,,,,,,,,,,,,,,,,,,,,,,,,,,,,,,,,,,,,,,,,,,,,,,,,,,,,,,,,,,,,,,,,,,,,,,,,,,,,,0.11413469299548078,0.1954028544567988,0.1771819330115006,,,,,0.02036868244379815,,,,,,,,27.1401336901484,27.542090427990644,26.944777867066826,27.349070038944095,26.272392304056723,26.786527009649767,,,,,,,0.004709249113157673,,0.2045379101439586,0.19507161353935487,0.23913082844602437,0.2246376588492348,56.48416137713319,56.28371211635956,,27.167636108398437,27.570000076293944,27.124935331798735,27.52666664123535,26.2342586517334,26.744285704597594,,,26.38484893798828,24.51469270706177,1,26073441.071891784373500,20178513.985482473,,,,,,,
2025-09-08,,,,,,,27.719999313354492,28.049999237060547,27.655000686645508,27.870000839233400,1060300,,,,,27.463258743286133,,,,,,,,,,,,,,,,,,,,,,,,,,,,,,,,,,,,,,,,,,,,,,,,,,,,,,,,,,,,,,,,,,,,,,,,,,,,,,,,,,,,,,,,,,,,,,,,,,,,,,,,,,,,,,,,,,,,,,,,,,,,,,,,,,,,,,,,,,,,,0.10835485724879047,0.19501778783193713,0.17489319143364532,,,,,0.07034159162745689,,,,,,,,27.24784204119431,27.651393898404894,26.991912492177672,27.39642738442494,26.30960688028264,26.820385566824257,,,,,,,0.0072020977940620715,,0.22094036169148268,0.21262929387253848,0.23549273509511603,0.22223598585389553,58.982177633786534,58.80111018399518,,27.193256759643553,27.596000289916994,27.15731293814523,27.55952380952381,26.26628769768609,26.76873016357422,,,26.433903198242188,24.533386449813843,1,29550561.889839174020000,20486915.730231147,,,,,,,
2025-09-09,,,,,,,27.790000915527344,28.079999923706055,27.649999618530273,27.680000305175780,768600,,,,,27.276031494140625,,,,,,,,,,,,,,,,,,,,,,,,,,,,,,,,,,,,,,,,,,,,,,,,,,,,,,,,,,,,,,,,,,,,,,,,,,,,,,,,,,,,,,,,,,,,,,,,,,,,,,,,,,,,,,,,,,,,,,,,,,,,,,,,,,,,,,,,,,,,,0.08762345611428975,0.19541163876687687,0.17554718996716118,,,,,0.032931441372435075,,,,,,,,27.25723852550975,27.660929367328524,27.017741492356123,27.422206740856836,26.339807649465705,26.847248527397742,,,,,,,-0.006840716364693891,,0.21633793933458279,0.2088054476119119,0.23166177594300938,0.21954987820549882,55.710357060832756,55.52965165683494,,27.236614990234376,27.640000534057616,27.170920962379093,27.573333376929874,26.29381088983445,26.788571433415488,,,26.47824645996094,24.55165454864502,1,21274848.234558104508000,20591104.778877135,,,,,,,
2025-09-10,,,,,,,27.760000228881836,27.954999923706055,27.690000534057617,27.770000457763672,1006800,,,,,27.364717483520508,,,,,,,,,,,,,,,,,,,,,,,,,,,,,,,,,,,,,,,,,,,,,,,,,,,,,,,,,,,,,,,,,,,,,,,,,,,,,,,,,,,,,,,,,,,,,,,,,,,,,,,,,,,,,,,,,,,,,,,,,,,,,,,,,,,,,,,,,,,,,0.08549830424934883,0.18832397562111106,0.17478334225573,,,,,-0.0039694815108566,,,,,,,,27.29306484484667,27.697286397473572,27.04928476428016,27.45382435148473,26.371836081779914,26.876084525221675,,,,,,,0.003246151230229215,,0.21734132907005943,0.21060950675818546,0.2287976865684194,0.21776180391603614,56.929130436275145,56.75693672908119,,27.301651763916016,27.706000518798827,27.169044040498278,27.571428662254696,26.318906844608367,26.805873023139107,,,26.514903564453125,24.565539503097533,1,27958836.460876464969600,20514508.780240256,,,,,,,
2025-09-11,,,,,,,27.829999923706055,27.829999923706055,27.389999389648438,27.670000076293945,1045300,,,,,27.266176223754883,,,,,,,,,,,,,,,,,,,,,,,,,,,,,,,,,,,,,,,,,,,,,,,,,,,,,,,,,,,,,,,,,,,,,,,,,,,,,,,,,,,,,,,,,,,,,,,,,,,,,,,,,,,,,,,,,,,,,,,,,,,,,,,,,,,,,,,,,,,,,0.0939011104436157,0.18184757156476009,0.17500859573842,,,,,0.034823654010918206,,,,,,,,27.284101971149408,27.688190957080362,27.06900216968695,27.473476690103748,26.399784211216634,26.900894386192686,,,,,,,-0.003607532659597442,,0.2077897951314185,0.20164559666428516,0.22459610828101922,0.21453856246568595,55.1143129496245,54.94256226938038,,27.327272033691408,27.73200035095215,27.180775052025204,27.58333342415946,26.341671686323863,26.820793666536847,,,26.554122695922853,24.578467655181885,1,28923451.079750060708500,20420809.330655657,,,,,,,
2025-09-12,,,,,,,27.670000076293945,27.870000839233400,27.649999618530273,27.860000610351562,672400,,,,,27.453405380249023,,,,,,,,,,,,,,,,,,,,,,,,,,,,,,,,,,,,,,,,,,,,,,,,,,,,,,,,,,,,,,,,,,,,,,,,,,,,,,,,,,,,,,,,,,,,,,,,,,,,,,,,,,,,,,,,,,,,,,,,,,,,,,,,,,,,,,,,,,,,,0.10029921184148215,0.17383956146088153,0.17057270475626934,,,,,0.047759282152696286,,,,,,,,27.340536440849277,27.745460841504098,27.103947916101685,27.508615228308095,26.432709872748894,26.93086645569765,,,,,,,0.00684324995433619,,0.21287408392966967,0.20748137242249598,0.22225170341074932,0.21312712445704796,57.86286201082321,57.708837856038556,,27.364717864990233,27.770000457763672,27.17983663649786,27.582381112234934,26.358664769974965,26.829682577224006,,,26.587429428100585,24.592007083892824,1,18733064.410400390288800,20336956.23671214,,,,,,,
2025-09-15,,,,,,,27.840000152587890,28.270000457763672,27.745000839233400,28.239999771118164,725800,,,,,27.827857971191406,,,,,,,,,,,,,,,,,,,,,,,,,,,,,,,,,,,,,,,,,,,,,,,,,,,,,,,,,,,,,,,,,,,,,,,,,,,,,,,,,,,,,,,,,,,,,,,,,,,,,,,,,,,,,,,,,,,,,,,,,,,,,,,,,,,,,,,,,,,,,0.1294335737112024,0.1786291708585505,0.17164003226868257,,,,,0.10494847612087463,,,,,,,,27.502976950963323,27.910307151375452,27.16975792110984,27.57510473219992,26.476308250825223,26.97177687180454,,,,,,,0.013547386409642096,,0.24430244754843145,0.24000242468826372,0.22666185223828575,0.21850218450329112,62.772680384760605,62.648020384081164,,27.437637710571288,27.844000244140624,27.20423716590518,27.60714303879511,26.38482287573436,26.847936539422896,,,26.62842231750488,24.61011052131653,1,20496591.833877563431200,20106566.96110377,,,,,,,
2025-09-16,,,,,,,28.149999618530273,28.440000534057617,28.090000152587890,28.280000686645508,740300,,,,,27.867275238037110,,,,,,,,,,,,,,,,,,,,,,,,,,,,,,,,,,,,,,,,,,,,,,,,,,,,,,,,,,,,,,,,,,,,,,,,,,,,,,,,,,,,,,,,,,,,,,,,,,,,,,,,,,,,,,,,,,,,,,,,,,,,,,,,,,,,,,,,,,,,,0.10162843108629674,0.1783661947624992,0.17137936961383946,,,,,0.11658542910359265,,,,,,,,27.62440971332125,28.033538329798805,27.233168586285046,27.639186182604064,26.519775969175598,27.01265886601832,,,,,,,0.001415465630679356,,0.2692861332368821,0.2659377674492234,0.23518670843800502,0.22798930109247756,63.258010689068506,63.13608673764185,,27.555886459350585,27.96400032043457,27.232860928490048,27.63619068690709,26.413140614827473,26.868412744431268,,,26.67552474975586,24.630545873641967,1,20935684.508323669572400,20012994.353736393,,,,,,,
2025-09-17,,,,,,,28.299999237060547,28.370000839233400,28.159999847412110,28.350000381469727,1107500,,,,,27.936252593994140,,,,,,,,,,,,,,,,,,,,,,,,,,,,,,,,,,,,,,,,,,,,,,,,,,,,,,,,,,,,,,,,,,,,,,,,,,,,,,,,,,,,,,,,,,,,,,,,,,,,,,,,,,,,,,,,,,,,,,,,,,,,,,,,,,,,,,,,,,,,,0.1022752593997508,0.17590054584433917,0.17000474057172382,,,,,0.15752745317615893,,,,,,,,27.728357340212213,28.13902568035578,27.297085314258602,27.703805655228216,26.564040863701177,27.054450788376176,,,,,,,0.0024721516279198755,,0.29129392525447173,0.28881087184964116,0.24640815180129835,0.2401536152439103,64.13906359203251,64.02204371667581,,27.670193481445313,28.08000030517578,27.252569016956148,27.656190690540132,26.44654158940391,26.89412704346672,,,26.718882598876952,24.65387864112854,1,31397625.422477722652500,20109104.081617083,,,,,,,
2025-09-18,,,,,,,28.379999160766600,28.430000305175780,28.180000305175780,28.309999465942383,910800,,,,,27.896835327148438,,,,,,,,,,,,,,,,,,,,,,,,,,,,,,,,,,,,,,,,,,,,,,,,,,,,,,,,,,,,,,,,,,,,,,,,,,,,,,,,,,,,,,,,,,,,,,,,,,,,,,,,,,,,,,,,,,,,,,,,,,,,,,,,,,,,,,,,,,,,,0.09252846000243933,0.1722902342323258,0.16253279840243157,,,,,0.1754117632662202,,,,,,,,27.784516669190957,28.19601694221798,27.35160804270313,27.758914183474957,26.605690690683904,27.09368668455012,,,,,,,-0.0014119682382631507,,0.3020725111010165,0.3002491470289854,0.257541023661242,0.2521727216009253,63.20631534521415,63.08895486813465,,27.796325302124025,28.20800018310547,27.28260040283203,27.686666851951962,26.488827538868737,26.92904766022213,,,26.760269622802735,24.675807666778564,1,25784747.513580322436400,20059222.777448382,,,,,,,
2025-09-19,,,,,,,28.370000839233400,28.370000839233400,27.850000381469727,27.920000076293945,916100,,,,,27.512529373168945,,,,,,,,,,,,,,,,,,,,,,,,,,,,,,,,,,,,,,,,,,,,,,,,,,,,,,,,,,,,,,,,,,,,,,,,,,,,,,,,,,,,,,,,,,,,,,,,,,,,,,,,,,,,,,,,,,,,,,,,,,,,,,,,,,,,,,,,,,,,,0.1557684680374206,0.1718735240754079,0.16544636213404992,,,,,0.10582065122206981,,,,,,,,27.69385423718362,28.104011320243302,27.36623725456366,27.77355835554941,26.63402939951156,27.119508978042116,,,,,,,-0.013871738777326375,,0.27641796509523786,0.27467805351345476,0.26131641194804117,0.2566737879834312,54.83364100151831,54.71587065694768,,27.80815010070801,28.220000076293946,27.274623325892858,27.678571610223678,26.524246397472563,26.95698417179168,,,26.79495594024658,24.69247368812561,1,25577512.069892883014500,19891605.131109934,,,,,,,
2025-09-22,,,,,,,27.989999771118164,28.139999389648438,27.745000839233400,27.969999313354492,373500,,,,,27.561798095703125,,,,,,,,,,,,,,,,,,,,,,,,,,,,,,,,,,,,,,,,,,,,,,,,,,,,,,,,,,,,,,,,,,,,,,,,,,,,,,,,,,,,,,,,,,,,,,,,,,,,,,,,,,,,,,,,,,,,,,,,,,,,,,,,,,,,,,,,,,,,,0.10862051066555178,0.13682373141595938,0.1631762892361638,,,,,0.13830068066767953,,,,,,,,27.64983552335679,28.059340651280365,27.384015512849068,27.79141662444078,26.663022171267546,27.146086801020626,,,,,,,0.00178917248531181,,0.2570984557476237,0.25550202988630133,0.2604728207079577,0.25643943636400524,55.64483879416459,55.530718227078516,,27.75493812561035,28.165999984741212,27.306531633649552,27.710952486310685,26.554464824615962,26.97952385554238,,,26.829839286804198,24.715094413757324,1,10446794.743537902762000,19584036.569213867,,,,,,,
2025-09-23,,,,,,,27.979999542236328,28.500000000000000,27.920000076293945,28.149999618530273,591300,,,,,27.739171981811523,,,,,,,,,,,,,,,,,,,,,,,,,,,,,,,,,,,,,,,,,,,,,,,,,,,,,,,,,,,,,,,,,,,,,,,,,,,,,,,,,,,,,,,,,,,,,,,,,,,,,,,,,,,,,,,,,,,,,,,,,,,,,,,,,,,,,,,,,,,,,0.12312630610211912,0.13567533416477612,0.16174380308941527,,,,,0.13430780763716071,,,,,,,,27.6796143428417,28.089560307030336,27.416302464572926,27.82401507844892,26.696651852847047,27.177459076567803,,,,,,,0.006414878224153126,,0.25318167488565635,0.25192537441026275,0.25901459154349743,0.2555366239732567,58.532353025883516,58.43071462515054,,27.729317474365235,28.139999771118163,27.336093811761764,27.74095244634719,26.591793786911737,27.009365112062486,,,26.86058395385742,24.736281538009642,1,16645094.774436950424900,19436430.891790845,,,,,,,
2025-09-24,,,,,,,28.159999847412110,28.795000076293945,28.129999160766600,28.680000305175780,578800,,,,,28.261436462402344,,,,,,,,,,,,,,,,,,,,,,,,,,,,,,,,,,,,,,,,,,,,,,,,,,,,,,,,,,,,,,,,,,,,,,,,,,,,,,,,,,,,,,,,,,,,,,,,,,,,,,,,,,,,,,,,,,,,,,,,,,,,,,,,,,,,,,,,,,,,,0.18781374614952204,0.142494096182609,0.15919256481047397,,,,,0.17930752046223083,,,,,,,,27.873555049361915,28.286373639745484,27.493132828011966,27.90183191724227,26.745551371895647,27.224413489961805,,,,,,,0.01865264100677437,,0.2888898344866817,0.28853146407556807,0.2649896401321343,0.262135591993719,65.62770568183379,65.55377807329681,,27.794354248046876,28.205999755859374,27.403195244925364,27.80904769897461,26.645542750282893,27.056031787206255,,,26.898817710876465,24.760822534561157,1,16599984.176635741464000,19375925.564142257,,,,,,,
2025-09-25,,,,,,,28.469999313354492,29.090000152587890,28.340000152587890,28.540000915527344,399400,,,,,28.123481750488280,,,,,,,,,,,,,,,,,,,,,,,,,,,,,,,,,,,,,,,,,,,,,,,,,,,,,,,,,,,,,,,,,,,,,,,,,,,,,,,,,,,,,,,,,,,,,,,,,,,,,,,,,,,,,,,,,,,,,,,,,,,,,,,,,,,,,,,,,,,,,0.19369953109419213,0.12978965101832324,0.1596341118750967,,,,,0.20262239143680236,,,,,,,,27.956863949737368,28.370916065006103,27.55043727550981,27.95984728072273,26.788611696226667,27.265525597010726,,,,,,,-0.004893329335565925,,0.302569186676827,0.3027552985242856,0.2725055494410728,0.2702595332998323,62.581619927488745,62.506889744409854,,27.839683532714844,28.252000045776366,27.483435494559153,27.890476317632768,26.69495443313841,27.098254037281823,,,26.938233947753908,24.783467121124268,1,11398876.365661621193600,18974436.89042046,,,,,,,
2025-09-26,,,,,,,28.540000915527344,28.797000885009766,28.299999237060547,28.309999465942383,5553200,,,,,27.896835327148438,,,,,,,,,,,,,,,,,,,,,,,,,,,,,,,,,,,,,,,,,,,,,,,,,,,,,,,,,,,,,,,,,,,,,,,,,,,,,,,,,,,,,,,,,,,,,,,,,,,,,,,,,,,,,,,,,,,,,,,,,,,,,,,,,,,,,,,,,,,,,0.1670988646729791,0.1334885858488822,0.1608702676475298,,,,,-0.1261469651637164,,,,,,,,27.936854408874392,28.350610531984863,27.581928007476957,27.991679297560882,26.823243684692972,27.298165405414842,,,,,,,-0.008091623603346922,,0.2917584893892702,0.2921014315468575,0.2763561374307123,0.27462791294923733,57.832391383521475,57.75731303870193,,27.916544723510743,28.329999923706055,27.542090552193777,27.950000127156574,26.74000152708992,27.136031801738437,,,26.968387336730956,24.806788425445557,1,157211089.034271241275600,18951101.321638197,,,,,,,
2025-09-29,,,,,,,27.930000305175780,28.059999465942383,27.665000915527344,27.959999084472656,390000,,,,,27.551942825317383,,,,,,,,,,,,,,,,,,,,,,,,,,,,,,,,,,,,,,,,,,,,,,,,,,,,,,,,,,,,,,,,,,,,,,,,,,,,,,,,,,,,,,,,,,,,,,,,,,,,,,,,,,,,,,,,,,,,,,,,,,,,,,,,,,,,,,,,,,,,,0.1997325576523527,0.1324750548734514,0.15954795504136343,,,,,-0.1430985533686008,,,,,,,,27.80855054768872,28.220406716147462,27.57920208182609,27.988799278189223,26.846015532837487,27.318847707885396,,,,,,,-0.012440200171554967,,0.25245089462315917,0.2525053351761066,0.2715750888692017,0.2702033973946112,51.435633305556664,51.36161022986787,,27.914573669433594,28.327999877929688,27.56367556254069,27.9719048454648,26.77206629798526,27.16857147216797,,,26.989869117736816,24.833583145141603,1,10904399.642944335840000,18795829.19092027,,,,,,,
2025-09-30,,,,,,,27.799999237060547,28.360000610351562,27.799999237060547,28.290000915527344,794400,,,,,27.877128601074220,,,,,,,,,,,,,,,,,,,,,,,,,,,,,,,,,,,,,,,,,,,,,,,,,,,,,,,,,,,,,,,,,,,,,,,,,,,,,,,,,,,,,,,,,,,,,,,,,,,,,,,,,,,,,,,,,,,,,,,,,,,,,,,,,,,,,,,,,,,,,0.21369531131550876,0.1351548019997057,0.15956687659494267,,,,,-0.13965460309267738,,,,,,,,27.83140989881722,28.24360478260742,27.606286310848645,28.01618124521996,26.878237816219883,27.34919624562421,,,,,,,0.011733536147471484,,0.24471815838959543,0.24493013126405572,0.2662037027732804,0.2651487441685001,56.33920861831098,56.277669518995914,,27.942164993286134,28.3560001373291,27.58948380606515,27.99809537615095,26.812890249585347,27.21000005328466,,,27.023372917175294,24.861586084365843,1,22473576.727294922073600,18998391.105394516,,,,,,,
2025-10-01,,,,,,,28.229999542236328,28.290000915527344,27.629999160766600,27.979999542236328,779300,,,,,27.571651458740234,,,,,,,,,,,,,,,,,,,,,,,,,,,,,,,,,,,,,,,,,,,,,,,,,,,,,,,,,,,,,,,,,,,,,,,,,,,,,,,,,,,,,,,,,,,,,,,,,,,,,,,,,,,,,,,,,,,,,,,,,,,,,,,,,,,,,,,,,,,,,0.15495797431386177,0.13608761648682954,0.15754017346147328,,,,,-0.12666435570111656,,,,,,,,27.744823752124894,28.15573636915039,27.6031376879297,28.012891999494176,26.899906992548644,27.368908848643336,,,,,,,-0.011018465422544256,,0.21150238892195716,0.21147446159733363,0.25526344000301576,0.2544138876542668,51.11767504029916,51.05701128115374,,27.80420799255371,28.21599998474121,27.61388433547247,28.022857302711124,26.841201085892934,27.238730203537713,,,27.051555519104003,24.88583399772644,1,21804813.643264770410400,19062735.59097411,,,,,,,
2025-10-02,,,,,,,27.889999389648438,28.850000381469727,27.889999389648438,28.809999465942383,1040700,,,,,28.389539718627930,,,,,,,,,,,,,,,,,,,,,,,,,,,,,,,,,,,,,,,,,,,,,,,,,,,,,,,,,,,,,,,,,,,,,,,,,,,,,,,,,,,,,,,,,,,,,,,,,,,,,,,,,,,,,,,,,,,,,,,,,,,,,,,,,,,,,,,,,,,,,0.28795177128748495,0.1675331847803014,0.16727072811117843,,,,,-0.07293245081911762,,,,,,,,27.95972907429257,28.373824068081056,27.67462878162954,28.085356314625834,26.946458015238623,27.413942930433933,,,,,,,0.029232633741496247,,0.24831300179252125,0.2490636093438674,0.25387335236091685,0.2533438319921869,61.42588474627117,61.38553589912575,,27.857419586181642,28.269999694824218,27.678170340401785,28.08809534708659,26.88265070839534,27.28079368954613,,,27.101417045593262,24.914821090698243,1,29982566.444206237988100,19457719.4397669,,,,,,,
2025-10-03,,,,,,,28.809999465942383,29.180000305175780,28.770000457763672,29.049999237060547,668200,,,,,28.626035690307617,,,,,,,,,,,,,,,,,,,,,,,,,,,,,,,,,,,,,,,,,,,,,,,,,,,,,,,,,,,,,,,,,,,,,,,,,,,,,,,,,,,,,,,,,,,,,,,,,,,,,,,,,,,,,,,,,,,,,,,,,,,,,,,,,,,,,,,,,,,,,0.27541775175058325,0.1687673768151905,0.16603249692186356,,,,,-0.07581562731281122,,,,,,,,28.18183127963092,28.59921579107422,27.76112031878209,28.17305112575626,26.99894481758453,27.465069690016016,,,,,,,0.008295884986512594,,0.2931892232719093,0.29482074548127457,0.26173652654311536,0.26163921469000445,63.80283660657313,63.76661678395971,,28.003259658813477,28.41799964904785,27.74902561732701,28.16000002906436,26.932077407836914,27.33095241728283,,,27.15561435699463,24.945779619216918,1,19411209.490203857505400,19566357.595107667,,,,,,,
2025-10-06,,,,,,,29.059999465942383,29.190000534057617,28.850000381469727,28.930000305175780,930300,,,,,28.507787704467773,,,,,,,,,,,,,,,,,,,,,,,,,,,,,,,,,,,,,,,,,,,,,,,,,,,,,,,,,,,,,,,,,,,,,,,,,,,,,,,,,,,,,,,,,,,,,,,,,,,,,,,,,,,,,,,,,,,,,,,,,,,,,,,,,,,,,,,,,,,,,0.2468173566575547,0.17011379218455502,0.16561311183177765,,,,,-0.13140624262286585,,,,,,,,28.290483421243206,28.70947729577474,27.828999172026244,28.241864687521673,27.04609615779963,27.510848771739756,24.52030144797431,25.573015894208634,,,,,-0.004139339804461442,,0.31557458056601106,0.3177380086239765,0.2725041373476945,0.2728589734767989,61.753831646922194,61.71742242068296,,28.194428634643554,28.611999893188475,27.808149973551433,28.220000039963494,26.975560385083394,27.37507941230895,24.52030144797431,25.573015894208634,27.214344520568847,24.978328151702883,1,26913579.283905028134000,19835162.982877094,,,,,,,
2025-10-07,,,,,,,28.870000839233400,28.895000457763672,28.280000686645508,28.629999160766600,843900,,,,,28.212165832519530,,,,,,,,,,,,,,,,,,,,,,,,,,,,,,,,,,,,,,,,,,,,,,,,,,,,,,,,,,,,,,,,,,,,,,,,,,,,,,,,,,,,,,,,,,,,,,,,,,,,,,,,,,,,,,,,,,,,,,,,,,,,,,,,,,,,,,,,,,,,,0.2682303828466934,0.1743838295552694,0.16734197723257566,0.324117658764107,,,,-0.1316826429805017,,,,,,,,28.264377558335312,28.68298458410536,27.86383250479836,28.277149639634846,27.082535835134628,27.545822221396847,24.549486146666368,25.5971817698336,,,,,-0.010424005323060903,,0.305934302842541,0.3081404681290749,0.2791901704466638,0.27991527240725406,56.83933019415008,56.802804396309405,,28.26143608093262,28.679999542236327,27.84381221589588,28.25619043622698,27.013412475585938,27.413492111932662,24.550153951796275,25.59817461740403,27.271103897094726,25.010930080413818,1,24160856.291770933740000,20049967.771178957,,,,,,,
2025-10-08,,,,,,,28.590000152587890,28.780000686645508,28.229999542236328,28.430000305175780,751100,,,,,28.015085220336914,,,,,,,,,,,,,,,,,,,,,,,,,,,,,,,,,,,,,,,,,,,,,,,,,,,,,,,,,,,,,,,,,,,,,,,,,,,,,,,,,,,,,,,,,,,,,,,,,,,,,,,,,,,,,,,,,,,,,,,,,,,,,,,,,,,,,,,,,,,,,0.25687690295425303,0.17448423361458562,0.1680616061393966,0.3240455859529212,,,,-0.10986603437637069,,,,,,,,28.18128011233585,28.598656491128832,27.877582751665503,28.291045154684024,27.1116780034222,27.573452786514938,24.576882186774437,25.619575592247372,,,,,-0.007010174446679127,,0.2791734175820366,0.281155130621503,0.27918681987373833,0.28016324405010384,53.76729779214098,53.73098235263417,,28.35012283325195,28.769999694824218,27.879005250476656,28.29190472194127,27.048918375893244,27.4495238652305,24.579997880118235,25.62337303161621,27.319980010986328,25.04519196510315,1,21353773.229217528358000,20070719.602070156,,,,,,,
2025-10-09,,,,,,,28.489999771118164,28.930000305175780,27.440000534057617,27.549999237060547,1036900,,,,,27.147928237915040,,,,,,,,,,,,,,,,,,,,,,,,,,,,,,,,,,,,,,,,,,,,,,,,,,,,,,,,,,,,,,,,,,,,,,,,,,,,,,,,,,,,,,,,,,,,,,,,,,,,,,,,,,,,,,,,,,,,,,,,,,,,,,,,,,,,,,,,,,,,,0.22900125248579922,0.2077487082239238,0.18038117804161768,0.3252732723589021,,,,-0.1329640693516465,,,,,,,,27.83682948752891,28.24910407310607,27.811250523142732,28.22367734399098,27.1128108232501,27.572719863094488,24.59720666148701,25.634835858214274,,,,,-0.03144238749388581,,0.18585053261115547,0.1866092096975862,0.26051956242122176,0.2614524371796003,42.80483416132112,42.77087552159295,,28.101800537109376,28.51799964904785,27.868681953066872,28.281428473336355,27.07003420875186,27.47095241243877,24.604964226011244,25.643531761472186,27.35328670501709,25.072240667343138,1,28566594.208908081184300,20227681.72373696,,,,,,,
2025-10-10,,,,,,,27.600000381469727,27.759000778198242,27.180000305175780,27.260000228881836,792500,,,,,26.862161636352540,,,,,,,,,,,,,,,,,,,,,,,,,,,,,,,,,,,,,,,,,,,,,,,,,,,,,,,,,,,,,,,,,,,,,,,,,,,,,,,,,,,,,,,,,,,,,,,,,,,,,,,,,,,,,,,,,,,,,,,,,,,,,,,,,,,,,,,,,,,,,0.17145202810891638,0.21050116652713216,0.1795217088114846,0.32219591311388895,,,,-0.1762822656152018,,,,,,,,27.511940203803455,27.919402791697994,27.724969715252715,28.13607033352651,27.10497803615955,27.562947374525343,24.615111443897014,25.647683007389514,,,,,-0.010582069717202786,,0.08782016126874126,0.08727434553271252,0.22597968219072567,0.22661681885022278,39.91654093033706,39.88363641302319,,27.749025726318358,28.15999984741211,27.849443163190568,28.261904671078636,27.08051393902491,27.481587334284708,24.624818627796476,25.658253987630207,27.372994842529298,25.096189794540404,1,21603550.181388855030000,20050148.72362954,,,,,,,
2025-10-13,,,,,,,27.600000381469727,28.979999542236328,27.069999694824220,27.559999465942383,378200,,,,,27.157781600952150,,,,,,,,,,,,,,,,,,,,,,,,,,,,,,,,,,,,,,,,,,,,,,,,,,,,,,,,,,,,,,,,,,,,,,,,,,,,,,,,,,,,,,,,,,,,,,,,,,,,,,,,,,,,,,,,,,,,,,,,,,,,,,,,,,,,,,,,,,,,,0.2391054665862875,0.2128225675140328,0.18046444111941407,0.32155244567564506,,,,-0.21801585720939629,,,,,,,,27.393887336186353,27.79960168311279,27.67340715940721,28.083700254655227,27.10662814755932,27.562855252382125,24.635211603241324,25.66280013354408,,,,,0.010944954694656393,,0.033597159116464326,0.032384868638764885,0.1875031775758734,0.18777042880793118,44.11734538642707,44.08842944792146,,27.479024505615236,27.88599967956543,27.835365840366908,28.247618902297248,27.093339859493195,27.49460320245652,24.64378347850981,25.671944459279377,27.396841621398927,25.122034702301026,1,10423191.798019409250600,20033000.214049928,,,,,,,
2025-10-14,,,,,,,27.329999923706055,27.357000350952150,27.020000457763672,27.049999237060547,1448300,,,,,26.655223846435547,,,,,,,,,,,,,,,,,,,,,,,,,,,,,,,,,,,,,,,,,,,,,,,,,,,,,,,,,,,,,,,,,,,,,,,,,,,,,,,,,,,,,,,,,,,,,,,,,,,,,,,,,,,,,,,,,,,,,,,,,,,,,,,,,,,,,,,,,,,,,0.2477007364442202,0.215255945235112,0.1838256457089717,0.31886268938308726,,,,-0.2977214347769432,,,,,,,,27.147666172936084,27.549734201095376,27.58084504004615,27.989727434873892,27.0925217631492,27.546828501903324,24.65118007947211,25.673766134362392,,,,,-0.01867847229514887,,-0.049358200868741875,-0.051672544549504096,0.14013090188695035,0.13988183413644414,39.11107611543288,39.08368067084763,,27.167636108398437,27.56999969482422,27.77952612014044,28.190952210199264,27.101316906156995,27.502698413909428,24.664658349657817,25.687817475152393,27.410637245178222,25.144252996444703,1,39176513.895034790220100,20319097.565881032,,,,,,,
2025-10-15,,,,,,,27.149999618530273,27.399999618530273,26.840000152587890,26.899999618530273,819300,,,,,26.507413864135742,,,,,,,,,,,,,,,,,,,,,,,,,,,,,,,,,,,,,,,,,,,,,,,,,,,,,,,,,,,,,,,,,,,,,,,,,,,,,,,,,,,,,,,,,,,,,,,,,,,,,,,,,,,,,,,,,,,,,,,,,,,,,,,,,,,,,,,,,,,,,0.2495091492060992,0.21519729602907517,0.18333095933000781,0.3188977323359861,,,,-0.330117307780525,,,,,,,,26.934248736669304,27.333156006907007,27.483260387690656,27.890661269751746,27.07423714130503,27.526615099297917,24.66585386433111,25.683459679691783,,,,,-0.005560685832651344,,-0.12558033960620918,-0.12890641283276238,0.08698865358831845,0.08612418474260283,37.75410234996631,37.72719069735375,,26.866101837158205,27.26399955749512,27.714770816621325,28.12523787362235,27.103193858313183,27.50460315885998,24.68450466791789,25.70261906063746,27.414381790161134,25.164293546676635,1,22039169.687461852668900,20378298.886801705,,,,,,,
2025-10-16,,,,,,,26.979999542236328,26.979999542236328,26.409999847412110,26.469999313354492,897700,,,,,26.083688735961914,,,,,,,,,,,,,,,,,,,,,,,,,,,,,,,,,,,,,,,,,,,,,,,,,,,,,,,,,,,,,,,,,,,,,,,,,,,,,,,,,,,,,,,,,,,,,,,,,,,,,,,,,,,,,,,,,,,,,,,,,,,,,,,,,,,,,,,,,,,,,0.18638189960337184,0.2195031232330181,0.18602875622081433,0.3186337138791065,,,,-0.41026101027554934,,,,,,,,26.650728736433507,27.04543710905617,27.356026601169862,27.76151018280654,27.04328250363806,27.493595855987184,24.677062045134512,25.689677384305718,,,,,-0.016114296003025576,,-0.21766885921659807,-0.22225027799369457,0.02605715102733514,0.02444929219534335,34.10143989113569,34.076011256021,,26.653253936767577,27.047999572753906,27.626553490048362,28.03571401323591,27.096937270391557,27.498253928290474,24.704400683206224,25.717579372345455,27.404724807739257,25.18569619178772,1,23762118.383598327468400,20460673.074159168,,,,,,,
2025-10-17,,,,,,,26.409999847412110,26.540000915527344,26.100000381469727,26.250000000000000,1006500,,,,,25.866901397705078,,,,,,,,,,,,,,,,,,,,,,,,,,,,,,,,,,,,,,,,,,,,,,,,,,,,,,,,,,,,,,,,,,,,,,,,,,,,,,,,,,,,,,,,,,,,,,,,,,,,,,,,,,,,,,,,,,,,,,,,,,,,,,,,,,,,,,,,,,,,,0.18510049191711075,0.22007810940755962,0.18560074099574805,0.3152016630339437,,,,-0.42538357023358075,,,,,,,,26.389452956857365,26.780291406037446,27.220651582673064,27.624100166187763,27.006520594077653,27.454733485487587,24.686467889818868,25.69410681209777,,,,,-0.008345953185770364,,-0.30463100430828405,-0.3103999719572492,-0.040080480039788695,-0.04252056063517516,32.3756109727315,32.35095576139196,,26.454201889038085,26.84599952697754,27.529889969598678,27.937618800571986,27.09161921909877,27.492857100471618,24.719311154077925,25.727222230699326,27.386396255493164,25.203740825653075,1,26420625.000000000000000,20586165.2629489,,,,,,,
2025-10-20,,,,,,,26.239999771118164,26.309999465942383,26.040000915527344,26.120000839233400,1416800,,,,,25.738798141479492,,,,,,,,,,,,,,,,,,,,,,,,,,,,,,,,,,,,,,,,,,,,,,,,,,,,,,,,,,,,,,,,,,,,,,,,,,,,,,,,,,,,,,,,,,,,,,,,,,,,,,,,,,,,,,,,,,,,,,,,,,,,,,,,,,,,,,,,,,,,,0.09971065689244776,0.2169799213870338,0.18582811937511065,0.31451782143415385,,,,-0.41118007235651144,,,,,,,,26.172568018398074,26.560194550436098,27.085937633473648,27.487363863737368,26.96690426743396,27.413023090292143,24.694786706037526,25.69747356330042,,,,,-0.004964704305786252,,-0.3795112238447409,-0.38629610430372097,-0.10796662880077913,-0.11127566936888432,31.365456982364993,31.34129571363249,,26.170405197143555,26.55799980163574,27.445426577613468,27.851904551188152,27.08489345368885,27.486031729077535,24.731761130075608,25.734246042039658,27.361366958618163,25.220718364715577,1,37006817.189025881120000,20978032.208076354,,,,,,,
2025-10-21,,,,,,,26.200000762939453,26.329999923706055,25.815000534057617,26.069999694824220,643700,,,,,25.689527511596680,,,,,,,,,,,,,,,,,,,,,,,,,,,,,,,,,,,,,,,,,,,,,,,,,,,,,,,,,,,,,,,,,,,,,,,,,,,,,,,,,,,,,,,,,,,,,,,,,,,,,,,,,,,,,,,,,,,,,,,,,,,,,,,,,,,,,,,,,,,,,0.08556744949333109,0.21629069067439757,0.18475769102948375,0.314508861472171,,,,-0.408751589851912,,,,,,,,26.011554516130943,26.396796265232137,26.95899125875756,27.358512575654355,26.926986243814046,27.37105360918377,24.702650269717836,25.70041843390535,,,,,-0.0019160897941546489,,-0.4377835688984888,-0.44534534653028146,-0.17393001682032108,-0.17808960480116376,30.96527531879692,30.94130422430741,,25.977265930175783,26.361999893188475,27.35627083551316,27.761428378877184,27.081608757140145,27.482698380001008,24.744273420364138,25.741349212707036,27.327074851989746,25.235411443710326,1,16781258.803558350414000,20959534.530848548,,,,,,,
2025-10-22,,,,,,,25.989999771118164,26.459999084472656,25.989999771118164,26.399999618530273,636300,,,,,26.014711380004883,,,,,,,,,,,,,,,,,,,,,,,,,,,,,,,,,,,,,,,,,,,,,,,,,,,,,,,,,,,,,,,,,,,,,,,,,,,,,,,,,,,,,,,,,,,,,,,,,,,,,,,,,,,,,,,,,,,,,,,,,,,,,,,,,,,,,,,,,,,,,0.1675242769214466,0.22080387019926148,0.18649232452930223,0.3099094758871127,,,,-0.38056722083999617,,,,,,,,26.01260680408892,26.39786404966485,26.87314763341641,27.27137503409762,26.89847765432001,27.340708171975848,24.713022294305087,25.705948719949816,,,,,0.01257878127878311,,-0.45250896006303876,-0.46020905696450853,-0.22964580546886462,-0.23451349523383272,36.705114766978234,36.68460672128926,,25.878725433349608,26.261999893188477,27.274153663998558,27.678095045543852,27.083172904120552,27.484285687643386,24.75299319009932,25.74428571973528,27.306972579956053,25.25078248977661,1,16798319.757270812709900,20888866.600272767,,,,,,,
2025-10-23,,,,,,,26.590000152587890,26.690000534057617,26.270000457763672,26.329999923706055,494400,,,,,25.945734024047850,,,,,,,,,,,,,,,,,,,,,,,,,,,,,,,,,,,,,,,,,,,,,,,,,,,,,,,,,,,,,,,,,,,,,,,,,,,,,,,,,,,,,,,,,,,,,,,,,,,,,,,,,,,,,,,,,,,,,,,,,,,,,,,,,,,,,,,,,,,,,0.12739851017997494,0.206266423529914,0.1845692414774764,0.3097442117526457,,,,-0.4157347870051003,,,,,,,,25.990315877408566,26.37524267434525,26.788837305291995,27.185795478607478,26.868704415874003,27.309123539217417,24.722767051061947,25.710881931046703,,,,,-0.0026549963511332056,,-0.46439161731886713,-0.4721938877241456,-0.2765949678388651,-0.28204957373189526,36.02096725599122,36.000662317952724,,25.851134490966796,26.23400001525879,27.163882119315012,27.566190265473864,27.089116626315647,27.490317420353964,24.760407909514413,25.74583333636087,27.276425018310547,25.268368129730224,1,13017551.962280273592000,20836900.59207129,,,,,,,
2025-10-24,,,,,,,26.370000839233400,26.500000000000000,25.979999542236328,26.129999160766600,424500,,,,,25.748651504516600,,,,,,,,,,,,,,,,,,,,,,,,,,,,,,,,,,,,,,,,,,,,,,,,,,,,,,,,,,,,,,,,,,,,,,,,,,,,,,,,,,,,,,,,,,,,,,,,,,,,,,,,,,,,,,,,,,,,,,,,,,,,,,,,,,,,,,,,,,,,,0.12487885832624873,0.20662038810055566,0.18454970896586106,0.30978565870119057,,,,-0.414942749546669,,,,,,,,25.909761086444576,26.2934948364857,26.694274959766958,27.089813995167397,26.833702762394086,27.272275902390827,24.73087680958728,25.714195110728284,,,,,-0.007624946979327763,,-0.48413086182870657,-0.4921570622834288,-0.3181021466368334,-0.324071071442202,34.06714458408671,34.04748293018261,,25.8274845123291,26.20999984741211,27.05079496474493,27.451428277151926,27.095060348510742,27.496349153064546,24.76759305832878,25.74718253574674,27.245089111328124,25.28501576423645,1,11092184.643745421700000,20906738.046733916,,,,,,,
2025-10-27,,,,,,,26.129999160766600,26.184999465942383,25.920000076293945,26.069999694824220,319800,,,,,25.689527511596680,,,,,,,,,,,,,,,,,,,,,,,,,,,,,,,,,,,,,,,,,,,,,,,,,,,,,,,,,,,,,,,,,,,,,,,,,,,,,,,,,,,,,,,,,,,,,,,,,,,,,,,,,,,,,,,,,,,,,,,,,,,,,,,,,,,,,,,,,,,,,0.12080185925869505,0.20622009165507577,0.18398162417881125,0.3061642419321657,,,,-0.2211292789765465,,,,,,,,25.83634989482861,26.218996455931872,26.60293428266057,26.99710360422711,26.797947285806668,27.234704770904372,24.738455076006325,25.71700779518754,,,,,-0.0022988379483222274,,-0.49879536494736243,-0.5069753808049562,-0.35424079029893923,-0.3606519333147528,33.480437632021015,33.46097929972668,,25.81763038635254,26.199999618530274,26.945685068766277,27.344761621384393,27.09693730066693,27.498253898015097,24.77888985285683,25.752976182907346,27.21355613708496,25.303121490478517,1,8337185.902404785556000,20875795.27847956,,,,,,,
2025-10-28,,,,,,,26.020000457763672,26.239999771118164,25.739999771118164,25.799999237060547,897100,,,,,25.423467636108400,,,,,,,,,,,,,,,,,,,,,,,,,,,,,,,,,,,,,,,,,,,,,,,,,,,,,,,,,,,,,,,,,,,,,,,,,,,,,,,,,,,,,,,,,,,,,,,,,,,,,,,,,,,,,,,,,,,,,,,,,,,,,,,,,,,,,,,,,,,,,0.1409630757534017,0.20528194321358076,0.1850452133766454,0.30632991003187,,,,-0.26591176457571003,,,,,,,,25.698722475255206,26.0793307163081,26.495710042064918,26.888275934484692,26.754994796753596,27.189870222971752,24.743870195058516,25.717663854016575,,,,,-0.010410748881416612,,-0.5258245199659122,-0.5343461753564718,-0.3885575362323338,-0.3953907817230966,30.90136553660341,30.88284906557202,,25.764418411254884,26.14599952697754,26.844329107375373,27.24190448579334,27.095998794313463,27.49730149526445,24.789462362016952,25.758055543142653,27.171577835083006,25.317337436676027,1,23145179.315567016713700,21126152.31247251,,,,,,,
2025-10-29,,,,,,,25.799999237060547,26.079999923706055,25.715000152587890,26.010000228881836,781200,,,,,25.630403518676758,,,,,,,,,,,,,,,,,,,,,,,,,,,,,,,,,,,,,,,,,,,,,,,,,,,,,,,,,,,,,,,,,,,,,,,,,,,,,,,,,,,,,,,,,,,,,,,,,,,,,,,,,,,,,,,,,,,,,,,,,,,,,,,,,,,,,,,,,,,,,0.11232662119854486,0.20217857704958556,0.18315474594752687,0.30503821658798463,,,,-0.2728354255965795,,,,,,,,25.675949489729057,26.056220553832677,26.417045812665993,26.8084326885208,26.719851319313694,27.152999285656442,24.75087836362467,25.71997481350168,,,,,0.00810661409827892,,-0.5245012004169851,-0.5329488990865165,-0.41574626906926404,-0.4229024051957806,35.0895706411207,35.07303084076739,,25.68755683898926,26.067999649047852,26.737342198689777,27.133333024524507,27.09208845713782,27.49333324129619,24.803397519247874,25.76670633800446,27.138862380981447,25.335289726257326,1,20319012.178802490283200,21237762.662678674,,,,,,,
2025-10-30,,,,,,,25.940000534057617,26.079999923706055,25.819999694824220,25.829999923706055,531500,,,,,25.453029632568360,,,,,,,,,,,,,,,,,,,,,,,,,,,,,,,,,,,,,,,,,,,,,,,,,,,,,,,,,,,,,,,,,,,,,,,,,,,,,,,,,,,,,,,,,,,,,,,,,,,,,,,,,,,,,,,,,,,,,,,,,,,,,,,,,,,,,,,,,,,,,0.1156322345534121,0.20088537543025417,0.1835057739353813,0.30498308784288863,,,,-0.30896262425857174,,,,,,,,25.60164287067549,25.980813677123802,26.329407978111664,26.71948425535582,26.680263141602904,27.111655555595494,24.75642896654122,25.720844577218706,,,,,-0.0069445058017587645,,-0.5316366737315406,-0.540139673942182,-0.43892435000171937,-0.4463498589450609,33.230345860537284,33.214331558307244,,25.58901596069336,25.96799964904785,26.636455445062545,27.03095209030878,27.083954917060005,27.485079265776136,24.815744816310822,25.77369046589685,27.09432201385498,25.351644191741944,1,13728644.959449768232500,21276372.183248732,,,,,,,
2025-10-31,,,,,,,25.829999923706055,26.075000762939453,25.799999237060547,25.930000305175780,700400,,,,,25.551570892333984,,,,,,,,,,,,,,,,,,,,,,,,,,,,,,,,,,,,,,,,,,,,,,,,,,,,,,,,,,,,,,,,,,,,,,,,,,,,,,,,,,,,,,,,,,,,,,,,,,,,,,,,,,,,,,,,,,,,,,,,,,,,,,,,,,,,,,,,,,,,,0.12056666202832583,0.16418179834442104,0.18369547975845754,0.3045310415239473,,,,-0.3757962736284321,,,,,,,,25.584952211228323,25.96387588647446,26.25869551576824,26.647712987157636,26.64499150881325,27.07472882901988,24.762714673464483,25.722497982182794,,,,,0.0038640193770182562,,-0.5233077654498928,-0.5316407956184932,-0.45580103309135406,-0.46340804627974735,35.28194456889475,35.26679780542581,,25.549599838256835,25.927999877929686,26.50131407238188,26.893809273129417,27.077385523962597,27.47841259789845,24.829919625842383,25.78261903732542,27.06751895904541,25.37062424659729,1,18161372.213745116312000,21462426.661352128,,,,,,,
2025-11-03,,,,,,,26.000000000000000,26.000000000000000,25.430000305175780,25.620000839233400,974900,,,,,25.246095657348633,,,,,,,,,,,,,,,,,,,,,,,,,,,,,,,,,,,,,,,,,,,,,,,,,,,,,,,,,,,,,,,,,,,,,,,,,,,,,,,,,,,,,,,,,,,,,,,,,,,,,,,,,,,,,,,,,,,,,,,,,,,,,,,,,,,,,,,,,,,,,0.14226923123716564,0.15841331752244164,0.18299786884549193,0.3036977357874665,,,,-0.402950797022215,,,,,,,,25.47200002660176,25.84925087072744,26.16664098318464,26.554284610073616,26.60127601345498,27.02926857933905,24.766535867012973,25.721687728088334,,,,,-0.012027281492038886,,-0.5351870410633879,-0.5436528478261842,-0.4716782346857608,-0.47945700658903473,31.999488601641268,31.985197004050168,,25.460913467407227,25.838000106811524,26.340364547002885,26.73047601609003,27.06033646114289,27.46111103845021,24.840561768365284,25.7878174554734,27.03007354736328,25.38679720878601,1,24976938.818168641660000,21712532.17141893,,,,,,,
2025-11-04,,,,,,,25.360000610351562,25.403999328613280,25.014999389648438,25.260000228881836,540400,,,,,24.891349792480470,,,,,,,,,,,,,,,,,,,,,,,,,,,,,,,,,,,,,,,,,,,,,,,,,,,,,,,,,,,,,,,,,,,,,,,,,,,,,,,,,,,,,,,,,,,,,,,,,,,,,,,,,,,,,,,,,,,,,,,,,,,,,,,,,,,,,,,,,,,,,0.15559871875092576,0.16072474222319777,0.18381430666156226,0.3029258348141304,,,,-0.37382914631068975,,,,,,,,25.27844994856133,25.65283399011224,26.05070542039335,26.436622393601635,26.547840819049526,26.973978943387262,24.76752253836054,25.718038024537293,,,,,-0.014151171111893153,,-0.5666939836439155,-0.5755865231984174,-0.49068138447739174,-0.49868290991091124,28.664345706056007,28.651032846270112,,25.354489898681642,25.730000305175782,26.16815321786063,26.55571410769508,27.0337461744036,27.434126929631308,24.847402050381614,25.789007936205184,26.990854415893555,25.396930627822876,1,13650504.123687744174400,21602134.978139967,,,,,,,
2025-11-05,,,,,,,25.299999237060547,25.760000228881836,25.299999237060547,25.629999160766600,768100,,,,,25.255949020385742,,,,,,,,,,,,,,,,,,,,,,,,,,,,,,,,,,,,,,,,,,,,,,,,,,,,,,,,,,,,,,,,,,,,,,,,,,,,,,,,,,,,,,,,,,,,,,,,,,,,,,,,,,,,,,,,,,,,,,,,,,,,,,,,,,,,,,,,,,,,,0.19052693805902599,0.17554980873705897,0.18555304958976745,0.3030810653587002,,,,-0.36220617365150726,,,,,,,,25.270949639169466,25.64522238033036,25.978454838574475,26.36329300879845,26.507469200341284,26.931979575180367,24.771383617269834,25.7173420651399,,,,,0.014541387516991779,,-0.555836020378166,-0.5645308096422852,-0.5037123116575466,-0.511852489857186,36.04247320966591,36.0315332221262,,25.279598999023438,25.654000091552735,26.027380988711403,26.412856964837935,27.00950204758417,27.40952373686291,24.8566099802653,25.79265873015873,26.967204666137697,25.405616607666015,1,19686402.355384825460000,21474948.693130128,,,,,,,
2025-11-06,,,,,,,25.559999465942383,25.950000762939453,25.559999465942383,25.739999771118164,933100,,,,,25.364343643188477,,,,,,,,,,,,,,,,,,,,,,,,,,,,,,,,,,,,,,,,,,,,,,,,,,,,,,,,,,,,,,,,,,,,,,,,,,,,,,,,,,,,,,,,,,,,,,,,,,,,,,,,,,,,,,,,,,,,,,,,,,,,,,,,,,,,,,,,,,,,,0.19233693749679193,0.17847450065015488,0.18503269240987655,0.3020320433857403,,,,-0.3501034766049775,,,,,,,,25.30208097384247,25.676814843926294,25.92262654808484,26.30662998719115,26.47174652668026,26.89473020630342,24.776071048304765,25.717521177440123,,,,,0.004282661469262476,,-0.5323478909819563,-0.5406605487979839,-0.5094394275224285,-0.5176141016453456,38.09249960741513,38.08219015237666,,25.26186180114746,25.636000061035155,25.90115519932338,26.284761701311385,26.98369380405971,27.383333266727508,24.868494843679763,25.799166664244638,26.94118995666504,25.41522374153137,1,24017993.786430358828400,21573200.17223661,,,,,,,
2025-11-07,,,,,,,25.780000686645508,26.000000000000000,25.430000305175780,25.989999771118164,1529900,,,,,25.610694885253906,,,,,,,,,,,,,,,,,,,,,,,,,,,,,,,,,,,,,,,,,,,,,,,,,,,,,,,,,,,,,,,,,,,,,,,,,,,,,,,,,,,,,,,,,,,,,,,,,,,,,,,,,,,,,,,,,,,,,,,,,,,,,,,,,,,,,,,,,,,,,0.20499954015621244,0.1564065817790894,0.183382316120241,0.30169721082871204,,,,-0.20055040138521957,,,,,,,,25.40495227764628,25.78120981965692,25.89426912419112,26.277845422093606,26.444838662885683,26.866457380203883,24.782668865197643,25.719675158417814,,,,,0.009665638991655432,,-0.4882269168346127,-0.49585438376272606,-0.5051969253848654,-0.5132621580688217,42.59591773202754,42.58690807778504,,25.273686599731445,25.647999954223632,25.827953611101425,26.210476012456986,26.95522653488886,27.35444438268268,24.882793789818173,25.80821428601704,26.911430702209472,25.429427871704103,1,39762100.649833679103600,21713917.493556794,,,,,,,
2025-11-10,,,,,,,25.979999542236328,26.250000000000000,25.870000839233400,26.239999771118164,1031200,,,,,25.857046127319336,,,,,,,,,,,,,,,,,,,,,,,,,,,,,,,,,,,,,,,,,,,,,,,,,,,,,,,,,,,,,,,,,,,,,,,,,,,,,,,,,,,,,,,,,,,,,,,,,,,,,,,,,,,,,,,,,,,,,,,,,,,,,,,,,,,,,,,,,,,,,0.17761804431065278,0.15928866994570665,0.18265153313411187,0.3005986567521237,,,,-0.10748159985089614,,,,,,,,25.5556502275373,25.934139803477333,25.890885215384593,26.274404908368567,26.426470146149235,26.846880579919954,24.79116196608398,25.723788396462876,,,,,0.00957310807151937,,-0.4284434116047251,-0.4351560563560426,-0.4898462226288373,-0.4976409377262659,46.766250783040334,46.75836784725603,,25.395876693725587,25.771999740600585,25.78009096781413,26.161904562087287,26.936769727676634,27.33571421910846,24.900353953951882,25.82071428450327,26.88186851501465,25.443347034454344,1,27058687.763977050716800,21940468.949563164,,,,,,,
2025-11-11,,,,,,,26.270000457763672,26.420000076293945,26.204999923706055,26.270000457763672,805700,,,,,25.886610031127930,,,,,,,,,,,,,,,,,,,,,,,,,,,,,,,,,,,,,,,,,,,,,,,,,,,,,,,,,,,,,,,,,,,,,,,,,,,,,,,,,,,,,,,,,,,,,,,,,,,,,,,,,,,,,,,,,,,,,,,,,,,,,,,,,,,,,,,,,,,,,0.08277365067771954,0.15288468356422266,0.17927200523669437,0.29975866696477593,,,,-0.11250584328840187,,,,,,,,25.66597016206751,26.046093354906112,25.89049656227035,26.274004503768122,26.40959951755482,26.828853076102572,24.79982163458235,25.72810627837039,,,,,0.0011427065352727836,,-0.374363562911622,-0.3802481261898407,-0.46674969068539424,-0.4741623754189808,47.26141374608909,47.25364178242928,,25.594928741455078,25.973999786376954,25.71955898829869,26.1004760378883,26.911587155054487,27.31015868414016,24.916042456551203,25.831190480126274,26.858415908813477,25.45992609024048,1,21165739.368820190530400,22005466.027066063,,,,,,,
2025-11-12,,,,,,,26.350000381469727,26.760000228881836,26.235000610351562,26.649999618530273,676600,,,,,26.261062622070312,,,,,,,,,,,,,,,,,,,,,,,,,,,,,,,,,,,,,,,,,,,,,,,,,,,,,,,,,,,,,,,,,,,,,,,,,,,,,,,,,,,,,,,,,,,,,,,,,,,,,,,,,,,,,,,,,,,,,,,,,,,,,,,,,,,,,,,,,,,,,0.08186103337576608,0.1510701858579608,0.1815775891136346,0.3000717218706622,,,,-0.023570446491334888,,,,,,,,25.864334315401777,26.24739544278083,25.92418438588853,26.308185877837406,26.40495773957093,26.823263905553436,24.811372946736405,25.735393972759006,,,,,0.014361485674934003,,-0.2978561977018366,-0.3025824572384721,-0.4329709920886827,-0.4398463917828791,53.199315972118434,53.19301851631424,,25.795951461791994,26.177999877929686,25.700789406186058,26.081428437005904,26.89485089741056,27.293174562000093,24.93314322214278,25.843095242031037,26.842846488952638,25.478377408981324,1,18031389.741897582711800,22118582.56693946,,,,,,,
2025-11-13,,,,,,,26.579999923706055,26.700000762939453,25.940000534057617,26.100000381469727,623500,,,,,25.719089508056640,,,,,,,,,,,,,,,,,,,,,,,,,,,,,,,,,,,,,,,,,,,,,,,,,,,,,,,,,,,,,,,,,,,,,,,,,,,,,,,,,,,,,,,,,,,,,,,,,,,,,,,,,,,,,,,,,,,,,,,,,,,,,,,,,,,,,,,,,,,,,0.222940495697988,0.16582636269475037,0.18602310705161476,0.29619520597544924,,,,-0.006848088180831973,,,,,,,,25.815919379620066,26.198263755677132,25.905539396994723,26.289259923622165,26.383524357336107,26.80066192042582,24.818548571727078,25.738276236859488,,,,,-0.020853834891820945,,-0.2777544796644662,-0.28215963629008556,-0.4019276896038394,-0.4083090406843204,45.256863932000826,45.25084735069494,,25.866900634765624,26.25,25.663250151134672,26.043333235241118,26.87029396541535,27.268253931923518,24.943341853126647,25.847698416028702,26.81446678161621,25.490137453079225,1,16273350.237846374784500,22227954.840145413,,,,,,,
2025-11-14,,,,,,,26.350000381469727,27.479999542236328,26.340000152587890,27.420000076293945,943300,,,,,27.019824981689453,,,,,,,,,,,,,,,,,,,,,,,,,,,,,,,,,,,,,,,,,,,,,,,,,,,,,,,,,,,,,,,,,,,,,,,,,,,,,,,,,,,,,,,,,,,,,,,,,,,,,,,,,,,,,,,,,,,,,,,,,,,,,,,,,,,,,,,,,,,,,0.40429439753064,0.23387612653494355,0.21057311341067544,0.29963827864697584,,,,0.08626539495990802,,,,,,,,26.21722124697653,26.605509195882735,26.006838086512424,26.392054482955963,26.40340875184715,26.8200162377967,24.835949966272235,25.75157049645976,,,,,0.04933735655997063,,-0.15507760319536956,-0.15764423526146842,-0.35255767232214547,-0.35817607959975,60.499170532343534,60.49575505393676,,26.148726654052734,26.536000061035157,25.707828067597887,26.088571366809663,26.8623168582008,27.260158690195237,24.96032278121464,25.85928571791876,26.809539756774903,25.51015488624573,1,25865286.071968078318500,22412547.93405684,,,,,,,
2025-11-17,,,,,,,27.530000686645508,27.850000381469727,27.510000228881836,27.600000381469727,718600,,,,,27.197198867797850,,,,,,,,,,,,,,,,,,,,,,,,,,,,,,,,,,,,,,,,,,,,,,,,,,,,,,,,,,,,,,,,,,,,,,,,,,,,,,,,,,,,,,,,,,,,,,,,,,,,,,,,,,,,,,,,,,,,,,,,,,,,,,,,,,,,,,,,,,,,,0.40540293078588685,0.23150986685430353,0.21019280608944985,0.29924895109007504,,,,0.08668783128217693,,,,,,,,26.54388045391697,26.937006257745065,26.115052702992916,26.501867746457215,26.42821469297061,26.844390742286482,24.85461596549378,25.766182590412406,,,,,0.006543130047838979,,-0.043046491363977424,-0.04393391968073246,-0.29065543613051187,-0.2953276476159465,62.05087210386464,62.04767693215217,,26.41675720214844,26.80800018310547,25.771175566173735,26.152857099260604,26.861221979534815,27.259047583928183,24.976460577949645,25.869920639764693,26.804218559265138,25.532860317230224,1,19833360.274124145822200,22538416.604553707,,,,,,,
2025-11-18,,,,,,,27.600000381469727,28.004999160766600,27.520000457763672,27.909999847412110,1159100,,,,,27.502674102783203,,,,,,,,,,,,,,,,,,,,,,,,,,,,,,,,,,,,,,,,,,,,,,,,,,,,,,,,,,,,,,,,,,,,,,,,,,,,,,,,,,,,,,,,,,,,,,,,,,,,,,,,,,,,,,,,,,,,,,,,,,,,,,,,,,,,,,,,,,,,,0.39761084808120517,0.23179950038477884,0.2091969753635398,0.29913783003245503,,,,0.16754991265185484,,,,,,,,26.86347833687238,27.261337454300747,26.241200102973853,26.62987975563493,26.461791549527252,26.87769102682166,24.87554923140121,25.7831297624045,,,,,0.011169254848911635,,0.06958612487157367,0.07038533248397272,-0.21860712393009474,-0.22218505159596263,64.62798140875498,64.62514418489776,,26.739970016479493,27.136000061035155,25.85516965956915,26.238095147269114,26.85840652102516,27.25619043622698,24.99252143738762,25.880396827818856,26.80875141143799,25.558041067123412,1,32350480.823135376701000,22849445.36255125,,,,,,,
2025-11-19,,,,,,,27.739999771118164,28.079999923706055,27.469999313354492,27.969999313354492,973300,,,,,27.561798095703125,,,,,,,,,,,,,,,,,,,,,,,,,,,,,,,,,,,,,,,,,,,,,,,,,,,,,,,,,,,,,,,,,,,,,,,,,,,,,,,,,,,,,,,,,,,,,,,,,,,,,,,,,,,,,,,,,,,,,,,,,,,,,,,,,,,,,,,,,,,,,0.402679159672057,0.23110545416497633,0.20087944995982907,0.29894607868063117,,,,0.20237358161671756,,,,,,,,27.09625158981596,27.497558073985328,26.36125446594924,26.75170880633671,26.49616675409525,26.911825660775808,24.896784400288972,25.80041726873612,,,,,0.002147446921049069,,0.16175449172925838,0.16393586827242146,-0.14253480079822411,-0.14496086762228583,65.12167679551126,65.11890433078415,,27.000117111206055,27.4,25.944325401669456,26.328571319580078,26.869042623610724,27.266984061589316,25.007748770335365,25.88996031927684,26.81269302368164,25.578303689956666,1,27223200.331687927063600,23072596.21794867,,,,,,,
2025-11-20,,,,,,,27.979999542236328,28.110000610351562,26.989999771118164,27.059999465942383,1188500,,,,,26.665079116821290,,,,,,,,,,,,,,,,,,,,,,,,,,,,,,,,,,,,,,,,,,,,,,,,,,,,,,,,,,,,,,,,,,,,,,,,,,,,,,,,,,,,,,,,,,,,,,,,,,,,,,,,,,,,,,,,,,,,,,,,,,,,,,,,,,,,,,,,,,,,,0.4654923551653015,0.26039213771923775,0.21102996948128638,0.30079813851136994,,,,0.1068389926337319,,,,,,,,26.952527432151072,27.351705204637682,26.38887488875579,26.779735229937227,26.501445265430437,26.916456092187264,24.91076301464891,25.810374440255536,,,,,-0.0330758758528662,,0.16058968121716788,0.16276965215046957,-0.08190990439514571,-0.08341476366773475,53.03200388762727,53.02921432522292,,27.189315032958984,27.591999816894532,25.97529529389881,26.35999988374256,26.861847589886377,27.259682458544535,25.019822847275506,25.896349203018914,26.80067108154297,25.592423801422118,1,32160809.365272522195500,23424430.26872665,,,,,,,
2025-11-21,,,,,,,27.069999694824220,27.424999237060547,27.069999694824220,27.409999847412110,674800,,,,,27.009971618652344,,,,,,,,,,,,,,,,,,,,,,,,,,,,,,,,,,,,,,,,,,,,,,,,,,,,,,,,,,,,,,,,,,,,,,,,,,,,,,,,,,,,,,,,,,,,,,,,,,,,,,,,,,,,,,,,,,,,,,,,,,,,,,,,,,,,,,,,,,,,,0.30028839349190395,0.2630446307541208,0.21172136622730817,0.29842609342262144,,,,0.16218180212344502,,,,,,,,26.971675494318163,27.371136752229155,26.445338227837297,26.837032013344032,26.51733671396862,26.931879334538042,24.92735754906791,25.823019700391164,,,,,0.012851305917718787,,0.18535979072023068,0.18792128360064453,-0.028455965372070437,-0.02914755421405889,56.38574481727686,56.38329006355201,,27.187344360351563,27.589999771118165,26.02597327459426,26.411428451538086,26.864350212944878,27.262222138662185,25.029434930710565,25.89999999697246,26.791802406311035,25.61087523460388,1,18496267.897033691828000,23544789.67979068,,,,,,,
2025-11-24,,,,,,,27.469999313354492,27.469999313354492,27.155000686645508,27.319999694824220,643100,,,,,26.921283721923828,,,,,,,,,,,,,,,,,,,,,,,,,,,,,,,,,,,,,,,,,,,,,,,,,,,,,,,,,,,,,,,,,,,,,,,,,,,,,,,,,,,,,,,,,,,,,,,,,,,,,,,,,,,,,,,,,,,,,,,,,,,,,,,,,,,,,,,,,,,,,0.2947015405097776,0.26148760235316254,0.20945247743164896,0.29842892705990953,,,,0.17221773549115102,,,,,,,,26.954878236853386,27.35409106642751,26.48860600002698,26.88093816620587,26.529960057967223,26.944008095796985,24.943119811303927,25.83485353433925,,,,,-0.003288926842643585,,0.19557939140986846,0.19830592531556235,0.01635110598431734,0.01634314169186536,55.292397391841966,55.28996138850539,,27.132161331176757,27.533999633789062,26.081812903994607,26.468095143636067,26.872014454432897,27.26999991280692,25.038326747833736,25.902896820552765,26.773670921325685,25.62831446647644,1,17569491.803741455882000,23508609.64582534,,,,,,,
2025-11-25,,,,,,,27.399999618530273,27.469999313354492,27.200000762939453,27.280000686645508,483600,,,,,26.881870269775390,,,,,,,,,,,,,,,,,,,,,,,,,,,,,,,,,,,,,,,,,,,,,,,,,,,,,,,,,,,,,,,,,,,,,,,,,,,,,,,,,,,,,,,,,,,,,,,,,,,,,,,,,,,,,,,,,,,,,,,,,,,,,,,,,,,,,,,,,,,,,0.27178488524731786,0.261325949493583,0.2088056935941008,0.2984255483964146,,,,0.15700159073029074,,,,,,,,26.930542247827386,27.329394273166844,26.524357297276836,26.917216577154928,26.540957252086226,26.954507864261,24.958445901884726,25.846277622499773,,,,,-0.0014650984663331153,,0.1982132830447796,0.20099133996324525,0.05272354139640979,0.053272781346141336,54.78399525237392,54.78153836542034,,27.008000564575195,27.407999801635743,26.138591130574543,26.5257142384847,26.875455583844865,27.273491995675222,25.046804329705616,25.905357141343373,26.75396282196045,25.645177450180054,1,13192608.332061767668800,23513305.08370778,,,,,,,
2025-11-26,,,,,,,27.370000839233400,27.370000839233400,26.847999572753906,26.940000534057617,617800,,,,,26.546831130981445,,,,,,,,,,,,,,,,,,,,,,,,,,,,,,,,,,,,,,,,,,,,,,,,,,,,,,,,,,,,,,,,,,,,,,,,,,,,,,,,,,,,,,,,,,,,,,,,,,,,,,,,,,,,,,,,,,,,,,,,,,,,,,,,,,,,,,,,,,,,,0.2689163382674586,0.2627181312408477,0.2077466072267659,0.2978647394366189,,,,0.17582500939867446,,,,,,,,26.802638542212073,27.199596360130435,26.526400373068164,26.919287845964263,26.541140810801704,26.954054510192144,24.971002306857823,25.854923653421178,,,,,-0.012541705923838808,,0.17129126361798086,0.1736822784128158,0.076437085840724,0.07735468075947623,50.53063239914399,50.528223590008736,,26.80500717163086,27.202000045776366,26.192084630330402,26.58000001453218,26.866696433415488,27.26460311526344,25.056088697342645,25.908769842178103,26.726174392700194,25.65870632171631,1,16643532.329940795782600,23552773.850849696,,,,,,,
2025-11-28,,,,,,,27.069999694824220,27.579999923706055,27.049999237060547,27.559999465942383,496100,,,,,27.157781600952150,,,,,,,,,,,,,,,,,,,,,,,,,,,,,,,,,,,,,,,,,,,,,,,,,,,,,,,,,,,,,,,,,,,,,,,,,,,,,,,,,,,,,,,,,,,,,,,,,,,,,,,,,,,,,,,,,,,,,,,,,,,,,,,,,,,,,,,,,,,,,0.22253789583330505,0.27171172982611796,0.21208623346482755,0.29814237848446756,,,,0.1774250699403346,,,,,,,,26.921019561792097,27.319730728734417,26.583798666512163,26.977534356871363,26.560410835493904,26.97299029005934,24.988289099696512,25.868402513599214,,,,,0.022753234650724777,,0.19698326578987846,0.19976560904743934,0.1005463218305549,0.10183686641706885,57.075215665379694,57.07333394544613,,26.90354766845703,27.302000045776367,26.264816919962566,26.653809502011253,26.863880974905832,27.261745967562238,25.069491779993452,25.91646824942695,26.71139331817627,25.676143102645874,1,13672515.735054016206300,23463557.11901226,,,,,,,
2025-12-01,,,,,,,27.489999771118164,27.895000457763672,27.489999771118164,27.629999160766600,706100,,,,,27.226758956909180,,,,,,,,,,,,,,,,,,,,,,,,,,,,,,,,,,,,,,,,,,,,,,,,,,,,,,,,,,,,,,,,,,,,,,,,,,,,,,,,,,,,,,,,,,,,,,,,,,,,,,,,,,,,,,,,,,,,,,,,,,,,,,,,,,,,,,,,,,,,,0.20722480230708992,0.26942194123171387,0.21116029632799133,0.2973121559631122,,,,0.19148718343558144,,,,,,,,27.022932693497793,27.42315353941181,26.6422496020028,27.03684933904366,26.58123421428813,26.99352181726894,25.005984513587524,25.88232817879421,,,,,0.0025366544329095907,,0.22036997092067523,0.22350875703435946,0.12451105164857897,0.12617124454052697,57.754745906297906,57.75292245764539,,26.9469051361084,27.345999908447265,26.349280221121653,26.73952375139509,26.866540000552224,27.264444381471666,25.085194398486426,25.9266269774664,26.705677909851076,25.693261184692382,1,19509542.407417296260000,23556167.64065273,,,,,,,
2025-12-02,,,,,,,27.639999389648438,27.670000076293945,27.319999694824220,27.469999313354492,425800,,,,,27.069095611572266,,,,,,,,,,,,,,,,,,,,,,,,,,,,,,,,,,,,,,,,,,,,,,,,,,,,,,,,,,,,,,,,,,,,,,,,,,,,,,,,,,,,,,,,,,,,,,,,,,,,,,,,,,,,,,,,,,,,,,,,,,,,,,,,,,,,,,,,,,,,,0.2116907398498193,0.27120240363707787,0.21148518098502028,0.29722154292740777,,,,0.1932582156330288,,,,,,,,27.03832033285595,27.438768797392704,26.681053784690935,27.07622660943555,26.59647988295326,27.008411739021614,25.02229369222772,25.89487893875121,,,,,-0.005807581065950028,,0.22360441638464224,0.22680030957204522,0.14432972459579163,0.14629705754683062,55.588563635578566,55.586724904021594,,26.976467514038085,27.37599983215332,26.42154330299014,26.812857037498837,26.86700923859127,27.264920552571613,25.099313705686537,25.935119038536435,26.695823860168456,25.711155080795287,1,11696725.707626342693600,23556849.50542753,,,,,,,
2025-12-03,,,,,,,27.610000610351562,27.680000305175780,27.020000457763672,27.069999694824220,543200,,,,,26.674932479858400,,,,,,,,,,,,,,,,,,,,,,,,,,,,,,,,,,,,,,,,,,,,,,,,,,,,,,,,,,,,,,,,,,,,,,,,,,,,,,,,,,,,,,,,,,,,,,,,,,,,,,,,,,,,,,,,,,,,,,,,,,,,,,,,,,,,,,,,,,,,,0.240537508803728,0.273162595616395,0.21337218519760254,0.2963252160139155,,,,0.1900726325666637,,,,,,,,26.917191048523435,27.31584576320321,26.68049730243343,27.075660526289067,26.598931526606545,27.010336362640444,25.035358030469858,25.904168430894078,,,,,-0.014668427846683478,,0.19214711481502533,0.19488574088466137,0.15389320263963835,0.15601479421439676,50.490055533288526,50.488262591152676,,26.935079956054686,27.333999633789062,26.48958315168108,26.88190460205078,26.859657772003658,27.25746021573506,25.109216909559947,25.939166659400577,26.674539070129395,25.727457342147826,1,14704423.834228516304000,23554501.90765744,,,,,,,
2025-12-04,,,,,,,27.059999465942383,27.549999237060547,27.059999465942383,27.459999084472656,941100,,,,,27.059240341186523,,,,,,,,,,,,,,,,,,,,,,,,,,,,,,,,,,,,,,,,,,,,,,,,,,,,,,,,,,,,,,,,,,,,,,,,,,,,,,,,,,,,,,,,,,,,,,,,,,,,,,,,,,,,,,,,,,,,,,,,,,,,,,,,,,,,,,,,,,,,,0.23871834017941665,0.2688996306050169,0.21513849771809565,0.2925757667008388,,,,0.21251687923250373,,,,,,,,26.964540812744463,27.363896870293026,26.71492848777462,27.11060039521485,26.61331617706217,27.024388322697703,25.05135710011979,25.91646748744411,,,,,0.014304283251392507,,0.19596840748249988,0.1987715914760777,0.16230824360821067,0.16456615366673297,54.83923111251446,54.83770115200313,,27.0375617980957,27.43799934387207,26.5928160349528,26.98666645231701,26.856373075454954,27.254126866658527,25.125175589606876,25.949642847454736,26.65049514770508,25.745728549957274,1,25842605.138397216561600,23550837.84522102,,,,,,,
2025-12-05,,,,,,,27.520000457763672,27.920000076293945,27.520000457763672,27.739999771118164,557000,,,,,27.335155487060547,,,,,,,,,,,,,,,,,,,,,,,,,,,,,,,,,,,,,,,,,,,,,,,,,,,,,,,,,,,,,,,,,,,,,,,,,,,,,,,,,,,,,,,,,,,,,,,,,,,,,,,,,,,,,,,,,,,,,,,,,,,,,,,,,,,,,,,,,,,,,0.18688556575306123,0.2671488302637345,0.21562562500459334,0.2920902481695874,,,,0.19851728078472694,,,,,,,,27.08807903751649,27.489264503901406,26.771312760436977,27.16781852029697,26.63587365549962,27.04675118046084,25.069410842309047,25.930882762413862,,,,,0.010145071313238174,,0.21873936457109622,0.2218870951023142,0.17359446780078777,0.1760303419538492,57.71145444630054,57.71008018667298,,27.07303657531738,27.473999404907225,26.69182586669922,27.08714267185756,26.854339690435502,27.252063357640825,25.14038752752637,25.959246022360666,26.634728622436523,25.76135051727295,1,15451179.872512817348000,23327038.130660284,,,,,,,
2025-12-08,,,,,,,27.680000305175780,27.819999694824220,27.364999771118164,27.370000839233400,557900,,,,,26.970556259155273,,,,,,,,,,,,,,,,,,,,,,,,,,,,,,,,,,,,,,,,,,,,,,,,,,,,,,,,,,,,,,,,,,,,,,,,,,,,,,,,,,,,,,,,,,,,,,,,,,,,,,,,,,,,,,,,,,,,,,,,,,,,,,,,,,,,,,,,,,,,,0.21280954370771007,0.2736830452378375,0.21686470084358123,0.2923452210482725,,,,0.17401010554310778,,,,,,,,27.048904778062752,27.44950994901207,26.789425805775004,27.18619873110937,26.64633248686386,27.056852732297486,25.084439659833524,25.942259189898603,,,,,-0.013427858488272288,,0.2050022630318722,0.2079533202420052,0.17987602684700466,0.1824149376114804,52.92167670873333,52.92031537635575,,27.021796035766602,27.421999740600587,26.768312181745255,27.16476177033924,26.849490877181765,27.247142731197297,25.154741968427384,25.968015867566304,26.61620304107666,25.775813064575196,1,15269723.468208313860000,23231718.68992457,,,,,,,
2025-12-09,,,,,,,27.340000152587890,27.760000228881836,27.329999923706055,27.450000762939453,628500,,,,,27.049388885498047,,,,,,,,,,,,,,,,,,,,,,,,,,,,,,,,,,,,,,,,,,,,,,,,,,,,,,,,,,,,,,,,,,,,,,,,,,,,,,,,,,,,,,,,,,,,,,,,,,,,,,,,,,,,,,,,,,,,,,,,,,,,,,,,,,,,,,,,,,,,,0.21170571200733537,0.2725846822885584,0.2168446666687043,0.2921923984943938,,,,0.07026907417488723,,,,,,,,27.04906614720785,27.44967355365453,26.813058813022554,27.210180734003014,26.65892799932118,27.069138608255045,25.099972855293323,25.954178095614342,,,,,0.002918650957276359,,0.19819201107227613,0.2010484669548731,0.18353922369205897,0.18614164348015894,53.814234654460506,53.81291530488724,,27.017854690551758,27.41800003051758,26.83682141985212,27.234285627092635,26.844485661340137,27.24206337096199,25.168451589251323,25.976071425846644,26.606151962280272,25.79166512489319,1,17252325.479507446210500,23061774.071172684,,,,,,,
2025-12-10,,,,,,,27.459999084472656,27.489999771118164,27.030000686645508,27.180000305175780,1087900,,,,,26.783329010009766,,,,,,,,,,,,,,,,,,,,,,,,,,,,,,,,,,,,,,,,,,,,,,,,,,,,,,,,,,,,,,,,,,,,,,,,,,,,,,,,,,,,,,,,,,,,,,,,,,,,,,,,,,,,,,,,,,,,,,,,,,,,,,,,,,,,,,,,,,,,,0.19292268886918476,0.27464122725230994,0.21760956201140622,0.29193887271719055,,,,-0.017703588832160336,,,,,,,,26.960487101475156,27.359782470828282,26.810356103657757,27.207437058655085,26.662815530905196,27.07260303628382,25.113280018571714,25.96386838976107,,,,,-0.009884770906972113,,0.16937359555419107,0.17180903294016403,0.18070609806448537,0.18327512137215995,50.345028590872666,50.34372398196124,,27.03953399658203,27.440000152587892,26.880930128551665,27.279047557285853,26.83682141985212,27.23428559681726,25.182541885073224,25.984603170364622,26.584275970458986,25.80320083618164,1,29569122.332000731062000,23072022.82120841,,,,,,,
2025-12-11,,,,,,,27.040000915527344,27.530000686645508,27.000000000000000,27.479999542236328,372200,,,,,27.078948974609375,,,,,,,,,,,,,,,,,,,,,,,,,,,,,,,,,,,,,,,,,,,,,,,,,,,,,,,,,,,,,,,,,,,,,,,,,,,,,,,,,,,,,,,,,,,,,,,,,,,,,,,,,,,,,,,,,,,,,,,,,,,,,,,,,,,,,,,,,,,,,0.17922126667860905,0.27650713050912656,0.2183157323924486,0.28838881400462313,,,,0.023102541409330133,,,,,,,,26.999974392519896,27.399854827964297,26.83477363738063,27.23221546625338,26.675819701020952,27.085334177094836,25.12881890359968,25.975853616262853,,,,,0.010976993325712064,,0.16844710085076642,0.17087426984013376,0.17825429862174158,0.18079495106575472,53.90103978139483,53.89990518997793,,27.043475723266603,27.444000244140625,26.937708173479354,27.336666561308363,26.83087766738165,27.228253833831303,25.201930575900608,25.998769835820273,26.574421920776366,25.812944202423097,1,10228055.829620361281600,22937022.685005553,,,,,,,
2025-12-12,,,,,,,27.479999542236328,27.569999694824220,27.110000610351562,27.229999542236328,511100,,,,,26.832597732543945,,,,,,,,,,,,,,,,,,,,,,,,,,,,,,,,,,,,,,,,,,,,,,,,,,,,,,,,,,,,,,,,,,,,,,,,,,,,,,,,,,,,,,,,,,,,,,,,,,,,,,,,,,,,,,,,,,,,,,,,,,,,,,,,,,,,,,,,,,,,,0.16299167061458064,0.2754057976734005,0.2172138793048064,0.2885438896341722,,,,-0.01956287548248923,,,,,,,,26.944182172527913,27.343236399388307,26.83457582785002,27.232014018615466,26.680719014506046,27.089854969755507,25.142287510943113,25.985767813306122,,,,,-0.00913915373605133,,0.146149638672199,0.14825160051857011,0.17183336663183307,0.1742862809563178,50.64603583282674,50.644911897239076,,26.942964172363283,27.342000198364257,26.964924131120956,27.364285605294363,26.815079885815816,27.212222084166513,25.220010167076474,26.011587294321213,26.54328308105469,25.82107663154602,1,13917252.766036987240800,22832588.731547765,,,,,,,
2025-12-15,,,,,,,27.940000534057617,28.159999847412110,27.579999923706055,28.049999237060547,1241400,,,,,27.640630722045900,,,,,,,,,,,,,,,,,,,,,,,,,,,,,,,,,,,,,,,,,,,,,,,,,,,,,,,,,,,,,,,,,,,,,,,,,,,,,,,,,,,,,,,,,,,,,,,,,,,,,,,,,,,,,,,,,,,,,,,,,,,,,,,,,,,,,,,,,,,,,0.25964194767969506,0.2803985564158645,0.22546145775608364,0.28936591632378605,,,,0.0543578620332578,,,,,,,,27.17633168903391,27.57882401194572,26.907853545504192,27.306376311201383,26.710716255366666,27.11985947810879,25.16203725964748,26.00208584827651,,,,,0.029669336129253498,,0.19147306617151827,0.19425089108715454,0.1757613065397701,0.17827920298248515,59.322909553252295,59.322099578484476,,27.076979064941405,27.477999877929687,27.056426093691872,27.457142693655832,26.811482353815958,27.208571267506432,25.23952826999483,26.025753959776864,26.523574981689453,25.833059635162353,1,34821269.052886963045800,23052994.83542972,,,,,,,
2025-12-16,,,,,,,28.030000686645508,28.110000610351562,27.344999313354492,27.399999618530273,1181400,,,,,27.000116348266600,,,,,,,,,,,,,,,,,,,,,,,,,,,,,,,,,,,,,,,,,,,,,,,,,,,,,,,,,,,,,,,,,,,,,,,,,,,,,,,,,,,,,,,,,,,,,,,,,,,,,,,,,,,,,,,,,,,,,,,,,,,,,,,,,,,,,,,,,,,,,0.33023460173276453,0.24081867531511444,0.2301556824118782,0.29030655855163295,,,,-0.06458879336965512,,,,,,,,27.11759324211147,27.519215880807238,26.916241073028047,27.314887520958553,26.719760008269787,27.128613857496962,25.17656752912273,26.01313655001765,,,,,-0.023445642625781,,0.1737056810769495,0.17622471451497645,0.175350181447206,0.1778683052889834,51.581505729824976,51.580717032497915,,27.067124557495116,27.46799964904785,27.0554875873384,27.45619029090518,26.796623048328218,27.193491890316917,25.257020314534504,26.037896814800444,26.49342155456543,25.843119792938232,1,32370359.549331664522200,23068435.059665497,,,,,,,
2025-12-17,,,,,,,27.430000305175780,27.780000686645508,27.360000610351562,27.639999389648438,757600,,,,,27.236614227294922,,,,,,,,,,,,,,,,,,,,,,,,,,,,,,,,,,,,,,,,,,,,,,,,,,,,,,,,,,,,,,,,,,,,,,,,,,,,,,,,,,,,,,,,,,,,,,,,,,,,,,,,,,,,,,,,,,,,,,,,,,,,,,,,,,,,,,,,,,,,,0.3227751802554343,0.24168483995209272,0.23089089476681302,0.2903129540364393,,,,-0.02691856377320594,,,,,,,,27.15726690383929,27.55947705042097,26.945365905234127,27.344443145384908,26.735911702614324,27.144594655376693,25.19285248325848,26.025997125825008,,,,,0.00872100421388067,,0.17667174087033288,0.17923866373406483,0.17561449333183138,0.1781423769779997,53.96998485783516,53.969256460821384,,27.15778160095215,27.559999465942383,27.057364509219216,27.458095005580358,26.786143348330544,27.182856968470983,25.276076998029435,26.051666653345503,26.473910522460937,25.853935861587523,1,20940063.537597656628800,22991535.31401498,,,,,,,
2025-12-18,,,,,,,27.629999160766600,27.739999771118164,27.360000610351562,27.489999771118164,889000,,,,,27.088804244995117,,,,,,,,,,,,,,,,,,,,,,,,,,,,,,,,,,,,,,,,,,,,,,,,,,,,,,,,,,,,,,,,,,,,,,,,,,,,,,,,,,,,,,,,,,,,,,,,,,,,,,,,,,,,,,,,,,,,,,,,,,,,,,,,,,,,,,,,,,,,,0.3193828035203814,0.23890605778387594,0.22950014247505893,0.28965746019242766,,,,-0.09107868013044136,,,,,,,,27.1344460175579,27.536317957320037,26.958405754303307,27.357675565906113,26.746939594563724,27.155388565243616,25.207840244220826,26.03757026926606,,,,,-0.005441664369957009,,0.1651911140193505,0.1675916325701472,0.17352981746933518,0.17603222809642918,52.235629053033364,52.23489815829803,,27.159752655029298,27.56199951171875,27.037656420753116,27.43809500194731,26.779417552645246,27.176031566801527,25.29627827992515,26.066706331949387,26.4553849029541,25.85965229034424,1,24438609.796524047796000,22973457.50015198,,,,,,,
2025-12-19,,,,,,,27.440000534057617,27.809999465942383,27.309999465942383,27.319999694824220,890500,,,,,26.921283721923828,,,,,,,,,,,,,,,,,,,,,,,,,,,,,,,,,,,,,,,,,,,,,,,,,,,,,,,,,,,,,,,,,,,,,,,,,,,,,,,,,,,,,,,,,,,,,,,,,,,,,,,,,,,,,,,,,,,,,,,,,,,,,,,,,,,,,,,,,,,,,0.3146937425198488,0.23939314322253802,0.22976854439417618,0.28936045246422787,,,,-0.18752111276511493,,,,,,,,27.06339191901321,27.46421186982143,26.955031024086992,27.35425048671685,26.752387848543727,27.160532663043007,25.2213852519497,26.047708051286282,,,,,-0.006203324844548582,,0.14095034055469569,0.14299532990180452,0.16701392208640728,0.16942484845750425,50.2641455598779,50.26343703877453,,27.177489852905275,27.57999954223633,27.007155736287434,27.407142639160156,26.76925065782335,27.16571411253914,25.31703027846321,26.082380930582683,26.45085201263428,25.87751811027527,1,24328459.728240967910000,23193801.38879806,,,,,,,
2025-12-22,,,,,,,27.409999847412110,27.809999465942383,27.409999847412110,27.760000228881836,1168600,,,,,27.354864120483400,,,,,,,,,,,,,,,,,,,,,,,,,,,,,,,,,,,,,,,,,,,,,,,,,,,,,,,,,,,,,,,,,,,,,,,,,,,,,,,,,,,,,,,,,,,,,,,,,,,,,,,,,,,,,,,,,,,,,,,,,,,,,,,,,,,,,,,,,,,,,0.24173028378493713,0.2160585041849518,0.23170452767001803,0.28861221813021276,,,,-0.06311798502278815,,,,,,,,27.16054931950327,27.562807989508233,26.991379487395758,27.391136826913666,26.771215232041843,27.17926602447547,25.23825069755076,26.061243957828538,,,,,0.015977170049612216,,0.15493962002668837,0.15719490369157896,0.1645990616744635,0.1669788595043192,54.998291298874136,54.99768588087905,,27.120336532592773,27.521999740600585,27.040002641223726,27.44047600882394,26.763150533040363,27.159523646036785,25.341602325439453,26.10206347420102,26.460706062316895,25.90030089378357,1,32440336.267471313549600,23444519.507735115,,,,,,,
2025-12-23,,,,,,,27.850000381469727,28.360000610351562,27.850000381469727,28.319999694824220,1050200,,,,,27.906690597534180,,,,,,,,,,,,,,,,,,,,,,,,,,,,,,,,,,,,,,,,,,,,,,,,,,,,,,,,,,,,,,,,,,,,,,,,,,,,,,,,,,,,,,,,,,,,,,,,,,,,,,,,,,,,,,,,,,,,,,,,,,,,,,,,,,,,,,,,,,,,,0.19118238025183784,0.2222107203627042,0.2321559714989523,0.2880774389146835,,,,-0.04461799801649316,,,,,,,,27.40926307884691,27.81520522461356,27.07458958831743,27.475578905814626,26.806698837213478,27.21491395167387,25.259345084111892,26.07909973440558,,,,,0.01997210620251127,,0.20815453379339388,0.21120085304715985,0.1733101560982496,0.17582325821288733,60.1918136954243,60.191328781508076,,27.301651382446288,27.705999755859374,27.082703544980003,27.483809334891184,26.757519646296426,27.15380935063438,25.366080511183966,26.121507917131698,26.475684242248533,25.92200358390808,1,29741663.679504395844000,23653117.59508224,,,,,,,
2025-12-24,,,,,,,28.239999771118164,28.540000915527344,28.200000762939453,28.340000152587890,370700,,,,,27.926399230957030,,,,,,,,,,,,,,,,,,,,,,,,,,,,,,,,,,,,,,,,,,,,,,,,,,,,,,,,,,,,,,,,,,,,,,,,,,,,,,,,,,,,,,,,,,,,,,,,,,,,,,,,,,,,,,,,,,,,,,,,,,,,,,,,,,,,,,,,,,,,,0.19404006835608575,0.22154332249772174,0.23196594794993933,0.2877213880420857,,,,-0.05160842647760202,,,,,,,,27.58164179621695,27.99013686727167,27.152026828557396,27.554162655521285,26.841689474517963,27.250072895452433,25.280428516102763,26.096972464984095,,,,,0.0007059840070460452,,0.24904719728772307,0.25270183731490903,0.18845756433614427,0.19119897403329167,60.367735855615514,60.36725412501379,,27.43960838317871,27.845999908447265,27.1305661882673,27.53238078526088,26.754391352335613,27.150634735349623,25.389310920049272,26.139603153107657,26.501107749938964,25.942193298339845,1,10505638.056564330823000,23638939.20922355,,,,,,,
2025-12-26,,,,,,,28.319999694824220,28.530000686645508,28.309999465942383,28.340000152587890,484600,,,,,27.926399230957030,,,,,,,,,,,,,,,,,,,,,,,,,,,,,,,,,,,,,,,,,,,,,,,,,,,,,,,,,,,,,,,,,,,,,,,,,,,,,,,,,,,,,,,,,,,,,,,,,,,,,,,,,,,,,,,,,,,,,,,,,,,,,,,,,,,,,,,,,,,,,0.17883860250652708,0.2213338326741105,0.23139835269739292,0.287683848779607,,,,-0.061645542426477434,,,,,,,,27.696560941130308,28.106757962377078,27.222424319684634,27.625602427981885,26.875586654406685,27.284133122237918,25.301345280647066,26.114703909154876,,,,,0,,0.27824746415891966,0.2823370604612627,0.20641554430069936,0.20942659131888589,60.367735855615514,60.36725412501379,,27.607127380371093,28.01599998474121,27.180305662609282,27.582856950305757,26.754860620650035,27.15111093672495,25.41287282156566,26.15805553254627,26.52948745727539,25.960107927322387,1,13733564.073944091494000,21361518.178107247,,,,,,,
2025-12-29,,,,,,,28.409999847412110,28.530000686645508,28.340000152587890,28.420000076293945,692400,,,,,28.005231857299805,,,,,,,,,,,,,,,,,,,,,,,,,,,,,,,,,,,,,,,,,,,,,,,,,,,,,,,,,,,,,,,,,,,,,,,,,,,,,,,,,,,,,,,,,,,,,,,,,,,,,,,,,,,,,,,,,,,,,,,,,,,,,,,,,,,,,,,,,,,,,0.14869546352494256,0.215087533696306,0.23006818293485634,0.287544059383279,,,,-0.04265922330288409,,,,,,,,27.799451246520142,28.211172000349368,27.293588641286014,27.697820396010254,26.910888066997096,27.319628964552166,25.32271987809096,26.1329275942706,,,,,0.002818894318307796,,0.3042428974083222,0.30871978407143885,0.22598101492222392,0.22928522986939648,61.1639000074107,61.163432843352794,,27.82391700744629,28.236000061035156,27.24975331624349,27.653333118983678,26.762055684649756,27.15841253976973,25.43586356299264,26.17587299195547,26.567918319702148,25.978843297958374,1,19678008.052825927518000,21500781.80366092,,,,,,,
2025-12-30,,,,,,,28.500000000000000,28.719999313354492,28.229999542236328,28.399999618530273,5580700,,,,,27.985523223876953,,,,,,,,,,,,,,,,,,,,,,,,,,,,,,,,,,,,,,,,,,,,,,,,,,,,,,,,,,,,,,,,,,,,,,,,,,,,,,,,,,,,,,,,,,,,,,,,,,,,,,,,,,,,,,,,,,,,,,,,,,,,,,,,,,,,,,,,,,,,,0.13837280244062772,0.20228945353616107,0.2288886313703406,0.2872979137015651,,,,-0.1371517152562198,,,,,,,,27.86147523897241,28.274114539743003,27.356491785157917,27.761654870784803,26.94447041564959,27.353390547488985,25.343769706911406,26.150849112248938,,,,,-0.0007039960153515356,,0.3195703356365627,0.3242763568324918,0.2446988790650917,0.24828345526201553,60.834865469642224,60.83439892459451,,27.950048828125,28.363999938964845,27.289169584001815,27.69333312624977,26.763776234218053,27.16015855092851,25.45763427492172,26.192380927857897,26.610290756225584,25.996152992248536,1,158491877.871131894531100,23659802.4567377,,,,,,,
2025-12-31,,,,,,,27.709999084472656,27.870000839233400,27.344999313354492,27.469999313354492,780400,,,,,27.069095611572266,,,,,,,,,,,,,,,,,,,,,,,,,,,,,,,,,,,,,,,,,,,,,,,,,,,,,,,,,,,,,,,,,,,,,,,,,,,,,,,,,,,,,,,,,,,,,,,,,,,,,,,,,,,,,,,,,,,,,,,,,,,,,,,,,,,,,,,,,,,,,0.24228057407504475,0.23521924582582415,0.23744755417014873,0.287514389064723,,,,-0.14587394685728428,,,,,,,,27.597348696505698,28.00607613094683,27.330364860286494,27.73514072920023,26.948364953022175,27.35703457142228,25.357408646869196,26.16127717707981,,,,,-0.03329465493461323,,0.25483184853026586,0.2585810392741976,0.24672547295812652,0.25034297206445194,47.92469416051473,47.924232928468975,,27.782529830932617,28.1939998626709,27.281661805652437,27.68571408589681,26.75579915727888,27.152063309200226,25.478530845944842,26.208174576835027,26.636896705627443,26.00921233177185,1,21437587.464141845556800,23653973.469767496,,,,,,,
2026-01-02,,,,,,,27.510000228881836,28.040000915527344,27.340000152587890,27.889999389648438,834400,,,,,27.482965469360350,,,,,,,,,,,,,,,,,,,,,,,,,,,,,,,,,,,,,,,,,,,,,,,,,,,,,,,,,,,,,,,,,,,,,,,,,,,,,,,,,,,,,,,,,,,,,,,,,,,,,,,,,,,,,,,,,,,,,,,,,,,,,,,,,,,,,,,,,,,,,0.2857386659191022,0.24017960974384292,0.23194334615792792,0.28718819943044865,,,,-0.11759704711239101,,,,,,,,27.559220954123916,27.96738388384737,27.34423764292957,27.749218789240974,26.965071219157743,27.37368972199185,25.374211467600354,26.17494296532146,,,,,0.015173681447070835,,0.23422200428443674,0.23766783599955943,0.24422477922338856,0.24780794485147345,52.79664233724872,52.79626288175918,,27.69384307861328,28.10399971008301,27.301369894118537,27.705714089529856,26.741409089830185,27.137460133386035,25.49926493659852,26.223690449245392,26.672765464782714,26.021212759017946,1,23271415.490722656667200,23547447.264156643,,,,,,,
2026-01-05,,,,,,,27.780000686645508,27.840000152587890,26.020000457763672,27.000000000000000,2895000,,,,,26.605955123901367,,,,,,,,,,,,,,,,,,,,,,,,,,,,,,,,,,,,,,,,,,,,,,,,,,,,,,,,,,,,,,,,,,,,,,,,,,,,,,,,,,,,,,,,,,,,,,,,,,,,,,,,,,,,,,,,,,,,,,,,,,,,,,,,,,,,,,,,,,,,,0.3486768112534582,0.2614610227517529,0.23982376917228188,0.2890917321467793,,,,-0.07669172277318842,,,,,,,,27.241465677383065,27.644922589231577,27.277121050290646,27.68110799021907,26.95384884118098,27.362011918179604,25.383948571602733,26.18146515531892,,,,,-0.0324313076946914,,0.14544455454770144,0.14757728000332193,0.22446873428825115,0.22776181188184313,43.50776537050511,43.5074021964175,,27.42975425720215,27.83599967956543,27.298085258120583,27.702380770728702,26.70934431893485,27.104920462956503,25.516180273086306,26.23730156156752,26.684590339660645,26.03096103668213,1,78165000.000000000000000,24480047.113518488,,,,,,,
2026-01-06,,,,,,,27.000000000000000,27.034999847412110,26.309999465942383,26.350000381469727,1240600,,,,,25.965442657470703,,,,,,,,,,,,,,,,,,,,,,,,,,,,,,,,,,,,,,,,,,,,,,,,,,,,,,,,,,,,,,,,,,,,,,,,,,,,,,,,,,,,,,,,,,,,,,,,,,,,,,,,,,,,,,,,,,,,,,,,,,,,,,,,,,,,,,,,,,,,,0.34056861251191684,0.2687907066152375,0.24421709955781826,0.28964451065607477,,,,-0.1471997142008074,,,,,,,,26.816124670745612,27.21328185331096,27.157877560034287,27.560098207605492,26.922961147940033,27.33038655765742,25.388545362795366,26.18279744959679,,,,,-0.024368542181523872,,0.0231370731920002,0.023459897274474173,0.18420240206900096,0.18690142896036935,38.219112541888805,38.21876267819522,,27.021796417236327,27.421999740600587,27.245999654134113,27.649523689633323,26.668989635649183,27.063968083215137,25.52893634826418,26.246626959906685,26.684984512329102,26.034473304748534,1,32689810.473251343316200,24571733.32287319,,,,,,,
2026-01-07,,,,,,,26.399999618530273,26.469999313354492,26.090000152587890,26.120000839233400,819400,,,,,25.738798141479492,,,,,,,,,,,,,,,,,,,,,,,,,,,,,,,,,,,,,,,,,,,,,,,,,,,,,,,,,,,,,,,,,,,,,,,,,,,,,,,,,,,,,,,,,,,,,,,,,,,,,,,,,,,,,,,,,,,,,,,,,,,,,,,,,,,,,,,,,,,,,0.32343894815972246,0.2660245151312637,0.2439929045544772,0.2896873771497596,,,,-0.17661955953321257,,,,,,,,26.457015827656903,26.84885484861844,27.028870340165668,27.42918026502621,26.885956053988142,27.292562003956668,25.391314159464805,26.18230103370459,,,,,-0.008767016560197589,,-0.09103145134742618,-0.0923979574894851,0.12915563138571554,0.13104155167039847,36.52712901218226,36.52679920245709,,26.572451400756837,26.96599998474121,27.169982637677872,27.572380883353098,26.629729831029497,27.024126840016198,25.540040697370255,26.254246007828485,26.68478744506836,26.03803729057312,1,21402728.687667847960000,24527953.51963346,,,,,,,
2026-01-08,,,,,,,26.090000152587890,26.420000076293945,26.010000228881836,26.149999618530273,576100,,,,,25.768360137939453,,,,,,,,,,,,,,,,,,,,,,,,,,,,,,,,,,,,,,,,,,,,,,,,,,,,,,,,,,,,,,,,,,,,,,,,,,,,,,,,,,,,,,,,,,,,,,,,,,,,,,,,,,,,,,,,,,,,,,,,,,,,,,,,,,,,,,,,,,,,,0.3042168705784824,0.26351242650711143,0.24378359940718894,0.28876429943795756,,,,-0.16139536875026156,,,,,,,,26.227463931084422,26.61590310525572,26.91427850359965,27.31289111534476,26.85103118161162,27.256856929412095,25.394294760085156,26.182045686549063,,,,,0.0011478792732289615,,-0.1770841081624539,-0.17972374783084888,0.06790768347608164,0.068888491770149,36.919398553085806,36.91905901698127,,26.312304306030274,26.702000045776366,27.112735203334264,27.514285587129137,26.5940675281343,26.98793635292659,25.553293689848886,26.264126959301176,26.686364097595217,26.041132917404173,1,15065014.780235290275300,24428131.9569512,,,,,,,
2026-01-09,,,,,,,26.170000076293945,26.360000610351562,26.049999237060547,26.079999923706055,789800,,,,,25.699380874633790,,,,,,,,,,,,,,,,,,,,,,,,,,,,,,,,,,,,,,,,,,,,,,,,,,,,,,,,,,,,,,,,,,,,,,,,,,,,,,,,,,,,,,,,,,,,,,,,,,,,,,,,,,,,,,,,,,,,,,,,,,,,,,,,,,,,,,,,,,,,,0.22874043488166887,0.26286272567710967,0.23600474706136912,0.2887807673028028,,,,-0.17515569299677267,,,,,,,,26.051436245600875,26.43726871140583,26.80383326460275,27.20081009792306,26.81504210951856,27.22008014798378,25.396706508026252,26.181239000676786,,,,,-0.0026804869710602137,,-0.24798884766114426,-0.25167727719731303,0.004728377248636459,0.0047753379766565865,36.354815466606375,36.35448784659001,,25.95558738708496,26.34000015258789,27.048449107578822,27.449047451927548,26.571074712844123,26.964603030492388,25.56631057981461,26.273769817655047,26.69188236236572,26.045352983474732,1,20597983.939743042239000,24301646.079662867,,,,,,,
2026-01-12,,,,,,,26.200000762939453,26.340000152587890,25.989999771118164,26.139999389648438,817200,,,,,25.758504867553710,,,,,,,,,,,,,,,,,,,,,,,,,,,,,,,,,,,,,,,,,,,,,,,,,,,,,,,,,,,,,,,,,,,,,,,,,,,,,,,,,,,,,,,,,,,,,,,,,,,,,,,,,,,,,,,,,,,,,,,,,,,,,,,,,,,,,,,,,,,,,0.17297088227378857,0.26190005306284386,0.23525515086187504,0.2883210720455531,,,,-0.16620787276211235,,,,,,,,25.95379245291849,26.3381789374867,26.708803410325565,27.104372760807188,26.782025320707163,27.186327624285802,25.399566574109475,26.180912995846523,,,,,0.002297957566064757,,-0.2959984663783466,-0.30039672568905473,-0.05541699147676015,-0.05625907475648568,37.24070825815337,37.24038693096864,,25.78609733581543,26.16800003051758,26.99964795793806,27.3995235988072,26.553556351434615,26.946825239393448,25.580953923482742,26.28511901885744,26.69444438934326,26.048114948272705,1,21361607.501220703533600,24297805.7196602,,,,,,,
2026-01-13,,,,,,,26.139999389648438,26.569999694824220,26.034999847412110,26.569999694824220,1079800,,,,,26.182229995727540,,,,,,,,,,,,,,,,,,,,,,,,,,,,,,,,,,,,,,,,,,,,,,,,,,,,,,,,,,,,,,,,,,,,,,,,,,,,,,,,,,,,,,,,,,,,,,,,,,,,,,,,,,,,,,,,,,,,,,,,,,,,,,,,,,,,,,,,,,,,,0.14700692678720692,0.26582056015089844,0.236574167658682,0.2878825569670236,,,,-0.1298831697195636,,,,,,,,26.029938300521504,26.415452523265873,26.660933099907563,27.055793391172372,26.763281716801547,27.167067376490127,25.40575363673096,26.183988780028166,,,,,0.01631607752147534,,-0.2964382033950166,-0.30084189061085453,-0.10362123386041144,-0.10517563792735944,43.32882513020035,43.328557317021705,,25.829454803466795,26.211999893188477,26.95694705418178,27.356190272739955,26.53807140531994,26.931110957312207,25.595247382209415,26.29603171727014,26.709028396606445,26.055649795532226,1,28690285.670471192756000,24587759.590651497,,,,,,,
2026-01-14,,,,,,,26.350000381469727,26.520000457763672,26.065000534057617,26.319999694824220,1452300,,,,,25.935878753662110,,,,,,,,,,,,,,,,,,,,,,,,,,,,,,,,,,,,,,,,,,,,,,,,,,,,,,,,,,,,,,,,,,,,,,,,,,,,,,,,,,,,,,,,,,,,,,,,,,,,,,,,,,,,,,,,,,,,,,,,,,,,,,,,,,,,,,,,,,,,,0.15012376264035004,0.2659351008179734,0.23441542734240758,0.28698231156181936,,,,-0.10869558935877618,,,,,,,,25.99858511823504,26.383634913785322,26.595019068430705,26.98890305514072,26.73742537420344,27.140596511438066,25.40994434911777,26.185063965125366,,,,,-0.009453646062922002,,-0.31305646448856095,-0.31770528887595617,-0.14550827998604135,-0.1476815681170788,40.847812522651,40.84754764598456,,25.86887092590332,26.25199966430664,26.9142461504255,27.312856946672714,26.52665322924417,26.919523662990994,25.610707434396897,26.308214255741664,26.716714553833008,26.06119453430176,1,38224535.556793214706000,24572648.82337782,,,,,,,
2026-01-15,,,,,,,26.319999694824220,26.409999847412110,26.049999237060547,26.170000076293945,1140300,,,,,25.788068771362305,,,,,,,,,,,,,,,,,,,,,,,,,,,,,,,,,,,,,,,,,,,,,,,,,,,,,,,,,,,,,,,,,,,,,,,,,,,,,,,,,,,,,,,,,,,,,,,,,,,,,,,,,,,,,,,,,,,,,,,,,,,,,,,,,,,,,,,,,,,,,0.1588640563741146,0.2405143237962187,0.23442937918636536,0.2869935335602824,,,,-0.154264871053175,,,,,,,,25.928413002610796,26.312423301288195,26.521659950515396,26.914457329791013,26.707757980364654,27.110265372839812,25.412933474985316,26.184944883000217,,,,,-0.005715355912569327,,-0.33429998428105634,-0.3392625614863469,-0.18326662084504433,-0.1859977667909324,39.39042056764642,39.390154438167684,,25.87281265258789,26.255999755859374,26.826028914678666,27.223333177112398,26.515235053168404,26.907936368669784,25.625016689300537,26.31920632105025,26.72755401611328,26.066821660995483,1,29841651.086997985483500,24696497.73448157,,,,,,,
2026-01-16,,,,,,,26.149999618530273,26.659999847412110,26.149999618530273,26.530000686645508,1324500,,,,,26.142814636230470,,,,,,,,,,,,,,,,,,,,,,,,,,,,,,,,,,,,,,,,,,,,,,,,,,,,,,,,,,,,,,,,,,,,,,,,,,,,,,,,,,,,,,,,,,,,,,,,,,,,,,,,,,,,,,,,,,,,,,,,,,,,,,,,,,,,,,,,,,,,,0.18128606753496612,0.2356606159660837,0.23389932658087312,0.2865834477608199,,,,-0.08861522832438332,,,,,,,,25.999880213817352,26.3849490964073,26.487219467398585,26.879506725868694,26.690103500860463,27.092132101396242,25.41870328653666,26.187672596863024,,,,,0.013662443606379233,,-0.3188352657326341,-0.32356792511047416,-0.2103803498225623,-0.21351179845484075,44.50769370724994,44.50747912380036,,25.961499404907226,26.345999908447265,26.785205023629324,27.181904656546457,26.51617355952187,26.908888771420433,25.64242643023294,26.333412669953844,26.752583312988282,26.07417419433594,1,35138985.909461975346000,24877082.9333048,,,,,,,
2026-01-20,,,,,,,26.569999694824220,27.079999923706055,26.399999618530273,26.889999389648438,1727700,,,,,26.497560501098633,,,,,,,,,,,,,,,,,,,,,,,,,,,,,,,,,,,,,,,,,,,,,,,,,,,,,,,,,,,,,,,,,,,,,,,,,,,,,,,,,,,,,,,,,,,,,,,,,,,,,,,,,,,,,,,,,,,,,,,,,,,,,,,,,,,,,,,,,,,,,0.19386047019757718,0.23882465743977302,0.23479151251197547,0.28665746340860837,,,,-0.06622571107816315,,,,,,,,26.165773642911113,26.553299194154345,26.488159561371315,26.880460604394127,26.684086532117906,27.085815454154123,25.427231802066792,26.19322458731983,,,,,0.013478294344149048,,-0.2747867674988598,-0.2788663285637796,-0.2232616333578218,-0.22658270447662854,49.13278170405366,49.13258663267255,,26.10931053161621,26.495999908447267,26.75001198904855,27.14619037083217,26.5261840214805,26.919047491891043,25.660228244842045,26.34797616232009,26.77741554260254,26.08170590400696,1,46457851.945495606332600,25195134.154661875,,,,,,,
2026-01-21,,,,,,,27.180000305175780,27.350000381469727,26.600000381469727,26.760000228881836,1511000,,,,,26.369457244873047,,,,,,,,,,,,,,,,,,,,,,,,,,,,,,,,,,,,,,,,,,,,,,,,,,,,,,,,,,,,,,,,,,,,,,,,,,,,,,,,,,,,,,,,,,,,,,,,,,,,,,,,,,,,,,,,,,,,,,,,,,,,,,,,,,,,,,,,,,,,,0.17813701637347265,0.23870374512945458,0.23478066758548047,0.284253879744385,,,,-0.0862202554405156,,,,,,,,26.233668176898423,26.62219953906351,26.477368441689656,26.869509661165736,26.674254366891503,27.075633728364362,25.43468022453957,26.197705027174074,,,,,-0.004846254334314318,,-0.2473634258750188,-0.2510360497514412,-0.22808199186126119,-0.23147337353159106,47.590254736271284,47.59007632326874,,26.146755981445313,26.53400001525879,26.715757369995117,27.111428487868537,26.53619448343913,26.929206212361652,25.674136146666513,26.358452350374254,26.79751781463623,26.09164126396179,1,40434360.345840454196000,25249539.60159544,,,,,,,
2026-01-22,,,,,,,26.760000228881836,27.215000152587890,26.760000228881836,27.120000839233400,402000,,,,,26.724205017089844,,,,,,,,,,,,,,,,,,,,,,,,,,,,,,,,,,,,,,,,,,,,,,,,,,,,,,,,,,,,,,,,,,,,,,,,,,,,,,,,,,,,,,,,,,,,,,,,,,,,,,,,,,,,,,,,,,,,,,,,,,,,,,,,,,,,,,,,,,,,,0.1633891248589404,0.24320140127274223,0.236156905864856,0.28319045520685715,,,,-0.047066040857751804,,,,,,,,26.397180456962232,26.788133305786808,26.4998081303624,26.892281586444614,26.6758153247102,27.07702020057902,25.444874096417436,26.204995903158732,,,,,0.013363291822551441,,-0.19475997780628518,-0.19765289316385548,-0.22141758905026598,-0.22470927745804395,52.07717181813424,52.077010709283876,,26.30442123413086,26.694000244140625,26.706372669764928,27.101904732840403,26.55261793590727,26.945872897193546,25.68685619414799,26.367619022490487,26.81978801727295,26.10982527732849,1,10902240.337371826800000,25156221.848163906,,,,,,,
2026-01-23,,,,,,,27.360000610351562,27.725000381469727,27.260000228881836,27.670000076293945,744200,,,,,27.266176223754883,,,,,,,,,,,,,,,,,,,,,,,,,,,,,,,,,,,,,,,,,,,,,,,,,,,,,,,,,,,,,,,,,,,,,,,,,,,,,,,,,,,,,,,,,,,,,,,,,,,,,,,,,,,,,,,,,,,,,,,,,,,,,,,,,,,,,,,,,,,,,0.14896008257192678,0.2470538348915099,0.23816702580980978,0.28384004398607104,,,,-0.0595417560993498,,,,,,,,26.68684571255978,27.082088895955852,26.569477957034444,26.962983267340007,26.69426410280535,27.095550821695113,25.459271741692834,26.21657696381593,,,,,0.020077258194337748,,-0.10809279285827955,-0.10970144509565927,-0.1987526298118687,-0.201707710985567,57.99399505552984,57.9938837991599,,26.600042724609374,26.994000244140626,26.70214943658738,27.097619011288597,26.57248245723664,26.966031634618364,25.702027858249725,26.37928569127643,26.84797061920166,26.133521718978884,1,20592014.056777953869000,25216439.217997354,,,,,,,
2026-01-26,,,,,,,27.760000228881836,27.790000915527344,27.409999847412110,27.559999465942383,560400,,,,,27.157781600952150,,,,,,,,,,,,,,,,,,,,,,,,,,,,,,,,,,,,,,,,,,,,,,,,,,,,,,,,,,,,,,,,,,,,,,,,,,,,,,,,,,,,,,,,,,,,,,,,,,,,,,,,,,,,,,,,,,,,,,,,,,,,,,,,,,,,,,,,,,,,,0.17969309048266444,0.23616075320790117,0.23825891935001345,0.28230542938727365,,,,-0.09952874146924849,,,,,,,,26.843824342023904,27.241392419284697,26.622960106481507,27.017257467212954,26.708749024622435,27.11006484182784,25.472698697101997,26.2271969045442,,,,,-0.003983347424938331,,-0.04760619002734856,-0.048318433958073115,-0.16852334185496468,-0.17102985558006822,56.49172773581655,56.4916069518579,,26.80303611755371,27.2,26.666487103416806,27.061428524198988,26.59172130766369,26.985555436876083,25.719440210433234,26.39333330638825,26.873394050598144,26.163827571868897,1,15444623.700714111433200,25254964.16622646,,,,,,,
2026-01-27,,,,,,,27.719999313354492,28.260000228881836,27.680000305175780,28.200000762939453,690400,,,,,27.788442611694336,,,,,,,,,,,,,,,,,,,,,,,,,,,,,,,,,,,,,,,,,,,,,,,,,,,,,,,,,,,,,,,,,,,,,,,,,,,,,,,,,,,,,,,,,,,,,,,,,,,,,,,,,,,,,,,,,,,,,,,,,,,,,,,,,,,,,,,,,,,,,0.20932357010980535,0.25066942601934666,0.24172820123557043,0.2829056171554686,,,,-0.07486464805436135,,,,,,,,27.158697098580713,27.560928533836282,26.728913061500855,27.12477958500627,26.742489449218432,27.144125339362578,25.49100497310668,26.242792191962344,,,,,0.022956580413184144,,0.05063525965753968,0.051378540727355926,-0.1246916215524638,-0.1265481763185834,62.5673130326583,62.56722238662423,,27.06121253967285,27.4620002746582,26.65991774059477,27.05476188659668,26.62409894428556,27.018412605164542,25.73815143676031,26.40865076912774,26.903941650390625,26.18829917907715,1,19469280.526733398351200,25387933.94214691,,,,,,,
2026-01-28,,,,,,,28.219999313354492,28.340000152587890,27.979999542236328,28.069999694824220,692100,,,,,27.660339355468750,,,,,,,,,,,,,,,,,,,,,,,,,,,,,,,,,,,,,,,,,,,,,,,,,,,,,,,,,,,,,,,,,,,,,,,,,,,,,,,,,,,,,,,,,,,,,,,,,,,,,,,,,,,,,,,,,,,,,,,,,,,,,,,,,,,,,,,,,,,,,0.20835222767064288,0.25112527203276525,0.24190972060968816,0.28203446076846395,,,,-0.07403284903328673,,,,,,,,27.32591118421006,27.73061892083226,26.8135881791343,27.210708685898812,26.771172258788756,27.173058912970752,25.5081538615048,26.25723652004821,,,,,-0.00462060588520768,,0.11680895324841956,0.11853274006740833,-0.07639150659228713,-0.07753199304138506,60.712735658696104,60.71263597884364,,27.319388961791994,27.72400016784668,26.647248222714378,27.04190472194127,26.65538167196607,27.050158636910574,25.758348025972882,26.425555531940763,26.942766647338868,26.21589924812317,1,19427246.788787842662000,25563966.65462918,,,,,,,
2026-01-29,,,,,,,28.260000228881836,28.719999313354492,28.260000228881836,28.629999160766600,608100,,,,,28.212165832519530,,,,,,,,,,,,,,,,,,,,,,,,,,,,,,,,,,,,,,,,,,,,,,,,,,,,,,,,,,,,,,,,,,,,,,,,,,,,,,,,,,,,,,,,,,,,,,,,,,,,,,,,,,,,,,,,,,,,,,,,,,,,,,,,,,,,,,,,,,,,,0.22030054697904106,0.2605818022733672,0.2435557369739209,0.2826687808906229,,,,-0.0560161245998532,,,,,,,,27.62132940031322,28.03041233414371,26.940731602169322,27.339735092704974,26.81620330796784,27.218588295714373,25.52952945020847,26.275993536970883,,,,,0.0197537024351349,,0.21134362926528283,0.2144679506219127,-0.01884447942077314,-0.019132004308725505,65.46195523480797,65.46187790688477,,27.61698112487793,28.02599983215332,26.657102221534366,27.051904678344727,26.699646722702752,27.095079270620193,25.780734402792795,26.444682514856733,26.96661346435547,26.244373960494997,1,17409902.489662169460000,25472930.51453545,,,,,,,
2026-01-30,,,,,,,28.620000839233400,28.729999542236328,27.930000305175780,28.399999618530273,723900,,,,,27.985523223876953,,,,,,,,,,,,,,,,,,,,,,,,,,,,,,,,,,,,,,,,,,,,,,,,,,,,,,,,,,,,,,,,,,,,,,,,,,,,,,,,,,,,,,,,,,,,,,,,,,,,,,,,,,,,,,,,,,,,,,,,,,,,,,,,,,,,,,,,,,,,,0.2359741242844575,0.26220011449959163,0.2439611510604081,0.2807646164765917,,,,0.016988366794101668,,,,,,,,27.74272734150113,28.153608095605897,27.035712658688198,27.43612277687091,26.85274455534,27.25550739955237,25.548944420751308,26.292784098880443,,,,,-0.008065948661538707,,0.2649210319592612,0.2688392438338312,0.03790862285523373,0.038462245319785836,62.13947977003808,62.13939710720739,,27.760850524902345,28.171999740600587,26.657102221534366,27.051904678344727,26.737029575166247,27.13301576886858,25.79906155571105,26.459563467237686,26.98237995147705,26.270459127426147,1,20558759.723854064624700,25476736.03112357,,,,,,,
2026-02-02,,,,,,,28.219999313354492,28.579999923706055,28.069999694824220,28.309999465942383,517400,,,,,27.896835327148438,,,,,,,,,,,,,,,,,,,,,,,,,,,,,,,,,,,,,,,,,,,,,,,,,,,,,,,,,,,,,,,,,,,,,,,,,,,,,,,,,,,,,,,,,,,,,,,,,,,,,,,,,,,,,,,,,,,,,,,,,,,,,,,,,,,,,,,,,,,,,0.23405038641390807,0.23316081511195105,0.24355346826635005,0.28034175406945666,,,,0.035091229470120354,,,,,,,,27.79409667005023,28.205738552384727,27.113996537639128,27.515566112241043,26.885372391959013,27.28846027662706,25.56750482317342,26.30873046541848,,,,,-0.0031740954923201413,,0.2968037684396201,0.30119464094346426,0.089687651972111,0.09100872444452152,60.83824116766609,60.838175814898264,,27.9086612701416,28.321999740600585,26.696518398466566,27.091904685610817,26.775820141746884,27.172380840967573,25.818428607214067,26.47555552588569,26.990263175964355,26.292380208969117,1,14647593.723678588964200,25491322.519444663,,,,,,,
2026-02-03,,,,,,,28.379999160766600,28.930000305175780,28.250000000000000,28.780000686645508,598300,,,,,28.359977722167970,,,,,,,,,,,,,,,,,,,,,,,,,,,,,,,,,,,,,,,,,,,,,,,,,,,,,,,,,,,,,,,,,,,,,,,,,,,,,,,,,,,,,,,,,,,,,,,,,,,,,,,,,,,,,,,,,,,,,,,,,,,,,,,,,,,,,,,,,,,,,0.20620303874295243,0.2341608885729692,0.2453573997372122,0.28028614378256467,,,,0.028674988567130737,,,,,,,,27.982723687422812,28.397159263804987,27.227267554414478,27.630514709914177,26.931453808528044,27.335070914440134,25.58957970775045,26.32826619839261,,,,,0.016465662867237964,,0.3553465733367389,0.36060486835390293,0.14281943624503657,0.14492795322639782,64.96429637295898,64.96424095632834,,28.022968292236328,28.437999725341797,26.7382808866955,27.134285699753534,26.820398027934726,27.217618942260742,25.84106299233815,26.49492060948932,27.00622676849365,26.317100200653076,1,17219074.410820007436400,25476365.411461726,,,,,,,
2026-02-04,,,,,,,28.940000534057617,29.139999389648438,28.459999084472656,28.690000534057617,946300,,,,,28.271291732788086,,,,,,,,,,,,,,,,,,,,,,,,,,,,,,,,,,,,,,,,,,,,,,,,,,,,,,,,,,,,,,,,,,,,,,,,,,,,,,,,,,,,,,,,,,,,,,,,,,,,,,,,,,,,,,,,,,,,,,,,,,,,,,,,,,,,,,,,,,,,,0.20248716527807334,0.20020706663789703,0.24398232786528568,0.2801601901104863,,,,0.0037319684393825646,,,,,,,,28.078913035877903,28.49477302055586,27.322178843357534,27.726831603018127,26.973323743661172,27.37741246505318,25.610779012296202,26.346936035038183,,,,,-0.0031320527592760866,,0.39008924385161947,0.3958623862798092,0.19227339776635316,0.19511483983708008,63.58283764820187,63.58277063697649,,28.145158767700195,28.561999893188478,26.817582629975817,27.21476191566104,26.86841701325916,27.26634909614684,25.864097784435938,26.514722195882644,27.03835102081299,26.339540586471557,1,27149347.505378722967100,25510848.089036487,,,,,,,
2026-02-05,,,,,,,28.540000915527344,29.075000762939453,28.540000915527344,29.010000228881836,585600,,,,,28.586620330810547,,,,,,,,,,,,,,,,,,,,,,,,,,,,,,,,,,,,,,,,,,,,,,,,,,,,,,,,,,,,,,,,,,,,,,,,,,,,,,,,,,,,,,,,,,,,,,,,,,,,,,,,,,,,,,,,,,,,,,,,,,,,,,,,,,,,,,,,,,,,,0.1673088734908547,0.17553615758327631,0.2424948500631163,0.2767757806848705,,,,0.08836997443606756,,,,,,,,28.24814880085545,28.666515423331187,27.437128069489624,27.843483296278464,27.023739262009588,27.428430832672827,25.63430344959671,26.367987925898607,,,,,0.01109192439533287,,0.43801824146077806,0.4445015866774824,0.24142236650523813,0.24499218920516055,66.32482860027471,66.32477824904369,,28.2200496673584,28.638000106811525,26.942400614420574,27.341428575061617,26.927072101169163,27.32587290567065,25.884245986030216,26.531428549024795,27.069883995056152,26.365828676223757,1,16988256.134033203161600,25563828.279676892,,,,,,,
2026-02-06,,,,,,,29.049999237060547,29.680000305175780,29.049999237060547,29.180000305175780,676700,,,,,28.754138946533203,,,,,,,,,,,,,,,,,,,,,,,,,,,,,,,,,,,,,,,,,,,,,,,,,,,,,,,,,,,,,,,,,,,,,,,,,,,,,,,,,,,,,,,,,,,,,,,,,,,,,,,,,,,,,,,,,,,,,,,,,,,,,,,,,,,,,,,,,,,,,0.13778678332522845,0.16870241541002737,0.24131626806468937,0.2765038768598756,,,,0.10517251560023984,,,,,,,,28.416812182748036,28.83767705061272,27.55685633103904,27.964984842541856,27.07781425215095,27.483167378688545,25.65896618079779,26.390217272770364,,,,,0.005842932476727134,,0.4839410979192138,0.4911049368167433,0.28992611278803326,0.2942147387274771,67.71554253650244,67.71549941004899,,28.373772811889648,28.794000244140626,27.085988271804084,27.48714283534459,26.982598925393724,27.38222213018508,25.903742343660387,26.54742061524164,27.10654109954834,26.39193963050842,1,19746106.206512450326000,25564775.95985352,,,,,,,
2026-02-09,,,,,,,29.190000534057617,29.440000534057617,28.950000762939453,29.159999847412110,467100,,,,,28.734432220458984,,,,,,,,,,,,,,,,,,,,,,,,,,,,,,,,,,,,,,,,,,,,,,,,,,,,,,,,,,,,,,,,,,,,,,,,,,,,,,,,,,,,,,,,,,,,,,,,,,,,,,,,,,,,,,,,,,,,,,,,,,,,,,,,,,,,,,,,,,,,,0.1288524952019083,0.16938579312470206,0.24133476749428978,0.27555433194575113,,,,0.11222875437926963,,,,,,,,28.522685528651685,28.945117982879182,27.663908684622672,28.073622570257335,27.129583563660578,27.535568393336156,25.68327816530104,26.41211278719441,,,,,-0.0006855876375452721,,0.5128334990711068,0.5204254175108964,0.334507590044648,0.33945687448416095,67.36310175491917,67.36302573430653,,28.541292190551758,28.96400032043457,27.227229799543107,27.630476179577055,27.03609239487421,27.43650784568181,25.925229435875302,26.565515851217604,27.143592338562012,26.41577763557434,1,13620635.928726196581000,25399738.533540756,,,,,,,
2026-02-10,,,,,,,29.370000839233400,29.500000000000000,29.000000000000000,29.059999465942383,828200,,,,,28.635890960693360,,,,,,,,,,,,,,,,,,,,,,,,,,,,,,,,,,,,,,,,,,,,,,,,,,,,,,,,,,,,,,,,,,,,,,,,,,,,,,,,,,,,,,,,,,,,,,,,,,,,,,,,,,,,,,,,,,,,,,,,,,,,,,,,,,,,,,,,,,,,,0.1005570586913753,0.16984712944995137,0.24106124172975418,0.2755572561854422,,,,0.11240502259069884,,,,,,,,28.560420672665575,28.983411810566917,27.75227070972001,28.163293197137794,27.17665566981785,27.5832068643551,25.706618977912836,26.433044697698346,,,,,-0.0034352728452439326,,0.5217648980655447,0.5294892916980629,0.3719590516488273,0.37746335792694136,65.52654902044497,65.52647960045216,,28.596474838256835,29.020000076293947,27.367063613164994,27.77238091968355,27.084111380198646,27.48523799956791,25.945874093070863,26.582738074045334,27.18537353515625,26.439461183547973,1,24067491.557693481600600,25150617.754300434,,,,,,,
2026-02-11,,,,,,,29.190000534057617,29.459999084472656,29.024999618530273,29.450000762939453,903900,,,,,29.020200729370117,,,,,,,,,,,,,,,,,,,,,,,,,,,,,,,,,,,,,,,,,,,,,,,,,,,,,,,,,,,,,,,,,,,,,,,,,,,,,,,,,,,,,,,,,,,,,,,,,,,,,,,,,,,,,,,,,,,,,,,,,,,,,,,,,,,,,,,,,,,,,0.11514493779564153,0.17180017307668533,0.24167196568541638,0.2758318502907639,,,,0.16572391843600556,,,,,,,,28.71368069156709,29.13894146135776,27.867537075142746,28.28026661221067,27.23426645292886,27.641544173685862,25.732813300058744,26.45689415275954,,,,,0.01333130460772247,,0.5534735836899252,0.561667766201186,0.4082619580570469,0.4143042395817903,69.06841042587769,69.0683482121049,,28.746256637573243,29.172000122070312,27.522382463727677,27.930000032697404,27.1343201834058,27.536190396263486,25.96774285180228,26.601190461052788,27.22262191772461,26.464148187637328,1,26619855.689620971566700,25143652.165818594,,,,,,,
2026-02-12,,,,,,,29.540000915527344,29.809999465942383,29.239999771118164,29.469999313354492,1153900,,,,,29.039907455444336,,,,,,,,,,,,,,,,,,,,,,,,,,,,,,,,,,,,,,,,,,,,,,,,,,,,,,,,,,,,,,,,,,,,,,,,,,,,,,,,,,,,,,,,,,,,,,,,,,,,,,,,,,,,,,,,,,,,,,,,,,,,,,,,,,,,,,,,,,,,,0.10502848841690232,0.16809923746778904,0.24167912292693564,0.27551435696105486,,,,0.09369902822889588,,,,,,,,28.822422946192837,29.249294078690006,27.974116200624707,28.38842413049647,27.29069273425747,27.698683396800504,25.758956336860212,26.480713165886772,,,,,0.0006788387912837998,,0.5735812262597939,0.5820733754182115,0.44132581169759627,0.4478580667490745,69.24291615841578,69.24285406344018,,28.8369140625,29.263999938964844,27.658462342761812,28.06809525262742,27.184372523474316,27.586984028891912,25.98837321145194,26.618333316984632,27.258884887695313,26.488015642166136,1,34005432.207679748318800,25347456.81405446,,,,,,,
2026-02-13,,,,,,,29.559999465942383,30.530000686645508,29.520000457763672,30.290000915527344,1119200,,,,,29.847940444946290,,,,,,,,,,,,,,,,,,,,,,,,,,,,,,,,,,,,,,,,,,,,,,,,,,,,,,,,,,,,,,,,,,,,,,,,,,,,,,,,,,,,,,,,,,,,,,,,,,,,,,,,,,,,,,,,,,,,,,,,,,,,,,,,,,,,,,,,,,,,,0.2046684345026323,0.17668660363354285,0.24581876050179102,0.2766828110858314,,,,0.11841651822000865,,,,,,,,29.16426211244399,29.596196357635783,28.144463859199398,28.56129474731746,27.370606725216494,27.77966206926072,25.79128032190437,26.510826112524246,,,,,0.027444837483477633,,0.6472570111820986,0.6568405944890081,0.4825120515944968,0.4896545722970612,75.37697752245008,75.37693904794011,,29.055674362182618,29.486000061035156,27.844750994727725,28.257142929803756,27.241307092091393,27.644761827256943,26.01288715998332,26.63944443445357,27.31446178436279,26.515874938964842,1,33900569.024658203404800,25599348.548701454,,,,,,,
2026-02-17,,,,,,,30.309999465942383,30.309999465942383,29.625000000000000,29.819999694824220,615900,,,,,29.384798049926758,,,,,,,,,,,,,,,,,,,,,,,,,,,,,,,,,,,,,,,,,,,,,,,,,,,,,,,,,,,,,,,,,,,,,,,,,,,,,,,,,,,,,,,,,,,,,,,,,,,,,,,,,,,,,,,,,,,,,,,,,,,,,,,,,,,,,,,,,,,,,0.26175838359360604,0.1884192602281732,0.24406018904574112,0.2771370700520043,,,,0.12858802753464837,,,,,,,,29.237774091604912,29.67079747003193,28.257221512901886,28.675722469818076,27.43355020411369,27.843422620059577,25.819687576671345,26.53698558748314,,,,,-0.015638373154520317,,0.6606582241403878,0.6704405622577383,0.5181412861036749,0.5258117702891967,67.11485307783056,67.11482499653928,,29.18574752807617,29.618000030517578,28.01602381751651,28.430952435448056,27.29949294196235,27.70380943540543,26.03503658657982,26.658134907011,27.36865909576416,26.543496294021608,1,18366137.812042237098000,25632567.399085514,,,,,,,
2026-02-18,,,,,,,30.000000000000000,30.229999542236328,29.850000381469727,29.969999313354492,697500,,,,,29.532609939575195,,,,,,,,,,,,,,,,,,,,,,,,,,,,,,,,,,,,,,,,,,,,,,,,,,,,,,,,,,,,,,,,,,,,,,,,,,,,,,,,,,,,,,,,,,,,,,,,,,,,,,,,,,,,,,,,,,,,,,,,,,,,,,,,,,,,,,,,,,,,,0.2523733415023314,0.18648516169283216,0.22451997067673551,0.27680781109010877,,,,0.07935540060120541,,,,,,,,29.336052707595005,29.77053141780612,28.37316591532673,28.793384001048658,27.499145820846863,27.909878141725045,25.849038741595486,26.564124035909,,,,,0.005017607013148736,,0.675420143163528,0.6854212409079317,0.5495970575156456,0.5577336644129437,68.30876341892258,68.30872579211363,,29.36509132385254,29.8,28.177442641485307,28.59476189386277,27.339378417484344,27.74428561377147,26.059013941931347,26.678730139656672,27.418126487731932,26.5707936668396,1,20904074.521064758170000,25553818.009388637,,,,,,,
2026-02-19,,,,,,,30.139999389648438,30.694999694824220,29.959999084472656,30.670000076293945,1128700,,,,,30.222394943237305,,,,,,,,,,,,,,,,,,,,,,,,,,,,,,,,,,,,,,,,,,,,,,,,,,,,,,,,,,,,,,,,,,,,,,,,,,,,,,,,,,,,,,,,,,,,,,,,,,,,,,,,,,,,,,,,,,,,,,,,,,,,,,,,,,,,,,,,,,,,,0.2780249367308295,0.19427544069021027,0.22846081412023403,0.277662532009808,,,,0.10020993467905712,,,,,,,,29.631500119475774,30.070354303968728,28.541277645136784,28.963985462434593,27.584247355921566,27.996131952180324,25.883610727379217,26.59658155401481,,,,,0.023088129479404838,,0.7343142379249237,0.7451876882796569,0.5865404935975012,0.5952244691862864,73.19882972461069,73.19879920304092,,29.605530166625975,30.043999862670898,28.354815710158576,28.774761926560174,27.38739740280878,27.793015767657568,26.086029476589626,26.702420613122364,27.475871276855468,26.598640747070313,1,34617229.086112975721500,25788482.59370592,,,,,,,
2026-02-20,,,,,,,30.729999542236328,31.540000915527344,30.549999237060547,31.270000457763672,1356100,,,,,30.813638687133790,,,,,,,,,,,,,,,,,,,,,,,,,,,,,,,,,,,,,,,,,,,,,,,,,,,,,,,,,,,,,,,,,,,,,,,,,,,,,,,,,,,,,,,,,,,,,,,,,,,,,,,,,,,,,,,,,,,,,,,,,,,,,,,,,,,,,,,,,,,,,0.2781891580188686,0.19494024643692437,0.23042772796799849,0.278264961230284,,,,0.19375690308451787,,,,,,,,30.025546308695112,30.47023635523371,28.747855921681964,29.173623189282694,27.685165835021945,28.098440342979803,25.922583280420756,26.633525576969348,,,,,0.019374202506410226,,0.8192528246394133,0.8313843633658671,0.6330829598058836,0.6424564480222025,76.54028590922789,76.54026133770677,,29.960276412963868,30.404000091552735,28.566443397885276,28.989523842221214,27.43995239621117,27.84634911067902,26.115428841303267,26.728531723930722,27.55273292541504,26.63142518043518,1,42405247.620773315599200,25948082.0666843,,,,,,,
2026-02-23,,,,,,,31.229999542236328,32.060001373291016,31.170000076293945,31.510000228881836,686500,,,,,31.050134658813477,,,,,,,,,,,,,,,,,,,,,,,,,,,,,,,,,,,,,,,,,,,,,,,,,,,,,,,,,,,,,,,,,,,,,,,,,,,,,,,,,,,,,,,,,,,,,,,,,,,,,,,,,,,,,,,,,,,,,,,,,,,,,,,,,,,,,,,,,,,,,0.24137141144794724,0.1937451619240257,0.23072320553713738,0.2763956109718314,,,,0.16607411203121997,,,,,,,,30.36707575873457,30.816824313116417,28.95715398869392,29.386021101973522,27.790321110765433,28.205051589414243,25.963117283412004,26.672074783703835,,,,,0.007645738724432167,,0.895329711405676,0.908588186119573,0.6855323101258421,0.6956827956416766,77.73599929862274,77.73598222574061,,30.200715255737304,30.647999954223632,28.772440047491166,29.198571432204474,27.495322817847843,27.902539601401678,26.142569208902025,26.752222197396414,27.632747840881347,26.66423240661621,1,21631615.157127380414000,25859326.74645318,,,,,,,
2026-02-24,,,,,,,31.389999389648438,31.860000610351562,31.340000152587890,31.790000915527344,796600,,,,,31.326049804687500,,,,,,,,,,,,,,,,,,,,,,,,,,,,,,,,,,,,,,,,,,,,,,,,,,,,,,,,,,,,,,,,,,,,,,,,,,,,,,,,,,,,,,,,,,,,,,,,,,,,,,,,,,,,,,,,,,,,,,,,,,,,,,,,,,,,,,,,,,,,,0.12595621637524235,0.1881238618698765,0.2198786974150813,0.2764299585559895,,,,0.16639686045686397,,,,,,,,30.68673377405221,31.14121651392006,29.172508153784246,29.604564721387508,27.900812632450496,28.317081255855275,26.005512006900346,26.712532697789396,,,,,0.00884686833073318,,0.9667412473018899,0.9810574674268864,0.7417740975610516,0.7527577299987185,79.07594357126976,79.07592388454056,,30.588965606689452,31.042000198364256,28.96576736086891,29.394761948358443,27.569306479560005,27.977618989490328,26.171331125592427,26.777579345400373,27.723602256774903,26.69513342857361,1,25323914.729309082230400,25750804.609374393,,,,,,,
2026-02-25,,,,,,,31.729999542236328,32.750000000000000,31.600000381469727,32.689998626708984,1637300,,,,,32.212913513183594,,,,,,,,,,,,,,,,,,,,,,,,,,,,,,,,,,,,,,,,,,,,,,,,,,,,,,,,,,,,,,,,,,,,,,,,,,,,,,,,,,,,,,,,,,,,,,,,,,,,,,,,,,,,,,,,,,,,,,,,,,,,,,,,,,,,,,,,,,,,,0.1409094852838347,0.19770373264949356,0.22475621049385375,0.2775709596621169,,,,0.24701992765241854,,,,,,,,31.195460353762673,31.657477218183036,29.44890864100237,29.885058712780367,28.035565784973404,28.453734923694455,26.05458237453895,26.759785392879667,,,,,0.027917399398491152,,1.0824204245672533,1.0984499415091875,0.809903362962292,0.8218961723008124,82.68347621288953,82.68345844872562,,31.125026321411134,31.586000061035158,29.206487928118026,29.639047622680664,27.651892858838277,28.06142849392361,26.204402302938796,26.80734124259343,27.826281547546387,26.731966705322264,1,53523334.751510619503200,26306789.797540694,,,,,,,
2026-02-26,,,,,,,32.689998626708984,33.209999084472656,31.951000213623047,32.119998931884766,902900,,,,,31.651231765747070,,,,,,,,,,,,,,,,,,,,,,,,,,,,,,,,,,,,,,,,,,,,,,,,,,,,,,,,,,,,,,,,,,,,,,,,,,,,,,,,,,,,,,,,,,,,,,,,,,,,,,,,,,,,,,,,,,,,,,,,,,,,,,,,,,,,,,,,,,,,,0.2719724156465779,0.20896073558612074,0.2281247787390972,0.27719563169484396,,,,0.17556884213234702,,,,,,,,31.34738415775747,31.811651122750277,29.649119834160977,30.088235096335314,28.14855534687258,28.5683056739504,26.098824662216483,26.80215862243702,,,,,-0.01759034675517676,,1.1159104619503992,1.1324360929380148,0.8711047827599134,0.8840041564282528,73.98351244511151,73.98350348176216,,31.410793685913085,31.87599983215332,29.390430268787203,29.825714202154252,27.726971399216424,28.137618958003937,26.23287470378573,26.832341239565896,27.922654228210448,26.767827739715575,1,29001147.035598755221400,26488244.64249081,,,,,,,
2026-02-27,,,,,,,32.200000762939450,32.630001068115234,32.060001373291016,32.209999084472656,1198600,,,,,31.739917755126953,,,,,,,,,,,,,,,,,,,,,,,,,,,,,,,,,,,,,,,,,,,,,,,,,,,,,,,,,,,,,,,,,,,,,,,,,,,,,,,,,,,,,,,,,,,,,,,,,,,,,,,,,,,,,,,,,,,,,,,,,,,,,,,,,,,,,,,,,,,,,0.2581637662825847,0.20567570613102906,0.22797763610527869,0.27603091751319336,,,,0.15845231029160556,,,,,,,,31.478228690213964,31.94443377665774,29.839192372430613,30.281122731620528,28.26078542213053,28.682108593029223,26.143418283504314,26.844908349409636,,,,,0.002798057707151206,,1.136506832705951,1.1533376642874131,0.9241851927491209,0.9378708580000849,74.44080618446739,74.44080107410718,,31.596049499511718,32.063999557495116,29.584695906866166,30.022857030232746,27.804083264063276,28.21587290082659,26.259103441995286,26.854960282643635,28.00463996887207,26.805001974105835,1,38606904.902648925481600,26891646.175357275,,,,,,,
2026-03-02,,,,,,,32.630001068115234,33.085998535156250,32.250000000000000,32.849998474121094,1329100,,,,,32.370578765869140,,,,,,,,,,,,,,,,,,,,,,,,,,,,,,,,,,,,,,,,,,,,,,,,,,,,,,,,,,,,,,,,,,,,,,,,,,,,,,,,,,,,,,,,,,,,,,,,,,,,,,,,,,,,,,,,,,,,,,,,,,,,,,,,,,,,,,,,,,,,,0.2766796422440797,0.20561208026861716,0.22836443574685183,0.2766595140401157,,,,0.16345008287653914,,,,,,,,31.775678715432356,32.24628867581219,30.069318408197752,30.51465689002967,28.389216464122363,28.812355151813343,26.192644848582297,26.892379417589172,,,,,0.01967482358862374,,1.1900010860613186,1.2076241724756969,0.9773483714115605,0.9918215208952073,77.47311473449095,77.47310319350241,,31.86013832092285,32.33199920654297,29.782715570359002,30.223809378487722,27.896523702712287,28.309682391938708,26.287533866034615,26.879801545824325,28.112049217224122,26.844749660491942,1,43660932.971954346035400,27320493.804595582,,,,,,,
2026-03-03,,,,,,,32.799999237060550,33.229999542236330,32.349998474121094,33.069999694824220,836500,,,,,32.587368011474610,,,,,,,,,,,,,,,,,,,,,,,,,,,,,,,,,,,,,,,,,,,,,,,,,,,,,,,,,,,,,,,,,,,,,,,,,,,,,,,,,,,,,,,,,,,,,,,,,,,,,,,,,,,,,,,,,,,,,,,,,,,,,,,,,,,,,,,,,,,,,0.2768533485445986,0.1986338514159061,0.22499325736584447,0.276717424584601,,,,0.18384973377554784,,,,,,,,32.04624181411311,32.52085901548287,30.298232008495646,30.74696078137463,28.52040869997712,28.945406543782433,26.243196019830457,26.941214360492214,,,,,0.006674781492923685,,1.2356450011765219,1.2539441931069355,1.0290076973645528,1.044246055337553,78.42084993085354,78.42084466868464,,32.11240196228027,32.587998962402345,30.00185103643508,30.446190334501722,27.98270761399042,28.39714271303207,26.316674096243723,26.905357103499156,28.219064292907714,26.88331024169922,1,27663054.744720460030000,27542565.852368068,,,,,,,
2026-03-04,,,,,,,32.819999694824220,33.430000305175780,32.779998779296875,33.330001831054690,596300,,,,,32.843574523925780,,,,,,,,,,,,,,,,,,,,,,,,,,,,,,,,,,,,,,,,,,,,,,,,,,,,,,,,,,,,,,,,,,,,,,,,,,,,,,,,,,,,,,,,,,,,,,,,,,,,,,,,,,,,,,,,,,,,,,,,,,,,,,,,,,,,,,,,,,,,,0.21519286835599677,0.194982106598743,0.2252082682138365,0.27657166496044605,,,,0.20634341414910276,,,,,,,,32.312019384050664,32.79057328734014,30.52962678262566,30.981782694981906,28.655507631975517,29.082425146509692,26.29537292500117,26.991718609271366,,,,,0.007831396338404054,,1.2777626051668527,1.2966857563992882,1.0787586789250128,1.0947339955499,79.51759076956726,79.51759068801269,,32.238534164428714,32.715999603271484,30.237410045805433,30.685238066173735,28.071863416641477,28.487618945893786,26.347846674540687,26.933015838501944,28.334159698486328,26.92223377227783,1,19874680.091857911647000,27548361.688629027,,,,,,,
2026-03-05,,,,,,,33.279998779296875,33.349998474121094,32.700000762939450,33.310001373291016,1261800,,,,,32.823867797851560,,,,,,,,,,,,,,,,,,,,,,,,,,,,,,,,,,,,,,,,,,,,,,,,,,,,,,,,,,,,,,,,,,,,,,,,,,,,,,,,,,,,,,,,,,,,,,,,,,,,,,,,,,,,,,,,,,,,,,,,,,,,,,,,,,,,,,,,,,,,,0.12206020832992923,0.1943573599756028,0.22462272412037368,0.2765669017639186,,,,0.2385496573314827,,,,,,,,32.4826355219843,32.9637159826571,30.738194147646198,31.193438938464553,28.785768887159144,29.214536903596606,26.346981580122517,27.041665508591677,,,,,-0.0006001977835300629,,1.294627284216979,1.3138002124175685,1.121932399983406,1.1385472389234337,79.18422779365653,79.18419663904373,,32.47306137084961,32.954000091552736,30.449976239885604,30.900952384585427,28.16320900689988,28.580317391289604,26.37860249716138,26.960238063146196,28.452211380004883,26.96656726837158,1,42030559.732818603988800,28029851.117600337,,,,,,,
2026-03-06,,,,,,,34.000000000000000,34.009998321533200,33.000000000000000,33.450000762939450,1369900,,,,,32.961822509765625,,,,,,,,,,,,,,,,,,,,,,,,,,,,,,,,,,,,,,,,,,,,,,,,,,,,,,,,,,,,,,,,,,,,,,,,,,,,,,,,,,,,,,,,,,,,,,,,,,,,,,,,,,,,,,,,,,,,,,,,,,,,,,,,,,,,,,,,,,,,,0.1192027568989807,0.191194981931037,0.2217210322559893,0.2745796795916398,,,,0.24132455986888746,,,,,,,,32.6423645179114,33.125810909417886,30.940342180566144,31.398580922507726,28.916270562865595,29.34689514920107,26.39927281276792,27.09232428530589,,,,,0.004194070579488,,1.3040916988480653,1.3234049345415428,1.158364259756338,1.1755187780470555,79.82196216622143,79.82193855291521,,32.71744232177734,33.20200042724609,30.673334848313104,31.12761906215123,28.2630009121365,28.681587249513658,26.406444973415798,26.984365046970428,28.56435054779053,27.011880474090574,1,45823156.045150752555000,28523799.247932434,,,,,,,
2026-03-09,,,,,,,33.599998474121094,33.845001220703125,33.115001678466800,33.380001068115234,1475300,,,,,32.892845153808594,,,,,,,,,,,,,,,,,,,,,,,,,,,,,,,,,,,,,,,,,,,,,,,,,,,,,,,,,,,,,,,,,,,,,,,,,,,,,,,,,,,,,,,,,,,,,,,,,,,,,,,,,,,,,,,,,,,,,,,,,,,,,,,,,,,,,,,,,,,,,0.0696441030742375,0.1933528971906339,0.22085482712069904,0.2529580351529405,,,,0.19083480322655785,,,,,,,,32.72585806321047,33.210540962317,31.117842450860913,31.578710026653862,29.040538518832562,29.47292970916714,26.45060540044413,27.142029240110706,,,,,-0.0020948365128523197,,1.291142927512908,1.310264442777573,1.184919993307652,1.202467910993159,78.52651909392947,78.52648270107329,,32.821895599365234,33.30800094604492,30.878393173217773,31.33571434020996,28.355597813924152,28.7755555349683,26.44432086793203,27.019087276761493,28.664073638916015,27.05192011833191,1,49245515.575790404720200,28895274.016779944,,,,,,,
2026-03-10,,,,,,,33.319999694824220,33.529998779296875,32.950000762939450,33.049999237060550,623300,,,,,32.567657470703125,,,,,,,,,,,,,,,,,,,,,,,,,,,,,,,,,,,,,,,,,,,,,,,,,,,,,,,,,,,,,,,,,,,,,,,,,,,,,,,,,,,,,,,,,,,,,,,,,,,,,,,,,,,,,,,,,,,,,,,,,,,,,,,,,,,,,,,,,,,,,0.1071705300128049,0.20175816642832814,0.22189991445266039,0.2519484472421523,,,,0.19079878783868223,,,,,,,,32.673124532374686,33.15702705389818,31.249643816301113,31.71246359123629,29.15076098607852,29.58471313191381,26.498961543292026,27.1887325602447,,,,,-0.009935467804195713,,1.240343101432643,1.2587124647840326,1.1960046149326502,1.2137168217513337,72.54876321961758,72.54876684454695,,32.817953491210936,33.30400085449219,31.05998929341634,31.520000003633044,28.4386534009661,28.85984124077691,26.483088130042667,27.05480156247578,28.75689880371094,27.09018886566162,1,20600064.524459840815000,28977002.344588626,,,,,,,
2026-03-11,,,,,,,33.250000000000000,33.630001068115234,33.000000000000000,33.450000762939450,540900,,,,,32.961822509765625,,,,,,,,,,,,,,,,,,,,,,,,,,,,,,,,,,,,,,,,,,,,,,,,,,,,,,,,,,,,,,,,,,,,,,,,,,,,,,,,,,,,,,,,,,,,,,,,,,,,,,,,,,,,,,,,,,,,,,,,,,,,,,,,,,,,,,,,,,,,,0.12876891667907137,0.20131234659128566,0.22017675696934572,0.250159646312488,,,,0.20430710115147807,,,,,,,,32.769357191505,33.25468495691194,31.405296424797886,31.870421515936577,29.26985665869374,29.705503370383358,26.550051353303676,27.238228751570347,,,,,0.01203030431704795,,1.2178510687145447,1.2358873904742005,1.200373905689029,1.218150935495907,75.03000445577295,75.03000036678114,,32.8416030883789,33.32800064086914,31.261293592907133,31.7242857615153,28.5337528652615,28.956349176073832,26.5203725345551,27.08888886466859,28.857607269287108,27.12965531349182,1,18093105.412673948505000,29021817.93100872,,,,,,,
2026-03-12,,,,,,,33.450000762939450,33.819999694824220,33.040000915527344,33.060001373291016,1228000,,,,,32.577514648437500,,,,,,,,,,,,,,,,,,,,,,,,,,,,,,,,,,,,,,,,,,,,,,,,,,,,,,,,,,,,,,,,,,,,,,,,,,,,,,,,,,,,,,,,,,,,,,,,,,,,,,,,,,,,,,,,,,,,,,,,,,,,,,,,,,,,,,,,,,,,,0.15707097245715337,0.20841183379144912,0.2221879392618465,0.2501955219092133,,,,0.17554083413403465,,,,,,,,32.70540967714917,33.1897904290383,31.511861717856032,31.978565139332435,29.373220970873234,29.810331432974223,26.597699284490503,27.284250669528614,,,,,-0.011727682419247999,,1.1556934237301455,1.1728092482882886,1.1914378092972524,1.2090825980543833,68.52644483623841,68.52644357061938,,32.79233245849609,33.27800064086914,31.44898995899019,31.914762042817614,28.62150089324467,29.04539680480957,26.554852924649676,27.120079343281095,28.949052925109864,27.163672847747804,1,40597681.686401367648000,29392379.140641954,,,,,,,
2026-03-13,,,,,,,33.040000915527344,33.549999237060550,32.799999237060550,33.490001678466800,1364100,,,,,33.001239776611330,,,,,,,,,,,,,,,,,,,,,,,,,,,,,,,,,,,,,,,,,,,,,,,,,,,,,,,,,,,,,,,,,,,,,,,,,,,,,,,,,,,,,,,,,,,,,,,,,,,,,,,,,,,,,,,,,,,,,,,,,,,,,,,,,,,,,,,,,,,,,0.1864971061032211,0.2082389933266968,0.22151364265004791,0.24984511923575556,,,,0.18478971567729716,,,,,,,,32.80401971030322,33.28986084551447,31.647259723197426,32.11596846107192,29.48659655855255,29.925321128145868,26.648320157946003,27.333307989757376,,,,,0.012922814063268505,,1.127625553425979,1.1443257225066432,1.1786753581229976,1.1961312229448353,71.46346560530142,71.46346274242967,,32.80021591186524,33.28600082397461,31.638563246954057,32.10714303879511,28.720197889539932,29.14555555676657,26.589209140293182,27.151071412222727,29.04936725616455,27.200340538024903,1,45683711.289596561880000,29648166.266953,,,,,,,
2026-03-16,,,,,,,33.419998168945310,33.955001831054690,33.380001068115234,33.950000762939450,622800,,,,,33.454524993896484,,,,,,,,,,,,,,,,,,,,,,,,,,,,,,,,,,,,,,,,,,,,,,,,,,,,,,,,,,,,,,,,,,,,,,,,,,,,,,,,,,,,,,,,,,,,,,,,,,,,,,,,,,,,,,,,,,,,,,,,,,,,,,,,,,,,,,,,,,,,,0.20648208863266374,0.20881092339051474,0.22195205059284628,0.2501085609632885,,,,0.22840401131808644,,,,,,,,33.02085480483431,33.509907484656125,31.811556565988248,32.28269867033261,29.61059432215705,30.051092366733165,26.70212414874403,27.385613861482135,,,,,0.013641924025882287,,1.1289441276044236,1.1456639045159136,1.1687291120192829,1.186037759259051,74.23352017569701,74.23352112504513,,32.91255187988281,33.400000762939456,31.84878312973749,32.320476441156295,28.821397508893693,29.248253988841224,26.625702661181254,27.18424601781936,29.177075843811036,27.241883935928346,1,21144060.475158689460000,29821436.181961544,,,,,,,
2026-03-17,,,,,,,34.000000000000000,34.238998413085940,33.630001068115234,33.750000000000000,538300,,,,,33.257442474365234,,,,,,,,,,,,,,,,,,,,,,,,,,,,,,,,,,,,,,,,,,,,,,,,,,,,,,,,,,,,,,,,,,,,,,,,,,,,,,,,,,,,,,,,,,,,,,,,,,,,,,,,,,,,,,,,,,,,,,,,,,,,,,,,,,,,,,,,,,,,,0.1915532758673868,0.19886648180413857,0.22130591890600104,0.2500246519775455,,,,0.1908777338136653,,,,,,,,33.09971736134462,33.589938323104086,31.943000739477064,32.41608970030237,29.724558326913552,30.166683230272753,26.753944846970285,27.435925214355795,,,,,-0.005908477904579831,,1.1013900559285865,1.117701861986518,1.1552613008011436,1.1723705798045443,71.00618189515838,71.0061921194966,,33.05050888061523,33.540000915527344,32.01114036923363,32.48523830232166,28.923379171462287,29.351746059599378,26.660360828278556,27.21551585575891,29.292565383911132,27.28244192123413,1,18167625.000000000000000,29888902.407897465,,,,,,,
2026-03-18,,,,,,,33.909999847412110,33.909999847412110,33.340000152587890,33.340000152587890,569200,,,,,32.853427886962890,,,,,,,,,,,,,,,,,,,,,,,,,,,,,,,,,,,,,,,,,,,,,,,,,,,,,,,,,,,,,,,,,,,,,,,,,,,,,,,,,,,,,,,,,,,,,,,,,,,,,,,,,,,,,,,,,,,,,,,,,,,,,,,,,,,,,,,,,,,,,0.20587484473818035,0.19467504859806078,0.21691644069301347,0.25035509173835946,,,,0.1766653835100024,,,,,,,,33.01762086988404,33.506625599598685,32.02576684379396,32.50008155960105,29.822335500665094,30.2658493840951,26.80216210420343,27.48259774351178,,,,,-0.012222486704501866,,1.0350215705102528,1.050350395117377,1.1312133547429655,1.1479665428671109,64.78787968932762,64.78786486636977,,33.028829956054686,33.518000793457034,32.1763132186163,32.65285737173898,29.006121983603826,29.43571432809981,26.69367908296131,27.24543649431259,29.417514839172362,27.32107647895813,1,18977128.086853026988000,29637408.106849305,,,,,,,
2026-03-19,,,,,,,33.439998626708984,33.799999237060550,33.200000762939450,33.580001831054690,867200,,,,,33.089927673339844,,,,,,,,,,,,,,,,,,,,,,,,,,,,,,,,,,,,,,,,,,,,,,,,,,,,,,,,,,,,,,,,,,,,,,,,,,,,,,,,,,,,,,,,,,,,,,,,,,,,,,,,,,,,,,,,,,,,,,,,,,,,,,,,,,,,,,,,,,,,,0.18446849592079514,0.1947769424819567,0.21043894124225002,0.2492588207385372,,,,0.1985606949504168,,,,,,,,33.04172313770264,33.531084343417355,32.12250873738904,32.5982561297332,29.92444775606118,30.36941664806259,26.851867760876445,27.530798566338206,,,,,0.007172847009503681,,0.9900944316113041,1.0047577798113565,1.1029895701166332,1.11932479025596,66.6301297203942,66.63010990020109,,33.13131256103516,33.62200088500977,32.34570930117653,32.824762253534224,29.102785655430385,29.533809601314484,26.725453081585112,27.27369047346569,29.560004539489746,27.36137674331665,1,29120577.587890627168000,29585824.266191512,,,,,,,
2026-03-20,,,,,,,33.610000610351560,34.000000000000000,33.349998474121094,33.479999542236330,1042400,,,,,32.991382598876950,,,,,,,,,,,,,,,,,,,,,,,,,,,,,,,,,,,,,,,,,,,,,,,,,,,,,,,,,,,,,,,,,,,,,,,,,,,,,,,,,,,,,,,,,,,,,,,,,,,,,,,,,,,,,,,,,,,,,,,,,,,,,,,,,,,,,,,,,,,,,0.16472982759403143,0.18569840464552487,0.21049912030888143,0.24861900047438623,,,,0.11890744339805691,,,,,,,,33.02494295809408,33.514056076357015,32.20149727025158,32.67841462177894,30.020289469899172,30.466622363505518,26.900401475010835,27.577827823064673,,,,,-0.002982542177449173,,0.9357508332961615,0.9496094481437893,1.0695418227525388,1.085381721833526,65.10172715271455,65.10174172176112,,33.12934112548828,33.62000045776367,32.477565856206986,32.95857175191244,29.194131185138037,29.626508016434926,26.75852880780659,27.303333327883767,29.705056228637694,27.397850189208985,1,34899551.522827150392000,29807403.440560237,,,,,,,
2026-03-23,,,,,,,33.250000000000000,34.029998779296875,32.880001068115234,33.759998321533200,970400,,,,,33.267295837402344,,,,,,,,,,,,,,,,,,,,,,,,,,,,,,,,,,,,,,,,,,,,,,,,,,,,,,,,,,,,,,,,,,,,,,,,,,,,,,,,,,,,,,,,,,,,,,,,,,,,,,,,,,,,,,,,,,,,,,,,,,,,,,,,,,,,,,,,,,,,,0.13923210241023434,0.17809294584455315,0.21004435849004727,0.24763657826625382,,,,0.11617912717029373,,,,,,,,33.10572725119683,33.59603682474908,32.298388049083464,32.77674041266569,30.121758418883648,30.569540362193884,26.950732655741202,27.626698736096042,,,,,0.008328413420566763,,0.9045202857430645,0.9179163906485073,1.036537515350644,1.0518886555965221,67.35933447579472,67.3593429413455,,33.091895294189456,33.581999969482425,32.59440667288644,33.0771430787586,29.29220248025561,29.72603180294945,26.790291930001878,27.33154760845124,29.855034942626954,27.434736795425415,1,32760702.371215817280000,29939500.148095027,,,,,,,
2026-03-24,,,,,,,33.849998474121094,34.459999084472656,33.689998626708984,33.849998474121094,761600,,,,,33.355983734130860,,,,,,,,,,,,,,,,,,,,,,,,,,,,,,,,,,,,,,,,,,,,,,,,,,,,,,,,,,,,,,,,,,,,,,,,,,,,,,,,,,,,,,,,,,,,,,,,,,,,,,,,,,,,,,,,,,,,,,,,,,,,,,,,,,,,,,,,,,,,,0.1338632636294196,0.17751935535981533,0.2091672355938142,0.2474160734375628,,,,0.10196591511606105,,,,,,,,33.18914607884151,33.68069070787308,32.3945331113605,32.874309327343454,30.22282795998512,30.67205467819161,27.0013670516178,27.675894781455924,,,,,0.00266237116171675,,0.8768188025189119,0.8898045612999823,1.0045937727842975,1.0194718367372142,68.07426183795158,68.07426093750117,,33.111603546142575,33.60199966430664,32.70420900980631,33.18857156662714,29.39434057568747,29.829682577224006,26.823347417135086,27.361111095973424,30.008166999816893,27.4724534034729,1,25780158.837890625190400,29962542.991105337,,,,,,,
2026-03-25,,,,,,,33.830001831054690,34.330001831054690,33.740001678466800,34.130001068115234,680200,,,,,33.631900787353516,,,,,,,,,,,,,,,,,,,,,,,,,,,,,,,,,,,,,,,,,,,,,,,,,,,,,,,,,,,,,,,,,,,,,,,,,,,,,,,,,,,,,,,,,,,,,,,,,,,,,,,,,,,,,,,,,,,,,,,,,,,,,,,,,,,,,,,,,,,,,0.07735012791577332,0.17729678752504768,0.20784458479157833,0.2474893186893971,,,,0.08476296044855616,,,,,,,,33.33673098167885,33.8304608279538,32.50702108190532,32.98846312195907,30.329361485840383,30.780115502876722,27.053782338066306,27.72691538451252,,,,,0.008237866162183746,,0.867133601360841,0.8799757901198859,0.9771017384996062,0.9915726274137485,70.25692936520171,70.25692405227508,,33.2672981262207,33.75999984741211,32.81401143755232,33.3000001453218,29.4939760783362,29.93079370165628,26.857008790212966,27.39126982764592,30.16563491821289,27.513385763168333,1,23215226.726531982166800,29816112.6809317,,,,,,,
2026-03-26,,,,,,,34.270000457763670,34.444999694824220,33.930000305175780,34.000000000000000,1296200,,,,,33.503795623779300,,,,,,,,,,,,,,,,,,,,,,,,,,,,,,,,,,,,,,,,,,,,,,,,,,,,,,,,,,,,,,,,,,,,,,,,,,,,,,,,,,,,,,,,,,,,,,,,,,,,,,,,,,,,,,,,,,,,,,,,,,,,,,,,,,,,,,,,,,,,,0.09286008145520394,0.15458947361219924,0.205511260570053,0.24720083116639602,,,,-0.03386073875397724,,,,,,,,33.39241919571233,33.88697388530253,32.597636949348406,33.08042101996279,30.428562552650977,30.880736893411825,27.104770585384195,27.77650498621598,,,,,-0.0038163101271497172,,0.8394444010645756,0.8518765162104032,0.9495702710126002,0.9636334051730795,67.9346691598837,67.93468530707764,,33.35007171630859,33.84399948120117,32.875482014247346,33.36238116309757,29.58281901526073,30.020952436659073,26.89132794879732,27.422142846243723,30.312066230773926,27.55319438934326,1,44070800.000000000000000,30043559.289193533,,,,,,,
2026-03-27,,,,,,,33.990001678466800,34.465000152587890,33.779998779296875,34.209999084472656,860700,,,,,33.710727691650390,,,,,,,,,,,,,,,,,,,,,,,,,,,,,,,,,,,,,,,,,,,,,,,,,,,,,,,,,,,,,,,,,,,,,,,,,,,,,,,,,,,,,,,,,,,,,,,,,,,,,,,,,,,,,,,,,,,,,,,,,,,,,,,,,,,,,,,,,,,,,0.08084322659134821,0.13790884460098896,0.20556375492709175,0.246916218014442,,,,0.010015268179192936,,,,,,,,33.498522027691685,33.994648951692575,32.69882701683041,33.183109934918235,30.531130213244708,30.984776336882476,27.156991590176812,27.827362647071762,,,,,0.006157381216262391,,0.8246916666333988,0.8369054848009512,0.9245945501367598,0.9382878210986538,69.6781730699185,69.67820860352256,,33.49394073486328,33.98999938964844,32.97355324881418,33.461904979887464,29.67463375273205,30.114127022879465,26.925076424129426,27.452380937243266,30.46756320953369,27.592829666137696,1,29444546.212005615019200,30344176.878962442,,,,,,,
2026-03-30,,,,,,,34.520000457763670,34.900001525878906,34.119998931884766,34.259998321533200,2838800,,,,,33.759998321533200,,,,,,,,,,,,,,,,,,,,,,,,,,,,,,,,,,,,,,,,,,,,,,,,,,,,,,,,,,,,,,,,,,,,,,,,,,,,,,,,,,,,,,,,,,,,,,,,,,,,,,,,,,,,,,,,,,,,,,,,,,,,,,,,,,,,,,,,,,,,,0.07374927983198284,0.13801154816556901,0.20549821095496362,0.2458864274046223,,,,-0.04850968367096993,,,,,,,,33.585680792305524,34.083098741639446,32.79529713543975,33.28100887915596,30.632032341628722,31.08712702390281,27.209189271847613,27.878213521968693,,,,,0.001460504178696369,,0.8076654814528084,0.8196272029231579,0.9012087363999696,0.9145556974635546,70.09511383042019,70.09514007661944,,33.592481231689455,34.08999938964844,33.069747561500186,33.55952399117606,29.767230563693577,30.20809524778336,26.96112697086637,27.48503965801663,30.62700180053711,27.63246970176697,1,97257283.235168448160000,31669950.198981874,,,,,,,
2026-03-31,,,,,,,33.709999084472656,34.000000000000000,32.740001678466800,33.319999694824220,1236800,,,,,33.319999694824220,,,,,,,,,,,,,,,,,,,,,,,,,,,,,,,,,,,,,,,,,,,,,,,,,,,,,,,,,,,,,,,,,,,,,,,,,,,,,,,,,,,,,,,,,,,,,,,,,,,,,,,,,,,,,,,,,,,,,,,,,,,,,,,,,,,,,,,,,,,,,0.13617498873917672,0.13461460092107408,0.20801554855907026,0.2462556043573559,,,,-0.08008123072598634,,,,,,,,33.497120426478425,33.82873239270104,32.842997368111064,33.284553498762165,30.716031321416082,31.156904294869104,27.257496073610273,27.921231594481384,,,,,-0.013118811870431889,,0.7500221070986086,0.721763961111364,0.8709714105396974,0.8759973501931165,61.90828595597973,54.830665314546216,,33.58528442382813,33.98399963378906,33.114958081926616,33.58190500168573,29.851591957939995,30.28587301950606,26.994829624418227,27.51333330547999,30.770545501708984,27.66715549468994,1,41210175.622558595296000,32011730.63659668,,,,,,,
2026-04-01,,,,,,,33.110000610351560,33.279998779296875,32.020000457763670,32.400001525878906,1590800,,,,,32.400001525878906,,,,,,,,,,,,,,,,,,,,,,,,,,,,,,,,,,,,,,,,,,,,,,,,,,,,,,,,,,,,,,,,,,,,,,,,,,,,,,,,,,,,,,,,,,,,,,,,,,,,,,,,,,,,,,,,,,,,,,,,,,,,,,,,,,,,,,,,,,,,,0.21477151026655625,0.16709012098676482,0.2168382327356881,0.24785663770589078,,,,-0.1294736388191114,,,,,,,,33.131414126278585,33.352488770426994,32.802725018817235,33.204139683045504,30.768655390305547,31.195751083338163,27.298148290624255,27.95663689038176,,,,,-0.027999338246394327,,0.6229224914112308,0.5634750834100686,0.821361626714004,0.8134928968365069,49.01702996563785,44.59483752817754,,33.338904571533206,33.6379997253418,33.10603586832682,33.55000032697405,29.921663042098757,30.3493651132735,27.025533426375617,27.540634897020126,30.88859432220459,27.698256015777588,1,51541922.427368163664800,30314112.29621948,,,,,,,
2026-04-02,,,,,,,32.779998779296875,33.205001831054690,32.549999237060550,33.169998168945310,1449400,,,,,33.169998168945310,,,,,,,,,,,,,,,,,,,,,,,,,,,,,,,,,,,,,,,,,,,,,,,,,,,,,,,,,,,,,,,,,,,,,,,,,,,,,,,,,,,,,,,,,,,,,,,,,,,,,,,,,,,,,,,,,,,,,,,,,,,,,,,,,,,,,,,,,,,,,0.31023550482526496,0.18454932919030348,0.2085047002240246,0.24886596891090798,,,,-0.0866881432252082,,,,,,,,33.144275473834156,33.2916585699331,32.83611348701069,33.2010359090364,30.843697352138037,31.257446304763384,27.344566076223632,27.99784923250479,,,,,0.023487327863517968,,0.5776684222550585,0.494462446100556,0.7726229858222149,0.7496868066893168,57.07371380765975,52.57471080809217,,33.2721450805664,33.47199935913086,33.12157985142299,33.54238110496884,30.018502765231663,30.439841285584464,27.059254419235955,27.570952347346715,31.024605140686035,27.73368971824646,1,48076595.346069332314000,30736953.691170707,,,,,,,
2026-04-06,,,,,,,33.290000915527344,33.360000610351560,32.979999542236330,33.200000762939450,1642000,,,,,33.200000762939450,,,,,,,,,,,,,,,,,,,,,,,,,,,,,,,,,,,,,,,,,,,,,,,,,,,,,,,,,,,,,,,,,,,,,,,,,,,,,,,,,,,,,,,,,,,,,,,,,,,,,,,,,,,,,,,,,,,,,,,,,,,,,,,,,,,,,,,,,,,,,0.30370341315912125,0.18451288562577597,0.2071299490936618,0.24859018110014863,,,,-0.12123815541600433,,,,,,,,33.162850570202586,33.261105967601885,32.86919414845877,33.20094180484576,30.917331833725584,31.318151131581388,27.39085409746249,28.038972960018107,,,,,0.0009041011457181053,,0.5380232083658001,0.437151185665563,0.725703030330932,0.687179682484566,57.356487379289746,52.85961154699012,,33.16999969482422,33.26999969482422,33.139490944998606,33.53714298066639,30.109249357193235,30.52412702166845,27.091828951759943,27.600079332079208,31.154121055603028,27.770529766082763,1,54514401.252746576900000,31232874.10009172,,,,,,,
2026-04-07,,,,,,,33.150001525878906,33.950000762939450,33.150001525878906,33.849998474121094,1146600,,,,,33.849998474121094,,,,,,,,,,,,,,,,,,,,,,,,,,,,,,,,,,,,,,,,,,,,,,,,,,,,,,,,,,,,,,,,,,,,,,,,,,,,,,,,,,,,,,,,,,,,,,,,,,,,,,,,,,,,,,,,,,,,,,,,,,,,,,,,,,,,,,,,,,,,,0.34443073032517235,0.19548366936213712,0.19677120948262622,0.24790394895616963,,,,-0.07917074838717332,,,,,,,,33.391899871508755,33.45740346977495,32.95835817806443,33.259946956598064,31.008977666237943,31.397271361035752,27.4419145273175,28.084909920603902,,,,,0.019389055378072874,,0.5526824940070512,0.4391190903687061,0.6910989230661558,0.637567564061394,63.03737289594476,58.65455221022786,,33.1879997253418,33.1879997253418,33.18178503853934,33.556190490722656,30.224234172276088,30.632857156178307,27.129398845490954,27.634285677047004,31.28579750061035,27.81361565589905,1,38812408.250427246380400,30608229.786606442,,,,,,,
2026-04-08,,,,,,,32.909999847412110,33.580001831054690,32.810001373291016,33.490001678466800,1287900,,,,,33.490001678466800,,,,,,,,,,,,,,,,,,,,,,,,,,,,,,,,,,,,,,,,,,,,,,,,,,,,,,,,,,,,,,,,,,,,,,,,,,,,,,,,,,,,,,,,,,,,,,,,,,,,,,,,,,,,,,,,,,,,,,,,,,,,,,,,,,,,,,,,,,,,,0.338755244117414,0.19957193047224944,0.19061198605738053,0.24178210567867367,,,,-0.0197436439383911,,,,,,,,33.42460047382811,33.468269539338905,33.006689405373734,33.280861022222496,31.086509666620096,31.46266918345547,27.489725492939236,28.127637918689775,,,,,-0.010692017356060407,,0.5291516202093121,0.4069389967891155,0.6587094624947871,0.5914418506069383,58.39727503916512,54.64773531459054,,33.22200012207031,33.22200012207031,33.210221063523065,33.561428615025115,30.343671617053804,30.746190510098895,27.1706790015811,27.672380924224854,31.412441902160644,27.854659957885744,1,43131773.161697391720000,30773975.226105586,,,,,,,
2026-04-09,,,,,,,33.630001068115234,34.150001525878906,33.450000762939450,33.450000762939450,512300,,,,,33.450000762939450,,,,,,,,,,,,,,,,,,,,,,,,,,,,,,,,,,,,,,,,,,,,,,,,,,,,,,,,,,,,,,,,,,,,,,,,,,,,,,,,,,,,,,,,,,,,,,,,,,,,,,,,,,,,,,,,,,,,,,,,,,,,,,,,,,,,,,,,,,,,,0.23014176685062954,0.19587909744416485,0.18914016699606218,0.24037903605859334,,,,-0.024348229189310015,,,,,,,,33.43306723686522,33.462179947205755,33.046990437879714,33.29623736228768,31.160368763380074,31.524773295314347,27.536842293492597,28.169711933268825,,,,,-0.0011951275419676,,0.5014945763062286,0.37389823509023756,0.6272664852570754,0.5479331275035981,57.88739382503032,54.204647023976655,,33.43199996948242,33.43199996948242,33.252237410772416,33.58047630673363,30.46607165866428,30.862539715237087,27.214024687570237,27.71261902460976,31.525673065185547,27.893619775772095,1,17136435.390853880235000,30706256.284886315,,,,,,,
2026-04-10,,,,,,,33.450000762939450,33.669998168945310,33.250000000000000,33.250000000000000,450600,,,,,33.250000000000000,,,,,,,,,,,,,,,,,,,,,,,,,,,,,,,,,,,,,,,,,,,,,,,,,,,,,,,,,,,,,,,,,,,,,,,,,,,,,,,,,,,,,,,,,,,,,,,,,,,,,,,,,,,,,,,,,,,,,,,,,,,,,,,,,,,,,,,,,,,,,0.18226401803933948,0.19334295415771732,0.19013975052957138,0.23085959341065274,,,,-0.0541706714300054,,,,,,,,33.37204482457681,33.391453298137165,33.06544585261792,33.292033965716065,31.225669739524445,31.578686629835772,27.58200559552032,28.209872313242983,,,,,-0.005997042280728439,,0.45815643744333556,0.3277961730678598,0.5934444756943275,0.5039057366164504,55.28810500942964,51.93717052399457,,33.44800033569336,33.44800033569336,33.26596014840262,33.57095246087937,30.584827846950954,30.975238133990576,27.262252421606156,27.757936485229976,31.63746627807617,27.932932538986208,1,14982450.000000000000000,30704945.732819088,,,,,,,
2026-04-13,,,,,,,33.500000000000000,33.569999694824220,32.930000305175780,33.110000610351560,1187000,,,,,33.110000610351560,,,,,,,,,,,,,,,,,,,,,,,,,,,,,,,,,,,,,,,,,,,,,,,,,,,,,,,,,,,,,,,,,,,,,,,,,,,,,,,,,,,,,,,,,,,,,,,,,,,,,,,,,,,,,,,,,,,,,,,,,,,,,,,,,,,,,,,,,,,,,0.1851230916680635,0.18910468010349696,0.19038578443655474,0.2165263809711811,,,,-0.026089329604225255,,,,,,,,33.2846967531684,33.29763573554197,33.06949628513916,33.27548547886475,31.284555079237794,31.626540191726892,27.625705160854956,28.248608505314987,,,,,-0.004219397108653381,,0.40781285668200695,0.276772712502094,0.5563181518918633,0.4584791317935792,53.47791493180238,50.34942831209372,,33.43000030517578,33.43000030517578,33.29131662277948,33.573333376929874,30.702456731644887,31.08682544647701,27.30279162573436,27.79531743791368,31.73542297363281,27.974106283187865,1,39301570.724487301720000,31001828.062735662,,,,,,,
2026-04-14,,,,,,,32.950000762939450,33.250000000000000,32.400001525878906,32.630001068115234,1328000,,,,,32.630001068115234,,,,,,,,,,,,,,,,,,,,,,,,,,,,,,,,,,,,,,,,,,,,,,,,,,,,,,,,,,,,,,,,,,,,,,,,,,,,,,,,,,,,,,,,,,,,,,,,,,,,,,,,,,,,,,,,,,,,,,,,,,,,,,,,,,,,,,,,,,,,,0.08448297198702628,0.19085157071933204,0.19397467735314175,0.2142790687516733,,,,-0.10284518177345262,,,,,,,,33.066464858150674,33.075090846399725,33.02954217450062,33.21680507788752,31.326600266390212,31.657898344114027,27.66526481229575,28.283244019645426,,,,,-0.014603226653833477,,0.32543187856602174,0.19535240000006127,0.510140897226695,0.4058537854348756,47.71020842098968,45.24262782203427,,33.18600082397461,33.18600082397461,33.273638589041575,33.53238096691313,30.81152809990777,31.189841346135214,27.34441732224964,27.833888871329172,31.82831253051758,28.012203559875488,1,43332641.418457030752000,31350574.632850524,,,,,,,
2026-04-15,,,,,,,32.500000000000000,32.740001678466800,32.341999053955080,32.400001525878906,930300,,,,,32.400001525878906,,,,,,,,,,,,,,,,,,,,,,,,,,,,,,,,,,,,,,,,,,,,,,,,,,,,,,,,,,,,,,,,,,,,,,,,,,,,,,,,,,,,,,,,,,,,,,,,,,,,,,,,,,,,,,,,,,,,,,,,,,,,,,,,,,,,,,,,,,,,,0.07918098566279622,0.18485451622647225,0.19345771839816892,0.21389583413804575,,,,-0.15630207824260897,,,,,,,,32.84431041406008,32.850061072892785,32.972311206444104,33.1425502095231,31.360144055749235,31.681089068544182,27.70269356101973,28.315787557244107,,,,,-0.007073673446065742,,0.23883220996552268,0.110987776864242,0.45587915977446053,0.34688058372074887,45.19491259667569,42.99244736897549,,32.96800079345703,32.96800079345703,33.223423185802645,33.458571479434056,30.910222886100648,31.282381057739258,27.383634695931086,27.869999991522896,31.918375854492187,28.048909225463866,1,30141721.419525146251800,31373613.29553392,,,,,,,
2026-04-16,,,,,,,32.479999542236330,32.659999847412110,32.130001068115234,32.310001373291016,956800,,,,,32.310001373291016,,,,,,,,,,,,,,,,,,,,,,,,,,,,,,,,,,,,,,,,,,,,,,,,,,,,,,,,,,,,,,,,,,,,,,,,,,,,,,,,,,,,,,,,,,,,,,,,,,,,,,,,,,,,,,,,,,,,,,,,,,,,,,,,,,,,,,,,,,,,,0.07288695651368776,0.18423661243369369,0.19211396512760756,0.21371718191463873,,,,-0.15271473572417746,,,,,,,,32.6662074004704,32.670041173025524,32.912101221612005,33.06686395168382,31.389827096922417,31.70074257806752,27.73911496665033,28.347362370019184,,,,,-0.0027816475533139046,,0.16108223282174805,0.03644582033355448,0.39691977438391807,0.28479363104331,44.21265519333358,42.10986682171246,,32.74000091552735,32.74000091552735,33.178306942894345,33.39000011625744,31.011399435618568,31.37746044946095,27.421497836945548,27.90472222131396,31.997376327514647,28.082799921035768,1,30914209.313964844108800,31257576.371044584,,,,,,,
2026-04-17,,,,,,,32.145000457763670,32.159999847412110,31.559999465942383,32.069999694824220,1402500,,,,,32.069999694824220,,,,,,,,,,,,,,,,,,,,,,,,,,,,,,,,,,,,,,,,,,,,,,,,,,,,,,,,,,,,,,,,,,,,,,,,,,,,,,,,,,,,,,,,,,,,,,,,,,,,,,,,,,,,,,,,,,,,,,,,,,,,,,,,,,,,,,,,,,,,,0.07243865982912208,0.1814192253366175,0.1924840390081071,0.21165232436769768,,,,-0.0840441240484813,,,,,,,,32.46747149858834,32.470027346958425,32.83554653735857,32.976239928332944,31.411082490606848,31.712281862966165,27.773351209560797,28.37679033306112,,,,,-0.007455818150860305,,0.07918588056279674,-0.04151676748507782,0.3333729956196938,0.21953155133763244,41.61522590612678,39.76550621687878,,32.50400085449219,32.50400085449219,33.14100083850679,33.32952390398298,31.11111262487987,31.47111123705667,27.455455696772017,27.935436506119984,32.07335048675537,28.116623821258546,1,44978174.571990968550000,31497838.648584154,,,,,,,
2026-04-20,,,,,,,31.850000381469727,32.029998779296875,31.379999160766600,31.469999313354492,867300,,,,,31.469999313354492,,,,,,,,,,,,,,,,,,,,,,,,,,,,,,,,,,,,,,,,,,,,,,,,,,,,,,,,,,,,,,,,,,,,,,,,,,,,,,,,,,,,,,,,,,,,,,,,,,,,,,,,,,,,,,,,,,,,,,,,,,,,,,,,,,,,,,,,,,,,,0.10262379190599888,0.18867120354716205,0.19643943207802492,0.21254045352706638,,,,-0.11916785770118182,,,,,,,,32.13498077017706,32.13668466909045,32.71140588063093,32.83930896333491,31.41292364131771,31.7047105332908,27.80257372421529,28.401242577964624,,,,,-0.018886314931871324,,-0.03374360967826817,-0.1499887197965819,0.2599496745601014,0.14562749711078957,35.931937422642086,34.5821145853499,,32.17600059509277,32.17600059509277,33.0638613927932,33.2290475936163,31.195671111818346,31.5495239136711,27.487416093311612,27.96416666394188,32.13101806640625,28.145033473968507,1,27293930.404472350911600,31373313.958028764,,,,,,,
2026-04-21,,,,,,,31.559999465942383,31.600000381469727,31.040000915527344,31.299999237060547,808900,,,,,31.299999237060547,,,,,,,,,,,,,,,,,,,,,,,,,,,,,,,,,,,,,,,,,,,,,,,,,,,,,,,,,,,,,,,,,,,,,,,,,,,,,,,,,,,,,,,,,,,,,,,,,,,,,,,,,,,,,,,,,,,,,,,,,,,,,,,,,,,,,,,,,,,,,0.09819448130802355,0.18895569051320013,0.19595523209724955,0.2121495694823513,,,,-0.09686556793108111,,,,,,,,31.856653592471552,31.85778952508048,32.58309618576089,32.699371715491786,31.409394753684676,31.692063305283604,27.8302213567279,28.424157650368546,,,,,-0.0054166160862203164,,-0.13539784760936158,-0.24682585410629088,0.1808801701262088,0.06713682686737348,34.494529787964225,33.25928854410725,,31.910000228881835,31.910000228881835,32.9833193279448,33.1252380552746,31.271900298103454,31.61952391124907,27.51724460389879,27.990714277539933,32.1819352722168,28.172642402648925,1,25318569.382858276468300,31037769.790367853,,,,,,,
2026-04-22,,,,,,,31.540000915527344,31.579999923706055,31.180000305175780,31.379999160766600,1385400,,,,,31.379999160766600,,,,,,,,,,,,,,,,,,,,,,,,,,,,,,,,,,,,,,,,,,,,,,,,,,,,,,,,,,,,,,,,,,,,,,,,,,,,,,,,,,,,,,,,,,,,,,,,,,,,,,,,,,,,,,,,,,,,,,,,,,,,,,,,,,,,,,,,,,,,,0.12580790260662109,0.1858160629181329,0.19536357414897645,0.21116579608450348,,,,-0.11614004809198689,,,,,,,,31.697768781903235,31.698526070309185,32.47372372894323,32.579428755971314,31.408476141405984,31.68231130076745,27.85828284134481,28.447523986419124,,,,,0.002552647389628514,,-0.2071167256060633,-0.3135008132372832,0.10328079097975437,-0.008990701153557854,35.79615364270065,34.528484627741676,,31.705999755859374,31.705999755859374,32.89344805762882,33.01190476190476,31.35143270946684,31.692857227628192,27.549193003820996,28.01944443536183,32.23484661102295,28.201981630325317,1,43473850.837326047640000,31086015.671185084,,,,,,,
2026-04-23,,,,,,,31.579999923706055,32.104999542236330,31.510000228881836,31.860000610351562,1050900,,,,,31.860000610351562,,,,,,,,,,,,,,,,,,,,,,,,,,,,,,,,,,,,,,,,,,,,,,,,,,,,,,,,,,,,,,,,,,,,,,,,,,,,,,,,,,,,,,,,,,,,,,,,,,,,,,,,,,,,,,,,,,,,,,,,,,,,,,,,,,,,,,,,,,,,,0.20068003244050658,0.19525698966871252,0.1957977503806743,0.211498155211817,,,,-0.08947756603720922,,,,,,,,31.751846058052678,31.75235091698998,32.41793071816217,32.51402619727861,31.422586281060536,31.687864091691953,27.889916973906125,28.474500086213055,,,,,0.0151806030785284,,-0.2226557112422114,-0.3238756563133265,0.03809349053536122,-0.07196769218551158,43.10158342661732,41.69313852604528,,31.615999603271483,31.615999603271483,32.82221076602028,32.91714295886812,31.432953274439253,31.768095319233243,27.582240831284295,28.04924602357168,32.29932880401611,28.232439832687376,1,33481674.641418456505800,31444419.390296936,,,,,,,
2026-04-24,,,,,,,31.819999694824220,32.080001831054690,31.590000152587890,32.000000000000000,881900,,,,,32.000000000000000,,,,,,,,,,,,,,,,,,,,,,,,,,,,,,,,,,,,,,,,,,,,,,,,,,,,,,,,,,,,,,,,,,,,,,,,,,,,,,,,,,,,,,,,,,,,,,,,,,,,,,,,,,,,,,,,,,,,,,,,,,,,,,,,,,,,,,,,,,,,,0.20099737131058826,0.19310974103701833,0.1926565644071038,0.2108244827755331,,,,-0.07382994981246838,,,,,,,,31.834564038701785,31.834900611326653,32.37993701651106,32.46729654298055,31.440630459777392,31.69761833882658,27.92240774881596,28.50236965074892,,,,,0.00438457916052479,,-0.22112470068613277,-0.31714516147145133,-0.013750147708937576,-0.12100318604269954,45.06495494180484,43.63069245569013,,31.60199966430664,31.60199966430664,32.74450120471773,32.81571433657692,31.50809333437965,31.836825476752388,27.614118485223678,28.077817455170646,32.35892478942871,28.26330241203308,1,28220800.000000000000000,31565511.23066554,,,,,,,
2026-04-27,,,,,,,32.159999847412110,32.490001678466800,32.060001373291016,32.119998931884766,603700,,,,,32.119998931884766,,,,,,,,,,,,,,,,,,,,,,,,,,,,,,,,,,,,,,,,,,,,,,,,,,,,,,,,,,,,,,,,,,,,,,,,,,,,,,,,,,,,,,,,,,,,,,,,,,,,,,,,,,,,,,,,,,,,,,,,,,,,,,,,,,,,,,,,,,,,,0.11663926062599561,0.19416819796291565,0.19221225721440321,0.21080252042736952,,,,-0.05509520361092449,,,,,,,,31.92970900309611,31.929933384846024,32.35630628154503,32.435724032880934,31.461860724530748,31.710817732359647,27.95559028781255,28.53096751067885,,,,,0.003742953024934871,,-0.20783268701537594,-0.2986852275108447,-0.052566655570225246,-0.15653959433632858,46.76073785379299,45.30830415391,,31.731999588012695,31.731999588012695,32.67860612415132,32.726190476190474,31.5868586888389,31.909206420656236,27.646740777151926,28.107142849574014,32.42052661895752,28.29501133918762,1,19390843.355178833234200,31628149.637879267,,,,,,,
2026-04-28,,,,,,,32.509998321533200,33.020000457763670,32.290000915527344,32.720001220703125,1194200,,,,,32.720001220703125,,,,,,,,,,,,,,,,,,,,,,,,,,,,,,,,,,,,,,,,,,,,,,,,,,,,,,,,,,,,,,,,,,,,,,,,,,,,,,,,,,,,,,,,,,,,,,,,,,,,,,,,,,,,,,,,,,,,,,,,,,,,,,,,,,,,,,,,,,,,,0.11746688759987492,0.2051173365868065,0.19050151816850353,0.21141606395769508,,,,-0.05464447730282425,,,,,,,,32.19313974229845,32.193289330131726,32.38936945783213,32.46156741359204,31.501177615036134,31.742354716370382,27.99325361534528,28.564082401667182,,,,,0.018507693217436845,,-0.14718682207395517,-0.23295506558456225,-0.07149068887097124,-0.1718226885859753,54.34883443694057,52.862309031781585,,32.015999984741214,32.015999984741214,32.631428673153835,32.65523819696335,31.665137396918404,31.980952459668355,27.681015385521782,28.138095235067702,32.47796783447266,28.329523191452026,1,39074225.457763671875000,31939339.23995911,,,,,,,
2026-04-29,,,,,,,32.909999847412110,33.439998626708984,32.560001373291016,33.330001831054690,847800,,,,,33.330001831054690,,,,,,,,,,,,,,,,,,,,,,,,,,,,,,,,,,,,,,,,,,,,,,,,,,,,,,,,,,,,,,,,,,,,,,,,,,,,,,,,,,,,,,,,,,,,,,,,,,,,,,,,,,,,,,,,,,,,,,,,,,,,,,,,,,,,,,,,,,,,,0.11786281203544663,0.2162881458170952,0.1925348343878828,0.21202441171754263,,,,0.048461689790919804,,,,,,,,32.572093771883864,32.57219349710605,32.47488149176146,32.54051599699774,31.558328371786715,31.791968688704266,28.035441348275793,28.601757654073406,,,,,0.018471398214682886,,-0.04933389547273492,-0.1301412995392397,-0.06705933019132397,-0.16348641077662818,60.51106924119175,59.05424925732983,,32.40600051879883,32.40600051879883,32.61095264979771,32.61095264979771,31.75513203938802,32.06444455706884,27.716981993781197,28.170714287530807,32.55687191009522,28.36516350746155,1,28257175.552368166182000,32079496.83938102,,,,,,,
2026-04-30,,,,,,,33.299999237060550,34.349998474121094,33.159999847412110,34.240001678466800,1305600,,,,,34.240001678466800,,,,,,,,,,,,,,,,,,,,,,,,,,,,,,,,,,,,,,,,,,,,,,,,,,,,,,,,,,,,,,,,,,,,,,,,,,,,,,,,,,,,,,,,,,,,,,,,,,,,,,,,,,,,,,,,,,,,,,,,,,,,,,,,,,,,,,,,,,,,,0.15963513296557652,0.231101484180301,0.19559308080966478,0.21357141564375096,,,,0.09923117487301107,,,,,,,,33.12806307407818,33.12812955755963,32.63534696328012,32.695014695313105,31.642130662620467,31.868469719634344,28.084489256024337,28.64632875308047,,,,,0.02693665303740133,,0.10048629291691213,0.024486468518198024,-0.03355020556967675,-0.12589183491766295,67.54853657403754,66.18945302614387,,32.88200073242187,32.88200073242187,32.654762268066406,32.654762268066406,31.850811973450675,32.153492216079954,27.756521361214773,28.206904767051576,32.65101974487305,28.40461477279663,1,44703746.191406254080000,32512732.453694418,,,,,,,
2026-05-01,,,,,,,34.340000152587890,34.799999237060550,34.180000305175780,34.720001220703125,1070100,,,,,34.720001220703125,,,,,,,,,,,,,,,,,,,,,,,,,,,,,,,,,,,,,,,,,,,,,,,,,,,,,,,,,,,,,,,,,,,,,,,,,,,,,,,,,,,,,,,,,,,,,,,,,,,,,,,,,,,,,,,,,,,,,,,,,,,,,,,,,,,,,,,,,,,,,0.1342460474037605,0.20867998898476753,0.19544659418175497,0.21311659795965945,,,,0.16543198313580879,,,,,,,,33.658709122953155,33.65875344527413,32.82486098668222,32.879104379439475,31.73831411756055,31.957580079042746,28.136943896061325,28.694341974168395,,,,,0.013921324656466352,,0.255012201230592,0.18364509394367445,0.024162275790377,-0.06398444914539546,70.53172021668158,69.23482992704209,,33.4260009765625,33.4260009765625,32.765238444010414,32.765238444010414,31.957708449590776,32.25380970182873,27.799614512731157,28.246706357077947,32.740971870422364,28.447451429367064,1,37153873.306274414062500,32776146.95500268,,,,,,,
2026-05-04,,,,,,,34.709999084472656,35.290000915527344,34.505001068115234,35.169998168945310,1078200,,,,,35.169998168945310,,,,,,,,,,,,,,,,,,,,,,,,,,,,,,,,,,,,,,,,,,,,,,,,,,,,,,,,,,,,,,,,,,,,,,,,,,,,,,,,,,,,,,,,,,,,,,,,,,,,,,,,,,,,,,,,,,,,,,,,,,,,,,,,,,,,,,,,,,,,,0.08807045295952301,0.1987432964893584,0.19588060412037062,0.21329352477657604,,,,0.14334579854673193,,,,,,,,34.162472138283874,34.162501686497855,33.03805527597886,33.08736745121273,31.845554244166323,32.0579681443522,28.192541163040644,28.745532932229874,,,,,0.012877469472269852,,0.4090705788149833,0.34214639356478216,0.10114393639529826,0.01724171939664006,73.03442074451658,71.79932454450953,,34.03600082397461,34.03600082397461,32.86047653924851,32.86047653924851,32.07315547882565,32.36269857013036,27.843649682544527,28.28742063613165,32.82809906005859,28.491355590820312,1,37920292.025756833242000,33145554.864559475,,,,,,,
2026-05-05,,,,,,,35.319999694824220,35.490001678466800,34.970001220703125,35.310001373291016,592100,,,,,35.310001373291016,,,,,,,,,,,,,,,,,,,,,,,,,,,,,,,,,,,,,,,,,,,,,,,,,,,,,,,,,,,,,,,,,,,,,,,,,,,,,,,,,,,,,,,,,,,,,,,,,,,,,,,,,,,,,,,,,,,,,,,,,,,,,,,,,,,,,,,,,,,,,0.13317628114180555,0.19866106709865552,0.19415147067310237,0.21213096749731244,,,,0.14686046344953468,,,,,,,,34.544981883286255,34.54500158209557,33.24459583027996,33.28942508049258,31.953818216951472,32.159594182756535,28.248805670631555,28.79742596338451,,,,,0.003972854409786057,,0.5362781607013858,0.47359756605261083,0.18817078125651576,0.10851288872783421,73.78051107818305,72.56554183743424,,34.55400085449219,34.55400085449219,32.96095275878906,32.96095275878906,32.18347331455776,32.46634937468029,27.885939454275466,28.326309529561843,32.913296394348144,28.535516328811646,1,20907051.813125610573600,33204094.188405596,,,,,,,
2026-05-06,,,,,,,34.669998168945310,34.990001678466800,34.540000915527344,34.700000762939450,1026200,,,,,34.700000762939450,,,,,,,,,,,,,,,,,,,,,,,,,,,,,,,,,,,,,,,,,,,,,,,,,,,,,,,,,,,,,,,,,,,,,,,,,,,,,,,,,,,,,,,,,,,,,,,,,,,,,,,,,,,,,,,,,,,,,,,,,,,,,,,,,,,,,,,,,,,,,0.2608640514747917,0.20115852717163088,0.19819270596364644,0.21223657707129268,,,,0.09202912069820325,,,,,,,,34.596654843170654,34.5966679757102,33.37690536961264,33.41765923344229,32.03963642151359,32.23898188838725,28.29980326029407,28.84408663373672,,,,,-0.01742653989316377,,0.5811697712031219,0.5225282357964716,0.26677057924583697,0.1913159581415617,65.30259564006818,64.36036551839426,,34.82800064086914,34.82800064086914,33.001429058256605,33.001429058256605,32.28551631503635,32.561746203710165,27.92738091756427,28.364404769170854,32.980775413513186,28.57800663948059,1,35609140.782928463590000,33338376.621382575,,,,,,,
2026-05-07,,,,,,,34.319999694824220,35.224998474121094,33.965000152587890,35.110000610351560,1658500,,,,,35.110000610351560,,,,,,,,,,,,,,,,,,,,,,,,,,,,,,,,,,,,,,,,,,,,,,,,,,,,,,,,,,,,,,,,,,,,,,,,,,,,,,,,,,,,,,,,,,,,,,,,,,,,,,,,,,,,,,,,,,,,,,,,,,,,,,,,,,,,,,,,,,,,,0.2086698100249753,0.199481705849265,0.1983022037705835,0.21233366796415779,,,,0.10786885372911552,,,,,,,,34.76777009889762,34.767778853923986,33.534459482407094,33.57150844952495,32.13558530241478,32.32870122344864,28.353638812468436,28.893619550547903,,,,,0.011746298624780369,,0.642424784111121,0.58761603341447,0.3419014202188938,0.27057597319614335,67.96690376135177,67.05663641432203,,35.002000427246095,35.002000427246095,33.07857186453683,33.07857186453683,32.389062033759224,32.658571606590634,27.969528977833097,28.403174612257217,33.038717155456546,28.622744035720824,1,58229936.012268062260000,33993006.46071964,,,,,,,
2026-05-08,,,,,,,34.349998474121094,35.560001373291016,33.970001220703125,34.709999084472656,986300,,,,,34.709999084472656,,,,,,,,,,,,,,,,,,,,,,,,,,,,,,,,,,,,,,,,,,,,,,,,,,,,,,,,,,,,,,,,,,,,,,,,,,,,,,,,,,,,,,,,,,,,,,,,,,,,,,,,,,,,,,,,,,,,,,,,,,,,,,,,,,,,,,,,,,,,,0.2180284994961727,0.20481161332942086,0.20039507762175504,0.2112262387344797,,,,0.12604983556650345,,,,,,,,34.7485130940893,34.74851893077354,33.64132671895851,33.67500759815656,32.21603573310409,32.40311678160564,28.403886719757008,28.939598835401064,,,,,-0.011458204067098939,,0.6511865695488552,0.6000053140033117,0.4037584500848861,0.336461841357577,62.89288991008227,62.11901824764417,,35,35,33.13857178460984,33.13857178460984,32.4835994962662,32.74634936499217,28.007481968592085,28.437658733791775,33.09989250183106,28.666811714172365,1,34234472.097015380612800,34222980.522473656,,,,,,,
2026-05-11,,,,,,,35.110000610351560,35.470001220703125,35.110000610351560,35.389999389648440,597300,,,,,35.389999389648440,,,,,,,,,,,,,,,,,,,,,,,,,,,,,,,,,,,,,,,,,,,,,,,,,,,,,,,,,,,,,,,,,,,,,,,,,,,,,,,,,,,,,,,,,,,,,,,,,,,,,,,,,,,,,,,,,,,,,,,,,,,,,,,,,,,,,,,,,,,,,0.24559020218984315,0.21147928334542662,0.2029095555193168,0.21157900685346726,,,,0.16115881100164453,,,,,,,,34.96234185927568,34.96234575039851,33.8002969617485,33.83091594283764,32.3152220973711,32.49645686310698,28.459112906870775,28.990590144130294,,,,,0.019401473613707854,,0.7048753252813427,0.657119386512818,0.4639818251241774,0.4005933503886252,67.35466283503449,66.61896776890325,,35.044000244140626,35.044000244140626,33.24047651745024,33.24047651745024,32.589243419586666,32.84523824661497,28.04932221155318,28.476071433415488,33.172894134521485,28.71418086051941,1,21138446.635437013212000,34342310.8511516,,,,,,,
2026-05-12,,,,,,,35.450000762939450,36.259998321533200,35.380001068115234,36.180000305175780,852700,,,,,36.180000305175780,,,,,,,,,,,,,,,,,,,,,,,,,,,,,,,,,,,,,,,,,,,,,,,,,,,,,,,,,,,,,,,,,,,,,,,,,,,,,,,,,,,,,,,,,,,,,,,,,,,,,,,,,,,,,,,,,,,,,,,,,,,,,,,,,,,,,,,,,,,,,0.28818695090846613,0.21967533763432015,0.2058581279001584,0.21194992633890286,,,,0.22047600650240523,,,,,,,,35.368228007909046,35.36823060199093,34.0166336293328,34.04446906668656,32.435996416365,32.61156759567162,28.520147589861327,29.04742342603579,,,,,0.022077211291149042,,0.8019264140564815,0.7573983552559369,0.5315707429106382,0.4719543513620876,71.62352341378796,70.93824797567595,,35.21800003051758,35.21800003051758,33.38666697910854,33.38666697910854,32.7089911869594,32.95825413295201,28.095754653688463,28.519126990484814,33.24908256530762,28.767224464416504,1,30850686.260223387606000,34449980.608334616,,,,,,,
2026-05-13,,,,,,,36.290000915527344,36.540000915527344,35.759998321533200,36.020000457763670,508100,,,,,36.020000457763670,,,,,,,,,,,,,,,,,,,,,,,,,,,,,,,,,,,,,,,,,,,,,,,,,,,,,,,,,,,,,,,,,,,,,,,,,,,,,,,,,,,,,,,,,,,,,,,,,,,,,,,,,,,,,,,,,,,,,,,,,,,,,,,,,,,,,,,,,,,,,0.2346469099078138,0.2113609090892977,0.20554970390275382,0.21185607868571316,,,,0.2506010771157184,,,,,,,,35.58548549119392,35.58548722058185,34.19875788646288,34.22406282951175,32.54799654265871,32.718081122612006,28.579434964311147,29.102542612057356,,,,,-0.004432135945672262,,0.8560613087271349,0.8145696579789785,0.5964688560739375,0.5404774126854658,69.63738316398775,68.99117680155226,,35.48199996948242,35.48199996948242,33.548095521472746,33.548095521472746,32.820099119156126,33.06253984239366,28.142242469484845,28.562261914450026,33.3177352142334,28.820453481674193,1,18301762.232589720727000,34317947.37885793,,,,,,,
2026-05-14,,,,,,,36.250000000000000,36.740001678466800,35.875000000000000,36.599998474121094,649900,,,,,36.599998474121094,,,,,,,,,,,,,,,,,,,,,,,,,,,,,,,,,,,,,,,,,,,,,,,,,,,,,,,,,,,,,,,,,,,,,,,,,,,,,,,,,,,,,,,,,,,,,,,,,,,,,,,,,,,,,,,,,,,,,,,,,,,,,,,,,,,,,,,,,,,,,0.24132845958908664,0.21025137032191343,0.20698884849985003,0.2123223450471238,,,,0.3081151685238462,,,,,,,,35.92365648550298,35.92365763842826,34.417052485340896,34.4400569790217,32.6746216030169,32.83939103984666,28.642838628420318,29.16181103784442,,,,,0.015973846260232145,,0.9349866513411769,0.8963467920955921,0.6641724151273855,0.6116512885674911,72.60320842470078,71.99221645312956,,35.779999542236325,35.779999542236325,33.74809537615095,33.74809537615095,32.940100563897026,33.1757144322471,28.190571663871644,28.607222224038743,33.3928636932373,28.875597076416014,1,23786339.008331298990600,34155739.55029684,,,,,,,
2026-05-15,,,,,,,36.599998474121094,37.299999237060550,36.409999847412110,37.279998779296875,653300,,,,,37.279998779296875,,,,,,,,,,,,,,,,,,,,,,,,,,,,,,,,,,,,,,,,,,,,,,,,,,,,,,,,,,,,,,,,,,,,,,,,,,,,,,,,,,,,,,,,,,,,,,,,,,,,,,,,,,,,,,,,,,,,,,,,,,,,,,,,,,,,,,,,,,,,,0.16969500272995516,0.21215365207971476,0.20353085902870846,0.21232079243224022,,,,0.3592790012287192,,,,,,,,36.375770583434274,36.37577135205113,34.67732033024598,34.69823350631944,32.81853963977566,32.97816003170448,28.71111657427705,29.225986435010054,,,,,0.01840875835656827,,1.0404126660375184,1.004447456650034,0.739420465309412,0.6902105221839996,75.61112268495299,75.04196555001461,,36.29399948120117,36.29399948120117,33.98476191929409,33.98476191929409,33.05806974380735,33.28666677929106,28.239796850416397,28.653015870896596,33.48198631286621,28.934584102630616,1,24355023.202514648437500,34004222.94994536,,,,,,,
2026-05-18,,,,,,,37.069999694824220,37.529998779296875,36.939998626708984,37.529998779296875,374200,,,,,37.529998779296875,,,,,,,,,,,,,,,,,,,,,,,,,,,,,,,,,,,,,,,,,,,,,,,,,,,,,,,,,,,,,,,,,,,,,,,,,,,,,,,,,,,,,,,,,,,,,,,,,,,,,,,,,,,,,,,,,,,,,,,,,,,,,,,,,,,,,,,,,,,,,0.16956037140072575,0.20572787387394956,0.19984948528675306,0.21230361696535455,,,,0.3467423839570422,,,,,,,,36.76051331538848,36.76051382779971,34.93665473470516,34.95566671295375,32.96577273788569,33.12040499256674,28.780831058111197,29.29163080136805,,,,,0.006683623547659092,,1.1310978608447755,1.0976380347864207,0.8177559444164847,0.7716960247044838,76.62712224283796,76.07349178423979,,36.72199935913086,36.72199935913086,34.24476187569754,34.24476187569754,33.187358644273544,33.409047717139835,28.289285463000102,28.69904761087327,33.57334983825684,28.99285032272339,1,14043725.543212890625000,33935613.23139251,,,,,,,
2026-05-19,,,,,,,37.299999237060550,37.689998626708984,37.259998321533200,37.479999542236330,458100,,,,,37.479999542236330,,,,,,,,,,,,,,,,,,,,,,,,,,,,,,,,,,,,,,,,,,,,,,,,,,,,,,,,,,,,,,,,,,,,,,,,,,,,,,,,,,,,,,,,,,,,,,,,,,,,,,,,,,,,,,,,,,,,,,,,,,,,,,,,,,,,,,,,,,,,,0.16089472378843508,0.18535238981602284,0.2001064664457199,0.207116256105689,,,,0.3886973979689059,,,,,,,,37.0003420576711,37.00034239927859,35.16786789902618,35.1851515156158,33.10684232552165,33.25664232224392,28.849599188420488,29.356360989042898,,,,,-0.0013331354641902494,,1.185268967656512,1.1541533573239207,0.8912585490644902,0.8481874912283712,75.9457052158897,75.40227562571084,,36.981999206542966,36.981999206542966,34.530952362787154,34.530952362787154,33.31350768558563,33.528254069979226,28.342947490631587,28.749404748280842,33.66509292602539,29.050423107147218,1,17169587.790298462773000,33876335.66423749,,,,,,,
2026-05-20,,,,,,,37.400001525878906,37.930000305175780,37.310001373291016,37.500000000000000,540100,,,,,37.500000000000000,,,,,,,,,,,,,,,,,,,,,,,,,,,,,,,,,,,,,,,,,,,,,,,,,,,,,,,,,,,,,,,,,,,,,,,,,,,,,,,,,,,,,,,,,,,,,,,,,,,,,,,,,,,,,,,,,,,,,,,,,,,,,,,,,,,,,,,,,,,,,0.14120714505014673,0.1808874577752253,0.19631059950130544,0.2070771688751656,,,,0.38614161048598705,,,,,,,,37.16689470511406,37.166894932852394,35.37987990820561,35.39559228692346,33.2441285028491,33.389247249673794,28.917981803531788,29.42073758201489,,,,,0.0005334878196888597,,1.2157988574570382,1.1868744772267803,0.9561666107429998,0.915924888428053,76.0375012272097,75.49541592501194,,37.27799911499024,37.27799911499024,34.8261904943557,34.8261904943557,33.42902522616916,33.63666676718091,28.396918993147594,28.80007935327197,33.76373977661133,29.108095893859865,1,20253750.000000000000000,33648343.93271189,,,,,,,
2026-05-21,,,,,,,37.659999847412110,37.930000305175780,37.270000457763670,37.750000000000000,626800,,,,,37.750000000000000,,,,,,,,,,,,,,,,,,,,,,,,,,,,,,,,,,,,,,,,,,,,,,,,,,,,,,,,,,,,,,,,,,,,,,,,,,,,,,,,,,,,,,,,,,,,,,,,,,,,,,,,,,,,,,,,,,,,,,,,,,,,,,,,,,,,,,,,,,,,,0.12253793542746583,0.17971370292598093,0.19374101149735196,0.20347450368880418,,,,0.4190558314953189,,,,,,,,37.36126313674271,37.36126328856826,35.59534537109601,35.609629351748595,33.38493698713506,33.52552077312149,28.98780012919557,29.486581553698567,,,,,0.006644542718668511,,1.2458060490961174,1.2189280671537759,1.0140944984136233,0.9765255241731976,77.208326665962,76.68387395427716,,37.507999420166016,37.507999420166016,35.12952386765253,35.12952386765253,33.53912619938926,33.739523902771964,28.447970912570046,28.847698400891016,33.85950332641602,29.16524496078491,1,23661700.000000000000000,33350827.303810727,,,,,,,
2026-05-22,,,,,,,37.790000915527344,38.389999389648440,37.540000915527344,38.180000305175780,639600,,,,,38.180000305175780,,,,,,,,,,,,,,,,,,,,,,,,,,,,,,,,,,,,,,,,,,,,,,,,,,,,,,,,,,,,,,,,,,,,,,,,,,,,,,,,,,,,,,,,,,,,,,,,,,,,,,,,,,,,,,,,,,,,,,,,,,,,,,,,,,,,,,,,,,,,,0.08147114326567041,0.17848141790480937,0.19422179230290568,0.20370359704063595,,,,0.43716434966332374,,,,,,,,37.634175526220396,37.634175627437436,35.8303140014669,35.8432994384238,33.53478271582384,33.67097325849819,29.06046574323494,29.55530423157586,,,,,0.011326350595647423,,1.28942075578923,1.2644523791373459,1.0691597498887446,1.0341108951660272,79.09989467101616,78.60583789082705,,37.6879997253418,37.6879997253418,35.43047623407273,35.43047623407273,33.65229866996644,33.84539691985599,28.50061413598439,28.896904748583598,33.971553039550784,29.223312273025513,1,24419928.195190428888000,33395086.24092284,,,,,,,
2026-05-26,,,,,,,37.900001525878906,38.145000457763670,37.569999694824220,37.590000152587890,691400,,,,,37.590000152587890,,,,,,,,,,,,,,,,,,,,,,,,,,,,,,,,,,,,,,,,,,,,,,,,,,,,,,,,,,,,,,,,,,,,,,,,,,,,,,,,,,,,,,,,,,,,,,,,,,,,,,,,,,,,,,,,,,,,,,,,,,,,,,,,,,,,,,,,,,,,,0.16199190177469258,0.19688682906575267,0.1974909547809587,0.204382883044748,,,,0.36910163886076086,,,,,,,,37.61945040167623,37.61945046915425,35.990285469750624,36.00209041243871,33.66150826072271,33.79344284893849,29.127892892715987,29.618819614350656,,,,,-0.015573764655326377,,1.261832029421683,1.2386443221757233,1.1076942057953323,1.0750175805679665,70.45914966541106,70.07100136093483,,37.7,37.7,35.6966667175293,35.6966667175293,33.75172645326645,33.93746039980934,28.55030249792432,28.943134905799987,34.06332824707031,29.277345628738402,1,25989726.105499267146000,33405654.67546554,,,,,,,
2026-05-27,,,,,,,37.250000000000000,37.560001373291016,36.959999084472656,37.319999694824220,827800,,,,,37.319999694824220,,,,,,,,,,,,,,,,,,,,,,,,,,,,,,,,,,,,,,,,,,,,,,,,,,,,,,,,,,,,,,,,,,,,,,,,,,,,,,,,,,,,,,,,,,,,,,,,,,,,,,,,,,,,,,,,,,,,,,,,,,,,,,,,,,,,,,,,,,,,,0.17089403525073124,0.20319101121248492,0.19181418853693763,0.2028773509736536,,,,0.3992603142672495,,,,,,,,37.51963349939223,37.51963354437758,36.11116858112095,36.121900347201034,33.775836118038384,33.90364775037242,29.192652630282062,29.679698508267446,,,,,-0.007208693833483476,,1.2042985801734076,1.1827702316613866,1.1270150806709474,1.0965681107866505,66.85969478987057,66.51192751018006,,37.668000030517575,37.668000030517575,35.94428580147879,35.94428580147879,33.83279131329249,34.01095248025561,28.596119926089333,28.985396809048122,34.14063774108887,29.328994312286376,1,30893495.747375489316000,33046450.88174911,,,,,,,
2026-05-28,,,,,,,37.310001373291016,37.569999694824220,36.919998168945310,37.060001373291016,816900,,,,,37.060001373291016,,,,,,,,,,,,,,,,,,,,,,,,,,,,,,,,,,,,,,,,,,,,,,,,,,,,,,,,,,,,,,,,,,,,,,,,,,,,,,,,,,,,,,,,,,,,,,,,,,,,,,,,,,,,,,,,,,,,,,,,,,,,,,,,,,,,,,,,,,,,,0.17533222685266955,0.2044203983735875,0.18848125049775902,0.2029766901756064,,,,0.3678916990204618,,,,,,,,37.36642279069182,37.366422820682054,36.19742610768187,36.20718225866376,33.87846628226503,34.00228380108862,29.25484511046395,29.73804082340597,,,,,-0.006991109888775441,,1.124757708757734,1.104774764934838,1.1265636062883047,1.098209441616288,63.495854005822636,63.18383503257535,,37.58000030517578,37.58000030517578,36.15095247541155,36.15095247541155,33.91864479912652,34.08936521742079,28.641327464391313,29.027063483283634,34.21668891906738,29.377273654937746,1,30274315.121841430970400,33066659.898991056,,,,,,,
