"m_date","m_open","m_high","m_low","m_close","m_volume","m_vwap","m_open_split_adjusted","m_high_split_adjusted","m_low_split_adjusted","m_close_split_adjusted","m_volume_split_adjusted","m_vwap_split_adjusted","m_open_dividend_and_split_adjusted","m_high_dividend_and_split_adjusted","m_low_dividend_and_split_adjusted","m_close_dividend_and_split_adjusted","m_volume_dividend_and_split_adjusted","m_vwap_dividend_and_split_adjusted","f_accepted_date","f_filing_date","f_fiscal_period","f_fiscal_year","f_period_end_date","f_reported_currency","fbs_accumulated_other_comprehensive_income_after_tax","fbs_additional_paid_in_capital","fbs_assets","fbs_capital_lease_obligations","fbs_cash_and_cash_equivalents","fbs_cash_and_shortterm_investments","fbs_common_stock_value","fbs_current_accounts_payable","fbs_current_accounts_receivable_after_doubtful_accounts","fbs_current_accrued_expenses","fbs_current_assets","fbs_current_capital_lease_obligations","fbs_current_liabilities","fbs_current_net_receivables","fbs_current_tax_payables","fbs_deferred_revenue","fbs_goodwill","fbs_investments","fbs_liabilities","fbs_longterm_debt","fbs_longterm_investments","fbs_net_debt","fbs_net_intangible_assets_excluding_goodwill","fbs_net_intangible_assets_including_goodwill","fbs_net_inventory","fbs_net_property_plant_and_equipment","fbs_noncontrolling_interest","fbs_noncurrent_assets","fbs_noncurrent_capital_lease_obligations","fbs_noncurrent_deferred_revenue","fbs_noncurrent_deferred_tax_assets","fbs_noncurrent_deferred_tax_liabilities","fbs_noncurrent_liabilities","fbs_other_assets","fbs_other_current_assets","fbs_other_current_liabilities","fbs_other_liabilities","fbs_other_noncurrent_assets","fbs_other_noncurrent_liabilities","fbs_other_payables","fbs_other_receivables","fbs_other_stockholder_equity","fbs_preferred_stock_value","fbs_prepaid_expenses","fbs_retained_earnings","fbs_shortterm_debt","fbs_shortterm_investments","fbs_stockholder_equity","fbs_total_debt_including_capital_lease_obligations","fbs_total_equity_including_noncontrolling_interest","fbs_total_liabilities_and_equity","fbs_total_payables_current_and_noncurrent","fbs_treasury_stock_value","fcf_accounts_payable_change","fcf_accounts_receivable_change","fcf_capital_expenditure","fcf_cash_and_cash_equivalents_change","fcf_cash_exchange_rate_effect","fcf_common_stock_dividend_payments","fcf_common_stock_issuance_proceeds","fcf_common_stock_repurchase","fcf_deferred_income_tax","fcf_depreciation_and_amortization","fcf_dividend_payments","fcf_free_cash_flow","fcf_interest_payments","fcf_inventory_change","fcf_investment_sales_maturities_and_collections_proceeds","fcf_investments_purchase","fcf_net_business_acquisition_payments","fcf_net_cash_from_operating_activities","fcf_net_cash_from_investing_activities","fcf_net_cash_from_financing_activities","fcf_net_common_stock_issuance_proceeds","fcf_net_debt_issuance_proceeds","fcf_net_income","fcf_net_income_tax_payments","fcf_net_longterm_debt_issuance_proceeds","fcf_net_shortterm_debt_issuance_proceeds","fcf_net_stock_issuance_proceeds","fcf_other_financing_activities","fcf_other_investing_activities","fcf_other_noncash_items","fcf_other_working_capital","fcf_period_end_cash","fcf_period_start_cash","fcf_preferred_stock_dividend_payments","fcf_preferred_stock_issuance_proceeds","fcf_property_plant_and_equipment_purchase","fcf_stock_based_compensation","fcf_working_capital_change","fis_basic_earnings_per_share","fis_basic_net_income_available_to_common_stockholders","fis_continuing_operations_income_after_tax","fis_costs_and_expenses","fis_cost_of_revenue","fis_depreciation_and_amortization","fis_diluted_earnings_per_share","fis_discontinued_operations_income_after_tax","fis_earnings_before_interest_and_tax","fis_earnings_before_interest_tax_depreciation_and_amortization","fis_general_and_administrative_expense","fis_gross_profit","fis_income_before_tax","fis_income_tax_expense","fis_interest_expense","fis_interest_income","fis_net_income","fis_net_income_deductions","fis_net_interest_income","fis_net_total_other_income","fis_nonoperating_income_excluding_interest","fis_operating_expenses","fis_operating_income","fis_other_expenses","fis_other_net_income_adjustments","fis_research_and_development_expense","fis_revenues","fis_selling_and_marketing_expense","fis_selling_general_and_administrative_expense","fis_weighted_average_basic_shares_outstanding","fis_weighted_average_diluted_shares_outstanding","d_declaration_date_dividend","d_declaration_date_dividend_split_adjusted","d_ex_dividend_date_dividend","d_ex_dividend_date_dividend_split_adjusted","d_record_date_dividend","d_record_date_dividend_split_adjusted","d_payment_date_dividend","d_payment_date_dividend_split_adjusted","s_split_date_numerator","s_split_date_denominator","c_annualized_volatility_5d_log_returns_dividend_and_split_adjusted","c_annualized_volatility_21d_log_returns_dividend_and_split_adjusted","c_annualized_volatility_63d_log_returns_dividend_and_split_adjusted","c_annualized_volatility_252d_log_returns_dividend_and_split_adjusted","c_book_to_price","c_book_value_per_share","c_chaikin_money_flow_21d_dividend_and_split_adjusted","c_chaikin_money_flow_21d_split_adjusted","c_daily_traded_value","c_daily_traded_value_sma_5d","c_daily_traded_value_sma_21d","c_daily_traded_value_sma_63d","c_daily_traded_value_sma_252d","c_earnings_per_share","c_earnings_to_price","c_exponential_moving_average_5d_close_dividend_and_split_adjusted","c_exponential_moving_average_5d_close_split_adjusted","c_exponential_moving_average_21d_close_dividend_and_split_adjusted","c_exponential_moving_average_21d_close_split_adjusted","c_exponential_moving_average_63d_close_dividend_and_split_adjusted","c_exponential_moving_average_63d_close_split_adjusted","c_exponential_moving_average_252d_close_dividend_and_split_adjusted","c_exponential_moving_average_252d_close_split_adjusted","c_last_twelve_months_net_income","c_last_twelve_months_revenue","c_last_twelve_months_revenue_per_share","c_log_difference_high_to_low","c_log_returns_dividend_and_split_adjusted","c_market_cap","c_macd_26d_12d_dividend_and_split_adjusted","c_macd_26d_12d_split_adjusted","c_macd_signal_9d_dividend_and_split_adjusted","c_macd_signal_9d_split_adjusted","c_rsi_14d_dividend_and_split_adjusted","c_rsi_14d_split_adjusted","c_sales_to_price","c_simple_moving_average_5d_close_dividend_and_split_adjusted","c_simple_moving_average_5d_close_split_adjusted","c_simple_moving_average_21d_close_dividend_and_split_adjusted","c_simple_moving_average_21d_close_split_adjusted","c_simple_moving_average_63d_close_dividend_and_split_adjusted","c_simple_moving_average_63d_close_split_adjusted","c_simple_moving_average_252d_close_dividend_and_split_adjusted","c_simple_moving_average_252d_close_split_adjusted","c_sma_50d","c_sma_200d","c_sma_50d_200d_signal","c_daily_traded_value_1d","c_daily_traded_value_63d","c_weighted_average_basic_shares_outstanding_outlier_adjusted","c_weighted_average_diluted_shares_outstanding_outlier_adjusted","c_market_cap_outlier_adjusted","c_split_ratio","c_vwap","c_dividend_split_ratio","c_vwap_dividend_and_split_adjusted"
2024-03-26,,,,,,,91.050003051757810,96.050003051757810,79.099998474121100,80.000000000000000,353600,,,,,80.000000000000000,,,,,,,,,,,,,,,,,,,,,,,,,,,,,,,,,,,,,,,,,,,,,,,,,,,,,,,,,,,,,,,,,,,,,,,,,,,,,,,,,,,,,,,,,,,,,,,,,,,,,,,,,,,,,,,,,,,,,,,,,,,,,,,,,,,,,,,,,,,,,,,,,,,,,,,,,,,,,,,,,,,,,,,,,,,,,,,,,,,,,,,,,,,,28288000.000000000000000,,,,,,,,
2024-03-27,,,,,,,80.000000000000000,80.000000000000000,74.180000305175780,75.000000000000000,454600,,,,,75.000000000000000,,,,,,,,,,,,,,,,,,,,,,,,,,,,,,,,,,,,,,,,,,,,,,,,,,,,,,,,,,,,,,,,,,,,,,,,,,,,,,,,,,,,,,,,,,,,,,,,,,,,,,,,,,,,,,,,,,,,,,,,,,,,,,,,,,,,,,,,,,,,,,,,,,,,,,,,,,,,,,,,,,,,,,,,-0.06453852113757118,,,,,,,,,,,,,,,,,,,,34095000.000000000000000,,,,,,,,
2024-03-28,,,,,,,78.000000000000000,78.000000000000000,69.000000000000000,69.550003051757810,2869600,,,,,69.550003051757810,,,,,,,,,,,,,,,,,,,,,,,,,,,,,,,,,,,,,,,,,,,,,,,,,,,,,,,,,,,,,,,,,,,,,,,,,,,,,,,,,,,,,,,,,,,,,,,,,,,,,,,,,,,,,,,,,,,,,,,,,,,,,,,,,,,,,,,,,,,,,,,,,,,,,,,,,,,,,,,,,,,,,,,,-0.07544215128824247,,,,,,,,,,,,,,,,,,,,199580688.757324211576000,,,,,,,,
2024-04-01,,,,,,,69.150001525878900,72.400001525878900,65.000000000000000,69.099998474121100,14094900,,,,,69.099998474121100,,,,,,,,,,,,,,,,,,,,,,,,,,,,,,,,,,,,,,,,,,,,,,,,,,,,,,,,,,,,,,,,,,,,,,,,,,,,,,,,,,,,,,,,,,,,,,,,,,,,,,,,,,,,,,,,,,,,,,,,,,,,,,,,,,,,,,,,,,,,,,,,,,,,,,,,,,,,,,,,,,,,,,,,-0.006491253556627846,,,,,,,,,,,,,,,,,,,,973957568.492889492390000,,,,,,,,
2024-04-02,,,,,,,67.669998168945310,68.589996337890620,64.464996337890620,66.900001525878900,9446900,,,,,66.900001525878900,,,,,,,,,,,,,,,,,,,,,,,,,,,,,,,,,,,,,,,,,,,,,,,,,,,,,,,,,,,,,,,,,,,,,,,,,,,,,,,,,,,,,,,,,,,,,,,,,,,,,,,,,,,,,,,,,,,,,,,,,,,,,,,,,,,,,,,,,,,,,,,,,,,,,,,,,,,,72.11000061035156,72.11000061035156,,,,,,,,,,,-0.03235571874890322,,,,,,,,,72.11000061035156,72.11000061035156,,,,,,,,,,631997624.414825380410000,,,,,,,,
2024-04-03,,,,,,,65.529998779296880,67.769996643066400,63.860000610351560,63.889999389648440,5177200,,,,,63.889999389648440,,,,,,,,,,,,,,,,,,,,,,,,,,,,,,,,,,,,,,,,,,,,,,,,,,,,,,,,,,,,,,,,,,,,,,,,,,,,,,,,,,,,,,,,,,,,,,,,,,,,,,,,,,,,,,,,,,,,,,,,,,,,,,,,,,,,,,,,,,,,,0.43127488821056886,,,,,,,,,,,,,,,69.37000020345052,69.37000020345052,,,,,,,,,,,-0.04603614488144766,,,,,,,,,68.88800048828125,68.88800048828125,,,,,,,,,,330771304.840087903568000,,,,,,,,
2024-04-04,,,,,,,63.049999237060550,68.165000915527340,62.330001831054690,67.000000000000000,5239700,,,,,67.000000000000000,,,,,,,,,,,,,,,,,,,,,,,,,,,,,,,,,,,,,,,,,,,,,,,,,,,,,,,,,,,,,,,,,,,,,,,,,,,,,,,,,,,,,,,,,,,,,,,,,,,,,,,,,,,,,,,,,,,,,,,,,,,,,,,,,,,,,,,,,,,,,0.7366861437737886,,,,,,,,,,,,,,,68.58000013563368,68.58000013563368,,,,,,,,,,,0.04752977432987691,,,,,,,,,67.28800048828126,67.28800048828126,,,,,,,,,,351059900.000000000000000,,,,,,,,
2024-04-05,,,,,,,65.970001220703120,70.150001525878900,65.175003051757810,70.059997558593750,4216600,,,,,70.059997558593750,,,,,,,,,,,,,,,,,,,,,,,,,,,,,,,,,,,,,,,,,,,,,,,,,,,,,,,,,,,,,,,,,,,,,,,,,,,,,,,,,,,,,,,,,,,,,,,,,,,,,,,,,,,,,,,,,,,,,,,,,,,,,,,,,,,,,,,,,,,,,0.6851472424098365,,,,,,,,,,,,,,,69.07333260995371,69.07333260995371,,,,,,,,,,,0.04465936353101113,,,,,,,,,67.38999938964844,67.38999938964844,,,,,,,,,,295414985.705566406250000,,,,,,,,
2024-04-08,,,,,,,70.059997558593750,71.654998779296880,66.250000000000000,67.010002136230470,4467600,,,,,67.010002136230470,,,,,,,,,,,,,,,,,,,,,,,,,,,,,,,,,,,,,,,,,,,,,,,,,,,,,,,,,,,,,,,,,,,,,,,,,,,,,,,,,,,,,,,,,,,,,,,,,,,,,,,,,,,,,,,,,,,,,,,,,,,,,,,,,,,,,,,,,,,,,0.76182133728723,,,,,,,,,,,,,,,68.3855557853793,68.3855557853793,,,,,,,,,,,-0.04451008905761961,,,,,,,,,66.97200012207031,66.97200012207031,,,,,,,,,,299373885.543823247772000,,,,,,,,
2024-04-09,,,,,,,65.480003356933600,68.000000000000000,65.010002136230470,65.519996643066400,2894600,,,,,65.519996643066400,,,,,,,,,,,,,,,,,,,,,,,,,,,,,,,,,,,,,,,,,,,,,,,,,,,,,,,,,,,,,,,,,,,,,,,,,,,,,,,,,,,,,,,,,,,,,,,,,,,,,,,,,,,,,,,,,,,,,,,,,,,,,,,,,,,,,,,,,,,,,0.7434273151153732,,,,,,,,,,,,,,,67.43036940460833,67.43036940460833,,,,,,,,,,,-0.02248650555479517,,,,,,,,,66.69599914550781,66.69599914550781,,,,,,,,,,189654182.283020001440000,,,,,,,,
2024-04-10,,,,,,,64.680000305175780,64.930000305175780,63.590000152587890,63.889999389648440,2114800,,,,,63.889999389648440,,,,,,,,,,,,,,,,,,,,,,,,,,,,,,,,,,,,,,,,,,,,,,,,,,,,,,,,,,,,,,,,,,,,,,,,,,,,,,,,,,,,,,,,,,,,,,,,,,,,,,,,,,,,,,,,,,,,,,,,,,,,,,,,,,,,,,,,,,,,,0.6816337607774849,,,,,,,,,,,,,,,66.25024606628837,66.25024606628837,,,,,,,,,,,-0.0251925432484733,,,,,,,,,66.69599914550781,66.69599914550781,,,,,,,,,,135114570.709228520912000,,,,,,,,
2024-04-11,,,,,,,63.569999694824220,64.300003051757810,62.299999237060550,63.169998168945310,2396500,,,,,63.169998168945310,,,,,,,,,,,,,,,,,,,,,,,,,,,,,,,,,,,,,,,,,,,,,,,,,,,,,,,,,,,,,,,,,,,,,,,,,,,,,,,,,,,,,,,,,,,,,,,,,,,,,,,,,,,,,,,,,,,,,,,,,,,,,,,,,,,,,,,,,,,,,0.535478544896058,,,,,,,,,,,,,,,65.22349676717401,65.22349676717401,,,,,,,,,,,-0.011333369136624081,,,,,,,,,65.92999877929688,65.92999877929688,,,,,,,,,,151386900.611877435415000,,,,,,,,
2024-04-12,,,,,,,62.500000000000000,63.250000000000000,61.869998931884766,62.750000000000000,1795400,,,,,62.750000000000000,,,,,,,,,,,,,,,,,,,,,,,,,,,,,,,,,,,,,,,,,,,,,,,,,,,,,,,,,,,,,,,,,,,,,,,,,,,,,,,,,,,,,,,,,,,,,,,,,,,,,,,,,,,,,,,,,,,,,,,,,,,,,,,,,,,,,,,,,,,,,0.23356090016653352,,,,,,,,,,,,,,,64.39899784478267,64.39899784478267,,,,,,,,,,,-0.006670897912571737,,,,,,,,,64.46799926757812,64.46799926757812,,,,,,,,,,112661350.000000000000000,,,,,,,,
2024-04-15,,,,,,,62.099998474121094,63.790000915527344,61.560001373291016,61.689998626708984,2043100,,,,,61.689998626708984,,,,,,,,,,,,,,,,,,,,,,,,,,,,,,,,,,,,,,,,,,,,,,,,,,,,,,,,,,,,,,,,,,,,,,,,,,,,,,,,,,,,,,,,,,,,,,,,,,,,,,,,,,,,,,,,,,,,,,,,,,,,,,,,,,,,,,,,,,,,,0.12167121663800692,,,,,,,,,,,,,,,63.49599810542478,63.49599810542478,,,,,,,,,,,-0.01703675705150715,,,,,,,,,63.40399856567383,63.40399856567383,,,,,,,,,,126038836.194229125210400,,,,,,,,
2024-04-16,,,,,,,62.000000000000000,62.990001678466800,61.658000946044920,61.950000762939450,1583200,,,,,61.950000762939450,,,,,,,,,,,,,,,,,,,,,,,,,,,,,,,,,,,,,,,,,,,,,,,,,,,,,,,,,,,,,,,,,,,,,,,,,,,,,,,,,,,,,,,,,,,,,,,,,,,,,,,,,,,,,,,,,,,,,,,,,,,,,,,,,,,,,,,,,,,,,0.17529080815706813,,,,,,,,,,,,,,,62.98066565792967,62.98066565792967,,,,,,,,,,,0.004205799430172043,,,,,,20.802330433250127,20.802330433250127,,62.689999389648435,62.689999389648435,,,,,,,,,,98079241.207885737240000,,,,,,,,
2024-04-17,,,,,,,61.819999694824220,62.669998168945310,61.500000000000000,61.750000000000000,1849700,,,,,61.750000000000000,,,,,,,,,,,,,,,,,,,,,,,,,,,,,,,,,,,,,,,,,,,,,,,,,,,,,,,,,,,,,,,,,,,,,,,,,,,,,,,,,,,,,,,,,,,,,,,,,,,,,,,,,,,,,,,,,,,,,,,,,,,,,,,,,,,,,,,,,,,,,0.12778852114981537,,,,,,,,,,,,,,,62.570443771953116,62.570443771953116,,,,,,,,,,,-0.003233644882471667,,,,,,20.658379796485807,20.658379796485807,,62.26199951171875,62.26199951171875,,,,,,,,,,114218975.000000000000000,,,,,,,,
2024-04-18,,,,,,,61.840000152587890,64.110000610351560,61.380001068115234,64.029998779296880,2070500,,,,,64.029998779296880,,,,,,,,,,,,,,,,,,,,,,,,,,,,,,,,,,,,,,,,,,,,,,,,,,,,,,,,,,,,,,,,,,,,,,,,,,,,,,,,,,,,,,,,,,,,,,,,,,,,,,,,,,,,,,,,,,,,,,,,,,,,,,,,,,,,,,,,,,,,,0.3215273660347722,,,,,,,,,,,,,,,63.05696210773437,63.05696210773437,,,,,,,,,,,0.03625772895807428,,,,,,26.87105373204687,26.87105373204687,,62.433999633789064,62.433999633789064,,,,,,,,,,132574112.472534190040000,,,,,,,,
2024-04-19,,,,,,,63.580001831054690,64.059997558593750,61.987998962402344,62.200000762939450,1469200,,,,,62.200000762939450,,,,,,,,,,,,,,,,,,,,,,,,,,,,,,,,,,,,,,,,,,,,,,,,,,,,,,,,,,,,,,,,,,,,,,,,,,,,,,,,,,,,,,,,,,,,,,,,,,,,,,,,,,,,,,,,,,,,,,,,,,,,,,,,,,,,,,,,,,,,,0.39354109070600246,,,,,,,,,,,,,,,62.771308326136065,62.771308326136065,,,,,,,,,,,-0.028996692455119478,,,,,,25.16763804179585,25.16763804179585,,62.32399978637695,62.32399978637695,,,,,,,,,,91384241.120910639940000,,,,,,,,
2024-04-22,,,,,,,62.250000000000000,62.759998321533200,61.825000762939450,62.069999694824220,1380400,,,,,62.069999694824220,,,,,,,,,,,,,,,,,,,,,,,,,,,,,,,,,,,,,,,,,,,,,,,,,,,,,,,,,,,,,,,,,,,,,,,,,,,,,,,,,,,,,,,,,,,,,,,,,,,,,,,,,,,,,,,,,,,,,,,,,,,,,,,,,,,,,,,,,,,,,0.3706290911638588,,,,,,,,,,,,,,,62.537538782365445,62.537538782365445,,,,,,,,,,,-0.002092236502118908,,,,,,25.046171050830953,25.046171050830953,,62.4,62.4,,,,,,,,,,85681427.578735353288000,,,,,,,,
2024-04-23,,,,,,,62.029998779296875,64.190002441406250,61.851001739501950,63.500000000000000,1505800,,,,,63.500000000000000,,,,,,,,,,,,,,,,,,,,,,,,,,,,,,,,,,,,,,,,,,,,,,,,,,,,,,,,,,,,,,,,,,,,,,,,,,,,,,,,,,,,,,,,,,,,,,,,,,,,,,,,,,,,,,,,,,,,,,,,,,,,,,,,,,,,,,,,,,,,,0.40213948444146175,,,,,,,,,,,,,,,62.85835918824363,62.85835918824363,,,,,,,,,,,0.022777130389723624,,,,,,29.09973973451646,29.09973973451646,,62.70999984741211,62.70999984741211,,,,,,,,,,95618300.000000000000000,,,,,,,,
2024-04-24,,,,,,,62.849998474121094,64.175003051757810,62.779998779296875,63.540000915527344,1055100,,,,,63.540000915527344,,,,,,,,,,,,,,,,,,,,,,,,,,,,,,,,,,,,,,,,,,,,,,,,,,,,,,,,,,,,,,,,,,,,,,,,,,,,,,,,,,,,,,,,,,,,,,,,,,,,,,,,,,,,,,,,,,,,,,,,,,,,,,,,,,,,,,,,,,,,,0.39810602614052876,,,,,,,-0.09986765348477131,,,,,,,,63.085573097338205,63.085573097338205,65.93190456572033,65.93190456572033,,,,,,,,,0.0006297373514012331,,,,,,29.215059319272935,29.215059319272935,,63.06800003051758,63.06800003051758,65.93190456572033,65.93190456572033,,,,,,,,67041054.965972900654400,,,,,,,,
2024-04-25,,,,,,,62.750000000000000,63.067001342773440,60.720001220703125,61.830001831054690,2938500,,,,,61.830001831054690,,,,,,,,,,,,,,,,,,,,,,,,,,,,,,,,,,,,,,,,,,,,,,,,,,,,,,,,,,,,,,,,,,,,,,,,,,,,,,,,,,,,,,,,,,,,,,,,,,,,,,,,,,,,,,,,,,,,,,,,,,,,,,,,,,,,,,,,,,,,,0.34269702663773005,0.5167616631266123,,,,,,-0.09402514054887218,,,,,,,,62.667049341910364,62.667049341910364,65.55900431711436,65.55900431711436,,,,,,,,,-0.02728093006522941,,,,,,27.179833243948547,27.179833243948547,,62.62800064086914,62.62800064086914,65.06666655767532,65.06666655767532,,,,,,,,181687460.380554206565000,,,,,,,,
2024-04-26,,,,,,,61.459999084472656,64.690002441406250,61.319999694824220,64.430000305175780,1641200,,,,,64.430000305175780,,,,,,,,,,,,,,,,,,,,,,,,,,,,,,,,,,,,,,,,,,,,,,,,,,,,,,,,,,,,,,,,,,,,,,,,,,,,,,,,,,,,,,,,,,,,,,,,,,,,,,,,,,,,,,,,,,,,,,,,,,,,,,,,,,,,,,,,,,,,,0.4136779046500221,0.511780711743532,,,,,,-0.06875159210618845,,,,,,,,63.25469966299884,63.25469966299884,65.45636758875631,65.45636758875631,,,,,,,,,0.041190654702281386,,,,,,34.63585812023758,34.63585812023758,,63.07400054931641,63.07400054931641,64.56333323887416,64.56333323887416,,,,,,,,105742516.500854490136000,,,,,,,,
2024-04-29,,,,,,,63.490001678466800,66.669998168945310,63.040000915527344,65.910003662109380,2163600,,,,,65.910003662109380,,,,,,,,,,,,,,,,,,,,,,,,,,,,,,,,,,,,,,,,,,,,,,,,,,,,,,,,,,,,,,,,,,,,,,,,,,,,,,,,,,,,,,,,,,,,,,,,,,,,,,,,,,,,,,,,,,,,,,,,,,,,,,,,,,,,,,,,,,,,,0.4166292965419477,0.4569651957295639,,,,,,-0.0166446355154043,,,,,,,,64.13980099603569,64.13980099603569,65.49760723178841,65.49760723178841,,,,,,,,,0.02271086273980043,,,,,,38.49625144580069,38.49625144580069,,63.842001342773436,63.842001342773436,64.38999993460519,64.38999993460519,,,,,,,,142602883.923339854568000,,,,,,,,
2024-04-30,,,,,,,65.209999084472660,65.860000610351560,63.750000000000000,65.010002136230470,2132500,,,,,65.010002136230470,,,,,,,,,,,,,,,,,,,,,,,,,,,,,,,,,,,,,,,,,,,,,,,,,,,,,,,,,,,,,,,,,,,,,,,,,,,,,,,,,,,,,,,,,,,,,,,,,,,,,,,,,,,,,,,,,,,,,,,,,,,,,,,,,,,,,,,,,,,,,0.4373185649440444,0.45844122730598846,,,,,,-0.038605897511096436,,,,,,,,64.42986804276728,64.42986804276728,65.4532794958286,65.4532794958286,,,,,,,,,-0.013749093550493842,,,,,,37.062760405497414,37.062760405497414,,64.14400177001953,64.14400177001953,64.19523820422944,64.19523820422944,,,,,,,,138633829.555511477275000,,,,,,,,
2024-05-01,,,,,,,64.949996948242190,66.849998474121100,64.285003662109380,65.150001525878900,1612400,,,,,65.150001525878900,,,,,,,,,,,,,,,,,,,,,,,,,,,,,,,,,,,,,,,,,,,,,,,,,,,,,,,,,,,,,,,,,,,,,,,,,,,,,,,,,,,,,,,,,,,,,,,,,,,,,,,,,,,,,,,,,,,,,,,,,,,,,,,,,,,,,,,,,,,,,0.4365591199466387,0.4459235949969389,,,,,,-0.08756553803029131,,,,,,,,64.66991253713782,64.66991253713782,65.42570877128772,65.42570877128772,,,,,,,,,0.0021511899154598945,,-1.243584572107153,-1.243584572107153,,,37.45292791813894,37.45292791813894,,64.46600189208985,64.46600189208985,64.11190487089611,64.11190487089611,,,,,,,,105047862.460327138360000,,,,,,,,
2024-05-02,,,,,,,65.000000000000000,66.230003356933600,64.699996948242190,65.139999389648440,1697500,,,,,65.139999389648440,,,,,,,,,,,,,,,,,,,,,,,,,,,,,,,,,,,,,,,,,,,,,,,,,,,,,,,,,,,,,,,,,,,,,,,,,,,,,,,,,,,,,,,,,,,,,,,,,,,,,,,,,,,,,,,,,,,,,,,,,,,,,,,,,,,,,,,,,,,,,0.34251949776716517,0.41513966269764063,,,,,,-0.0032051862826156553,,,,,,,,64.82660815464136,64.82660815464136,65.39973519113869,65.39973519113869,,,,,,,,,-0.0001535365136209363,,-1.0929476944645558,-1.0929476944645558,,,37.435072361346904,37.435072361346904,,65.1280014038086,65.1280014038086,64.17142868041992,64.17142868041992,,,,,,,,110575148.963928226900000,,,,,,,,
2024-05-03,,,,,,,65.430000305175780,65.559997558593750,63.799999237060550,64.650001525878900,1725000,,,,,64.650001525878900,,,,,,,,,,,,,,,,,,,,,,,,,,,,,,,,,,,,,,,,,,,,,,,,,,,,,,,,,,,,,,,,,,,,,,,,,,,,,,,,,,,,,,,,,,,,,,,,,,,,,,,,,,,,,,,,,,,,,,,,,,,,,,,,,,,,,,,,,,,,,0.21941312311455483,0.37954613140269333,,,,,,-0.07509894916759455,,,,,,,,64.76773927838721,64.76773927838721,65.33157758520598,65.33157758520598,,,,,,,,,-0.00755066165822978,,-1.001560253028586,-1.001560253028586,,,36.51660418880967,36.51660418880967,,65.17200164794922,65.17200164794922,64.05952399117606,64.05952399117606,,,,,,,,111521252.632141102500000,,,,,,,,
2024-05-06,,,,,,,64.699996948242190,65.110000610351560,64.300003051757810,64.690002441406250,1200300,,,,,64.690002441406250,,,,,,,,,,,,,,,,,,,,,,,,,,,,,,,,,,,,,,,,,,,,,,,,,,,,,,,,,,,,,,,,,,,,,,,,,,,,,,,,,,,,,,,,,,,,,,,,,,,,,,,,,,,,,,,,,,,,,,,,,,,,,,,,,,,,,,,,,,,,,0.10686407629768796,0.3404103456969277,,,,,,-0.17896405815282163,,,,,,,,64.74182699939355,64.74182699939355,65.27325257213327,65.27325257213327,,,,,,,,,0.0006185389759658412,,-0.915355657467984,-0.915355657467984,,,36.653241798881716,36.653241798881716,,64.9280014038086,64.9280014038086,63.80380993797665,63.80380993797665,,,,,,,,77647409.930419921875000,,,,,,,,
2024-05-07,,,,,,,64.790000915527340,65.894996643066400,64.459999084472660,65.559997558593750,2270200,,,,,65.559997558593750,,,,,,,,,,,,,,,,,,,,,,,,,,,,,,,,,,,,,,,,,,,,,,,,,,,,,,,,,,,,,,,,,,,,,,,,,,,,,,,,,,,,,,,,,,,,,,,,,,,,,,,,,,,,,,,,,,,,,,,,,,,,,,,,,,,,,,,,,,,,,0.11940641660740227,0.31095632481265506,,,,,,-0.077086080406435,,,,,,,,65.01455051912696,65.01455051912696,65.29932029817513,65.29932029817513,,,,,,,,,0.013359048840382073,,-0.7679837210284148,-0.7679837210284148,,,39.69346887731051,39.69346887731051,,65.03800048828126,65.03800048828126,63.734762100946334,63.734762100946334,,,,,,,,148834306.457519531250000,,,,,,,,
2024-05-08,,,,,,,65.230003356933600,66.964996337890620,65.150001525878900,66.430000305175780,1910600,,,,,66.430000305175780,,,,,,,,,,,,,,,,,,,,,,,,,,,,,,,,,,,,,,,,,,,,,,,,,,,,,,,,,,,,,,,,,,,,,,,,,,,,,,,,,,,,,,,,,,,,,,,,,,,,,,,,,,,,,,,,,,,,,,,,,,,,,,,,,,,,,,,,,,,,,0.14505101545964819,0.3044429505840813,,,,,,-0.00924757194261933,,,,,,,,65.48636711447656,65.48636711447656,65.40210938972065,65.40210938972065,,,,,,,,,0.013183049634732357,,-0.5743674979250102,-0.5743674979250102,,,42.657266282667116,42.657266282667116,,65.29400024414062,65.29400024414062,63.77809560866583,63.77809560866583,,,,,,,,126921158.583068845268000,,,,,,,,
2024-05-09,,,,,,,65.519996643066400,67.500000000000000,63.488998413085940,64.830001831054690,3088600,,,,,64.830001831054690,,,,,,,,,,,,,,,,,,,,,,,,,,,,,,,,,,,,,,,,,,,,,,,,,,,,,,,,,,,,,,,,,,,,,,,,,,,,,,,,,,,,,,,,,,,,,,,,,,,,,,,,,,,,,,,,,,,,,,,,,,,,,,,,,,,,,,,,,,,,,0.25093511298465704,0.30358576224998174,,,,,,-0.005364027301945137,,,,,,,,65.26757868666927,65.26757868666927,65.35009961166011,65.35009961166011,,,,,,,,,-0.02438027884025024,,-0.5437635831964087,-0.5437635831964087,,,38.87352274757004,38.87352274757004,,65.23200073242188,65.23200073242188,63.822857629685174,63.822857629685174,,,,,,,,200233943.655395515534000,,,,,,,,
2024-05-10,,,,,,,63.799999237060550,64.809997558593750,63.029998779296875,63.740001678466800,1916200,,,,,63.740001678466800,,,,,,,,,,,,,,,,,,,,,,,,,,,,,,,,,,,,,,,,,,,,,,,,,,,,,,,,,,,,,,,,,,,,,,,,,,,,,,,,,,,,,,,,,,,,,,,,,,,,,,,,,,,,,,,,,,,,,,,,,,,,,,,,,,,,,,,,,,,,,0.27430741249337487,0.3069985739701122,,,,,,-0.007375950345264396,,,,,,,,64.75838635060178,64.75838635060178,65.2037270722789,65.2037270722789,,,,,,,,,-0.016956152108633205,,-0.6005410002599518,-0.6005410002599518,,,36.49835834144724,36.49835834144724,,65.05000076293945,65.05000076293945,63.8500006539481,63.8500006539481,,,,,,,,122138591.216278082160000,,,,,,,,
2024-05-13,,,,,,,64.000000000000000,64.434997558593750,63.117000579833984,63.139999389648440,1510900,,,,,63.139999389648440,,,,,,,,,,,,,,,,,,,,,,,,,,,,,,,,,,,,,,,,,,,,,,,,,,,,,,,,,,,,,,,,,,,,,,,,,,,,,,,,,,,,,,,,,,,,,,,,,,,,,,,,,,,,,,,,,,,,,,,,,,,,,,,,,,,,,,,,,,,,,0.275639178401506,0.3079608407447143,,,,,,-0.057799794494948604,,,,,,,,64.218924030284,64.218924030284,65.01611546476704,65.01611546476704,,,,,,,,,-0.009457861859004634,,-0.6860443899418698,-0.6860443899418698,-0.8251275966022149,-0.8251275966022149,35.222589216811336,35.222589216811336,,64.7400001525879,64.7400001525879,63.86857205345517,63.86857205345517,,,,,,,,95398225.077819827996000,,,,,,,,
2024-05-14,,,,,,,63.610000610351560,65.401000976562500,63.459999084472656,65.099998474121100,1627500,,,,,65.099998474121100,,,,,,,,,,,,,,,,,,,,,,,,,,,,,,,,,,,,,,,,,,,,,,,,,,,,,,,,,,,,,,,,,,,,,,,,,,,,,,,,,,,,,,,,,,,,,,,,,,,,,,,,,,,,,,,,,,,,,,,,,,,,,,,,,,,,,,,,,,,,,0.36110278900339887,0.31818856763290226,,,,,,0.017915612086812936,,,,,,,,64.51261551156303,64.51261551156303,65.02374119289014,65.02374119289014,,,,,,,,,0.03057005231231621,,-0.5888628521570354,-0.5888628521570354,-0.777874647713179,-0.777874647713179,42.31580595956196,42.31580595956196,,64.64800033569335,64.64800033569335,64.03095299857003,64.03095299857003,,,,,,,,105950247.516632090250000,,,,,,,,
2024-05-15,,,,,,,64.830001831054690,65.180000305175780,62.229999542236330,62.439998626708984,2812500,,,,,62.439998626708984,,,,,,,,,,,,,,,,,,,,,,,,,,,,,,,,,,,,,,,,,,,,,,,,,,,,,,,,,,,,,,,,,,,,,,,,,,,,,,,,,,,,,,,,,,,,,,,,,,,,,,,,,,,,,,,,,,,,,,,,,,,,,,,,,,,,,,,,,,,,,0.42587921255086164,0.3530581984129239,,,,,,-0.021121956604345724,,,,,,,,63.82174321661169,63.82174321661169,64.78885550505548,64.78885550505548,,,,,,,,,-0.04171845212206236,,-0.7182065029493003,-0.7182065029493003,-0.7659410187604032,-0.7659410187604032,36.47786748638655,36.47786748638655,,63.85,63.85,64.0542862301781,64.0542862301781,,,,,,,,175612496.137619017500000,,,,,,,,
2024-05-16,,,,,,,62.000000000000000,62.029998779296875,60.569999694824220,61.560001373291016,2653900,,,,,61.560001373291016,,,,,,,,,,,,,,,,,,,,,,,,,,,,,,,,,,,,,,,,,,,,,,,,,,,,,,,,,,,,,,,,,,,,,,,,,,,,,,,,,,,,,,,,,,,,,,,,,,,,,,,,,,,,,,,,,,,,,,,,,,,,,,,,,,,,,,,,,,,,,0.41377704666695597,0.3564944732276351,,,,,,0.028935691564835882,,,,,,,,63.067829268838125,63.067829268838125,64.49532331125872,64.49532331125872,,,,,,,,,-0.014193742374611478,,-0.8815586426979394,-0.8815586426979394,-0.7890645435479104,-0.7890645435479104,34.76890586750461,34.76890586750461,,63.19599990844726,63.19599990844726,64.0452386765253,64.0452386765253,,,,,,,,163374087.644577027362400,,,,,,,,
2024-05-17,,,,,,,61.799999237060550,62.419998168945310,61.000000000000000,62.380001068115234,1711100,,,,,62.380001068115234,,,,,,,,,,,,,,,,,,,,,,,,,,,,,,,,,,,,,,,,,,,,,,,,,,,,,,,,,,,,,,,,,,,,,,,,,,,,,,,,,,,,,,,,,,,,,,,,,,,,,,,,,,,,,,,,,,,,,,,,,,,,,,,,,,,,,,,,,,,,,0.43820074554806626,0.3351522459308009,,,,,,0.020839275338723016,,,,,,,,62.838553201930495,62.838553201930495,64.30302128915476,64.30302128915476,,,,,,,,,0.013232397023527057,,-0.934081754962925,-0.934081754962925,-0.8180679858309133,-0.8180679858309133,37.69792646872417,37.69792646872417,,62.92399978637695,62.92399978637695,63.96666735694522,63.96666735694522,,,,,,,,106738419.827651976897400,,,,,,,,
2024-05-20,,,,,,,62.459999084472656,62.819999694824220,61.849998474121094,62.029998779296875,1459000,,,,,62.029998779296875,,,,,,,,,,,,,,,,,,,,,,,,,,,,,,,,,,,,,,,,,,,,,,,,,,,,,,,,,,,,,,,,,,,,,,,,,,,,,,,,,,,,,,,,,,,,,,,,,,,,,,,,,,,,,,,,,,,,,,,,,,,,,,,,,,,,,,,,,,,,,0.4362067420584803,0.32021273417049567,,,,,,0.027118452800251644,,,,,,,,62.569035061052624,62.569035061052624,64.09638287916768,64.09638287916768,,,,,,,,,-0.005626608996588286,,-0.9925079456749728,-0.9925079456749728,-0.8529559777997253,-0.8529559777997253,36.935576267116716,36.935576267116716,,62.70199966430664,62.70199966430664,63.95857202439081,63.95857202439081,,,,,,,,90501768.218994140625000,,,,,,,,
2024-05-21,,,,,,,61.799999237060550,62.250000000000000,61.139999389648440,61.220001220703125,1319700,,,,,61.220001220703125,,,,,,,,,,,,,,,,,,,,,,,,,,,,,,,,,,,,,,,,,,,,,,,,,,,,,,,,,,,,,,,,,,,,,,,,,,,,,,,,,,,,,,,,,,,,,,,,,,,,,,,,,,,,,,,,,,,,,,,,,,,,,,,,,,,,,,,,,,,,,0.314116877861236,0.32333936537107,,,,,,0.015333351380320253,,,,,,,,62.119357114269455,62.119357114269455,63.83489363748909,63.83489363748909,,,,,,,,,-0.013144165848908606,,-1.0915880092184125,-1.0915880092184125,-0.9006823840834627,-0.9006823840834627,35.163328090506965,35.163328090506965,,61.92600021362305,61.92600021362305,63.91809590657552,63.91809590657552,,,,,,,,80792035.610961914062500,,,,,,,,
2024-05-22,,,,,,,61.069999694824220,62.240001678466800,60.919998168945310,61.889999389648440,1403700,,,,,61.889999389648440,,,,,,,,,,,,,,,,,,,,,,,,,,,,,,,,,,,,,,,,,,,,,,,,,,,,,,,,,,,,,,,,,,,,,,,,,,,,,,,,,,,,,,,,,,,,,,,,,,,,,,,,,,,,,,,,,,,,,,,,,,,,,,,,,,,,,,,,,,,,,0.20755677724056723,0.3149962687650799,,,,,,0.01642481240478496,,,,,,,,62.042904539395785,62.042904539395785,63.65808506950357,63.65808506950357,,,,,,,,,0.01088465243251375,,-1.1033279428568648,-1.1033279428568648,-0.9412114958381431,-0.9412114958381431,37.820980136442365,37.820980136442365,,61.816000366210936,61.816000366210936,63.841429210844495,63.841429210844495,,,,,,,,86874992.143249515228000,,,,,,,,
2024-05-23,,,,,,,61.279998779296875,61.599998474121094,59.884998321533200,59.930000305175780,1733100,,,,,59.930000305175780,,,,,,,,,,,,,,,,,,,,,,,,,,,,,,,,,,,,,,,,,,,,,,,,,,,,,,,,,,,,,,,,,,,,,,,,,,,,,,,,,,,,,,,,,,,,,,,,,,,,,,,,,,,,,,,,,,,,,,,,,,,,,,,,,,,,,,,,,,,,,0.295881493418685,0.3325802705760019,,,,,,-0.026701541935840685,,,,,,,,61.33860312798912,61.33860312798912,63.3191682727465,63.3191682727465,,,,,,,,,-0.03218138632709541,,-1.2563055620716312,-1.2563055620716312,-1.0042303090848408,-1.0042303090848408,33.49553100432716,33.49553100432716,,61.49000015258789,61.49000015258789,63.66952441987537,63.66952441987537,,,,,,,,103864683.528900144318000,,,,,,,,
2024-05-24,,,,,,,59.810001373291016,60.779998779296875,59.060001373291016,60.450000762939450,1269400,,,,,60.450000762939450,,,,,,,,,,,,,,,,,,,,,,,,,,,,,,,,,,,,,,,,,,,,,,,,,,,,,,,,,,,,,,,,,,,,,,,,,,,,,,,,,,,,,,,,,,,,,,,,,,,,,,,,,,,,,,,,,,,,,,,,,,,,,,,,,,,,,,,,,,,,,0.2790075437792748,0.3223657281576664,,,,,,-0.0036245905210963996,,,,,,,,61.042402339639224,61.042402339639224,63.05833486276404,63.05833486276404,,,,,,,,,0.008639370119503829,,-1.3203614316396965,-1.3203614316396965,-1.067456533595812,-1.067456533595812,35.599879436863056,35.599879436863056,,61.104000091552734,61.104000091552734,63.603810083298455,63.603810083298455,,,,,,,,76735230.968475337830000,,,,,,,,
2024-05-28,,,,,,,60.200000762939450,60.250000000000000,59.340000152587890,59.860000610351560,1705100,,,,,59.860000610351560,,,,,,,,,,,,,,,,,,,,,,,,,,,,,,,,,,,,,,,,,,,,,,,,,,,,,,,,,,,,,,,,,,,,,,,,,,,,,,,,,,,,,,,,,,,,,,,,,,,,,,,,,,,,,,,,,,,,,,,,,,,,,,,,,,,,,,,,,,,,,0.27996289616364645,0.28427419473808485,,,,,,-0.033019629285962394,,,,,,,,60.64826842987667,60.64826842987667,62.76757720345382,62.76757720345382,,,,,,,,,-0.009808077060931352,,-1.4025663395517185,-1.4025663395517185,-1.1344784947869933,-1.1344784947869933,34.274703302176896,34.274703302176896,,60.67000045776367,60.67000045776367,63.386191050211586,63.386191050211586,,,,,,,,102067287.040710444956000,,,,,,,,
2024-05-29,,,,,,,59.229999542236330,60.119998931884766,59.229999542236330,59.720001220703125,1050300,,,,,59.720001220703125,,,,,,,,,,,,,,,,,,,,,,,,,,,,,,,,,,,,,,,,,,,,,,,,,,,,,,,,,,,,,,,,,,,,,,,,,,,,,,,,,,,,,,,,,,,,,,,,,,,,,,,,,,,,,,,,,,,,,,,,,,,,,,,,,,,,,,,,,,,,,0.27579645050407015,0.2679434776907067,,,,,,-0.0644451043924467,,,,,,,,60.33884602681882,60.33884602681882,62.49052484138557,62.49052484138557,,,,,,,,,-0.0023415195094400577,,-1.4621562746735322,-1.4621562746735322,-1.2000140507643011,-1.2000140507643011,33.95174542161857,33.95174542161857,,60.37000045776367,60.37000045776367,63.09142902919224,63.09142902919224,,,,,,,,62723917.282104492187500,,,,,,,,
2024-05-30,,,,,,,59.110000610351560,59.159999847412110,56.720001220703125,58.349998474121094,3253600,,,,,58.349998474121094,,,,,,,,,,,,,,,,,,,,,,,,,,,,,,,,,,,,,,,,,,,,,,,,,,,,,,,,,,,,,,,,,,,,,,,,,,,,,,,,,,,,,,,,,,,,,,,,,,,,,,,,,,,,,,,,,,,,,,,,,,,,,,,,,,,,,,,,,,,,,0.258019611141139,0.2739070227501307,,,,,,-0.04514686958662057,,,,,,,,59.67589684258625,59.67589684258625,62.11411335345244,62.11411335345244,,,,,,,,,-0.023207660529318146,,-1.601468764599744,-1.601468764599744,-1.2803049935313897,-1.2803049935313897,30.88485841252908,30.88485841252908,,59.662000274658205,59.662000274658205,62.77428599766323,62.77428599766323,,,,,,,,189847555.035400391438400,,,,,,,,
2024-05-31,,,,,,,58.060001373291016,59.400001525878906,57.189998626708984,59.340000152587890,5801400,,,,,59.340000152587890,,,,,,,,,,,,,,,,,,,,,,,,,,,,,,,,,,,,,,,,,,,,,,,,,,,,,,,,,,,,,,,,,,,,,,,,,,,,,,,,,,,,,,,,,,,,,,,,,,,,,,,,,,,,,,,,,,,,,,,,,,,,,,,,,,,,,,,,,,,,,0.2482718220927668,0.28338517155121706,,,,,,0.09864853037782964,,,,,,,,59.56393127925346,59.56393127925346,61.86192124428293,61.86192124428293,,,,,,,,,0.01682428485198082,,-1.61339187763177,-1.61339187763177,-1.3469223703514657,-1.3469223703514657,35.42431501145653,35.42431501145653,,59.544000244140626,59.544000244140626,62.49761926560175,62.49761926560175,,,,,,,,344255076.885223385046000,,,,,,,,
2024-06-03,,,,,,,59.340000152587890,59.869998931884766,56.810001373291016,57.049999237060550,1680600,,,,,57.049999237060550,,,,,,,,,,,,,,,,,,,,,,,,,,,,,,,,,,,,,,,,,,,,,,,,,,,,,,,,,,,,,,,,,,,,,,,,,,,,,,,,,,,,,,,,,,,,,,,,,,,,,,,,,,,,,,,,,,,,,,,,,,,,,,,,,,,,,,,,,,,,,0.33693400073263524,0.30741867127376604,,,,,,0.08254390946869171,,,,,,,,58.72595393185583,58.72595393185583,61.4244737890809,61.4244737890809,,,,,,,,,-0.03935555449918008,,-1.7870252514438647,-1.7870252514438647,-1.4349429465699455,-1.4349429465699455,30.443408899396744,30.443408899396744,,58.863999938964845,58.863999938964845,62.11238116309757,62.11238116309757,,,,,,,,95878228.717803960330000,,,,,,,,
2024-06-04,,,,,,,56.819999694824220,57.250000000000000,55.500000000000000,55.610000610351560,2111500,,,,,55.610000610351560,,,,,,,,,,,,,,,,,,,,,,,,,,,,,,,,,,,,,,,,,,,,,,,,,,,,,,,,,,,,,,,,,,,,,,,,,,,,,,,,,,,,,,,,,,,,,,,,,,,,,,,,,,,,,,,,,,,,,,,,,,,,,,,,,,,,,,,,,,,,,0.35003500945756333,0.31458142988611926,,,,,,0.040713862208861626,,,,,,,,57.687302824687734,57.687302824687734,60.89588531828732,60.89588531828732,,,,,,,,,-0.025565010759868053,,-2.0175695202199364,-2.0175695202199364,-1.5514682612999438,-1.5514682612999438,27.796671833048137,27.796671833048137,,58.013999938964844,58.013999938964844,61.68190492902483,61.68190492902483,,,,,,,,117420516.288757318940000,,,,,,,,
2024-06-05,,,,,,,55.610000610351560,56.005001068115234,54.750000000000000,55.729999542236330,1342500,,,,,55.729999542236330,,,,,,,,,,,,,,,,,,,,,,,,,,,,,,,,,,,,,,,,,,,,,,,,,,,,,,,,,,,,,,,,,,,,,,,,,,,,,,,,,,,,,,,,,,,,,,,,,,,,,,,,,,,,,,,,,,,,,,,,,,,,,,,,,,,,,,,,,,,,,0.3613349428322797,0.3151056891973411,,,,,,0.058884606033201635,,,,,,,,57.03486839720394,57.03486839720394,60.426259338646325,60.426259338646325,,,,,,,,,0.002155541192446005,,-2.165630562213572,-2.165630562213572,-1.6743007214826693,-1.6743007214826693,28.355655882640637,28.355655882640637,,57.215999603271484,57.215999603271484,61.25523812430246,61.25523812430246,,,,,63.754800186157226,,,74817524.385452273025000,,,,,,,,
2024-06-06,,,,,,,55.380001068115234,55.439998626708984,54.470001220703125,55.049999237060550,1806300,,,,,55.049999237060550,,,,,,,,,,,,,,,,,,,,,,,,,,,,,,,,,,,,,,,,,,,,,,,,,,,,,,,,,,,,,,,,,,,,,,,,,,,,,,,,,,,,,,,,,,,,,,,,,,,,,,,,,,,,,,,,,,,,,,,,,,,,,,,,,,,,,,,,,,,,,0.3516656528705614,0.3065310644919938,,,,,,0.03967754542848177,,,,,,,,56.37324534382281,56.37324534382281,59.93750842032034,59.93750842032034,,,,,,,,,-0.012276744057829055,,-2.3111982911147635,-2.3111982911147635,-1.8016802354090882,-1.8016802354090882,27.07642219706932,27.07642219706932,,56.555999755859375,56.555999755859375,60.75476201375326,60.75476201375326,,,,,63.25580017089844,,,99436813.621902471465000,,,,,,,,
2024-06-07,,,,,,,54.500000000000000,56.779998779296875,54.470001220703125,56.409999847412110,1535000,,,,,56.409999847412110,,,,,,,,,,,,,,,,,,,,,,,,,,,,,,,,,,,,,,,,,,,,,,,,,,,,,,,,,,,,,,,,,,,,,,,,,,,,,,,,,,,,,,,,,,,,,,,,,,,,,,,,,,,,,,,,,,,,,,,,,,,,,,,,,,,,,,,,,,,,,0.3921159208679471,0.31867400082483793,,,,,,0.04607890362646754,,,,,,,,56.38549684501924,56.38549684501924,59.616825822783234,59.616825822783234,,,,,,,,,0.024404595737243753,,-2.290418562321385,-2.290418562321385,-1.8994279007915476,-1.8994279007915476,33.53474223205001,33.53474223205001,,55.96999969482422,55.96999969482422,60.27761913481213,60.27761913481213,,,,,62.88400016784668,,,86589349.765777588850000,,,,,,,,
2024-06-10,,,,,,,56.049999237060550,57.279998779296875,56.049999237060550,56.709999084472656,1733800,,,,,56.709999084472656,,,,,,,,,,,,,,,,,,,,,,,,,,,,,,,,,,,,,,,,,,,,,,,,,,,,,,,,,,,,,,,,,,,,,,,,,,,,,,,,,,,,,,,,,,,,,,,,,,,,,,,,,,,,,,,,,,,,,,,,,,,,,,,,,,,,,,,,,,,,,0.29967797968231114,0.31577467679750937,,,,,,0.07534398257288492,,,,,,,,56.49366425817038,56.49366425817038,59.35256884657318,59.35256884657318,,,,,,,,,0.00530410083501168,,-2.22410494891637,-2.22410494891637,-1.9643633104165121,-1.9643633104165121,34.90426686191133,34.90426686191133,,55.90199966430664,55.90199966430664,59.89095233735584,59.89095233735584,,,,,62.62720008850098,,,98323796.412658690972800,,,,,,,,
2024-06-11,,,,,,,56.599998474121094,56.790000915527344,56.180000305175780,56.540000915527344,1363200,,,,,56.540000915527344,,,,,,,,,,,,,,,,,,,,,,,,,,,,,,,,,,,,,,,,,,,,,,,,,,,,,,,,,,,,,,,,,,,,,,,,,,,,,,,,,,,,,,,,,,,,,,,,,,,,,,,,,,,,,,,,,,,,,,,,,,,,,,,,,,,,,,,,,,,,,0.21490488537984087,0.3135737456289465,,,,,,0.09185475493352412,,,,,,,,56.509109810622704,56.509109810622704,59.09688085284174,59.09688085284174,,,,,,,,,-0.003002177423912872,,-2.1603650208492056,-2.1603650208492056,-2.003563652503051,-2.003563652503051,34.47082031342389,34.47082031342389,,56.087999725341795,56.087999725341795,59.548095158168245,59.548095158168245,,,,,62.3760001373291,,,77075329.248046875340800,,,,,,,,
2024-06-12,,,,,,,56.869998931884766,57.139999389648440,56.130001068115234,56.159999847412110,1040600,,,,,56.159999847412110,,,,,,,,,,,,,,,,,,,,,,,,,,,,,,,,,,,,,,,,,,,,,,,,,,,,,,,,,,,,,,,,,,,,,,,,,,,,,,,,,,,,,,,,,,,,,,,,,,,,,,,,,,,,,,,,,,,,,,,,,,,,,,,,,,,,,,,,,,,,,0.22688750616360928,0.31330560074809005,,,,,,0.10478560614827072,,,,,,,,56.39273982288584,56.39273982288584,58.82989167052995,58.82989167052995,,,,,,,,,-0.006743611457469311,,-2.11612026189011,-2.11612026189011,-2.0260749743804625,-2.0260749743804625,33.470264252828734,33.470264252828734,,56.17399978637695,56.17399978637695,59.215714227585565,59.215714227585565,,,,,62.16120010375977,,,58440095.841217041666000,,,,,,,,
2024-06-13,,,,,,,55.830001831054690,56.700000762939450,54.000000000000000,54.130001068115234,1408400,,,,,54.130001068115234,,,,,,,,,,,,,,,,,,,,,,,,,,,,,,,,,,,,,,,,,,,,,,,,,,,,,,,,,,,,,,,,,,,,,,,,,,,,,,,,,,,,,,,,,,,,,,,,,,,,,,,,,,,,,,,,,,,,,,,,,,,,,,,,,,,,,,,,,,,,,0.35290279386240647,0.3021027949377837,,,,,,0.045759295993414516,,,,,,,,55.63849357129563,55.63849357129563,58.40262888849225,58.40262888849225,,,,,,,,,-0.0368161764592407,,-2.2192774586394037,-2.2192774586394037,-2.0647154712322506,-2.0647154712322506,28.68089661648268,28.68089661648268,,55.99000015258789,55.99000015258789,58.69333339872814,58.69333339872814,,,,,61.966000137329104,,,76236693.504333495565600,,,,,,,,
2024-06-14,,,,,,,52.959999084472656,54.779998779296875,52.582000732421875,54.560001373291016,1372100,,,,,54.560001373291016,,,,,,,,,,,,,,,,,,,,,,,,,,,,,,,,,,,,,,,,,,,,,,,,,,,,,,,,,,,,,,,,,,,,,,,,,,,,,,,,,,,,,,,,,,,,,,,,,,,,,,,,,,,,,,,,,,,,,,,,,,,,,,,,,,,,,,,,,,,,,0.28378069092353686,0.2822021018625567,,,,,,0.13801804160892847,,,,,,,,55.27899617196076,55.27899617196076,58.05329911438305,58.05329911438305,,,,,,,,,0.007912458164202107,,-2.240505694327659,-2.240505694327659,-2.0998735158513324,-2.0998735158513324,30.93530606495339,30.93530606495339,,55.62000045776367,55.62000045776367,58.31809543427967,58.31809543427967,,,,,61.717200164794924,,,74861777.884292603053600,,,,,,,,
2024-06-17,,,,,,,54.419998168945310,54.790000915527344,53.189998626708984,54.630001068115234,1406300,,,,,54.630001068115234,,,,,,,,,,,,,,,,,,,,,,,,,,,,,,,,,,,,,,,,,,,,,,,,,,,,,,,,,,,,,,,,,,,,,,,,,,,,,,,,,,,,,,,,,,,,,,,,,,,,,,,,,,,,,,,,,,,,,,,,,,,,,,,,,,,,,,,,,,,,,0.27437049906058325,0.2819254256401825,,,,,,0.14740300383700014,,,,,,,,55.06266447067892,55.06266447067892,57.74209020108597,57.74209020108597,,,,,,,,,0.0012821632539372063,,-2.2260206532503943,-2.2260206532503943,-2.125102943331145,-2.125102943331145,31.315929054171157,31.315929054171157,,55.204000854492186,55.204000854492186,57.98809541974749,57.98809541974749,,,,,61.40860023498535,,,76826170.502090453574200,,,,,,,,
2024-06-18,,,,,,,54.119998931884766,55.069999694824220,52.959999084472656,53.319999694824220,1852500,,,,,53.319999694824220,,,,,,,,,,,,,,,,,,,,,,,,,,,,,,,,,,,,,,,,,,,,,,,,,,,,,,,,,,,,,,,,,,,,,,,,,,,,,,,,,,,,,,,,,,,,,,,,,,,,,,,,,,,,,,,,,,,,,,,,,,,,,,,,,,,,,,,,,,,,,0.2934227250530593,0.28014239063820134,,,,,,0.07154483152159788,,,,,,,,54.48177621206069,54.48177621206069,57.340081973244,57.340081973244,,,,,,,,,-0.024271712372402294,,-2.293805751663214,-2.293805751663214,-2.1588435049975585,-2.1588435049975585,28.18536317815512,28.18536317815512,,54.560000610351565,54.560000610351565,57.556666782924104,57.556666782924104,,,,,61.13480018615723,,,98775299.434661867550000,,,,,,,,
2024-06-20,,,,,,,52.939998626708984,54.084999084472656,52.437999725341800,53.799999237060550,1721000,,,,,53.799999237060550,,,,,,,,,,,,,,,,,,,,,,,,,,,,,,,,,,,,,,,,,,,,,,,,,,,,,,,,,,,,,,,,,,,,,,,,,,,,,,,,,,,,,,,,,,,,,,,,,,,,,,,,,,,,,,,,,,,,,,,,,,,,,,,,,,,,,,,,,,,,,0.32922818685033073,0.28585393649315183,,,,,,0.12493852787727255,,,,,,,,54.25451722039397,54.25451722039397,57.01825626995459,57.01825626995459,,,,,,,,,0.008961963399676861,,-2.2824829364901476,-2.2824829364901476,-2.1835713912960766,-2.1835713912960766,30.91071153511084,30.91071153511084,,54.08800048828125,54.08800048828125,57.164762042817614,57.164762042817614,,,,,60.90040023803711,,,92589798.686981206550000,,,,,,,,
2024-06-21,,,,,,,53.830001831054690,54.770000457763670,52.200000762939450,52.349998474121094,7689100,,,,,52.349998474121094,,,,,,,,,,,,,,,,,,,,,,,,,,,,,,,,,,,,,,,,,,,,,,,,,,,,,,,,,,,,,,,,,,,,,,,,,,,,,,,,,,,,,,,,,,,,,,,,,,,,,,,,,,,,,,,,,,,,,,,,,,,,,,,,,,,,,,,,,,,,,0.2813583938240898,0.29393668747415264,,,,,,-0.020904763344572568,,,,,,,,53.61967763830302,53.61967763830302,56.5938691976061,56.5938691976061,,,,,,,,,-0.027321544817801576,,-2.363270159976622,-2.363270159976622,-2.2195111450321856,-2.2195111450321856,27.513887138441273,27.513887138441273,,53.73199996948242,53.73199996948242,56.74238095964704,56.74238095964704,,,,,60.66960021972656,,,402524373.267364503875400,,,,,,,,
2024-06-24,,,,,,,52.349998474121094,53.000000000000000,51.259998321533200,51.299999237060550,2581700,,,,,51.299999237060550,,,,,,,,,,,,,,,,,,,,,,,,,,,,,,,,,,,,,,,,,,,,,,,,,,,,,,,,,,,,,,,,,,,,,,,,,,,,,,,,,,,,,,,,,,,,,,,,,,,,,,,,,,,,,,,,,,,,,,,,,,,,,,,,,,,,,,,,,,,,,0.2594999882514604,0.2892169178433016,,,,,,-0.08904937058210134,,,,,,,,52.846451504555525,52.846451504555525,56.11260829210195,56.11260829210195,,,,,,,,,-0.02026117086429668,,-2.483393762416995,-2.483393762416995,-2.2722876685091475,-2.2722876685091475,25.342123613057932,25.342123613057932,,53.07999954223633,53.07999954223633,56.23809523809524,56.23809523809524,,,,,60.432200241088864,,,132441208.030319221935000,,,,,,,,
2024-06-25,,,,,,,51.240001678466800,51.619998931884766,50.630001068115234,51.250000000000000,1610700,,,,,51.250000000000000,,,,,,,,,,,,,,,,,,,,,,,,,,,,,,,,,,,,,,,,,,,,,,,,,,,,,,,,,,,,,,,,,,,,,,,,,,,,,,,,,,,,,,,,,,,,,,,,,,,,,,,,,,,,,,,,,,,,,,,,,,,,,,,,,,,,,,,,,,,,,0.25244359300156477,0.27758371632889195,,,,,,-0.044095465028419815,,,,,,,,52.314301003037016,52.314301003037016,55.67055299281996,55.67055299281996,61.80873029194181,61.80873029194181,,,,,,,-0.0009751192860920556,,-2.553195455462941,-2.553195455462941,-2.328469225899906,-2.328469225899906,25.239957169818034,25.239957169818034,,52.40399932861328,52.40399932861328,55.82476189022972,55.82476189022972,61.80873029194181,61.80873029194181,,,60.20220024108887,,,82548375.000000000000000,153096823.6137814,,,,,,,
2024-06-26,,,,,,,50.900001525878906,51.229999542236330,50.500000000000000,50.750000000000000,1141000,,,,,50.750000000000000,,,,,,,,,,,,,,,,,,,,,,,,,,,,,,,,,,,,,,,,,,,,,,,,,,,,,,,,,,,,,,,,,,,,,,,,,,,,,,,,,,,,,,,,,,,,,,,,,,,,,,,,,,,,,,,,,,,,,,,,,,,,,,,,,,,,,,,,,,,,,0.23090431501139466,0.2713972254479373,0.38591321377338433,,,,,-0.069478015907841,,,,,,,,51.79286733535801,51.79286733535801,55.223229993472685,55.223229993472685,61.46314497031863,61.46314497031863,,,,,,,-0.009804000096620856,,-2.6186731869893904,-2.6186731869893904,-2.386510018117803,-2.386510018117803,24.189719915877504,24.189719915877504,,51.88999938964844,51.88999938964844,55.36285709199451,55.36285709199451,61.3444445776561,61.3444445776561,,,59.98340026855469,,,57905750.000000000000000,153566946.6296544,,,,,,,
2024-06-27,,,,,,,50.500000000000000,51.389999389648440,50.490001678466800,51.330001831054690,1634400,,,,,51.330001831054690,,,,,,,,,,,,,,,,,,,,,,,,,,,,,,,,,,,,,,,,,,,,,,,,,,,,,,,,,,,,,,,,,,,,,,,,,,,,,,,,,,,,,,,,,,,,,,,,,,,,,,,,,,,,,,,,,,,,,,,,,,,,,,,,,,,,,,,,,,,,,0.24353582597225648,0.2797252144418646,0.3696077860500923,,,,,-0.04360092310413151,,,,,,,,51.638578833923575,51.638578833923575,54.8693001605256,54.8693001605256,61.14648424721663,61.14648424721663,,,,,,,0.011363794322527447,,-2.5938630221810826,-2.5938630221810826,-2.427980618930459,-2.427980618930459,27.935679976789178,27.935679976789178,,51.395999908447266,51.395999908447266,54.95666667393276,54.95666667393276,60.96873032100617,60.96873032100617,,,59.77100028991699,,,83893754.992675785336000,154357403.05810958,,,,,,,
2024-06-28,,,,,,,51.479999542236330,53.110000610351560,51.180000305175780,52.880001068115234,4809400,,,,,52.880001068115234,,,,,,,,,,,,,,,,,,,,,,,,,,,,,,,,,,,,,,,,,,,,,,,,,,,,,,,,,,,,,,,,,,,,,,,,,,,,,,,,,,,,,,,,,,,,,,,,,,,,,,,,,,,,,,,,,,,,,,,,,,,,,,,,,,,,,,,,,,,,,0.30755979682203644,0.30762158584167953,0.3485787871855363,,,,,0.03249680366978849,,,,,,,,52.05238624532079,52.05238624532079,54.68845478848829,54.68845478848829,60.888156647869714,60.888156647869714,,,,,,,0.02974980349785743,,-2.421218503523818,-2.421218503523818,-2.4266281958491307,-2.4266281958491307,36.907844156385984,36.907844156385984,,51.502000427246095,51.502000427246095,54.63095238095238,54.63095238095238,60.7041271149166,60.7041271149166,,,59.593600311279296,,,254321077.136993406399600,155226298.11175513,,,,,,,
2024-07-01,,,,,,,53.000000000000000,53.560001373291016,51.205001831054690,51.450000762939450,1360300,,,,,51.450000762939450,,,,,,,,,,,,,,,,,,,,,,,,,,,,,,,,,,,,,,,,,,,,,,,,,,,,,,,,,,,,,,,,,,,,,,,,,,,,,,,,,,,,,,,,,,,,,,,,,,,,,,,,,,,,,,,,,,,,,,,,,,,,,,,,,,,,,,,,,,,,,0.34241858283261517,0.31094977842045074,0.35160008479271554,,,,,-0.012377184849896519,,,,,,,,51.85159108452701,51.85159108452701,54.394049877074764,54.394049877074764,60.59321427646564,60.59321427646564,,,,,,,-0.02741473863346788,,-2.3724375687661947,-2.3724375687661947,-2.4157900704325437,-2.4157900704325437,32.844955456663655,32.844955456663655,,51.53200073242188,51.53200073242188,54.3023810613723,54.3023810613723,60.423968421088325,60.423968421088325,,,59.34200035095215,,,69987436.037826533835000,140877565.85056365,,,,,,,
2024-07-02,,,,,,,51.400001525878906,51.830001831054690,51.250000000000000,51.599998474121094,1309700,,,,,51.599998474121094,,,,,,,,,,,,,,,,,,,,,,,,,,,,,,,,,,,,,,,,,,,,,,,,,,,,,,,,,,,,,,,,,,,,,,,,,,,,,,,,,,,,,,,,,,,,,,,,,,,,,,,,,,,,,,,,,,,,,,,,,,,,,,,,,,,,,,,,,,,,,0.342415327183574,0.3016831956600967,0.347367061364891,,,,,-0.1363716973822574,,,,,,,,51.76772688105837,51.76772688105837,54.14004520407897,54.14004520407897,60.312176282642376,60.312176282642376,,,,,,,0.0029111658074063396,,-2.2952169327362952,-2.2952169327362952,-2.391675442893294,-2.391675442893294,33.66977867756092,33.66977867756092,,51.6020004272461,51.6020004272461,53.93380955287388,53.93380955287388,60.18111122979058,60.18111122979058,,,59.130000305175784,,,67580518.001556396811800,131918564.16146414,,,,,,,
2024-07-03,,,,,,,51.630001068115234,51.770000457763670,50.610000610351560,50.849998474121094,891100,,,,,50.849998474121094,,,,,,,,,,,,,,,,,,,,,,,,,,,,,,,,,,,,,,,,,,,,,,,,,,,,,,,,,,,,,,,,,,,,,,,,,,,,,,,,,,,,,,,,,,,,,,,,,,,,,,,,,,,,,,,,,,,,,,,,,,,,,,,,,,,,,,,,,,,,,0.3538831080188299,0.2792430269490237,0.3375048313930242,,,,,-0.1175095297096006,,,,,,,,51.46181741207928,51.46181741207928,53.84095004681007,53.84095004681007,60.016483226126084,60.016483226126084,,,,,,,-0.014641550429102871,,-2.268389175929549,-2.268389175929549,-2.367018189500545,-2.367018189500545,31.581103736855724,31.581103736855724,,51.62200012207031,51.62200012207031,53.638571421305336,53.638571421305336,59.97412708827427,59.97412708827427,,,58.90560028076172,,,45312433.640289306863400,127387470.96781655,,,,,,,
2024-07-05,,,,,,,50.500000000000000,51.000000000000000,49.529998779296875,49.900001525878906,2060200,,,,,49.900001525878906,,,,,,,,,,,,,,,,,,,,,,,,,,,,,,,,,,,,,,,,,,,,,,,,,,,,,,,,,,,,,,,,,,,,,,,,,,,,,,,,,,,,,,,,,,,,,,,,,,,,,,,,,,,,,,,,,,,,,,,,,,,,,,,,,,,,,,,,,,,,,0.3598536577644657,0.27408371388958763,0.32238665716718307,,,,,-0.0979042352988901,,,,,,,,50.941212116679154,50.941212116679154,53.482681999452694,53.482681999452694,59.70034317299336,59.70034317299336,,,,,,,-0.01885905915090896,,-2.2973029215854055,-2.2973029215854055,-2.353075135917517,-2.353075135917517,29.117189025508722,29.117189025508722,,51.33600006103516,51.33600006103516,53.366666702997115,53.366666702997115,59.702698541066006,59.702698541066006,,,58.633600311279295,,,102803983.143615722141200,123446900.85898505,,,,,,,
2024-07-08,,,,,,,50.000000000000000,50.419998168945310,49.580001831054690,49.639999389648440,1194300,,,,,49.639999389648440,,,,,,,,,,,,,,,,,,,,,,,,,,,,,,,,,,,,,,,,,,,,,,,,,,,,,,,,,,,,,,,,,,,,,,,,,,,,,,,,,,,,,,,,,,,,,,,,,,,,,,,,,,,,,,,,,,,,,,,,,,,,,,,,,,,,,,,,,,,,,0.1874621083589492,0.2727913155996466,0.30639901632080097,,,,,-0.14107149105895544,,,,,,,,50.50747454100225,50.50747454100225,53.13334721674322,53.13334721674322,59.38595742976383,59.38595742976383,,,,,,,-0.005224085295360992,,-2.3145169619941655,-2.3145169619941655,-2.3453635011328466,-2.3453635011328466,28.46268308450118,28.46268308450118,,50.6879997253418,50.6879997253418,53.07666669573103,53.07666669573103,59.37857158600338,59.37857158600338,,,58.35560028076172,,,59285051.271057131892000,119698806.66161188,,,,,,,
2024-07-09,,,,,,,49.389999389648440,49.735000610351560,47.979999542236330,48.020000457763670,1713900,,,,,48.020000457763670,,,,,,,,,,,,,,,,,,,,,,,,,,,,,,,,,,,,,,,,,,,,,,,,,,,,,,,,,,,,,,,,,,,,,,,,,,,,,,,,,,,,,,,,,,,,,,,,,,,,,,,,,,,,,,,,,,,,,,,,,,,,,,,,,,,,,,,,,,,,,0.21804645952046248,0.2884825620072201,0.3013269264508875,,,,,-0.18941035997110436,,,,,,,,49.67831651325606,49.67831651325606,52.66849751138144,52.66849751138144,59.030771274388826,59.030771274388826,,,,,,,-0.033179347714968846,,-2.4308581681400483,-2.4308581681400483,-2.362462434534287,-2.362462434534287,24.73231705335603,24.73231705335603,,50.00199966430664,50.00199966430664,52.74190484909784,52.74190484909784,59.077142987932476,59.077142987932476,,,58.0794002532959,,,82301478.784561154013000,116253212.90352836,,,,,,,
2024-07-10,,,,,,,48.099998474121094,48.529998779296875,47.349998474121094,48.180000305175780,1218000,,,,,48.180000305175780,,,,,,,,,,,,,,,,,,,,,,,,,,,,,,,,,,,,,,,,,,,,,,,,,,,,,,,,,,,,,,,,,,,,,,,,,,,,,,,,,,,,,,,,,,,,,,,,,,,,,,,,,,,,,,,,,,,,,,,,,,,,,,,,,,,,,,,,,,,,,0.22006181120377813,0.2685794485268291,0.2997575326957022,,,,,-0.2041957232177421,,,,,,,,49.178877777229296,49.178877777229296,52.26045231081729,52.26045231081729,58.69168468160092,58.69168468160092,,,,,,,0.0033264031949229006,,-2.4815430777982215,-2.4815430777982215,-2.3862785631870738,-2.3862785631870738,25.76712890080214,25.76712890080214,,49.31800003051758,49.31800003051758,52.35000010899135,52.35000010899135,58.8019049508231,58.8019049508231,,,57.7544002532959,,,58683240.371704100040000,114174309.06366621,,,,,,,
2024-07-11,,,,,,,48.450000762939450,49.750000000000000,48.240001678466800,49.360000610351560,1327700,,,,,49.360000610351560,,,,,,,,,,,,,,,,,,,,,,,,,,,,,,,,,,,,,,,,,,,,,,,,,,,,,,,,,,,,,,,,,,,,,,,,,,,,,,,,,,,,,,,,,,,,,,,,,,,,,,,,,,,,,,,,,,,,,,,,,,,,,,,,,,,,,,,,,,,,,0.34629216570540144,0.2872601272060589,0.3024174214289884,,,,,-0.1935809438564739,,,,,,,,49.23925205493672,49.23925205493672,51.996774883502226,51.996774883502226,58.400069554374376,58.400069554374376,,,,,,,0.02419638844163815,,-2.3988427054332107,-2.3988427054332107,-2.3887913916363015,-2.3887913916363015,33.07496330886388,33.07496330886388,,49.02000045776367,49.02000045776367,52.000000181652254,52.000000181652254,58.571270049564426,58.571270049564426,,,57.42340019226074,,,65535272.810363766212000,113069875.76368423,,,,,,,
2024-07-12,,,,,,,49.490001678466800,50.360000610351560,48.979999542236330,49.000000000000000,1089500,,,,,49.000000000000000,,,,,,,,,,,,,,,,,,,,,,,,,,,,,,,,,,,,,,,,,,,,,,,,,,,,,,,,,,,,,,,,,,,,,,,,,,,,,,,,,,,,,,,,,,,,,,,,,,,,,,,,,,,,,,,,,,,,,,,,,,,,,,,,,,,,,,,,,,,,,0.32841636506202254,0.28696609581572086,0.3021334089728828,,,,,-0.22713679368468137,,,,,,,,49.15950136995781,49.15950136995781,51.72434080318384,51.72434080318384,58.10631738080018,58.10631738080018,,,,,,,-0.007320093851812859,,-2.3354297249994076,-2.3354297249994076,-2.3781190583089225,-2.3781190583089225,32.03869305389022,32.03869305389022,,48.84000015258789,48.84000015258789,51.64095251900809,51.64095251900809,58.34634944370815,58.34634944370815,,,57.103200149536136,,,53385500.000000000000000,111514297.97619411,,,,,,,
2024-07-15,,,,,,,48.779998779296875,49.189998626708984,48.119998931884766,48.220001220703125,905600,,,,,48.220001220703125,,,,,,,,,,,,,,,,,,,,,,,,,,,,,,,,,,,,,,,,,,,,,,,,,,,,,,,,,,,,,,,,,,,,,,,,,,,,,,,,,,,,,,,,,,,,,,,,,,,,,,,,,,,,,,,,,,,,,,,,,,,,,,,,,,,,,,,,,,,,,0.3404704969994045,0.2887406467903128,0.303046738246084,,,,,-0.22188090366984173,,,,,,,,48.846334653539586,48.846334653539586,51.40576447750377,51.40576447750377,57.797370000797144,57.797370000797144,,,,,,,-0.016046400042315213,,-2.3213547315550116,-2.3213547315550116,-2.3667661929581403,-2.3667661929581403,29.856056264785995,29.856056264785995,,48.556000518798825,48.556000518798825,51.26285734630766,51.26285734630766,58.11571454244947,58.11571454244947,,,56.76460014343262,,,43668033.105468750000000,110419165.9619952,,,,,,,
2024-07-16,,,,,,,47.259998321533200,50.259998321533200,47.159999847412110,50.040000915527344,1488000,,,,,50.040000915527344,,,,,,,,,,,,,,,,,,,,,,,,,,,,,,,,,,,,,,,,,,,,,,,,,,,,,,,,,,,,,,,,,,,,,,,,,,,,,,,,,,,,,,,,,,,,,,,,,,,,,,,,,,,,,,,,,,,,,,,,,,,,,,,,,,,,,,,,,,,,,0.34965768471596526,0.30630901202086586,0.3128673613154371,,,,,-0.1582983909084651,,,,,,,,49.2442234075355,49.2442234075355,51.28160415368774,51.28160415368774,57.55495221688246,57.55495221688246,,,,,,,0.037048805826309004,,-2.138687969223092,-2.138687969223092,-2.3211505482111305,-2.3211505482111305,40.108632038513264,40.108632038513264,,48.960000610351564,48.960000610351564,51.06809543427967,51.06809543427967,57.930793943859285,57.930793943859285,,,56.46260017395019,,,74459521.362304687872000,109600446.67894877,,,,,,,
2024-07-17,,,,,,,49.860000610351560,53.389999389648440,49.639999389648440,53.000000000000000,2496700,,,,,53.000000000000000,,,,,,,,,,,,,,,,,,,,,,,,,,,,,,,,,,,,,,,,,,,,,,,,,,,,,,,,,,,,,,,,,,,,,,,,,,,,,,,,,,,,,,,,,,,,,,,,,,,,,,,,,,,,,,,,,,,,,,,,,,,,,,,,,,,,,,,,,,,,,0.4862897892509345,0.37128041967766423,0.3354003963151465,,,,,-0.13280566208106026,,,,,,,,50.496148938357,50.496148938357,51.43782195789794,51.43782195789794,57.41260996010489,57.41260996010489,,,,,,,0.05746920965750138,,-1.7350751889284837,-1.7350751889284837,-2.203935476354601,-2.203935476354601,52.3159641185121,52.3159641185121,,49.9240005493164,49.9240005493164,50.99380965459915,50.99380965459915,57.78873043968564,57.78873043968564,,,56.22960014343262,,,132325100.000000000000000,110144031.73914108,,,,,,,
2024-07-18,,,,,,,52.709999084472656,55.099998474121094,52.400001525878906,54.979999542236330,2776200,,,,,54.979999542236330,,,,,,,,,,,,,,,,,,,,,,,,,,,,,,,,,,,,,,,,,,,,,,,,,,,,,,,,,,,,,,,,,,,,,,,,,,,,,,,,,,,,,,,,,,,,,,,,,,,,,,,,,,,,,,,,,,,,,,,,,,,,,,,,,,,,,,,,,,,,,0.5023859195679088,0.39402912456828043,0.34441178695664415,,,,,-0.09580353033290748,,,,,,,,51.99076580631678,51.99076580631678,51.75983810192871,51.75983810192871,57.336590884546496,57.336590884546496,,,,,,,0.036677560858974355,,-1.2411327316084027,-1.2411327316084027,-2.0113749274053614,-2.0113749274053614,58.421006643286084,58.421006643286084,,51.04800033569336,51.04800033569336,51.01047624860491,51.01047624860491,57.68127011495923,57.68127011495923,,,56.03540008544922,,,152635474.729156499346000,110753817.44912769,,,,,,,
2024-07-19,,,,,,,55.000000000000000,56.000000000000000,54.500000000000000,54.599998474121094,2602400,,,,,54.599998474121094,,,,,,,,,,,,,,,,,,,,,,,,,,,,,,,,,,,,,,,,,,,,,,,,,,,,,,,,,,,,,,,,,,,,,,,,,,,,,,,,,,,,,,,,,,,,,,,,,,,,,,,,,,,,,,,,,,,,,,,,,,,,,,,,,,,,,,,,,,,,,0.5009987229229932,0.38487531095074445,0.33571434490283447,,,,,-0.11788489845761507,,,,,,,,52.86051002891821,52.86051002891821,52.01803449940074,52.01803449940074,57.251072371720696,57.251072371720696,,,,,,,-0.006935619606737301,,-0.870310290633391,-0.870310290633391,-1.7831620000509674,-1.7831620000509674,56.91493259878999,56.91493259878999,,52.168000030517575,52.168000030517575,51.07142857142857,51.07142857142857,57.531587570432634,57.531587570432634,,,55.81620010375977,,,142091036.029052735025600,110904879.72780257,,,,,,,
2024-07-22,,,,,,,54.840000152587890,55.110000610351560,53.033000946044920,54.130001068115234,1806300,,,,,54.130001068115234,,,,,,,,,,,,,,,,,,,,,,,,,,,,,,,,,,,,,,,,,,,,,,,,,,,,,,,,,,,,,,,,,,,,,,,,,,,,,,,,,,,,,,,,,,,,,,,,,,,,,,,,,,,,,,,,,,,,,,,,,,,,,,,,,,,,,,,,,,,,,0.46756153668991834,0.3851934067609036,0.3316354530681226,,,,,-0.14107571927427182,,,,,,,,53.283673708650554,53.283673708650554,52.210031460192965,52.210031460192965,57.15353889348303,57.15353889348303,,,,,,,-0.008645274263064747,,-0.6073544927345438,-0.6073544927345438,-1.5480004985876827,-1.5480004985876827,55.025478091909974,55.025478091909974,,53.35,53.35,51.08714294433594,51.08714294433594,57.403492337181454,57.403492337181454,,,55.57020011901855,,,97775020.929336547174200,111006320.67714268,,,,,,,
2024-07-23,,,,,,,56.310001373291016,56.740001678466800,55.549999237060550,56.639999389648440,2073900,,,,,56.639999389648440,,,,,,,,,,,,,,,,,,,,,,,,,,,,,,,,,,,,,,,,,,,,,,,,,,,,,,,,,,,,,,,,,,,,,,,,,,,,,,,,,,,,,,,,,,,,,,,,,,,,,,,,,,,,,,,,,,,,,,,,,,,,,,,,,,,,,,,,,,,,,0.486407927362827,0.40144202895373465,0.3449929530252548,,,,,0.06172082096962371,,,,,,,,54.40244893564985,54.40244893564985,52.61275581741619,52.61275581741619,57.1374907839882,57.1374907839882,,,,,,,0.045326858068189216,,-0.19418578790248375,-0.19418578790248375,-1.2772375564506429,-1.2772375564506429,62.23577911462284,62.23577911462284,,54.66999969482422,54.66999969482422,51.29142870221819,51.29142870221819,57.31730185614692,57.31730185614692,,,55.40640007019043,,,117465694.734191899716000,111510832.85421342,,,,,,,
2024-07-24,,,,,,,56.779998779296875,59.970001220703125,56.639999389648440,58.090000152587890,2204400,,,,,58.090000152587890,,,,,,,,,,,,,,,,,,,,,,,,,,,,,,,,,,,,,,,,,,,,,,,,,,,,,,,,,,,,,,,,,,,,,,,,,,,,,,,,,,,,,,,,,,,,,,,,,,,,,,,,,,,,,,,,,,,,,,,,,,,,,,,,,,,,,,,,,,,,,0.3952525966435926,0.39810286732645006,0.34574234426930295,,,,,0.12009837382514581,,,,,,,,55.631632674629195,55.631632674629195,53.11068712061362,53.11068712061362,57.16725670175694,57.16725670175694,,,,,,,0.02527809602170765,,0.2474044068061545,0.2474044068061545,-0.9723091637992834,-0.9723091637992834,65.66075176151118,65.66075176151118,,55.6879997253418,55.6879997253418,51.614762079148065,51.614762079148065,57.231428842695934,57.231428842695934,,,55.29340003967285,,,128053596.336364744716000,112025678.8278065,,,,,,,
2024-07-25,,,,,,,57.500000000000000,58.840000152587890,56.689998626708984,57.549999237060550,1540600,,,,,57.549999237060550,,,,,,,,,,,,,,,,,,,,,,,,,,,,,,,,,,,,,,,,,,,,,,,,,,,,,,,,,,,,,,,,,,,,,,,,,,,,,,,,,,,,,,,,,,,,,,,,,,,,,,,,,,,,,,,,,,,,,,,,,,,,,,,,,,,,,,,,,,,,,0.39576241846141325,0.40097208350213165,0.3460776310659047,,,,,0.10133172010681248,,,,,,,,56.271088195439646,56.271088195439646,53.51426094938152,53.51426094938152,57.17921740598518,57.17921740598518,,,,,,,-0.009339412720283682,,0.5474832110308938,0.5474832110308938,-0.668350688833248,-0.668350688833248,63.35625027447565,63.35625027447565,,56.20199966430664,56.20199966430664,51.914762042817614,51.914762042817614,57.13634945097424,57.13634945097424,,,55.18160003662109,,,88661528.824615483330000,112368860.95254686,,,,,,,
2024-07-26,,,,,,,58.060001373291016,59.000000000000000,57.377998352050780,57.630001068115234,1122300,,,,,57.630001068115234,,,,,,,,,,,,,,,,,,,,,,,,,,,,,,,,,,,,,,,,,,,,,,,,,,,,,,,,,,,,,,,,,,,,,,,,,,,,,,,,,,,,,,,,,,,,,,,,,,,,,,,,,,,,,,,,,,,,,,,,,,,,,,,,,,,,,,,,,,,,,0.37849947676138795,0.39744106544508684,0.34214882988035566,,,,,0.09037675246263734,,,,,,,,56.72405915299818,56.72405915299818,53.88841914199368,53.88841914199368,57.19330439542674,57.19330439542674,,,,,,,0.0013891620716817257,,0.7827304748121193,0.7827304748121193,-0.3781344561041745,-0.3781344561041745,63.56030001599488,63.56030001599488,,56.80800018310547,56.80800018310547,52.24238114129929,52.24238114129929,57.06968277219742,57.06968277219742,,,55.03220008850098,,,64678150.198745727118200,110511570.31474037,,,,,,,
2024-07-29,,,,,,,57.310001373291016,57.744998931884766,55.900001525878906,57.340000152587890,1001700,,,,,57.340000152587890,,,,,,,,,,,,,,,,,,,,,,,,,,,,,,,,,,,,,,,,,,,,,,,,,,,,,,,,,,,,,,,,,,,,,,,,,,,,,,,,,,,,,,,,,,,,,,,,,,,,,,,,,,,,,,,,,,,,,,,,,,,,,,,,,,,,,,,,,,,,,0.3675498056720294,0.3987413720777321,0.33123335125914904,,,,,0.06882147956112707,,,,,,,,56.92937281952808,56.92937281952808,54.202199233865876,54.202199233865876,57.19788863783803,57.19788863783803,,,,,,,-0.00504482086625793,,0.9349870275352714,0.9349870275352714,-0.11551015937628535,-0.11551015937628535,62.208019956134756,62.208019956134756,,57.45,57.45,52.528571537562776,52.528571537562776,56.95714308723571,56.95714308723571,,,54.93020011901856,,,57437478.152847289413000,109744823.67429581,,,,,,,
2024-07-30,,,,,,,57.580001831054690,59.299999237060550,57.139999389648440,58.950000762939450,1379400,,,,,58.950000762939450,,,,,,,,,,,,,,,,,,,,,,,,,,,,,,,,,,,,,,,,,,,,,,,,,,,,,,,,,,,,,,,,,,,,,,,,,,,,,,,,,,,,,,,,,,,,,,,,,,,,,,,,,,,,,,,,,,,,,,,,,,,,,,,,,,,,,,,,,,,,,0.27504625538181277,0.39720991907449843,0.33288003360336554,,,,,-0.005508832008471338,,,,,,,,57.60291546733187,57.60291546733187,54.63381755469075,54.63381755469075,57.252642141747444,57.252642141747444,,,,,,,0.02769117680919388,,1.172054323770503,1.172054323770503,0.14200273725307233,0.14200273725307233,66.47273647869405,66.47273647869405,,57.912000274658205,57.912000274658205,52.817619142078215,52.817619142078215,56.846666850740945,56.846666850740945,,,54.87800010681153,,,81315631.052398677330000,108772010.13666183,,,,,,,
2024-07-31,,,,,,,58.659999847412110,59.819999694824220,58.090000152587890,58.880001068115234,1125000,,,,,58.880001068115234,,,,,,,,,,,,,,,,,,,,,,,,,,,,,,,,,,,,,,,,,,,,,,,,,,,,,,,,,,,,,,,,,,,,,,,,,,,,,,,,,,,,,,,,,,,,,,,,,,,,,,,,,,,,,,,,,,,,,,,,,,,,,,,,,,,,,,,,,,,,,0.23090788170665338,0.3801199472651535,0.33198977056003237,,,,,0.023849681420495712,,,,,,,,58.02861066759299,58.02861066759299,55.019834237729334,55.019834237729334,57.30349710819644,57.30349710819644,,,,,,,-0.0011881473643602985,,1.338850043754917,1.338850043754917,0.38137219855344123,0.38137219855344123,66.12335474887668,66.12335474887668,,58.07000045776367,58.07000045776367,53.17142868041992,53.17142868041992,56.74936524648515,56.74936524648515,,,54.80800010681153,,,66240001.201629638250000,107622901.75009228,,,,,,,
2024-08-01,,,,,,,58.810001373291016,59.380001068115234,57.380001068115234,58.060001373291016,1049900,,,,,58.060001373291016,,,,,,,,,,,,,,,,,,,,,,,,,,,,,,,,,,,,,,,,,,,,,,,,,,,,,,,,,,,,,,,,,,,,,,,,,,,,,,,,,,,,,,,,,,,,,,,,,,,,,,,,,,,,,,,,,,,,,,,,,,,,,,,,,,,,,,,,,,,,,0.24805807823288584,0.3865642507161928,0.3328276440371587,,,,,0.005682619148922555,,,,,,,,58.039074236159,58.039074236159,55.29621306823495,55.29621306823495,57.32713786648065,57.32713786648065,,,,,,,-0.014024510311718396,,1.388859819725333,1.388859819725333,0.5828697227878196,0.5828697227878196,62.01155920277804,62.01155920277804,,58.172000885009766,58.172000885009766,53.47904786609468,53.47904786609468,56.63682556152344,56.63682556152344,,,54.72860015869141,,,60957195.441818237698400,106923049.89265563,,,,,,,
2024-08-02,,,,,,,57.680000305175780,58.189998626708984,56.709999084472656,57.310001373291016,1058500,,,,,57.310001373291016,,,,,,,,,,,,,,,,,,,,,,,,,,,,,,,,,,,,,,,,,,,,,,,,,,,,,,,,,,,,,,,,,,,,,,,,,,,,,,,,,,,,,,,,,,,,,,,,,,,,,,,,,,,,,,,,,,,,,,,,,,,,,,,,,,,,,,,,,,,,,0.2695392373485383,0.3855218341666233,0.3335559654464127,,,,,0.015346303310441768,,,,,,,,57.796049948536336,57.796049948536336,55.47928473233095,55.47928473233095,57.326602351068466,57.326602351068466,,,,,,,-0.013001829723298046,,1.3523847459730902,1.3523847459730902,0.7367727274248738,0.7367727274248738,58.43254291193596,58.43254291193596,,58.108000946044925,58.108000946044925,53.78666705176944,53.78666705176944,56.51253987872411,56.51253987872411,,,54.650400161743164,,,60662636.453628540436000,106130787.78931753,,,,,,,
2024-08-05,,,,,,,55.060001373291016,56.369998931884766,54.259998321533200,56.139999389648440,1136100,,,,,56.139999389648440,,,,,,,,,,,,,,,,,,,,,,,,,,,,,,,,,,,,,,,,,,,,,,,,,,,,,,,,,,,,,,,,,,,,,,,,,,,,,,,,,,,,,,,,,,,,,,,,,,,,,,,,,,,,,,,,,,,,,,,,,,,,,,,,,,,,,,,,,,,,,0.30431270823366185,0.3869861209351893,0.33545495354532784,,,,,0.0749459119303783,,,,,,,,57.244033095573705,57.244033095573705,55.539349701178,55.539349701178,57.28952100852409,57.28952100852409,,,,,,,-0.020626592464367,,1.2150621254381946,1.2150621254381946,0.8324306070275379,0.8324306070275379,53.26761467729244,53.26761467729244,,57.86800079345703,57.86800079345703,54.08380980718704,54.08380980718704,56.37746047973633,56.37746047973633,,,54.53540016174316,,,63780653.306579592684000,105373000.49843562,,,,,,,
2024-08-06,,,,,,,56.000000000000000,58.060001373291016,55.849998474121094,57.450000762939450,916600,,,,,57.450000762939450,,,,,,,,,,,,,,,,,,,,,,,,,,,,,,,,,,,,,,,,,,,,,,,,,,,,,,,,,,,,,,,,,,,,,,,,,,,,,,,,,,,,,,,,,,,,,,,,,,,,,,,,,,,,,,,,,,,,,,,,,,,,,,,,,,,,,,,,,,,,,0.2740132397442506,0.38940732692101887,0.3392157786725846,,,,,0.12037162284322651,,,,,,,,57.31268898469562,57.31268898469562,55.71304525224722,55.71304525224722,57.294536000849575,57.294536000849575,,,,,,,0.02306645751304351,,1.1981278499490102,1.1981278499490102,0.9055700556118323,0.9055700556118323,57.76866765022181,57.76866765022181,,57.56800079345703,57.56800079345703,54.455714634486604,54.455714634486604,56.262539818173366,56.262539818173366,,,54.485800170898436,,,52658670.699310299870000,104976353.84397355,,,,,,,
2024-08-07,,,,,,,57.810001373291016,58.279998779296875,55.810001373291016,55.900001525878906,1519200,,,,,55.900001525878906,,,,,,,,,,,,,,,,,,,,,,,,,,,,,,,,,,,,,,,,,,,,,,,,,,,,,,,,,,,,,,,,,,,,,,,,,,,,,,,,,,,,,,,,,,,,,,,,,,,,,,,,,,,,,,,,,,,,,,,,,,,,,,,,,,,,,,,,,,,,,0.310651581775462,0.3822959772887361,0.3415436539006142,,,,,0.128246469057248,,,,,,,,56.841793165090046,56.841793165090046,55.73004127712283,55.73004127712283,57.25095679850674,57.25095679850674,,,,,,,-0.027350610117190133,,1.047559713775172,1.047559713775172,0.9339679872445003,0.9339679872445003,51.45388038241813,51.45388038241813,,56.97200088500976,56.97200088500976,54.83095278058733,54.83095278058733,56.10920654781281,56.10920654781281,,,54.39480018615723,,,84923282.318115233995200,103961893.14334808,,,,,,,
2024-08-08,,,,,,,55.900001525878906,58.970001220703125,55.619998931884766,58.659999847412110,1333900,,,,,58.659999847412110,,,,,,,,,,,,,,,,,,,,,,,,,,,,,,,,,,,,,,,,,,,,,,,,,,,,,,,,,,,,,,,,,,,,,,,,,,,,,,,,,,,,,,,,,,,,,,,,,,,,,,,,,,,,,,,,,,,,,,,,,,,,,,,,,,,,,,,,,,,,,0.5129277620034464,0.4072924587550153,0.3550028994898525,,,,,0.1462944475662796,,,,,,,,57.447862059197405,57.447862059197405,55.99640114714912,55.99640114714912,57.29498939378503,57.29498939378503,,,,,,,0.04819365349044489,,1.1378260291598536,1.1378260291598536,0.974739595627571,0.974739595627571,59.8665668361017,59.8665668361017,,57.092000579833986,57.092000579833986,55.33000037783668,55.33000037783668,55.98587320721339,55.98587320721339,,,54.370800170898434,,,78246573.796463013529000,103189280.68641783,,,,,,,
2024-08-09,,,,,,,60.000000000000000,62.240001678466800,59.500000000000000,60.590000152587890,2411900,,,,,60.590000152587890,,,,,,,,,,,,,,,,,,,,,,,,,,,,,,,,,,,,,,,,,,,,,,,,,,,,,,,,,,,,,,,,,,,,,,,,,,,,,,,,,,,,,,,,,,,,,,,,,,,,,,,,,,,,,,,,,,,,,,,,,,,,,,,,,,,,,,,,,,,,,0.5298761277832447,0.41199915487076927,0.3585715589286392,,,,,0.1071449524219874,,,,,,,,58.4952414236609,58.4952414236609,56.41400105673447,56.41400105673447,57.39795847999762,57.39795847999762,,,,,,,0.032371804527185834,,1.3495409612369826,1.3495409612369826,1.0496998687494532,1.0496998687494532,64.49942318061358,64.49942318061358,,57.74800033569336,57.74800033569336,55.86476226080032,55.86476226080032,55.91857159326947,55.91857159326947,,,54.38820014953613,,,146137021.368026731891000,102330599.38026913,,,,,,,
2024-08-12,,,,,,,60.590000152587890,60.674999237060550,57.430000305175780,57.709999084472656,1174900,,,,,57.709999084472656,,,,,,,,,,,,,,,,,,,,,,,,,,,,,,,,,,,,,,,,,,,,,,,,,,,,,,,,,,,,,,,,,,,,,,,,,,,,,,,,,,,,,,,,,,,,,,,,,,,,,,,,,,,,,,,,,,,,,,,,,,,,,,,,,,,,,,,,,,,,,0.6578906257725415,0.45618215891736336,0.36973295645853127,,,,,0.10945825976331057,,,,,,,,58.233493977264814,58.233493977264814,56.53181905925612,56.53181905925612,57.40770974888746,57.40770974888746,,,,,,,-0.048699412616665896,,1.270291424396632,1.270291424396632,1.093818179878889,1.093818179878889,54.40657260059683,54.40657260059683,,58.0620002746582,58.0620002746582,56.27952412196568,56.27952412196568,55.82285726638067,55.82285726638067,,,54.375400161743165,,,67803477.924346923534400,101468137.26452419,,,,,,,
2024-08-13,,,,,,,57.259998321533200,58.689998626708984,56.689998626708984,58.220001220703125,978600,,,,,58.220001220703125,,,,,,,,,,,,,,,,,,,,,,,,,,,,,,,,,,,,,,,,,,,,,,,,,,,,,,,,,,,,,,,,,,,,,,,,,,,,,,,,,,,,,,,,,,,,,,,,,,,,,,,,,,,,,,,,,,,,,,,,,,,,,,,,,,,,,,,,,,,,,0.6415055451693776,0.44786719335804187,0.3699542401508509,,,,,0.14702231425390794,,,,,,,,58.22899639174425,58.22899639174425,56.685290164842215,56.685290164842215,57.43309385738171,57.43309385738171,,,,,,,0.00879850642595302,,1.2344090069771596,1.2344090069771596,1.1219363452985431,1.1219363452985431,55.727727848739036,55.727727848739036,,58.216000366210935,58.216000366210935,56.75571459815616,56.75571459815616,55.744762057349796,55.744762057349796,,,54.35300018310547,,,56974093.194580078125000,100858230.40923467,,,,,,,
2024-08-14,,,,,,,58.409999847412110,59.000000000000000,57.479999542236330,57.779998779296875,867000,,,,,57.779998779296875,,,,,,,,,,,,,,,,,,,,,,,,,,,,,,,,,,,,,,,,,,,,,,,,,,,,,,,,,,,,,,,,,,,,,,,,,,,,,,,,,,,,,,,,,,,,,,,,,,,,,,,,,,,,,,,,,,,,,,,,,,,,,,,,,,,,,,,,,,,,,0.5970548791731292,0.4392196646994705,0.36442874823558574,,,,,0.09452072071142606,,,,,,,,58.07933052092846,58.07933052092846,56.784809129792635,56.784809129792635,57.44393463619156,57.44393463619156,,,,,,,-0.00758628537320481,,1.157128752909827,1.157128752909827,1.1289748268208,1.1289748268208,54.26671865161763,54.26671865161763,,58.59199981689453,58.59199981689453,57.124285925002326,57.124285925002326,55.62857158600338,55.62857158600338,,,54.367600173950194,,,50095258.941650390625000,99971643.28899686,,,,,,,
2024-08-15,,,,,,,58.250000000000000,59.200000762939450,57.860000610351560,58.840000152587890,1013000,,,,,58.840000152587890,,,,,,,,,,,,,,,,,,,,,,,,,,,,,,,,,,,,,,,,,,,,,,,,,,,,,,,,,,,,,,,,,,,,,,,,,,,,,,,,,,,,,,,,,,,,,,,,,,,,,,,,,,,,,,,,,,,,,,,,,,,,,,,,,,,,,,,,,,,,,0.49460867416820664,0.4016447032877141,0.35744649825823743,,,,,0.05050763083866517,,,,,,,,58.33288706481494,58.33288706481494,56.971644677319475,56.971644677319475,57.48756168357894,57.48756168357894,,,,,,,0.018179224415157336,,1.1679534069610824,1.1679534069610824,1.1367705428488564,1.1367705428488564,57.179258162108646,57.179258162108646,,58.62799987792969,58.62799987792969,57.402381170363654,57.402381170363654,55.57142875308082,55.57142875308082,,,54.43220016479492,,,59604920.154571532570000,98130253.19402786,,,,,,,
2024-08-16,,,,,,,58.959999084472656,59.990001678466800,58.610000610351560,59.400001525878906,842900,,,,,59.400001525878906,,,,,,,,,,,,,,,,,,,,,,,,,,,,,,,,,,,,,,,,,,,,,,,,,,,,,,,,,,,,,,,,,,,,,,,,,,,,,,,,,,,,,,,,,,,,,,,,,,,,,,,,,,,,,,,,,,,,,,,,,,,,,,,,,,,,,,,,,,,,,0.4235934478307048,0.38531464928130377,0.3570140744179747,,,,,-0.02870160111171477,,,,,,,,58.68859188516959,58.68859188516959,57.19240439082488,57.19240439082488,57.547325428650815,57.547325428650815,,,,,,,0.009472353730291254,,1.20779672516165,1.20779672516165,1.150975779311415,1.150975779311415,58.67653977095518,58.67653977095518,,58.39000015258789,58.39000015258789,57.612857455299014,57.612857455299014,55.537143041217135,55.537143041217135,,,54.505600204467775,,,50068261.286163329867400,96331748.01373558,,,,,,,
2024-08-19,,,,,,,59.419998168945310,60.349998474121094,59.240001678466800,59.450000762939450,1084200,,,,,59.450000762939450,,,,,,,,,,,,,,,,,,,,,,,,,,,,,,,,,,,,,,,,,,,,,,,,,,,,,,,,,,,,,,,,,,,,,,,,,,,,,,,,,,,,,,,,,,,,,,,,,,,,,,,,,,,,,,,,,,,,,,,,,,,,,,,,,,,,,,,,,,,,,0.1546040710480262,0.38355219743114355,0.35592587952696425,,,,,0.026937487130332786,,,,,,,,58.94239484442621,58.94239484442621,57.397640424653474,57.397640424653474,57.60678403284734,57.60678403284734,,,,,,,0.0008413839132907817,,1.2292374779884412,1.2292374779884412,1.1666281190468204,1.1666281190468204,58.81500708493428,58.81500708493428,,58.73800048828125,58.73800048828125,57.84380994524275,57.84380994524275,55.490635099865145,55.490635099865145,,,54.59360023498535,,,64455690.827178951690000,95660593.58515663,,,,,,,
2024-08-20,,,,,,,59.209999084472656,60.069999694824220,59.209999084472656,59.450000762939450,771100,,,,,59.450000762939450,,,,,,,,,,,,,,,,,,,,,,,,,,,,,,,,,,,,,,,,,,,,,,,,,,,,,,,,,,,,,,,,,,,,,,,,,,,,,,,,,,,,,,,,,,,,,,,,,,,,,,,,,,,,,,,,,,,,,,,,,,,,,,,,,,,,,,,,,,,,,0.15695937457515188,0.3811073813803816,0.35579128668675924,,,,,0.011354690386478001,,,,,,,,59.11159681726396,59.11159681726396,57.58421863722493,57.58421863722493,57.664384555662714,57.664384555662714,,,,,,,0,,1.2320273843001672,1.2320273843001672,1.1797079720974897,1.1797079720974897,58.81500708493428,58.81500708493428,,58.98400039672852,58.98400039672852,58.0971432640439,58.0971432640439,55.44968275039915,55.44968275039915,,,54.6544002532959,,,45841895.588302609895000,94951706.71800281,,,,,,,
2024-08-21,,,,,,,59.580001831054690,59.819999694824220,58.759998321533200,59.659999847412110,936400,,,,,59.659999847412110,,,,,,,,,,,,,,,,,,,,,,,,,,,,,,,,,,,,,,,,,,,,,,,,,,,,,,,,,,,,,,,,,,,,,,,,,,,,,,,,,,,,,,,,,,,,,,,,,,,,,,,,,,,,,,,,,,,,,,,,,,,,,,,,,,,,,,,,,,,,,0.11993048682380505,0.35095092276761025,0.35497775268624976,,,,,-0.03021610198462066,,,,,,,,59.29439782731334,59.29439782731334,57.77292601996922,57.77292601996922,57.72674753352988,57.72674753352988,,,,,,,0.003526140558890886,,1.2369250739405047,1.2369250739405047,1.1911513924660928,1.1911513924660928,59.47643365579926,59.47643365579926,,59.36000061035156,59.36000061035156,58.240952809651695,58.240952809651695,55.424920823838974,55.424920823838974,,,54.713400268554686,,,55865623.857116699804000,94556049.38857669,,,,,,,
2024-08-22,,,,,,,59.909999847412110,60.680000305175780,59.479999542236330,59.770000457763670,710400,,,,,59.770000457763670,,,,,,,,,,,,,,,,,,,,,,,,,,,,,,,,,,,,,,,,,,,,,,,,,,,,,,,,,,,,,,,,,,,,,,,,,,,,,,,,,,,,,,,,,,,,,,,,,,,,,,,,,,,,,,,,,,,,,,,,,,,,,,,,,,,,,,,,,,,,,0.05996464770898983,0.3410124346972198,0.3542683422467562,,,,,-0.03553569073771513,,,,,,,,59.45293203746345,59.45293203746345,57.9544782415869,57.9544782415869,57.790599187412184,57.790599187412184,,,,,,,0.00184209396593818,,1.2354412603939835,1.2354412603939835,1.2000093660516709,1.2000093660516709,59.84026146834775,59.84026146834775,,59.54600067138672,59.54600067138672,58.32095282418387,58.32095282418387,55.39127004714239,55.39127004714239,,,54.77800025939941,,,42460608.325195311168000,93851059.1692425,,,,,,,
2024-08-23,,,,,,,60.169998168945310,61.639999389648440,59.900001525878906,61.400001525878906,642400,,,,,61.400001525878906,,,,,,,,,,,,,,,,,,,,,,,,,,,,,,,,,,,,,,,,,,,,,,,,,,,,,,,,,,,,,,,,,,,,,,,,,,,,,,,,,,,,,,,,,,,,,,,,,,,,,,,,,,,,,,,,,,,,,,,,,,,,,,,,,,,,,,,,,,,,,0.1811952651277089,0.3496908879030748,0.3525331232499734,,,,,-0.0034066958218370706,,,,,,,,60.101955200268605,60.101955200268605,58.267707631067985,58.267707631067985,57.903393010489275,57.903393010489275,,,,,,,0.02690598950962857,,1.350228200964814,1.350228200964814,1.2300531330342994,1.2300531330342994,64.87302439203671,64.87302439203671,,59.94600067138672,59.94600067138672,58.50428626650856,58.50428626650856,55.41460339985196,55.41460339985196,,,54.88280029296875,,,39443360.980224609214400,92828498.4938667,,,,,,,
2024-08-26,,,,,,,61.380001068115234,61.880001068115234,59.669998168945310,60.180000305175780,938400,,,,,60.180000305175780,,,,,,,,,,,,,,,,,,,,,,,,,,,,,,,,,,,,,,,,,,,,,,,,,,,,,,,,,,,,,,,,,,,,,,,,,,,,,,,,,,,,,,,,,,,,,,,,,,,,,,,,,,,,,,,,,,,,,,,,,,,,,,,,,,,,,,,,,,,,,0.26477206254708835,0.35878384907965616,0.35447143300864137,,,,,0.008285398310573528,,,,,,,,60.12797023523766,60.12797023523766,58.44155241962324,58.44155241962324,57.97453698844823,57.97453698844823,,,,,,,-0.02006978373159548,,1.3274517384959523,1.3274517384959523,1.24953285412663,1.24953285412663,58.92127306450896,58.92127306450896,,60.092000579833986,60.092000579833986,58.62571480160668,58.62571480160668,55.41031767830016,55.41031767830016,,,55.00380027770996,,,56472912.286376951952000,92506874.38780163,,,,,,,
2024-08-27,,,,,,,59.830001831054690,61.000000000000000,59.610000610351560,60.549999237060550,770100,,,,,60.549999237060550,,,,,,,,,,,,,,,,,,,,,,,,,,,,,,,,,,,,,,,,,,,,,,,,,,,,,,,,,,,,,,,,,,,,,,,,,,,,,,,,,,,,,,,,,,,,,,,,,,,,,,,,,,,,,,,,,,,,,,,,,,,,,,,,,,,,,,,,,,,,,0.26478790700420657,0.358082483186964,0.35412500122797225,,,,,-0.004448022439727622,,,,,,,,60.26864656917863,60.26864656917863,58.63322940302663,58.63322940302663,58.05502018371736,58.05502018371736,,,,,,,0.006129381125996067,,1.3239948608886962,1.3239948608886962,1.2644252554790434,1.2644252554790434,60.116362162664366,60.116362162664366,,60.3120002746582,60.3120002746582,58.77857190086728,58.77857190086728,55.42127003745427,55.42127003745427,,,55.12360023498535,,,46629554.412460329555000,91626910.37782942,,,,,,,
2024-08-28,,,,,,,60.360000610351560,60.459999084472656,59.349998474121094,60.049999237060550,794700,,,,,60.049999237060550,,,,,,,,,,,,,,,,,,,,,,,,,,,,,,,,,,,,,,,,,,,,,,,,,,,,,,,,,,,,,,,,,,,,,,,,,,,,,,,,,,,,,,,,,,,,,,,,,,,,,,,,,,,,,,,,,,,,,,,,,,,,,,,,,,,,,,,,,,,,,0.2781388706366873,0.3478546622056461,0.3544971183815169,,,,,-0.037396762773840984,,,,,,,,60.19576412513926,60.19576412513926,58.76202666066608,58.76202666066608,58.11736327913434,58.11736327913434,,,,,,,-0.008291921578022611,,1.2663121805879882,1.2663121805879882,1.2648026405008324,1.2648026405008324,57.67449881957189,57.67449881957189,,60.39000015258789,60.39000015258789,58.83095278058733,58.83095278058733,55.426508101205975,55.426508101205975,,,55.23200019836426,,,47721734.393692019085000,91388780.49071176,,,,,,,
2024-08-29,,,,,,,60.169998168945310,63.750000000000000,60.009998321533200,62.919998168945310,1463800,,,,,62.919998168945310,,,,,,,,,,,,,,,,,,,,,,,,,,,,,,,,,,,,,,,,,,,,,,,,,,,,,,,,,,,,,,,,,,,,,,,,,,,,,,,,,,,,,,,,,,,,,,,,,,,,,,,,,,,,,,,,,,,,,,,,,,,,,,,,,,,,,,,,,,,,,0.42633551815377746,0.38211400297452436,0.3632813632989504,,,,,0.0038409792678419418,,,,,,,,61.10384213974128,61.10384213974128,59.14002407050965,59.14002407050965,58.26744561944093,58.26744561944093,,,,,,,0.046686513267839985,,1.4356340731456072,1.4356340731456072,1.2989689270297873,1.2989689270297873,66.16903175986087,66.16903175986087,,61.01999969482422,61.01999969482422,59.02333359491257,59.02333359491257,55.4990477789016,55.4990477789016,,,55.42400016784668,,,92102293.319702144778000,89837268.39998639,,,,,,,
2024-08-30,,,,,,,62.830001831054690,65.000000000000000,62.830001831054690,64.110000610351560,2089500,,,,,64.110000610351560,,,,,,,,,,,,,,,,,,,,,,,,,,,,,,,,,,,,,,,,,,,,,,,,,,,,,,,,,,,,,,,,,,,,,,,,,,,,,,,,,,,,,,,,,,,,,,,,,,,,,,,,,,,,,,,,,,,,,,,,,,,,,,,,,,,,,,,,,,,,,0.4098819493388,0.3803987484465315,0.36363562611131706,,,,,0.03400720469931145,,,,,,,,62.10589496327804,62.10589496327804,59.59184011958619,59.59184011958619,58.450025462906886,58.450025462906886,,,,,,,0.01873631843078333,,1.6468621430035455,1.6468621430035455,1.3685475702245389,1.3685475702245389,68.9514917907078,68.9514917907078,,61.56199951171875,61.56199951171875,59.31142879667736,59.31142879667736,55.57476207188198,55.57476207188198,,,55.6302001953125,,,133957846.275329584620000,86499217.12046427,,,,,,,
2024-09-03,,,,,,,63.520000457763670,64.449996948242190,63.345001220703125,63.830001831054690,1140800,,,,,63.830001831054690,,,,,,,,,,,,,,,,,,,,,,,,,,,,,,,,,,,,,,,,,,,,,,,,,,,,,,,,,,,,,,,,,,,,,,,,,,,,,,,,,,,,,,,,,,,,,,,,,,,,,,,,,,,,,,,,,,,,,,,,,,,,,,,,,,,,,,,,,,,,,0.35164063394099515,0.37648913778381027,0.35438041715615837,,,,,0.03647517070132441,,,,,,,,62.68059725253693,62.68059725253693,59.9771275479015,59.9771275479015,58.6181497244115,58.6181497244115,,,,,,,-0.004377039565152589,,1.7712504758200964,1.7712504758200964,1.4490881513436504,1.4490881513436504,67.54384639328282,67.54384639328282,,62.29199981689453,62.29199981689453,59.62190500895182,59.62190500895182,55.68238116067553,55.68238116067553,,,55.859800262451174,,,72817266.088867190352000,86133170.09460813,,,,,,,
2024-09-04,,,,,,,63.439998626708984,65.529998779296880,63.180000305175780,65.110000610351560,1414800,,,,,65.110000610351560,,,,,,,,,,,,,,,,,,,,,,,,,,,,,,,,,,,,,,,,,,,,,,,,,,,,,,,,,,,,,,,,,,,,,,,,,,,,,,,,,,,,,,,,,,,,,,,,,,,,,,,,,,,,,,,,,,,,,,,,,,,,,,,,,,,,,,,,,,,,,0.3512541283092771,0.36760442608340277,0.35176712544967453,,,,,0.03691609793702183,,,,,,,,63.49039837180847,63.49039837180847,60.443752371760596,60.443752371760596,58.82102006459713,58.82102006459713,,,,,,,0.01985482866853734,,1.950628696451389,1.950628696451389,1.549396260365198,1.549396260365198,70.50794553781729,70.50794553781729,,63.204000091552736,63.204000091552736,60.0490479242234,60.0490479242234,55.833174811469185,55.833174811469185,,,56.13600028991699,,,92117628.863525387088000,85731536.96087429,,,,,,,
2024-09-05,,,,,,,65.059997558593750,65.779998779296880,64.080001831054690,65.599998474121100,1437000,,,,,65.599998474121100,,,,,,,,,,,,,,,,,,,,,,,,,,,,,,,,,,,,,,,,,,,,,,,,,,,,,,,,,,,,,,,,,,,,,,,,,,,,,,,,,,,,,,,,,,,,,,,,,,,,,,,,,,,,,,,,,,,,,,,,,,,,,,,,,,,,,,,,,,,,,0.3009276105687235,0.36298928165365846,0.3519078727554616,,,,,0.06579952266143302,,,,,,,,64.19359840591268,64.19359840591268,60.91250201742974,60.91250201742974,59.03286313989476,59.03286313989476,,,,,,,0.007497516066763122,,2.1080259502216023,2.1080259502216023,1.661122198336479,1.661122198336479,71.57803263364292,71.57803263364292,,64.31399993896484,64.31399993896484,60.43714305332729,60.43714305332729,55.98984146118164,55.98984146118164,,,56.423000259399416,,,94267197.807312020700000,86040261.93582444,,,,,,,
2024-09-06,,,,,,,65.529998779296880,66.555000305175780,64.514999389648440,66.199996948242190,1299500,,,,,66.199996948242190,,,,,,,,,,,,,,,,,,,,,,,,,,,,,,,,,,,,,,,,,,,,,,,,,,,,,,,,,,,,,,,,,,,,,,,,,,,,,,,,,,,,,,,,,,,,,,,,,,,,,,,,,,,,,,,,,,,,,,,,,,,,,,,,,,,,,,,,,,,,,0.15615844485810196,0.3417299864947063,0.3508334844464737,,,,,0.15993743035400895,,,,,,,,64.86239792002252,64.86239792002252,61.39318337477632,61.39318337477632,59.256836071405615,59.256836071405615,,,,,,,0.00910474415420697,,2.255182925325066,2.255182925325066,1.7799343437341963,1.7799343437341963,72.87584229569418,72.87584229569418,,64.96999969482422,64.96999969482422,60.927619025820775,60.927619025820775,56.166825551835316,56.166825551835316,,,56.73200019836426,,,86026896.034240725905000,85827406.10109966,,,,,,,
2024-09-09,,,,,,,65.970001220703120,67.669998168945310,65.739997863769530,67.029998779296880,1417800,,,,,67.029998779296880,,,,,,,,,,,,,,,,,,,,,,,,,,,,,,,,,,,,,,,,,,,,,,,,,,,,,,,,,,,,,,,,,,,,,,,,,,,,,,,,,,,,,,,,,,,,,,,,,,,,,,,,,,,,,,,,,,,,,,,,,,,,,,,,,,,,,,,,,,,,,0.1399680466595429,0.3097677150631845,0.34866809615431915,,,,,0.13419491300145994,,,,,,,,65.58493153978064,65.58493153978064,61.90562113882365,61.90562113882365,59.49974740602721,59.49974740602721,,,,,,,0.012459845314670008,,2.4109877336489447,2.4109877336489447,1.906145021717146,1.906145021717146,74.60345017223578,74.60345017223578,,65.55399932861329,65.55399932861329,61.32619040352957,61.32619040352957,56.33539696345254,56.33539696345254,,,57.0460001373291,,,95035132.269287116464000,85961466.1408379,,,,,,,
2024-09-10,,,,,,,67.000000000000000,68.980003356933600,66.379997253417970,68.349998474121100,1648800,,,,,68.349998474121100,,,,,,,,,,,,,,,,,,,,,,,,,,,,,,,,,,,,,,,,,,,,,,,,,,,,,,,,,,,,,,,,,,,,,,,,,,,,,,,,,,,,,,,,,,,,,,,,,,,,,,,,,,,,,,,,,,,,,,,,,,,,,,,,,,,,,,,,,,,,,0.0914200005554312,0.29917302569780424,0.3502453896781149,,,,,0.19585662068187554,,,,,,,,66.50662051789412,66.50662051789412,62.49147362385069,62.49147362385069,59.77631775190515,59.77631775190515,,,,,,,0.019501278686897234,,2.610880505186124,2.610880505186124,2.0470921184109416,2.0470921184109416,77.1013667991677,77.1013667991677,,66.45799865722657,66.45799865722657,61.695714133126394,61.695714133126394,56.52015885852632,56.52015885852632,,,57.35540008544922,,,112695477.484130869680000,86189588.0626073,,,,,,,
2024-09-11,,,,,,,67.879997253417970,69.519996643066400,67.169998168945310,69.410003662109380,1623000,,,,,69.410003662109380,,,,,,,,,,,,,,,,,,,,,,,,,,,,,,,,,,,,,,,,,,,,,,,,,,,,,,,,,,,,,,,,,,,,,,,,,,,,,,,,,,,,,,,,,,,,,,,,,,,,,,,,,,,,,,,,,,,,,,,,,,,,,,,,,,,,,,,,,,,,,0.07674916509380644,0.2255514893730912,0.3509030623060941,,,,,0.29447622678837854,,,,,,,,67.4744148992992,67.4744148992992,63.12043090005602,63.12043090005602,60.07737043659903,60.07737043659903,,,,,,,0.015389461266567135,,2.8222968454016524,2.8222968454016524,2.2021330638090837,2.2021330638090837,78.89642332133396,78.89642332133396,,67.31799926757813,67.31799926757813,62.25285720825195,62.25285720825195,56.724444616408576,56.724444616408576,,,57.71460014343262,,,112652435.943603523740000,86754304.04190184,,,,,,,
2024-09-12,,,,,,,68.779998779296880,70.114997863769530,68.319999694824220,68.650001525878900,1274000,,,,,68.650001525878900,,,,,,,,,,,,,,,,,,,,,,,,,,,,,,,,,,,,,,,,,,,,,,,,,,,,,,,,,,,,,,,,,,,,,,,,,,,,,,,,,,,,,,,,,,,,,,,,,,,,,,,,,,,,,,,,,,,,,,,,,,,,,,,,,,,,,,,,,,,,,0.1884053785003789,0.2357497182644436,0.3515003947243445,,,,,0.2361125152935782,,,,,,,,67.86627710815911,67.86627710815911,63.623119138767194,63.623119138767194,60.34526515813903,60.34526515813903,,,,,,,-0.01100984767112298,,2.89514655014014,2.89514655014014,2.3407357610752952,2.3407357610752952,74.39349498413574,74.39349498413574,,67.9279998779297,67.9279998779297,62.7495238894508,62.7495238894508,56.922698611304874,56.922698611304874,,,58.05560020446777,,,87460101.943969718600000,87214939.05940586,,,,,,,
2024-09-13,,,,,,,68.650001525878900,70.419998168945310,68.540000915527340,70.000000000000000,1013100,,,,,70.000000000000000,,,,,,,,,,,,,,,,,,,,,,,,,,,,,,,,,,,,,,,,,,,,,,,,,,,,,,,,,,,,,,,,,,,,,,,,,,,,,,,,,,,,,,,,,,,,,,,,,,,,,,,,,,,,,,,,,,,,,,,,,,,,,,,,,,,,,,,,,,,,,0.20232697443517697,0.23203585679417996,0.3433974043403193,,,,,0.27930583358818084,,,,,,,,68.57751807210607,68.57751807210607,64.20283558069745,64.20283558069745,60.646975621947185,60.646975621947185,,,,,,,0.019474087608446797,,3.0269215925273727,3.0269215925273727,2.4779729273657107,2.4779729273657107,76.91401042930015,76.91401042930015,,68.68800048828125,68.68800048828125,63.331428709484285,63.331428709484285,57.174603356255425,57.174603356255425,,,58.43860023498535,,,70917000.000000000000000,87130499.47997199,,,,,,,
2024-09-16,,,,,,,69.970001220703120,71.915000915527340,69.900001525878900,71.790000915527340,991000,,,,,71.790000915527340,,,,,,,,,,,,,,,,,,,,,,,,,,,,,,,,,,,,,,,,,,,,,,,,,,,,,,,,,,,,,,,,,,,,,,,,,,,,,,,,,,,,,,,,,,,,,,,,,,,,,,,,,,,,,,,,,,,,,,,,,,,,,,,,,,,,,,,,,,,,,0.22643097432522422,0.2367529445601704,0.34592502057934255,,,,,0.29599017407113576,,,,,,,,69.64834568657983,69.64834568657983,64.89257788386381,64.89257788386381,60.99519516237156,60.99519516237156,,,,,,,0.025249961291886037,,3.2384614099665185,3.2384614099665185,2.630070623885872,2.630070623885872,79.75897129178442,79.75897129178442,,69.64000091552734,69.64000091552734,63.9480954124814,63.9480954124814,57.4480954124814,57.4480954124814,,,58.87640022277832,,,71143890.907287593940000,87071485.40097192,,,,,,,
2024-09-17,,,,,,,71.500000000000000,73.400001525878900,71.360000610351560,72.330001831054690,788800,,,,,72.330001831054690,,,,,,,,,,,,,,,,,,,,,,,,,,,,,,,,,,,,,,,,,,,,,,,,,,,,,,,,,,,,,,,,,,,,,,,,,,,,,,,,,,,,,,,,,,,,,,,,,,,,,,,,,,,,,,,,,,,,,,,,,,,,,,,,,,,,,,,,,,,,,0.22314207983486192,0.23685215203981239,0.34592373806673443,,,,,0.2900184144285088,,,,,,,,70.54223106807144,70.54223106807144,65.56870733360843,65.56870733360843,61.34940787076791,61.34940787076791,,,,,,,0.007493802835230876,,3.410369187147907,3.410369187147907,2.786130336538279,2.786130336538279,80.53815133170474,80.53815133170474,,70.43600158691406,70.43600158691406,64.56380971272786,64.56380971272786,57.72904780554393,57.72904780554393,,,59.330200271606444,,,57053905.444335939472000,86757639.92386469,,,,,,,
2024-09-18,,,,,,,72.300003051757810,73.269996643066400,71.510002136230470,72.129997253417970,679700,,,,,72.129997253417970,,,,,,,,,,,,,,,,,,,,,,,,,,,,,,,,,,,,,,,,,,,,,,,,,,,,,,,,,,,,,,,,,,,,,,,,,,,,,,,,,,,,,,,,,,,,,,,,,,,,,,,,,,,,,,,,,,,,,,,,,,,,,,,,,,,,,,,,,,,,,0.23895357944305445,0.23881387019327083,0.3413083695255816,,,,,0.3147804193557174,,,,,,,,71.07148646318696,71.07148646318696,66.16518823540929,66.16518823540929,61.68630128897573,61.68630128897573,,,,,,,-0.002768997739115504,,3.4902353803173156,3.4902353803173156,2.9269513452940865,2.9269513452940865,79.32022975518555,79.32022975518555,,70.98000030517578,70.98000030517578,65.16761906941731,65.16761906941731,58.02761919536288,58.02761919536288,,,59.81240020751953,,,49026759.133148194209000,85967980.5539994,,,,,,,
2024-09-19,,,,,,,72.900001525878900,73.230003356933600,72.199996948242190,72.339996337890620,886300,,,,,72.339996337890620,,,,,,,,,,,,,,,,,,,,,,,,,,,,,,,,,,,,,,,,,,,,,,,,,,,,,,,,,,,,,,,,,,,,,,,,,,,,,,,,,,,,,,,,,,,,,,,,,,,,,,,,,,,,,,,,,,,,,,,,,,,,,,,,,,,,,,,,,,,,,0.18458955441601335,0.23761106369872864,0.3412228104307152,,,,,0.300552157134771,,,,,,,,71.49432308808818,71.49432308808818,66.72653442654396,66.72653442654396,62.01922925925432,62.01922925925432,,,,,,,0.0029071674630159515,,3.529785910133697,3.529785910133697,3.0475182582620084,3.0475182582620084,79.66789569503031,79.66789569503031,,71.71799926757812,71.71799926757812,65.78142838251023,65.78142838251023,58.321904863630024,58.321904863630024,,,60.29560012817383,,,64114938.754272456506000,85515998.65030561,,,,,,,
2024-09-20,,,,,,,72.029998779296880,72.129997253417970,69.849998474121100,69.949996948242190,4410100,,,,,69.949996948242190,,,,,,,,,,,,,,,,,,,,,,,,,,,,,,,,,,,,,,,,,,,,,,,,,,,,,,,,,,,,,,,,,,,,,,,,,,,,,,,,,,,,,,,,,,,,,,,,,,,,,,,,,,,,,,,,,,,,,,,,,,,,,,,,,,,,,,,,,,,,,0.3403278019952556,0.28007044799830133,0.3438370433018003,,,,,0.09201542570001464,,,,,,,,70.97954770813952,70.97954770813952,67.01957647397107,67.01957647397107,62.267065749535185,62.267065749535185,,,,,,,-0.03359651841658971,,3.3298920900448508,3.3298920900448508,3.103993024618577,3.103993024618577,66.05664532013105,66.05664532013105,,71.70799865722657,71.70799865722657,66.27142824445453,66.27142824445453,58.601269918774804,58.601269918774804,,,60.70740005493164,,,308486481.541442882119000,84023333.70227511,,,,,,,
2024-09-23,,,,,,,70.330001831054690,71.360000610351560,69.489997863769530,70.120002746582030,1336900,,,,,70.120002746582030,,,,,,,,,,,,,,,,,,,,,,,,,,,,,,,,,,,,,,,,,,,,,,,,,,,,,,,,,,,,,,,,,,,,,,,,,,,,,,,,,,,,,,,,,,,,,,,,,,,,,,,,,,,,,,,,,,,,,,,,,,,,,,,,,,,,,,,,,,,,,0.26278131179928044,0.2799267258768838,0.34014352016439564,,,,,0.08750004141146668,,,,,,,,70.69303272095368,70.69303272095368,67.3014334078448,67.3014334078448,62.5124700306929,62.5124700306929,,,,,,,0.0024274417389845864,,3.1488943506400204,3.1488943506400204,3.1129732898228655,3.1129732898228655,66.495148753487,66.495148753487,,71.3739990234375,71.3739990234375,66.76428549630302,66.76428549630302,58.90000013321165,58.90000013321165,,,61.12980010986328,,,93743431.671905515907000,83409083.2838876,,,,,,,
2024-09-24,,,,,,,70.120002746582030,70.870002746582030,69.699996948242190,70.040000915527340,878800,,,,,70.040000915527340,,,,,,,,,,,,,,,,,,,,,,,,,,,,,,,,,,,,,,,,,,,,,,,,,,,,,,,,,,,,,,,,,,,,,,,,,,,,,,,,,,,,,,,,,,,,,,,,,,,,,,,,,,,,,,,,,,,,,,,,,,,,,,,,,,,,,,,,,,,,,0.24400142733035007,0.2723178735205879,0.3401554895617602,,,,,0.05732311063687473,,,,,,,,70.47535545247824,70.47535545247824,67.5503940903614,67.5503940903614,62.747705370843974,62.747705370843974,,,,,,,-0.0011415787336274193,,2.9648202565989408,2.9648202565989408,3.083342683178081,3.083342683178081,66.06263986553003,66.06263986553003,,70.91599884033204,70.91599884033204,67.17571403866722,67.17571403866722,59.1982541159978,59.1982541159978,,,61.56620010375977,,,61551152.804565426392000,83075794.04269022,,,,,,,
2024-09-25,,,,,,,70.099998474121100,70.114997863769530,68.764999389648440,69.220001220703120,772500,,,,,69.220001220703120,,,,,,,,,,,,,,,,,,,,,,,,,,,,,,,,,,,,,,,,,,,,,,,,,,,,,,,,,,,,,,,,,,,,,,,,,,,,,,,,,,,,,,,,,,,,,,,,,,,,,,,,,,,,,,,,,,,,,,,,,,,,,,,,,,,,,,,,,,,,,0.24385618224484876,0.2635864279673579,0.3405261270256252,,,,,0.06667314697019087,,,,,,,,70.05690404188653,70.05690404188653,67.7021765567561,67.7021765567561,62.94996461615207,62.94996461615207,,,,,,,-0.011776664646823936,,2.7214024550525835,2.7214024550525835,3.0109546375529814,3.0109546375529814,61.63729526588134,61.63729526588134,,70.33399963378906,70.33399963378906,67.60619027273995,67.60619027273995,59.49142873854864,59.49142873854864,,,61.94980010986328,,,53472450.942993160200000,83005424.21638852,,,,,,,
2024-09-26,,,,,,,68.860000610351560,69.050003051757810,67.879997253417970,68.099998474121100,1951900,,,,,68.099998474121100,,,,,,,,,,,,,,,,,,,,,,,,,,,,,,,,,,,,,,,,,,,,,,,,,,,,,,,,,,,,,,,,,,,,,,,,,,,,,,,,,,,,,,,,,,,,,,,,,,,,,,,,,,,,,,,,,,,,,,,,,,,,,,,,,,,,,,,,,,,,,0.22604916779357181,0.27536167860185756,0.34289027299067953,,,,,0.013177095310597802,,,,,,,,69.40460218596472,69.40460218596472,67.73834218560746,67.73834218560746,63.110903174213604,63.110903174213604,,,,,,,-0.01631266509329839,,2.4103324204378964,2.4103324204378964,2.8908301941299643,2.8908301941299643,56.10873870641447,56.10873870641447,,69.48600006103516,69.48600006103516,67.96571404593331,67.96571404593331,59.75761916145446,59.75761916145446,,,62.251800079345706,,,132924387.021636975090000,83783688.21684822,,,,,,,
2024-09-27,,,,,,,68.410003662109380,69.129997253417970,67.319999694824220,67.569999694824220,2001200,,,,,67.569999694824220,,,,,,,,,,,,,,,,,,,,,,,,,,,,,,,,,,,,,,,,,,,,,,,,,,,,,,,,,,,,,,,,,,,,,,,,,,,,,,,,,,,,,,,,,,,,,,,,,,,,,,,,,,,,,,,,,,,,,,,,,,,,,,,,,,,,,,,,,,,,,0.12125353370278796,0.27506223545792496,0.3398583944250026,,,,,-0.04160478389027974,,,,,,,,68.79306802225122,68.79306802225122,67.72303832280899,67.72303832280899,63.25024994048269,63.25024994048269,,,,,,,-0.007813097701377144,,2.0968693007196464,2.0968693007196464,2.732038015447901,2.732038015447901,53.65613146392505,53.65613146392505,,69.01000061035157,69.01000061035157,68.32380930582683,68.32380930582683,59.99079374283079,59.99079374283079,,,62.50360008239746,,,135221083.389282229064000,81893212.12561472,,,,,,,
2024-09-30,,,,,,,67.489997863769530,69.849998474121100,67.300003051757810,69.720001220703120,1369000,,,,,69.720001220703120,,,,,,,,,,,,,,,,,,,,,,,,,,,,,,,,,,,,,,,,,,,,,,,,,,,,,,,,,,,,,,,,,,,,,,,,,,,,,,,,,,,,,,,,,,,,,,,,,,,,,,,,,,,,,,,,,,,,,,,,,,,,,,,,,,,,,,,,,,,,,0.30137893657376486,0.25018359408381186,0.33816609560967187,,,,,-0.0280833319554974,,,,,,,,69.10204575506852,69.10204575506852,67.90458040443572,67.90458040443572,63.45242966798958,63.45242966798958,,,,,,,0.0313231451128265,,1.9988926841931942,1.9988926841931942,2.5854089491969594,2.5854089491969594,61.08701750591433,61.08701750591433,,68.93000030517578,68.93000030517578,68.64761897495815,68.64761897495815,60.28079375009688,60.28079375009688,,,62.8060001373291,,,95446681.671142571280000,82297327.13566735,,,,,,,
2024-10-01,,,,,,,69.440002441406250,69.440002441406250,66.949996948242190,67.300003051757810,932400,,,,,67.300003051757810,,,,,,,,,,,,,,,,,,,,,,,,,,,,,,,,,,,,,,,,,,,,,,,,,,,,,,,,,,,,,,,,,,,,,,,,,,,,,,,,,,,,,,,,,,,,,,,,,,,,,,,,,,,,,,,,,,,,,,,,,,,,,,,,,,,,,,,,,,,,,0.3869335212737048,0.28070874567315995,0.34756198521737985,,,,,-0.06492646581638506,,,,,,,,68.50136485396494,68.50136485396494,67.84961882691955,67.84961882691955,63.57266633623233,63.57266633623233,,,,,,,-0.035326956164205406,,1.7063026870079625,1.7063026870079625,2.40958769675916,2.40958769675916,51.14618961847365,51.14618961847365,,68.38200073242187,68.38200073242187,68.79952385312035,68.79952385312035,60.53000017196413,60.53000017196413,,,63.06940017700195,,,62750522.845458982044000,82220660.54588802,,,,,,,
2024-10-02,,,,,,,66.980003356933600,68.260002136230470,66.599998474121100,67.629997253417970,820700,,,,,67.629997253417970,,,,,,,,,,,,,,,,,,,,,,,,,,,,,,,,,,,,,,,,,,,,,,,,,,,,,,,,,,,,,,,,,,,,,,,,,,,,,,,,,,,,,,,,,,,,,,,,,,,,,,,,,,,,,,,,,,,,,,,,,,,,,,,,,,,,,,,,,,,,,0.3946502161790625,0.2797603142353306,0.3454433728073462,,,,,-0.053998287920821154,,,,,,,,68.21090898711596,68.21090898711596,67.8296532293285,67.8296532293285,63.699457927394384,63.699457927394384,,,,,,,0.004891348978693898,,1.4839447886390502,1.4839447886390502,2.2244591151351383,2.2244591151351383,52.286417390887415,52.286417390887415,,68.06399993896484,68.06399993896484,68.98047601609002,68.98047601609002,60.7963493589371,60.7963493589371,,,63.289200134277344,,,55503938.745880127979000,82382430.46819898,,,,,,,
2024-10-03,,,,,,,67.629997253417970,67.819999694824220,66.650001525878900,67.260002136230470,754600,,,,,67.260002136230470,,,,,,,,,,,,,,,,,,,,,,,,,,,,,,,,,,,,,,,,,,,,,,,,,,,,,,,,,,,,,,,,,,,,,,,,,,,,,,,,,,,,,,,,,,,,,,,,,,,,,,,,,,,,,,,,,,,,,,,,,,,,,,,,,,,,,,,,,,,,,0.3817636986235962,0.27395461905853596,0.34278888754265474,,,,,-0.08625631081509282,,,,,,,,67.8939400368208,67.8939400368208,67.77786676631959,67.77786676631959,63.81072493392051,63.81072493392051,,,,,,,-0.005485892902050059,,1.2633064282764934,1.2633064282764934,2.032228577763409,2.032228577763409,50.85328422862903,50.85328422862903,,67.89600067138672,67.89600067138672,69.08285704113189,69.08285704113189,61.07190492418077,61.07190492418077,,,63.4726001739502,,,50754397.611999512662000,81556246.57087174,,,,,,,
2024-10-04,,,,,,,67.580001831054690,68.410003662109380,67.199996948242190,67.739997863769530,837200,,,,,67.739997863769530,,,,,,,,,,,,,,,,,,,,,,,,,,,,,,,,,,,,,,,,,,,,,,,,,,,,,,,,,,,,,,,,,,,,,,,,,,,,,,,,,,,,,,,,,,,,,,,,,,,,,,,,,,,,,,,,,,,,,,,,,,,,,,,,,,,,,,,,,,,,,0.3833338872064595,0.27385210973365065,0.3422189915026904,,,,,-0.13228389665514353,,,,,,,,67.84262597913704,67.84262597913704,67.77442413881504,67.77442413881504,63.933514712978294,63.933514712978294,,,,,,,0.00711107778098437,,1.1143352190408535,1.1143352190408535,1.848649906018898,1.848649906018898,52.66586821189269,52.66586821189269,,67.93000030517578,67.93000030517578,69.18476177397228,69.18476177397228,61.35920648726206,61.35920648726206,,,63.676400146484376,,,56711926.211547850516000,81515403.3159589,,,,,,,
2024-10-07,,,,,,,67.349998474121100,67.349998474121100,65.970001220703120,66.290000915527340,1222600,,,,,66.290000915527340,,,,,,,,,,,,,,,,,,,,,,,,,,,,,,,,,,,,,,,,,,,,,,,,,,,,,,,,,,,,,,,,,,,,,,,,,,,,,,,,,,,,,,,,,,,,,,,,,,,,,,,,,,,,,,,,,,,,,,,,,,,,,,,,,,,,,,,,,,,,,0.28747437336678044,0.28366685743116193,0.3377436061122786,,,,,-0.1870816580327037,,,,,,,,67.32508429126715,67.32508429126715,67.6394765730616,67.6394765730616,64.00715490680795,64.00715490680795,,,,,,,-0.021637745789651365,,0.869251635089995,0.869251635089995,1.6527702518331173,1.6527702518331173,47.02382986089785,47.02382986089785,,67.24400024414062,67.24400024414062,69.18904767717633,69.18904767717633,61.64920649452815,61.64920649452815,,,63.84960014343262,,,81046155.119323725884000,81495477.54349482,,,,,,,
2024-10-08,,,,,,,66.800003051757810,68.720001220703120,66.705001831054690,67.129997253417970,1034400,,,,,67.129997253417970,,,,,,,,,,,,,,,,,,,,,,,,,,,,,,,,,,,,,,,,,,,,,,,,,,,,,,,,,,,,,,,,,,,,,,,,,,,,,,,,,,,,,,,,,,,,,,,,,,,,,,,,,,,,,,,,,,,,,,,,,,,,,,,,,,,,,,,,,,,,,0.21446115759184134,0.2837399374017282,0.33805209001752534,,,,,-0.2292193425219487,,,,,,,,67.26005527865075,67.26005527865075,67.59316027127582,67.59316027127582,64.10474373013952,64.10474373013952,,,,,,,0.0125919269720417,,0.7343368354720212,0.7343368354720212,1.469083568560898,1.469083568560898,50.34266143459841,50.34266143459841,,67.20999908447266,67.20999908447266,69.19380950927734,69.19380950927734,61.9500000968812,61.9500000968812,,,64.04540008544922,,,69439269.158935548168000,81666208.15916516,,,,,,,
2024-10-09,,,,,,,67.480003356933600,69.260002136230470,67.269996643066400,69.180000305175780,842300,,,,,69.180000305175780,,,,,,,,,,,,,,,,,,,,,,,,,,,,,,,,,,,,,,,,,,,,,,,,,,,,,,,,,,,,,,,,,,,,,,,,,,,,,,,,,,,,,,,,,,,,,,,,,,,,,,,,,,,,,,,,,,,,,,,,,,,,,,,,,,,,,,,,,,,,,0.308387553663642,0.2950113007779647,0.33959285016176066,,,,,-0.239062124172451,,,,,,,,67.90003695415909,67.90003695415909,67.73741845617582,67.73741845617582,64.2633454981094,64.2633454981094,,,,,,,0.03008081088406849,,0.7837988531711346,0.7837988531711346,1.3320266254829454,1.3320266254829454,57.362931096388444,57.362931096388444,,67.51999969482422,67.51999969482422,69.23333340599423,69.23333340599423,62.264603266640314,62.264603266640314,,,64.25000007629394,,,58270314.257049559494000,81550891.3567316,,,,,,,
2024-10-10,,,,,,,68.800003051757810,68.815002441406250,67.875000000000000,68.099998474121100,529600,,,,,68.099998474121100,,,,,,,,,,,,,,,,,,,,,,,,,,,,,,,,,,,,,,,,,,,,,,,,,,,,,,,,,,,,,,,,,,,,,,,,,,,,,,,,,,,,,,,,,,,,,,,,,,,,,,,,,,,,,,,,,,,,,,,,,,,,,,,,,,,,,,,,,,,,,0.3366500547113395,0.29501967945833335,0.34128250132150784,,,,,-0.3183657223177083,,,,,,,,67.96669079414643,67.96669079414643,67.77038027598903,67.77038027598903,64.38324090360976,64.38324090360976,,,,,,,-0.015734617171330845,,0.7274649733564331,0.7274649733564331,1.211114295057643,1.211114295057643,53.10353112881824,53.10353112881824,,67.68799896240235,67.68799896240235,69.17095220656623,69.17095220656623,62.56777784559462,62.56777784559462,,,64.43440002441406,,,36065759.191894534560000,81275974.83596802,,,,,,,
2024-10-11,,,,,,,68.250000000000000,68.849998474121100,67.739997863769530,68.139999389648440,1235900,,,,,68.139999389648440,,,,,,,,,,,,,,,,,,,,,,,,,,,,,,,,,,,,,,,,,,,,,,,,,,,,,,,,,,,,,,,,,,,,,,,,,,,,,,,,,,,,,,,,,,,,,,,,,,,,,,,,,,,,,,,,,,,,,,,,,,,,,,,,,,,,,,,,,,,,,0.3341757455854101,0.2927423640999224,0.33868019841777663,,,,,-0.3006396637384051,,,,,,,,68.02446032598043,68.02446032598043,67.80398201359442,67.80398201359442,64.50063960629848,64.50063960629848,,,,,,,0.0005872125264823952,,0.6782294998302234,0.6782294998302234,1.104537336012159,1.104537336012159,53.24201620931003,53.24201620931003,,67.76799926757812,67.76799926757812,69.14666639055524,69.14666639055524,62.88396829272073,62.88396829272073,,,64.6359999847412,,,84214225.245666506996000,81919565.18739973,,,,,,,
2024-10-14,,,,,,,68.220001220703120,69.470001220703120,68.099998474121100,69.389999389648440,646800,,,,,69.389999389648440,,,,,,,,,,,,,,,,,,,,,,,,,,,,,,,,,,,,,,,,,,,,,,,,,,,,,,,,,,,,,,,,,,,,,,,,,,,,,,,,,,,,,,,,,,,,,,,,,,,,,,,,,,,,,,,,,,,,,,,,,,,,,,,,,,,,,,,,,,,,,0.2776929631011081,0.29166893313372766,0.3335976395036887,,,,,-0.3046241510718855,,,,,,,,68.47964001386977,68.47964001386977,67.94816541141752,67.94816541141752,64.65343209952816,64.65343209952816,,,,,,,0.01817835283999519,,0.7316406872404002,0.7316406872404002,1.0299580062578073,1.0299580062578073,57.46866909268528,57.46866909268528,,68.38799896240235,68.38799896240235,69.11761874244327,69.11761874244327,63.19111112564329,63.19111112564329,,,64.87759994506835,,,44881451.605224610992000,81450072.01665242,,,,,,,
2024-10-15,,,,,,,69.150001525878900,70.500000000000000,69.019996643066400,69.720001220703120,957500,,,,,69.720001220703120,,,,,,,,,,,,,,,,,,,,,,,,,,,,,,,,,,,,,,,,,,,,,,,,,,,,,,,,,,,,,,,,,,,,,,,,,,,,,,,,,,,,,,,,,,,,,,,,,,,,,,,,,,,,,,,,,,,,,,,,,,,,,,,,,,,,,,,,,,,,,0.2771365612593245,0.27722459768182284,0.31622730866051446,,,,,-0.3419899525560675,,,,,,,,68.89309374948088,68.89309374948088,68.10924139407985,68.10924139407985,64.81176238456487,64.81176238456487,,,,,,,0.004744482044971812,,0.7914742059251978,0.7914742059251978,0.9822612461912854,0.9822612461912854,58.53433353857252,58.53433353857252,,68.90599975585937,68.90599975585937,69.01904732840401,69.01904732840401,63.456507970416354,63.456507970416354,,,65.14919998168945,,,66756901.168823237400000,80409306.9558401,,,,,,,
2024-10-16,,,,,,,69.750000000000000,71.599998474121100,69.699996948242190,71.419998168945310,774700,,,,,71.419998168945310,,,,,,,,,,,,,,,,,,,,,,,,,,,,,,,,,,,,,,,,,,,,,,,,,,,,,,,,,,,,,,,,,,,,,,,,,,,,,,,,,,,,,,,,,,,,,,,,,,,,,,,,,,,,,,,,,,,,,,,,,,,,,,,,,,,,,,,,,,,,,0.24824155066284945,0.2896133274258146,0.3119710497654664,,,,,-0.3153866984249073,,,,,,,,69.73539522263569,69.73539522263569,68.41021928270398,68.41021928270398,65.01826975282677,65.01826975282677,,,,,,,0.024090678367989175,,0.9649449619519856,0.9649449619519856,0.9787979893434254,0.9787979893434254,63.59480868917703,63.59480868917703,,69.35399932861328,69.35399932861328,68.97571382068452,68.97571382068452,63.717460329570464,63.717460329570464,,,65.42859992980956,,,55329072.581481931657000,78864760.890004,,,,,,,
2024-10-17,,,,,,,71.500000000000000,72.720001220703120,71.139999389648440,72.410003662109380,1252200,,,,,72.410003662109380,,,,,,,,,,,,,,,,,,,,,,,,,,,,,,,,,,,,,,,,,,,,,,,,,,,,,,,,,,,,,,,,,,,,,,,,,,,,,,,,,,,,,,,,,,,,,,,,,,,,,,,,,,,,,,,,,,,,,,,,,,,,,,,,,,,,,,,,,,,,,0.1526756331738778,0.2936909427594815,0.31172784309637985,,,,,-0.27050166269850745,,,,,,,,70.62693136912692,70.62693136912692,68.77383604446811,68.77383604446811,65.24926143749185,65.24926143749185,,,,,,,0.013766545446903934,,1.168833371832747,1.168833371832747,1.0168050658412897,1.0168050658412897,66.18308578031125,66.18308578031125,,70.21600036621093,70.21600036621093,68.98904745919364,68.98904745919364,64.0001588246179,64.0001588246179,,,65.75879997253418,,,90671806.585693365636000,78048582.64487131,,,,,,,
2024-10-18,,,,,,,72.790000915527340,73.800003051757810,72.358001708984380,73.680000305175780,831700,,,,,73.680000305175780,,,,,,,,,,,,,,,,,,,,,,,,,,,,,,,,,,,,,,,,,,,,,,,,,,,,,,,,,,,,,,,,,,,,,,,,,,,,,,,,,,,,,,,,,,,,,,,,,,,,,,,,,,,,,,,,,,,,,,,,,,,,,,,,,,,,,,,,,,,,,0.11312491757673288,0.29960608943998907,0.3116202621165448,,,,,-0.2183664369884138,,,,,,,,71.64462101447654,71.64462101447654,69.21985097725971,69.21985097725971,65.51272202710697,65.51272202710697,,,,,,,0.01738693411359548,,1.416565238601251,1.416565238601251,1.096757100393282,1.096757100393282,69.20750495637296,69.20750495637296,,71.32400054931641,71.32400054931641,69.0528571719215,69.0528571719215,64.31047627282521,64.31047627282521,,,66.05919998168946,,,61279656.253814696226000,77469291.14208524,,,,,,,
2024-10-21,,,,,,,73.500000000000000,73.870002746582030,72.221000671386720,73.099998474121100,834900,,,,,73.099998474121100,,,,,,,,,,,,,,,,,,,,,,,,,,,,,,,,,,,,,,,,,,,,,,,,,,,,,,,,,,,,,,,,,,,,,,,,,,,,,,,,,,,,,,,,,,,,,,,,,,,,,,,,,,,,,,,,,,,,,,,,,,,,,,,,,,,,,,,,,,,,,0.196768769872978,0.2745302188883056,0.30157157793505274,,,,,-0.06721759361876034,,,,,,,,72.12974683435806,72.12974683435806,69.57259165879256,69.57259165879256,65.74982441607617,65.74982441607617,,,,,,,-0.00790305020708327,,1.5482460110724787,1.5482460110724787,1.1870548825291214,1.1870548825291214,66.29157029255433,66.29157029255433,,72.06600036621094,72.06600036621094,69.2028572445824,69.2028572445824,64.57174609956287,64.57174609956287,,,66.30939994812012,,,61031188.726043706390000,76573505.33243209,,,,,,,
2024-10-22,,,,,,,73.000000000000000,73.129997253417970,72.209999084472660,72.610000610351560,745700,,,,,72.610000610351560,,,,,,,,,,,,,,,,,,,,,,,,,,,,,,,,,,,,,,,,,,,,,,,,,,,,,,,,,,,,,,,,,,,,,,,,,,,,,,,,,,,,,,,,,,,,,,,,,,,,,,,,,,,,,,,,,,,,,,,,,,,,,,,,,,,,,,,,,,,,,0.2314025406973018,0.27621747907073174,0.2991981531072256,,,,,-0.05312702252578196,,,,,,,,72.28983142635589,72.28983142635589,69.84871974529793,69.84871974529793,65.96420492214727,65.96420492214727,,,,,,,-0.006725684083832314,,1.594682729590275,1.594682729590275,1.2685804519413522,1.2685804519413522,63.84422243088033,63.84422243088033,,72.64400024414063,72.64400024414063,69.32142857142857,69.32142857142857,64.80222229730515,64.80222229730515,,,66.6073999786377,,,54145277.455139158292000,75400357.41368249,,,,,,,
2024-10-23,,,,,,,72.370002746582030,72.690002441406250,71.332000732421880,72.500000000000000,701300,,,,,72.500000000000000,,,,,,,,,,,,,,,,,,,,,,,,,,,,,,,,,,,,,,,,,,,,,,,,,,,,,,,,,,,,,,,,,,,,,,,,,,,,,,,,,,,,,,,,,,,,,,,,,,,,,,,,,,,,,,,,,,,,,,,,,,,,,,,,,,,,,,,,,,,,,0.187286053952559,0.2762684122139183,0.2982367903234631,,,,,-0.012095879345812511,,,,,,,,72.35988761757059,72.35988761757059,70.08974522299812,70.08974522299812,66.16844851833017,66.16844851833017,,,,,,,-0.0015160999374147588,,1.6041167739896878,1.6041167739896878,1.3356877163510192,1.3356877163510192,63.27943428025831,63.27943428025831,,72.86000061035156,72.86000061035156,69.43857138497489,69.43857138497489,65.03952389671689,65.03952389671689,,,66.89299995422363,,,50844250.000000000000000,74800083.1466251,,,,,,,
2024-10-24,,,,,,,72.529998779296880,76.050003051757810,72.393997192382810,73.199996948242190,2120300,,,,,73.199996948242190,,,,,,,,,,,,,,,,,,,,,,,,,,,,,,,,,,,,,,,,,,,,,,,,,,,,,,,,,,,,,,,,,,,,,,,,,,,,,,,,,,,,,,,,,,,,,,,,,,,,,,,,,,,,,,,,,,,,,,,,,,,,,,,,,,,,,,,,,,,,,0.17409167491465352,0.2730930560065709,0.29843479647507865,,,,,-0.05305437034488397,,,,,,,,72.6399240611278,72.6399240611278,70.37249537983848,70.37249537983848,66.38818440676492,66.38818440676492,,,,,,,0.00960881741595537,,1.6490677986753184,1.6490677986753184,1.3983637328158791,1.3983637328158791,65.37836126018848,65.37836126018848,,73.01799926757812,73.01799926757812,69.62809499104817,69.62809499104817,65.28666668846493,65.28666668846493,,,67.20139991760254,,,155205953.529357915457000,76237032.40584116,,,,,,,
2024-10-25,,,,,,,73.150001525878900,73.940002441406250,72.849998474121100,73.190002441406250,713500,,,,,73.190002441406250,,,,,,,,,,,,,,,,,,,,,,,,,,,,,,,,,,,,,,,,,,,,,,,,,,,,,,,,,,,,,,,,,,,,,,,,,,,,,,,,,,,,,,,,,,,,,,,,,,,,,,,,,,,,,,,,,,,,,,,,,,,,,,,,,,,,,,,,,,,,,0.11039204715074807,0.2645466924248718,0.29800494167280667,,,,,-0.011285246391080592,,,,,,,,72.82328352122062,72.82328352122062,70.62863238543555,70.62863238543555,66.60074122034746,66.60074122034746,,,,,,,-0.00013654630634795176,,1.6646957599358387,1.6646957599358387,1.451630138239871,1.451630138239871,65.32095088685841,65.32095088685841,,72.91999969482421,72.91999969482421,69.87047613234748,69.87047613234748,65.53825402638269,65.53825402638269,,,67.48839996337891,,,52221066.741943359375000,76154232.2247157,,,,,,,
2024-10-28,,,,,,,73.190002441406250,73.550003051757810,72.750000000000000,73.360000610351560,822800,,,,,73.360000610351560,,,,,,,,,,,,,,,,,,,,,,,,,,,,,,,,,,,,,,,,,,,,,,,,,,,,,,,,,,,,,,,,,,,,,,,,,,,,,,,,,,,,,,,,,,,,,,,,,,,,,,,,,,,,,,,,,,,,,,,,,,,,,,,,,,,,,,,,,,,,,0.09483029655627981,0.2614297415091383,0.294057133251376,,,,,0.08216020730376042,,,,,,,,73.00218921759759,73.00218921759759,70.87693858770065,70.87693858770065,66.81196807628508,66.81196807628508,,,,,,,0.0023200032979232834,,1.671530104771648,1.671530104771648,1.4956101315462265,1.4956101315462265,65.86993653854073,65.86993653854073,,72.97200012207031,72.97200012207031,70.14619046165829,70.14619046165829,65.76698418269082,65.76698418269082,,,67.76759994506835,,,60360608.502197263568000,75821612.81915694,,,,,,,
2024-10-29,,,,,,,72.769996643066400,73.870002746582030,72.540000915527340,73.349998474121100,683100,,,,,73.349998474121100,,,,,,,,,,,,,,,,,,,,,,,,,,,,,,,,,,,,,,,,,,,,,,,,,,,,,,,,,,,,,,,,,,,,,,,,,,,,,,,,,,,,,,,,,,,,,,,,,,,,,,,,,,,,,,,,,,,,,,,,,,,,,,,,,,,,,,,,,,,,,0.07076380626824251,0.2418538582332893,0.2939969123147686,,,,,0.02908095367283036,,,,,,,,73.11812563643876,73.11812563643876,71.10176221373887,71.10176221373887,67.01628152621745,67.01628152621745,,,,,,,-0.00013635248188100554,,1.6570379811144136,1.6570379811144136,1.5278957014598638,1.5278957014598638,65.80393123112763,65.80393123112763,,73.11999969482422,73.11999969482422,70.31904747372582,70.31904747372582,65.99666668119885,65.99666668119885,,,68.04559989929199,,,50105383.957672123410000,75565507.78353858,,,,,,,
2024-10-30,,,,,,,73.260002136230470,74.120002746582030,72.980003356933600,73.569999694824220,601200,,,,,73.569999694824220,,,,,,,,,,,,,,,,,,,,,,,,,,,,,,,,,,,,,,,,,,,,,,,,,,,,,,,,,,,,,,,,,,,,,,,,,,,,,,,,,,,,,,,,,,,,,,,,,,,,,,,,,,,,,,,,,,,,,,,,,,,,,,,,,,,,,,,,,,,,,0.06339333548628072,0.19916425849691316,0.2918389170655091,,,,,0.0660475910526321,,,,,,,,73.26875032256724,73.26875032256724,71.32614743929209,71.32614743929209,67.22108521898642,67.22108521898642,,,,,,,0.0029948460097934102,,1.644350084389302,1.644350084389302,1.5511865780457514,1.5511865780457514,66.59679176849973,66.59679176849973,,73.33399963378906,73.33399963378906,70.61761874244327,70.61761874244327,66.242857130747,66.242857130747,,,68.32799987792968,,,44230283.816528321064000,75300001.24980381,,,,,,,
2024-10-31,,,,,,,73.330001831054690,73.879997253417970,72.580001831054690,72.580001831054690,801300,,,,,72.580001831054690,,,,,,,,,,,,,,,,,,,,,,,,,,,,,,,,,,,,,,,,,,,,,,,,,,,,,,,,,,,,,,,,,,,,,,,,,,,,,,,,,,,,,,,,,,,,,,,,,,,,,,,,,,,,,,,,,,,,,,,,,,,,,,,,,,,,,,,,,,,,,0.10750927090659411,0.20843375906230147,0.29196839622018494,,,,,0.013376807302546152,,,,,,,,73.03916749206306,73.03916749206306,71.44013420217959,71.44013420217959,67.38855136311355,67.38855136311355,,,,,,,-0.013547902783059425,,1.536696203698412,1.536696203698412,1.5482885031762836,1.5482885031762836,59.869780754832966,59.869780754832966,,73.21000061035156,73.21000061035156,70.85333324614025,70.85333324614025,66.48523809039403,66.48523809039403,,,68.58639991760253,,,58158355.467224123097000,75260250.75795613,,,,,,,
2024-11-01,,,,,,,73.000000000000000,73.819999694824220,72.360000610351560,72.459999084472660,689800,,,,,72.459999084472660,,,,,,,,,,,,,,,,,,,,,,,,,,,,,,,,,,,,,,,,,,,,,,,,,,,,,,,,,,,,,,,,,,,,,,,,,,,,,,,,,,,,,,,,,,,,,,,,,,,,,,,,,,,,,,,,,,,,,,,,,,,,,,,,,,,,,,,,,,,,,0.10665414071844806,0.2068003426198801,0.2879686283040854,,,,,-0.019818697537383318,,,,,,,,72.8461113561996,72.8461113561996,71.53284919147896,71.53284919147896,67.54703410440602,67.54703410440602,,,,,,,-0.0016547541810160147,,1.4252669190571225,1.4252669190571225,1.5236841863524513,1.5236841863524513,59.09061660035203,59.09061660035203,,73.06399993896484,73.06399993896484,71.1009521484375,71.1009521484375,66.7442857045976,66.7442857045976,,,68.84019989013672,,,49982907.368469240868000,75041238.91766866,,,,,,,
2024-11-04,,,,,,,72.500000000000000,73.730003356933600,72.010002136230470,72.169998168945310,781300,,,,,72.169998168945310,,,,,,,,,,,,,,,,,,,,,,,,,,,,,,,,,,,,,,,,,,,,,,,,,,,,,,,,,,,,,,,,,,,,,,,,,,,,,,,,,,,,,,,,,,,,,,,,,,,,,,,,,,,,,,,,,,,,,,,,,,,,,,,,,,,,,,,,,,,,,0.09972562274441309,0.20796992236245224,0.28578485949581095,,,,,-0.04888454001067742,,,,,,,,72.6207402937815,72.6207402937815,71.59077182579409,71.59077182579409,67.69150173142287,67.69150173142287,,,,,,,-0.004010251119225535,,1.2985884387512954,1.2985884387512954,1.47866503683222,1.47866503683222,57.15478852049599,57.15478852049599,,72.8259994506836,72.8259994506836,71.31190454392205,71.31190454392205,66.97793645707388,66.97793645707388,,,69.05559982299805,,,56386419.569396970703000,75100409.53465417,,,,,,,
2024-11-05,,,,,,,71.559997558593750,73.510002136230470,71.007003784179690,73.160003662109380,891800,,,,,73.160003662109380,,,,,,,,,,,,,,,,,,,,,,,,,,,,,,,,,,,,,,,,,,,,,,,,,,,,,,,,,,,,,,,,,,,,,,,,,,,,,,,,,,,,,,,,,,,,,,,,,,,,,,,,,,,,,,,,,,,,,,,,,,,,,,,,,,,,,,,,,,,,,0.15787264391342762,0.1904325813398442,0.2794147836390928,,,,,0.020432720691273963,,,,,,,,72.80049474989079,72.80049474989079,71.73342926545911,71.73342926545911,67.86239241675683,67.86239241675683,,,,,,,0.013624451866062304,,1.2635149856728987,1.2635149856728987,1.435635026600356,1.435635026600356,61.760373725063445,61.760373725063445,,72.78800048828126,72.78800048828126,71.63904753185454,71.63904753185454,67.25190474495055,67.25190474495055,,,69.31519989013673,,,65244091.265869145084000,74788041.42271374,,,,,,,
2024-11-06,,,,,,,73.580001831054690,75.180000305175780,73.580001831054690,74.139999389648440,1415300,,,,,74.139999389648440,,,,,,,,,,,,,,,,,,,,,,,,,,,,,,,,,,,,,,,,,,,,,,,,,,,,,,,,,,,,,,,,,,,,,,,,,,,,,,,,,,,,,,,,,,,,,,,,,,,,,,,,,,,,,,,,,,,,,,,,,,,,,,,,,,,,,,,,,,,,,0.18667514373780697,0.19082149981438692,0.2654895494075002,,,,,0.02921145091407266,,,,,,,,73.24699629647668,73.24699629647668,71.95220836765814,71.95220836765814,68.0585676346597,68.0585676346597,,,,,,,0.013306315911333612,,1.2998130507208856,1.2998130507208856,1.4084706314244617,1.4084706314244617,65.69181290628212,65.69181290628212,,72.9020004272461,72.9020004272461,71.97285715738933,71.97285715738933,67.49761902339874,67.49761902339874,,,69.58699989318848,,,104930341.136169437132000,75211593.28524877,,,,,,,
2024-11-07,,,,,,,74.029998779296880,75.419998168945310,72.888999938964840,75.069999694824220,1598700,,,,,75.069999694824220,,,,,,,,,,,,,,,,,,,,,,,,,,,,,,,,,,,,,,,,,,,,,,,,,,,,,,,,,,,,,,,,,,,,,,,,,,,,,,,,,,,,,,,,,,,,,,,,,,,,,,,,,,,,,,,,,,,,,,,,,,,,,,,,,,,,,,,,,,,,,0.13960020277667318,0.1699500162569289,0.25967853907503624,,,,,0.04754500945528554,,,,,,,,73.85466409592586,73.85466409592586,72.23564394285506,72.23564394285506,68.27767488653984,68.27767488653984,,,,,,,0.01246581802952788,,1.38762707986686,1.38762707986686,1.4043019211129415,1.4043019211129415,68.95385252004174,68.95385252004174,,73.4,73.4,72.25333331880115,72.25333331880115,67.72746028597393,67.72746028597393,,,69.88739990234374,,,120014408.512115480514000,74796948.63674225,,,,,,,
2024-11-08,,,,,,,76.599998474121100,77.169998168945310,72.019996643066400,72.430000305175780,2159000,,,,,72.430000305175780,,,,,,,,,,,,,,,,,,,,,,,,,,,,,,,,,,,,,,,,,,,,,,,,,,,,,,,,,,,,,,,,,,,,,,,,,,,,,,,,,,,,,,,,,,,,,,,,,,,,,,,,,,,,,,,,,,,,,,,,,,,,,,,,,,,,,,,,,,,,,0.3382237607091995,0.20889820926939529,0.25027060671648715,,,,,-0.028500359992834443,,,,,,,,73.37977616567584,73.37977616567584,72.25331270306603,72.25331270306603,68.40743505587221,68.40743505587221,,,,,,,-0.03580042509907093,,1.230015589227321,1.230015589227321,1.3694446547358174,1.3694446547358174,53.42494334041432,53.42494334041432,,73.39400024414063,73.39400024414063,72.45952388218471,72.45952388218471,67.96111109900096,67.96111109900096,,,70.07759994506836,,,156376370.658874509020000,76202867.56903633,,,,,,,
2024-11-11,,,,,,,72.220001220703120,73.199996948242190,71.040000915527340,71.529998779296880,1065900,,,,,71.529998779296880,,,,,,,,,,,,,,,,,,,,,,,,,,,,,,,,,,,,,,,,,,,,,,,,,,,,,,,,,,,,,,,,,,,,,,,,,,,,,,,,,,,,,,,,,,,,,,,,,,,,,,,,,,,,,,,,,,,,,,,,,,,,,,,,,,,,,,,,,,,,,0.3496199118932167,0.21556798366275162,0.25209397693878277,,,,,-0.039974941305021314,,,,,,,,72.76318370354952,72.76318370354952,72.1875568918143,72.1875568918143,68.50501517222924,68.50501517222924,,,,,,,-0.012503657365942217,,1.0207185379241963,1.0207185379241963,1.299699431373493,1.299699431373493,49.345038713204836,49.345038713204836,,73.26600036621093,73.26600036621093,72.62095242454892,72.62095242454892,68.17238090151832,68.17238090151832,,,70.22599990844726,,,76243825.698852544392000,76508736.33894542,,,,,,,
2024-11-12,,,,,,,71.419998168945310,72.250000000000000,69.620002746582030,70.699996948242190,1290100,,,,,70.699996948242190,,,,,,,,,,,,,,,,,,,,,,,,,,,,,,,,,,,,,,,,,,,,,,,,,,,,,,,,,,,,,,,,,,,,,,,,,,,,,,,,,,,,,,,,,,,,,,,,,,,,,,,,,,,,,,,,,,,,,,,,,,,,,,,,,,,,,,,,,,,,,0.32462439679357025,0.21266588022637367,0.25293986794869866,,,,,-0.07568702751735155,,,,,,,,72.07545478511373,72.07545478511373,72.05232416967138,72.05232416967138,68.57360835272964,68.57360835272964,,,,,,,-0.0116713953170469,,0.7788962743071437,0.7788962743071437,1.1955387999602232,1.1955387999602232,45.86631246398374,45.86631246398374,,72.7739990234375,72.7739990234375,72.68333326067243,72.68333326067243,68.37746023753333,68.37746023753333,,,70.36339981079101,,,91210066.062927249319000,77161352.32499744,,,,,,,
2024-11-13,,,,,,,70.230003356933600,71.059997558593750,69.680000305175780,70.040000915527340,917300,,,,,70.040000915527340,,,,,,,,,,,,,,,,,,,,,,,,,,,,,,,,,,,,,,,,,,,,,,,,,,,,,,,,,,,,,,,,,,,,,,,,,,,,,,,,,,,,,,,,,,,,,,,,,,,,,,,,,,,,,,,,,,,,,,,,,,,,,,,,,,,,,,,,,,,,,0.27153433348431055,0.21505537156562965,0.2523122088419376,,,,,-0.09366593494970168,,,,,,,,71.39697016191828,71.39697016191828,71.86938569202192,71.86938569202192,68.61943312031707,68.61943312031707,,,,,,,-0.009379009248491235,,0.5279088198685855,0.5279088198685855,1.0620128039418957,1.0620128039418957,43.25499323647809,43.25499323647809,,71.95399932861328,71.95399932861328,72.69857134137835,72.69857134137835,68.55523802742125,68.55523802742125,,,70.46199981689453,,,64247692.839813228982000,77235047.12952508,,,,,,,
2024-11-14,,,,,,,69.379997253417970,70.309997558593750,67.849998474121100,67.900001525878900,1063000,,,,,67.900001525878900,,,,,,,,,,,,,,,,,,,,,,,,,,,,,,,,,,,,,,,,,,,,,,,,,,,,,,,,,,,,,,,,,,,,,,,,,,,,,,,,,,,,,,,,,,,,,,,,,,,,,,,,,,,,,,,,,,,,,,,,,,,,,,,,,,,,,,,,,,,,,0.19598125909855513,0.2225950827382139,0.2607973069598034,,,,,-0.16740032686632333,,,,,,,,70.23131394990514,70.23131394990514,71.50853258600891,71.50853258600891,68.59695088299087,68.59695088299087,,,,,,,-0.031030463452050093,,0.15453797040922268,0.15453797040922268,0.8805178372353611,0.8805178372353611,36.081816345426446,36.081816345426446,,70.51999969482422,70.51999969482422,72.53095245361328,72.53095245361328,68.69015866234189,68.69015866234189,,,70.50799987792969,,,72177701.622009270700000,77585990.62691946,,,,,,,
2024-11-15,,,,,,,67.739997863769530,68.330001831054690,67.000000000000000,67.480003356933600,1146300,,,,,67.480003356933600,,,,,,,,,,,,,,,,,,,,,,,,,,,,,,,,,,,,,,,,,,,,,,,,,,,,,,,,,,,,,,,,,,,,,,,,,,,,,,,,,,,,,,,,,,,,,,,,,,,,,,,,,,,,,,,,,,,,,,,,,,,,,,,,,,,,,,,,,,,,,0.15466305387150947,0.21493058887457847,0.2613182532640734,,,,,-0.21757122855842698,,,,,,,,69.31421041891463,69.31421041891463,71.14230265609298,71.14230265609298,68.56204627280158,68.56204627280158,,,,,,,-0.006204749612237821,,-0.17325429230709233,-0.17325429230709233,0.6697634113268705,0.6697634113268705,34.85995875228732,34.85995875228732,,69.53000030517578,69.53000030517578,72.2961905343192,72.2961905343192,68.81761902097672,68.81761902097672,,,70.53360000610351,,,77352327.848052985680000,77790699.15106031,,,,,,,
2024-11-18,,,,,,,67.190002441406250,67.430000305175780,65.949996948242190,67.120002746582030,939200,,,,,67.120002746582030,,,,,,,,,,,,,,,,,,,,,,,,,,,,,,,,,,,,,,,,,,,,,,,,,,,,,,,,,,,,,,,,,,,,,,,,,,,,,,,,,,,,,,,,,,,,,,,,,,,,,,,,,,,,,,,,,,,,,,,,,,,,,,,,,,,,,,,,,,,,,0.16730702136831352,0.20127754430478295,0.26170428600455525,,,,,-0.22321809554108732,,,,,,,,68.58280786147043,68.58280786147043,70.77663902795562,70.77663902795562,68.51698241260722,68.51698241260722,,,,,,,-0.005349204345434518,,-0.4568151816734769,-0.4568151816734769,0.44444769272680096,0.44444769272680096,33.80330691520957,33.80330691520957,,68.64800109863282,68.64800109863282,71.98380969819569,71.98380969819569,68.93936508420914,68.93936508420914,,,70.53540008544923,,,63039106.579589842576000,78063670.75409663,,,,,,,
2024-11-19,,,,,,,66.650001525878900,67.480003356933600,66.510002136230470,67.050003051757810,711400,,,,,67.050003051757810,,,,,,,,,,,,,,,,,,,,,,,,,,,,,,,,,,,,,,,,,,,,,,,,,,,,,,,,,,,,,,,,,,,,,,,,,,,,,,,,,,,,,,,,,,,,,,,,,,,,,,,,,,,,,,,,,,,,,,,,,,,,,,,,,,,,,,,,,,,,,0.18734465354282134,0.20119330594828136,0.2617503075573964,,,,,-0.22331311499417492,,,,,,,,68.07187292489955,68.07187292489955,70.43785393921036,70.43785393921036,68.47113930758067,68.47113930758067,,,,,,,-0.001043447837076802,,-0.6793564218562267,-0.6793564218562267,0.21968686981019542,0.21968686981019542,33.59010358717247,33.59010358717247,,67.91800231933594,67.91800231933594,71.69571467808315,71.69571467808315,69.05666672237335,69.05666672237335,,,70.50940017700195,,,47699372.171020506034000,77934047.71146017,,,,,,,
2024-11-20,,,,,,,66.839996337890620,68.680000305175780,66.650001525878900,68.389999389648440,953200,,,,,68.389999389648440,,,,,,,,,,,,,,,,,,,,,,,,,,,,,,,,,,,,,,,,,,,,,,,,,,,,,,,,,,,,,,,,,,,,,,,,,,,,,,,,,,,,,,,,,,,,,,,,,,,,,,,,,,,,,,,,,,,,,,,,,,,,,,,,,,,,,,,,,,,,,0.2871691507676896,0.21718495193149231,0.26419644192581154,,,,,-0.18594963649340643,,,,,,,,68.17791507981585,68.17791507981585,70.25168534379564,70.25168534379564,68.4686036851453,68.4686036851453,,,,,,,0.019787950943086927,,-0.739075846078137,-0.739075846078137,0.027934326632528938,0.027934326632528938,41.23148154968008,41.23148154968008,,67.58800201416015,67.58800201416015,71.49476223900204,71.49476223900204,69.19349210224455,69.19349210224455,,,70.48900009155274,,,65189347.418212893008000,78294821.34785728,,,,,,,
2024-11-21,,,,,,,68.190002441406250,69.930000305175780,68.190002441406250,69.629997253417970,799500,,,,,69.629997253417970,,,,,,,,,,,,,,,,,,,,,,,,,,,,,,,,,,,,,,,,,,,,,,,,,,,,,,,,,,,,,,,,,,,,,,,,,,,,,,,,,,,,,,,,,,,,,,,,,,,,,,,,,,,,,,,,,,,,,,,,,,,,,,,,,,,,,,,,,,,,,0.20329994727820497,0.22886863292654,0.26138072402242624,,,,,-0.18427982103891097,,,,,,,,68.66194247101656,68.66194247101656,70.1951682446704,70.1951682446704,68.50489723415382,68.50489723415382,,,,,,,0.017968863323639925,,-0.6785248434888729,-0.6785248434888729,-0.11335750739175143,-0.11335750739175143,47.27709304906197,47.27709304906197,,67.93400115966797,67.93400115966797,71.35809544154576,71.35809544154576,69.32412695506262,69.32412695506262,,,70.50860000610352,,,55669182.804107667015000,78552374.0752205,,,,,,,
2024-11-22,,,,,,,69.790000915527340,70.940002441406250,69.610000610351560,70.809997558593750,700100,,,,,70.809997558593750,,,,,,,,,,,,,,,,,,,,,,,,,,,,,,,,,,,,,,,,,,,,,,,,,,,,,,,,,,,,,,,,,,,,,,,,,,,,,,,,,,,,,,,,,,,,,,,,,,,,,,,,,,,,,,,,,,,,,,,,,,,,,,,,,,,,,,,,,,,,,0.18824789269643835,0.23471991799261793,0.2591221981208476,,,,,-0.11259862767855379,,,,,,,,69.37796083354229,69.37796083354229,70.25106181866343,70.25106181866343,68.57693161929257,68.57693161929257,,,,,,,0.016804729676341345,,-0.5292210439705656,-0.5292210439705656,-0.19653021470751425,-0.19653021470751425,52.30528257522932,52.30528257522932,,68.6,68.6,71.2442859468006,71.2442859468006,69.49285707019624,69.49285707019624,,,70.52479995727539,,,49574079.290771484375000,78442868.78957596,,,,,,,
2024-11-25,,,,,,,70.629997253417970,72.099998474121100,70.480003356933600,71.610000610351560,1622800,,,,,71.610000610351560,,,,,,,,,,,,,,,,,,,,,,,,,,,,,,,,,,,,,,,,,,,,,,,,,,,,,,,,,,,,,,,,,,,,,,,,,,,,,,,,,,,,,,,,,,,,,,,,,,,,,,,,,,,,,,,,,,,,,,,,,,,,,,,,,,,,,,,,,,,,,0.13412899849840906,0.23887002620071626,0.2596069803092442,,,,,-0.06586764753588423,,,,,,,,70.12197409247871,70.12197409247871,70.3746017088169,70.3746017088169,68.67171502526315,68.67171502526315,,,,,,,0.011234538356708542,,-0.34239621635622086,-0.34239621635622086,-0.22570341503725558,-0.22570341503725558,55.410146319315714,55.410146319315714,,69.49799957275391,69.49799957275391,71.16904776436942,71.16904776436942,69.66841264755007,69.66841264755007,,,70.52119995117188,,,116208708.990478511568000,79547299.81462388,,,,,,,
2024-11-26,,,,,,,71.610000610351560,71.989997863769530,70.569999694824220,71.489997863769530,676300,,,,,71.489997863769530,,,,,,,,,,,,,,,,,,,,,,,,,,,,,,,,,,,,,,,,,,,,,,,,,,,,,,,,,,,,,,,,,,,,,,,,,,,,,,,,,,,,,,,,,,,,,,,,,,,,,,,,,,,,,,,,,,,,,,,,,,,,,,,,,,,,,,,,,,,,,0.13830497493459992,0.23856287566793857,0.25880831692342365,,,,,-0.07710067828331901,,,,,,,,70.57798201624232,70.57798201624232,70.47600135926714,70.47600135926714,68.75978636396648,68.75978636396648,,,,,,,-0.001677187644889556,,-0.201694405658003,-0.201694405658003,-0.22090161316140505,-0.22090161316140505,54.833509282907976,54.833509282907976,,70.38599853515625,70.38599853515625,71.08000001453217,71.08000001453217,69.8499999273391,69.8499999273391,,,70.50439987182617,,,48348685.555267333139000,79557251.42036317,,,,,,,
2024-11-27,,,,,,,71.819999694824220,72.805000305175780,71.349998474121100,72.480003356933600,702900,,,,,72.480003356933600,,,,,,,,,,,,,,,,,,,,,,,,,,,,,,,,,,,,,,,,,,,,,,,,,,,,,,,,,,,,,,,,,,,,,,,,,,,,,,,,,,,,,,,,,,,,,,,,,,,,,,,,,,,,,,,,,,,,,,,,,,,,,,,,,,,,,,,,,,,,,0.12517318229629087,0.24415142073713056,0.24405419346102306,,,,,-0.06588297979698135,,,,,,,,71.21198912980608,71.21198912980608,70.658183359055,70.658183359055,68.8760431449967,68.8760431449967,,,,,,,0.013753158152800244,,-0.010184635363870598,-0.010184635363870598,-0.17875821760189817,-0.17875821760189817,58.656083710907225,58.656083710907225,,71.20399932861328,71.20399932861328,71.03857167561848,71.03857167561848,70.00174604143415,70.00174604143415,,,70.51139999389649,,,50946194.359588627440000,78903980.00829788,,,,,,,
2024-11-29,,,,,,,72.639999389648440,72.790000915527340,71.059997558593750,71.510002136230470,577000,,,,,71.510002136230470,,,,,,,,,,,,,,,,,,,,,,,,,,,,,,,,,,,,,,,,,,,,,,,,,,,,,,,,,,,,,,,,,,,,,,,,,,,,,,,,,,,,,,,,,,,,,,,,,,,,,,,,,,,,,,,,,,,,,,,,,,,,,,,,,,,,,,,,,,,,,0.20082198023149847,0.24776136116859637,0.2437096093881605,,,,,-0.07981223792432836,,,,,,,,71.3113267986142,71.3113267986142,70.73562142970731,70.73562142970731,68.95835436347276,68.95835436347276,,,,,,,-0.013473378116556519,,0.06259568142428407,0.06259568142428407,-0.13048743779666172,-0.13048743779666172,53.84742554113671,53.84742554113671,,71.58000030517579,71.58000030517579,70.9404765537807,70.9404765537807,70.11920638311477,70.11920638311477,,,70.49480010986328,,,41261271.232604981190000,77432605.8012705,,,,,,,
2024-12-02,,,,,,,71.500000000000000,72.379997253417970,71.110000610351560,71.989997863769530,984400,,,,,71.989997863769530,,,,,,,,,,,,,,,,,,,,,,,,,,,,,,,,,,,,,,,,,,,,,,,,,,,,,,,,,,,,,,,,,,,,,,,,,,,,,,,,,,,,,,,,,,,,,,,,,,,,,,,,,,,,,,,,,,,,,,,,,,,,,,,,,,,,,,,,,,,,,0.17566902756209818,0.24511401997643936,0.24358677596593223,,,,,-0.024672542237571485,,,,,,,,71.53755048699932,71.53755048699932,70.8496556509857,70.8496556509857,69.05309322285703,69.05309322285703,,,,,,,0.00668986087374687,,0.1571942135101665,0.1571942135101665,-0.07295110753529607,-0.07295110753529607,55.77933123817332,55.77933123817332,,71.81600036621094,71.81600036621094,70.91238112676712,70.91238112676712,70.2487301296658,70.2487301296658,,,70.53560012817383,,,70866953.897094725332000,77401648.46489316,,,,,,,
2024-12-03,,,,,,,71.779998779296880,71.930000305175780,69.879997253417970,70.769996643066400,1254600,,,,,70.769996643066400,,,,,,,,,,,,,,,,,,,,,,,,,,,,,,,,,,,,,,,,,,,,,,,,,,,,,,,,,,,,,,,,,,,,,,,,,,,,,,,,,,,,,,,,,,,,,,,,,,,,,,,,,,,,,,,,,,,,,,,,,,,,,,,,,,,,,,,,,,,,,0.20736457293127053,0.25185935618303107,0.2437315916541292,,,,,-0.004717534619061796,,,,,,,,71.28169920568834,71.28169920568834,70.84241392299303,70.84241392299303,69.10674645473857,69.10674645473857,,,,,,,-0.017092056153945476,,0.13219645080330622,0.13219645080330622,-0.03192159586757562,-0.03192159586757562,50.0452903948592,50.0452903948592,,71.6479995727539,71.6479995727539,70.83190482003349,70.83190482003349,70.33857133653429,70.33857133653429,,,70.54860000610351,,,88788037.788391105440000,77348797.8129069,,,,,,,
2024-12-04,,,,,,,69.980003356933600,71.180000305175780,68.900001525878900,70.260002136230470,885000,,,,,70.260002136230470,,,,,,,,,,,,,,,,,,,,,,,,,,,,,,,,,,,,,,,,,,,,,,,,,,,,,,,,,,,,,,,,,,,,,,,,,,,,,,,,,,,,,,,,,,,,,,,,,,,,,,,,,,,,,,,,,,,,,,,,,,,,,,,,,,,,,,,,,,,,,0.20994659596278906,0.2525709926774215,0.24399519094048777,,,,,0.03139378824206726,,,,,,,,70.94113351586905,70.94113351586905,70.78946739692371,70.78946739692371,69.1427856947852,69.1427856947852,,,,,,,-0.007232457410949488,,0.07042147433890023,0.07042147433890023,-0.01145298182628045,-0.01145298182628045,47.83171972764024,47.83171972764024,,71.4020004272461,71.4020004272461,70.74095262799945,70.74095262799945,70.41253964863127,70.41253964863127,,,70.55300003051758,,,62180101.890563965950000,76839478.83010137,,,,,,,
2024-12-05,,,,,,,69.870002746582030,70.735000610351560,69.250000000000000,69.569999694824220,845200,,,,,69.569999694824220,,,,,,,,,,,,,,,,,,,,,,,,,,,,,,,,,,,,,,,,,,,,,,,,,,,,,,,,,,,,,,,,,,,,,,,,,,,,,,,,,,,,,,,,,,,,,,,,,,,,,,,,,,,,,,,,,,,,,,,,,,,,,,,,,,,,,,,,,,,,,0.14469061816181325,0.24817966195203855,0.24441235895384672,,,,,-0.01889815677474886,,,,,,,,70.4840889088541,70.4840889088541,70.67860669673284,70.67860669673284,69.15613613228642,69.15613613228642,,,,,,,-0.00986924169337742,,-0.0338231774686335,-0.0338231774686335,-0.01592702095475106,-0.01592702095475106,44.93576273632821,44.93576273632821,,70.81999969482422,70.81999969482422,70.57000005812873,70.57000005812873,70.46603175571987,70.46603175571987,,,70.56,,,58800563.742065430744000,76407314.82546367,,,,,,,
2024-12-06,,,,,,,69.510002136230470,71.040000915527340,69.458999633789060,69.959999084472660,1049500,,,,,69.959999084472660,,,,,,,,,,,,,,,,,,,,,,,,,,,,,,,,,,,,,,,,,,,,,,,,,,,,,,,,,,,,,,,,,,,,,,,,,,,,,,,,,,,,,,,,,,,,,,,,,,,,,,,,,,,,,,,,,,,,,,,,,,,,,,,,,,,,,,,,,,,,,0.16301569148098444,0.24342217862589424,0.24346330294179602,,,,,-0.01737923967534195,,,,,,,,70.30939230072696,70.30939230072696,70.61327873198192,70.61327873198192,69.18125684954224,69.18125684954224,,,,,,,0.00559020151501152,,-0.08399982597870803,-0.08399982597870803,-0.029541581959542453,-0.029541581959542453,46.89292345365716,46.89292345365716,,70.50999908447265,70.50999908447265,70.37095242454892,70.37095242454892,70.51253969707186,70.51253969707186,,,70.59720001220703,,,73423019.039154056670000,76064265.40911235,,,,,,,
2024-12-09,,,,,,,69.919998168945310,71.389999389648440,69.760002136230470,70.629997253417970,662200,,,,,70.629997253417970,,,,,,,,,,,,,,,,,,,,,,,,,,,,,,,,,,,,,,,,,,,,,,,,,,,,,,,,,,,,,,,,,,,,,,,,,,,,,,,,,,,,,,,,,,,,,,,,,,,,,,,,,,,,,,,,,,,,,,,,,,,,,,,,,,,,,,,,,,,,,0.1759126866828343,0.24131203274733048,0.2411358846993626,,,,,-0.07108758439363082,,,,,,,,70.41626061829064,70.41626061829064,70.61479859756702,70.61479859756702,69.22652998716336,69.22652998716336,,,,,,,0.009531307469964816,,-0.06890760462798085,-0.06890760462798085,-0.037414786493230136,-0.037414786493230136,50.16968520125634,50.16968520125634,,70.23799896240234,70.23799896240234,70.15952373686291,70.15952373686291,70.5487301538861,70.5487301538861,,,70.65839996337891,,,46771184.181213379734000,75017848.05509779,,,,,,,
2024-12-10,,,,,,,70.980003356933600,70.980003356933600,68.760002136230470,69.720001220703120,767200,,,,,69.720001220703120,,,,,,,,,,,,,,,,,,,,,,,,,,,,,,,,,,,,,,,,,,,,,,,,,,,,,,,,,,,,,,,,,,,,,,,,,,,,,,,,,,,,,,,,,,,,,,,,,,,,,,,,,,,,,,,,,,,,,,,,,,,,,,,,,,,,,,,,,,,,,0.15780571001502328,0.21344532958609688,0.2406980940347307,,,,,0.011133867151726767,,,,,,,,70.18417415242813,70.18417415242813,70.53345338148848,70.53345338148848,69.24195096321147,69.24195096321147,,,,,,,-0.012967706373455434,,-0.12889021894720543,-0.12889021894720543,-0.055709872984025195,-0.055709872984025195,46.01671645440093,46.01671645440093,,70.02799987792969,70.02799987792969,70.03047616141183,70.03047616141183,70.55365075005426,70.55365075005426,,,70.65839996337891,,,53489184.936523433664000,74078748.83276318,,,,,,,
2024-12-11,,,,,,,70.000000000000000,70.889999389648440,69.400001525878900,70.489997863769530,588700,,,,,70.489997863769530,,,,,,,,,,,,,,,,,,,,,,,,,,,,,,,,,,,,,,,,,,,,,,,,,,,,,,,,,,,,,,,,,,,,,,,,,,,,,,,,,,,,,,,,,,,,,,,,,,,,,,,,,,,,,,,,,,,,,,,,,,,,,,,,,,,,,,,,,,,,,0.1785727875868744,0.21413277775610276,0.24060210229838178,,,,,0.05608755774891964,,,,,,,,70.28611538954193,70.28611538954193,70.52950287987767,70.52950287987767,69.28095242885391,69.28095242885391,,,,,,,0.010983587319873145,,-0.11299207665699385,-0.11299207665699385,-0.06716631371861892,-0.06716631371861892,49.80312915484265,49.80312915484265,,70.0739990234375,70.0739990234375,69.98095230829148,69.98095230829148,70.58285704113189,70.58285704113189,,,70.72219985961914,,,41497461.742401122311000,73349183.11527798,,,,,,,
2024-12-12,,,,,,,70.349998474121100,70.730003356933600,69.691001892089840,70.010002136230470,620100,,,,,70.010002136230470,,,,,,,,,,,,,,,,,,,,,,,,,,,,,,,,,,,,,,,,,,,,,,,,,,,,,,,,,,,,,,,,,,,,,,,,,,,,,,,,,,,,,,,,,,,,,,,,,,,,,,,,,,,,,,,,,,,,,,,,,,,,,,,,,,,,,,,,,,,,,0.16830587849866774,0.21164992733591848,0.23787146288750963,,,,,0.057647558556326195,,,,,,,,70.1940776384381,70.1940776384381,70.48227553954611,70.48227553954611,69.30373523220943,69.30373523220943,,,,,,,-0.006832705978018935,,-0.13753886564464324,-0.13753886564464324,-0.08124082410382379,-0.08124082410382379,47.563502132253056,47.563502132253056,,70.16199951171875,70.16199951171875,69.9480954124814,69.9480954124814,70.58301580519904,70.58301580519904,,,70.7697999572754,,,43413202.324676514447000,72912614.89820935,,,,,,,
2024-12-13,,,,,,,70.000000000000000,70.000000000000000,68.800003051757810,69.559997558593750,637700,,,,,69.559997558593750,,,,,,,,,,,,,,,,,,,,,,,,,,,,,,,,,,,,,,,,,,,,,,,,,,,,,,,,,,,,,,,,,,,,,,,,,,,,,,,,,,,,,,,,,,,,,,,,,,,,,,,,,,,,,,,,,,,,,,,,,,,,,,,,,,,,,,,,,,,,,0.17048276987655048,0.21033449772453103,0.23258596370047677,,,,,0.0920071995117087,,,,,,,,69.98271761182332,69.98271761182332,70.39843208673226,70.39843208673226,69.31174342990894,69.31174342990894,,,,,,,-0.0064484651140903305,,-0.1911010869633003,-0.1911010869633003,-0.10321287667571909,-0.10321287667571909,45.497772649923334,45.497772649923334,,70.08199920654297,70.08199920654297,69.92523810977028,69.92523810977028,70.54761892651754,70.54761892651754,,,70.81579986572265,,,44358410.443115234375000,72487448.54163519,,,,,,,
2024-12-16,,,,,,,69.260002136230470,70.339996337890620,68.955001831054690,69.269996643066400,755600,,,,,69.269996643066400,,,,,,,,,,,,,,,,,,,,,,,,,,,,,,,,,,,,,,,,,,,,,,,,,,,,,,,,,,,,,,,,,,,,,,,,,,,,,,,,,,,,,,,,,,,,,,,,,,,,,,,,,,,,,,,,,,,,,,,,,,,,,,,,,,,,,,,,,,,,,0.14174531746852606,0.17921234848747306,0.2321262784250607,,,,,0.1275892099850938,,,,,,,,69.74514395557101,69.74514395557101,70.29584704639899,70.29584704639899,69.3104388428201,69.3104388428201,,,,,,,-0.004177790815301269,,-0.2540219762782385,-0.2540219762782385,-0.13337469659622297,-0.13337469659622297,44.16652166591037,44.16652166591037,,69.80999908447265,69.80999908447265,69.99047597249348,69.99047597249348,70.4990474155971,70.4990474155971,,,70.8463998413086,,,52340409.463500971840000,72412631.14511399,,,,,,,
2024-12-17,,,,,,,69.080001831054690,70.000000000000000,68.000000000000000,68.599998474121100,756900,,,,,68.599998474121100,,,,,,,,,,,,,,,,,,,,,,,,,,,,,,,,,,,,,,,,,,,,,,,,,,,,,,,,,,,,,,,,,,,,,,,,,,,,,,,,,,,,,,,,,,,,,,,,,,,,,,,,,,,,,,,,,,,,,,,,,,,,,,,,,,,,,,,,,,,,,0.1300289983667868,0.18138105008181213,0.23279501545073425,,,,,0.13135220633877953,,,,,,,,69.36342879508771,69.36342879508771,70.14167899437373,70.14167899437373,69.28823758129826,69.28823758129826,,,,,,,-0.009719351084226741,,-0.3538712793749994,-0.3538712793749994,-0.17747401315197825,-0.17747401315197825,41.16940707421694,41.16940707421694,,69.58599853515625,69.58599853515625,70.04380907331195,70.04380907331195,70.44301568894159,70.44301568894159,,,70.89259979248047,,,51923338.845062260590000,72458608.60085866,,,,,,,
2024-12-18,,,,,,,68.449996948242190,68.900001525878900,66.580001831054690,66.889999389648440,595900,,,,,66.889999389648440,,,,,,,,,,,,,,,,,,,,,,,,,,,,,,,,,,,,,,,,,,,,,,,,,,,,,,,,,,,,,,,,,,,,,,,,,,,,,,,,,,,,,,,,,,,,,,,,,,,,,,,,,,,,,,,,,,,,,,,,,,,,,,,,,,,,,,,,,,,,,0.13465283719630822,0.20179921485049448,0.23773039113343467,,,,,0.07668620307154142,,,,,,,,68.53895232660796,68.53895232660796,69.84607175758052,69.84607175758052,69.2132926378092,69.2132926378092,,,,,,,-0.02524304248309561,,-0.5644782525925081,-0.5644782525925081,-0.2548748610400842,-0.2548748610400842,34.6977134165469,34.6977134165469,,68.86599884033203,68.86599884033203,70.03285653250558,70.03285653250558,70.35650780087425,70.35650780087425,,,70.88779983520507,,,39859750.636291505396000,72073605.61485896,,,,,,,
2024-12-19,,,,,,,67.089996337890620,67.760002136230470,66.209999084472660,66.800003051757810,1141900,,,,,66.800003051757810,,,,,,,,,,,,,,,,,,,,,,,,,,,,,,,,,,,,,,,,,,,,,,,,,,,,,,,,,,,,,,,,,,,,,,,,,,,,,,,,,,,,,,,,,,,,,,,,,,,,,,,,,,,,,,,,,,,,,,,,,,,,,,,,,,,,,,,,,,,,,0.14890498666917498,0.20181858438464578,0.2284605561172622,,,,,0.054710153523513466,,,,,,,,67.95930256832457,67.95930256832457,69.56915642068755,69.56915642068755,69.1378773382451,69.1378773382451,,,,,,,-0.0013463437780147256,,-0.7302301103856195,-0.7302301103856195,-0.3499459109091913,-0.3499459109091913,34.391301540213426,34.391301540213426,,68.2239990234375,68.2239990234375,70.02095177060082,70.02095177060082,70.30650789775545,70.30650789775545,,,70.84019989013672,,,76278923.484802243239000,68387771.35999165,,,,,,,
2024-12-20,,,,,,,66.580001831054690,67.500000000000000,66.285003662109380,66.830001831054690,1798700,,,,,66.830001831054690,,,,,,,,,,,,,,,,,,,,,,,,,,,,,,,,,,,,,,,,,,,,,,,,,,,,,,,,,,,,,,,,,,,,,,,,,,,,,,,,,,,,,,,,,,,,,,,,,,,,,,,,,,,,,,,,,,,,,,,,,,,,,,,,,,,,,,,,,,,,,0.16469450622539772,0.18838391704127022,0.22838362365937173,,,,,0.005195679019954157,,,,,,,,67.58286898923461,67.58286898923461,69.32014236708456,69.32014236708456,69.0657562286454,69.0657562286454,,,,,,,0.00044898269407577565,,-0.8493779013578546,-0.8493779013578546,-0.44983230899892396,-0.44983230899892396,34.59862814011187,34.59862814011187,,67.6779998779297,67.6779998779297,69.94666617257255,69.94666617257255,70.25428566100105,70.25428566100105,,,70.8147999572754,,,120207124.293518070903000,68807829.97303312,,,,,,,
2024-12-23,,,,,,,66.610000610351560,67.080001831054690,66.010002136230470,66.629997253417970,823200,,,,,66.629997253417970,,,,,,,,,,,,,,,,,,,,,,,,,,,,,,,,,,,,,,,,,,,,,,,,,,,,,,,,,,,,,,,,,,,,,,,,,,,,,,,,,,,,,,,,,,,,,,,,,,,,,,,,,,,,,,,,,,,,,,,,,,,,,,,,,,,,,,,,,,,,,0.16662593154419583,0.17518309679367225,0.22842628362196374,,,,,-0.01611793514344948,,,,,,,,67.26524507729573,67.26524507729573,69.0755837203876,69.0755837203876,68.98963876066955,68.98963876066955,,,,,,,-0.0029972235686292325,,-0.9490025711178447,-0.9490025711178447,-0.5496663614227081,-0.5496663614227081,33.831037006546936,33.831037006546936,,67.15,67.15,69.8038090297154,69.8038090297154,70.20015861874535,70.20015861874535,,,70.78459991455078,,,54849813.739013672904000,68701459.51167515,,,,,,,
2024-12-24,,,,,,,66.290000915527340,66.699996948242190,65.849998474121100,66.559997558593750,252400,,,,,66.559997558593750,,,,,,,,,,,,,,,,,,,,,,,,,,,,,,,,,,,,,,,,,,,,,,,,,,,,,,,,,,,,,,,,,,,,,,,,,,,,,,,,,,,,,,,,,,,,,,,,,,,,,,,,,,,,,,,,,,,,,,,,,,,,,,,,,,,,,,,,,,,,,0.17153312530864998,0.16127570917777373,0.22733456340672684,,,,,-0.038408648076401326,,,,,,,,67.03016257106174,67.03016257106174,68.84689406931543,68.84689406931543,68.91371247310468,68.91371247310468,,,,,,,-0.0010511255198715475,,-1.0218252644358188,-1.0218252644358188,-0.6440981420253302,-0.6440981420253302,33.550486673208795,33.550486673208795,,66.74199981689453,66.74199981689453,69.60142807733445,69.60142807733445,70.1579363383944,70.1579363383944,,,70.72799987792969,,,16799743.383789062500000,68119353.04248144,,,,,,,
2024-12-26,,,,,,,66.220001220703120,67.190002441406250,65.860000610351560,66.940002441406250,505000,,,,,66.940002441406250,,,,,,,,,,,,,,,,,,,,,,,,,,,,,,,,,,,,,,,,,,,,,,,,,,,,,,,,,,,,,,,,,,,,,,,,,,,,,,,,,,,,,,,,,,,,,,,,,,,,,,,,,,,,,,,,,,,,,,,,,,,,,,,,,,,,,,,,,,,,,0.052888976517210994,0.1561982176716371,0.22541335133001877,,,,,-0.06026180577950775,,,,,,,,67.0001091945099,67.0001091945099,68.67354028496005,68.67354028496005,68.8520340346141,68.8520340346141,,,,,,,0.005692972421569172,,-1.0369215689541704,-1.0369215689541704,-0.7226628274110982,-0.7226628274110982,36.62307486557789,36.62307486557789,,66.75200042724609,66.75200042724609,69.37904721214657,69.37904721214657,70.13952370295449,70.13952370295449,,,70.67239990234376,,,33804701.232910156250000,66546024.69662863,,,,,,,
2024-12-27,,,,,,,66.500000000000000,67.095001220703120,66.160003662109380,66.739997863769530,460200,,,,,66.739997863769530,,,,,,,,,,,,,,,,,,,,,,,,,,,,,,,,,,,,,,,,,,,,,,,,,,,,,,,,,,,,,,,,,,,,,,,,,,,,,,,,,,,,,,,,,,,,,,,,,,,,,,,,,,,,,,,,,,,,,,,,,,,,,,,,,,,,,,,,,,,,,0.056956095309028544,0.15610187264191963,0.2249636483179705,,,,,-0.06640159310654807,,,,,,,,66.91340541759645,66.91340541759645,68.49776370121546,68.49776370121546,68.7860329042752,68.7860329042752,,,,,,,-0.002992290939760767,,-1.0528871690697343,-1.0528871690697343,-0.7887076957428255,-0.7887076957428255,35.687740172881895,35.687740172881895,,66.73999938964843,66.73999938964843,69.1528567359561,69.1528567359561,70.12634907071552,70.12634907071552,,,70.57879989624024,,,30713747.016906737706000,64887178.08754331,,,,,,,
2024-12-30,,,,,,,66.169998168945310,66.650001525878900,65.551002502441400,66.050003051757810,686300,,,,,66.050003051757810,,,,,,,,,,,,,,,,,,,,,,,,,,,,,,,,,,,,,,,,,,,,,,,,,,,,,,,,,,,,,,,,,,,,,,,,,,,,,,,,,,,,,,,,,,,,,,,,,,,,,,,,,,,,,,,,,,,,,,,,,,,,,,,,,,,,,,,,,,,,,0.09115324238659278,0.1449255975953254,0.21652011746756245,,,,,-0.09361653676451165,,,,,,,,66.62560462898357,66.62560462898357,68.27524000581022,68.27524000581022,68.70053197138404,68.70053197138404,,,,,,,-0.010392364142894297,,-1.1084394371376192,-1.1084394371376192,-0.8526540440217842,-0.8526540440217842,32.59493260911485,32.59493260911485,,66.58399963378906,66.58399963378906,68.84666624523345,68.84666624523345,70.06809513152592,70.06809513152592,,,70.4515998840332,,,45330117.094421385003000,64091677.06251599,,,,,,,
2024-12-31,,,,,,,66.239997863769530,66.750000000000000,65.849998474121100,66.059997558593750,541100,,,,,66.059997558593750,,,,,,,,,,,,,,,,,,,,,,,,,,,,,,,,,,,,,,,,,,,,,,,,,,,,,,,,,,,,,,,,,,,,,,,,,,,,,,,,,,,,,,,,,,,,,,,,,,,,,,,,,,,,,,,,,,,,,,,,,,,,,,,,,,,,,,,,,,,,,0.09247154559691358,0.14185870895071276,0.2048777777151076,,,,,-0.09452702875087476,,,,,,,,66.43706893885363,66.43706893885363,68.07385432879053,68.07385432879053,68.61801527098434,68.61801527098434,,,,,,,0.00015130583315167297,,-1.1385342228319644,-1.1385342228319644,-0.9098300797838202,-0.9098300797838202,32.68593229915732,32.68593229915732,,66.46999969482422,66.46999969482422,68.58714221772694,68.58714221772694,70.0484125046503,70.0484125046503,,,70.29919982910157,,,35745064.678955078125000,63663018.996381,,,,,,,
2025-01-02,,,,,,,66.069999694824220,66.739997863769530,65.425003051757810,65.930000305175780,561800,,,,,65.930000305175780,,,,,,,,,,,,,,,,,,,,,,,,,,,,,,,,,,,,,,,,,,,,,,,,,,,,,,,,,,,,,,,,,,,,,,,,,,,,,,,,,,,,,,,,,,,,,,,,,,,,,,,,,,,,,,,,,,,,,,,,,,,,,,,,,,,,,,,,,,,,,0.09228377443220913,0.1368944943615273,0.2046312018412974,,,,,-0.12850390289997052,,,,,,,,66.26804606096101,66.26804606096101,67.87895850846192,67.87895850846192,68.53401480330282,68.53401480330282,,,,,,,-0.0019698052512436563,,-1.1595081609240339,-1.1595081609240339,-0.959765696011863,-0.959765696011863,32.079294229089456,32.079294229089456,,66.34400024414063,66.34400024414063,68.29857090541294,68.29857090541294,70.02142842610677,70.02142842610677,,,70.15579986572266,,,37039474.171447753204000,63369932.2571043,,,,,,,
2025-01-03,,,,,,,65.930000305175780,67.330001831054690,65.625000000000000,67.120002746582030,747300,,,,,67.120002746582030,,,,,,,,,,,,,,,,,,,,,,,,,,,,,,,,,,,,,,,,,,,,,,,,,,,,,,,,,,,,,,,,,,,,,,,,,,,,,,,,,,,,,,,,,,,,,,,,,,,,,,,,,,,,,,,,,,,,,,,,,,,,,,,,,,,,,,,,,,,,,0.1663825561817134,0.1484861228107658,0.20759042162362137,,,,,-0.08620879143003264,,,,,,,,66.55203162283469,66.55203162283469,67.8099625301092,67.8099625301092,68.4898269265303,68.4898269265303,,,,,,,0.01788852532542818,,-1.0677979956028025,-1.0677979956028025,-0.9813721559300509,-0.9813721559300509,42.5843309233801,42.5843309233801,,66.38000030517578,66.38000030517578,68.12476167224702,68.12476167224702,70.01920621357267,70.01920621357267,,,70.04599990844727,,,50158778.052520751019000,63360477.978382416,,,,,,,
2025-01-06,,,,,,,67.120002746582030,68.550003051757810,66.980003356933600,68.470001220703120,1002000,,,,,68.470001220703120,,,,,,,,,,,,,,,,,,,,,,,,,,,,,,,,,,,,,,,,,,,,,,,,,,,,,,,,,,,,,,,,,,,,,,,,,,,,,,,,,,,,,,,,,,,,,,,,,,,,,,,,,,,,,,,,,,,,,,,,,,,,,,,,,,,,,,,,,,,,,0.2096205711376815,0.16633823721910923,0.21093342472102258,,,,,-0.03942205886817192,,,,,,,,67.19135482212417,67.19135482212417,67.86996604743592,67.86996604743592,68.4892073732232,68.4892073732232,,,,,,,0.01991360788184184,,-0.8760844778787629,-0.8760844778787629,-0.9603146203197933,-0.9603146203197933,51.709257441261066,51.709257441261066,,66.7260009765625,66.7260009765625,68.03952353341239,68.03952353341239,70.03079356844464,70.03079356844464,,,69.96539993286133,,,68606941.223144526240000,63549287.74047125,,,,,,,
2025-01-07,,,,,,,68.580001831054690,69.750000000000000,68.379997253417970,69.410003662109380,840700,,,,,69.410003662109380,,,,,,,,,,,,,,,,,,,,,,,,,,,,,,,,,,,,,,,,,,,,,,,,,,,,,,,,,,,,,,,,,,,,,,,,,,,,,,,,,,,,,,,,,,,,,,,,,,,,,,,,,,,,,,,,,,,,,,,,,,,,,,,,,,,,,,,,,,,,,0.16149293866641964,0.1708220433210178,0.20788592892217383,,,,,0.01782515518317787,,,,,,,,67.93090443545258,67.93090443545258,68.00996946695169,68.00996946695169,68.51798225725089,68.51798225725089,,,,,,,0.013635291150772092,,-0.6409117609414352,-0.6409117609414352,-0.8964340484441217,-0.8964340484441217,56.851420412942524,56.851420412942524,,67.39800109863282,67.39800109863282,68.03190467471168,68.03190467471168,70.08031742156498,70.08031742156498,,,69.88960006713867,,,58352990.078735355766000,63189078.77157302,,,,,,,
2025-01-08,,,,,,,69.180000305175780,71.849998474121100,67.690002441406250,68.959999084472660,2731900,,,,,68.959999084472660,,,,,,,,,,,,,,,,,,,,,,,,,,,,,,,,,,,,,,,,,,,,,,,,,,,,,,,,,,,,,,,,,,,,,,,,,,,,,,,,,,,,,,,,,,,,,,,,,,,,,,,,,,,,,,,,,,,,,,,,,,,,,,,,,,,,,,,,,,,,,0.19107060164470144,0.17087510451555893,0.20696342726555425,,,,,-0.022771721948809862,,,,,,,,68.27393598512593,68.27393598512593,68.09633579581724,68.09633579581724,68.53179528310157,68.53179528310157,,,,,,,-0.006504389032806214,,-0.48525359562034964,-0.48525359562034964,-0.8141979578793672,-0.8141979578793672,53.89282528123078,53.89282528123078,,67.97800140380859,67.97800140380859,67.98428562709263,67.98428562709263,70.10936506967695,70.10936506967695,,,69.805,,,188391821.498870859854000,65077214.52300057,,,,,,,
2025-01-10,,,,,,,68.980003356933600,70.000000000000000,66.919998168945310,67.069999694824220,1166300,,,,,67.069999694824220,,,,,,,,,,,,,,,,,,,,,,,,,,,,,,,,,,,,,,,,,,,,,,,,,,,,,,,,,,,,,,,,,,,,,,,,,,,,,,,,,,,,,,,,,,,,,,,,,,,,,,,,,,,,,,,,,,,,,,,,,,,,,,,,,,,,,,,,,,,,,0.32321997045342854,0.19053547795449285,0.20562037790705243,,,,,-0.08316383829780984,,,,,,,,67.87262388835869,67.87262388835869,68.00303251390878,68.00303251390878,68.48611417096791,68.48611417096791,,,,,,,-0.02778976751769166,,-0.5085384191655749,-0.5085384191655749,-0.7530660501366088,-0.7530660501366088,43.62441428445125,43.62441428445125,,68.20600128173828,68.20600128173828,67.81476193382626,67.81476193382626,70.07587299649677,70.07587299649677,,,69.67919998168945,63.9268000793457,1,78223740.644073487786000,65393935.57676285,,,,,,,
2025-01-13,,,,,,,66.769996643066400,68.569999694824220,66.222000122070310,68.510002136230470,780900,,,,,68.510002136230470,,,,,,,,,,,,,,,,,,,,,,,,,,,,,,,,,,,,,,,,,,,,,,,,,,,,,,,,,,,,,,,,,,,,,,,,,,,,,,,,,,,,,,,,,,,,,,,,,,,,,,,,,,,,,,,,,,,,,,,,,,,,,,,,,,,,,,,,,,,,,0.33339126557026383,0.20320377336434903,0.2077671471048183,,,,,-0.036160408148083155,,,,,,,,68.08508330431596,68.08508330431596,68.04912066139256,68.04912066139256,68.48686066988236,68.48686066988236,,,,,,,0.02124290563456409,,-0.40611421528780056,-0.40611421528780056,-0.6836756831668471,-0.6836756831668471,51.24635596452461,51.24635596452461,,68.48400115966797,68.48400115966797,67.75714292980376,67.75714292980376,70.08238099113343,70.08238099113343,,,69.58240005493164,63.869350090026856,1,53499460.668182374023000,65670660.997021385,,,,,,,
2025-01-14,,,,,,,68.529998779296880,70.385002136230470,68.510002136230470,70.190002441406250,717600,,,,,70.190002441406250,,,,,,,,,,,,,,,,,,,,,,,,,,,,,,,,,,,,,,,,,,,,,,,,,,,,,,,,,,,,,,,,,,,,,,,,,,,,,,,,,,,,,,,,,,,,,,,,,,,,,,,,,,,,,,,,,,,,,,,,,,,,,,,,,,,,,,,,,,,,,0.34739040977250535,0.21757693698451008,0.21330005315362194,,,,,-0.019586197535392477,,,,,,,,68.78672301667939,68.78672301667939,68.24374627775745,68.24374627775745,68.54008385024248,68.54008385024248,,,,,,,0.024226134329049614,,-0.18722213132066656,-0.18722213132066656,-0.584384972797611,-0.584384972797611,58.32543059999683,58.32543059999683,,68.8280014038086,68.8280014038086,67.74285743350075,67.74285743350075,70.11492072211371,70.11492072211371,,,69.51480010986329,63.845300102233885,1,50368345.751953125000000,65133424.81458149,,,,,,,
2025-01-15,,,,,,,70.500000000000000,72.580001831054690,70.440002441406250,72.029998779296880,1320000,,,,,72.029998779296880,,,,,,,,,,,,,,,,,,,,,,,,,,,,,,,,,,,,,,,,,,,,,,,,,,,,,,,,,,,,,,,,,,,,,,,,,,,,,,,,,,,,,,,,,,,,,,,,,,,,,,,,,,,,,,,,,,,,,,,,,,,,,,,,,,,,,,,,,,,,,0.3763119037054216,0.23391025577816993,0.21643047412394284,,,,,0.02793584233967745,,,,,,,,69.86781493755188,69.86781493755188,68.58795105062467,68.58795105062467,68.64914369177544,68.64914369177544,,,,,,,0.025876796428971446,,0.13318843585078355,0.13318843585078355,-0.44087029106793213,-0.44087029106793213,64.41909677596195,64.41909677596195,,69.3520004272461,69.3520004272461,67.83904774983723,67.83904774983723,70.15682547433036,70.15682547433036,,,69.50380004882813,63.85770008087158,1,95079598.388671881600000,65930220.79527113,,,,,,,
2025-01-16,,,,,,,71.949996948242190,72.930000305175780,71.370002746582030,72.690002441406250,739200,,,,,72.690002441406250,,,,,,,,,,,,,,,,,,,,,,,,,,,,,,,,,,,,,,,,,,,,,,,,,,,,,,,,,,,,,,,,,,,,,,,,,,,,,,,,,,,,,,,,,,,,,,,,,,,,,,,,,,,,,,,,,,,,,,,,,,,,,,,,,,,,,,,,,,,,,0.35569737274180946,0.23358390161919718,0.21694811651248042,,,,,0.04584190670277726,,,,,,,,70.80854410550334,70.80854410550334,68.960864813423,68.960864813423,68.7754205277014,68.7754205277014,,,,,,,0.009121175128969964,,0.4353544038502264,0.4353544038502264,-0.26562535208430044,-0.26562535208430044,66.32138297501756,66.32138297501756,,70.0980010986328,70.0980010986328,67.98809560139973,67.98809560139973,70.20396835084945,70.20396835084945,,,69.5084001159668,63.87565010070801,1,53732449.804687500000000,65723483.472030886,,,,,,,
2025-01-17,,,,,,,73.099998474121100,73.669998168945310,71.949996948242190,73.510002136230470,1514800,,,,,73.510002136230470,,,,,,,,,,,,,,,,,,,,,,,,,,,,,,,,,,,,,,,,,,,,,,,,,,,,,,,,,,,,,,,,,,,,,,,,,,,,,,,,,,,,,,,,,,,,,,,,,,,,,,,,,,,,,,,,,,,,,,,,,,,,,,,,,,,,,,,,,,,,,0.12182887742539668,0.23446042290613664,0.2127854783532358,,,,,0.12763800238661194,,,,,,,,71.70903011574572,71.70903011574572,69.37442275186004,69.37442275186004,68.92337620296793,68.92337620296793,,,,,,,0.011217623363309665,,0.7325458996893559,0.7325458996893559,-0.06599110172956915,-0.06599110172956915,68.5697091541338,68.5697091541338,,71.38600158691406,71.38600158691406,68.19000062488374,68.19000062488374,70.23714301699684,70.23714301699684,,,69.5352001953125,63.90870010375976,1,111352951.235961915956000,66612751.38718136,,,,,,,
2025-01-21,,,,,,,73.694999694824220,74.339996337890620,72.599998474121100,74.019996643066400,1071000,,,,,74.019996643066400,,,,,,,,,,,,,,,,,,,,,,,,,,,,,,,,,,,,,,,,,,,,,,,,,,,,,,,,,,,,,,,,,,,,,,,,,,,,,,,,,,,,,,,,,,,,,,,,,,,,,,,,,,,,,,,,,,,,,,,,,,,,,,,,,,,,,,,,,,,,,0.14122293502133318,0.23028658029260543,0.21148078581153726,,,,,0.1746291773898941,,,,,,,,72.47935229151928,72.47935229151928,69.79674765106061,69.79674765106061,69.082645591721,69.082645591721,,,,,,,0.006913801159896452,,0.9977234607959105,0.9977234607959105,0.1467518107755268,0.1467518107755268,69.91492702506264,69.91492702506264,,72.48800048828124,72.48800048828124,68.4480957757859,68.4480957757859,70.26269846113901,70.26269846113901,,,69.55240005493164,63.95935009002685,1,79275416.404724114400000,66431856.30494375,,,,,,,
2025-01-22,,,,,,,73.790000915527340,74.250000000000000,73.099998474121100,73.660003662109380,1334500,,,,,73.660003662109380,,,,,,,,,,,,,,,,,,,,,,,,,,,,,,,,,,,,,,,,,,,,,,,,,,,,,,,,,,,,,,,,,,,,,,,,,,,,,,,,,,,,,,,,,,,,,,,,,,,,,,,,,,,,,,,,,,,,,,,,,,,,,,,,,,,,,,,,,,,,,0.17471295929355754,0.2078341798745184,0.20886167852749146,,,,,0.18778782566394206,,,,,,,,72.87290274838264,72.87290274838264,70.14795274297414,70.14795274297414,69.22568803142065,69.22568803142065,,,,,,,-0.00487532087298941,,1.1653962015204797,1.1653962015204797,0.3504806889245174,0.3504806889245174,67.71188711859381,67.71188711859381,,73.18200073242187,73.18200073242187,68.77047693161737,68.77047693161737,70.26238105410621,70.26238105410621,,,69.54280014038086,63.9926501083374,1,98299274.887084967610000,67019469.29912265,,,,,,,
2025-01-23,,,,,,,73.660003662109380,73.830001831054690,72.889999389648440,73.599998474121100,723700,,,,,73.599998474121100,,,,,,,,,,,,,,,,,,,,,,,,,,,,,,,,,,,,,,,,,,,,,,,,,,,,,,,,,,,,,,,,,,,,,,,,,,,,,,,,,,,,,,,,,,,,,,,,,,,,,,,,,,,,,,,,,,,,,,,,,,,,,,,,,,,,,,,,,,,,,0.10891049341078962,0.20765097708246769,0.20825235830146446,,,,,0.22325562376434066,,,,,,,,73.11526799029546,73.11526799029546,70.46177508216932,70.46177508216932,69.36238523275503,69.36238523275503,,,,,,,-0.0008149557305291801,,1.2786961263908694,1.2786961263908694,0.5361237764177877,0.5361237764177877,67.33104300410871,67.33104300410871,,73.49600067138672,73.49600067138672,69.0942862374442,69.0942862374442,70.27031756204272,70.27031756204272,,,69.5134001159668,64.01035011291503,1,53264318.895721440070000,66896185.65102229,,,,,,,
2025-01-24,,,,,,,73.239997863769530,74.989997863769530,73.239997863769530,74.989997863769530,1142500,,,,,74.989997863769530,,,,,,,,,,,,,,,,,,,,,,,,,,,,,,,,,,,,,,,,,,,,,,,,,,,,,,,,,,,,,,,,,,,,,,,,,,,,,,,,,,,,,,,,,,,,,,,,,,,,,,,,,,,,,,,,,,,,,,,,,,,,,,,,,,,,,,,,,,,,,0.14934853506267254,0.212609315304968,0.21105420336093442,,,,,0.2982237018425629,,,,,,,,73.74017794812015,73.74017794812015,70.87343169867843,70.87343169867843,69.53824812747423,69.53824812747423,,,,,,,0.018709737823646374,,1.4637749803622313,1.4637749803622313,0.7216540172066764,0.7216540172066764,71.3508448264377,71.3508448264377,,73.95599975585938,73.95599975585938,69.48285747709728,69.48285747709728,70.30809529622395,70.30809529622395,,,69.56460006713867,64.05025009155274,1,85676072.559356688025000,67396674.46220034,,,,,,,
2025-01-27,,,,,,,75.000000000000000,76.800003051757810,73.980003356933600,75.139999389648440,983500,,,,,75.139999389648440,,,,,,,,,,,,,,,,,,,,,,,,,,,,,,,,,,,,,,,,,,,,,,,,,,,,,,,,,,,,,,,,,,,,,,,,,,,,,,,,,,,,,,,,,,,,,,,,,,,,,,,,,,,,,,,,,,,,,,,,,,,,,,,,,,,,,,,,,,,,,0.144205380979862,0.2107943927274633,0.21103398379581825,,,,,0.2804174032197695,,,,,,,,74.20678509529625,74.20678509529625,71.2613014887666,71.2613014887666,69.71330285441718,69.71330285441718,,,,,,,0.0019982891965381676,,1.6040645178131854,1.6040645178131854,0.8981361173279783,0.8981361173279783,71.75475103728641,71.75475103728641,,74.28199920654296,74.28199920654296,69.88809567406064,69.88809567406064,70.3500000484406,70.3500000484406,,,69.6368000793457,64.09835010528565,1,73900189.399719240740000,67762641.75425938,,,,,,,
2025-01-28,,,,,,,75.779998779296880,76.290000915527340,74.650001525878900,74.879997253417970,698000,,,,,74.879997253417970,,,,,,,,,,,,,,,,,,,,,,,,,,,,,,,,,,,,,,,,,,,,,,,,,,,,,,,,,,,,,,,,,,,,,,,,,,,,,,,,,,,,,,,,,,,,,,,,,,,,,,,,,,,,,,,,,,,,,,,,,,,,,,,,,,,,,,,,,,,,,0.15139313845913327,0.21193534796886346,0.21037636436796067,,,,,0.241122851884881,,,,,,,,74.43118914800348,74.43118914800348,71.59027383100765,71.59027383100765,69.87476205438595,69.87476205438595,,,,,,,-0.00346623653341011,,1.6749571244037895,1.6749571244037895,1.0535003187431404,1.0535003187431404,69.9148103704633,69.9148103704633,,74.45399932861328,74.45399932861328,70.28428613571893,70.28428613571893,70.37666671995133,70.37666671995133,,,69.72040008544921,64.15330009460449,1,52266238.082885743060000,66128678.017013796,,,,,,,
2025-01-29,,,,,,,74.879997253417970,75.364997863769530,73.879997253417970,74.500000000000000,668100,,,,,74.500000000000000,,,,,,,,,,,,,,,,,,,,,,,,,,,,,,,,,,,,,,,,,,,,,,,,,,,,,,,,,,,,,,,,,,,,,,,,,,,,,,,,,,,,,,,,,,,,,,,,,,,,,,,,,,,,,,,,,,,,,,,,,,,,,,,,,,,,,,,,,,,,,0.15203425136434173,0.21514731842788537,0.21065673833093485,,,,,0.21837841024583118,,,,,,,,74.454126098669,74.454126098669,71.85479439182514,71.85479439182514,70.0193007401864,70.0193007401864,,,,,,,-0.005087670104040706,,1.681098763204659,1.681098763204659,1.1790200076354442,1.1790200076354442,67.20257547974846,67.20257547974846,,74.6219985961914,74.6219985961914,70.64428601946149,70.64428601946149,70.39746033199249,70.39746033199249,,,69.80960006713867,64.20995010375977,1,49773450.000000000000000,66089826.957617864,,,,,,,
2025-01-30,,,,,,,75.319999694824220,75.839996337890620,74.250000000000000,75.300003051757810,540900,,,,,75.300003051757810,,,,,,,,,,,,,,,,,,,,,,,,,,,,,,,,,,,,,,,,,,,,,,,,,,,,,,,,,,,,,,,,,,,,,,,,,,,,,,,,,,,,,,,,,,,,,,,,,,,,,,,,,,,,,,,,,,,,,,,,,,,,,,,,,,,,,,,,,,,,,0.1590904614514971,0.21388115187754805,0.21164695829937583,,,,,0.2205789509981489,,,,,,,,74.73608508303194,74.73608508303194,72.16799517909173,72.16799517909173,70.184322687423,70.184322687423,,,,,,,0.010681049948325524,,1.7305706750753984,1.7305706750753984,1.289330141123435,1.289330141123435,69.85402474964356,69.85402474964356,,74.96199951171874,74.96199951171874,71.05190531412761,71.05190531412761,70.42825402153863,70.42825402153863,,,69.95760009765625,64.27270011901855,1,40729771.650695799429000,65778226.3726734,,,,,,,
2025-01-31,,,,,,,75.410003662109380,75.589996337890620,74.040000915527340,74.059997558593750,1092000,,,,,74.059997558593750,,,,,,,,,,,,,,,,,,,,,,,,,,,,,,,,,,,,,,,,,,,,,,,,,,,,,,,,,,,,,,,,,,,,,,,,,,,,,,,,,,,,,,,,,,,,,,,,,,,,,,,,,,,,,,,,,,,,,,,,,,,,,,,,,,,,,,,,,,,,,0.15885316974922026,0.22075954021776073,0.21436643724555818,,,,,0.1684586531926956,,,,,,,,74.51072257488588,74.51072257488588,72.3399953954101,72.3399953954101,70.30543752714709,70.30543752714709,,,,,,,-0.016604632813620943,,1.6506912997351293,1.6506912997351293,1.3616023728457738,1.3616023728457738,61.54832094394135,61.54832094394135,,74.7759994506836,74.7759994506836,71.43333362397694,71.43333362397694,70.4395238482763,70.4395238482763,,,70.08919998168945,64.33455011367798,1,80873517.333984375000000,66266609.44213867,,,,,,,
2025-02-03,,,,,,,73.250000000000000,74.319000244140620,72.269996643066400,73.580001831054690,995800,,,,,73.580001831054690,,,,,,,,,,,,,,,,,,,,,,,,,,,,,,,,,,,,,,,,,,,,,,,,,,,,,,,,,,,,,,,,,,,,,,,,,,,,,,,,,,,,,,,,,,,,,,,,,,,,,,,,,,,,,,,,,,,,,,,,,,,,,,,,,,,,,,,,,,,,,0.15512149752875776,0.22395212659237101,0.21469593767290143,,,,,0.19136168042284957,,,,,,,,74.20048232694215,74.20048232694215,72.45272325319597,72.45272325319597,70.4077676616442,70.4077676616442,,,,,,,-0.006502267958367633,,1.5310061892262752,1.5310061892262752,1.3954831361218742,1.3954831361218742,58.64168976548611,58.64168976548611,,74.46399993896485,74.46399993896485,71.79142906552269,71.79142906552269,70.43968261234345,70.43968261234345,,,70.2183999633789,64.39270011901856,1,73270965.823364260302000,66727572.64859638,,,,,,,
2025-02-04,,,,,,,73.589996337890620,74.940002441406250,73.589996337890620,74.610000610351560,644300,,,,,74.610000610351560,,,,,,,,,,,,,,,,,,,,,,,,,,,,,,,,,,,,,,,,,,,,,,,,,,,,,,,,,,,,,,,,,,,,,,,,,,,,,,,,,,,,,,,,,,,,,,,,,,,,,,,,,,,,,,,,,,,,,,,,,,,,,,,,,,,,,,,,,,,,,0.20214277967806438,0.22435719945774046,0.2146734251495447,,,,,0.2120480142893447,,,,,,,,74.33698842141195,74.33698842141195,72.64883937657376,72.64883937657376,70.5390874412913,70.5390874412913,,,,,,,0.013901280102131942,,1.5019535843073868,1.5019535843073868,1.4167772257589766,1.4167772257589766,62.7111493276324,62.7111493276324,,74.41000061035156,74.41000061035156,72.20476241338821,72.20476241338821,70.47190481518942,70.47190481518942,,,70.36959991455078,64.45700012207031,1,48071223.393249510108000,66567459.44107298,,,,,,,
2025-02-05,,,,,,,75.000000000000000,75.000000000000000,74.183998107910160,74.790000915527340,451700,,,,,74.790000915527340,,,,,,,,,,,,,,,,,,,,,,,,,,,,,,,,,,,,,,,,,,,,,,,,,,,,,,,,,,,,,,,,,,,,,,,,,,,,,,,,,,,,,,,,,,,,,,,,,,,,,,,,,,,,,,,,,,,,,,,,,,,,,,,,,,,,,,,,,,,,,0.19892464833672047,0.22029729021975655,0.2146662936611906,,,,,0.19875250160433808,,,,,,,,74.48799258611707,74.48799258611707,72.84349042556954,72.84349042556954,70.67192848736119,70.67192848736119,,,,,,,0.0024096437809002654,,1.4764342904469885,1.4764342904469885,1.428708638696579,1.428708638696579,63.38911145656203,63.38911145656203,,74.46800079345704,74.46800079345704,72.57000042143322,72.57000042143322,70.50888897123791,70.50888897123791,,,70.49759994506836,64.51080013275147,1,33782643.413543699478000,66310312.3941694,,,,,,,
2025-02-06,,,,,,,75.120002746582030,76.455001831054690,74.459999084472660,74.779998779296880,934500,,,,,74.779998779296880,,,,,,,,,,,,,,,,,,,,,,,,,,,,,,,,,,,,,,,,,,,,,,,,,,,,,,,,,,,,,,,,,,,,,,,,,,,,,,,,,,,,,,,,,,,,,,,,,,,,,,,,,,,,,,,,,,,,,,,,,,,,,,,,,,,,,,,,,,,,,0.17880132845959665,0.21423452094653117,0.2144749960060797,,,,,0.1266310509840413,,,,,,,,74.58532798384368,74.58532798384368,73.01953663954475,73.01953663954475,70.80030568398416,70.80030568398416,,,,,,,-0.00013374521984069003,,1.4388171884872918,1.4388171884872918,1.4307303486547216,1.4307303486547216,63.32021878105658,63.32021878105658,,74.36399993896484,74.36399993896484,72.87047649565197,72.87047649565197,70.5503175523546,70.5503175523546,,,70.60059997558594,64.57370012283326,1,69881908.859252934360000,66524526.5098814,,,,,,,
2025-02-07,,,,,,,74.779998779296880,74.989997863769530,72.850997924804690,73.379997253417970,859500,,,,,73.379997253417970,,,,,,,,,,,,,,,,,,,,,,,,,,,,,,,,,,,,,,,,,,,,,,,,,,,,,,,,,,,,,,,,,,,,,,,,,,,,,,,,,,,,,,,,,,,,,,,,,,,,,,,,,,,,,,,,,,,,,,,,,,,,,,,,,,,,,,,,,,,,,0.1914026006726293,0.2255234053722968,0.21628137371896897,,,,,0.08588509096546208,,,,,,,,74.18355107370178,74.18355107370178,73.05230578626049,73.05230578626049,70.88092104552898,70.88092104552898,,,,,,,-0.01889907172747961,,1.2812672895771016,1.2812672895771016,1.4008377368391975,1.4008377368391975,54.4070171591164,54.4070171591164,,74.22799987792969,74.22799987792969,73.05952380952381,73.05952380952381,70.5538095141214,70.5538095141214,,,70.65199996948242,64.63025011062622,1,63070107.639312745215000,66490018.833269395,,,,,,,
2025-02-10,,,,,,,73.720001220703120,74.800003051757810,73.219001770019530,74.309997558593750,626100,,,,,74.309997558593750,,,,,,,,,,,,,,,,,,,,,,,,,,,,,,,,,,,,,,,,,,,,,,,,,,,,,,,,,,,,,,,,,,,,,,,,,,,,,,,,,,,,,,,,,,,,,,,,,,,,,,,,,,,,,,,,,,,,,,,,,,,,,,,,,,,,,,,,,,,,,0.20930350662147723,0.22546102704323218,0.21610853933950575,,,,,0.16390316177391065,,,,,,,,74.2256999019991,74.2256999019991,73.16664140192715,73.16664140192715,70.98807968656224,70.98807968656224,,,,,,,0.012594117817471316,,1.2174174809911023,1.2174174809911023,1.3641536856695786,1.3641536856695786,58.57820287467096,58.57820287467096,,74.3739990234375,74.3739990234375,73.31428564162482,73.31428564162482,70.55650789775545,70.55650789775545,,,70.70599990844727,64.68430009841919,1,46525489.471435546875000,65562957.695733935,,,,,,,
2025-02-11,,,,,,,74.000000000000000,75.069999694824220,73.540000915527340,73.650001525878900,550200,,,,,73.650001525878900,,,,,,,,,,,,,,,,,,,,,,,,,,,,,,,,,,,,,,,,,,,,,,,,,,,,,,,,,,,,,,,,,,,,,,,,,,,,,,,,,,,,,,,,,,,,,,,,,,,,,,,,,,,,,,,,,,,,,,,,,,,,,,,,,,,,,,,,,,,,,0.18910975006084393,0.2004981054334839,0.21534064770769595,,,,,0.20102321463947254,,,,,,,,74.03380044329236,74.03380044329236,73.21058323137731,73.21058323137731,71.0712647440409,71.0712647440409,,,,,,,-0.008921335688419301,,1.100869742526342,1.100869742526342,1.3114968970409313,1.3114968970409313,54.75005259368493,54.75005259368493,,74.18199920654297,74.18199920654297,73.62761906215123,73.62761906215123,70.53396824428013,70.53396824428013,,,70.74919998168946,64.73485010147095,1,40522230.839538570780000,64301177.09775652,,,,,,,
2025-02-12,,,,,,,73.069999694824220,73.800003051757810,72.708999633789060,73.680000305175780,459900,,,,,73.680000305175780,,,,,,,,,,,,,,,,,,,,,,,,,,,,,,,,,,,,,,,,,,,,,,,,,,,,,,,,,,,,,,,,,,,,,,,,,,,,,,,,,,,,,,,,,,,,,,,,,,,,,,,,,,,,,,,,,,,,,,,,,,,,,,,,,,,,,,,,,,,,,0.1862877746811403,0.19129861814465685,0.20289785056981405,,,,,0.18343750845445822,,,,,,,,73.91586706392017,73.91586706392017,73.25325751081354,73.25325751081354,71.15278773032637,71.15278773032637,,,,,,,0.0004072324623447309,,0.9994049527041113,0.9994049527041113,1.2490785081735671,1.2490785081735671,54.89434082501961,54.89434082501961,,73.95999908447266,73.95999908447266,73.87380945114862,73.87380945114862,70.5538095141214,70.5538095141214,,,70.77319992065429,64.79410009384155,1,33885432.140350341222000,62356876.48635138,,,,,,,
2025-02-13,,,,,,,73.849998474121100,74.364997863769530,72.940002441406250,74.309997558593750,595900,,,,,74.309997558593750,,,,,,,,,,,,,,,,,,,,,,,,,,,,,,,,,,,,,,,,,,,,,,,,,,,,,,,,,,,,,,,,,,,,,,,,,,,,,,,,,,,,,,,,,,,,,,,,,,,,,,,,,,,,,,,,,,,,,,,,,,,,,,,,,,,,,,,,,,,,,0.2039244510050392,0.1770228655630565,0.20187079595650825,,,,,0.18365400172804675,,,,,,,,74.04724389547803,74.04724389547803,73.34932478788447,73.34932478788447,71.25145053745972,71.25145053745972,,,,,,,0.008514103226074632,,0.9587767079285499,0.9587767079285499,1.1910181481245639,1.1910181481245639,57.92838416317114,57.92838416317114,,73.86599884033203,73.86599884033203,74.06999969482422,74.06999969482422,70.59793647887214,70.59793647887214,,,70.82919982910157,64.84350008010864,1,44281327.545166015625000,61849535.24581667,,,,,,,
2025-02-14,,,,,,,74.739997863769530,74.930000305175780,73.830001831054690,74.239997863769530,1081400,,,,,74.239997863769530,,,,,,,,,,,,,,,,,,,,,,,,,,,,,,,,,,,,,,,,,,,,,,,,,,,,,,,,,,,,,,,,,,,,,,,,,,,,,,,,,,,,,,,,,,,,,,,,,,,,,,,,,,,,,,,,,,,,,,,,,,,,,,,,,,,,,,,,,,,,,0.1339007204723776,0.1559338502875354,0.20035354502613742,,,,,0.13435603980761932,,,,,,,,74.11149521824187,74.11149521824187,73.43029506751039,73.43029506751039,71.3448426414069,71.3448426414069,,,,,,,-0.0009424396117454322,,0.9104352104924374,0.9104352104924374,1.1349015605981385,1.1349015605981385,57.465851120793275,57.465851120793275,,74.03799896240234,74.03799896240234,74.17523774646577,74.17523774646577,70.6541269695948,70.6541269695948,,,70.87419982910156,64.88515005111694,1,80283133.689880369742000,61676091.874815926,,,,,,,
2025-02-18,,,,,,,73.889999389648440,74.794998168945310,73.610000610351560,74.339996337890620,955200,,,,,74.339996337890620,,,,,,,,,,,,,,,,,,,,,,,,,,,,,,,,,,,,,,,,,,,,,,,,,,,,,,,,,,,,,,,,,,,,,,,,,,,,,,,,,,,,,,,,,,,,,,,,,,,,,,,,,,,,,,,,,,,,,,,,,,,,,,,,,,,,,,,,,,,,,0.09879043734917696,0.1534132217697212,0.19928957541008796,,,,,0.1165520396725434,,,,,,,,74.18766225812479,74.18766225812479,73.51299518299949,73.51299518299949,71.43844119442201,71.43844119442201,,,,,,,0.0013460559041888174,,0.8701625741348664,0.8701625741348664,1.081953763305484,1.081953763305484,57.98199254087329,57.98199254087329,,74.04399871826172,74.04399871826172,74.2538088843936,74.2538088843936,70.72238086518787,70.72238086518787,,,70.94559982299805,64.93180002212524,1,71009564.501953120224000,61783423.17104037,,,,,,,
2025-02-19,,,,,,,73.699996948242190,75.192001342773440,73.699996948242190,73.980003356933600,610700,,,,,73.980003356933600,,,,,,,,,,,,,,,,,,,,,,,,,,,,,,,,,,,,,,,,,,,,,,,,,,,,,,,,,,,,,,,,,,,,,,,,,,,,,,,,,,,,,,,,,,,,,,,,,,,,,,,,,,,,,,,,,,,,,,,,,,,,,,,,,,,,,,,,,,,,,0.07733123885554694,0.1500829903643726,0.18881996826295824,,,,,0.027883373110196456,,,,,,,,74.11844262439439,74.11844262439439,73.55545047153896,73.55545047153896,71.5178650120005,71.5178650120005,,,,,,,-0.004854283826939352,,0.7999761674064558,0.7999761674064558,1.0255582441256785,1.0255582441256785,55.37677514216605,55.37677514216605,,74.10999908447266,74.10999908447266,74.27618989490327,74.27618989490327,70.81888883076017,70.81888883076017,,,71.01999984741211,64.97595003128052,1,45179588.050079349520000,61354881.68577164,,,,,,,
2025-02-20,,,,,,,74.099998474121100,74.900001525878900,73.800003051757810,74.500000000000000,602100,,,,,74.500000000000000,,,,,,,,,,,,,,,,,,,,,,,,,,,,,,,,,,,,,,,,,,,,,,,,,,,,,,,,,,,,,,,,,,,,,,,,,,,,,,,,,,,,,,,,,,,,,,,,,,,,,,,,,,,,,,,,,,,,,,,,,,,,,,,,,,,,,,,,,,,,,0.08814115418518345,0.15013352881277775,0.18851653323337092,,,,,-0.002314356919252155,,,,,,,,74.24562841626293,74.24562841626293,73.64131861048996,73.64131861048996,71.61105673037548,71.61105673037548,,,,,,,0.0070042936049755835,,0.7773514935771715,0.7773514935771715,0.975916894015977,0.975916894015977,58.29193306192958,58.29193306192958,,74.2739990234375,74.2739990234375,74.2990471976144,74.2990471976144,70.93031734890408,70.93031734890408,,,71.11859985351562,65.02275003433228,1,44856450.000000000000000,60839074.10088191,,,,,,,
2025-02-21,,,,,,,74.470001220703120,74.720001220703120,72.410003662109380,73.019996643066400,570700,,,,,73.019996643066400,,,,,,,,,,,,,,,,,,,,,,,,,,,,,,,,,,,,,,,,,,,,,,,,,,,,,,,,,,,,,,,,,,,,,,,,,,,,,,,,,,,,,,,,,,,,,,,,,,,,,,,,,,,,,,,,,,,,,,,,,,,,,,,,,,,,,,,,,,,,,0.16201045142454348,0.16520648228109008,0.19295766645277032,,,,,-0.01728008567277541,,,,,,,,73.83708449186409,73.83708449186409,73.58483479526964,73.58483479526964,71.65508610264708,71.65508610264708,,,,,,,-0.020065795130820463,,0.6327039571911257,0.6327039571911257,0.9072743066510067,0.9072743066510067,48.56695085226228,48.56695085226228,,74.01599884033203,74.01599884033203,74.26857067289806,74.26857067289806,71.02396804567367,71.02396804567367,,,71.1797998046875,65.06460000991821,1,41672512.084197994480000,60499921.80730426,,,,,,,
2025-02-24,,,,,,,73.019996643066400,76.339996337890620,73.019996643066400,76.279998779296880,1266600,,,,,76.279998779296880,,,,,,,,,,,,,,,,,,,,,,,,,,,,,,,,,,,,,,,,,,,,,,,,,,,,,,,,,,,,,,,,,,,,,,,,,,,,,,,,,,,,,,,,,,,,,,,,,,,,,,,,,,,,,,,,,,,,,,,,,,,,,,,,,,,,,,,,,,,,,0.37547699235658066,0.22494497666108582,0.2106347348818055,,,,,0.03542529640647007,,,,,,,,74.65138925434168,74.65138925434168,73.82984970290848,73.82984970290848,71.79961462379238,71.79961462379238,,,,,,,0.04367743447459973,,0.772222964255306,0.772222964255306,0.8802640381718666,0.8802640381718666,63.150225624360786,63.150225624360786,,74.4239990234375,74.4239990234375,74.39618973504929,74.39618973504929,71.17047591436477,71.17047591436477,,,71.29279983520507,65.12254999160767,1,96616246.453857428208000,61276380.12925405,,,,,,,
2025-02-25,,,,,,,78.970001220703120,84.970001220703120,77.910003662109380,83.559997558593750,3207000,,,,,83.559997558593750,,,,,,,,,,,,,,,,,,,,,,,,,,,,,,,,,,,,,,,,,,,,,,,,,,,,,,,,,,,,,,,,,,,,,,,,,,,,,,,,,,,,,,,,,,,,,,,,,,,,,,,,,,,,,,,,,,,,,,,,,,,,,,,,,,,,,,,,,,,,,0.7080722705643768,0.38029697328679285,0.2739190093757644,,,,,0.07404516379541592,,,,,,,,77.62092535575904,77.62092535575904,74.71440859887987,74.71440859887987,72.16712659050492,72.16712659050492,,,,,,,0.09115414274166793,,1.4534731092864774,1.4534731092864774,0.9949058523947888,0.9949058523947888,78.0901888068266,78.0901888068266,,76.26799926757812,76.26799926757812,74.80428495861236,74.80428495861236,71.41126953609405,71.41126953609405,,,71.56959976196289,65.21254999160766,1,267976912.170410156250000,64495230.36341591,,,,,,,
2025-02-26,,,,,,,83.500000000000000,85.919998168945310,83.019996643066400,84.040000915527340,1724700,,,,,84.040000915527340,,,,,,,,,,,,,,,,,,,,,,,,,,,,,,,,,,,,,,,,,,,,,,,,,,,,,,,,,,,,,,,,,,,,,,,,,,,,,,,,,,,,,,,,,,,,,,,,,,,,,,,,,,,,,,,,,,,,,,,,,,,,,,,,,,,,,,,,,,,,,0.6850981878447949,0.3801265869167792,0.27232221603683154,,,,,0.05356163449587024,,,,,,,,79.76061720901514,79.76061720901514,75.5621897185751,75.5621897185751,72.53815391316188,72.53815391316188,,,,,,,0.005727979399786133,,2.0089431703707135,2.0089431703707135,1.1977133159899738,1.1977133159899738,78.70327998487475,78.70327998487475,,78.27999877929688,78.27999877929688,75.22809455508278,75.22809455508278,71.63999975295295,71.63999975295295,,,71.84059982299804,65.30059999465942,1,144943789.579010003298000,65912287.61381119,,,,,,,
2025-02-27,,,,,,,83.650001525878900,84.699996948242190,83.250000000000000,83.440002441406250,1500900,,,,,83.440002441406250,,,,,,,,,,,,,,,,,,,,,,,,,,,,,,,,,,,,,,,,,,,,,,,,,,,,,,,,,,,,,,,,,,,,,,,,,,,,,,,,,,,,,,,,,,,,,,,,,,,,,,,,,,,,,,,,,,,,,,,,,,,,,,,,,,,,,,,,,,,,,0.7158901580425517,0.3814188479872545,0.27159700283171007,,,,,0.021044337659548957,,,,,,,,80.98707895314551,80.98707895314551,76.27835451155974,76.27835451155974,72.87883667966952,72.87883667966952,,,,,,,-0.007165046918807551,,2.3733834462718164,2.3733834462718164,1.4328473420463423,1.4328473420463423,75.8462734482127,75.8462734482127,,80.06799926757813,80.06799926757813,75.63571384974888,75.63571384974888,71.84047602093409,71.84047602093409,,,72.10919982910156,65.39364999771118,1,125235099.664306640625000,67113256.19116889,,,,,,,
2025-02-28,,,,,,,80.949996948242190,82.809997558593750,77.949996948242190,79.750000000000000,2036200,,,,,79.750000000000000,,,,,,,,,,,,,,,,,,,,,,,,,,,,,,,,,,,,,,,,,,,,,,,,,,,,,,,,,,,,,,,,,,,,,,,,,,,,,,,,,,,,,,,,,,,,,,,,,,,,,,,,,,,,,,,,,,,,,,,,,,,,,,,,,,,,,,,,,,,,,0.8245671745120591,0.4185441861010048,0.287328111502415,,,,,0.00008954570454653563,,,,,,,,80.57471930209701,80.57471930209701,76.5939586468725,76.5939586468725,73.09356053342984,73.09356053342984,,,,,,,-0.0452310982869856,,2.337507303047744,2.337507303047744,1.6137793342466227,1.6137793342466227,61.14539333365962,61.14539333365962,,81.41399993896485,81.41399993896485,75.88571384974888,75.88571384974888,71.96968236045232,71.96968236045232,,,72.31299987792968,65.47369998931885,1,162386950.000000000000000,67846244.14370097,,,,,,,
2025-03-03,,,,,,,79.760002136230470,81.930000305175780,78.410003662109380,80.160003662109380,1079500,,,,,80.160003662109380,,,,,,,,,,,,,,,,,,,,,,,,,,,,,,,,,,,,,,,,,,,,,,,,,,,,,,,,,,,,,,,,,,,,,,,,,,,,,,,,,,,,,,,,,,,,,,,,,,,,,,,,,,,,,,,,,,,,,,,,,,,,,,,,,,,,,,,,,,,,,0.792655732466602,0.41774199655649946,0.28732449646990327,,,,,-0.008135746083390264,,,,,,,,80.43648075543446,80.43648075543446,76.91814455734857,76.91814455734857,73.31438688120107,73.31438688120107,,,,,,,0.005127941356596826,,2.31546779860399,2.31546779860399,1.7541170271180961,1.7541170271180961,62.02611738743812,62.02611738743812,,82.19000091552735,82.19000091552735,76.11714245024181,76.11714245024181,72.1073015001085,72.1073015001085,,,72.53080001831054,65.55880001068115,1,86532723.953247075710000,68452339.99128796,,,,,,,
2025-03-04,,,,,,,80.250000000000000,80.760002136230470,78.790000915527340,78.989997863769530,1156800,,,,,78.989997863769530,,,,,,,,,,,,,,,,,,,,,,,,,,,,,,,,,,,,,,,,,,,,,,,,,,,,,,,,,,,,,,,,,,,,,,,,,,,,,,,,,,,,,,,,,,,,,,,,,,,,,,,,,,,,,,,,,,,,,,,,,,,,,,,,,,,,,,,,,,,,,0.33107169349683624,0.41666957375285113,0.2881550588753678,,,,,-0.0016349397211459398,,,,,,,,79.95431979154615,79.95431979154615,77.10649485793229,77.10649485793229,73.49174972440635,73.49174972440635,,,,,,,-0.01470344788953877,,2.178479487293558,2.178479487293558,1.8389895191531884,1.8389895191531884,57.98676985975081,57.98676985975081,,81.2760009765625,81.2760009765625,76.3519043695359,76.3519043695359,72.21063474624876,72.21063474624876,,,72.73860000610351,65.62825000762939,1,91375629.528808592304000,69094077.05746606,,,,,,,
2025-03-05,,,,,,,78.800003051757810,79.750000000000000,77.029998779296880,77.830001831054690,1072400,,,,,77.830001831054690,,,,,,,,,,,,,,,,,,,,,,,,,,,,,,,,,,,,,,,,,,,,,,,,,,,,,,,,,,,,,,,,,,,,,,,,,,,,,,,,,,,,,,,,,,,,,,,,,,,,,,,,,,,,,,,,,,,,,,,,,,,,,,,,,,,,,,,,,,,,,0.29485017187516377,0.42004592268236973,0.28844348709403783,,,,,-0.03433503088444573,,,,,,,,79.24621380471567,79.24621380471567,77.17226821912524,77.17226821912524,73.6273201027391,73.6273201027391,,,,,,,-0.014794250634380007,,1.953791189642402,1.953791189642402,1.8619498532510312,1.8619498532510312,54.216915258889586,54.216915258889586,,80.03400115966797,80.03400115966797,76.55428532191685,76.55428532191685,72.31095220172216,72.31095220172216,,,72.95740005493164,65.70520002365112,1,83464893.963623049556000,69763975.83097428,,,,,,,
2025-03-06,,,,,,,77.180000305175780,77.470001220703120,74.769996643066400,75.739997863769530,1066200,,,,,75.739997863769530,,,,,,,,,,,,,,,,,,,,,,,,,,,,,,,,,,,,,,,,,,,,,,,,,,,,,,,,,,,,,,,,,,,,,,,,,,,,,,,,,,,,,,,,,,,,,,,,,,,,,,,,,,,,,,,,,,,,,,,,,,,,,,,,,,,,,,,,,,,,,0.29413832425064385,0.43022802700210133,0.29381246025634455,,,,,-0.06177759682033067,,,,,,,,78.07747515773362,78.07747515773362,77.04206182318381,77.04206182318381,73.6933412827713,73.6933412827713,,,,,,,-0.027220590228769322,,1.5887639597374772,1.5887639597374772,1.8073126745483203,1.8073126745483203,48.14380228660269,48.14380228660269,,78.49400024414062,78.49400024414062,76.60809471493675,76.60809471493675,72.37047601124597,72.37047601124597,,,73.13619995117188,65.77610000610352,1,80753985.722351072886000,69920912.84407358,,,,,,,
2025-03-07,,,,,,,75.110000610351560,78.489997863769530,74.599998474121100,77.930000305175780,1219200,,,,,77.930000305175780,,,,,,,,,,,,,,,,,,,,,,,,,,,,,,,,,,,,,,,,,,,,,,,,,,,,,,,,,,,,,,,,,,,,,,,,,,,,,,,,,,,,,,,,,,,,,,,,,,,,,,,,,,,,,,,,,,,,,,,,,,,,,,,,,,,,,,,,,,,,,0.34672622213328935,0.4408870295514294,0.2966613223098622,,,,,-0.03172984985598417,,,,,,,,78.02831687354767,78.02831687354767,77.1227835033649,77.1227835033649,73.82573687722144,73.82573687722144,,,,,,,0.028504597502631356,,1.4593694420639025,1.4593694420639025,1.7377240280514368,1.7377240280514368,53.96303128127503,53.96303128127503,,78.13000030517578,78.13000030517578,76.7576184953962,76.7576184953962,72.48412686302548,72.48412686302548,,,73.3581999206543,65.85385000228882,1,95012256.372070310976000,70019709.96444945,,,,,,,
2025-03-10,,,,,,,77.430000305175780,80.230003356933600,77.080001831054690,77.639999389648440,1604100,,,,,77.639999389648440,,,,,,,,,,,,,,,,,,,,,,,,,,,,,,,,,,,,,,,,,,,,,,,,,,,,,,,,,,,,,,,,,,,,,,,,,,,,,,,,,,,,,,,,,,,,,,,,,,,,,,,,,,,,,,,,,,,,,,,,,,,,,,,,,,,,,,,,,,,,,0.3365972393488442,0.4412776094352623,0.2963232328249807,,,,,-0.04757358273900726,,,,,,,,77.89887771224792,77.89887771224792,77.16980312939067,77.16980312939067,73.94493258073479,73.94493258073479,,,,,,,-0.0037282413319874507,,1.3182270039919644,1.3182270039919644,1.6538246232395424,1.6538246232395424,53.11305749103775,53.11305749103775,,77.6259994506836,77.6259994506836,76.89380900065105,76.89380900065105,72.6012696765718,72.6012696765718,,,73.5783999633789,65.93190000534058,1,124542323.020935062604000,71009586.49032836,,,,,,,
2025-03-11,,,,,,,77.660003662109380,77.824996948242190,74.910003662109380,75.889999389648440,1267200,,,,,75.889999389648440,,,,,,,,,,,,,,,,,,,,,,,,,,,,,,,,,,,,,,,,,,,,,,,,,,,,,,,,,,,,,,,,,,,,,,,,,,,,,,,,,,,,,,,,,,,,,,,,,,,,,,,,,,,,,,,,,,,,,,,,,,,,,,,,,,,,,,,,,,,,,0.35366698384540834,0.44378005826123573,0.2994660250205123,,,,,-0.045981582751962506,,,,,,,,77.22925160471476,77.22925160471476,77.05345733486865,77.05345733486865,74.00571591851333,74.00571591851333,,,,,,,-0.022797835066267338,,1.0530216521807034,1.0530216521807034,1.5336640290277745,1.5336640290277745,48.18120357349605,48.18120357349605,,77.00599975585938,77.00599975585938,77.01333291190011,77.01333291190011,72.7015871320452,72.7015871320452,,,73.765,66.0052499961853,1,96167807.226562503168000,71602717.33928862,,,,,,,
2025-03-12,,,,,,,75.790000915527340,76.180000305175780,73.480003356933600,74.010002136230470,1174800,,,,,74.010002136230470,,,,,,,,,,,,,,,,,,,,,,,,,,,,,,,,,,,,,,,,,,,,,,,,,,,,,,,,,,,,,,,,,,,,,,,,,,,,,,,,,,,,,,,,,,,,,,,,,,,,,,,,,,,,,,,,,,,,,,,,,,,,,,,,,,,,,,,,,,,,,0.37311832214321017,0.451153601818286,0.30396363709379226,,,,,-0.08333199647232503,,,,,,,,76.15616844855333,76.15616844855333,76.77677958953791,76.77677958953791,74.005849862817,74.005849862817,,,,,,,-0.025084667299785857,,0.6832681437689416,0.6832681437689416,1.3635848519760079,1.3635848519760079,43.50734727591369,43.50734727591369,,76.24199981689453,76.24199981689453,76.9990474155971,76.9990474155971,72.76587289477152,72.76587289477152,,,73.90639999389649,66.06585000991821,1,86946950.509643556156000,71817382.91818528,,,,,,,
2025-03-13,,,,,,,74.099998474121100,75.000000000000000,72.269996643066400,72.300003051757810,936500,,,,,72.300003051757810,,,,,,,,,,,,,,,,,,,,,,,,,,,,,,,,,,,,,,,,,,,,,,,,,,,,,,,,,,,,,,,,,,,,,,,,,,,,,,,,,,,,,,,,,,,,,,,,,,,,,,,,,,,,,,,,,,,,,,,,,,,,,,,,,,,,,,,,,,,,,0.36283888936096076,0.45741268047083533,0.30726984740799623,,,,,-0.09971425342807955,,,,,,,,74.87077998295483,74.87077998295483,76.36979990428517,76.36979990428517,73.95254214997139,73.95254214997139,,,,,,,-0.023376076699083665,,0.24937850914346882,0.24937850914346882,1.1407435834095,1.1407435834095,39.731963658641405,39.731963658641405,,75.55400085449219,75.55400085449219,76.93476177397228,76.93476177397228,72.79238092331659,72.79238092331659,,,74.01760009765626,66.12770002365113,1,67708952.857971189065000,72149728.45273699,,,,,,,
2025-03-14,,,,,,,73.040000915527340,74.919998168945310,72.639999389648440,74.160003662109380,1142900,,,,,74.160003662109380,,,,,,,,,,,,,,,,,,,,,,,,,,,,,,,,,,,,,,,,,,,,,,,,,,,,,,,,,,,,,,,,,,,,,,,,,,,,,,,,,,,,,,,,,,,,,,,,,,,,,,,,,,,,,,,,,,,,,,,,,,,,,,,,,,,,,,,,,,,,,0.3425703043881229,0.466405240339522,0.31006937921569216,,,,,-0.09622199689394063,,,,,,,,74.633854542673,74.633854542673,76.16890933681465,76.16890933681465,73.95902532222571,73.95902532222571,,,,,,,0.025400799264423148,,0.05497068444621789,0.05497068444621789,0.9235890036168437,0.9235890036168437,45.292855192065446,45.292855192065446,,74.80000152587891,74.80000152587891,76.95761907668341,76.95761907668341,72.86285715254526,72.86285715254526,,,74.17980010986328,66.19625003814697,1,84757468.185424810402000,72646050.40906876,,,,,,,
2025-03-17,,,,,,,73.519996643066400,75.669998168945310,73.190002441406250,75.150001525878900,852700,,,,,75.150001525878900,,,,,,,,,,,,,,,,,,,,,,,,,,,,,,,,,,,,,,,,,,,,,,,,,,,,,,,,,,,,,,,,,,,,,,,,,,,,,,,,,,,,,,,,,,,,,,,,,,,,,,,,,,,,,,,,,,,,,,,,,,,,,,,,,,,,,,,,,,,,,0.38098604361477667,0.46774542317775286,0.3104013233892065,,,,,-0.09737298046372775,,,,,,,,74.80590353707497,74.80590353707497,76.0762813540023,76.0762813540023,73.99624332858987,73.99624332858987,,,,,,,0.013261165864633615,,-0.01899539630586844,-0.01899539630586844,0.7350721236323012,0.7350721236323012,48.04090629164839,48.04090629164839,,74.302001953125,74.302001953125,76.99761926560174,76.99761926560174,72.93682546464224,72.93682546464224,,,74.36160018920899,66.27270004272461,1,64080406.301116938030000,73004509.8465087,,,,,,,
2025-03-18,,,,,,,74.889999389648440,76.000000000000000,74.209999084472660,75.300003051757810,706900,,,,,75.300003051757810,,,,,,,,,,,,,,,,,,,,,,,,,,,,,,,,,,,,,,,,,,,,,,,,,,,,,,,,,,,,,,,,,,,,,,,,,,,,,,,,,,,,,,,,,,,,,,,,,,,,,,,,,,,,,,,,,,,,,,,,,,,,,,,,,,,,,,,,,,,,,0.353945819327741,0.46773914361971103,0.30999588959888885,,,,,-0.08211955790706359,,,,,,,,74.97060337530259,74.97060337530259,76.00571059925281,76.00571059925281,74.03698581993888,74.03698581993888,,,,,,,0.001994038830412871,,-0.06476362393262036,-0.06476362393262036,0.5751049741193169,0.5751049741193169,48.46332510513759,48.46332510513759,,74.18400268554687,74.18400268554687,77.048095703125,77.048095703125,73.02079373314267,73.02079373314267,,,74.54900024414063,66.35060005187988,1,53229572.157287595889000,73160325.24067712,,,,,,,
2025-03-19,,,,,,,75.220001220703120,76.970001220703120,74.919998168945310,76.309997558593750,879700,,,,,76.309997558593750,,,,,,,,,,,,,,,,,,,,,,,,,,,,,,,,,,,,,,,,,,,,,,,,,,,,,,,,,,,,,,,,,,,,,,,,,,,,,,,,,,,,,,,,,,,,,,,,,,,,,,,,,,,,,,,,,,,,,,,,,,,,,,,,,,,,,,,,,,,,,0.2928924209207971,0.4697914626467753,0.31054616897461274,,,,,-0.0787941065382124,,,,,,,,75.41706810306631,75.41706810306631,76.03337305010199,76.03337305010199,74.10801743677183,74.10801743677183,,,,,,,0.013323783974434527,,-0.019314512565728137,-0.019314512565728137,0.45622107678230794,0.45622107678230794,51.332323565863526,51.332323565863526,,74.64400177001953,74.64400177001953,77.14190528506325,77.14190528506325,73.12793659028553,73.12793659028553,,,74.73280014038086,66.44040004730225,1,67129904.852294921875000,73521777.53288633,,,,,,,
2025-03-20,,,,,,,77.980003356933600,80.260002136230470,74.620002746582030,74.989997863769530,1915100,,,,,74.989997863769530,,,,,,,,,,,,,,,,,,,,,,,,,,,,,,,,,,,,,,,,,,,,,,,,,,,,,,,,,,,,,,,,,,,,,,,,,,,,,,,,,,,,,,,,,,,,,,,,,,,,,,,,,,,,,,,,,,,,,,,,,,,,,,,,,,,,,,,,,,,,,0.25598562662257335,0.4738603389560792,0.3126543759422372,,,,,-0.12251085312671697,,,,,,,,75.27471135663404,75.27471135663404,75.9385207604354,75.9385207604354,74.13557932511551,74.13557932511551,,,,,,,-0.01744921648184729,,-0.08878524697860257,-0.08878524697860257,0.3472198120301258,0.3472198120301258,47.60254064922646,47.60254064922646,,75.18200073242187,75.18200073242187,77.19000026157924,77.19000026157924,73.21873026045542,73.21873026045542,,,74.86320007324218,66.51865003585816,1,143613344.908905026903000,74970554.28598797,,,,,,,
2025-03-21,,,,,,,74.550003051757810,74.900001525878900,72.569999694824220,73.970001220703120,1920300,,,,,73.970001220703120,,,,,,,,,,,,,,,,,,,,,,,,,,,,,,,,,,,,,,,,,,,,,,,,,,,,,,,,,,,,,,,,,,,,,,,,,,,,,,,,,,,,,,,,,,,,,,,,,,,,,,,,,,,,,,,,,,,,,,,,,,,,,,,,,,,,,,,,,,,,,0.231146301197618,0.47578189561852147,0.31332221454961323,,,,,-0.10891937217439687,,,,,,,,74.8398079779904,74.8398079779904,75.75956443864155,75.75956443864155,74.13040500935263,74.13040500935263,,,,,,,-0.013695120723971879,,-0.22356934094294445,-0.22356934094294445,0.23306198143551177,0.23306198143551177,44.88837640577457,44.88837640577457,,75.14400024414063,75.14400024414063,77.16476222446987,77.16476222446987,73.30396839929006,73.30396839929006,,,74.95440002441406,66.60325004577636,1,142044593.344116201336000,76401050.38914756,,,,,,,
2025-03-24,,,,,,,74.480003356933600,75.319999694824220,73.569999694824220,74.199996948242190,1110500,,,,,74.199996948242190,,,,,,,,,,,,,,,,,,,,,,,,,,,,,,,,,,,,,,,,,,,,,,,,,,,,,,,,,,,,,,,,,,,,,,,,,,,,,,,,,,,,,,,,,,,,,,,,,,,,,,,,,,,,,,,,,,,,,,,,,,,,,,,,,,,,,,,,,,,,,0.2024853590837697,0.4704179265969013,0.3086948499040729,,,,,-0.10832486579329824,,,,,,,,74.626537634741,74.626537634741,75.61778557587797,75.61778557587797,74.13257975744293,74.13257975744293,,,,,,,0.0031044869420677164,,-0.30827437828007476,-0.30827437828007476,0.12479470949239446,0.12479470949239446,45.641009113079384,45.641009113079384,,74.95399932861328,74.95399932861328,77.22095271519252,77.22095271519252,73.42000010656932,73.42000010656932,,,75.05919998168946,66.69620002746582,1,82399096.611022951995000,77076278.10303219,,,,,,,
2025-03-25,,,,,,,73.709999084472660,75.040000915527340,73.519996643066400,74.930000305175780,1083700,,,,,74.930000305175780,,,,,,,,,,,,,,,,,,,,,,,,,,,,,,,,,,,,,,,,,,,,,,,,,,,,,,,,,,,,,,,,,,,,,,,,,,,,,,,,,,,,,,,,,,,,,,,,,,,,,,,,,,,,,,,,,,,,,,,,,,,,,,,,,,,,,,,,,,,,,0.22027682699553305,0.4454507274552739,0.3090593544459163,,,,,-0.11927444928146692,,,,,,,,74.72769185821926,74.72769185821926,75.55525964217777,75.55525964217777,74.15749914955958,74.15749914955958,,,,,,,0.009790239404508625,,-0.31289173942096227,-0.31289173942096227,0.037257419709723114,0.037257419709723114,48.06531361269588,48.06531361269588,,74.87999877929687,74.87999877929687,77.1566670735677,77.1566670735677,73.5490476820204,73.5490476820204,,,75.21639999389649,66.79220003128052,1,81201641.330718992786000,77154416.4815388,,,,,,,
2025-03-26,,,,,,,74.660003662109380,75.238998413085940,73.246002197265620,74.239997863769530,1900400,,,,,74.239997863769530,,,,,,,,,,,,,,,,,,,,,,,,,,,,,,,,,,,,,,,,,,,,,,,,,,,,,,,,,,,,,,,,,,,,,,,,,,,,,,,,,,,,,,,,,,,,,,,,,,,,,,,,,,,,,,,,,,,,,,,,,,,,,,,,,,,,,,,,,,,,,0.1830470087131119,0.29429602645289094,0.3098425647462714,,,,,-0.1955660825673123,,,,,,,,74.56512719340269,74.56512719340269,75.43569038959521,75.43569038959521,74.16007723437863,74.16007723437863,,,,,,,-0.009251288745742423,,-0.3679865420290298,-0.3679865420290298,-0.043791372638027466,-0.043791372638027466,45.9780523849459,45.9780523849459,,74.46599884033203,74.46599884033203,76.71285756429036,76.71285756429036,73.66666666666667,73.66666666666667,,,75.33099990844727,66.88815002441406,1,141085691.940307614812000,77485822.31720214,,,,,,,
2025-03-27,,,,,,,74.569999694824220,75.849998474121100,74.164001464843750,75.510002136230470,859400,,,,,75.510002136230470,,,,,,,,,,,,,,,,,,,,,,,,,,,,,,,,,,,,,,,,,,,,,,,,,,,,,,,,,,,,,,,,,,,,,,,,,,,,,,,,,,,,,,,,,,,,,,,,,,,,,,,,,,,,,,,,,,,,,,,,,,,,,,,,,,,,,,,,,,,,,0.20341531432976032,0.30222585855081463,0.3111893384229674,,,,,-0.16328325390471563,,,,,,,,74.88008550767861,74.88008550767861,75.44244600292569,75.44244600292569,74.2022623875615,74.2022623875615,66.25369053795224,66.25369053795224,,,,,0.01696206640274141,,-0.305647524707652,-0.305647524707652,-0.09616260305195237,-0.09616260305195237,50.25953427016013,50.25953427016013,,74.56999969482422,74.56999969482422,76.3066671462286,76.3066671462286,73.807619125124,73.807619125124,66.25369053795224,66.25369053795224,75.43739990234376,66.98365003585815,1,64893295.835876465918000,77645242.66794598,,,,,,,
2025-03-28,,,,,,,75.089996337890620,75.410003662109380,74.540000915527340,74.750000000000000,1933200,,,,,74.750000000000000,,,,,,,,,,,,,,,,,,,,,,,,,,,,,,,,,,,,,,,,,,,,,,,,,,,,,,,,,,,,,,,,,,,,,,,,,,,,,,,,,,,,,,,,,,,,,,,,,,,,,,,,,,,,,,,,,,,,,,,,,,,,,,,,,,,,,,,,,,,,,0.18768040651844656,0.30265289932047257,0.3120757542567378,0.3275816064868305,,,,-0.15666292197694925,,,,,,,,74.83672367178575,74.83672367178575,75.37949636629608,75.37949636629608,74.21937918795021,74.21937918795021,66.32085503962851,66.32085503962851,,,,,-0.010115913835234178,,-0.313950202634274,-0.313950202634274,-0.1397201229684167,-0.1397201229684167,47.81721484061092,47.81721484061092,,74.72599945068359,74.72599945068359,75.89285750616165,75.89285750616165,73.93761916387649,73.93761916387649,66.23285720461891,66.23285720461891,75.4917999267578,67.07385004043579,1,144506700.000000000000000,79672337.21740966,,,,,,,
2025-03-31,,,,,,,74.610000610351560,76.169998168945310,74.065002441406250,76.040000915527340,1269400,,,,,76.040000915527340,,,,,,,,,,,,,,,,,,,,,,,,,,,,,,,,,,,,,,,,,,,,,,,,,,,,,,,,,,,,,,,,,,,,,,,,,,,,,,,,,,,,,,,,,,,,,,,,,,,,,,,,,,,,,,,,,,,,,,,,,,,,,,,,,,,,,,,,,,,,,0.21653381178978454,0.2746005264870147,0.31348064786484053,0.3216199984598576,,,,-0.09852401651224445,,,,,,,,75.23781608636628,75.23781608636628,75.43954223440801,75.43954223440801,74.27627361693699,74.27627361693699,66.39768623232337,66.39768623232337,,,,,0.017110317389507985,,-0.21397131370126488,-0.21397131370126488,-0.15457036111498634,-0.15457036111498634,52.074300183363256,52.074300183363256,,75.09400024414063,75.09400024414063,75.71619088309151,75.71619088309151,74.08206358410064,74.08206358410064,66.23698419237894,66.23698419237894,75.55879989624023,67.1713500404358,1,96525177.162170405396000,80667900.32739791,,,,,,,
2025-04-01,,,,,,,75.629997253417970,76.514999389648440,74.879997253417970,76.339996337890620,1683400,,,,,76.339996337890620,,,,,,,,,,,,,,,,,,,,,,,,,,,,,,,,,,,,,,,,,,,,,,,,,,,,,,,,,,,,,,,,,,,,,,,,,,,,,,,,,,,,,,,,,,,,,,,,,,,,,,,,,,,,,,,,,,,,,,,,,,,,,,,,,,,,,,,,,,,,,0.21214702870186652,0.274227214663746,0.31333634957759005,0.31258115855776336,,,,-0.04662063906094604,,,,,,,,75.60520950354106,75.60520950354106,75.52140169836098,75.52140169836098,74.34076495196679,74.34076495196679,66.47628156912626,66.47628156912626,,,,,0.003937469685736272,,-0.10927059707006492,-0.10927059707006492,-0.14551040830600206,-0.14551040830600206,53.03387561120366,53.03387561120366,,75.3759994506836,75.3759994506836,75.53428577241444,75.53428577241444,74.23444451226129,74.23444451226129,66.26392861018105,66.26392861018105,75.61539978027344,67.27225002288819,1,128510749.835205069708000,82220233.70546614,,,,,,,
2025-04-02,,,,,,,76.129997253417970,77.750000000000000,75.849998474121100,76.620002746582030,1370000,,,,,76.620002746582030,,,,,,,,,,,,,,,,,,,,,,,,,,,,,,,,,,,,,,,,,,,,,,,,,,,,,,,,,,,,,,,,,,,,,,,,,,,,,,,,,,,,,,,,,,,,,,,,,,,,,,,,,,,,,,,,,,,,,,,,,,,,,,,,,,,,,,,,,,,,,0.17969935618318558,0.27114411979287456,0.312311915693205,0.3125222998006678,,,,-0.02169160007822322,,,,,,,,75.94347391788804,75.94347391788804,75.62127452092652,75.62127452092652,74.41199113304852,74.41199113304852,66.55646908831564,66.55646908831564,,,,,0.00366117577326499,,-0.003658178536682044,-0.003658178536682044,-0.11713996235213806,-0.11713996235213806,53.96044887133773,53.96044887133773,,75.8520004272461,75.8520004272461,75.42142886207218,75.42142886207218,74.40222228519501,74.40222228519501,66.29376989697653,66.29376989697653,75.66739990234375,67.38470003128052,1,104969403.762817381100000,83166889.04940893,,,,,,,
2025-04-03,,,,,,,74.730003356933600,74.730003356933600,70.029998779296880,70.190002441406250,3105000,,,,,70.190002441406250,,,,,,,,,,,,,,,,,,,,,,,,,,,,,,,,,,,,,,,,,,,,,,,,,,,,,,,,,,,,,,,,,,,,,,,,,,,,,,,,,,,,,,,,,,,,,,,,,,,,,,,,,,,,,,,,,,,,,,,,,,,,,,,,,,,,,,,,,,,,,0.6659443980570259,0.40214159628228013,0.36048639624251716,0.32305725811184993,,,,-0.10472182767051419,,,,,,,,74.02565009239412,74.02565009239412,75.12752251369741,75.12752251369741,74.28005398643471,74.28005398643471,66.58519267213454,66.58519267213454,,,,,-0.08765228959415396,,-0.4338062148161441,-0.4338062148161441,-0.18047321284493925,-0.18047321284493925,36.26640084625709,36.26640084625709,,74.78800048828126,74.78800048828126,75.057619367327,75.057619367327,74.46777791825552,74.46777791825552,66.30682545616513,66.30682545616513,75.59799987792968,67.46285003662109,1,217939957.580566406250000,86058871.47641863,,,,,,,
2025-04-04,,,,,,,68.489997863769530,69.144996643066400,65.730003356933600,66.199996948242190,1873200,,,,,66.199996948242190,,,,,,,,,,,,,,,,,,,,,,,,,,,,,,,,,,,,,,,,,,,,,,,,,,,,,,,,,,,,,,,,,,,,,,,,,,,,,,,,,,,,,,,,,,,,,,,,,,,,,,,,,,,,,,,,,,,,,,,,,,,,,,,,,,,,,,,,,,,,,0.7308694596173378,0.4371159140002535,0.3795955175036741,0.32508653417833616,,,,-0.137363491394531,,,,,,,,71.41709904434347,71.41709904434347,74.31592928047421,74.31592928047421,74.02755220399119,74.02755220399119,66.58214764664922,66.58214764664922,,,,,-0.05852546868125034,,-1.0841641604747991,-1.0841641604747991,-0.3612114023709112,-0.3612114023709112,29.74780867092326,29.74780867092326,,73.07799987792968,73.07799987792968,74.60333360944476,74.60333360944476,74.47206357925657,74.47206357925657,66.31599211314368,66.31599211314368,75.44999984741212,67.52070001602173,1,124005834.283447270308000,87439289.89089482,,,,,,,
2025-04-07,,,,,,,64.510002136230470,66.980003356933600,62.139999389648440,65.319999694824220,2859800,,,,,65.319999694824220,,,,,,,,,,,,,,,,,,,,,,,,,,,,,,,,,,,,,,,,,,,,,,,,,,,,,,,,,,,,,,,,,,,,,,,,,,,,,,,,,,,,,,,,,,,,,,,,,,,,,,,,,,,,,,,,,,,,,,,,,,,,,,,,,,,,,,,,,,,,,0.6495806611748615,0.41865206314561965,0.3787788258191458,0.321862435079948,,,,-0.1292452950210757,,,,,,,,69.38473259450372,69.38473259450372,73.49811749996057,73.49811749996057,73.75544118807971,73.75544118807971,66.57217019248459,66.57217019248459,,,,,-0.013382153413647827,,-1.6515479254603491,-1.6515479254603491,-0.6192787069887988,-0.6192787069887988,28.52982633989028,28.52982633989028,,70.93399963378906,70.93399963378906,74.00285738990421,74.00285738990421,74.44349210224455,74.44349210224455,66.309325445266,66.309325445266,75.2565998840332,67.58070001602172,1,186802135.127258304356000,89608232.0666843,,,,,,,
2025-04-08,,,,,,,67.319999694824220,68.129997253417970,62.215000152587890,63.009998321533200,1346800,,,,,63.009998321533200,,,,,,,,,,,,,,,,,,,,,,,,,,,,,,,,,,,,,,,,,,,,,,,,,,,,,,,,,,,,,,,,,,,,,,,,,,,,,,,,,,,,,,,,,,,,,,,,,,,,,,,,,,,,,,,,,,,,,,,,,,,,,,,,,,,,,,,,,,,,,0.574099584056903,0.4289133525316128,0.38305713160115945,0.32070592571866297,,,,-0.12874093655247973,,,,,,,,67.25982117018022,67.25982117018022,72.54465212010354,72.54465212010354,73.41964609850014,73.41964609850014,66.54401073105414,66.54401073105414,,,,,-0.03600484611439103,,-2.261531920108027,-2.261531920108027,-0.9477293496126444,-0.9477293496126444,25.570206996508947,25.570206996508947,,68.26800003051758,68.26800003051758,73.30619067237491,73.30619067237491,74.3568253895593,74.3568253895593,66.28134925781734,66.28134925781734,75.0139998626709,67.62675001144409,1,84861865.739440913760000,89866246.74154614,,,,,,,
2025-04-09,,,,,,,62.110000610351560,69.290000915527340,60.700000762939450,68.580001831054690,2305800,,,,,68.580001831054690,,,,,,,,,,,,,,,,,,,,,,,,,,,,,,,,,,,,,,,,,,,,,,,,,,,,,,,,,,,,,,,,,,,,,,,,,,,,,,,,,,,,,,,,,,,,,,,,,,,,,,,,,,,,,,,,,,,,,,,,,,,,,,,,,,,,,,,,,,,,,1.044015695426751,0.5364963341177819,0.41901993389684933,0.32880067607059943,,,,-0.05199450955629814,,,,,,,,67.6998813904717,67.6998813904717,72.18422936655364,72.18422936655364,73.26840721514247,73.26840721514247,66.5601055223585,66.5601055223585,,,,,0.08470755641845543,,-2.269336400396,-2.269336400396,-1.2120507597693155,-1.2120507597693155,41.36521871932644,41.36521871932644,,66.65999984741211,66.65999984741211,72.95809555053711,72.95809555053711,74.34365075732035,74.34365075732035,66.28757941533648,66.28757941533648,74.88799995422363,67.70790002822876,1,158131768.222045904202000,91450036.87080504,,,,,,,
2025-04-10,,,,,,,67.250000000000000,68.169998168945310,63.509998321533200,65.169998168945310,1136700,,,,,65.169998168945310,,,,,,,,,,,,,,,,,,,,,,,,,,,,,,,,,,,,,,,,,,,,,,,,,,,,,,,,,,,,,,,,,,,,,,,,,,,,,,,,,,,,,,,,,,,,,,,,,,,,,,,,,,,,,,,,,,,,,,,,,,,,,,,,,,,,,,,,,,,,,0.9248139088761664,0.5559871848272785,0.4310237457540921,0.3319876392374307,,,,-0.04004288605737043,,,,,,,,66.85658698329624,66.85658698329624,71.54657198495289,71.54657198495289,73.0153319324488,73.0153319324488,66.54911653142243,66.54911653142243,,,,,-0.05100176148661751,,-2.5216127223808087,-2.5216127223808087,-1.4739631522916141,-1.4739631522916141,36.288057825697045,36.288057825697045,,65.65599899291992,65.65599899291992,72.53714298066639,72.53714298066639,74.28349201262944,74.28349201262944,66.28619053250267,66.28619053250267,74.70139991760254,67.77725002288818,1,74078736.918640133877000,89635543.46476963,,,,,,,
2025-04-11,,,,,,,65.669998168945310,66.515998840332030,63.694999694824220,66.190002441406250,1035800,,,,,66.190002441406250,,,,,,,,,,,,,,,,,,,,,,,,,,,,,,,,,,,,,,,,,,,,,,,,,,,,,,,,,,,,,,,,,,,,,,,,,,,,,,,,,,,,,,,,,,,,,,,,,,,,,,,,,,,,,,,,,,,,,,,,,,,,,,,,,,,,,,,,,,,,,0.8509226319727572,0.557051204050213,0.42873974567122486,0.3313847906575718,,,,0.013108457746901553,,,,,,,,66.63439213599958,66.63439213599958,71.05961111735773,71.05961111735773,72.80204038585373,72.80204038585373,66.54627768486104,66.54627768486104,,,,,0.015530218767951028,,-2.609160921889057,-2.609160921889057,-1.7010027062111028,-1.7010027062111028,38.71130547931861,38.71130547931861,,65.65400009155273,65.65400009155273,72.24619057064965,72.24619057064965,74.26952380225772,74.26952380225772,66.2953175287398,66.2953175287398,74.51919990539551,67.85195003509521,1,68559604.528808593750000,89482144.47881305,,,,,,,
2025-04-14,,,,,,,67.139999389648440,68.080001831054690,66.260002136230470,67.800003051757810,930900,,,,,67.800003051757810,,,,,,,,,,,,,,,,,,,,,,,,,,,,,,,,,,,,,,,,,,,,,,,,,,,,,,,,,,,,,,,,,,,,,,,,,,,,,,,,,,,,,,,,,,,,,,,,,,,,,,,,,,,,,,,,,,,,,,,,,,,,,,,,,,,,,,,,,,,,,0.8553819715662766,0.5561545704969693,0.4293430221478203,0.3320419400888863,,,,0.02140921989285,,,,,,,,67.02292910791898,67.02292910791898,70.7632831113941,70.7632831113941,72.64572671916324,72.64572671916324,66.55618855732662,66.55618855732662,,,,,0.024032808941875164,,-2.5195856913687322,-2.5195856913687322,-1.8647193032426286,-1.8647193032426286,42.433149430250296,42.433149430250296,,66.15000076293946,66.15000076293946,71.94333339872814,71.94333339872814,74.25825397552006,74.25825397552006,66.31369056398907,66.31369056398907,74.39400001525878,67.93720005035401,1,63115022.840881345329000,89634772.44980827,,,,,,,
2025-04-15,,,,,,,67.800003051757810,68.000000000000000,65.370002746582030,65.930000305175780,892600,,,,,65.930000305175780,,,,,,,,,,,,,,,,,,,,,,,,,,,,,,,,,,,,,,,,,,,,,,,,,,,,,,,,,,,,,,,,,,,,,,,,,,,,,,,,,,,,,,,,,,,,,,,,,,,,,,,,,,,,,,,,,,,,,,,,,,,,,,,,,,,,,,,,,,,,,0.8312218287119718,0.55811496607655,0.4299807834485683,0.33317072323575814,,,,-0.00998862055936618,,,,,,,,66.65861950700459,66.65861950700459,70.32389376537427,70.32389376537427,72.43586026872612,72.43586026872612,66.55123845256654,66.55123845256654,,,,,-0.02796866220353296,,-2.5698664484790896,-2.5698664484790896,-2.005748732289921,-2.005748732289921,39.43751881603195,39.43751881603195,,66.73400115966797,66.73400115966797,71.50428572155181,71.50428572155181,74.1906348939926,74.1906348939926,66.32630961281913,66.32630961281913,74.24099998474121,68.0102000427246,1,58849118.272399901228000,89769387.88664076,,,,,,,
2025-04-16,,,,,,,66.069999694824220,66.574996948242190,65.010002136230470,65.669998168945310,650100,,,,,65.669998168945310,,,,,,,,,,,,,,,,,,,,,,,,,,,,,,,,,,,,,,,,,,,,,,,,,,,,,,,,,,,,,,,,,,,,,,,,,,,,,,,,,,,,,,,,,,,,,,,,,,,,,,,,,,,,,,,,,,,,,,,,,,,,,,,,,,,,,,,,,,,,,0.49196927369808985,0.5573902407612862,0.42652891730272285,0.3327478964740966,,,,-0.01798448127219817,,,,,,,,66.32907906098482,66.32907906098482,69.90081234751709,69.90081234751709,72.22442707810798,72.22442707810798,66.5442721262138,66.5442721262138,,,,,-0.0039514054337783724,,-2.6007148878690742,-2.6007148878690742,-2.1247419634057514,-2.1247419634057514,39.0249985921279,39.0249985921279,,66.1520004272461,66.1520004272461,71.0457140604655,71.0457140604655,74.0896825033521,74.0896825033521,66.34210326179625,66.34210326179625,74.06219993591309,68.07415002822876,1,42692065.809631346031000,88937839.75046551,,,,,,,
2025-04-17,,,,,,,65.699996948242190,67.220001220703120,65.459999084472660,66.260002136230470,910300,,,,,66.260002136230470,,,,,,,,,,,,,,,,,,,,,,,,,,,,,,,,,,,,,,,,,,,,,,,,,,,,,,,,,,,,,,,,,,,,,,,,,,,,,,,,,,,,,,,,,,,,,,,,,,,,,,,,,,,,,,,,,,,,,,,,,,,,,,,,,,,,,,,,,,,,,0.32159063794799403,0.5556297629395877,0.4265112125173911,0.33283820668238456,,,,-0.030306987304543793,,,,,,,,66.30605341940004,66.30605341940004,69.56982960103647,69.56982960103647,72.03803879867431,72.03803879867431,66.5420249326171,66.5420249326171,,,,,0.008944256791656429,,-2.548180273045105,-2.548180273045105,-2.2094296253336223,-2.2094296253336223,40.54480464728187,40.54480464728187,,66.37000122070313,66.37000122070313,70.56714284987677,70.56714284987677,73.98761900644453,73.98761900644453,66.359206441849,66.359206441849,73.89159996032714,68.14820003509521,1,60316479.944610596841000,89042348.16538493,,,,,,,
2025-04-21,,,,,,,65.680000305175780,66.000000000000000,63.113998413085940,63.939998626708984,786300,,,,,63.939998626708984,,,,,,,,,,,,,,,,,,,,,,,,,,,,,,,,,,,,,,,,,,,,,,,,,,,,,,,,,,,,,,,,,,,,,,,,,,,,,,,,,,,,,,,,,,,,,,,,,,,,,,,,,,,,,,,,,,,,,,,,,,,,,,,,,,,,,,,,,,,,,0.39579156199948656,0.5635711485704424,0.4311169978927733,0.3347526269983641,,,,0.011465073053859886,,,,,,,,65.51736848850302,65.51736848850302,69.05802678518853,69.05802678518853,71.78497504330038,71.78497504330038,66.52145555470477,66.52145555470477,,,,,-0.03564130695798344,,-2.663053088138625,-2.663053088138625,-2.3001543178946227,-2.3001543178946227,36.67390509667137,36.67390509667137,,65.92000045776368,65.92000045776368,70.04095241001674,70.04095241001674,73.83571418883308,73.83571418883308,66.3678969125899,66.3678969125899,73.6747999572754,68.20990003585815,1,50276020.920181274119200,88072873.08100745,,,,,,,
2025-04-22,,,,,,,64.910003662109380,65.389999389648440,64.040000915527340,64.940002441406250,609900,,,,,64.940002441406250,,,,,,,,,,,,,,,,,,,,,,,,,,,,,,,,,,,,,,,,,,,,,,,,,,,,,,,,,,,,,,,,,,,,,,,,,,,,,,,,,,,,,,,,,,,,,,,,,,,,,,,,,,,,,,,,,,,,,,,,,,,,,,,,,,,,,,,,,,,,,0.3565140773373826,0.5686474892790621,0.43219962900906694,0.3331445563536361,,,,0.005764803793975812,,,,,,,,65.32491313947077,65.32491313947077,68.68366093575378,68.68366093575378,71.57106964949119,71.57106964949119,66.50895394906605,66.50895394906605,,,,,0.015518682115610668,,-2.642932589525074,-2.642932589525074,-2.3687099722207132,-2.3687099722207132,39.36125722209464,39.36125722209464,,65.34800033569336,65.34800033569336,69.61095246814546,69.61095246814546,73.69158729674324,73.69158729674324,66.3715080382332,66.3715080382332,73.50600006103515,68.28035005569458,1,39606907.489013671875000,87443214.20932952,,,,,,,
2025-04-23,,,,,,,66.699996948242190,68.290000915527340,65.540000915527340,65.900001525878900,639800,,,,,65.900001525878900,,,,,,,,,,,,,,,,,,,,,,,,,,,,,,,,,,,,,,,,,,,,,,,,,,,,,,,,,,,,,,,,,,,,,,,,,,,,,,,,,,,,,,,,,,,,,,,,,,,,,,,,,,,,,,,,,,,,,,,,,,,,,,,,,,,,,,,,,,,,,0.3388054586886321,0.5724327297264593,0.43345202974823366,0.33218192600135166,,,,0.0003289616173354145,,,,,,,,65.51660926827347,65.51660926827347,68.43060098940151,68.43060098940151,71.39384877062831,71.39384877062831,66.50414009591833,66.50414009591833,,,,,0.014674660393422983,,-2.5204686526531077,-2.5204686526531077,-2.399061708307192,-2.399061708307192,41.90983742961459,41.90983742961459,,65.34200057983398,65.34200057983398,69.21571459089007,69.21571459089007,73.56841265966021,73.56841265966021,66.38619058094328,66.38619058094328,73.33780014038086,68.36035005569458,1,42162820.976257320220000,86552159.38534813,,,,,,,
2025-04-24,,,,,,,66.300003051757810,67.669998168945310,65.835998535156250,67.529998779296880,750900,,,,,67.529998779296880,,,,,,,,,,,,,,,,,,,,,,,,,,,,,,,,,,,,,,,,,,,,,,,,,,,,,,,,,,,,,,,,,,,,,,,,,,,,,,,,,,,,,,,,,,,,,,,,,,,,,,,,,,,,,,,,,,,,,,,,,,,,,,,,,,,,,,,,,,,,,0.37628422512634147,0.5796114900399654,0.43660737096093993,0.33305373918247755,,,,-0.009739757323380328,,,,,,,,66.18773910528128,66.18773910528128,68.34872806121018,68.34872806121018,71.2731034583992,71.2731034583992,66.51224965072765,66.51224965072765,,,,,0.02443346084737251,,-2.265769563347959,-2.265769563347959,-2.3724032793153453,-2.3724032793153453,46.05551840468418,46.05551840468418,,65.7140007019043,65.7140007019043,68.86333356584821,68.86333356584821,73.47206345815508,73.47206345815508,66.40785724397689,66.40785724397689,73.21540008544922,68.44980005264283,1,50708276.083374027192000,86511587.27721563,,,,,,,
2025-04-25,,,,,,,66.900001525878900,67.349998474121100,65.730003356933600,66.069999694824220,672800,,,,,66.069999694824220,,,,,,,,,,,,,,,,,,,,,,,,,,,,,,,,,,,,,,,,,,,,,,,,,,,,,,,,,,,,,,,,,,,,,,,,,,,,,,,,,,,,,,,,,,,,,,,,,,,,,,,,,,,,,,,,,,,,,,,,,,,,,,,,,,,,,,,,,,,,,0.41996680357496446,0.582427901004062,0.43656412956156604,0.3330249453462571,,,,-0.0241331773837166,,,,,,,,66.14849263512893,66.14849263512893,68.14157093699328,68.14157093699328,71.11050646578748,71.11050646578748,66.5087536036454,66.5087536036454,,,,,-0.021857144087475862,,-2.156865422473089,-2.156865422473089,-2.329295707946894,-2.329295707946894,43.08923613380683,43.08923613380683,,65.67600021362304,65.67600021362304,68.47428603399368,68.47428603399368,73.33047618563214,73.33047618563214,66.4180556554643,66.4180556554643,73.06320007324219,68.54005004882812,1,44451895.794677735216000,85857235.26507786,,,,,,,
2025-04-28,,,,,,,66.129997253417970,66.669998168945310,65.339996337890620,66.069999694824220,837600,,,,,66.069999694824220,,,,,,,,,,,,,,,,,,,,,,,,,,,,,,,,,,,,,,,,,,,,,,,,,,,,,,,,,,,,,,,,,,,,,,,,,,,,,,,,,,,,,,,,,,,,,,,,,,,,,,,,,,,,,,,,,,,,,,,,,,,,,,,,,,,,,,,,,,,,,0.28795212987031255,0.5771060316186573,0.436507844156142,0.33302464409637,,,,-0.03976493177094534,,,,,,,,66.12232832169403,66.12232832169403,67.95324627861427,67.95324627861427,70.95299062919489,70.95299062919489,66.50528519329899,66.50528519329899,,,,,0,,-2.0469620024432373,-2.0469620024432373,-2.2728289668461628,-2.2728289668461628,43.08923613380683,43.08923613380683,,66.1020004272461,66.1020004272461,68.02476210821243,68.02476210821243,73.18650793650794,73.18650793650794,66.42809533315992,66.42809533315992,72.8984001159668,68.62950004577637,1,55340231.744384766672000,85562632.76261224,,,,,,,
2025-04-29,,,,,,,66.000000000000000,66.699996948242190,65.419998168945310,66.250000000000000,729200,,,,,66.250000000000000,,,,,,,,,,,,,,,,,,,,,,,,,,,,,,,,,,,,,,,,,,,,,,,,,,,,,,,,,,,,,,,,,,,,,,,,,,,,,,,,,,,,,,,,,,,,,,,,,,,,,,,,,,,,,,,,,,,,,,,,,,,,,,,,,,,,,,,,,,,,,0.2769752597257432,0.5777660342160329,0.43660116084756717,0.3318926194704097,,,,0.004504352552708391,,,,,,,,66.16488554779602,66.16488554779602,67.79840570783115,67.79840570783115,70.80602217203254,70.80602217203254,66.50326712852983,66.50326712852983,,,,,0.0027206834435139406,,-1.9231691333181686,-1.9231691333181686,-2.202897000140564,-2.202897000140564,43.60855493918204,43.60855493918204,,66.36399993896484,66.36399993896484,67.62000020345052,67.62000020345052,73.04952385312035,73.04952385312035,66.44563500843351,66.44563500843351,72.73860015869141,68.7139500427246,1,48309500.000000000000000,85499827.39621723,,,,,,,
2025-04-30,,,,,,,65.680000305175780,66.309997558593750,64.589996337890620,66.120002746582030,1059800,,,,,66.120002746582030,,,,,,,,,,,,,,,,,,,,,,,,,,,,,,,,,,,,,,,,,,,,,,,,,,,,,,,,,,,,,,,,,,,,,,,,,,,,,,,,,,,,,,,,,,,,,,,,,,,,,,,,,,,,,,,,,,,,,,,,,,,,,,,,,,,,,,,,,,,,,0.2612993161119415,0.5720070144524713,0.4365544287849562,0.3293470470363739,,,,-0.0064173628322407765,,,,,,,,66.14992461405802,66.14992461405802,67.64582362044487,67.64582362044487,70.65958406498721,70.65958406498721,66.50023737056976,66.50023737056976,,,,,-0.0019641503741558665,,-1.8146341121017286,-1.8146341121017286,-2.1252444225327967,-2.1252444225327967,43.30123865535665,43.30123865535665,,66.40800018310547,66.40800018310547,67.14761933826264,67.14761933826264,72.91650802370101,72.91650802370101,66.45234136732797,66.45234136732797,72.57420028686523,68.79955005645752,1,70073978.910827635394000,85822058.0138494,,,,,,,
2025-05-01,,,,,,,66.250000000000000,66.464996337890620,65.089996337890620,65.620002746582030,899300,,,,,65.620002746582030,,,,,,,,,,,,,,,,,,,,,,,,,,,,,,,,,,,,,,,,,,,,,,,,,,,,,,,,,,,,,,,,,,,,,,,,,,,,,,,,,,,,,,,,,,,,,,,,,,,,,,,,,,,,,,,,,,,,,,,,,,,,,,,,,,,,,,,,,,,,,0.15512720260425225,0.5707093242872069,0.43594425343983595,0.3286519155273712,,,,-0.06680796285293805,,,,,,,,65.97328399156602,65.97328399156602,67.46165808645735,67.46165808645735,70.50209714878704,70.50209714878704,66.49327899409556,66.49327899409556,,,,,-0.007590745103353478,,-1.7488060001845582,-1.7488060001845582,-2.049956738063149,-2.049956738063149,42.073123355091404,42.073123355091404,,66.0260009765625,66.0260009765625,66.63714345296223,66.63714345296223,72.76285722520616,72.76285722520616,66.45119057004413,66.45119057004413,72.4070002746582,68.88655006408692,1,59012068.470001219579000,86112253.20145743,,,,,,,
2025-05-02,,,,,,,67.000000000000000,67.889999389648440,66.370002746582030,67.620002746582030,990200,,,,,67.620002746582030,,,,,,,,,,,,,,,,,,,,,,,,,,,,,,,,,,,,,,,,,,,,,,,,,,,,,,,,,,,,,,,,,,,,,,,,,,,,,,,,,,,,,,,,,,,,,,,,,,,,,,,,,,,,,,,,,,,,,,,,,,,,,,,,,,,,,,,,,,,,,0.23313507847273113,0.5841812073084117,0.4396340410595175,0.32972895416685927,,,,-0.03193488584339904,,,,,,,,66.52219024323803,66.52219024323803,67.47605305555959,67.47605305555959,70.41203169871814,70.41203169871814,66.50218590122984,66.50218590122984,,,,,0.030023268508811454,,-1.517757695973856,-1.517757695973856,-1.9435169296452905,-1.9435169296452905,48.37983384389752,48.37983384389752,,66.33600158691407,66.33600158691407,66.2085720243908,66.2085720243908,72.66063508533296,72.66063508533296,66.4615477153233,66.4615477153233,72.26940032958984,68.97445007324218,1,66957326.719665526106000,85891361.28694443,,,,,,,
2025-05-05,,,,,,,67.319999694824220,67.889999389648440,66.830001831054690,66.889999389648440,925200,,,,,66.889999389648440,,,,,,,,,,,,,,,,,,,,,,,,,,,,,,,,,,,,,,,,,,,,,,,,,,,,,,,,,,,,,,,,,,,,,,,,,,,,,,,,,,,,,,,,,,,,,,,,,,,,,,,,,,,,,,,,,,,,,,,,,,,,,,,,,,,,,,,,,,,,,0.2581334172736306,0.5039087891938396,0.43992363717823857,0.32990639449243225,,,,0.05577316694164325,,,,,,,,66.6447932920415,66.6447932920415,67.42277544956767,67.42277544956767,70.30196818905972,70.30196818905972,66.50525162050587,66.50525162050587,,,,,-0.010854367892022753,,-1.3776744468351154,-1.3776744468351154,-1.8303484330832556,-1.8303484330832556,46.39434533293211,46.39434533293211,,66.5000015258789,66.5000015258789,66.05142902192615,66.05142902192615,72.55444457039,72.55444457039,66.46845246875097,66.46845246875097,72.14680038452148,69.04390007019043,1,61886627.435302736688000,85710657.50300695,,,,,,,
2025-05-06,,,,,,,66.199996948242190,66.464996337890620,64.889999389648440,65.470001220703120,1144900,,,,,65.470001220703120,,,,,,,,,,,,,,,,,,,,,,,,,,,,,,,,,,,,,,,,,,,,,,,,,,,,,,,,,,,,,,,,,,,,,,,,,,,,,,,,,,,,,,,,,,,,,,,,,,,,,,,,,,,,,,,,,,,,,,,,,,,,,,,,,,,,,,,,,,,,,0.3087437897726465,0.4667816668510525,0.4405714234410839,0.3306102343442877,,,,0.10535773696872794,,,,,,,,66.2531959349287,66.2531959349287,67.24525051967089,67.24525051967089,70.15096922129857,70.15096922129857,66.49706782287898,66.49706782287898,,,,,-0.0214574289073824,,-1.3654988269774861,-1.3654988269774861,-1.7373785118621017,-1.7373785118621017,42.721543072054736,42.721543072054736,,66.34400177001953,66.34400177001953,66.01666732061477,66.01666732061477,72.40936521499876,72.40936521499876,66.46976199982659,66.46976199982659,71.93060043334961,69.09635007858276,1,74956604.397583002088000,86137409.58244081,,,,,,,
2025-05-07,,,,,,,65.569999694824220,66.250000000000000,64.900001525878900,65.489997863769530,875600,,,,,65.489997863769530,,,,,,,,,,,,,,,,,,,,,,,,,,,,,,,,,,,,,,,,,,,,,,,,,,,,,,,,,,,,,,,,,,,,,,,,,,,,,,,,,,,,,,,,,,,,,,,,,,,,,,,,,,,,,,,,,,,,,,,,,,,,,,,,,,,,,,,,,,,,,0.3093509478961168,0.46443469278985094,0.44050447200020953,0.33052294752785616,,,,0.06565032319241977,,,,,,,,65.99879657787565,65.99879657787565,67.08568209640713,67.08568209640713,70.00531386637579,70.00531386637579,66.48910679553424,66.48910679553424,,,,,0.00030538551254754453,,-1.3388031096708772,-1.3388031096708772,-1.6576634314238567,-1.6576634314238567,42.79022725124738,42.79022725124738,,66.21800079345704,66.21800079345704,66.02476247151692,66.02476247151692,72.26174611893912,72.26174611893912,66.47309531862774,66.47309531862774,71.56920043945313,69.15080007553101,1,57343042.129516600468000,86511384.16523403,,,,,,,
2025-05-08,,,,,,,66.480003356933600,67.760002136230470,66.110000610351560,66.629997253417970,1228400,,,,,66.629997253417970,,,,,,,,,,,,,,,,,,,,,,,,,,,,,,,,,,,,,,,,,,,,,,,,,,,,,,,,,,,,,,,,,,,,,,,,,,,,,,,,,,,,,,,,,,,,,,,,,,,,,,,,,,,,,,,,,,,,,,,,,,,,,,,,,,,,,,,,,,,,,0.3302209966231365,0.448608815021437,0.44219121962433394,0.33097012948718796,,,,0.09255411707018657,,,,,,,,66.20919680305641,66.20919680305641,67.04425620158993,67.04425620158993,69.89983522222086,69.89983522222086,66.49022055409458,66.49022055409458,,,,,0.017257458742266606,,-1.2116905238926705,-1.2116905238926705,-1.5684688499176194,-1.5684688499176194,46.713216489041486,46.713216489041486,,66.41999969482421,66.41999969482421,66.19714337303525,66.19714337303525,72.13238101535373,72.13238101535373,66.4807937107389,66.4807937107389,71.22100036621094,69.21330005645751,1,81848288.626098634348000,86701326.70121571,,,,,,,
2025-05-09,,,,,,,67.959999084472660,71.084999084472660,66.910003662109380,70.230003356933600,1823600,,,,,70.230003356933600,,,,,,,,,,,,,,,,,,,,,,,,,,,,,,,,,,,,,,,,,,,,,,,,,,,,,,,,,,,,,,,,,,,,,,,,,,,,,,,,,,,,,,,,,,,,,,,,,,,,,,,,,,,,,,,,,,,,,,,,,,,,,,,,,,,,,,,,,,,,,0.4599663552257124,0.38374735221215156,0.45395004753011103,0.3348531607651791,,,,0.05142173691872085,,,,,,,,67.54946565434881,67.54946565434881,67.33386957934844,67.33386957934844,69.91015297643064,69.91015297643064,66.51978405451229,66.51978405451229,,,,,0.052620732617025094,,-0.81111247807209,-0.81111247807209,-1.4169975755485136,-1.4169975755485136,56.78985952285905,56.78985952285905,,66.94199981689454,66.94199981689454,66.27571487426758,66.27571487426758,72.08238111223493,72.08238111223493,66.49932547977993,66.49932547977993,70.95680038452149,69.28125007629394,1,128071434.121704112960000,87733093.7882378,,,,,,,
2025-05-12,,,,,,,71.559997558593750,75.709999084472660,71.069999694824220,74.800003051757810,1529100,,,,,74.800003051757810,,,,,,,,,,,,,,,,,,,,,,,,,,,,,,,,,,,,,,,,,,,,,,,,,,,,,,,,,,,,,,,,,,,,,,,,,,,,,,,,,,,,,,,,,,,,,,,,,,,,,,,,,,,,,,,,,,,,,,,,,,,,,,,,,,,,,,,,,,,,,0.5614265479107402,0.3917990536039116,0.47085148004101696,0.3404483504748309,,,,0.11346330003816811,,,,,,,,69.96631145348515,69.96631145348515,68.01260898593111,68.01260898593111,70.06296079128461,70.06296079128461,66.58524033117035,66.58524033117035,,,,,0.06304230780926412,,-0.12346745252217772,-0.12346745252217772,-1.1582915509432463,-1.1582915509432463,65.66590614999977,65.66590614999977,,68.52400054931641,68.52400054931641,66.73428653535389,66.73428653535389,72.09015897720579,72.09015897720579,66.53253977639335,66.53253977639335,70.85780044555663,69.3648000907898,1,114376684.666442867271000,88810096.88657124,,,,,,,
2025-05-13,,,,,,,74.629997253417970,74.904998779296880,73.410003662109380,73.519996643066400,1230200,,,,,73.519996643066400,,,,,,,,,,,,,,,,,,,,,,,,,,,,,,,,,,,,,,,,,,,,,,,,,,,,,,,,,,,,,,,,,,,,,,,,,,,,,,,,,,,,,,,,,,,,,,,,,,,,,,,,,,,,,,,,,,,,,,,,,,,,,,,,,,,,,,,,,,,,,0.5412204722909651,0.3987471051299639,0.4717956395165792,0.34000072145205973,,,,0.02062301918084084,,,,,,,,71.15087318334557,71.15087318334557,68.51328059112524,68.51328059112524,70.17099316165279,70.17099316165279,66.64006053916953,66.64006053916953,,,,,-0.017260493392042716,,0.31458403577684635,0.31458403577684635,-0.8637164335992279,-0.8637164335992279,61.83460621275466,61.83460621275466,,70.13399963378906,70.13399963378906,67.08333387829009,67.08333387829009,72.08809540763734,72.08809540763734,66.56702388279022,66.56702388279022,70.72500030517578,69.44465007781983,1,90444299.870300285280000,89602510.68071033,,,,,,,
2025-05-14,,,,,,,73.000000000000000,73.114997863769530,70.080001831054690,71.139999389648440,1400600,,,,,71.139999389648440,,,,,,,,,,,,,,,,,,,,,,,,,,,,,,,,,,,,,,,,,,,,,,,,,,,,,,,,,,,,,,,,,,,,,,,,,,,,,,,,,,,,,,,,,,,,,,,,,,,,,,,,,,,,,,,,,,,,,,,,,,,,,,,,,,,,,,,,,,,,,0.6665565762977038,0.4130346352578279,0.4763536260499954,0.3411950145739976,,,,-0.03166464210104324,,,,,,,,71.14724858544652,71.14724858544652,68.75207320917279,68.75207320917279,70.20127460627765,70.20127460627765,66.67563317830376,66.67563317830376,,,,,-0.03290767444656349,,0.4643444347609602,0.4643444347609602,-0.5981042599271903,-0.5981042599271903,55.36616482403079,55.36616482403079,,71.26399993896484,71.26399993896484,67.24238132295154,67.24238132295154,72.0477779327877,72.0477779327877,66.59638895307269,66.59638895307269,70.56800033569336,69.5122000694275,1,99638683.145141605064000,90646213.07761177,,,,,,,
2025-05-15,,,,,,,71.139999389648440,73.044998168945310,70.519996643066400,72.940002441406250,1237800,,,,,72.940002441406250,,,,,,,,,,,,,,,,,,,,,,,,,,,,,,,,,,,,,,,,,,,,,,,,,,,,,,,,,,,,,,,,,,,,,,,,,,,,,,,,,,,,,,,,,,,,,,,,,,,,,,,,,,,,,,,,,,,,,,,,,,,,,,,,,,,,,,,,,,,,,0.669326388229991,0.40480855603687804,0.4787619209137232,0.34193013566334823,,,,0.04755872219028255,,,,,,,,71.74483320409976,71.74483320409976,69.13279404846675,69.13279404846675,70.28685985112541,70.28685985112541,66.72515388394092,66.72515388394092,,,,,0.02498746091123984,,0.7199763932532761,0.7199763932532761,-0.334488129291097,-0.334488129291097,58.87047998920207,58.87047998920207,,72.5260009765625,72.5260009765625,67.57619094848633,67.57619094848633,72.02603197854663,72.02603197854663,66.63527785407172,66.63527785407172,70.47020034790039,69.59020008087158,1,90285135.021972656250000,91376432.24391028,,,,,,,
2025-05-16,,,,,,,72.860000610351560,74.194999694824220,72.279998779296880,74.110000610351560,824000,,,,,74.110000610351560,,,,,,,,,,,,,,,,,,,,,,,,,,,,,,,,,,,,,,,,,,,,,,,,,,,,,,,,,,,,,,,,,,,,,,,,,,,,,,,,,,,,,,,,,,,,,,,,,,,,,,,,,,,,,,,,,,,,,,,,,,,,,,,,,,,,,,,,,,,,,0.5968493138161985,0.405238889434788,0.4798549511725227,0.3409519053640865,,,,0.08756515926865727,,,,,,,,72.53322233951702,72.53322233951702,69.58526737227446,69.58526737227446,70.40633299985123,70.40633299985123,66.78353211893231,66.78353211893231,,,,,0.015913265347053625,,1.005386170298408,1.005386170298408,-0.06651326937319597,-0.06651326937319597,61.013142670514526,61.013142670514526,,73.3020004272461,73.3020004272461,67.97809582664853,67.97809582664853,72.02396853007967,72.02396853007967,66.67103183080279,66.67103183080279,70.43760040283203,69.66600008010865,1,61066640.502929685440000,91071408.54253012,,,,,,,
2025-05-19,,,,,,,74.750000000000000,75.970001220703120,74.260002136230470,75.769996643066400,1141700,,,,,75.769996643066400,,,,,,,,,,,,,,,,,,,,,,,,,,,,,,,,,,,,,,,,,,,,,,,,,,,,,,,,,,,,,,,,,,,,,,,,,,,,,,,,,,,,,,,,,,,,,,,,,,,,,,,,,,,,,,,,,,,,,,,,,,,,,,,,,,,,,,,,,,,,,0.41364821992298123,0.4091118505307922,0.4818969530700265,0.33898566002353114,,,,0.13148528037919047,,,,,,,,73.61214710736682,73.61214710736682,70.147515487801,70.147515487801,70.5739474887017,70.5739474887017,66.85457136418238,66.85457136418238,,,,,0.022151907440004198,,1.3499617626694516,1.3499617626694516,0.21678173703533354,0.21678173703533354,63.88764415315939,63.88764415315939,,73.49599914550781,73.49599914550781,68.43095270792644,68.43095270792644,72.04666694762214,72.04666694762214,66.72392864832803,66.72392864832803,70.39440032958984,69.7504500579834,1,86506605.167388908880000,91317393.31499736,,,,,,,
2025-05-20,,,,,,,75.500000000000000,75.519996643066400,74.239997863769530,74.699996948242190,821600,,,,,74.699996948242190,,,,,,,,,,,,,,,,,,,,,,,,,,,,,,,,,,,,,,,,,,,,,,,,,,,,,,,,,,,,,,,,,,,,,,,,,,,,,,,,,,,,,,,,,,,,,,,,,,,,,,,,,,,,,,,,,,,,,,,,,,,,,,,,,,,,,,,,,,,,,0.4049397049442678,0.38754734206700936,0.4826680183817896,0.33898692846620443,,,,0.13618719993149556,,,,,,,,73.97476372099194,73.97476372099194,70.5613774387502,70.5613774387502,70.70288653431236,70.70288653431236,66.91659053875993,66.91659053875993,,,,,-0.014222340353770966,,1.5191881142257984,1.5191881142257984,0.4772630124734265,0.4772630124734265,60.77703732388001,60.77703732388001,,73.73199920654297,73.73199920654297,68.9433335803804,68.9433335803804,72.05809541732546,72.05809541732546,66.77607148791117,66.77607148791117,70.33560028076172,69.83365003585816,1,61373517.492675783304000,91574439.81408618,,,,,,,
2025-05-21,,,,,,,73.230003356933600,73.680000305175780,71.569999694824220,72.760002136230470,2551100,,,,,72.760002136230470,,,,,,,,,,,,,,,,,,,,,,,,,,,,,,,,,,,,,,,,,,,,,,,,,,,,,,,,,,,,,,,,,,,,,,,,,,,,,,,,,,,,,,,,,,,,,,,,,,,,,,,,,,,,,,,,,,,,,,,,,,,,,,,,,,,,,,,,,,,,,0.36902654168687177,0.4032871787100713,0.4853383742834595,0.33983267071670886,,,,0.13012975042419458,,,,,,,,73.56984319273812,73.56984319273812,70.7612524112484,70.7612524112484,70.76717139687229,70.76717139687229,66.96278351581503,66.96278351581503,,,,,-0.026313668275374475,,1.479702756632534,1.479702756632534,0.677750961305248,0.677750961305248,55.50074711606049,55.50074711606049,,74.05599975585938,74.05599975585938,69.31571451822917,69.31571451822917,72.03047640361483,72.03047640361483,66.81726196834019,66.81726196834019,70.27300033569335,69.91090003967285,1,185618041.449737552017000,93808750.78947885,,,,,,,
2025-05-22,,,,,,,72.489997863769530,72.959999084472660,71.309997558593750,72.660003662109380,1095900,,,,,72.660003662109380,,,,,,,,,,,,,,,,,,,,,,,,,,,,,,,,,,,,,,,,,,,,,,,,,,,,,,,,,,,,,,,,,,,,,,,,,,,,,,,,,,,,,,,,,,,,,,,,,,,,,,,,,,,,,,,,,,,,,,,,,,,,,,,,,,,,,,,,,,,,,0.3211946911183369,0.4024753059567403,0.4836930443997969,0.33978091785465775,,,,0.17684228634142085,,,,,,,,73.26656334919521,73.26656334919521,70.93386616132668,70.93386616132668,70.82632240516095,70.82632240516095,67.00782082922447,67.00782082922447,,,,,-0.001375305816198933,,1.4239271394243644,1.4239271394243644,0.8269861969290713,0.8269861969290713,55.2345657919471,55.2345657919471,,74,74,69.6376193818592,69.6376193818592,72.02476222931392,72.02476222931392,66.85944452739898,66.85944452739898,70.24600036621094,69.99350006103515,1,79628098.013305669542000,94411220.40740119,,,,,,,
2025-05-23,,,,,,,71.919998168945310,72.400001525878900,70.410003662109380,70.809997558593750,1119800,,,,,70.809997558593750,,,,,,,,,,,,,,,,,,,,,,,,,,,,,,,,,,,,,,,,,,,,,,,,,,,,,,,,,,,,,,,,,,,,,,,,,,,,,,,,,,,,,,,,,,,,,,,,,,,,,,,,,,,,,,,,,,,,,,,,,,,,,,,,,,,,,,,,,,,,,0.3211878498422839,0.40892216452559843,0.4780721238541862,0.3405300811420553,,,,0.1200393538144492,,,,,,,,72.44770808566139,72.44770808566139,70.92260537926005,70.92260537926005,70.82581225370572,70.82581225370572,67.03787756226296,67.03787756226296,,,,,-0.025790878008266373,,1.2164223696568968,1.2164223696568968,0.9048734314746364,0.9048734314746364,50.41707524297043,50.41707524297043,,73.33999938964844,73.33999938964844,69.79380979992095,69.79380979992095,71.93793681311229,71.93793681311229,66.89750006842235,66.89750006842235,70.21620025634766,70.06030004501343,1,79293035.266113281250000,94136248.80124652,,,,,,,
2025-05-27,,,,,,,72.199996948242190,72.580001831054690,71.209999084472660,72.529998779296880,794900,,,,,72.529998779296880,,,,,,,,,,,,,,,,,,,,,,,,,,,,,,,,,,,,,,,,,,,,,,,,,,,,,,,,,,,,,,,,,,,,,,,,,,,,,,,,,,,,,,,,,,,,,,,,,,,,,,,,,,,,,,,,,,,,,,,,,,,,,,,,,,,,,,,,,,,,,0.3325862955468054,0.405689374157716,0.44292892144005863,0.34118058608376334,,,,0.16590032890198395,,,,,,,,72.47513831687321,72.47513831687321,71.06873205199066,71.06873205199066,70.87906808263045,70.87906808263045,67.08129354026323,67.08129354026323,,,,,0.024000053359588026,,1.1771931189874039,1.1771931189874039,0.9593373689771899,0.9593373689771899,54.3992658105447,54.3992658105447,,72.69199981689454,72.69199981689454,70.10142880394345,70.10142880394345,71.76285746740916,71.76285746740916,66.93972228822254,66.93972228822254,70.1836001586914,70.14345003128052,1,57654096.029663089912000,90797791.40218705,,,,,,,
2025-05-28,,,,,,,72.500000000000000,72.800003051757810,71.839996337890620,72.629997253417970,991100,,,,,72.629997253417970,,,,,,,,,,,,,,,,,,,,,,,,,,,,,,,,,,,,,,,,,,,,,,,,,,,,,,,,,,,,,,,,,,,,,,,,,,,,,,,,,,,,,,,,,,,,,,,,,,,,,,,,,,,,,,,,,,,,,,,,,,,,,,,,,,,,,,,,,,,,,0.3348191113985324,0.4055273310849738,0.44269595155640923,0.33958713487250336,,,,0.18772127424885776,,,,,,,,72.52675796238813,72.52675796238813,71.21066525212042,71.21066525212042,70.93378461921756,70.93378461921756,67.12515681072296,67.12515681072296,,,,,0.0013777692569934667,,1.1410197311393375,1.1410197311393375,0.9956738414096195,0.9956738414096195,54.6274222094841,54.6274222094841,,72.27799987792969,72.27799987792969,70.41380964006696,70.41380964006696,71.58174629816934,71.58174629816934,66.99011910150922,66.99011910150922,70.1332000732422,70.21330001831055,0,71983590.277862550067000,89639693.00058153,,,,,,,
2025-05-29,,,,,,,73.080001831054690,73.290000915527340,71.660003662109380,72.610000610351560,970100,,,,,72.610000610351560,,,,,,,,,,,,,,,,,,,,,,,,,,,,,,,,,,,,,,,,,,,,,,,,,,,,,,,,,,,,,,,,,,,,,,,,,,,,,,,,,,,,,,,,,,,,,,,,,,,,,,,,,,,,,,,,,,,,,,,,,,,,,,,,,,,,,,,,,,,,,0.27997088951148835,0.4058263882351489,0.4426036654688663,0.33949653654613016,,,,0.18362405182323885,,,,,,,,72.55450551170928,72.55450551170928,71.33787755741416,71.33787755741416,70.9861663689405,70.9861663689405,67.16851525973188,67.16851525973188,,,,,-0.0002753600039503567,,1.0980805100891047,1.0980805100891047,1.0161551751455165,1.0161551751455165,54.56862560597041,54.56862560597041,,72.24799957275391,72.24799957275391,70.71666681198846,70.71666681198846,71.40984150720021,71.40984150720021,67.03837306915767,67.03837306915767,70.07940002441406,70.27340002059937,0,70438961.592102048356000,88769913.03118145,,,,,,,
2025-05-30,,,,,,,71.930000305175780,73.513000488281250,71.345001220703120,73.089996337890620,4073000,,,,,73.089996337890620,,,,,,,,,,,,,,,,,,,,,,,,,,,,,,,,,,,,,,,,,,,,,,,,,,,,,,,,,,,,,,,,,,,,,,,,,,,,,,,,,,,,,,,,,,,,,,,,,,,,,,,,,,,,,,,,,,,,,,,,,,,,,,,,,,,,,,,,,,,,,0.28392700095176426,0.40522675526822666,0.43418359732321377,0.339381620839357,,,,0.2235491426423352,,,,,,,,72.73300245376973,72.73300245376973,71.49716108291202,71.49716108291202,71.05191105547019,71.05191105547019,67.21532538683195,67.21532538683195,,,,,0.006588846590145675,,1.090215189695698,1.090215189695698,1.0309671780555527,1.0309671780555527,55.79845244624508,55.79845244624508,,72.33399810791016,72.33399810791016,71.04857126871745,71.04857126871745,71.30412716335721,71.30412716335721,67.09087305220346,67.09087305220346,70.015,70.35030000686646,0,297695555.084228495260000,90917668.66743906,,,,,,,
2025-06-02,,,,,,,73.190002441406250,73.690002441406250,71.940002441406250,73.120002746582030,961000,,,,,73.120002746582030,,,,,,,,,,,,,,,,,,,,,,,,,,,,,,,,,,,,,,,,,,,,,,,,,,,,,,,,,,,,,,,,,,,,,,,,,,,,,,,,,,,,,,,,,,,,,,,,,,,,,,,,,,,,,,,,,,,,,,,,,,,,,,,,,,,,,,,,,,,,,0.16178244710297723,0.40309325409497976,0.4339984827544852,0.3393672646436495,,,,0.24256109250988975,,,,,,,,72.86200255137382,72.86200255137382,71.64469214324566,71.64469214324566,71.11653892081743,71.11653892081743,67.26200267821338,67.26200267821338,,,,,0.0004104563203689669,,1.074022470540129,1.074022470540129,1.039578236552468,1.039578236552468,55.87885987043795,55.87885987043795,,72.7959991455078,72.7959991455078,71.4057141258603,71.4057141258603,71.192381117079,71.192381117079,67.14404766143315,67.14404766143315,69.97760009765625,70.42480001449584,0,70268322.639465330830000,90659503.5672203,,,,,,,
2025-06-03,,,,,,,73.000000000000000,74.510002136230470,72.407997131347660,74.260002136230470,1135800,,,,,74.260002136230470,,,,,,,,,,,,,,,,,,,,,,,,,,,,,,,,,,,,,,,,,,,,,,,,,,,,,,,,,,,,,,,,,,,,,,,,,,,,,,,,,,,,,,,,,,,,,,,,,,,,,,,,,,,,,,,,,,,,,,,,,,,,,,,,,,,,,,,,,,,,,0.10462801715187493,0.3948481363190825,0.4344512759681341,0.338823464621123,,,,0.24944495659324287,,,,,,,,73.3280024129927,73.3280024129927,71.88244759715337,71.88244759715337,71.21477214629908,71.21477214629908,67.31732283203169,67.31732283203169,,,,,0.015470512807281626,,1.1400364171504407,1.1400364171504407,1.0596698726720626,1.0596698726720626,58.93521300478772,58.93521300478772,,73.14199981689453,73.14199981689453,71.72190457298642,71.72190457298642,71.11730181981646,71.11730181981646,67.20718259660025,67.20718259660025,69.9834001159668,70.50720003128052,0,84344510.426330567826000,90547898.5021016,,,,,,,
2025-06-04,,,,,,,74.610000610351560,75.510002136230470,74.199996948242190,75.139999389648440,806000,,,,,75.139999389648440,,,,,,,,,,,,,,,,,,,,,,,,,,,,,,,,,,,,,,,,,,,,,,,,,,,,,,,,,,,,,,,,,,,,,,,,,,,,,,,,,,,,,,,,,,,,,,,,,,,,,,,,,,,,,,,,,,,,,,,,,,,,,,,,,,,,,,,,,,,,,0.10967066760760488,0.39155788397613556,0.4342678493505053,0.33862380165303724,,,,0.29271092780886454,,,,,,,,73.93200140521128,73.93200140521128,72.17858866919838,72.17858866919838,71.33743549765376,71.33743549765376,67.3791621724081,67.3791621724081,,,,,0.011780554507124539,,1.2489640887884264,1.2489640887884264,1.0975287158953353,1.0975287158953353,61.17121403035004,61.17121403035004,,73.64400024414063,73.64400024414063,72.11476171584357,72.11476171584357,71.07460336836557,71.07460336836557,67.26988100627112,67.26988100627112,70.00220016479493,70.58870002746582,0,60562839.508056642640000,90184373.82820372,,,,,,,
2025-06-05,,,,,,,75.410003662109380,75.839996337890620,74.669998168945310,75.370002746582030,784100,,,,,75.370002746582030,,,,,,,,,,,,,,,,,,,,,,,,,,,,,,,,,,,,,,,,,,,,,,,,,,,,,,,,,,,,,,,,,,,,,,,,,,,,,,,,,,,,,,,,,,,,,,,,,,,,,,,,,,,,,,,,,,,,,,,,,,,,,,,,,,,,,,,,,,,,,0.09807660029121196,0.37927848386823126,0.43092129056328493,0.3362045247689156,,,,0.3132043241642138,,,,,,,,74.4113351856682,74.4113351856682,72.4687172216878,72.4687172216878,71.46345322418277,71.46345322418277,67.4423308725992,67.4423308725992,,,,,0.0030563222737298584,,1.338420918815288,1.338420918815288,1.1457071564793258,1.1457071564793258,61.757336136541916,61.757336136541916,,74.19600067138671,74.19600067138671,72.58619035993304,72.58619035993304,71.06873042999752,71.06873042999752,67.3425794328962,67.3425794328962,70.01100021362305,70.66855003356933,0,59097619.153594969723000,89840621.977906,,,,,,,
2025-06-06,,,,,,,75.900001525878900,76.029998779296880,74.550003051757810,74.839996337890620,717100,,,,,74.839996337890620,,,,,,,,,,,,,,,,,,,,,,,,,,,,,,,,,,,,,,,,,,,,,,,,,,,,,,,,,,,,,,,,,,,,,,,,,,,,,,,,,,,,,,,,,,,,,,,,,,,,,,,,,,,,,,,,,,,,,,,,,,,,,,,,,,,,,,,,,,,,,0.1431920250371228,0.38169363969637415,0.4271873636879097,0.3352385320089442,,,,0.30306467876897303,,,,,,,,74.554222236409,74.554222236409,72.68428805043351,72.68428805043351,71.56897019648613,71.56897019648613,67.50081044149479,67.50081044149479,,,,,-0.007056901823321142,,1.3509758052505418,1.3509758052505418,1.186760886233569,1.186760886233569,59.52744747246561,59.52744747246561,,74.54600067138672,74.54600067138672,73.03142838251023,73.03142838251023,71.01968274797711,71.01968274797711,67.41888893975153,67.41888893975153,70.02300018310547,70.7455000114441,0,53667761.373901363602000,89184360.15253824,,,,,,,
2025-06-09,,,,,,,75.129997253417970,75.510002136230470,74.150001525878900,74.919998168945310,1091200,,,,,74.919998168945310,,,,,,,,,,,,,,,,,,,,,,,,,,,,,,,,,,,,,,,,,,,,,,,,,,,,,,,,,,,,,,,,,,,,,,,,,,,,,,,,,,,,,,,,,,,,,,,,,,,,,,,,,,,,,,,,,,,,,,,,,,,,,,,,,,,,,,,,,,,,,0.14201231579854526,0.3799832216728791,0.4271542387167345,0.33523711378126814,,,,0.32668632527726266,,,,,,,,74.67614754725444,74.67614754725444,72.88753442484368,72.88753442484368,71.67368982062548,71.67368982062548,67.55946014685013,67.55946014685013,,,,,0.0010684006623821031,,1.3517984315132736,1.3517984315132736,1.21976839528951,1.21976839528951,59.76361331681316,59.76361331681316,,74.90599975585937,74.90599975585937,73.42619033086868,73.42619033086868,70.97650812542628,70.97650812542628,67.49503972795274,67.49503972795274,70.01120010375976,70.82284999847413,0,81752702.001953122272000,88505159.81890361,,,,,,,
2025-06-10,,,,,,,74.639999389648440,76.379997253417970,74.456001281738280,75.550003051757810,922000,,,,,75.550003051757810,,,,,,,,,,,,,,,,,,,,,,,,,,,,,,,,,,,,,,,,,,,,,,,,,,,,,,,,,,,,,,,,,,,,,,,,,,,,,,,,,,,,,,,,,,,,,,,,,,,,,,,,,,,,,,,,,,,,,,,,,,,,,,,,,,,,,,,,,,,,,0.11498462905406343,0.3397555451629861,0.42510470120059446,0.33504121530039654,,,,0.3016602516486257,,,,,,,,74.96743271542223,74.96743271542223,73.12957702729041,73.12957702729041,71.79482460909837,71.79482460909837,67.6226264939245,67.6226264939245,,,,,0.008373875976874568,,1.3872946287068686,1.3872946287068686,1.2532736419729817,1.2532736419729817,61.66087552055202,61.66087552055202,,75.16399993896485,75.16399993896485,73.67952364966983,73.67952364966983,70.97111135815817,70.97111135815817,67.57638894943963,67.57638894943963,70.02720016479492,70.90230001449585,0,69657102.813720700820000,88084354.98695374,,,,,,,
2025-06-11,,,,,,,75.750000000000000,75.750000000000000,74.120002746582030,74.410003662109380,776300,,,,,74.410003662109380,,,,,,,,,,,,,,,,,,,,,,,,,,,,,,,,,,,,,,,,,,,,,,,,,,,,,,,,,,,,,,,,,,,,,,,,,,,,,,,,,,,,,,,,,,,,,,,,,,,,,,,,,,,,,,,,,,,,,,,,,,,,,,,,,,,,,,,,,,,,,0.14689588959363278,0.2673063489149818,0.4231967355364787,0.33463473849036846,,,,0.2544096544846436,,,,,,,,74.78162303098462,74.78162303098462,73.2459794486376,73.2459794486376,71.87654895450497,71.87654895450497,67.67628164940422,67.67628164940422,,,,,-0.015204338488176183,,1.3083552919640056,1.3083552919640056,1.2642899719711864,1.2642899719711864,56.47185024887152,56.47185024887152,,75.01800079345703,75.01800079345703,73.66095225016277,73.66095225016277,70.97746058872768,70.97746058872768,67.6478175360059,67.6478175360059,69.99460021972656,70.97550003051758,0,57764485.842895511694000,87621141.26208472,,,,,,,
2025-06-12,,,,,,,74.199996948242190,74.290000915527340,73.629997253417970,74.290000915527340,649300,,,,,74.290000915527340,,,,,,,,,,,,,,,,,,,,,,,,,,,,,,,,,,,,,,,,,,,,,,,,,,,,,,,,,,,,,,,,,,,,,,,,,,,,,,,,,,,,,,,,,,,,,,,,,,,,,,,,,,,,,,,,,,,,,,,,,,,,,,,,,,,,,,,,,,,,,0.1404642566117298,0.26015941565018785,0.4205227195941949,0.3346189680954428,,,,0.3286629947117749,,,,,,,,74.61774899249886,74.61774899249886,73.34089049108212,73.34089049108212,71.9519693282869,71.9519693282869,67.72856401514433,67.72856401514433,,,,,-0.0016140251370435163,,1.2220253327718495,1.2220253327718495,1.2558370441313191,1.2558370441313191,55.9382010703519,55.9382010703519,,74.8020004272461,74.8020004272461,73.69761912027995,73.69761912027995,71.00904785640655,71.00904785640655,67.71757944803389,67.71757944803389,69.9536003112793,71.03995002746582,0,48236497.594451901862000,87312054.67060028,,,,,,,
2025-06-13,,,,,,,73.349998474121100,74.660003662109380,73.110000610351560,73.800003051757810,599700,,,,,73.800003051757810,,,,,,,,,,,,,,,,,,,,,,,,,,,,,,,,,,,,,,,,,,,,,,,,,,,,,,,,,,,,,,,,,,,,,,,,,,,,,,,,,,,,,,,,,,,,,,,,,,,,,,,,,,,,,,,,,,,,,,,,,,,,,,,,,,,,,,,,,,,,,0.139674963738481,0.23204865739398692,0.4176612995328476,0.3346826835758848,,,,0.35441615317338354,,,,,,,,74.34516701225184,74.34516701225184,73.38262799659809,73.38262799659809,72.00972038214537,72.00972038214537,67.77655958065115,67.77655958065115,,,,,-0.00661759252925248,,1.1013735370611073,1.1013735370611073,1.2249443427172768,1.2249443427172768,53.70648845075302,53.70648845075302,,74.59400177001953,74.59400177001953,73.82428596133278,73.82428596133278,71.00333356100415,71.00333356100415,67.78607152000306,67.78607152000306,69.89720031738281,71.10805004119874,0,44257861.830139158657000,86669203.77607194,,,,,,,
2025-06-16,,,,,,,73.970001220703120,74.639999389648440,73.595001220703120,74.449996948242190,656800,,,,,74.449996948242190,,,,,,,,,,,,,,,,,,,,,,,,,,,,,,,,,,,,,,,,,,,,,,,,,,,,,,,,,,,,,,,,,,,,,,,,,,,,,,,,,,,,,,,,,,,,,,,,,,,,,,,,,,,,,,,,,,,,,,,,,,,,,,,,,,,,,,,,,,,,,0.16201819453858793,0.21795632867968615,0.4171745405408581,0.33467917967277355,,,,0.332656009467403,,,,,,,,74.38011032424862,74.38011032424862,73.47966153765664,73.47966153765664,72.08597902483591,72.08597902483591,67.82931402624476,67.82931402624476,,,,,0.008768945181156725,,1.046145876470959,1.046145876470959,1.1891846494680132,1.1891846494680132,56.202675523110734,56.202675523110734,,74.5000015258789,74.5000015258789,73.89619046165829,73.89619046165829,70.99222237723214,70.99222237723214,67.85865087357779,67.85865087357779,69.98240020751953,71.17755002975464,0,48898757.995605470392000,86428225.23154001,,,,,,,
2025-06-17,,,,,,,73.849998474121100,73.955001831054690,72.065002441406250,72.760002136230470,733300,,,,,72.760002136230470,,,,,,,,,,,,,,,,,,,,,,,,,,,,,,,,,,,,,,,,,,,,,,,,,,,,,,,,,,,,,,,,,,,,,,,,,,,,,,,,,,,,,,,,,,,,,,,,,,,,,,,,,,,,,,,,,,,,,,,,,,,,,,,,,,,,,,,,,,,,,0.19418039422959132,0.22584591593259712,0.41963201581361415,0.3333867985965135,,,,0.29355363729557127,,,,,,,,73.84007426157591,73.84007426157591,73.41423795570881,73.41423795570881,72.10704224706699,72.10704224706699,67.8682917978652,67.8682917978652,,,,,-0.022961335129436426,,0.8561400505322183,0.8561400505322183,1.1225757296808543,1.1225757296808543,48.83030405941294,48.83030405941294,,73.94200134277344,73.94200134277344,73.83190482003349,73.83190482003349,70.95190490238251,70.95190490238251,67.93257944924491,67.93257944924491,70.1136003112793,71.24110004425049,0,53354909.566497803651000,86430214.71422589,,,,,,,
2025-06-18,,,,,,,72.750000000000000,73.334999084472660,72.169998168945310,72.629997253417970,683800,,,,,72.629997253417970,,,,,,,,,,,,,,,,,,,,,,,,,,,,,,,,,,,,,,,,,,,,,,,,,,,,,,,,,,,,,,,,,,,,,,,,,,,,,,,,,,,,,,,,,,,,,,,,,,,,,,,,,,,,,,,,,,,,,,,,,,,,,,,,,,,,,,,,,,,,,0.1838404737642774,0.20974208211656553,0.4186894286564362,0.3333310665881287,,,,0.2550073743847342,,,,,,,,73.4367152588566,73.4367152588566,73.34294334640964,73.34294334640964,72.12338459101545,72.12338459101545,67.9059337382253,67.9059337382253,,,,,-0.0017883612078838278,,0.6871477455349719,0.6871477455349719,1.0354901328516777,1.0354901328516777,48.30537017242635,48.30537017242635,,73.58600006103515,73.58600006103515,73.68238103957404,73.68238103957404,70.89349219912575,70.89349219912575,68.00428578210256,68.00428578210256,70.25980026245117,71.28965003967285,0,49664392.121887207886000,86152984.35342577,,,,,,,
2025-06-20,,,,,,,73.099998474121100,73.800003051757810,72.830001831054690,73.569999694824220,1158100,,,,,73.569999694824220,,,,,,,,,,,,,,,,,,,,,,,,,,,,,,,,,,,,,,,,,,,,,,,,,,,,,,,,,,,,,,,,,,,,,,,,,,,,,,,,,,,,,,,,,,,,,,,,,,,,,,,,,,,,,,,,,,,,,,,,,,,,,,,,,,,,,,,,,,,,,0.22414840465987754,0.2108602432663886,0.4181739328198767,0.33353717335950767,,,,0.2874157663400403,,,,,,,,73.48114340417914,73.48114340417914,73.36358483262914,73.36358483262914,72.16859131300947,72.16859131300947,67.95070896317864,67.95070896317864,,,,,0.012859307994078062,,0.6219015731788318,0.6219015731788318,0.9527724209171086,0.9527724209171086,52.2983963827467,52.2983963827467,,73.44199981689454,73.44199981689454,73.62857164655414,73.62857164655414,70.87095254565043,70.87095254565043,68.07944450681171,68.07944450681171,70.47100028991699,71.33695003509521,0,85201416.646575929182000,85225810.88894436,,,,,,,
2025-06-23,,,,,,,73.550003051757810,73.769996643066400,71.845001220703120,73.250000000000000,878500,,,,,73.250000000000000,,,,,,,,,,,,,,,,,,,,,,,,,,,,,,,,,,,,,,,,,,,,,,,,,,,,,,,,,,,,,,,,,,,,,,,,,,,,,,,,,,,,,,,,,,,,,,,,,,,,,,,,,,,,,,,,,,,,,,,,,,,,,,,,,,,,,,,,,,,,,0.2217446716828204,0.18997231904705023,0.4173748328646867,0.33260464936471323,,,,0.3132594271418881,,,,,,,,73.40409560278609,73.40409560278609,73.35325893875377,73.35325893875377,72.20238533447792,72.20238533447792,67.99260059192822,67.99260059192822,,,,,-0.004359081898895538,,0.5381685385756043,0.5381685385756043,0.8698516444488077,0.8698516444488077,50.8581959153495,50.8581959153495,,73.33199920654297,73.33199920654297,73.6519048781622,73.6519048781622,70.85952395484561,70.85952395484561,68.15853180961004,68.15853180961004,70.5644002532959,71.38405002593994,0,64350125.000000000000000,83992565.35967267,,,,,,,
2025-06-24,,,,,,,73.580001831054690,75.129997253417970,72.855003356933600,74.980003356933600,848600,,,,,74.980003356933600,,,,,,,,,,,,,,,,,,,,,,,,,,,,,,,,,,,,,,,,,,,,,,,,,,,,,,,,,,,,,,,,,,,,,,,,,,,,,,,,,,,,,,,,,,,,,,,,,,,,,,,,,,,,,,,,,,,,,,,,,,,,,,,,,,,,,,,,,,,,,0.2805822844942453,0.20582945712144857,0.4199719895183896,0.333249272834233,,,,0.3187287442254876,,,,,,,,73.92939818750193,73.92939818750193,73.50114479495194,73.50114479495194,72.28918589767967,72.28918589767967,68.04783697742234,68.04783697742234,,,,,0.023343208181641848,,0.6044387246837175,0.6044387246837175,0.8167690604957897,0.8167690604957897,57.648448978922644,57.648448978922644,,73.43800048828125,73.43800048828125,73.76238105410621,73.76238105410621,70.87190500895183,70.87190500895183,68.24257944500636,68.24257944500636,70.76060035705567,71.43340003967285,0,63628030.848693852960000,83694611.93487379,,,,,,,
2025-06-25,,,,,,,74.970001220703120,75.095001220703120,74.194999694824220,74.949996948242190,554000,,,,,74.949996948242190,,,,,,,,,,,,,,,,,,,,,,,,,,,,,,,,,,,,,,,,,,,,,,,,,,,,,,,,,,,,,,,,,,,,,,,,,,,,,,,,,,,,,,,,,,,,,,,,,,,,,,,,,,,,,,,,,,,,,,,,,,,,,,,,,,,,,,,,,,,,,0.1872831650939928,0.18067151552534813,0.4195170972488602,0.33201160156610304,,,,0.37768827631902013,,,,,,,,74.26959777441535,74.26959777441535,73.63285862706923,73.63285862706923,72.37233624300976,72.37233624300976,68.10239950683594,68.10239950683594,,,,,-0.0004002722474615934,,0.6470779464433747,0.6470779464433747,0.7828308376853067,0.7828308376853067,57.500041843495474,57.500041843495474,,73.8759994506836,73.8759994506836,73.95952388218471,73.95952388218471,70.87222241598462,70.87222241598462,68.33226197863382,68.33226197863382,70.93580024719239,71.48015003204345,0,41522298.309326173260000,83064781.09326439,,,,,,,
2025-06-26,,,,,,,74.919998168945310,75.680000305175780,74.279998779296880,74.629997253417970,617600,,,,,74.629997253417970,,,,,,,,,,,,,,,,,,,,,,,,,,,,,,,,,,,,,,,,,,,,,,,,,,,,,,,,,,,,,,,,,,,,,,,,,,,,,,,,,,,,,,,,,,,,,,,,,,,,,,,,,,,,,,,,,,,,,,,,,,,,,,,,,,,,,,,,,,,,,0.19444711777146403,0.16451020612832046,0.4191889427857781,0.33134757101517287,,,,0.3301950346399697,,,,,,,,74.38973093408289,74.38973093408289,73.72350759310093,73.72350759310093,72.442888149585,72.442888149585,68.15400107005001,68.15400107005001,,,,,-0.00427864949071495,,0.6475835952839759,0.6475835952839759,0.7557813892050406,0.7557813892050406,55.84883492284876,55.84883492284876,,74.2759994506836,74.2759994506836,74.05952380952381,74.05952380952381,70.87841288248698,70.87841288248698,68.42484133584159,68.42484133584159,71.07240013122559,71.52230003356934,0,46091486.303710938272000,81556936.55935015,,,,,,,
2025-06-27,,,,,,,74.629997253417970,75.489997863769530,74.199996948242190,75.459999084472660,1038900,,,,,75.459999084472660,,,,,,,,,,,,,,,,,,,,,,,,,,,,,,,,,,,,,,,,,,,,,,,,,,,,,,,,,,,,,,,,,,,,,,,,,,,,,,,,,,,,,,,,,,,,,,,,,,,,,,,,,,,,,,,,,,,,,,,,,,,,,,,,,,,,,,,,,,,,,0.19049755279641023,0.16790811648431953,0.41838846192323703,0.3314763158408426,,,,0.3464002443866048,,,,,,,,74.74648698421281,74.74648698421281,73.8813704559529,73.8813704559529,72.53717286630024,72.53717286630024,68.21175599506522,68.21175599506522,,,,,0.011060168062904692,,0.7068108611516664,0.7068108611516664,0.7459872835943657,0.7459872835943657,59.12737180602762,59.12737180602762,,74.65399932861328,74.65399932861328,74.1942858014788,74.1942858014788,70.87761918325273,70.87761918325273,68.52091276077996,68.52091276077996,71.26300010681152,71.56445003509522,0,78395393.048858646474000,81771255.56273082,,,,,,,
2025-06-30,,,,,,,75.379997253417970,76.088996887207030,74.750000000000000,75.839996337890620,755700,,,,,75.839996337890620,,,,,,,,,,,,,,,,,,,,,,,,,,,,,,,,,,,,,,,,,,,,,,,,,,,,,,,,,,,,,,,,,,,,,,,,,,,,,,,,,,,,,,,,,,,,,,,,,,,,,,,,,,,,,,,,,,,,,,,,,,,,,,,,,,,,,,,,,,,,,0.1719753550445006,0.16807800432002176,0.41799765309065895,0.33129864830511696,,,,0.3653925444776696,,,,,,,,75.11099010210542,75.11099010210542,74.05942735431088,74.05942735431088,72.64038609978745,72.64038609978745,68.27205829026542,68.27205829026542,,,,,0.005023107255911466,,0.7754723362648122,0.7754723362648122,0.751884294128455,0.751884294128455,60.57094998738338,60.57094998738338,,75.1719985961914,75.1719985961914,74.3480951218378,74.3480951218378,70.8949207124256,70.8949207124256,68.62047623831128,68.62047623831128,71.46640007019043,71.60190002441406,0,57312285.232543941534000,80387217.23308866,,,,,,,
2025-07-01,,,,,,,76.730003356933600,78.860000610351560,76.339996337890620,77.889999389648440,1066500,,,,,77.889999389648440,,,,,,,,,,,,,,,,,,,,,,,,,,,,,,,,,,,,,,,,,,,,,,,,,,,,,,,,,,,,,,,,,,,,,,,,,,,,,,,,,,,,,,,,,,,,,,,,,,,,,,,,,,,,,,,,,,,,,,,,,,,,,,,,,,,,,,,,,,,,,0.19237823856673514,0.18808443461629457,0.4199997214689869,0.3321045436146051,,,,0.30002744419887345,,,,,,,,76.03732653128642,76.03732653128642,74.4076611757052,74.4076611757052,72.8044365150956,72.8044365150956,68.34808944520125,68.34808944520125,,,,,0.02667175743632821,,0.983962654670151,0.983962654670151,0.7982999662367942,0.7982999662367942,67.28408714957159,67.28408714957159,,75.75399780273438,75.75399780273438,74.57666669573102,74.57666669573102,70.92428576757037,70.92428576757037,68.72587305401998,68.72587305401998,71.69900001525879,71.64430000305175,1,83069684.349060061260000,80173637.98208691,,,,,,,
2025-07-02,,,,,,,77.370002746582030,78.430000305175780,77.250000000000000,78.250000000000000,1166500,,,,,78.250000000000000,,,,,,,,,,,,,,,,,,,,,,,,,,,,,,,,,,,,,,,,,,,,,,,,,,,,,,,,,,,,,,,,,,,,,,,,,,,,,,,,,,,,,,,,,,,,,,,,,,,,,,,,,,,,,,,,,,,,,,,,,,,,,,,,,,,,,,,,,,,,,0.1822465251584405,0.18791043285515546,0.4200250692061731,0.33091874262954607,,,,0.3234962485463315,,,,,,,,76.77488435419095,76.77488435419095,74.75696470518655,74.75696470518655,72.97461037399886,72.97461037399886,68.42636541796647,68.42636541796647,,,,,0.0046112623244763985,,1.164814518010985,1.164814518010985,0.8716028765916324,0.8716028765916324,68.30464639499986,68.30464639499986,,76.41399841308593,76.41399841308593,74.82095227922711,74.82095227922711,70.95460328601655,70.95460328601655,68.82654765295604,68.82654765295604,71.98520004272461,71.69229999542236,1,91278625.000000000000000,79582651.87359159,,,,,,,
2025-07-03,,,,,,,78.160003662109380,78.855003356933600,77.823997497558600,78.500000000000000,474300,,,,,78.500000000000000,,,,,,,,,,,,,,,,,,,,,,,,,,,,,,,,,,,,,,,,,,,,,,,,,,,,,,,,,,,,,,,,,,,,,,,,,,,,,,,,,,,,,,,,,,,,,,,,,,,,,,,,,,,,,,,,,,,,,,,,,,,,,,,,,,,,,,,,,,,,,0.15456188462239945,0.18256960494807425,0.4200112158945775,0.3296415791128335,,,,0.2938133363690295,,,,,,,,77.34992290279396,77.34992290279396,75.09724064107868,75.09724064107868,73.1472787998114,73.1472787998114,68.50599889292324,68.50599889292324,,,,,0.003189795368100081,,1.3131763537565178,1.3131763537565178,0.9599175720246095,0.9599175720246095,69.02721793251999,69.02721793251999,,77.18799896240235,77.18799896240235,75.02285693940662,75.02285693940662,70.98444451226129,70.98444451226129,68.93388891976977,68.93388891976977,72.25639999389648,71.73479999542236,1,37232550.000000000000000,78507463.71862623,,,,,,,
2025-07-07,,,,,,,78.389999389648440,78.855003356933600,76.160003662109380,76.239997863769530,924000,,,,,76.239997863769530,,,,,,,,,,,,,,,,,,,,,,,,,,,,,,,,,,,,,,,,,,,,,,,,,,,,,,,,,,,,,,,,,,,,,,,,,,,,,,,,,,,,,,,,,,,,,,,,,,,,,,,,,,,,,,,,,,,,,,,,,,,,,,,,,,,,,,,,,,,,,0.3175165996180945,0.20990131783340746,0.3850291414642987,0.331082854564164,,,,0.2204338616253514,,,,,,,,76.97994788978582,76.97994788978582,75.20112766132331,75.20112766132331,73.2439262705601,73.2439262705601,68.56713722470859,68.56713722470859,,,,,-0.029212393462228536,,1.2341642158663433,1.2341642158663433,1.0147669007929563,1.0147669007929563,56.48978328631772,56.48978328631772,,77.34399871826172,77.34399871826172,75.07523781912667,75.07523781912667,71.08047618563214,71.08047618563214,69.03166669512552,69.03166669512552,72.46319992065429,71.75704998016357,1,70445758.026123045720000,76166285.94792078,,,,,,,
2025-07-08,,,,,,,76.029998779296880,76.705001831054690,74.830001831054690,75.080001831054690,1032600,,,,,75.080001831054690,,,,,,,,,,,,,,,,,,,,,,,,,,,,,,,,,,,,,,,,,,,,,,,,,,,,,,,,,,,,,,,,,,,,,,,,,,,,,,,,,,,,,,,,,,,,,,,,,,,,,,,,,,,,,,,,,,,,,,,,,,,,,,,,,,,,,,,,,,,,,0.33777355699318695,0.21684224550931822,0.3670147252129106,0.3311174713408931,,,,0.16473043842003243,,,,,,,,76.34663253687545,76.34663253687545,75.19011622220798,75.19011622220798,73.30130363182555,73.30130363182555,68.61862232041094,68.61862232041094,,,,,-0.015331995219777917,,1.0656602737031449,1.0656602737031449,1.0249455753749939,1.0249455753749939,51.33582180352145,51.33582180352145,,77.19199981689454,77.19199981689454,75.06142825172061,75.06142825172061,71.22142864408947,71.22142864408947,69.12781750209747,69.12781750209747,72.61419998168945,71.77079998016357,1,77527609.890747072894000,75428536.35438587,,,,,,,
2025-07-09,,,,,,,75.319999694824220,75.319999694824220,73.870002746582030,74.190002441406250,580600,,,,,74.190002441406250,,,,,,,,,,,,,,,,,,,,,,,,,,,,,,,,,,,,,,,,,,,,,,,,,,,,,,,,,,,,,,,,,,,,,,,,,,,,,,,,,,,,,,,,,,,,,,,,,,,,,,,,,,,,,,,,,,,,,,,,,,,,,,,,,,,,,,,,,,,,,0.2228596809041613,0.21942671682461265,0.366777999736849,0.33076085734954036,,,,0.1725307932816457,,,,,,,,75.62775583838571,75.62775583838571,75.09919678758963,75.09919678758963,73.32907546962494,73.32907546962494,68.66266485101168,68.66266485101168,,,,,-0.011924832997438246,,0.8505001366665397,0.8505001366665397,0.9900564876333031,0.9900564876333031,47.73712384496034,47.73712384496034,,76.45200042724609,76.45200042724609,75.03047616141183,75.03047616141183,71.36222233847967,71.36222233847967,69.22420639461942,69.22420639461942,72.77660003662109,71.78110000610351,1,43074715.417480468750000,73147148.73994495,,,,,,,
2025-07-10,,,,,,,74.300003051757810,75.900001525878900,73.905998229980470,75.879997253417970,766500,,,,,75.879997253417970,,,,,,,,,,,,,,,,,,,,,,,,,,,,,,,,,,,,,,,,,,,,,,,,,,,,,,,,,,,,,,,,,,,,,,,,,,,,,,,,,,,,,,,,,,,,,,,,,,,,,,,,,,,,,,,,,,,,,,,,,,,,,,,,,,,,,,,,,,,,,0.3133903772476232,0.23339727592395088,0.3607442994770294,0.331351666182536,,,,0.21178330891387329,,,,,,,,75.71183631006313,75.71183631006313,75.17017864811949,75.17017864811949,73.40879177536847,73.40879177536847,68.7197188620979,68.7197188620979,,,,,0.022523705761505156,,0.8070494714374661,0.8070494714374661,0.9534550843941357,0.9534550843941357,54.28979526705603,54.28979526705603,,75.97799987792969,75.97799987792969,75.07619040352958,75.07619040352958,71.56650803581117,71.56650803581117,69.32833337026929,69.32833337026929,72.97279998779297,71.79880001068115,1,58162017.894744874005000,72723341.63129897,,,,,,,
2025-07-11,,,,,,,75.180000305175780,75.209999084472660,73.412002563476560,73.800003051757810,715900,,,,,73.800003051757810,,,,,,,,,,,,,,,,,,,,,,,,,,,,,,,,,,,,,,,,,,,,,,,,,,,,,,,,,,,,,,,,,,,,,,,,,,,,,,,,,,,,,,,,,,,,,,,,,,,,,,,,,,,,,,,,,,,,,,,,,,,,,,,,,,,,,,,,,,,,,0.33186039517990445,0.25118178654301765,0.32556632462043483,0.3308261636141008,,,,0.18241499539264602,,,,,,,,75.0745585572947,75.0745585572947,75.04561723026842,75.04561723026842,73.42101712775565,73.42101712775565,68.75987921142328,68.75987921142328,,,,,-0.027794335912265575,,0.5978843191006291,0.5978843191006291,0.8823409313354343,0.8823409313354343,46.55341106765146,46.55341106765146,,75.03800048828126,75.03800048828126,74.99285707019624,74.99285707019624,71.64936519804455,71.64936519804455,69.4306349678645,69.4306349678645,73.12380004882813,71.81805004119873,1,52833422.184753416179000,71051939.31324671,,,,,,,
2025-07-14,,,,,,,73.580001831054690,74.339996337890620,73.269996643066400,74.069999694824220,556900,,,,,74.069999694824220,,,,,,,,,,,,,,,,,,,,,,,,,,,,,,,,,,,,,,,,,,,,,,,,,,,,,,,,,,,,,,,,,,,,,,,,,,,,,,,,,,,,,,,,,,,,,,,,,,,,,,,,,,,,,,,,,,,,,,,,,,,,,,,,,,,,,,,,,,,,,0.3077863362021606,0.24630167678752796,0.3078393463573543,0.33082792455510635,,,,0.2319919296906307,,,,,,,,74.73970560313786,74.73970560313786,74.95692472704623,74.95692472704623,73.44129783297653,73.44129783297653,68.80185644844622,68.80185644844622,,,,,0.003651814946940442,,0.4487331847326175,0.4487331847326175,0.795619382014871,0.795619382014871,47.597300282949725,47.597300282949725,,74.60400085449218,74.60400085449218,74.97666640508743,74.97666640508743,71.7906350635347,71.7906350635347,69.53337306068057,69.53337306068057,73.28279998779297,71.83780002593994,1,41249582.830047608118000,70530841.6293008,,,,,,,
2025-07-15,,,,,,,76.220001220703120,76.330001831054690,73.569999694824220,73.680000305175780,768500,,,,,73.680000305175780,,,,,,,,,,,,,,,,,,,,,,,,,,,,,,,,,,,,,,,,,,,,,,,,,,,,,,,,,,,,,,,,,,,,,,,,,,,,,,,,,,,,,,,,,,,,,,,,,,,,,,,,,,,,,,,,,,,,,,,,,,,,,,,,,,,,,,,,,,,,,0.2961765676987608,0.2468899539762687,0.3069426873937442,0.3301285281450565,,,,0.14849245153915963,,,,,,,,74.38647050381716,74.38647050381716,74.84084068869437,74.84084068869437,73.44875728523276,73.44875728523276,68.8404188504757,68.8404188504757,,,,,-0.005279191816138751,,0.29565205196824706,0.29565205196824706,0.6956259160055462,0.6956259160055462,46.19381301813921,46.19381301813921,,74.32400054931641,74.32400054931641,74.94761875697544,74.94761875697544,71.90952391851516,71.90952391851516,69.62988099597749,69.62988099597749,73.44399993896485,71.85600002288818,1,56623080.234527586930000,70341372.98970903,,,,,,,
2025-07-16,,,,,,,73.750000000000000,73.750000000000000,71.980003356933600,73.029998779296880,530900,,,,,73.029998779296880,,,,,,,,,,,,,,,,,,,,,,,,,,,,,,,,,,,,,,,,,,,,,,,,,,,,,,,,,,,,,,,,,,,,,,,,,,,,,,,,,,,,,,,,,,,,,,,,,,,,,,,,,,,,,,,,,,,,,,,,,,,,,,,,,,,,,,,,,,,,,0.2916222295762777,0.24772360866061593,0.304254148665077,0.3301738770229238,,,,0.15909116102784415,,,,,,,,73.93431326231041,73.93431326231041,74.67621869693096,74.67621869693096,73.43567108192227,73.43567108192227,68.87353805939918,68.87353805939918,,,,,-0.008861097172032534,,0.12049546381247467,0.12049546381247467,0.5805998255669319,0.5805998255669319,43.871890937090825,43.871890937090825,,74.09199981689453,74.09199981689453,74.91095188685826,74.91095188685826,71.99253972371419,71.99253972371419,69.72523813399057,69.72523813399057,73.55219985961914,71.87505001068115,1,38771626.351928713592000,69954969.87083678,,,,,,,
2025-07-17,,,,,,,73.160003662109380,74.055000305175780,73.050003051757810,73.860000610351560,424500,,,,,73.860000610351560,,,,,,,,,,,,,,,,,,,,,,,,,,,,,,,,,,,,,,,,,,,,,,,,,,,,,,,,,,,,,,,,,,,,,,,,,,,,,,,,,,,,,,,,,,,,,,,,,,,,,,,,,,,,,,,,,,,,,,,,,,,,,,,,,,,,,,,,,,,,,0.2347016225437407,0.2490689717177601,0.29905554786126615,0.3298402103422512,,,,0.15164256688996092,,,,,,,,73.90954237832412,73.90954237832412,74.60201705269647,74.60201705269647,73.44893137968567,73.44893137968567,68.9129567356913,68.9129567356913,,,,,0.011301118771118291,,0.048102323275259096,0.048102323275259096,0.47410032510859734,0.47410032510859734,47.50072018308827,47.50072018308827,,73.68800048828125,73.68800048828125,74.88285682314918,74.88285682314918,72.11841274443127,72.11841274443127,69.82698416331458,69.82698416331458,73.69159988403321,71.9038500213623,1,31353570.259094237220000,69518532.6007843,,,,,,,
2025-07-18,,,,,,,74.290000915527340,74.660003662109380,72.980003356933600,73.279998779296880,584200,,,,,73.279998779296880,,,,,,,,,,,,,,,,,,,,,,,,,,,,,,,,,,,,,,,,,,,,,,,,,,,,,,,,,,,,,,,,,,,,,,,,,,,,,,,,,,,,,,,,,,,,,,,,,,,,,,,,,,,,,,,,,,,,,,,,,,,,,,,,,,,,,,,,,,,,,0.1373839583924045,0.23702958638331098,0.29946621141947954,0.32806020949042763,,,,0.14178613355549946,,,,,,,,73.6996945119817,73.6996945119817,74.4818335732965,74.4818335732965,73.44365223592354,73.44365223592354,68.94747880718225,68.94747880718225,,,,,-0.007883713980237093,,-0.055432076184473544,-0.055432076184473544,0.3681938448499832,0.3681938448499832,45.29683494160108,45.29683494160108,,73.58399963378906,73.58399963378906,74.9076185680571,74.9076185680571,72.23920640491303,72.23920640491303,69.9192063770597,69.9192063770597,73.84779983520508,71.93240001678467,1,42810175.286865237296000,69520407.35439119,,,,,,,
2025-07-21,,,,,,,73.239997863769530,73.394996643066400,72.300003051757810,72.339996337890620,436600,,,,,72.339996337890620,,,,,,,,,,,,,,,,,,,,,,,,,,,,,,,,,,,,,,,,,,,,,,,,,,,,,,,,,,,,,,,,,,,,,,,,,,,,,,,,,,,,,,,,,,,,,,,,,,,,,,,,,,,,,,,,,,,,,,,,,,,,,,,,,,,,,,,,,,,,,0.14875337947571565,0.24137883231619403,0.30051741142949584,0.32352614708737887,,,,0.1275635637925217,,,,,,,,73.24646178728467,73.24646178728467,74.28712109735052,74.28712109735052,73.40916298911,73.40916298911,68.9742971275831,68.9742971275831,,,,,-0.01291052780743185,,-0.2109030160877836,-0.2109030160877836,0.2523744726624298,0.2523744726624298,41.903524195216626,41.903524195216626,,73.23799896240234,73.23799896240234,74.89380900065105,74.89380900065105,72.33571424938384,72.33571424938384,69.99595239427354,69.99595239427354,73.9847998046875,71.9454999923706,1,31583642.401123044692000,69064330.56798662,,,,,,,
2025-07-22,,,,,,,72.580001831054690,73.300003051757810,72.110000610351560,72.919998168945310,550600,,,,,72.919998168945310,,,,,,,,,,,,,,,,,,,,,,,,,,,,,,,,,,,,,,,,,,,,,,,,,,,,,,,,,,,,,,,,,,,,,,,,,,,,,,,,,,,,,,,,,,,,,,,,,,,,,,,,,,,,,,,,,,,,,,,,,,,,,,,,,,,,,,,,,,,,,0.17341403998780916,0.2386337413743781,0.2911868068911571,0.3216371117513472,,,,0.10579598024446686,,,,,,,,73.13764058117155,73.13764058117155,74.16283719476823,74.16283719476823,73.39387658847986,73.39387658847986,69.00548844016305,69.00548844016305,,,,,0.007985748799626581,,-0.28403932702660484,-0.28403932702660484,0.14509171272462287,0.14509171272462287,44.658342764774375,44.658342764774375,,73.08599853515625,73.08599853515625,74.86285654703777,74.86285654703777,72.47825392465742,72.47825392465742,70.06714286501446,70.06714286501446,74.11059982299804,71.97359996795655,1,40149750.991821287686000,68903596.12467933,,,,,,,
2025-07-23,,,,,,,73.699996948242190,74.690002441406250,73.272003173828120,74.400001525878900,507300,,,,,74.400001525878900,,,,,,,,,,,,,,,,,,,,,,,,,,,,,,,,,,,,,,,,,,,,,,,,,,,,,,,,,,,,,,,,,,,,,,,,,,,,,,,,,,,,,,,,,,,,,,,,,,,,,,,,,,,,,,,,,,,,,,,,,,,,,,,,,,,,,,,,,,,,,0.2180892397738761,0.2483853787818836,0.292186500281474,0.32209276123018205,,,,0.10144650888122496,,,,,,,,73.55842756274068,73.55842756274068,74.18439758850556,74.18439758850556,73.42531799277357,73.42531799277357,69.04813281238214,69.04813281238214,,,,,0.020093037648168225,,-0.220039994279972,-0.220039994279972,0.0720653713237039,0.0720653713237039,51.038299395288654,51.038299395288654,,73.35999908447266,73.35999908447266,74.91761852446056,74.91761852446056,72.62841264028398,72.62841264028398,70.14571430569603,70.14571430569603,74.19399978637695,72.00744998931884,1,37743120.774078365970000,68874012.20856924,,,,,,,
2025-07-24,,,,,,,74.300003051757810,74.900001525878900,73.620002746582030,73.930000305175780,449100,,,,,73.930000305175780,,,,,,,,,,,,,,,,,,,,,,,,,,,,,,,,,,,,,,,,,,,,,,,,,,,,,,,,,,,,,,,,,,,,,,,,,,,,,,,,,,,,,,,,,,,,,,,,,,,,,,,,,,,,,,,,,,,,,,,,,,,,,,,,,,,,,,,,,,,,,0.21537887321599924,0.23529084547789267,0.2915495319292639,0.3220299946882314,,,,0.037471818371004724,,,,,,,,73.68228514355238,73.68228514355238,74.1612705627483,74.1612705627483,73.44108931503615,73.44108931503615,69.08672465026984,69.08672465026984,,,,,-0.006337258651260571,,-0.2048834635028811,-0.2048834635028811,0.016675604358386904,0.016675604358386904,49.102372249758,49.102372249758,,73.3739990234375,73.3739990234375,74.86761837913876,74.86761837913876,72.75587293836806,72.75587293836806,70.22428573123993,70.22428573123993,74.17659973144531,72.04079998016357,1,33201963.137054442798000,68731776.36985174,,,,,,,
2025-07-25,,,,,,,73.839996337890620,74.910003662109380,73.605003356933600,74.750000000000000,453300,,,,,74.750000000000000,,,,,,,,,,,,,,,,,,,,,,,,,,,,,,,,,,,,,,,,,,,,,,,,,,,,,,,,,,,,,,,,,,,,,,,,,,,,,,,,,,,,,,,,,,,,,,,,,,,,,,,,,,,,,,,,,,,,,,,,,,,,,,,,,,,,,,,,,,,,,0.21255265602164417,0.23876323176018965,0.2885419116921325,0.31912892003637583,,,,0.03541869284688805,,,,,,,,74.03819009570158,74.03819009570158,74.21479142068027,74.21479142068027,73.48199277394127,73.48199277394127,69.13149362536652,69.13149362536652,,,,,0.011030508573885276,,-0.12526075332399955,-0.12526075332399955,-0.011711667178090386,-0.011711667178090386,52.48840979232381,52.48840979232381,,73.66799926757812,73.66799926757812,74.85809471493675,74.85809471493675,72.87047613234748,72.87047613234748,70.29615081302704,70.29615081302704,74.20119979858399,72.07584999084473,1,33884175.000000000000000,68464727.14630611,,,,,,,
2025-07-28,,,,,,,74.760002136230470,74.760002136230470,73.654998779296880,73.769996643066400,399500,,,,,73.769996643066400,,,,,,,,,,,,,,,,,,,,,,,,,,,,,,,,,,,,,,,,,,,,,,,,,,,,,,,,,,,,,,,,,,,,,,,,,,,,,,,,,,,,,,,,,,,,,,,,,,,,,,,,,,,,,,,,,,,,,,,,,,,,,,,,,,,,,,,,,,,,,0.21399160080886737,0.24268366059823954,0.2861891375413312,0.3185211986251011,,,,0.03543128185320756,,,,,,,,73.94879227815652,73.94879227815652,74.17435553180628,74.17435553180628,73.49099289485143,73.49099289485143,69.16816163341157,69.16816163341157,,,,,-0.013197112879989094,,-0.13962772107799992,-0.13962772107799992,-0.03729487795807229,-0.03729487795807229,48.34863249276985,48.34863249276985,,73.95399932861328,73.95399932861328,74.81714230492001,74.81714230492001,72.99269830612909,72.99269830612909,70.35837302132258,70.35837302132258,74.25379974365234,72.11324996948242,1,29471113.658905026800000,68226936.95367481,,,,,,,
2025-07-29,,,,,,,73.800003051757810,74.199996948242190,73.250000000000000,73.550003051757810,365500,,,,,73.550003051757810,,,,,,,,,,,,,,,,,,,,,,,,,,,,,,,,,,,,,,,,,,,,,,,,,,,,,,,,,,,,,,,,,,,,,,,,,,,,,,,,,,,,,,,,,,,,,,,,,,,,,,,,,,,,,,,,,,,,,,,,,,,,,,,,,,,,,,,,,,,,,0.21501696268619236,0.23906624150550454,0.2863256605419846,0.3183785174292598,,,,-0.04609478868763186,,,,,,,,73.81586253602362,73.81586253602362,74.11759621543824,74.11759621543824,73.49283696225476,73.49283696225476,69.2028006960072,69.2028006960072,,,,,-0.002986610851072589,,-0.1668420396098469,-0.1668420396098469,-0.06320431028842721,-0.06320431028842721,47.444020792976495,47.444020792976495,,74.08000030517579,74.08000030517579,74.72619011288597,74.72619011288597,73.11142851814391,73.11142851814391,70.42186509995233,70.42186509995233,74.26599975585937,72.14534999847412,1,26882526.115417479555000,67775227.3405166,,,,,,,
2025-07-30,,,,,,,73.360000610351560,73.900001525878900,72.519996643066400,72.980003356933600,450100,,,,,72.980003356933600,,,,,,,,,,,,,,,,,,,,,,,,,,,,,,,,,,,,,,,,,,,,,,,,,,,,,,,,,,,,,,,,,,,,,,,,,,,,,,,,,,,,,,,,,,,,,,,,,,,,,,,,,,,,,,,,,,,,,,,,,,,,,,,,,,,,,,,,,,,,,0.14444381619998356,0.23896688938625454,0.28694340979558064,0.3184985092650025,,,,-0.09447109130470849,,,,,,,,73.53724280966028,73.53724280966028,74.01417868284692,74.01417868284692,73.47681091208847,73.47681091208847,69.23266000557975,69.23266000557975,,,,,-0.007780011533439643,,-0.23173252648417986,-0.23173252648417986,-0.09690995352757774,-0.09690995352757774,45.09001430405919,45.09001430405919,,73.79600067138672,73.79600067138672,74.58999997093564,74.58999997093564,73.21825396825396,73.21825396825396,70.48277780744765,70.48277780744765,74.24339981079102,72.16435001373291,1,32848299.510955813360000,67529811.4597381,,,,,,,
2025-07-31,,,,,,,72.059997558593750,73.029998779296880,71.139999389648440,71.360000610351560,708000,,,,,71.360000610351560,,,,,,,,,,,,,,,,,,,,,,,,,,,,,,,,,,,,,,,,,,,,,,,,,,,,,,,,,,,,,,,,,,,,,,,,,,,,,,,,,,,,,,,,,,,,,,,,,,,,,,,,,,,,,,,,,,,,,,,,,,,,,,,,,,,,,,,,,,,,,0.19744949154303948,0.2253388065105677,0.29085674317772847,0.31930112362269686,,,,-0.15850227492663574,,,,,,,,72.81149540989071,72.81149540989071,73.77288976716552,73.77288976716552,73.41066059015918,73.41066059015918,69.2494769273566,69.2494769273566,,,,,-0.022447980181407676,,-0.40916281334686744,-0.40916281334686744,-0.15936052549143567,-0.15936052549143567,39.14529266635232,39.14529266635232,,73.28200073242188,73.28200073242188,74.27904764811198,74.27904764811198,73.30142853752015,73.30142853752015,70.5384127298991,70.5384127298991,74.15519989013671,72.18065002441406,1,50522880.432128904480000,67219476.56325082,,,,,,,
2025-08-01,,,,,,,71.080001831054690,72.330001831054690,70.629997253417970,71.730003356933600,780700,,,,,71.730003356933600,,,,,,,,,,,,,,,,,,,,,,,,,,,,,,,,,,,,,,,,,,,,,,,,,,,,,,,,,,,,,,,,,,,,,,,,,,,,,,,,,,,,,,,,,,,,,,,,,,,,,,,,,,,,,,,,,,,,,,,,,,,,,,,,,,,,,,,,,,,,,0.16537713587359548,0.22562211638256813,0.29040671145786745,0.3181940183395625,,,,-0.2100406692542744,,,,,,,,72.450998058905,72.450998058905,73.5871728207808,73.5871728207808,73.3581400516209,73.3581400516209,69.26908583193823,69.26908583193823,,,,,0.005171620113031286,,-0.5139964336590026,-0.5139964336590026,-0.23028770712494906,-0.23028770712494906,41.05672655627527,41.05672655627527,,72.6780014038086,72.6780014038086,73.96857161748977,73.96857161748977,73.3984126741924,73.3984126741924,70.589127025907,70.589127025907,74.09580001831054,72.19860004425048,1,55999613.620758061520000,67171659.81961206,,,,,,,
2025-08-04,,,,,,,71.919998168945310,73.459999084472660,71.919998168945310,73.220001220703120,849500,,,,,73.220001220703120,,,,,,,,,,,,,,,,,,,,,,,,,,,,,,,,,,,,,,,,,,,,,,,,,,,,,,,,,,,,,,,,,,,,,,,,,,,,,,,,,,,,,,,,,,,,,,,,,,,,,,,,,,,,,,,,,,,,,,,,,,,,,,,,,,,,,,,,,,,,,0.25244944402571123,0.2402820029727615,0.28721646536718326,0.3188016727828257,,,,-0.1698484316705627,,,,,,,,72.70733244617104,72.70733244617104,73.5537935844101,73.5537935844101,73.35382321315471,73.35382321315471,69.30031836465574,69.30031836465574,,,,,0.020559507425888933,,-0.47141329880331284,-0.47141329880331284,-0.27851282546062184,-0.27851282546062184,48.12321335652153,48.12321335652153,,72.56800231933593,72.56800231933593,73.71714310418992,73.71714310418992,73.48730153886099,73.48730153886099,70.64603178841728,70.64603178841728,74.105,72.21775005340577,1,62200391.036987300440000,67096152.904013984,,,,,,,
2025-08-05,,,,,,,73.500000000000000,73.519996643066400,72.055000305175780,72.430000305175780,870000,,,,,72.430000305175780,,,,,,,,,,,,,,,,,,,,,,,,,,,,,,,,,,,,,,,,,,,,,,,,,,,,,,,,,,,,,,,,,,,,,,,,,,,,,,,,,,,,,,,,,,,,,,,,,,,,,,,,,,,,,,,,,,,,,,,,,,,,,,,,,,,,,,,,,,,,,0.2613835673568558,0.22315448843634766,0.28721538089021986,0.3186685234974491,,,,-0.13578416210539498,,,,,,,,72.61488839917263,72.61488839917263,73.45163055902516,73.45163055902516,73.32495374728036,73.32495374728036,69.3250589333555,69.3250589333555,,,,,-0.01084804194318319,,-0.4956982285874574,-0.4956982285874574,-0.32194990608598895,-0.32194990608598895,45.04006155098087,45.04006155098087,,72.34400177001953,72.34400177001953,73.53571464901879,73.53571464901879,73.57523806132967,73.57523806132967,70.70305559370253,70.70305559370253,74.10039993286132,72.23130004882813,1,63014100.265502928600000,67114049.29814415,,,,,,,
2025-08-06,,,,,,,72.900001525878900,73.000000000000000,71.444999694824220,72.569999694824220,879300,,,,,72.569999694824220,,,,,,,,,,,,,,,,,,,,,,,,,,,,,,,,,,,,,,,,,,,,,,,,,,,,,,,,,,,,,,,,,,,,,,,,,,,,,,,,,,,,,,,,,,,,,,,,,,,,,,,,,,,,,,,,,,,,,,,,,,,,,,,,,,,,,,,,,,,,,0.259441574785111,0.21855484274644868,0.2834801843726647,0.3183652759271964,,,,-0.046342619945456014,,,,,,,,72.59992549772315,72.59992549772315,73.37148229864326,73.37148229864326,73.30136143314111,73.30136143314111,69.35071063897976,69.35071063897976,,,,,0.0019310266641607585,,-0.497907857835699,-0.497907857835699,-0.35714149643593096,-0.35714149643593096,45.70394493244196,45.70394493244196,,72.26200103759766,72.26200103759766,73.41619073776971,73.41619073776971,73.6879364498078,73.6879364498078,70.7636111425975,70.7636111425975,74.13559997558593,72.23705005645752,1,63810800.731658936646000,66937131.77963741,,,,,,,
2025-08-07,,,,,,,73.569999694824220,73.889999389648440,71.650001525878900,71.949996948242190,1318600,,,,,71.949996948242190,,,,,,,,,,,,,,,,,,,,,,,,,,,,,,,,,,,,,,,,,,,,,,,,,,,,,,,,,,,,,,,,,,,,,,,,,,,,,,,,,,,,,,,,,,,,,,,,,,,,,,,,,,,,,,,,,,,,,,,,,,,,,,,,,,,,,,,,,,,,,0.19936710619453926,0.21686828115220838,0.2842055919841575,0.3177734610943237,,,,-0.09174854512395234,,,,,,,,72.38328264789617,72.38328264789617,73.24225635769771,73.24225635769771,73.25913129298802,73.25913129298802,69.37125835683955,69.37125835683955,,,,,-0.008580218166388778,,-0.5434237937793682,-0.5434237937793682,-0.3943979559046184,-0.3943979559046184,43.21436621778225,43.21436621778225,,72.38000030517578,72.38000030517578,73.30952380952381,73.30952380952381,73.79047611781529,73.79047611781529,70.82634922814748,70.82634922814748,74.12399993896484,72.23475002288818,1,94873265.975952151734000,67532849.61846973,,,,,,,
2025-08-08,,,,,,,74.379997253417970,74.976997375488280,72.879997253417970,73.389999389648440,1758100,,,,,73.389999389648440,,,,,,,,,,,,,,,,,,,,,,,,,,,,,,,,,,,,,,,,,,,,,,,,,,,,,,,,,,,,,,,,,,,,,,,,,,,,,,,,,,,,,,,,,,,,,,,,,,,,,,,,,,,,,,,,,,,,,,,,,,,,,,,,,,,,,,,,,,,,,0.23887335456110897,0.21326857301838992,0.284827873185815,0.31756326112317845,,,,-0.200620342753142,,,,,,,,72.71885489514692,72.71885489514692,73.2556875424205,73.2556875424205,73.26322092100865,73.26322092100865,69.40302706065621,69.40302706065621,,,,,0.019816287322026133,,-0.45801957397881665,-0.45801957397881665,-0.40712227951945806,-0.40712227951945806,50.023506122353744,50.023506122353744,,72.71199951171874,72.71199951171874,73.19095248267764,73.19095248267764,73.8977777390253,73.8977777390253,70.88960319095187,70.88960319095187,74.13919998168946,72.23330001831054,1,129026957.926940922364000,68281717.38514976,,,,,,,
2025-08-11,,,,,,,73.169998168945310,74.209999084472660,71.400001525878900,71.860000610351560,788200,,,,,71.860000610351560,,,,,,,,,,,,,,,,,,,,,,,,,,,,,,,,,,,,,,,,,,,,,,,,,,,,,,,,,,,,,,,,,,,,,,,,,,,,,,,,,,,,,,,,,,,,,,,,,,,,,,,,,,,,,,,,,,,,,,,,,,,,,,,,,,,,,,,,,,,,,0.24608897616350972,0.2039225888267162,0.2687843947130568,0.3170624495824899,,,,-0.2081545308097754,,,,,,,,72.43257013354847,72.43257013354847,73.12880691223242,73.12880691223242,73.21937028630062,73.21937028630062,69.42244977646408,69.42244977646408,,,,,-0.021067888061428973,,-0.507939024347067,-0.507939024347067,-0.42728562848497986,-0.42728562848497986,43.988160806555264,43.988160806555264,,72.43999938964843,72.43999938964843,73.09857141403924,73.09857141403924,73.92365071130178,73.92365071130178,70.95293652065216,70.95293652065216,74.12419998168946,72.2271000289917,1,56640052.481079099592000,67147885.93053666,,,,,,,
2025-08-12,,,,,,,71.940002441406250,72.400001525878900,71.339996337890620,72.089996337890620,735300,,,,,72.089996337890620,,,,,,,,,,,,,,,,,,,,,,,,,,,,,,,,,,,,,,,,,,,,,,,,,,,,,,,,,,,,,,,,,,,,,,,,,,,,,,,,,,,,,,,,,,,,,,,,,,,,,,,,,,,,,,,,,,,,,,,,,,,,,,,,,,,,,,,,,,,,,0.24070609537607884,0.20378994328923838,0.2368098831936779,0.313510688880502,,,,-0.203602341851597,,,,,,,,72.31837886832919,72.31837886832919,73.03436958729225,73.03436958729225,73.1840773504128,73.1840773504128,69.44353710106034,69.44353710106034,,,,,0.0031954974383615426,,-0.5229139884005747,-0.5229139884005747,-0.4464113004680988,-0.4464113004680988,45.061211989184386,45.061211989184386,,72.3719985961914,72.3719985961914,73.00428553989956,73.00428553989956,73.88063473171658,73.88063473171658,71.00623015751914,71.00623015751914,74.10419998168945,72.22450000762939,1,53007774.307250972886000,66173776.242295526,,,,,,,
2025-08-13,,,,,,,72.500000000000000,74.440002441406250,72.120002746582030,74.379997253417970,854400,,,,,74.379997253417970,,,,,,,,,,,,,,,,,,,,,,,,,,,,,,,,,,,,,,,,,,,,,,,,,,,,,,,,,,,,,,,,,,,,,,,,,,,,,,,,,,,,,,,,,,,,,,,,,,,,,,,,,,,,,,,,,,,,,,,,,,,,,,,,,,,,,,,,,,,,,0.33458276549128274,0.2321375901894538,0.242738374998944,0.313401443534886,,,,-0.09914022735200864,,,,,,,,73.00558499669211,73.00558499669211,73.15669937512186,73.15669937512186,73.22144984738172,73.22144984738172,69.48256050147424,69.48256050147424,,,,,0.031271763953217076,,-0.34600924061238914,-0.34600924061238914,-0.4263308884969569,-0.4263308884969569,54.42350266164551,54.42350266164551,,72.73399810791015,72.73399810791015,73.03761872791108,73.03761872791108,73.89428553505549,73.89428553505549,71.06095236823673,71.06095236823673,74.12939987182617,72.23389999389649,1,63550269.653320313568000,65746886.87377203,,,,,,,
2025-08-14,,,,,,,74.889999389648440,74.980003356933600,72.239997863769530,73.199996948242190,4879000,,,,,73.199996948242190,,,,,,,,,,,,,,,,,,,,,,,,,,,,,,,,,,,,,,,,,,,,,,,,,,,,,,,,,,,,,,,,,,,,,,,,,,,,,,,,,,,,,,,,,,,,,,,,,,,,,,,,,,,,,,,,,,,,,,,,,,,,,,,,,,,,,,,,,,,,,0.3568301951744591,0.23700456964350747,0.2356182948840238,0.30990068037910007,,,,-0.15838131709512682,,,,,,,,73.07038898054213,73.07038898054213,73.1606355181328,73.1606355181328,73.22077944428361,73.22077944428361,69.51194735085579,69.51194735085579,,,,,-0.015991672293987198,,-0.29759660796486287,-0.29759660796486287,-0.4005840323905381,-0.4005840323905381,49.721544069366374,49.721544069366374,,72.98399810791015,72.98399810791015,73.04571387881325,73.04571387881325,73.92698390900142,73.92698390900142,71.12242061372787,71.12242061372787,74.10819976806641,72.23389999389649,1,357142785.110473645010000,69834253.57163444,,,,,,,
2025-08-15,,,,,,,73.400001525878900,73.540000915527340,71.370002746582030,71.419998168945310,3952400,,,,,71.419998168945310,,,,,,,,,,,,,,,,,,,,,,,,,,,,,,,,,,,,,,,,,,,,,,,,,,,,,,,,,,,,,,,,,,,,,,,,,,,,,,,,,,,,,,,,,,,,,,,,,,,,,,,,,,,,,,,,,,,,,,,,,,,,,,,,,,,,,,,,,,,,,0.3676644626648235,0.24804017495385394,0.23551080749886757,0.3108504506576186,,,,-0.3121845705046004,,,,,,,,72.52025871000987,72.52025871000987,73.00239575911576,73.00239575911576,73.1645050294293,73.1645050294293,69.5270307565324,69.5270307565324,,,,,-0.024617462748124604,,-0.39826927295172254,-0.39826927295172254,-0.40012108050277495,-0.40012108050277495,43.60197623744061,43.60197623744061,,72.58999786376953,72.58999786376953,72.92952328636532,72.92952328636532,73.9028568570576,73.9028568570576,71.17480155399868,71.17480155399868,74.03379974365234,72.22504997253418,1,282280400.762939443244000,72881797.4722847,,,,,,,
2025-08-18,,,,,,,70.790000915527340,71.790000915527340,70.650001525878900,70.760002136230470,2019200,,,,,70.760002136230470,,,,,,,,,,,,,,,,,,,,,,,,,,,,,,,,,,,,,,,,,,,,,,,,,,,,,,,,,,,,,,,,,,,,,,,,,,,,,,,,,,,,,,,,,,,,,,,,,,,,,,,,,,,,,,,,,,,,,,,,,,,,,,,,,,,,,,,,,,,,,0.34492723344531023,0.2485341162002399,0.23383108597772262,0.31090112725138735,,,,-0.345760588147817,,,,,,,,71.93350651875006,71.93350651875006,72.79854179339891,72.79854179339891,73.08936431401682,73.08936431401682,69.53677756585807,69.53677756585807,,,,,-0.009284017047072733,,-0.5252544430246502,-0.5252544430246502,-0.42514775300715,-0.42514775300715,41.55951904500997,41.55951904500997,,72.36999816894532,72.36999816894532,72.8095234462193,72.8095234462193,73.8496822781033,73.8496822781033,71.22630950382778,71.22630950382778,73.94159973144531,72.21204998016357,1,142878596.313476565024000,74180399.945468,,,,,,,
2025-08-19,,,,,,,70.650001525878900,72.296997070312500,70.275001525878900,72.269996643066400,1156700,,,,,72.269996643066400,,,,,,,,,,,,,,,,,,,,,,,,,,,,,,,,,,,,,,,,,,,,,,,,,,,,,,,,,,,,,,,,,,,,,,,,,,,,,,,,,,,,,,,,,,,,,,,,,,,,,,,,,,,,,,,,,,,,,,,,,,,,,,,,,,,,,,,,,,,,,0.3864452764902807,0.25694533274962966,0.23342749902809443,0.3110796701176675,,,,-0.27378839848049846,,,,,,,,72.04566989352217,72.04566989352217,72.75049223427777,72.75049223427777,73.06375907429963,73.06375907429963,69.55838404077672,69.55838404077672,,,,,0.02111515936361083,,-0.4983030407640854,-0.4983030407640854,-0.43977881055853707,-0.43977881055853707,47.606553993048095,47.606553993048095,,72.40599822998047,72.40599822998047,72.80619012741815,72.80619012741815,73.79412672254774,73.79412672254774,71.27960314069476,71.27960314069476,73.89019973754883,72.2066499710083,1,83594705.117034904880000,74134179.30974808,,,,,,,
2025-08-20,,,,,,,71.779998779296880,72.889999389648440,71.620002746582030,72.849998474121100,1110200,,,,,72.849998474121100,,,,,,,,,,,,,,,,,,,,,,,,,,,,,,,,,,,,,,,,,,,,,,,,,,,,,,,,,,,,,,,,,,,,,,,,,,,,,,,,,,,,,,,,,,,,,,,,,,,,,,,,,,,,,,,,,,,,,,,,,,,,,,,,,,,,,,,,,,,,,0.29392411713315125,0.2569483684596938,0.2324428497077653,0.31104186534060146,,,,-0.23445490278783443,,,,,,,,72.31377942038849,72.31377942038849,72.75953825608171,72.75953825608171,73.05707905554405,73.05707905554405,69.58440470823398,69.58440470823398,,,,,0.007993452850726253,,-0.42524065029618896,-0.42524065029618896,-0.4368711785060675,-0.4368711785060675,49.75706836796722,49.75706836796722,,72.0999984741211,72.0999984741211,72.80285680861701,72.80285680861701,73.76476166740296,73.76476166740296,71.33297614445762,71.33297614445762,73.84879974365235,72.20304996490478,1,80878068.305969245220000,74443775.35440354,,,,,,,
2025-08-21,,,,,,,72.199996948242190,72.800003051757810,71.834999084472660,72.000000000000000,599400,,,,,72.000000000000000,,,,,,,,,,,,,,,,,,,,,,,,,,,,,,,,,,,,,,,,,,,,,,,,,,,,,,,,,,,,,,,,,,,,,,,,,,,,,,,,,,,,,,,,,,,,,,,,,,,,,,,,,,,,,,,,,,,,,,,,,,,,,,,,,,,,,,,,,,,,,0.2845322664908555,0.2490511470755828,0.22761522004904708,0.3112947938159443,,,,-0.26096092946492583,,,,,,,,72.20918628025899,72.20918628025899,72.69048932371065,72.69048932371065,73.02404533505829,73.02404533505829,69.60350032318865,69.60350032318865,,,,,-0.011736392679668809,,-0.4309581354686145,-0.4309581354686145,-0.43568856989857685,-0.43568856989857685,46.72991881337981,46.72991881337981,,71.85999908447266,71.85999908447266,72.68857102167038,72.68857102167038,73.75269814143105,73.75269814143105,71.38277772873167,71.38277772873167,73.77779968261719,72.20014995574951,1,43156800.000000000000000,72182485.8075823,,,,,,,
2025-08-22,,,,,,,72.620002746582030,74.172996520996100,72.010002136230470,73.550003051757810,1018500,,,,,73.550003051757810,,,,,,,,,,,,,,,,,,,,,,,,,,,,,,,,,,,,,,,,,,,,,,,,,,,,,,,,,,,,,,,,,,,,,,,,,,,,,,,,,,,,,,,,,,,,,,,,,,,,,,,,,,,,,,,,,,,,,,,,,,,,,,,,,,,,,,,,,,,,,0.2528259456374403,0.2605106018857802,0.23160844669678204,0.31197052103359085,,,,-0.22966674673002505,,,,,,,,72.65612520409194,72.65612520409194,72.7686269353513,72.7686269353513,73.04048151370516,73.04048151370516,69.63469797321687,69.63469797321687,,,,,0.021299369523678714,,-0.30687947572882024,-0.30687947572882024,-0.40992675106462556,-0.40992675106462556,52.41513548498543,52.41513548498543,,72.28600006103515,72.28600006103515,72.67047591436477,72.67047591436477,73.76682511586992,73.76682511586992,71.43873011876666,71.43873011876666,73.76059967041016,72.20559997558594,1,74910678.108215329485000,72107606.12654912,,,,,,,
2025-08-25,,,,,,,73.500000000000000,73.500000000000000,72.580001831054690,72.750000000000000,663200,,,,,72.750000000000000,,,,,,,,,,,,,,,,,,,,,,,,,,,,,,,,,,,,,,,,,,,,,,,,,,,,,,,,,,,,,,,,,,,,,,,,,,,,,,,,,,,,,,,,,,,,,,,,,,,,,,,,,,,,,,,,,,,,,,,,,,,,,,,,,,,,,,,,,,,,,0.259259682730604,0.25964283756891526,0.2266880299835207,0.31218087945112605,,,,-0.25688988303931887,,,,,,,,72.68741680272795,72.68741680272795,72.76693357759208,72.76693357759208,73.03140396640187,73.03140396640187,69.65932486670923,69.65932486670923,,,,,-0.010936582488132198,,-0.26998755583667844,-0.26998755583667844,-0.3819389120190361,-0.3819389120190361,49.4799427454497,49.4799427454497,,72.68399963378906,72.68399963378906,72.57523781912667,72.57523781912667,73.79761880541605,73.79761880541605,71.49067456381661,71.49067456381661,73.72979965209962,72.20849998474121,1,48247800.000000000000000,71614824.6143886,,,,,,,
2025-08-26,,,,,,,72.900001525878900,72.989997863769530,72.279998779296880,72.919998168945310,1072400,,,,,72.919998168945310,,,,,,,,,,,,,,,,,,,,,,,,,,,,,,,,,,,,,,,,,,,,,,,,,,,,,,,,,,,,,,,,,,,,,,,,,,,,,,,,,,,,,,,,,,,,,,,,,,,,,,,,,,,,,,,,,,,,,,,,,,,,,,,,,,,,,,,,,,,,,0.21943650396805947,0.25622119524641335,0.22161613258368398,0.3121829359604972,,,,-0.20656502019830758,,,,,,,,72.7649439248004,72.7649439248004,72.78084854044238,72.78084854044238,73.02792253523135,73.02792253523135,69.6851009402447,69.6851009402447,,,,,0.0023340186484007907,,-0.22444574123794325,-0.22444574123794325,-0.35044027786281756,-0.35044027786281756,50.11916358078655,50.11916358078655,,72.81399993896484,72.81399993896484,72.53476170131138,72.53476170131138,73.8038092719184,73.8038092719184,71.54285709441655,71.54285709441655,73.71219955444336,72.2072999572754,1,78199406.036376950444000,71940940.6462412,,,,,,,
2025-08-27,,,,,,,72.779998779296880,73.410003662109380,72.199996948242190,72.889999389648440,868400,,,,,72.889999389648440,,,,,,,,,,,,,,,,,,,,,,,,,,,,,,,,,,,,,,,,,,,,,,,,,,,,,,,,,,,,,,,,,,,,,,,,,,,,,,,,,,,,,,,,,,,,,,,,,,,,,,,,,,,,,,,,,,,,,,,,,,,,,,,,,,,,,,,,,,,,,0.21247119736456033,0.2560681116901626,0.22160260486100564,0.31108174393473936,,,,-0.19337366023136277,,,,,,,,72.80662907974975,72.80662907974975,72.79077134491565,72.79077134491565,73.02361243693188,73.02361243693188,69.71043610585262,69.71043610585262,,,,,-0.0004114776794792343,,-0.18860011115449993,-0.18860011115449993,-0.318072244521154,-0.318072244521154,49.99893937889611,49.99893937889611,,72.8220001220703,72.8220001220703,72.50333295549665,72.50333295549665,73.8079362899538,73.8079362899538,71.58845232403468,71.58845232403468,73.68099960327149,72.20104995727539,1,63297675.469970705296000,71803068.98262388,,,,,,,
2025-08-28,,,,,,,72.620002746582030,72.855003356933600,71.650001525878900,72.660003662109380,1036900,,,,,72.660003662109380,,,,,,,,,,,,,,,,,,,,,,,,,,,,,,,,,,,,,,,,,,,,,,,,,,,,,,,,,,,,,,,,,,,,,,,,,,,,,,,,,,,,,,,,,,,,,,,,,,,,,,,,,,,,,,,,,,,,,,,,,,,,,,,,,,,,,,,,,,,,,0.18986865391908017,0.25489454888642993,0.22169527664035035,0.310408160505088,,,,-0.15881550060945593,,,,,,,,72.75775394053629,72.75775394053629,72.77888337375146,72.77888337375146,73.01224966271869,73.01224966271869,69.73375284542777,69.73375284542777,,,,,-0.0031603698268444025,,-0.17671387654915804,-0.17671387654915804,-0.2898005709267548,-0.2898005709267548,49.02791007140813,49.02791007140813,,72.9540008544922,72.9540008544922,72.48809487479073,72.48809487479073,73.80872998918805,73.80872998918805,71.63797614687965,71.63797614687965,73.67899963378906,72.18899997711182,1,75341157.797241216122000,71880881.62080069,,,,,,,
2025-08-29,,,,,,,72.830001831054690,73.300003051757810,72.625000000000000,73.089996337890620,821200,,,,,73.089996337890620,,,,,,,,,,,,,,,,,,,,,,,,,,,,,,,,,,,,,,,,,,,,,,,,,,,,,,,,,,,,,,,,,,,,,,,,,,,,,,,,,,,,,,,,,,,,,,,,,,,,,,,,,,,,,,,,,,,,,,,,,,,,,,,,,,,,,,,,,,,,,0.10107345837836056,0.2423384450576687,0.22161651634734159,0.3104042597858248,,,,-0.12773027410430268,,,,,,,,72.86850140632107,72.86850140632107,72.80716637049137,72.80716637049137,73.01467924631781,73.01467924631781,69.76028441453815,69.76028441453815,,,,,0.005900431194510401,,-0.13108605619434854,-0.13108605619434854,-0.2580576679802736,-0.2580576679802736,50.946012669958904,50.946012669958904,,72.86199951171875,72.86199951171875,72.57047562372117,72.57047562372117,73.80872998918805,73.80872998918805,71.6877380401369,71.6877380401369,73.68819961547851,72.1922999572754,1,60021504.992675777144000,68108277.6510935,,,,,,,
2025-09-02,,,,,,,72.330001831054690,72.413002014160160,70.940002441406250,71.819999694824220,1020800,,,,,71.819999694824220,,,,,,,,,,,,,,,,,,,,,,,,,,,,,,,,,,,,,,,,,,,,,,,,,,,,,,,,,,,,,,,,,,,,,,,,,,,,,,,,,,,,,,,,,,,,,,,,,,,,,,,,,,,,,,,,,,,,,,,,,,,,,,,,,,,,,,,,,,,,,0.14299459023174088,0.2502111097880158,0.2243685649242319,0.3108114553816693,,,,-0.12773249552762458,,,,,,,,72.51900083582213,72.51900083582213,72.71742394543072,72.71742394543072,72.97734551033363,72.97734551033363,69.77656674876967,69.77656674876967,,,,,-0.017528523839428118,,-0.19515417922428924,-0.19515417922428924,-0.24547697022907672,-0.24547697022907672,45.50001858480616,45.50001858480616,,72.67599945068359,72.67599945068359,72.57476116362072,72.57476116362072,73.78809502011254,73.78809502011254,71.73444439115978,71.73444439115978,73.65319961547851,72.19374996185303,1,73313855.688476563776000,68156619.44552225,,,,,,,
2025-09-03,,,,,,,71.480003356933600,71.629997253417970,70.559997558593750,71.400001525878900,804300,,,,,71.400001525878900,,,,,,,,,,,,,,,,,,,,,,,,,,,,,,,,,,,,,,,,,,,,,,,,,,,,,,,,,,,,,,,,,,,,,,,,,,,,,,,,,,,,,,,,,,,,,,,,,,,,,,,,,,,,,,,,,,,,,,,,,,,,,,,,,,,,,,,,,,,,,0.1369892038094009,0.2394449803632989,0.22232752291743435,0.307431176330765,,,,-0.13240768761816413,,,,,,,,72.14600106584105,72.14600106584105,72.59765827092602,72.59765827092602,72.92805351081942,72.92805351081942,69.78940022526855,69.78940022526855,,,,,-0.005865093832369787,,-0.27663015029780524,-0.27663015029780524,-0.2517076062428224,-0.2517076062428224,43.83130843071914,43.83130843071914,,72.37200012207032,72.37200012207032,72.48809451148624,72.48809451148624,73.74269818502759,73.74269818502759,71.76809519813175,71.76809519813175,73.61619964599609,72.1972499847412,1,57427021.227264399270000,67729357.71220374,,,,,,,
2025-09-04,,,,,,,71.589996337890620,72.480003356933600,70.535003662109380,72.379997253417970,794100,,,,,72.379997253417970,,,,,,,,,,,,,,,,,,,,,,,,,,,,,,,,,,,,,,,,,,,,,,,,,,,,,,,,,,,,,,,,,,,,,,,,,,,,,,,,,,,,,,,,,,,,,,,,,,,,,,,,,,,,,,,,,,,,,,,,,,,,,,,,,,,,,,,,,,,,,0.18823598300672223,0.24201754164518716,0.2227777693363103,0.30716948513315984,,,,-0.09237315449936555,,,,,,,,72.22399979503335,72.22399979503335,72.577870905698,72.577870905698,72.91092675277562,72.91092675277562,69.80987925315907,69.80987925315907,,,,,0.013632089472505821,,-0.25913582287026315,-0.25913582287026315,-0.2531932495683106,-0.2531932495683106,48.57088810176096,48.57088810176096,,72.26999969482422,72.26999969482422,72.48571341378349,72.48571341378349,73.69888862730964,73.69888862730964,71.80091264512804,71.80091264512804,73.56419952392578,72.20894996643067,1,57476955.818939209977000,67680375.4314241,,,,,,,
2025-09-05,,,,,,,72.569999694824220,73.489997863769530,72.430000305175780,72.720001220703120,682800,,,,,72.720001220703120,,,,,,,,,,,,,,,,,,,,,,,,,,,,,,,,,,,,,,,,,,,,,,,,,,,,,,,,,,,,,,,,,,,,,,,,,,,,,,,,,,,,,,,,,,,,,,,,,,,,,,,,,,,,,,,,,,,,,,,,,,,,,,,,,,,,,,,,,,,,,0.19183282464595972,0.24248705225789446,0.22291015520324936,0.3071592727343584,,,,-0.11814184400775526,,,,,,,,72.38933360358995,72.38933360358995,72.59079184342575,72.59079184342575,72.90496032989836,72.90496032989836,69.83288416989853,69.83288416989853,,,,,0.004686486466672702,,-0.21535350259095765,-0.21535350259095765,-0.24562530017283998,-0.24562530017283998,50.142763823840426,50.142763823840426,,72.28199920654296,72.28199920654296,72.49285634358723,72.49285634358723,73.65682511102585,73.65682511102585,71.83619042048379,71.83619042048379,73.519599609375,72.23304996490478,1,49653216.833496090336000,67530464.28348602,,,,,,,
2025-09-08,,,,,,,72.529998779296880,75.599998474121100,72.277999877929690,74.599998474121100,1507900,,,,,74.599998474121100,,,,,,,,,,,,,,,,,,,,,,,,,,,,,,,,,,,,,,,,,,,,,,,,,,,,,,,,,,,,,,,,,,,,,,,,,,,,,,,,,,,,,,,,,,,,,,,,,,,,,,,,,,,,,,,,,,,,,,,,,,,,,,,,,,,,,,,,,,,,,0.26530963783639927,0.25553587883690365,0.22850918152779418,0.3075696455730073,,,,-0.06172201268265125,,,,,,,,73.126221893767,73.126221893767,72.77344699167078,72.77344699167078,72.95793027190533,72.95793027190533,69.87056886795564,69.87056886795564,,,,,0.025524020100004263,,-0.028625653067095413,-0.028625653067095413,-0.20222537075169106,-0.20222537075169106,57.819532943724965,57.819532943724965,,72.58399963378906,72.58399963378906,72.61904689243862,72.61904689243862,73.65301562112475,73.65301562112475,71.87384914216541,71.87384914216541,73.51899963378906,72.26864994049072,1,112489337.699127206690000,68464140.09817214,,,,,,,
2025-09-09,,,,,,,74.099998474121100,74.480003356933600,72.864997863769530,72.900001525878900,930100,,,,,72.900001525878900,,,,,,,,,,,,,,,,,,,,,,,,,,,,,,,,,,,,,,,,,,,,,,,,,,,,,,,,,,,,,,,,,,,,,,,,,,,,,,,,,,,,,,,,,,,,,,,,,,,,,,,,,,,,,,,,,,,,,,,,,,,,,,,,,,,,,,,,,,,,,0.29490968285274005,0.2603924345283746,0.23307532102147593,0.3083918874308567,,,,-0.06311123937843822,,,,,,,,73.05081510447096,73.05081510447096,72.78495194932606,72.78495194932606,72.956119998592,72.956119998592,69.894516952208,69.894516952208,,,,,-0.023051826809838326,,-0.017614978763518252,-0.017614978763518252,-0.1653032923540565,-0.1653032923540565,50.280351508592496,50.280351508592496,,72.8,72.8,72.59571366083054,72.59571366083054,73.62095218234592,73.62095218234592,71.90281740824382,71.90281740824382,73.46779968261718,72.2975499343872,1,67804291.419219964890000,68242736.75558908,,,,,,,
2025-09-10,,,,,,,72.540000915527340,73.175003051757810,71.144996643066400,71.220001220703120,1006600,,,,,71.220001220703120,,,,,,,,,,,,,,,,,,,,,,,,,,,,,,,,,,,,,,,,,,,,,,,,,,,,,,,,,,,,,,,,,,,,,,,,,,,,,,,,,,,,,,,,,,,,,,,,,,,,,,,,,,,,,,,,,,,,,,,,,,,,,,,,,,,,,,,,,,,,,0.34896600829867486,0.2627541545026609,0.23679520795163608,0.30917818819758774,,,,-0.07721357772767688,,,,,,,,72.44054380988169,72.44054380988169,72.64268370126943,72.64268370126943,72.90186628678296,72.90186628678296,69.90499508871784,69.90499508871784,,,,,-0.02331496495621205,,-0.14280475994981146,-0.14280475994981146,-0.1608035858732075,-0.1608035858732075,44.15321135923869,44.15321135923869,,72.76399993896484,72.76399993896484,72.56523749941871,72.56523749941871,73.5522219945514,73.5522219945514,71.92273806011866,71.92273806011866,73.37539978027344,72.31839992523193,1,71690053.228759760592000,68275005.80979605,,,,,,,
2025-09-11,,,,,,,71.010002136230470,73.964996337890620,71.010002136230470,73.790000915527340,1425900,,,,,73.790000915527340,,,,,,,,,,,,,,,,,,,,,,,,,,,,,,,,,,,,,,,,,,,,,,,,,,,,,,,,,,,,,,,,,,,,,,,,,,,,,,,,,,,,,,,,,,,,,,,,,,,,,,,,,,,,,,,,,,,,,,,,,,,,,,,,,,,,,,,,,,,,,0.4296860785462003,0.290632391729486,0.24588685856825127,0.31093643557364936,,,,-0.041601636181407865,,,,,,,,72.8903628450969,72.8903628450969,72.74698526620197,72.74698526620197,72.92962049393122,72.92962049393122,69.93570659723017,69.93570659723017,,,,,0.03544953848795214,,-0.03424629650636746,-0.03424629650636746,-0.13549212799983948,-0.13549212799983948,53.49029928543235,53.49029928543235,,73.04600067138672,73.04600067138672,72.6461900983538,72.6461900983538,73.54238068111358,73.54238068111358,71.94956346542116,71.94956346542116,73.29339981079102,72.34539993286133,1,105217162.305450434106000,69028222.89650327,,,,,,,
2025-09-12,,,,,,,73.480003356933600,74.489997863769530,73.025001525878900,73.389999389648440,1572400,,,,,73.389999389648440,,,,,,,,,,,,,,,,,,,,,,,,,,,,,,,,,,,,,,,,,,,,,,,,,,,,,,,,,,,,,,,,,,,,,,,,,,,,,,,,,,,,,,,,,,,,,,,,,,,,,,,,,,,,,,,,,,,,,,,,,,,,,,,,,,,,,,,,,,,,,0.4344399749550754,0.2696958566737977,0.24609912225990024,0.31039640643872385,,,,-0.09582032565739247,,,,,,,,73.05690835994741,73.05690835994741,72.8054410956062,72.8054410956062,72.9440073344224,72.9440073344224,69.96301325962082,69.96301325962082,,,,,-0.0054355552370539606,,0.019287948246798692,0.019287948246798692,-0.10453611275051185,-0.10453611275051185,52.03216213160362,52.03216213160362,,73.18000030517578,73.18000030517578,72.5990473429362,72.5990473429362,73.52809494260758,73.52809494260758,71.96956346905421,71.96956346905421,73.19619979858399,72.36419994354247,1,115398435.040283207056000,70094285.39564344,,,,,,,
2025-09-15,,,,,,,73.330001831054690,74.069999694824220,72.910003662109380,73.209999084472660,1563400,,,,,73.209999084472660,,,,,,,,,,,,,,,,,,,,,,,,,,,,,,,,,,,,,,,,,,,,,,,,,,,,,,,,,,,,,,,,,,,,,,,,,,,,,,,,,,,,,,,,,,,,,,,,,,,,,,,,,,,,,,,,,,,,,,,,,,,,,,,,,,,,,,,,,,,,,0.38036492700011715,0.26400247816510375,0.2457981303039475,0.31003717854558727,,,,-0.08069192383069941,,,,,,,,73.10793860145583,73.10793860145583,72.84221909459406,72.84221909459406,72.95231957661146,72.95231957661146,69.98868113175403,69.98868113175403,,,,,-0.002455667087366503,,0.046651928216078886,0.046651928216078886,-0.07429850455719371,-0.07429850455719371,51.35375280285761,51.35375280285761,,72.9020004272461,72.9020004272461,72.59952363513764,72.59952363513764,73.51872980026971,73.51872980026971,71.98464281596834,71.98464281596834,73.09039978027344,72.37619995117187,1,114456512.568664556644000,71208549.69308035,,,,,,,
2025-09-16,,,,,,,73.279998779296880,74.349998474121100,73.105003356933600,74.129997253417970,1008100,,,,,74.129997253417970,,,,,,,,,,,,,,,,,,,,,,,,,,,,,,,,,,,,,,,,,,,,,,,,,,,,,,,,,,,,,,,,,,,,,,,,,,,,,,,,,,,,,,,,,,,,,,,,,,,,,,,,,,,,,,,,,,,,,,,,,,,,,,,,,,,,,,,,,,,,,0.34922115278353527,0.25138482910555743,0.24645695428560235,0.3100737826416292,,,,0.1037902700199204,,,,,,,,73.44862481877654,73.44862481877654,72.95928983630532,72.95928983630532,72.98912200401166,72.98912200401166,70.02141880860513,70.02141880860513,,,,,0.012488260464688143,,0.14094946527917784,0.14094946527917784,-0.031248910589919396,-0.031248910589919396,54.61112763603097,54.61112763603097,,73.1479995727539,73.1479995727539,72.72857121058873,72.72857121058873,73.51365044003441,73.51365044003441,72.00638883076017,72.00638883076017,73.04819976806641,72.38879993438721,1,74730450.231170655557000,71618576.55396235,,,,,,,
2025-09-17,,,,,,,74.230003356933600,75.500000000000000,73.800003051757810,74.069999694824220,1712900,,,,,74.069999694824220,,,,,,,,,,,,,,,,,,,,,,,,,,,,,,,,,,,,,,,,,,,,,,,,,,,,,,,,,,,,,,,,,,,,,,,,,,,,,,,,,,,,,,,,,,,,,,,,,,,,,,,,,,,,,,,,,,,,,,,,,,,,,,,,,,,,,,,,,,,,,0.2681042743970426,0.2483842742668111,0.24203603663687615,0.30947767490276146,,,,0.12580072186019328,,,,,,,,73.6557497774591,73.6557497774591,73.06026345980703,73.06026345980703,73.02289943184955,73.02289943184955,70.05342340059106,70.05342340059106,,,,,-0.0008096837126455763,,0.2084369102666841,0.2084369102666841,0.016688253581401306,0.016688253581401306,54.35550856236776,54.35550856236776,,73.71799926757812,73.71799926757812,72.88619014195034,72.88619014195034,73.53444405207559,73.53444405207559,72.02253962319995,72.02253962319995,73.0279997253418,72.40169994354248,1,126874502.477264406438000,72785554.2192126,,,,,,,
2025-09-18,,,,,,,74.220001220703120,75.084999084472660,74.129997253417970,74.370002746582030,918600,,,,,74.370002746582030,,,,,,,,,,,,,,,,,,,,,,,,,,,,,,,,,,,,,,,,,,,,,,,,,,,,,,,,,,,,,,,,,,,,,,,,,,,,,,,,,,,,,,,,,,,,,,,,,,,,,,,,,,,,,,,,,,,,,,,,,,,,,,,,,,,,,,,,,,,,,0.11119699553211546,0.238840193549143,0.24211409287399926,0.308480943665482,,,,0.05566187530382614,,,,,,,,73.89383410050007,73.89383410050007,73.17933066769568,73.17933066769568,73.06499641043494,73.06499641043494,70.08754655747636,70.08754655747636,,,,,0.004042083741426871,,0.2828682070749977,0.2828682070749977,0.06992424428012059,0.06992424428012059,55.47769881773045,55.47769881773045,,73.83399963378906,73.83399963378906,72.98619043259393,72.98619043259393,73.56206318688771,73.56206318688771,72.03277772570414,72.03277772570414,73.03159973144531,72.41114994049072,1,68316284.523010252758000,73081616.00335743,,,,,,,
2025-09-19,,,,,,,74.620002746582030,74.750000000000000,73.680000305175780,73.720001220703120,1491900,,,,,73.720001220703120,,,,,,,,,,,,,,,,,,,,,,,,,,,,,,,,,,,,,,,,,,,,,,,,,,,,,,,,,,,,,,,,,,,,,,,,,,,,,,,,,,,,,,,,,,,,,,,,,,,,,,,,,,,,,,,,,,,,,,,,,,,,,,,,,,,,,,,,,,,,,0.12600443689028884,0.24003803198318097,0.24144612809397603,0.3085206707760876,,,,-0.05276999282703118,,,,,,,,73.83588980723442,73.83588980723442,73.22848253615089,73.22848253615089,73.08546531075582,73.08546531075582,70.11626161410265,70.11626161410265,,,,,-0.008778522286260068,,0.28610778277122506,0.28610778277122506,0.11316095197834147,0.11316095197834147,52.46784938467118,52.46784938467118,,73.9,73.9,73.02761913481213,73.02761913481213,73.56444416348896,73.56444416348896,72.03829359629798,72.03829359629798,72.98839981079101,72.42219993591308,1,109982869.821166984728000,73474972.4029541,,,,,,,
2025-09-22,,,,,,,73.129997253417970,74.348999023437500,73.129997253417970,73.760002136230470,1484200,,,,,73.760002136230470,,,,,,,,,,,,,,,,,,,,,,,,,,,,,,,,,,,,,,,,,,,,,,,,,,,,,,,,,,,,,,,,,,,,,,,,,,,,,,,,,,,,,,,,,,,,,,,,,,,,,,,,,,,,,,,,,,,,,,,,,,,,,,,,,,,,,,,,,,,,,0.12273354855916069,0.23584108543810642,0.24128273520116983,0.3085077890148454,,,,-0.031789336797848594,,,,,,,,73.81059391689978,73.81059391689978,73.2768024997945,73.2768024997945,73.1065445865519,73.1065445865519,70.14506588700486,70.14506588700486,,,,,0.0005424588499828262,,0.2885763805494008,0.2885763805494008,0.14824403769255334,0.14824403769255334,52.63814179949808,52.63814179949808,,74.01000061035157,74.01000061035157,73.11142876034691,73.11142876034691,73.57253943549262,73.57253943549262,72.04476186964247,72.04476186964247,72.98759979248047,72.43104995727539,1,109474595.170593263574000,74191233.83423336,,,,,,,
2025-09-23,,,,,,,73.680000305175780,74.220001220703120,73.059997558593750,73.389999389648440,787600,,,,,73.389999389648440,,,,,,,,,,,,,,,,,,,,,,,,,,,,,,,,,,,,,,,,,,,,,,,,,,,,,,,,,,,,,,,,,,,,,,,,,,,,,,,,,,,,,,,,,,,,,,,,,,,,,,,,,,,,,,,,,,,,,,,,,,,,,,,,,,,,,,,,,,,,,0.07917795496692262,0.22487912236163485,0.23680971375128163,0.3085370701642957,,,,-0.06538853477246397,,,,,,,,73.67039574114933,73.67039574114933,73.28709312614485,73.28709312614485,73.11540254914868,73.11540254914868,70.17071753524709,70.17071753524709,,,,,-0.005028929969825794,,0.25770595879016867,0.25770595879016867,0.1701364219120764,0.1701364219120764,50.824301858070534,50.824301858070534,,73.86200103759765,73.86200103759765,73.10380953834171,73.10380953834171,73.54730127728175,73.54730127728175,72.04892854841928,72.04892854841928,72.97399978637695,72.4441499710083,1,57801963.519287111344000,74098756.57503642,,,,,,,
2025-09-24,,,,,,,73.120002746582030,73.230003356933600,71.535003662109380,71.819999694824220,827700,,,,,71.819999694824220,,,,,,,,,,,,,,,,,,,,,,,,,,,,,,,,,,,,,,,,,,,,,,,,,,,,,,,,,,,,,,,,,,,,,,,,,,,,,,,,,,,,,,,,,,,,,,,,,,,,,,,,,,,,,,,,,,,,,,,,,,,,,,,,,,,,,,,,,,,,,0.15800872709048927,0.2342203659812546,0.24060570664345662,0.30745641228984766,,,,-0.07055171435225632,,,,,,,,73.05359705904095,73.05359705904095,73.1537209960248,73.1537209960248,73.07492120995104,73.07492120995104,70.18375533888012,70.18375533888012,,,,,-0.021624693691660625,,0.10534076997527109,0.10534076997527109,0.15717729152471535,0.15717729152471535,43.91009881095267,43.91009881095267,,73.41200103759766,73.41200103759766,73.05952380952381,73.05952380952381,73.49761878119574,73.49761878119574,72.05634919423906,72.05634919423906,72.93679977416993,72.45194995880126,1,59445413.747406006894000,74383250.47087896,,,,,,,
2025-09-25,,,,,,,71.069999694824220,71.419998168945310,69.360000610351560,70.459999084472660,1279100,,,,,70.459999084472660,,,,,,,,,,,,,,,,,,,,,,,,,,,,,,,,,,,,,,,,,,,,,,,,,,,,,,,,,,,,,,,,,,,,,,,,,,,,,,,,,,,,,,,,,,,,,,,,,,,,,,,,,,,,,,,,,,,,,,,,,,,,,,,,,,,,,,,,,,,,,0.1490013440509492,0.24246323982346285,0.24332356444667524,0.3080473286177364,,,,-0.10280624100880525,,,,,,,,72.18906440085152,72.18906440085152,72.9088371858837,72.9088371858837,72.99320489352984,72.99320489352984,70.18593908390457,70.18593908390457,,,,,-0.019117824629245536,,-0.12372420750006086,-0.12372420750006086,0.1009969917197601,0.1009969917197601,38.96505423112576,38.96505423112576,,72.63000030517578,72.63000030517578,72.94238099597749,72.94238099597749,73.43142833406964,73.43142833406964,72.05769838605609,72.05769838605609,72.88539978027343,72.45639995574952,1,90125384.828948979406000,75082201.24112085,,,,,,,
2025-09-26,,,,,,,70.879997253417970,71.877998352050780,70.346000671386720,71.370002746582030,934200,,,,,71.370002746582030,,,,,,,,,,,,,,,,,,,,,,,,,,,,,,,,,,,,,,,,,,,,,,,,,,,,,,,,,,,,,,,,,,,,,,,,,,,,,,,,,,,,,,,,,,,,,,,,,,,,,,,,,,,,,,,,,,,,,,,,,,,,,,,,,,,,,,,,,,,,,0.2263814496538444,0.2475910530660685,0.2437035439091786,0.30831130469255325,,,,-0.09436021141029806,,,,,,,,71.91604384942836,71.91604384942836,72.76894314594718,72.76894314594718,72.94247982643772,72.94247982643772,70.1952992709613,70.1952992709613,,,,,0.012832491547164584,,-0.22918822298910868,-0.22918822298910868,0.03495994877798635,0.03495994877798635,43.546332559384965,43.546332559384965,,72.16000061035156,72.16000061035156,72.87000020345052,72.87000020345052,73.36650775727772,73.36650775727772,72.06297617109995,72.06297617109995,72.83559982299805,72.46344997406005,1,66673856.565856932426000,74896145.10647002,,,,,,,
2025-09-29,,,,,,,71.870002746582030,72.480003356933600,71.089996337890620,72.209999084472660,1176200,,,,,72.209999084472660,,,,,,,,,,,,,,,,,,,,,,,,,,,,,,,,,,,,,,,,,,,,,,,,,,,,,,,,,,,,,,,,,,,,,,,,,,,,,,,,,,,,,,,,,,,,,,,,,,,,,,,,,,,,,,,,,,,,,,,,,,,,,,,,,,,,,,,,,,,,,0.2596077706441067,0.25128441930035317,0.24472530809106455,0.3082991390781208,,,,-0.0930510912926111,,,,,,,,72.01402892777647,72.01402892777647,72.7181300494495,72.7181300494495,72.91958980325131,72.91958980325131,70.21122575170052,70.21122575170052,,,,,0.011700876317731874,,-0.24219663867741303,-0.24219663867741303,-0.02047136871309353,-0.02047136871309353,47.466153689139276,47.466153689139276,,71.85,71.85,72.84857141403924,72.84857141403924,73.3088887532552,73.3088887532552,72.07484124198793,72.07484124198793,72.81419982910157,72.47134998321533,1,84933400.923156742692000,75334575.51425752,,,,,,,
2025-09-30,,,,,,,72.209999084472660,73.169998168945310,71.800003051757810,73.000000000000000,903100,,,,,73.000000000000000,,,,,,,,,,,,,,,,,,,,,,,,,,,,,,,,,,,,,,,,,,,,,,,,,,,,,,,,,,,,,,,,,,,,,,,,,,,,,,,,,,,,,,,,,,,,,,,,,,,,,,,,,,,,,,,,,,,,,,,,,,,,,,,,,,,,,,,,,,,,,0.2803343473446414,0.2534150820532479,0.23950833651640924,0.30803888154004844,,,,-0.07725804050440466,,,,,,,,72.34268595185097,72.34268595185097,72.74375459040863,72.74375459040863,72.92210262189971,72.92210262189971,70.23327139793214,70.23327139793214,,,,,0.01088091336397904,,-0.18660832564266627,-0.18660832564266627,-0.05369876009900808,-0.05369876009900808,50.91784980940927,50.91784980940927,,71.77200012207031,71.77200012207031,72.8442858741397,72.8442858741397,73.23126971532427,73.23126971532427,72.09428569248745,72.09428569248745,72.82739990234376,72.48774997711182,1,65926300.000000000000000,75062458.30236767,,,,,,,
2025-10-01,,,,,,,71.870002746582030,73.209999084472660,71.739997863769530,73.040000915527340,1399900,,,,,73.040000915527340,,,,,,,,,,,,,,,,,,,,,,,,,,,,,,,,,,,,,,,,,,,,,,,,,,,,,,,,,,,,,,,,,,,,,,,,,,,,,,,,,,,,,,,,,,,,,,,,,,,,,,,,,,,,,,,,,,,,,,,,,,,,,,,,,,,,,,,,,,,,,0.2143092494291637,0.24532084903809923,0.23925713196650406,0.30793190588694735,,,,-0.03981571285459544,,,,,,,,72.57512427307643,72.57512427307643,72.77068607451034,72.77068607451034,72.92578694357557,72.92578694357557,70.25545898305147,70.25545898305147,,,,,0.000547807672923916,,-0.13773868170567027,-0.13773868170567027,-0.07050674442034051,-0.07050674442034051,51.09307266501137,51.09307266501137,,72.01600036621093,72.01600036621093,72.90238117036365,72.90238117036365,73.14857131715804,73.14857131715804,72.11599204653785,72.11599204653785,72.82979995727538,72.5004999923706,1,102248697.281646723266000,75236586.4338224,,,,,,,
2025-10-02,,,,,,,72.910003662109380,74.629997253417970,72.724998474121100,74.599998474121100,886800,,,,,74.599998474121100,,,,,,,,,,,,,,,,,,,,,,,,,,,,,,,,,,,,,,,,,,,,,,,,,,,,,,,,,,,,,,,,,,,,,,,,,,,,,,,,,,,,,,,,,,,,,,,,,,,,,,,,,,,,,,,,,,,,,,,,,,,,,,,,,,,,,,,,,,,,,0.11636030267105245,0.25375806247421423,0.2432213866667191,0.30706890131865694,,,,-0.023201280451609792,,,,,,,,73.25008234009132,73.25008234009132,72.93698720174767,72.93698720174767,72.97810605390512,72.97810605390512,70.28980316875163,70.28980316875163,,,,,0.021133237934259072,,0.026563422140839066,0.026563422140839066,-0.0510927111081046,-0.0510927111081046,57.46986923274061,57.46986923274061,,72.84400024414063,72.84400024414063,73.0547619774228,73.0547619774228,73.08666653103299,73.08666653103299,72.1353571150038,72.1353571150038,72.83379989624024,72.52344997406006,1,66155278.646850591480000,75695677.36472479,,,,,,,
2025-10-03,,,,,,,75.000000000000000,75.500000000000000,73.949996948242190,74.000000000000000,793600,,,,,74.000000000000000,,,,,,,,,,,,,,,,,,,,,,,,,,,,,,,,,,,,,,,,,,,,,,,,,,,,,,,,,,,,,,,,,,,,,,,,,,,,,,,,,,,,,,,,,,,,,,,,,,,,,,,,,,,,,,,,,,,,,,,,,,,,,,,,,,,,,,,,,,,,,0.17846018629733257,0.2524532522117292,0.2367769910493403,0.30510025693261866,,,,-0.08308882224511968,,,,,,,,73.5000548933942,73.5000548933942,73.03362472886153,73.03362472886153,73.01004023972058,73.01004023972058,70.31913278797099,70.31913278797099,,,,,-0.008075393551404355,,0.10712429847654903,0.10712429847654903,-0.019449309191173873,-0.019449309191173873,54.525175276738864,54.525175276738864,,73.36999969482422,73.36999969482422,73.13190496535529,73.13190496535529,73.05111100938585,73.05111100938585,72.16194440448095,72.16194440448095,72.83519989013672,72.5456499862671,1,58726400.000000000000000,75509655.80875458,,,,,,,
2025-10-06,,,,,,,74.089996337890620,74.500000000000000,73.309997558593750,73.779998779296880,1030000,,,,,73.779998779296880,,,,,,,,,,,,,,,,,,,,,,,,,,,,,,,,,,,,,,,,,,,,,,,,,,,,,,,,,,,,,,,,,,,,,,,,,,,,,,,,,,,,,,,,,,,,,,,,,,,,,,,,,,,,,,,,,,,,,,,,,,,,,,,,,,,,,,,,,,,,,0.1856123773752526,0.25245977182991497,0.23490768601944165,0.3050848247376525,,,,-0.07815165691156781,,,,,,,,73.59336952202844,73.59336952202844,73.10147691526474,73.10147691526474,73.03410144408234,73.03410144408234,70.34649141240834,70.34649141240834,,,,,-0.0029774175808168924,,0.15147104952706059,0.15147104952706059,0.014734762552473019,0.014734762552473019,53.44384764400572,53.44384764400572,,73.68399963378906,73.68399963378906,73.18238103957404,73.18238103957404,73.03047604031033,73.03047604031033,72.18634917244079,72.18634917244079,72.81579986572265,72.56819999694824,1,75993398.742675786400000,75485303.25084868,,,,,,,
2025-10-07,,,,,,,73.959999084472660,74.099998474121100,72.050003051757810,72.160003662109380,1662200,,,,,72.160003662109380,,,,,,,,,,,,,,,,,,,,,,,,,,,,,,,,,,,,,,,,,,,,,,,,,,,,,,,,,,,,,,,,,,,,,,,,,,,,,,,,,,,,,,,,,,,,,,,,,,,,,,,,,,,,,,,,,,,,,,,,,,,,,,,,,,,,,,,,,,,,,0.24937624749140272,0.24738681541066804,0.23785948879651328,0.30586254478436137,,,,-0.1617117358846399,,,,,,,,73.11558090205541,73.11558090205541,73.01588843770516,73.01588843770516,73.00678588839568,73.00678588839568,70.36082747762337,70.36082747762337,,,,,-0.022201749119133193,,0.05525910952572133,0.05525910952572133,0.02283963194712268,0.02283963194712268,46.18114554171048,46.18114554171048,,73.51600036621093,73.51600036621093,73.06619081043061,73.06619081043061,72.99825383746435,72.99825383746435,72.2057936229403,72.2057936229403,72.78360000610351,72.58600002288819,1,119944358.087158211436000,76705456.30909753,,,,,,,
2025-10-08,,,,,,,72.000000000000000,73.000000000000000,71.699996948242190,72.430000305175780,830400,,,,,72.430000305175780,,,,,,,,,,,,,,,,,,,,,,,,,,,,,,,,,,,,,,,,,,,,,,,,,,,,,,,,,,,,,,,,,,,,,,,,,,,,,,,,,,,,,,,,,,,,,,,,,,,,,,,,,,,,,,,,,,,,,,,,,,,,,,,,,,,,,,,,,,,,,0.2526851717992384,0.23519974931376883,0.23341334647627027,0.3058054562827603,,,,-0.12219473217120448,,,,,,,,72.88705403642886,72.88705403642886,72.96262588020248,72.96262588020248,72.98876133892007,72.98876133892007,70.37718457507438,70.37718457507438,,,,,0.0037346559164042545,,0.0007878447604525718,0.0007878447604525718,0.018429274509788658,0.018429274509788658,47.46258633530968,47.46258633530968,,73.39400024414063,73.39400024414063,73.04380979992095,73.04380979992095,72.94349198114304,72.94349198114304,72.22440474373954,72.22440474373954,72.76119995117188,72.61370002746582,1,60145872.253417967712000,76736946.0608225,,,,,,,
2025-10-09,,,,,,,72.220001220703120,72.529998779296880,71.220001220703120,71.800003051757810,1019700,,,,,71.800003051757810,,,,,,,,,,,,,,,,,,,,,,,,,,,,,,,,,,,,,,,,,,,,,,,,,,,,,,,,,,,,,,,,,,,,,,,,,,,,,,,,,,,,,,,,,,,,,,,,,,,,,,,,,,,,,,,,,,,,,,,,,,,,,,,,,,,,,,,,,,,,,0.15154903598773464,0.2222992708072407,0.22747097574630068,0.3051491397379374,,,,-0.0891258705074172,,,,,,,,72.52470370820518,72.52470370820518,72.85693289579842,72.85693289579842,72.95161264244625,72.95161264244625,70.38843215196515,70.38843215196515,,,,,-0.00873606386285562,,-0.09215424152215235,-0.09215424152215235,-0.0036874286965995423,-0.0036874286965995423,44.78314844923431,44.78314844923431,,72.83400115966796,72.83400115966796,73.07142893473308,73.07142893473308,72.91174594939702,72.91174594939702,72.24626983158173,72.24626983158173,72.73759994506835,72.63870002746582,1,73214463.111877438857000,77060454.64696732,,,,,,,
2025-10-10,,,,,,,71.839996337890620,72.089996337890620,70.260002136230470,70.519996643066400,1256400,,,,,70.519996643066400,,,,,,,,,,,,,,,,,,,,,,,,,,,,,,,,,,,,,,,,,,,,,,,,,,,,,,,,,,,,,,,,,,,,,,,,,,,,,,,,,,,,,,,,,,,,,,,,,,,,,,,,,,,,,,,,,,,,,,,,,,,,,,,,,,,,,,,,,,,,,0.16866962659396223,0.19096264830825055,0.2299936787902318,0.305446237384648,,,,-0.17762060415246683,,,,,,,,71.85646801982558,71.85646801982558,72.64448414555007,72.64448414555007,72.87562464246562,72.87562464246562,70.38947218746793,70.38947218746793,,,,,-0.017988208630675073,,-0.2660306979466185,-0.2660306979466185,-0.056156082546603335,-0.056156082546603335,39.85954767744958,39.85954767744958,,72.13800048828125,72.13800048828125,72.91571444556827,72.91571444556827,72.85539669460721,72.85539669460721,72.25972221011207,72.25972221011207,72.72079986572265,72.65715000152588,1,88601323.782348624960000,77812069.58271813,,,,,,,
2025-10-13,,,,,,,70.980003356933600,71.597000122070310,70.449996948242190,70.879997253417970,1678900,,,,,70.879997253417970,,,,,,,,,,,,,,,,,,,,,,,,,,,,,,,,,,,,,,,,,,,,,,,,,,,,,,,,,,,,,,,,,,,,,,,,,,,,,,,,,,,,,,,,,,,,,,,,,,,,,,,,,,,,,,,,,,,,,,,,,,,,,,,,,,,,,,,,,,,,,0.1962116315306209,0.1921647069060513,0.2301042929257934,0.30401035622393535,,,,-0.1618887904623315,,,,,,,,71.53097776435638,71.53097776435638,72.48407624626533,72.48407624626533,72.81326128655789,72.81326128655789,70.39334985597347,70.39334985597347,,,,,0.005091957619984885,,-0.37050900459931313,-0.37050900459931313,-0.1190266669571453,-0.1190266669571453,41.79768369850115,41.79768369850115,,71.55800018310546,71.55800018310546,72.7961905343192,72.7961905343192,72.81095220172216,72.81095220172216,72.26646822974796,72.26646822974796,72.70379974365234,72.67840000152587,1,119000427.388763429833000,78802186.20421395,,,,,,,
2025-10-14,,,,,,,70.400001525878900,71.610000610351560,70.400001525878900,71.489997863769530,954900,,,,,71.489997863769530,,,,,,,,,,,,,,,,,,,,,,,,,,,,,,,,,,,,,,,,,,,,,,,,,,,,,,,,,,,,,,,,,,,,,,,,,,,,,,,,,,,,,,,,,,,,,,,,,,,,,,,,,,,,,,,,,,,,,,,,,,,,,,,,,,,,,,,,,,,,,0.17673522197069672,0.1953561054473903,0.23020609671840914,0.3037110513398911,,,,-0.1027393778715212,,,,,,,,71.5173177974941,71.5173177974941,72.39370548422025,72.39370548422025,72.77190930459575,72.77190930459575,70.40201901018528,70.40201901018528,,,,,0.008569282350153222,,-0.3994818855715465,-0.3994818855715465,-0.17511771068002555,-0.17511771068002555,45.030289363572955,45.030289363572955,,71.4239990234375,71.4239990234375,72.71428571428571,72.71428571428571,72.78650774274554,72.78650774274554,72.2799206082783,72.2799206082783,72.66919967651367,72.70305000305176,0,68265798.960113524197000,79270347.67418513,,,,,,,
2025-10-15,,,,,,,71.599998474121100,72.620002746582030,70.860000610351560,71.559997558593750,653800,,,,,71.559997558593750,,,,,,,,,,,,,,,,,,,,,,,,,,,,,,,,,,,,,,,,,,,,,,,,,,,,,,,,,,,,,,,,,,,,,,,,,,,,,,,,,,,,,,,,,,,,,,,,,,,,,,,,,,,,,,,,,,,,,,,,,,,,,,,,,,,,,,,,,,,,,0.17225972564691663,0.18921728013215147,0.22900737478907224,0.3037118140446237,,,,-0.13744726268481633,,,,,,,,71.53154438452732,71.53154438452732,72.31791385461784,72.31791385461784,72.73403706253319,72.73403706253319,70.41117299080513,70.41117299080513,,,,,0.0009786746263738197,,-0.4120449148308012,-0.4120449148308012,-0.22250315151018066,-0.22250315151018066,45.40501702797644,45.40501702797644,,71.2499984741211,71.2499984741211,72.59190477643695,72.59190477643695,72.749999757797,72.749999757797,72.29349202958365,72.29349202958365,72.65179962158203,72.7261499786377,0,46785926.403808593750000,79515305.70822822,,,,,,,
2025-10-16,,,,,,,71.620002746582030,71.849998474121100,70.902999877929690,71.440002441406250,897300,,,,,71.440002441406250,,,,,,,,,,,,,,,,,,,,,,,,,,,,,,,,,,,,,,,,,,,,,,,,,,,,,,,,,,,,,,,,,,,,,,,,,,,,,,,,,,,,,,,,,,,,,,,,,,,,,,,,,,,,,,,,,,,,,,,,,,,,,,,,,,,,,,,,,,,,,0.1629859358223193,0.1891908517790579,0.22853019490554688,0.30317998310541067,,,,-0.08597251285975928,,,,,,,,71.50103040348696,71.50103040348696,72.23810372614406,72.23810372614406,72.69359848062297,72.69359848062297,70.4193060299403,70.4193060299403,,,,,-0.0016782537811428047,,-0.42676433553798176,-0.42676433553798176,-0.2633553883157409,-0.2633553883157409,44.84070815502112,44.84070815502112,,71.17799835205078,71.17799835205078,72.46666681198846,72.46666681198846,72.72079346671937,72.72079346671937,72.30162696232871,72.30162696232871,72.62919967651368,72.74965000152588,0,64103114.190673828125000,79853288.86543153,,,,,,,
2025-10-17,,,,,,,71.669998168945310,72.294998168945310,71.239997863769530,72.160003662109380,587000,,,,,72.160003662109380,,,,,,,,,,,,,,,,,,,,,,,,,,,,,,,,,,,,,,,,,,,,,,,,,,,,,,,,,,,,,,,,,,,,,,,,,,,,,,,,,,,,,,,,,,,,,,,,,,,,,,,,,,,,,,,,,,,,,,,,,,,,,,,,,,,,,,,,,,,,,0.07857094638948539,0.1925942789101967,0.2280320526925849,0.3033069830215807,,,,-0.0475806944604276,,,,,,,,71.7206881563611,71.7206881563611,72.23100372032273,72.23100372032273,72.67692364254442,72.67692364254442,70.43306648553057,70.43306648553057,,,,,0.010027955761757053,,-0.3759972391637234,-0.3759972391637234,-0.28588375848533737,-0.28588375848533737,48.94121773464411,48.94121773464411,,71.50599975585938,71.50599975585938,72.36142876034691,72.36142876034691,72.71793644011967,72.71793644011967,72.31130951169938,72.31130951169938,72.63339981079102,72.78020000457764,0,42357922.149658206060000,80024309.17890035,,,,,,,
2025-10-20,,,,,,,72.440002441406250,73.250000000000000,72.150001525878900,72.870002746582030,479200,,,,,72.870002746582030,,,,,,,,,,,,,,,,,,,,,,,,,,,,,,,,,,,,,,,,,,,,,,,,,,,,,,,,,,,,,,,,,,,,,,,,,,,,,,,,,,,,,,,,,,,,,,,,,,,,,,,,,,,,,,,,,,,,,,,,,,,,,,,,,,,,,,,,,,,,,0.08705664852334652,0.1944088761731907,0.22831871341132573,0.30250918356993894,,,,0.021198836350937895,,,,,,,,72.10379301976808,72.10379301976808,72.28909454089175,72.28909454089175,72.6829573645456,72.6829573645456,70.45233080379975,70.45233080379975,,,,,0.009791142869503703,,-0.27529947613007266,-0.27529947613007266,-0.28376690201428445,-0.28376690201428445,52.677152285041274,52.677152285041274,,71.90400085449218,71.90400085449218,72.32095264253162,72.32095264253162,72.71714286198691,72.71714286198691,72.31706349811857,72.31706349811857,72.62299987792969,72.81425003051758,0,34919305.316162108776000,79941286.23166765,,,,,,,
2025-10-21,,,,,,,72.730003356933600,73.449996948242190,72.139999389648440,72.910003662109380,609400,,,,,72.910003662109380,,,,,,,,,,,,,,,,,,,,,,,,,,,,,,,,,,,,,,,,,,,,,,,,,,,,,,,,,,,,,,,,,,,,,,,,,,,,,,,,,,,,,,,,,,,,,,,,,,,,,,,,,,,,,,,,,,,,,,,,,,,,,,,,,,,,,,,,,,,,,0.08807614240129648,0.19440932622216633,0.22464041906994694,0.30219738001928836,,,,0.02486101717868203,,,,,,,,72.37252990054851,72.37252990054851,72.34554082463882,72.34554082463882,72.69005256134446,72.69005256134446,70.47175904773897,70.47175904773897,,,,,0.0005487846724208527,,-0.19007694515134688,-0.19007694515134688,-0.2650289106416969,-0.2650289106416969,52.88630945532697,52.88630945532697,,72.18800201416016,72.18800201416016,72.28047652471633,72.28047652471633,72.69349210224455,72.69349210224455,72.3190476251027,72.3190476251027,72.64399993896484,72.84915004730225,0,44431356.231689456172000,80047448.69924878,,,,,,,
2025-10-22,,,,,,,72.779998779296880,73.709999084472660,72.429000854492190,72.760002136230470,650400,,,,,72.760002136230470,,,,,,,,,,,,,,,,,,,,,,,,,,,,,,,,,,,,,,,,,,,,,,,,,,,,,,,,,,,,,,,,,,,,,,,,,,,,,,,,,,,,,,,,,,,,,,,,,,,,,,,,,,,,,,,,,,,,,,,,,,,,,,,,,,,,,,,,,,,,,0.09671506055645782,0.1938189454486309,0.22433748827859054,0.301701117970718,,,,0.026255959386347533,,,,,,,,72.5016873124425,72.5016873124425,72.3832191256926,72.3832191256926,72.69223848555966,72.69223848555966,70.48984792590886,70.48984792590886,,,,,-0.0020594710362662194,,-0.13310697057826815,-0.13310697057826815,-0.23864452262901117,-0.23864452262901117,51.95889843852347,51.95889843852347,,72.4280029296875,72.4280029296875,72.25047665550595,72.25047665550595,72.67492070273748,72.67492070273748,72.31539683871799,72.31539683871799,72.65740005493164,72.87735004425049,0,47323105.389404297688000,80271593.81436545,,,,,,,
2025-10-23,,,,,,,72.660003662109380,73.000000000000000,71.480003356933600,72.269996643066400,692400,,,,,72.269996643066400,,,,,,,,,,,,,,,,,,,,,,,,,,,,,,,,,,,,,,,,,,,,,,,,,,,,,,,,,,,,,,,,,,,,,,,,,,,,,,,,,,,,,,,,,,,,,,,,,,,,,,,,,,,,,,,,,,,,,,,,,,,,,,,,,,,,,,,,,,,,,0.11771374774330404,0.17963908441684506,0.22352032298053984,0.3016733504512641,,,,0.05473422012157283,,,,,,,,72.42445708931713,72.42445708931713,72.37292617272658,72.37292617272658,72.67904342798174,72.67904342798174,70.50392024778363,70.50392024778363,,,,,-0.006757324164880077,,-0.12604424385087043,-0.12604424385087043,-0.21612446687338302,-0.21612446687338302,48.93977472180672,48.93977472180672,,72.59400177001953,72.59400177001953,72.27190508161273,72.27190508161273,72.63555557008773,72.63555557008773,72.31210318065826,72.31210318065826,72.61520004272461,72.89635002136231,0,50039745.675659175360000,80528031.44413781,,,,,,,
2025-10-24,,,,,,,72.839996337890620,72.839996337890620,71.400001525878900,71.440002441406250,811800,,,,,71.440002441406250,,,,,,,,,,,,,,,,,,,,,,,,,,,,,,,,,,,,,,,,,,,,,,,,,,,,,,,,,,,,,,,,,,,,,,,,,,,,,,,,,,,,,,,,,,,,,,,,,,,,,,,,,,,,,,,,,,,,,,,,,,,,,,,,,,,,,,,,,,,,,0.12783320195077685,0.1710413147024621,0.2231653049192116,0.3018191887804175,,,,0.013139534953738267,,,,,,,,72.0963055400135,72.0963055400135,72.28811492442473,72.28811492442473,72.64032339715125,72.64032339715125,70.51132010702175,70.51132010702175,,,,,-0.01155108810253534,,-0.18528473052052163,-0.18528473052052163,-0.20995651960281075,-0.20995651960281075,44.24959907030881,44.24959907030881,,72.4500015258789,72.4500015258789,72.31857190813336,72.31857190813336,72.59857153514075,72.59857153514075,72.30746033078148,72.30746033078148,72.58000015258789,72.90650001525879,0,57994993.981933593750000,80980791.44926526,,,,,,,
2025-10-27,,,,,,,71.580001831054690,72.209999084472660,71.470001220703120,71.980003356933600,729400,,,,,71.980003356933600,,,,,,,,,,,,,,,,,,,,,,,,,,,,,,,,,,,,,,,,,,,,,,,,,,,,,,,,,,,,,,,,,,,,,,,,,,,,,,,,,,,,,,,,,,,,,,,,,,,,,,,,,,,,,,,,,,,,,,,,,,,,,,,,,,,,,,,,,,,,,0.1150589007727453,0.16722970367789777,0.22368147028109295,0.3019110671147958,,,,0.011313938526550415,,,,,,,,72.05753814565354,72.05753814565354,72.26010478192553,72.26010478192553,72.61968839589446,72.61968839589446,70.52293025128982,70.52293025128982,,,,,0.007530378545453282,,-0.18650971421655527,-0.18650971421655527,-0.20526715852555966,-0.20526715852555966,47.75755975670272,47.75755975670272,,72.27200164794922,72.27200164794922,72.34761955624535,72.34761955624535,72.57365090506417,72.57365090506417,72.30539685203915,72.30539685203915,72.59120025634766,72.9216000366211,0,52502214.448547367840000,81387453.16883874,,,,,,,
2025-10-28,,,,,,,71.650001525878900,71.930000305175780,70.824996948242190,70.919998168945310,446900,,,,,70.919998168945310,,,,,,,,,,,,,,,,,,,,,,,,,,,,,,,,,,,,,,,,,,,,,,,,,,,,,,,,,,,,,,,,,,,,,,,,,,,,,,,,,,,,,,,,,,,,,,,,,,,,,,,,,,,,,,,,,,,,,,,,,,,,,,,,,,,,,,,,,,,,,0.13906681327463366,0.1698896825779218,0.22507585257599694,0.3021171845041536,,,,-0.0456633996758636,,,,,,,,71.67835815341746,71.67835815341746,72.13827690801824,72.13827690801824,72.56657307630229,72.56657307630229,70.52606912810923,70.52606912810923,,,,,-0.01483589390050319,,-0.2699028108638828,-0.2699028108638828,-0.2181942889932243,-0.2181942889932243,42.15081395862079,42.15081395862079,,71.8740005493164,71.8740005493164,72.28619094122024,72.28619094122024,72.54095241001674,72.54095241001674,72.2963492378356,72.2963492378356,72.59440017700196,72.9408500289917,0,31694147.181701659039000,81369133.29059662,,,,,,,
2025-10-29,,,,,,,70.639999389648440,70.760002136230470,69.250000000000000,69.779998779296880,815800,,,,,69.779998779296880,,,,,,,,,,,,,,,,,,,,,,,,,,,,,,,,,,,,,,,,,,,,,,,,,,,,,,,,,,,,,,,,,,,,,,,,,,,,,,,,,,,,,,,,,,,,,,,,,,,,,,,,,,,,,,,,,,,,,,,,,,,,,,,,,,,,,,,,,,,,,0.15241542339201797,0.1722017533430737,0.22293247267541488,0.3025447798462651,,,,-0.09469826943394014,,,,,,,,71.04557169537726,71.04557169537726,71.9238879872254,71.9238879872254,72.47949262952088,72.47949262952088,70.52017133879056,70.52017133879056,,,,,-0.016205037122380864,,-0.42310358933886505,-0.42310358933886505,-0.2591761490623524,-0.2591761490623524,37.10549855433983,37.10549855433983,,71.27799987792969,71.27799987792969,72.13285754975819,72.13285754975819,72.51587301587301,72.51587301587301,72.28281747727166,72.28281747727166,72.54460021972656,72.94720001220703,0,56926523.004150394704000,81470778.41078743,,,,,,,
2025-10-30,,,,,,,69.669998168945310,70.680000305175780,69.139999389648440,69.279998779296880,569000,,,,,69.279998779296880,,,,,,,,,,,,,,,,,,,,,,,,,,,,,,,,,,,,,,,,,,,,,,,,,,,,,,,,,,,,,,,,,,,,,,,,,,,,,,,,,,,,,,,,,,,,,,,,,,,,,,,,,,,,,,,,,,,,,,,,,,,,,,,,,,,,,,,,,,,,,0.1521582416256983,0.17276100702449762,0.22305781797580765,0.30261507340608707,,,,-0.18444189711866824,,,,,,,,70.45704739001714,70.45704739001714,71.68353442286826,71.68353442286826,72.37950844670138,72.37950844670138,70.51036760314238,70.51036760314238,,,,,-0.007191171630701193,,-0.5781970358438855,-0.5781970358438855,-0.32298032641865904,-0.32298032641865904,35.11992489486791,35.11992489486791,,70.68000030517578,70.68000030517578,71.9538098289853,71.9538098289853,72.47698405432322,72.47698405432322,72.26662699381511,72.26662699381511,72.47320022583008,72.94264999389648,0,39420319.305419924720000,81207615.00895667,,,,,,,
2025-10-31,,,,,,,68.889999389648440,69.918998718261720,68.039001464843750,69.040000915527340,836700,,,,,69.040000915527340,,,,,,,,,,,,,,,,,,,,,,,,,,,,,,,,,,,,,,,,,,,,,,,,,,,,,,,,,,,,,,,,,,,,,,,,,,,,,,,,,,,,,,,,,,,,,,,,,,,,,,,,,,,,,,,,,,,,,,,,,,,,,,,,,,,,,,,,,,,,,0.1525987024411103,0.14982385704321058,0.21895361080663722,0.30263243347845165,,,,-0.22964070895516078,,,,,,,,69.9846985651872,69.9846985651872,71.44321319492818,71.44321319492818,72.27514883635219,72.27514883635219,70.49874415106638,70.49874415106638,,,,,-0.0034701865983335057,,-0.7122649840804911,-0.7122649840804911,-0.4008372579510255,-0.4008372579510255,34.17461666568769,34.17461666568769,,70.2,70.2,71.68904804048084,71.68904804048084,72.41063484312996,72.41063484312996,72.24952382890005,72.24952382890005,72.41400024414062,72.92770000457763,0,57765768.766021725378000,81137224.1792588,,,,,,,
2025-11-03,,,,,,,68.559997558593750,68.769996643066400,67.419998168945310,68.120002746582030,1290100,,,,,68.120002746582030,,,,,,,,,,,,,,,,,,,,,,,,,,,,,,,,,,,,,,,,,,,,,,,,,,,,,,,,,,,,,,,,,,,,,,,,,,,,,,,,,,,,,,,,,,,,,,,,,,,,,,,,,,,,,,,,,,,,,,,,,,,,,,,,,,,,,,,,,,,,,0.08652772341424418,0.1529041599074118,0.2194856537821244,0.30290110190766506,,,,-0.18076923603462514,,,,,,,,69.3631332923188,69.3631332923188,71.14110315416943,71.14110315416943,72.14530052104686,72.14530052104686,70.47993987118903,70.47993987118903,,,,,-0.01341516392175083,,-0.8825771623118897,-0.8825771623118897,-0.4971852388231983,-0.4971852388231983,30.756966328713222,30.756966328713222,,69.4279998779297,69.4279998779297,71.40904817127046,71.40904817127046,72.34222218346974,72.34222218346974,72.22789685688322,72.22789685688322,72.30540023803711,72.90485000610352,0,87881615.543365476903000,81531946.64398678,,,,,,,
2025-11-04,,,,,,,68.440002441406250,69.010002136230470,67.980003356933600,68.589996337890620,1348800,,,,,68.589996337890620,,,,,,,,,,,,,,,,,,,,,,,,,,,,,,,,,,,,,,,,,,,,,,,,,,,,,,,,,,,,,,,,,,,,,,,,,,,,,,,,,,,,,,,,,,,,,,,,,,,,,,,,,,,,,,,,,,,,,,,,,,,,,,,,,,,,,,,,,,,,,0.14427751620882262,0.15743050681640086,0.21997390462563854,0.302693127058598,,,,-0.15299066371045783,,,,,,,,69.10542097417608,69.10542097417608,70.90918435268954,70.90918435268954,72.03419726532323,72.03419726532323,70.46499960610367,70.46499960610367,,,,,0.006875802005680502,,-0.9684624039293794,-0.9684624039293794,-0.5914406718444345,-0.5914406718444345,34.36798213251216,34.36798213251216,,68.96199951171874,68.96199951171874,71.16190519787017,71.16190519787017,72.27904752701048,72.27904752701048,72.21206350175162,72.21206350175162,72.22220016479493,72.88024997711182,0,92514187.060546868256000,81987555.95079452,,,,,,,
2025-11-05,,,,,,,68.309997558593750,68.389999389648440,67.099998474121100,67.690002441406250,1204900,,,,,67.690002441406250,,,,,,,,,,,,,,,,,,,,,,,,,,,,,,,,,,,,,,,,,,,,,,,,,,,,,,,,,,,,,,,,,,,,,,,,,,,,,,,,,,,,,,,,,,,,,,,,,,,,,,,,,,,,,,,,,,,,,,,,,,,,,,,,,,,,,,,,,,,,,0.13293763803181743,0.1466643203775841,0.2208241511663329,0.3029683063390867,,,,-0.08159151974788342,,,,,,,,68.63361479658614,68.63361479658614,70.61653145166379,70.61653145166379,71.89844117707582,71.89844117707582,70.44306286962384,70.44306286962384,,,,,-0.013208203531953183,,-1.0965091872076158,-1.0965091872076158,-0.6924543749170707,-0.6924543749170707,31.030809184144886,31.030809184144886,,68.54400024414062,68.54400024414062,70.9490479968843,70.9490479968843,72.21142856658452,72.21142856658452,72.19313494364421,72.19313494364421,72.11760025024414,72.84860000610351,0,81559683.941650390625000,81776229.25183736,,,,,,,
2025-11-06,,,,,,,67.470001220703120,68.309997558593750,66.110000610351560,66.279998779296880,1791800,,,,,66.279998779296880,,,,,,,,,,,,,,,,,,,,,,,,,,,,,,,,,,,,,,,,,,,,,,,,,,,,,,,,,,,,,,,,,,,,,,,,,,,,,,,,,,,,,,,,,,,,,,,,,,,,,,,,,,,,,,,,,,,,,,,,,,,,,,,,,,,,,,,,,,,,,0.17114413872840645,0.15699504504445244,0.22031500637795992,0.3036579113071493,,,,-0.16121289054977028,,,,,,,,67.84907612415638,67.84907612415638,70.22230120872135,70.22230120872135,71.72286485214524,71.72286485214524,70.41015327207185,70.41015327207185,,,,,-0.021050320446979447,,-1.2968138344775468,-1.2968138344775468,-0.813326266829166,-0.813326266829166,26.662694113011057,26.662694113011057,,67.94400024414062,67.94400024414062,70.65619078136626,70.65619078136626,72.09857141403924,72.09857141403924,72.16976193019322,72.16976193019322,71.98540023803712,72.81169998168946,0,118760501.812744149584000,81613269.63097708,,,,,,,
2025-11-07,,,,,,,68.620002746582030,71.580001831054690,66.800003051757810,71.519996643066400,1739200,,,,,71.519996643066400,,,,,,,,,,,,,,,,,,,,,,,,,,,,,,,,,,,,,,,,,,,,,,,,,,,,,,,,,,,,,,,,,,,,,,,,,,,,,,,,,,,,,,,,,,,,,,,,,,,,,,,,,,,,,,,,,,,,,,,,,,,,,,,,,,,,,,,,,,,,,0.6342480193843969,0.3183531217167786,0.2663356932448272,0.312827714963423,,,,-0.0650109172888077,,,,,,,,69.07271629712639,69.07271629712639,70.34027352093453,70.34027352093453,71.71652522061153,71.71652522061153,70.41892673745521,70.41892673745521,,,,,0.07608890978727222,,-1.0209636421008241,-1.0209636421008241,-0.8548537418834976,-0.8548537418834976,53.09035280121508,53.09035280121508,,68.43999938964843,68.43999938964843,70.64285714285714,70.64285714285714,72.09317452566964,72.09317452566964,72.16325396583194,72.16325396583194,71.96260009765625,72.80129997253418,0,124387578.161621082880000,82688627.18146189,,,,,,,
2025-11-10,,,,,,,71.250000000000000,72.242996215820310,70.059997558593750,71.790000915527340,1203600,,,,,71.790000915527340,,,,,,,,,,,,,,,,,,,,,,,,,,,,,,,,,,,,,,,,,,,,,,,,,,,,,,,,,,,,,,,,,,,,,,,,,,,,,,,,,,,,,,,,,,,,,,,,,,,,,,,,,,,,,,,,,,,,,,,,,,,,,,,,,,,,,,,,,,,,,0.6105941007718491,0.3118790981629285,0.26636673610654843,0.31256293052385525,,,,0.0150261263192818,,,,,,,,69.97847783659337,69.97847783659337,70.47206692044297,70.47206692044297,71.71882133607764,71.71882133607764,70.42976526850717,70.42976526850717,,,,,0.003768119412978344,,-0.7716679808446827,-0.7716679808446827,-0.8382165896757346,-0.8382165896757346,54.01000021714551,54.01000021714551,,69.1739990234375,69.1739990234375,70.70333353678386,70.70333353678386,72.08841269356864,72.08841269356864,72.15392857506161,72.15392857506161,71.93660018920899,72.78529998779297,0,86406445.101928706424000,83218764.81312343,,,,,,,
2025-11-11,,,,,,,72.330001831054690,73.919998168945310,72.214996337890620,73.879997253417970,919100,,,,,73.879997253417970,,,,,,,,,,,,,,,,,,,,,,,,,,,,,,,,,,,,,,,,,,,,,,,,,,,,,,,,,,,,,,,,,,,,,,,,,,,,,,,,,,,,,,,,,,,,,,,,,,,,,,,,,,,,,,,,,,,,,,,,,,,,,,,,,,,,,,,,,,,,,0.6219913251411621,0.32631003388165875,0.26518261962342804,0.3136390916719353,,,,0.08301273714194889,,,,,,,,71.27898430886825,71.27898430886825,70.78187876889524,70.78187876889524,71.78635808349453,71.78635808349453,70.4570398296527,70.4570398296527,,,,,0.0286969148135343,,-0.4008335756317081,-0.4008335756317081,-0.7507399868669293,-0.7507399868669293,60.47016712255609,60.47016712255609,,70.23199920654297,70.23199920654297,70.846190679641,70.846190679641,72.08047618563214,72.08047618563214,72.14920634315128,72.14920634315128,71.97780014038086,72.77899997711182,0,67903105.475616456227000,83287857.44522338,,,,,,,
2025-11-12,,,,,,,73.910003662109380,74.709999084472660,73.389999389648440,73.830001831054690,1003200,,,,,73.830001831054690,,,,,,,,,,,,,,,,,,,,,,,,,,,,,,,,,,,,,,,,,,,,,,,,,,,,,,,,,,,,,,,,,,,,,,,,,,,,,,,,,,,,,,,,,,,,,,,,,,,,,,,,,,,,,,,,,,,,,,,,,,,,,,,,,,,,,,,,,,,,,0.59200600489466,0.32552636703775895,0.2632155922100553,0.3115810010480101,,,,0.025755944105732075,,,,,,,,72.12932348293039,72.12932348293039,71.05898086545518,71.05898086545518,71.85022195060579,71.85022195060579,70.48370356088908,70.48370356088908,,,,,-0.0006769402827480116,,-0.10971413429290067,-0.10971413429290067,-0.6225348163521236,-0.6225348163521236,60.25213415521851,60.25213415521851,,71.45999908447266,71.45999908447266,70.95761943998791,70.95761943998791,72.09047626313709,72.09047626313709,72.1547619047619,72.1547619047619,72.02640014648438,72.77375,0,74066257.836914065008000,78794579.23453195,,,,,,,
2025-11-13,,,,,,,73.510002136230470,75.980003356933600,73.050003051757810,75.220001220703120,1341100,,,,,75.220001220703120,,,,,,,,,,,,,,,,,,,,,,,,,,,,,,,,,,,,,,,,,,,,,,,,,,,,,,,,,,,,,,,,,,,,,,,,,,,,,,,,,,,,,,,,,,,,,,,,,,,,,,,,,,,,,,,,,,,,,,,,,,,,,,,,,,,,,,,,,,,,,0.4875872305473574,0.3308600616032708,0.2608920611860223,0.3118756463751048,,,,0.06388900004140163,,,,,,,,73.1595493955213,73.1595493955213,71.437255443205,71.437255443205,71.95552755279633,71.95552755279633,70.52114464910896,70.52114464910896,,,,,0.01865199139859722,,0.230504343813962,0.230504343813962,-0.4519269843189065,-0.4519269843189065,64.12507649671205,64.12507649671205,,73.24799957275391,73.24799957275391,71.13190532865978,71.13190532865978,72.15079377189515,72.15079377189515,72.16940477159288,72.16940477159288,72.08320022583008,72.77735000610352,0,100877543.637084954232000,75915168.80396283,,,,,,,
2025-11-14,,,,,,,75.069999694824220,76.169998168945310,74.680000305175780,75.660003662109380,1053800,,,,,75.660003662109380,,,,,,,,,,,,,,,,,,,,,,,,,,,,,,,,,,,,,,,,,,,,,,,,,,,,,,,,,,,,,,,,,,,,,,,,,,,,,,,,,,,,,,,,,,,,,,,,,,,,,,,,,,,,,,,,,,,,,,,,,,,,,,,,,,,,,,,,,,,,,0.19226578103127787,0.33072360113208793,0.2602628398412597,0.3116978857543459,,,,0.07393062308159616,,,,,,,,73.99303415105067,73.99303415105067,71.82114164492359,71.82114164492359,72.07129243121236,72.07129243121236,70.56176804051607,70.56176804051607,,,,,0.0058324983364393,,0.5295303622284848,0.5295303622284848,-0.2556355150094282,-0.2556355150094282,65.2784024759003,65.2784024759003,,74.0760009765625,74.0760009765625,71.33285776774089,71.33285776774089,72.22857157389323,72.22857157389323,72.18908733791775,72.18908733791775,72.1420002746582,72.77915000915527,0,79730511.859130864644000,74912818.25706846,,,,,,,
2025-11-17,,,,,,,75.230003356933600,76.489997863769530,74.995002746582030,76.190002441406250,1248500,,,,,76.190002441406250,,,,,,,,,,,,,,,,,,,,,,,,,,,,,,,,,,,,,,,,,,,,,,,,,,,,,,,,,,,,,,,,,,,,,,,,,,,,,,,,,,,,,,,,,,,,,,,,,,,,,,,,,,,,,,,,,,,,,,,,,,,,,,,,,,,,,,,,,,,,,0.18562322408738083,0.330044430698417,0.2573555227387689,0.3116187951653792,,,,0.08652387497092393,,,,,,,,74.72535691450253,74.72535691450253,72.21831080824019,72.21831080824019,72.20000211903091,72.20000211903091,70.60626001206461,70.60626001206461,,,,,0.006980584921507247,,0.8000545771441381,0.8000545771441381,-0.044497496578714955,-0.044497496578714955,66.66842363447464,66.66842363447464,,74.95600128173828,74.95600128173828,71.52476247151692,71.52476247151692,72.29079388815259,72.29079388815259,72.21349210587759,72.21349210587759,72.1738003540039,72.78980003356934,0,95123218.048095703125000,75095810.52581544,,,,,,,
2025-11-18,,,,,,,75.790000915527340,77.250000000000000,75.254997253417970,76.889999389648440,1355900,,,,,76.889999389648440,,,,,,,,,,,,,,,,,,,,,,,,,,,,,,,,,,,,,,,,,,,,,,,,,,,,,,,,,,,,,,,,,,,,,,,,,,,,,,,,,,,,,,,,,,,,,,,,,,,,,,,,,,,,,,,,,,,,,,,,,,,,,,,,,,,,,,,,,,,,,0.11106567757255925,0.3298744313426398,0.2574959912940528,0.3101453665699532,,,,0.11618801631876816,,,,,,,,75.44690440621783,75.44690440621783,72.6430097701864,72.6430097701864,72.34656453373772,72.34656453373772,70.65593384113643,70.65593384113643,,,,,0.009145568577530785,,1.0587265296911852,1.0587265296911852,0.17614730867526507,0.17614730867526507,68.46411891947452,68.46411891947452,,75.55800170898438,75.55800170898438,71.71619088309151,71.71619088309151,72.35492088681175,72.35492088681175,72.24916670057509,72.24916670057509,72.2536003112793,72.8063500213623,0,104255150.172424319796000,75466875.31734648,,,,,,,
2025-11-19,,,,,,,76.815002441406250,77.919998168945310,76.589996337890620,77.309997558593750,888900,,,,,77.309997558593750,,,,,,,,,,,,,,,,,,,,,,,,,,,,,,,,,,,,,,,,,,,,,,,,,,,,,,,,,,,,,,,,,,,,,,,,,,,,,,,,,,,,,,,,,,,,,,,,,,,,,,,,,,,,,,,,,,,,,,,,,,,,,,,,,,,,,,,,,,,,,0.08683582574279183,0.3299351255144,0.25637124828464924,0.31011159884771317,,,,0.11318202296297056,,,,,,,,76.0679354570098,76.0679354570098,73.06728138731434,73.06728138731434,72.50167181576447,72.50167181576447,70.70853513534557,70.70853513534557,,,,,0.0054474606468404956,,1.2828286082157803,1.2828286082157803,0.39748356858336814,0.39748356858336814,69.52497576297097,69.52497576297097,,76.25400085449219,76.25400085449219,71.92571440197173,71.92571440197173,72.43920656234499,72.43920656234499,72.28817461407374,72.28817461407374,72.37540023803712,72.81985000610352,0,68720856.829833984375000,75872653.99718511,,,,,,,
2025-11-20,,,,,,,78.150001525878900,81.635002136230470,78.000000000000000,79.510002136230470,1879600,,,,,79.510002136230470,,,,,,,,,,,,,,,,,,,,,,,,,,,,,,,,,,,,,,,,,,,,,,,,,,,,,,,,,,,,,,,,,,,,,,,,,,,,,,,,,,,,,,,,,,,,,,,,,,,,,,,,,,,,,,,,,,,,,,,,,,,,,,,,,,,,,,,,,,,,,0.15228632449994844,0.3406787863570389,0.258877242445177,0.3112720708107698,,,,0.10701700369986895,,,,,,,,77.21529101675003,77.21529101675003,73.65298327357944,73.65298327357944,72.72068213827903,72.72068213827903,70.77811194958181,70.77811194958181,,,,,0.02805954502788948,,1.6192869709942244,1.6192869709942244,0.6418442490655394,0.6418442490655394,74.38564537030065,74.38564537030065,,77.11200103759765,77.11200103759765,72.2471429734003,72.2471429734003,72.53380972241598,72.53380972241598,72.33734127831838,72.33734127831838,72.48980026245117,72.84345001220703,0,149447000.015258791412000,77055770.21793184,,,,,,,
2025-11-21,,,,,,,80.089996337890620,83.529998779296880,79.830001831054690,82.900001525878900,1314600,,,,,82.900001525878900,,,,,,,,,,,,,,,,,,,,,,,,,,,,,,,,,,,,,,,,,,,,,,,,,,,,,,,,,,,,,,,,,,,,,,,,,,,,,,,,,,,,,,,,,,,,,,,,,,,,,,,,,,,,,,,,,,,,,,,,,,,,,,,,,,,,,,,,,,,,,0.2537904941558453,0.3617671019138009,0.27001465778722544,0.3139655112297144,,,,0.13950654697930454,,,,,,,,79.11019451979298,79.11019451979298,74.49362129651576,74.49362129651576,73.03878586914152,73.03878586914152,70.8739371636237,70.8739371636237,,,,,0.04175225376667283,,2.134867839342519,2.134867839342519,0.9404489671209353,0.9404489671209353,79.74629322776654,79.74629322776654,,78.56000061035157,78.56000061035157,72.75333368210565,72.75333368210565,72.69492085774739,72.69492085774739,72.40023809766012,72.40023809766012,72.68000030517578,72.88405002593994,0,108980342.005920401940000,78019778.82120042,,,,,,,
2025-11-24,,,,,,,82.720001220703120,83.970001220703120,82.529998779296880,83.379997253417970,1532500,,,,,83.379997253417970,,,,,,,,,,,,,,,,,,,,,,,,,,,,,,,,,,,,,,,,,,,,,,,,,,,,,,,,,,,,,,,,,,,,,,,,,,,,,,,,,,,,,,,,,,,,,,,,,,,,,,,,,,,,,,,,,,,,,,,,,,,,,,,,,,,,,,,,,,,,,0.2572962945381801,0.35578266832343974,0.2701157643961626,0.3134287752871058,,,,0.17796924536453085,,,,,,,,80.53346209766798,80.53346209766798,75.30147365623414,75.30147365623414,73.36194872490016,73.36194872490016,70.97279929872089,70.97279929872089,,,,,0.005773358964604046,,2.5527742433582006,2.5527742433582006,1.2629140223683883,1.2629140223683883,80.37264466924294,80.37264466924294,,79.99799957275391,79.99799957275391,73.32190486363002,73.32190486363002,72.86095258924696,72.86095258924696,72.45972221616715,72.45972221616715,72.88340026855468,72.93405002593994,0,127779845.790863039025000,78806769.92841448,,,,,,,
2025-11-25,,,,,,,83.989997863769530,86.279998779296880,83.720001220703120,85.769996643066400,1216400,,,,,85.769996643066400,,,,,,,,,,,,,,,,,,,,,,,,,,,,,,,,,,,,,,,,,,,,,,,,,,,,,,,,,,,,,,,,,,,,,,,,,,,,,,,,,,,,,,,,,,,,,,,,,,,,,,,,,,,,,,,,,,,,,,,,,,,,,,,,,,,,,,,,,,,,,0.2514065546898833,0.36308065736574086,0.2750619929354465,0.31416335247388544,,,,0.19273184145840874,,,,,,,,82.27897361280078,82.27897361280078,76.25315756412797,76.25315756412797,73.74970022234285,73.74970022234285,71.08977319077104,71.08977319077104,,,,,0.028260816351431652,,3.0417575682614455,3.0417575682614455,1.6186827315469998,1.6186827315469998,83.16445464044496,83.16445464044496,,81.7739990234375,81.7739990234375,73.97857121058873,73.97857121058873,73.06539699009487,73.06539699009487,72.52376983279274,72.52376983279274,73.11620025634765,72.99135002136231,1,104330623.916625968960000,79458086.57042488,,,,,,,
2025-11-26,,,,,,,85.769996643066400,86.809997558593750,85.250999450683600,85.269996643066400,988100,,,,,85.269996643066400,,,,,,,,,,,,,,,,,,,,,,,,,,,,,,,,,,,,,,,,,,,,,,,,,,,,,,,,,,,,,,,,,,,,,,,,,,,,,,,,,,,,,,,,,,,,,,,,,,,,,,,,,,,,,,,,,,,,,,,,,,,,,,,,,,,,,,,,,,,,,0.3049395002860353,0.3571353994174249,0.2753422858838546,0.3138231826331585,,,,0.16539335252919876,,,,,,,,83.27598128955599,83.27598128955599,77.07287020766783,77.07287020766783,74.10970948549047,74.10970948549047,71.20186981885243,71.20186981885243,,,,,-0.00584660247787108,,3.3503142180487515,3.3503142180487515,1.96500902884735,1.96500902884735,80.58207889455406,80.58207889455406,,83.36599884033203,83.36599884033203,74.66190447126117,74.66190447126117,73.26555560884022,73.26555560884022,72.58115078154064,72.58115078154064,73.3402001953125,73.04944999694824,1,84255283.683013909840000,79599580.63210382,,,,,,,
2025-11-28,,,,,,,85.550003051757810,86.141998291015620,85.120002746582030,85.260002136230470,628300,,,,,85.260002136230470,,,,,,,,,,,,,,,,,,,,,,,,,,,,,,,,,,,,,,,,,,,,,,,,,,,,,,,,,,,,,,,,,,,,,,,,,,,,,,,,,,,,,,,,,,,,,,,,,,,,,,,,,,,,,,,,,,,,,,,,,,,,,,,,,,,,,,,,,,,,,0.32088632653514715,0.34716619684192096,0.275306823971341,0.31364722334612416,,,,0.1582138263139481,,,,,,,,83.93732157178081,83.93732157178081,77.81715492844626,77.81715492844626,74.4581561308261,74.4581561308261,71.31300129962221,71.31300129962221,,,,,-0.00011721699312641454,,3.5530833793818175,3.5530833793818175,2.2826238989542436,2.2826238989542436,80.528251171881,80.528251171881,,84.51599884033203,84.51599884033203,75.39904748825799,75.39904748825799,73.45873030405195,73.45873030405195,72.63531745426239,72.63531745426239,73.55800018310546,73.10735000610352,1,53568859.342193604301000,79497157.68527076,,,,,,,
2025-12-01,,,,,,,85.000000000000000,86.129997253417970,84.290000915527340,85.559997558593750,1180500,,,,,85.559997558593750,,,,,,,,,,,,,,,,,,,,,,,,,,,,,,,,,,,,,,,,,,,,,,,,,,,,,,,,,,,,,,,,,,,,,,,,,,,,,,,,,,,,,,,,,,,,,,,,,,,,,,,,,,,,,,,,,,,,,,,,,,,,,,,,,,,,,,,,,,,,,0.2068328166232557,0.3426164502188794,0.2723021632781526,0.31365079447233307,,,,0.18971321046282855,,,,,,,,84.47821356738513,84.47821356738513,78.52104971300511,78.52104971300511,74.80508867544383,74.80508867544383,71.42562577597772,71.42562577597772,,,,,0.003512419287222724,,3.6953883870035753,3.6953883870035753,2.56517679656411,2.56517679656411,80.93981072758824,80.93981072758824,,85.047998046875,85.047998046875,76.17428552536737,76.17428552536737,73.67682550823878,73.67682550823878,72.69115078638471,72.69115078638471,73.79480010986327,73.16360000610352,1,101003577.117919921875000,79936677.07303971,,,,,,,
2025-12-02,,,,,,,87.300003051757810,88.199996948242190,85.569999694824220,85.589996337890620,1209700,,,,,85.589996337890620,,,,,,,,,,,,,,,,,,,,,,,,,,,,,,,,,,,,,,,,,,,,,,,,,,,,,,,,,,,,,,,,,,,,,,,,,,,,,,,,,,,,,,,,,,,,,,,,,,,,,,,,,,,,,,,,,,,,,,,,,,,,,,,,,,,,,,,,,,,,,0.21126539706765946,0.34096832039451924,0.27178348199155056,0.3133775873167256,,,,0.1397346649273687,,,,,,,,84.84880782422029,84.84880782422029,79.16368122435834,79.16368122435834,75.1421170398953,75.1421170398953,71.53759708476754,71.53759708476754,,,,,0.00035055542709781806,,3.7671612911867243,3.7671612911867243,2.805573695488633,2.805573695488633,80.98309610225934,80.98309610225934,,85.48999786376953,85.48999786376953,76.96238054547992,76.96238054547992,73.90206352112786,73.90206352112786,72.74317456805517,72.74317456805517,74.03139999389649,73.22034999847412,1,103538218.569946283014000,80668600.84038386,,,,,,,
2025-12-03,,,,,,,85.739997863769530,86.180000305175780,84.599998474121100,85.250000000000000,1176500,,,,,85.250000000000000,,,,,,,,,,,,,,,,,,,,,,,,,,,,,,,,,,,,,,,,,,,,,,,,,,,,,,,,,,,,,,,,,,,,,,,,,,,,,,,,,,,,,,,,,,,,,,,,,,,,,,,,,,,,,,,,,,,,,,,,,,,,,,,,,,,,,,,,,,,,,0.05891943648744839,0.3342232194800696,0.2712328630062371,0.3130914049068414,,,,0.13056744261681488,,,,,,,,84.9825385494802,84.9825385494802,79.71698293123487,79.71698293123487,75.45798838239857,75.45798838239857,71.6459955267852,71.6459955267852,,,,,-0.003980294943241182,,3.753340795530548,3.753340795530548,2.995127115497016,2.995127115497016,78.79891057494557,78.79891057494557,,85.38599853515625,85.38599853515625,77.77809470040458,77.77809470040458,74.1063492790101,74.1063492790101,72.79769836910187,72.79769836910187,74.26860000610351,73.27490001678467,1,100296625.000000000000000,81348278.12897213,,,,,,,
2025-12-04,,,,,,,85.160003662109380,85.635002136230470,84.660003662109380,85.260002136230470,929700,,,,,85.260002136230470,,,,,,,,,,,,,,,,,,,,,,,,,,,,,,,,,,,,,,,,,,,,,,,,,,,,,,,,,,,,,,,,,,,,,,,,,,,,,,,,,,,,,,,,,,,,,,,,,,,,,,,,,,,,,,,,,,,,,,,,,,,,,,,,,,,,,,,,,,,,,0.04224489757910648,0.3360081760955137,0.2712437894194152,0.31303408954144385,,,,0.13136084926145838,,,,,,,,85.07502641173029,85.07502641173029,80.22089376805265,80.22089376805265,75.76430131220582,75.76430131220582,71.75361613239346,71.75361613239346,,,,,0.00011732022892062293,,3.7005375485985894,3.7005375485985894,3.1362092021173305,3.1362092021173305,78.81701086779667,78.81701086779667,,85.38399963378906,85.38399963378906,78.57190450032552,78.57190450032552,74.3053969125899,74.3053969125899,72.85035711621481,72.85035711621481,74.53740005493164,73.33130001068115,1,79266223.986053467959000,81818325.8615524,,,,,,,
2025-12-05,,,,,,,84.720001220703120,85.885002136230470,84.625000000000000,85.430000305175780,1119300,,,,,85.430000305175780,,,,,,,,,,,,,,,,,,,,,,,,,,,,,,,,,,,,,,,,,,,,,,,,,,,,,,,,,,,,,,,,,,,,,,,,,,,,,,,,,,,,,,,,,,,,,,,,,,,,,,,,,,,,,,,,,,,,,,,,,,,,,,,,,,,,,,,,,,,,,0.044541083230225015,0.32656761981447485,0.26718667354420117,0.3125281516733341,,,,0.14788072090675025,,,,,,,,85.19335104287879,85.19335104287879,80.69444890779111,80.69444890779111,76.06635440573612,76.06635440573612,71.86172984126921,71.86172984126921,,,,,0.001991894343212473,,3.630557222757517,3.630557222757517,3.235078806245368,3.235078806245368,79.14293519358115,79.14293519358115,,85.41799926757812,85.41799926757812,79.41666630336216,79.41666630336216,74.47730170355902,74.47730170355902,72.90853173392159,72.90853173392159,74.8368000793457,73.38595001220703,1,95621799.341583250554000,81550587.1574644,,,,,,,
2025-12-08,,,,,,,85.330001831054690,85.330001831054690,82.459999084472660,82.599998474121100,1589400,,,,,82.599998474121100,,,,,,,,,,,,,,,,,,,,,,,,,,,,,,,,,,,,,,,,,,,,,,,,,,,,,,,,,,,,,,,,,,,,,,,,,,,,,,,,,,,,,,,,,,,,,,,,,,,,,,,,,,,,,,,,,,,,,,,,,,,,,,,,,,,,,,,,,,,,,0.23902637760841533,0.3446683860052496,0.27206667746063495,0.31432086495863043,,,,0.15221029744610223,,,,,,,,84.32890018662623,84.32890018662623,80.86768068654838,80.86768068654838,76.27053078287315,76.27053078287315,71.94661734034314,71.94661734034314,,,,,-0.03368766868193737,,3.3086003288348564,3.3086003288348564,3.2497831107632655,3.2497831107632655,62.03203934519415,62.03203934519415,,84.8259994506836,84.8259994506836,80.19380914597284,80.19380914597284,74.63126990908668,74.63126990908668,72.95749997335767,72.95749997335767,75.06139999389649,73.4338500213623,1,131284437.574768076340000,82558208.52501279,,,,,,,
2025-12-09,,,,,,,82.620002746582030,82.970001220703120,80.000000000000000,80.110000610351560,1053000,,,,,80.110000610351560,,,,,,,,,,,,,,,,,,,,,,,,,,,,,,,,,,,,,,,,,,,,,,,,,,,,,,,,,,,,,,,,,,,,,,,,,,,,,,,,,,,,,,,,,,,,,,,,,,,,,,,,,,,,,,,,,,,,,,,,,,,,,,,,,,,,,,,,,,,,,0.2767767917583046,0.28108094585914306,0.2751964304275568,0.3156984060181421,,,,0.0488711308958141,,,,,,,,82.922600327868,82.922600327868,80.7988006796214,80.7988006796214,76.39051421498185,76.39051421498185,72.01115001441435,72.01115001441435,,,,,-0.030608964207878078,,2.8200177438501726,2.8200177438501726,3.163830037380647,3.163830037380647,51.48484505548849,51.48484505548849,,83.73000030517578,83.73000030517578,80.6028569539388,80.6028569539388,74.77238101050968,74.77238101050968,72.9993253738161,72.9993253738161,75.21940002441406,73.45300003051757,1,84355830.642700192680000,82759252.61094835,,,,,,,
2025-12-10,,,,,,,80.220001220703120,82.269996643066400,80.139999389648440,81.900001525878900,916600,,,,,81.900001525878900,,,,,,,,,,,,,,,,,,,,,,,,,,,,,,,,,,,,,,,,,,,,,,,,,,,,,,,,,,,,,,,,,,,,,,,,,,,,,,,,,,,,,,,,,,,,,,,,,,,,,,,,,,,,,,,,,,,,,,,,,,,,,,,,,,,,,,,,,,,,,0.3758821672548122,0.28685210547634155,0.2698171751994148,0.3163933439675072,,,,0.045127188744908626,,,,,,,,82.5817340605383,82.5817340605383,80.89890984746299,80.89890984746299,76.56268569344739,76.56268569344739,72.08932275363541,72.08932275363541,,,,,0.02209831164407968,,2.547880261766366,2.547880261766366,3.0406400822577906,3.0406400822577906,57.12813340675285,57.12813340675285,,83.06000061035157,83.06000061035157,81.08428555443173,81.08428555443173,74.90111117892795,74.90111117892795,73.04670633588519,73.04670633588519,75.39740005493164,73.444700050354,1,75069541.398620599740000,82280718.94576058,,,,,,,
2025-12-11,,,,,,,81.970001220703120,83.019996643066400,81.763000488281250,82.790000915527340,802300,,,,,82.790000915527340,,,,,,,,,,,,,,,,,,,,,,,,,,,,,,,,,,,,,,,,,,,,,,,,,,,,,,,,,,,,,,,,,,,,,,,,,,,,,,,,,,,,,,,,,,,,,,,,,,,,,,,,,,,,,,,,,,,,,,,,,,,,,,,,,,,,,,,,,,,,,0.3975003024364658,0.2757101000310519,0.2700378681493378,0.3164320067515144,,,,0.030308029150592167,,,,,,,,82.65115634553464,82.65115634553464,81.07082721728702,81.07082721728702,76.7572892941374,76.7572892941374,72.17391309483614,72.17391309483614,,,,,0.010808282719119959,,2.37662856458698,2.37662856458698,2.9078377787236285,2.9078377787236285,59.641800396869506,59.641800396869506,,82.56600036621094,82.56600036621094,81.5085714431036,81.5085714431036,75.0503175523546,75.0503175523546,73.09496031867133,73.09496031867133,75.59240005493164,73.438450050354,1,66422417.734527584882000,81503321.84566921,,,,,,,
2025-12-12,,,,,,,83.110000610351560,83.550003051757810,82.205001831054690,82.980003356933600,792000,,,,,82.980003356933600,,,,,,,,,,,,,,,,,,,,,,,,,,,,,,,,,,,,,,,,,,,,,,,,,,,,,,,,,,,,,,,,,,,,,,,,,,,,,,,,,,,,,,,,,,,,,,,,,,,,,,,,,,,,,,,,,,,,,,,,,,,,,,,,,,,,,,,,,,,,,0.39788069715626034,0.2750736030140543,0.26989258614458594,0.31614144951038337,,,,0.04936561806633228,,,,,,,,82.76077201600097,82.76077201600097,81.24438868452762,81.24438868452762,76.95174910859977,76.95174910859977,72.2593367332717,72.2593367332717,,,,,0.0022923631503087073,,2.2305298106744544,2.2305298106744544,2.7723761851137936,2.7723761851137936,60.17859249184329,60.17859249184329,,82.0760009765625,82.0760009765625,81.9442858014788,81.9442858014788,75.2053969852508,75.2053969852508,73.14757937476749,73.14757937476749,75.76000015258789,73.43615005493164,1,65720162.658691411200000,80729728.98995535,,,,,,,
2025-12-15,,,,,,,83.650001525878900,84.000000000000000,81.370002746582030,81.889999389648440,1174100,,,,,81.889999389648440,,,,,,,,,,,,,,,,,,,,,,,,,,,,,,,,,,,,,,,,,,,,,,,,,,,,,,,,,,,,,,,,,,,,,,,,,,,,,,,,,,,,,,,,,,,,,,,,,,,,,,,,,,,,,,,,,,,,,,,,,,,,,,,,,,,,,,,,,,,,,0.3279589255366253,0.2781083989449951,0.270724399891833,0.3162769087370349,,,,-0.006641294670694502,,,,,,,,82.47051447388345,82.47051447388345,81.30308056681133,81.30308056681133,77.10606942988254,77.10606942988254,72.33546845387546,72.33546845387546,,,,,-0.013222779530665387,,2.003693948416256,2.003693948416256,2.618639737774286,2.618639737774286,55.60904354407748,55.60904354407748,,81.93400115966797,81.93400115966797,82.26190476190476,82.26190476190476,75.32857162233383,75.32857162233383,73.19281747606065,73.19281747606065,75.91780014038086,73.44685005187988,1,96147048.283386233404000,81069674.99078418,,,,,,,
2025-12-16,,,,,,,82.110000610351560,82.309997558593750,80.250000000000000,80.589996337890620,1056100,,,,,80.589996337890620,,,,,,,,,,,,,,,,,,,,,,,,,,,,,,,,,,,,,,,,,,,,,,,,,,,,,,,,,,,,,,,,,,,,,,,,,,,,,,,,,,,,,,,,,,,,,,,,,,,,,,,,,,,,,,,,,,,,,,,,,,,,,,,,,,,,,,,,,,,,,0.2552526367487169,0.28649998915539227,0.27296544006842893,0.3166258429119957,,,,-0.04987620153923358,,,,,,,,81.84367509521918,81.84367509521918,81.23825472781854,81.23825472781854,77.21494214575779,77.21494214575779,72.40072163872934,72.40072163872934,,,,,-0.016002348933605963,,1.6994354772940596,1.6994354772940596,2.4347988856782408,2.4347988856782408,50.66750897886039,50.66750897886039,,82.03000030517578,82.03000030517578,82.49666631789435,82.49666631789435,75.43206363254123,75.43206363254123,73.2348015800355,73.2348015800355,76.05400009155274,73.44900001525879,1,85111095.132446283782000,80406763.76308864,,,,,,,
2025-12-17,,,,,,,80.309997558593750,81.480003356933600,79.760002136230470,79.949996948242190,1580000,,,,,79.949996948242190,,,,,,,,,,,,,,,,,,,,,,,,,,,,,,,,,,,,,,,,,,,,,,,,,,,,,,,,,,,,,,,,,,,,,,,,,,,,,,,,,,,,,,,,,,,,,,,,,,,,,,,,,,,,,,,,,,,,,,,,,,,,,,,,,,,,,,,,,,,,,0.17755741061459512,0.28856165389323934,0.2735390056363771,0.31666338679374234,,,,-0.1303339629757684,,,,,,,,81.21244904622685,81.21244904622685,81.1211403842207,81.1211403842207,77.30041260833544,77.30041260833544,72.46039970441718,72.46039970441718,,,,,-0.00797312578604776,,1.3906354648213153,1.3906354648213153,2.2259662015068558,2.2259662015068558,48.387836341066006,48.387836341066006,,81.63999938964844,81.63999938964844,82.67571367536273,82.67571367536273,75.52063496907552,75.52063496907552,73.27603173634363,73.27603173634363,76.2097999572754,73.45380001068115,1,126320995.178222660200000,81327473.45602854,,,,,,,
2025-12-18,,,,,,,80.349998474121100,81.220001220703120,80.139999389648440,80.680000305175780,1378400,,,,,80.680000305175780,,,,,,,,,,,,,,,,,,,,,,,,,,,,,,,,,,,,,,,,,,,,,,,,,,,,,,,,,,,,,,,,,,,,,,,,,,,,,,,,,,,,,,,,,,,,,,,,,,,,,,,,,,,,,,,,,,,,,,,,,,,,,,,,,,,,,,,,,,,,,0.16819849811495702,0.28854488956251506,0.2732375510892278,0.3167423305771999,,,,-0.1657195223244121,,,,,,,,81.03496613254316,81.03496613254316,81.08103674067115,81.08103674067115,77.40602472386169,77.40602472386169,72.52537678426508,72.52537678426508,,,,,0.009089315759423568,,1.1910843215302833,1.1910843215302833,2.0189898255115413,2.0189898255115413,51.090937227175026,51.090937227175026,,81.21799926757812,81.21799926757812,82.85618990943546,82.85618990943546,75.63111114501953,75.63111114501953,73.32130952865359,73.32130952865359,76.37479995727539,73.46805000305176,1,111209312.420654295152000,81346940.79887754,,,,,,,
2025-12-19,,,,,,,80.800003051757810,81.680000305175780,80.540000915527340,81.589996337890620,3276500,,,,,81.589996337890620,,,,,,,,,,,,,,,,,,,,,,,,,,,,,,,,,,,,,,,,,,,,,,,,,,,,,,,,,,,,,,,,,,,,,,,,,,,,,,,,,,,,,,,,,,,,,,,,,,,,,,,,,,,,,,,,,,,,,,,,,,,,,,,,,,,,,,,,,,,,,0.2017103141637691,0.2900280545487393,0.27392931666560183,0.3167490781004148,,,,-0.05071861193946264,,,,,,,,81.2199762009923,81.2199762009923,81.12730579496383,81.12730579496383,77.5367738368001,77.5367738368001,72.59703385583524,72.59703385583524,,,,,0.011215943687859319,,1.0937594988090922,1.0937594988090922,1.8339437601710515,1.8339437601710515,54.30378219743335,54.30378219743335,,80.93999786376953,80.93999786376953,83.05999937511626,83.05999937511626,75.75539676726811,75.75539676726811,73.3728571392241,73.3728571392241,76.57059982299805,73.49729999542237,1,267329623.001098616430000,83852576.1612665,,,,,,,
2025-12-22,,,,,,,81.279998779296880,81.585998535156250,80.540000915527340,80.779998779296880,801500,,,,,80.779998779296880,,,,,,,,,,,,,,,,,,,,,,,,,,,,,,,,,,,,,,,,,,,,,,,,,,,,,,,,,,,,,,,,,,,,,,,,,,,,,,,,,,,,,,,,,,,,,,,,,,,,,,,,,,,,,,,,,,,,,,,,,,,,,,,,,,,,,,,,,,,,,0.1928530647521164,0.2775634577484542,0.2745941041311187,0.3158609639044574,,,,-0.05734402128842334,,,,,,,,81.07331706042717,81.07331706042717,81.0957324299032,81.0957324299032,77.63812461625312,77.63812461625312,72.66172132558593,72.66172132558593,,,,,-0.00997726553260162,,0.9404281715037115,0.9404281715037115,1.6552406424375834,1.6552406424375834,51.0868741023691,51.0868741023691,,80.71799774169922,80.71799774169922,83.12047540573846,83.12047540573846,75.87269834488157,75.87269834488157,73.42797618442111,73.42797618442111,76.77579986572266,73.51154998779298,1,64745169.021606449320000,83962785.77241443,,,,,,,
2025-12-23,,,,,,,80.860000610351560,80.989997863769530,80.254997253417970,80.550003051757810,752800,,,,,80.550003051757810,,,,,,,,,,,,,,,,,,,,,,,,,,,,,,,,,,,,,,,,,,,,,,,,,,,,,,,,,,,,,,,,,,,,,,,,,,,,,,,,,,,,,,,,,,,,,,,,,,,,,,,,,,,,,,,,,,,,,,,,,,,,,,,,,,,,,,,,,,,,,0.15464613428340696,0.23416540939652933,0.2707012013730718,0.3158745702724205,,,,-0.09899368109788806,,,,,,,,80.89887905753739,80.89887905753739,81.04612066825362,81.04612066825362,77.72912081736264,77.72912081736264,72.72407928389558,72.72407928389558,,,,,-0.002851247514328696,,0.7912324220276759,0.7912324220276759,1.482438998355602,1.482438998355602,50.17791996400642,50.17791996400642,,80.70999908447266,80.70999908447266,83.0085707164946,83.0085707164946,76.01126982673766,76.01126982673766,73.4825396764846,73.4825396764846,76.96919998168946,73.52610000610352,1,60638042.297363279368000,83981716.38431852,,,,,,,
2025-12-24,,,,,,,80.459999084472660,80.699996948242190,80.010002136230470,80.180000305175780,398100,,,,,80.180000305175780,,,,,,,,,,,,,,,,,,,,,,,,,,,,,,,,,,,,,,,,,,,,,,,,,,,,,,,,,,,,,,,,,,,,,,,,,,,,,,,,,,,,,,,,,,,,,,,,,,,,,,,,,,,,,,,,,,,,,,,,,,,,,,,,,,,,,,,,,,,,,0.14541325473683173,0.23293308760811635,0.2676776584844684,0.3159197016342617,,,,-0.12359593537456787,,,,,,,,80.65925280675017,80.65925280675017,80.96738245342836,80.96738245342836,77.8057108013568,77.8057108013568,72.78301937102033,72.78301937102033,,,,,-0.004604036488991213,,0.6358083830011338,0.6358083830011338,1.3131128752847083,1.3131128752847083,48.67743988741899,48.67743988741899,,80.75599975585938,80.75599975585938,82.85618990943546,82.85618990943546,76.16555556039961,76.16555556039961,73.53551586090572,73.53551586090572,77.14300003051758,73.54755001068115,1,31919658.121490478018000,83057815.96039061,,,,,,,
2025-12-26,,,,,,,80.250000000000000,80.559997558593750,79.861999511718750,80.459999084472660,502400,,,,,80.459999084472660,,,,,,,,,,,,,,,,,,,,,,,,,,,,,,,,,,,,,,,,,,,,,,,,,,,,,,,,,,,,,,,,,,,,,,,,,,,,,,,,,,,,,,,,,,,,,,,,,,,,,,,,,,,,,,,,,,,,,,,,,,,,,,,,,,,,,,,,,,,,,0.12928987421983523,0.20692010347125964,0.26679883967062085,0.31590958179184037,,,,-0.14339992809410837,,,,,,,,80.59283489932434,80.59283489932434,80.92125669261421,80.92125669261421,77.88865731020417,77.88865731020417,72.84370695768794,72.84370695768794,,,,,0.003486044122483332,,0.5291278176336363,0.5291278176336363,1.156315863754494,1.156315863754494,49.898409801349686,49.898409801349686,,80.71199951171874,80.71199951171874,82.60333288283576,82.60333288283576,76.3098412165566,76.3098412165566,73.59039682055277,73.59039682055277,77.32100006103515,73.57979999542236,1,40423103.540039064384000,82641137.34093317,,,,,,,
2025-12-29,,,,,,,80.519996643066400,80.970001220703120,79.989997863769530,80.089996337890620,575200,,,,,80.089996337890620,,,,,,,,,,,,,,,,,,,,,,,,,,,,,,,,,,,,,,,,,,,,,,,,,,,,,,,,,,,,,,,,,,,,,,,,,,,,,,,,,,,,,,,,,,,,,,,,,,,,,,,,,,,,,,,,,,,,,,,,,,,,,,,,,,,,,,,,,,,,,0.07671140424196156,0.20675320733852368,0.2663580835869004,0.31594996549553794,,,,-0.1238740278015566,,,,,,,,80.4252220455131,80.4252220455131,80.84568756945751,80.84568756945751,77.95744915481937,77.95744915481937,72.90098987768954,72.90098987768954,,,,,-0.004609198532314436,,0.41000034284476783,0.41000034284476783,1.0070527595725487,1.0070527595725487,48.26439127239144,48.26439127239144,,80.41199951171875,80.41199951171875,82.3566662016369,82.3566662016369,76.43492053803944,76.43492053803944,73.64408729189918,73.64408729189918,77.49399993896485,73.61874996185303,1,46067765.893554684624000,82024222.49919346,,,,,,,
2025-12-30,,,,,,,79.910003662109380,80.620002746582030,79.500000000000000,80.160003662109380,497800,,,,,80.160003662109380,,,,,,,,,,,,,,,,,,,,,,,,,,,,,,,,,,,,,,,,,,,,,,,,,,,,,,,,,,,,,,,,,,,,,,,,,,,,,,,,,,,,,,,,,,,,,,,,,,,,,,,,,,,,,,,,,,,,,,,,,,,,,,,,,,,,,,,,,,,,,0.05702399627789408,0.206954753943792,0.2656986885434559,0.3159107808028239,,,,-0.1006381763650538,,,,,,,,80.33681591771186,80.33681591771186,80.7833526687895,80.7833526687895,78.02627898317219,78.02627898317219,72.95837338586676,72.95837338586676,,,,,0.0008737264108876773,,0.31757911247383674,0.31757911247383674,0.8691580301528063,0.8691580301528063,48.60731284889119,48.60731284889119,,80.28800048828126,80.28800048828126,82.11380913144066,82.11380913144066,76.54857138981895,76.54857138981895,73.69654761420355,73.69654761420355,77.65399993896484,73.64874996185303,1,39903649.822998049364000,81611164.55987598,,,,,,,
2025-12-31,,,,,,,80.089996337890620,80.319999694824220,79.150001525878900,79.239997863769530,598500,,,,,79.239997863769530,,,,,,,,,,,,,,,,,,,,,,,,,,,,,,,,,,,,,,,,,,,,,,,,,,,,,,,,,,,,,,,,,,,,,,,,,,,,,,,,,,,,,,,,,,,,,,,,,,,,,,,,,,,,,,,,,,,,,,,,,,,,,,,,,,,,,,,,,,,,,0.09216716302936037,0.20761358261278506,0.2669695187574148,0.3161271956413769,,,,-0.1463597664021792,,,,,,,,79.97120989973108,79.97120989973108,80.64304768651496,80.64304768651496,78.06420769819086,78.06420769819086,73.00803049636403,73.00803049636403,,,,,-0.011543488150192254,,0.16815940547834884,0.16815940547834884,0.7289583052179148,0.7289583052179148,44.4386403237903,44.4386403237903,,80.0259994506836,80.0259994506836,81.81285676502046,81.81285676502046,76.64698403979105,76.64698403979105,73.74615078880673,73.74615078880673,77.7813998413086,73.66919994354248,1,47425138.721466063705000,80740949.34463501,,,,,,,
2026-01-02,,,,,,,79.239997863769530,79.620002746582030,78.379997253417970,79.019996643066400,751100,,,,,79.019996643066400,,,,,,,,,,,,,,,,,,,,,,,,,,,,,,,,,,,,,,,,,,,,,,,,,,,,,,,,,,,,,,,,,,,,,,,,,,,,,,,,,,,,,,,,,,,,,,,,,,,,,,,,,,,,,,,,,,,,,,,,,,,,,,,,,,,,,,,,,,,,,0.09142224259006146,0.2071353865126282,0.26401396964602597,0.3159510866006532,,,,-0.0934895947672714,,,,,,,,79.65413881417619,79.65413881417619,80.495497591656,80.495497591656,78.09407610271822,78.09407610271822,73.05555592044863,73.05555592044863,,,,,-0.0027802523701901693,,0.03162638204427992,0.03162638204427992,0.5894919205831879,0.5894919205831879,43.47838055018995,43.47838055018995,,79.79399871826172,79.79399871826172,81.49999963669549,81.49999963669549,76.71714274088542,76.71714274088542,73.79761901734368,73.79761901734368,77.90359970092773,73.68779991149903,1,59351919.478607173040000,80632959.51656765,,,,,,,
2026-01-05,,,,,,,78.260002136230470,81.339996337890620,78.184997558593750,80.800003051757810,1036200,,,,,80.800003051757810,,,,,,,,,,,,,,,,,,,,,,,,,,,,,,,,,,,,,,,,,,,,,,,,,,,,,,,,,,,,,,,,,,,,,,,,,,,,,,,,,,,,,,,,,,,,,,,,,,,,,,,,,,,,,,,,,,,,,,,,,,,,,,,,,,,,,,,,,,,,,0.20323966858381207,0.22596604775829873,0.2667777520903026,0.31668550399577483,,,,-0.05285780494033505,,,,,,,,80.03609356003673,80.03609356003673,80.52317990621071,80.52317990621071,78.17863631987571,78.17863631987571,73.11677684638784,73.11677684638784,,,,,0.022276060795160365,,0.06629046315771348,0.06629046315771348,0.484851629098093,0.484851629098093,52.43417584801287,52.43417584801287,,79.86199951171875,79.86199951171875,81.28809502011254,81.28809502011254,76.82507929726252,76.82507929726252,73.856111102634,73.856111102634,78.06439971923828,73.71024993896485,1,83724963.162231442722000,81029762.10644434,,,,,,,
2026-01-06,,,,,,,80.779998779296880,83.364997863769530,80.660003662109380,83.160003662109380,1250400,,,,,83.160003662109380,,,,,,,,,,,,,,,,,,,,,,,,,,,,,,,,,,,,,,,,,,,,,,,,,,,,,,,,,,,,,,,,,,,,,,,,,,,,,,,,,,,,,,,,,,,,,,,,,,,,,,,,,,,,,,,,,,,,,,,,,,,,,,,,,,,,,,,,,,,,,0.27309434555087964,0.2507092532459795,0.2721721873177693,0.3179069293938954,,,,-0.013441374540328378,,,,,,,,81.07739692739428,81.07739692739428,80.76289115674695,80.76289115674695,78.33430404932051,78.33430404932051,73.19616994374532,73.19616994374532,,,,,0.028789503730391606,,0.2809556413440504,0.2809556413440504,0.44407243154728443,0.44407243154728443,61.20994498759562,61.20994498759562,,80.4760009765625,80.4760009765625,81.18809509277344,81.18809509277344,76.97396826365637,76.97396826365637,73.92448413182818,73.92448413182818,78.28219985961914,73.75109996795655,1,103983268.579101568752000,81474045.75464158,,,,,,,
2026-01-07,,,,,,,83.750000000000000,84.800003051757810,83.305000305175780,84.239997863769530,1026000,,,,,84.239997863769530,,,,,,,,,,,,,,,,,,,,,,,,,,,,,,,,,,,,,,,,,,,,,,,,,,,,,,,,,,,,,,,,,,,,,,,,,,,,,,,,,,,,,,,,,,,,,,,,,,,,,,,,,,,,,,,,,,,,,,,,,,,,,,,,,,,,,,,,,,,,,0.26794646036148245,0.25526083845341907,0.2685690569399,0.31767880701048246,,,,-0.01595493415588363,,,,,,,,82.13159723951937,82.13159723951937,81.07899176647628,81.07899176647628,78.51885698102204,78.51885698102204,73.28347293125539,73.28347293125539,,,,,0.012903335440138006,,0.5320922199262554,0.5320922199262554,0.46167638922307863,0.46167638922307863,64.44297388583199,64.44297388583199,,81.29199981689453,81.29199981689453,81.13142830984933,81.13142830984933,77.16571420336527,77.16571420336527,73.99242062038846,73.99242062038846,78.5381997680664,73.80244995117188,1,86430237.808227537780000,80942075.59148395,,,,,,,
2026-01-08,,,,,,,84.300003051757810,86.339996337890620,84.169998168945310,85.769996643066400,1191100,,,,,85.769996643066400,,,,,,,,,,,,,,,,,,,,,,,,,,,,,,,,,,,,,,,,,,,,,,,,,,,,,,,,,,,,,,,,,,,,,,,,,,,,,,,,,,,,,,,,,,,,,,,,,,,,,,,,,,,,,,,,,,,,,,,,,,,,,,,,,,,,,,,,,,,,,0.18935189909936043,0.23282637555553098,0.27035428588053584,0.3175695403931543,,,,0.07714800305687534,,,,,,,,83.34439704070171,83.34439704070171,81.5054467552572,81.5054467552572,78.74545509546093,78.74545509546093,73.38218062858196,73.38218062858196,,,,,0.01799941339668575,,0.84483910326162,0.84483910326162,0.5383089320307869,0.5383089320307869,68.4542650337396,68.4542650337396,,82.5979995727539,82.5979995727539,81.28238060360863,81.28238060360863,77.37746017698258,77.37746017698258,74.06107139587402,74.06107139587402,78.81399963378907,73.86029994964599,1,102160643.001556389040000,81608976.71447027,,,,,,,
2026-01-09,,,,,,,85.830001831054690,86.360000610351560,84.849998474121100,86.139999389648440,741500,,,,,86.139999389648440,,,,,,,,,,,,,,,,,,,,,,,,,,,,,,,,,,,,,,,,,,,,,,,,,,,,,,,,,,,,,,,,,,,,,,,,,,,,,,,,,,,,,,,,,,,,,,,,,,,,,,,,,,,,,,,,,,,,,,,,,,,,,,,,,,,,,,,,,,,,,0.1475260710113965,0.20081676669519646,0.26937173343930454,0.3173306736311141,,,,0.14940227982641965,,,,,,,,84.27626449035061,84.27626449035061,81.92676972202004,81.92676972202004,78.97653460465428,78.97653460465428,73.48303295080383,73.48303295080383,,,,,0.004304616676843713,,1.1097568052800568,1.1097568052800568,0.6525985066806409,0.6525985066806409,69.3546372153966,69.3546372153966,,84.02200012207031,84.02200012207031,81.56952340262276,81.56952340262276,77.6050791664729,77.6050791664729,74.1274602678087,74.1274602678087,79.11839965820313,73.91634994506836,1,63872809.547424318260000,81460696.4991615,,,,,,,
2026-01-12,,,,,,,86.000000000000000,86.139999389648440,84.839996337890620,85.690002441406250,773000,,,,,85.690002441406250,,,,,,,,,,,,,,,,,,,,,,,,,,,,,,,,,,,,,,,,,,,,,,,,,,,,,,,,,,,,,,,,,,,,,,,,,,,,,,,,,,,,,,,,,,,,,,,,,,,,,,,,,,,,,,,,,,,,,,,,,,,,,,,,,,,,,,,,,,,,,0.20617711744617312,0.19092483107671468,0.26654716273112,0.31730369963135774,,,,0.133231657417389,,,,,,,,84.74751047403583,84.74751047403583,82.26888178741879,82.26888178741879,79.18633047455278,79.18633047455278,73.57953073333823,73.57953073333823,,,,,-0.005237711368215508,,1.2687694157734342,1.2687694157734342,0.7758326884991995,0.7758326884991995,66.85540147301485,66.85540147301485,,85,85,81.74999963669549,81.74999963669549,77.8458729093037,77.8458729093037,74.19384917001875,74.19384917001875,79.43659973144531,73.97359996795655,1,66238371.887207031250000,81105729.00876242,,,,,,,
2026-01-13,,,,,,,85.290000915527340,85.464996337890620,79.599998474121100,80.029998779296880,1678300,,,,,80.029998779296880,,,,,,,,,,,,,,,,,,,,,,,,,,,,,,,,,,,,,,,,,,,,,,,,,,,,,,,,,,,,,,,,,,,,,,,,,,,,,,,,,,,,,,,,,,,,,,,,,,,,,,,,,,,,,,,,,,,,,,,,,,,,,,,,,,,,,,,,,,,,,0.5562697730063778,0.30717365493107146,0.30235724126460767,0.32350909862566213,,,,0.038979467400941964,,,,,,,,83.17500657578951,83.17500657578951,82.06534696849862,82.06534696849862,79.21269510907604,79.21269510907604,73.63052257559877,73.63052257559877,,,,,-0.0683346120462869,,0.9273827709971272,0.9273827709971272,0.806142704998785,0.806142704998785,44.926185937167986,44.926185937167986,,84.3739990234375,84.3739990234375,81.61857096354167,81.61857096354167,77.99111102876209,77.99111102876209,74.24527773781428,74.24527773781428,79.65159973144532,73.99619995117187,1,134314346.951293953704000,81348807.09705655,,,,,,,
2026-01-14,,,,,,,79.430000305175780,80.680000305175780,79.430000305175780,80.050003051757810,1035100,,,,,80.050003051757810,,,,,,,,,,,,,,,,,,,,,,,,,,,,,,,,,,,,,,,,,,,,,,,,,,,,,,,,,,,,,,,,,,,,,,,,,,,,,,,,,,,,,,,,,,,,,,,,,,,,,,,,,,,,,,,,,,,,,,,,,,,,,,,,,,,,,,,,,,,,,0.5335729552692384,0.3069277211108769,0.3020721021346099,0.32285126057604335,,,,0.032706646173989946,,,,,,,,82.13333873444562,82.13333873444562,81.88213388515854,81.88213388515854,79.23886098228483,79.23886098228483,73.68126945683323,73.68126945683323,,,,,0.0002499284399832251,,0.6509419198046373,0.6509419198046373,0.7751025479599555,0.7751025479599555,44.994858082773334,44.994858082773334,,83.53600006103515,83.53600006103515,81.47904713948567,81.47904713948567,78.12698412698413,78.12698412698413,74.29107139224098,74.29107139224098,79.87179977416992,74.02269996643066,1,82859758.158874509131000,81580457.24306864,,,,,,,
2026-01-15,,,,,,,80.339996337890620,81.000000000000000,79.705001831054690,80.440002441406250,714300,,,,,80.440002441406250,,,,,,,,,,,,,,,,,,,,,,,,,,,,,,,,,,,,,,,,,,,,,,,,,,,,,,,,,,,,,,,,,,,,,,,,,,,,,,,,,,,,,,,,,,,,,,,,,,,,,,,,,,,,,,,,,,,,,,,,,,,,,,,,,,,,,,,,,,,,,0.4966986555779652,0.3047672905363023,0.30212920383959757,0.32200921586377135,,,,0.07070866268023517,,,,,,,,81.56889330343249,81.56889330343249,81.7510310266356,81.7510310266356,79.27639665288238,79.27639665288238,73.73469817607887,73.73469817607887,,,,,0.004860117689231703,,0.4580501282177494,0.4580501282177494,0.7116920640115143,0.7116920640115143,46.39812817222597,46.39812817222597,,82.47000122070312,82.47000122070312,81.40999966575986,81.40999966575986,78.26793658544146,78.26793658544146,74.33174599541559,74.33174599541559,80.1181997680664,74.04469997406005,1,57458293.743896484375000,81749859.8992605,,,,,,,
2026-01-16,,,,,,,80.080001831054690,80.699996948242190,79.480003356933600,79.480003356933600,815200,,,,,79.480003356933600,,,,,,,,,,,,,,,,,,,,,,,,,,,,,,,,,,,,,,,,,,,,,,,,,,,,,,,,,,,,,,,,,,,,,,,,,,,,,,,,,,,,,,,,,,,,,,,,,,,,,,,,,,,,,,,,,,,,,,,,,,,,,,,,,,,,,,,,,,,,,0.4742368233330562,0.30257048824975713,0.30332408440089725,0.32124415547497376,,,,0.06646607725200813,,,,,,,,80.87259665459953,80.87259665459953,81.5445739657536,81.5445739657536,79.28275936238398,79.28275936238398,73.78011560833859,73.78011560833859,,,,,-0.012006135335279871,,0.22512301264939083,0.22512301264939083,0.6143782537390896,0.6143782537390896,43.459058589723256,43.459058589723256,,81.13800201416015,81.13800201416015,81.35714285714286,81.35714285714286,78.3955556475927,78.3955556475927,74.3613095056443,74.3613095056443,80.33599990844726,74.06040000915527,1,64792098.736572270720000,81760796.16189381,,,,,,,
2026-01-20,,,,,,,79.559997558593750,81.750000000000000,78.559997558593750,78.959999084472660,988800,,,,,78.959999084472660,,,,,,,,,,,,,,,,,,,,,,,,,,,,,,,,,,,,,,,,,,,,,,,,,,,,,,,,,,,,,,,,,,,,,,,,,,,,,,,,,,,,,,,,,,,,,,,,,,,,,,,,,,,,,,,,,,,,,,,,,,,,,,,,,,,,,,,,,,,,,0.47241396992384793,0.3021805187881884,0.30328610660164335,0.32119909680812014,,,,0.09194030203944457,,,,,,,,80.23506413122391,80.23506413122391,81.30961261290989,81.30961261290989,79.27267310369926,79.27267310369926,73.8210633038021,73.8210633038021,,,,,-0.006564076389418944,,-0.001417068435543456,-0.001417068435543456,0.491219189304163,0.491219189304163,41.91041270864033,41.91041270864033,,79.79200134277343,79.79200134277343,81.31000010172527,81.31000010172527,78.5034920828683,78.5034920828683,74.38619044470408,74.38619044470408,80.5613998413086,74.07209999084472,1,78075647.094726566208000,82327744.1768949,,,,,,,
2026-01-21,,,,,,,79.389999389648440,81.028999328613280,79.120002746582030,80.370002746582030,844500,,,,,80.370002746582030,,,,,,,,,,,,,,,,,,,,,,,,,,,,,,,,,,,,,,,,,,,,,,,,,,,,,,,,,,,,,,,,,,,,,,,,,,,,,,,,,,,,,,,,,,,,,,,,,,,,,,,,,,,,,,,,,,,,,,,,,,,,,,,,,,,,,,,,,,,,,0.18110156679803138,0.3070889992384455,0.30458200455684314,0.3214850033922966,,,,0.10727662304504432,,,,,,,,80.28004366967662,80.28004366967662,81.2241935341528,81.2241935341528,79.30696465503934,79.30696465503934,73.87283357607704,73.87283357607704,,,,,0.01769962286844444,,-0.06641066241145666,-0.06641066241145666,0.3796932189610391,0.3796932189610391,47.385319809904765,47.385319809904765,,79.86000213623046,79.86000213623046,81.29523831322079,81.29523831322079,78.62253970191593,78.62253970191593,74.41341266934833,74.41341266934833,80.8431999206543,74.12299999237061,1,67872467.319488524335000,82850810.24043976,,,,,,,
2026-01-22,,,,,,,80.440002441406250,81.224998474121100,80.044998168945310,80.260002136230470,520100,,,,,80.260002136230470,,,,,,,,,,,,,,,,,,,,,,,,,,,,,,,,,,,,,,,,,,,,,,,,,,,,,,,,,,,,,,,,,,,,,,,,,,,,,,,,,,,,,,,,,,,,,,,,,,,,,,,,,,,,,,,,,,,,,,,,,,,,,,,,,,,,,,,,,,,,,0.18180207510129046,0.30428451040468657,0.30463192531943006,0.3214220201782802,,,,-0.052454802054774215,,,,,,,,80.2733631585279,80.2733631585279,81.13653977070531,81.13653977070531,79.33674707632656,79.33674707632656,73.92332502714545,73.92332502714545,,,,,-0.0013696149436981029,,-0.12534973017093876,-0.12534973017093876,0.2786846291346435,0.2786846291346435,47.01305118142355,47.01305118142355,,79.902001953125,79.902001953125,81.23190525599888,81.23190525599888,78.73920634436229,78.73920634436229,74.4381745959085,74.4381745959085,81.01800003051758,74.19330001831055,1,41743227.111053467447000,82808141.5242392,,,,,,,
2026-01-23,,,,,,,79.849998474121100,80.322998046875000,78.769996643066400,78.910003662109380,678200,,,,,78.910003662109380,,,,,,,,,,,,,,,,,,,,,,,,,,,,,,,,,,,,,,,,,,,,,,,,,,,,,,,,,,,,,,,,,,,,,,,,,,,,,,,,,,,,,,,,,,,,,,,,,,,,,,,,,,,,,,,,,,,,,,,,,,,,,,,,,,,,,,,,,,,,,0.2124439310729683,0.3078854492431406,0.30679526386487027,0.3218452546456533,,,,-0.059863774806803834,,,,,,,,79.81890999305506,79.81890999305506,80.93412739719659,80.93412739719659,79.32341134463228,79.32341134463228,73.96274541161156,73.96274541161156,,,,,-0.016963382513519826,,-0.2777907614773767,-0.2777907614773767,0.16738955101223946,0.16738955101223946,42.59072730530699,42.59072730530699,,79.59600219726562,79.59600219726562,81.14285786946614,81.14285786946614,78.83682541620163,78.83682541620163,74.45900792924185,74.45900792924185,81.16040008544923,74.26125003814697,1,53516764.483642581516000,82906453.57335408,,,,,,,
2026-01-26,,,,,,,80.129997253417970,81.040000915527340,78.930000305175780,79.010002136230470,868500,,,,,79.010002136230470,,,,,,,,,,,,,,,,,,,,,,,,,,,,,,,,,,,,,,,,,,,,,,,,,,,,,,,,,,,,,,,,,,,,,,,,,,,,,,,,,,,,,,,,,,,,,,,,,,,,,,,,,,,,,,,,,,,,,,,,,,,,,,,,,,,,,,,,,,,,,0.2008869351299225,0.30792333932268584,0.306359429032601,0.32184491966795675,,,,-0.09688065647300968,,,,,,,,79.54927404078019,79.54927404078019,80.75920691892695,80.75920691892695,79.31361730686972,79.31361730686972,74.00264467425677,74.00264467425677,,,,,0.0012664448304830704,,-0.38608182497587507,-0.38608182497587507,0.05669527581461655,0.05669527581461655,43.01830227244078,43.01830227244078,,79.502001953125,79.502001953125,81.06952449253627,81.06952449253627,78.94380963037885,78.94380963037885,74.48047619774228,74.48047619774228,81.26300018310548,74.34125005722046,1,68620186.855316163195000,83201381.21112642,,,,,,,
2026-01-27,,,,,,,78.250000000000000,78.800003051757810,77.440002441406250,77.610000610351560,791500,,,,,77.610000610351560,,,,,,,,,,,,,,,,,,,,,,,,,,,,,,,,,,,,,,,,,,,,,,,,,,,,,,,,,,,,,,,,,,,,,,,,,,,,,,,,,,,,,,,,,,,,,,,,,,,,,,,,,,,,,,,,,,,,,,,,,,,,,,,,,,,,,,,,,,,,,0.2333961273721772,0.3133110446267388,0.30770623712524575,0.32182130235424156,,,,-0.11665830959844062,,,,,,,,78.90284956397065,78.90284956397065,80.47291543632919,80.47291543632919,79.26037928510353,79.26037928510353,74.03116132197295,74.03116132197295,,,,,-0.01787816104172193,,-0.5782064913200173,-0.5782064913200173,-0.07028507761231022,-0.07028507761231022,38.67535682085831,38.67535682085831,,79.23200225830078,79.23200225830078,80.9471435546875,80.9471435546875,79.041746109251,79.041746109251,74.49087303403824,74.49087303403824,81.3386001586914,74.38640005111694,1,61428315.483093259740000,83255878.37781149,,,,,,,
2026-01-28,,,,,,,77.080001831054690,77.345001220703120,76.385002136230470,76.599998474121100,1209000,,,,,76.599998474121100,,,,,,,,,,,,,,,,,,,,,,,,,,,,,,,,,,,,,,,,,,,,,,,,,,,,,,,,,,,,,,,,,,,,,,,,,,,,,,,,,,,,,,,,,,,,,,,,,,,,,,,,,,,,,,,,,,,,,,,,,,,,,,,,,,,,,,,,,,,,,0.14216560834437578,0.3152131109400085,0.30877681750271746,0.32208762523979195,,,,-0.16742666433734424,,,,,,,,78.1352325340208,78.1352325340208,80.12083207612845,80.12083207612845,79.17724238476033,79.17724238476033,74.0514683350334,74.0514683350334,,,,,-0.013099235903933864,,-0.8027122380260323,-0.8027122380260323,-0.21677050969505463,-0.21677050969505463,35.862484929979615,35.862484929979615,,78.47800140380859,78.47800140380859,80.76333400181362,80.76333400181362,79.11507936507937,79.11507936507937,74.49666668119885,74.49666668119885,81.36620010375977,74.44355005264282,1,92609398.155212409900000,83892500.34140936,,,,,,,
2026-01-29,,,,,,,76.470001220703120,76.816001892089840,75.610000610351560,76.519996643066400,1044900,,,,,76.519996643066400,,,,,,,,,,,,,,,,,,,,,,,,,,,,,,,,,,,,,,,,,,,,,,,,,,,,,,,,,,,,,,,,,,,,,,,,,,,,,,,,,,,,,,,,,,,,,,,,,,,,,,,,,,,,,,,,,,,,,,,,,,,,,,,,,,,,,,,,,,,,,0.1433646140013664,0.31513177093659683,0.3071318556613484,0.32206998823162797,,,,-0.11135304258394678,,,,,,,,77.59682057036933,77.59682057036933,79.79348340039554,79.79348340039554,79.09420345533239,79.09420345533239,74.07098239280441,74.07098239280441,,,,,-0.0010449561244197428,,-0.9758412484578969,-0.9758412484578969,-0.3685846574476231,-0.3685846574476231,35.641362782527125,35.641362782527125,,77.73000030517578,77.73000030517578,80.59333401634579,80.59333401634579,79.20396822974796,79.20396822974796,74.50317461528475,74.50317461528475,81.3833999633789,74.49520002365112,1,79955744.492340081360000,84658557.44157821,,,,,,,
2026-01-30,,,,,,,76.129997253417970,76.989997863769530,75.589996337890620,76.970001220703120,1348400,,,,,76.970001220703120,,,,,,,,,,,,,,,,,,,,,,,,,,,,,,,,,,,,,,,,,,,,,,,,,,,,,,,,,,,,,,,,,,,,,,,,,,,,,,,,,,,,,,,,,,,,,,,,,,,,,,,,,,,,,,,,,,,,,,,,,,,,,,,,,,,,,,,,,,,,,0.15961025134946055,0.3162115346969387,0.3052122768145748,0.32207955667304794,,,,-0.04525259251763033,,,,,,,,77.38788078714727,77.38788078714727,79.53680320224169,79.53680320224169,79.02782213550023,79.02782213550023,74.09389953768898,74.09389953768898,,,,,0.005863650703656683,,-1.0644651364952153,-1.0644651364952153,-0.5077607532571415,-0.5077607532571415,37.95862390092091,37.95862390092091,,77.34199981689453,77.34199981689453,80.4414291381836,80.4414291381836,79.31809525262742,79.31809525262742,74.5129762074304,74.5129762074304,81.39899993896485,74.54105001449585,1,103786349.645996087008000,85402364.213671,,,,,,,
2026-02-02,,,,,,,76.779998779296880,77.690002441406250,76.230003356933600,76.910003662109380,934500,,,,,76.910003662109380,,,,,,,,,,,,,,,,,,,,,,,,,,,,,,,,,,,,,,,,,,,,,,,,,,,,,,,,,,,,,,,,,,,,,,,,,,,,,,,,,,,,,,,,,,,,,,,,,,,,,,,,,,,,,,,,,,,,,,,,,,,,,,,,,,,,,,,,,,,,,0.1551655987618795,0.31428240167734456,0.3047343695444604,0.3219064573304936,,,,-0.02264330041418455,,,,,,,,77.22858841213464,77.22858841213464,79.29800324404783,79.29800324404783,78.96164030820677,78.96164030820677,74.11616123037216,74.11616123037216,,,,,-0.0007797967212144213,,-1.126555279814042,-1.126555279814042,-0.6315196585685217,-0.6315196585685217,37.7633966156142,37.7633966156142,,76.92200012207032,76.92200012207032,80.33047703334263,80.33047703334263,79.43920644124348,79.43920644124348,74.51936509874132,74.51936509874132,81.39940002441406,74.59595003128052,1,71872398.422241215610000,85917476.58060467,,,,,,,
2026-02-03,,,,,,,76.500000000000000,78.330001831054690,75.169998168945310,75.750000000000000,1116500,,,,,75.750000000000000,,,,,,,,,,,,,,,,,,,,,,,,,,,,,,,,,,,,,,,,,,,,,,,,,,,,,,,,,,,,,,,,,,,,,,,,,,,,,,,,,,,,,,,,,,,,,,,,,,,,,,,,,,,,,,,,,,,,,,,,,,,,,,,,,,,,,,,,,,,,,0.14219609251187926,0.31788198230449244,0.30643445398464997,0.3218362850653248,,,,-0.057710550093967077,,,,,,,,76.73572560808975,76.73572560808975,78.97545749458894,78.97545749458894,78.8612765485753,78.8612765485753,74.12907695187118,74.12907695187118,,,,,-0.015197510294999255,,-1.2548990713595742,-1.2548990713595742,-0.7561955411267322,-0.7561955411267322,34.110566665936396,34.110566665936396,,76.55,76.55,80.17476290748233,80.17476290748233,79.54571436321925,79.54571436321925,74.5260714576358,74.5260714576358,81.36820007324219,74.64635004043579,1,84574875.000000000000000,86343017.94939798,,,,,,,
2026-02-04,,,,,,,75.839996337890620,77.870002746582030,75.839996337890620,76.489997863769530,1555200,,,,,76.489997863769530,,,,,,,,,,,,,,,,,,,,,,,,,,,,,,,,,,,,,,,,,,,,,,,,,,,,,,,,,,,,,,,,,,,,,,,,,,,,,,,,,,,,,,,,,,,,,,,,,,,,,,,,,,,,,,,,,,,,,,,,,,,,,,,,,,,,,,,,,,,,,0.15083749457642182,0.3086358366081118,0.30535764428646683,0.3219115808775441,,,,-0.11502685163689644,,,,,,,,76.65381635998301,76.65381635998301,78.7495066190599,78.7495066190599,78.78717408967512,78.78717408967512,74.14774035828935,74.14774035828935,,,,,0.009721541016063713,,-1.2821213112571144,-1.2821213112571144,-0.8613806951528086,-0.8613806951528086,38.216276673242746,38.216276673242746,,76.52799987792969,76.52799987792969,79.96952456519718,79.96952456519718,79.67857142857143,79.67857142857143,74.53761906094022,74.53761906094022,81.30779998779298,74.69750001907349,1,118957244.677734373056000,86836281.90391177,,,,,,,
2026-02-05,,,,,,,76.699996948242190,77.599998474121100,76.410003662109380,76.980003356933600,1056400,,,,,76.980003356933600,,,,,,,,,,,,,,,,,,,,,,,,,,,,,,,,,,,,,,,,,,,,,,,,,,,,,,,,,,,,,,,,,,,,,,,,,,,,,,,,,,,,,,,,,,,,,,,,,,,,,,,,,,,,,,,,,,,,,,,,,,,,,,,,,,,,,,,,,,,,,0.15756114357355658,0.2890530330703712,0.30532636158928994,0.3216769929941797,,,,-0.16889806007869732,,,,,,,,76.76254535896655,76.76254535896655,78.58864268613934,78.58864268613934,78.73070000427695,78.73070000427695,74.17012978910867,74.17012978910867,,,,,0.006385706057923746,,-1.2497494506252167,-1.2497494506252167,-0.9390544462472902,-0.9390544462472902,40.844850742142846,40.844850742142846,,76.62000122070313,76.62000122070313,79.67523883637928,79.67523883637928,79.81174614315941,79.81174614315941,74.5470238337441,74.5470238337441,81.18940002441406,74.7627000427246,1,81321675.546264655040000,86658622.99098666,,,,,,,
2026-02-06,,,,,,,76.860000610351560,78.349998474121100,76.660003662109380,78.120002746582030,861400,,,,,78.120002746582030,,,,,,,,,,,,,,,,,,,,,,,,,,,,,,,,,,,,,,,,,,,,,,,,,,,,,,,,,,,,,,,,,,,,,,,,,,,,,,,,,,,,,,,,,,,,,,,,,,,,,,,,,,,,,,,,,,,,,,,,,,,,,,,,,,,,,,,,,,,,,0.1842696594216523,0.29041573283128,0.3048403580572312,0.3219993138474136,,,,-0.15243940769566333,,,,,,,,77.21503115483837,77.21503115483837,78.54603905527048,78.54603905527048,78.71161571497399,78.71161571497399,74.20135408126262,74.20135408126262,,,,,0.014700449703511803,,-1.119204600521428,-1.119204600521428,-0.9750844771021178,-0.9750844771021178,46.54306233385932,46.54306233385932,,76.85000152587891,76.85000152587891,79.38381049746559,79.38381049746559,79.97730170355902,79.97730170355902,74.56023812672449,74.56023812672449,81.08420013427734,74.82860004425049,1,67292570.365905760642000,86432160.87073675,,,,,,,
2026-02-09,,,,,,,77.489997863769530,78.360000610351560,76.900001525878900,78.069999694824220,820100,,,,,78.069999694824220,,,,,,,,,,,,,,,,,,,,,,,,,,,,,,,,,,,,,,,,,,,,,,,,,,,,,,,,,,,,,,,,,,,,,,,,,,,,,,,,,,,,,,,,,,,,,,,,,,,,,,,,,,,,,,,,,,,,,,,,,,,,,,,,,,,,,,,,,,,,,0.1840935673719665,0.2799443095527713,0.3012042071155624,0.3220001965194909,,,,-0.15869621267487746,,,,,,,,77.50002066816698,77.50002066816698,78.50276274977537,78.50276274977537,78.69156521434431,78.69156521434431,74.23193626002595,74.23193626002595,,,,,-0.0006402849437800735,,-1.0081602508592908,-1.0081602508592908,-0.9816996318535524,-0.9816996318535524,46.33224518351951,46.33224518351951,,77.08200073242188,77.08200073242188,79.01714397612072,79.01714397612072,80.16444457523407,80.16444457523407,74.57329368591309,74.57329368591309,80.9302001953125,74.88945003509521,1,64025206.749725342822000,85563346.66338724,,,,,,,
2026-02-10,,,,,,,78.410003662109380,80.599998474121100,78.120002746582030,80.459999084472660,1234800,,,,,80.459999084472660,,,,,,,,,,,,,,,,,,,,,,,,,,,,,,,,,,,,,,,,,,,,,,,,,,,,,,,,,,,,,,,,,,,,,,,,,,,,,,,,,,,,,,,,,,,,,,,,,,,,,,,,,,,,,,,,,,,,,,,,,,,,,,,,,,,,,,,,,,,,,0.1833039626832691,0.3034949407022877,0.26781036649227064,0.3228188619740986,,,,-0.12766319365166942,,,,,,,,78.48668014026887,78.48668014026887,78.68069332565695,78.68069332565695,78.74682877278582,78.74682877278582,74.28116995824291,74.28116995824291,,,,,0.030154298919779922,,-0.7190154643331397,-0.7190154643331397,-0.9291627983494698,-0.9291627983494698,56.47916381364941,56.47916381364941,,78.02400054931641,78.02400054931641,78.74666777111236,78.74666777111236,80.3063493758913,80.3063493758913,74.60138893127441,74.60138893127441,80.83400024414063,74.9541000366211,1,99352006.869506840568000,85165956.64287749,,,,,,,
2026-02-11,,,,,,,80.379997253417970,81.650001525878900,79.489997863769530,81.489997863769530,729100,,,,,81.489997863769530,,,,,,,,,,,,,,,,,,,,,,,,,,,,,,,,,,,,,,,,,,,,,,,,,,,,,,,,,,,,,,,,,,,,,,,,,,,,,,,,,,,,,,,,,,,,,,,,,,,,,,,,,,,,,,,,,,,,,,,,,,,,,,,,,,,,,,,,,,,,,0.1821218104772686,0.30834832994115896,0.2686654165445239,0.32282367905667014,,,,-0.10954704753850983,,,,,,,,79.48778604810244,79.48778604810244,78.93608464730355,78.93608464730355,78.83255280687905,78.83255280687905,74.3381567401048,74.3381567401048,,,,,0.012720131974517072,,-0.40211847295896064,-0.40211847295896064,-0.823753933271368,-0.823753933271368,59.99001738616889,59.99001738616889,,79.02400054931641,79.02400054931641,78.54666755312965,78.54666755312965,80.46031758141896,80.46031758141896,74.62988099597749,74.62988099597749,80.75860015869141,75.03120002746581,1,59414357.442474364323000,84737510.80701314,,,,,,,
2026-02-12,,,,,,,81.910003662109380,82.000000000000000,75.714996337890620,75.949996948242190,1290800,,,,,75.949996948242190,,,,,,,,,,,,,,,,,,,,,,,,,,,,,,,,,,,,,,,,,,,,,,,,,,,,,,,,,,,,,,,,,,,,,,,,,,,,,,,,,,,,,,,,,,,,,,,,,,,,,,,,,,,,,,,,,,,,,,,,,,,,,,,,,,,,,,,,,,,,,0.6253923333020115,0.3139597340348833,0.2999470200379017,0.3303664220719732,,,,-0.09999130855908983,,,,,,,,78.30852301481568,78.30852301481568,78.66462212920706,78.66462212920706,78.74247293629665,78.74247293629665,74.35089855993196,74.35089855993196,,,,,-0.07040509825685679,,-0.5911922026314045,-0.5911922026314045,-0.7772415871433753,-0.7772415871433753,40.88530399786063,40.88530399786063,,78.81799926757813,78.81799926757813,78.35238175165085,78.35238175165085,80.49317471943205,80.49317471943205,74.63900796193926,74.63900796193926,80.56640014648437,75.0806000137329,1,98036256.060791018852000,85215814.78455558,,,,,,,
2026-02-13,,,,,,,76.519996643066400,77.379997253417970,75.440002441406250,75.550003051757810,1376300,,,,,75.550003051757810,,,,,,,,,,,,,,,,,,,,,,,,,,,,,,,,,,,,,,,,,,,,,,,,,,,,,,,,,,,,,,,,,,,,,,,,,,,,,,,,,,,,,,,,,,,,,,,,,,,,,,,,,,,,,,,,,,,,,,,,,,,,,,,,,,,,,,,,,,,,,0.6061721511421505,0.3139357312303407,0.30015784360110437,0.33041044995276014,,,,-0.15662184312537028,,,,,,,,77.38901636046306,77.38901636046306,78.38147494034803,78.38147494034803,78.64270825240482,78.64270825240482,74.36037764682386,74.36037764682386,,,,,-0.005280459748007906,,-0.7644980030615045,-0.7644980030615045,-0.7746928703270012,-0.7746928703270012,39.89735648672286,39.89735648672286,,78.30399932861329,78.30399932861329,78.13809603736514,78.13809603736514,80.52047632610987,80.52047632610987,74.64642860775902,74.64642860775902,80.36560028076173,75.1271000289917,1,103979469.200134273903000,85690627.66333686,,,,,,,
2026-02-17,,,,,,,75.019996643066400,75.489997863769530,72.508003234863280,73.730003356933600,1738100,,,,,73.730003356933600,,,,,,,,,,,,,,,,,,,,,,,,,,,,,,,,,,,,,,,,,,,,,,,,,,,,,,,,,,,,,,,,,,,,,,,,,,,,,,,,,,,,,,,,,,,,,,,,,,,,,,,,,,,,,,,,,,,,,,,,,,,,,,,,,,,,,,,,,,,,,0.6146218700448622,0.3212579858402755,0.3018376199797496,0.33120618603946345,,,,-0.16806689918653966,,,,,,,,76.16934535928657,76.16934535928657,77.95861388731036,77.95861388731036,78.48918622442135,78.48918622442135,74.35539445085635,74.35539445085635,,,,,-0.024384911580981175,,-1.0367518337199186,-1.0367518337199186,-0.8271046630055846,-0.8271046630055846,35.673449201893305,35.673449201893305,,77.43600006103516,77.43600006103516,77.81857227143787,77.81857227143787,80.49682556636749,80.49682556636749,74.64412704346672,74.64412704346672,80.1352003479004,75.16515003204346,1,128150118.834686290160000,86123525.6823464,,,,,,,
2026-02-18,,,,,,,73.309997558593750,75.379997253417970,73.309997558593750,74.910003662109380,1188900,,,,,74.910003662109380,,,,,,,,,,,,,,,,,,,,,,,,,,,,,,,,,,,,,,,,,,,,,,,,,,,,,,,,,,,,,,,,,,,,,,,,,,,,,,,,,,,,,,,,,,,,,,,,,,,,,,,,,,,,,,,,,,,,,,,,,,,,,,,,,,,,,,,,,,,,,0.5596532921478573,0.3271312459797608,0.3033344106808721,0.3315865984852417,,,,-0.09926950660468276,,,,,,,,75.74956479356084,75.74956479356084,77.68146750320118,77.68146750320118,78.37733676934909,78.37733676934909,74.3597787133959,74.3597787133959,,,,,0.015877624314930505,,-1.1441102028118308,-1.1441102028118308,-0.8905057709668339,-0.8905057709668339,40.10120660124165,40.10120660124165,,76.3260009765625,76.3260009765625,77.60095323835101,77.60095323835101,80.48492080446273,80.48492080446273,74.64678579663473,74.64678579663473,79.92820037841797,75.21160003662109,1,89060503.353881841882000,86271620.78543769,,,,,,,
2026-02-19,,,,,,,74.819999694824220,75.279998779296880,73.449996948242190,73.610000610351560,835700,,,,,73.610000610351560,,,,,,,,,,,,,,,,,,,,,,,,,,,,,,,,,,,,,,,,,,,,,,,,,,,,,,,,,,,,,,,,,,,,,,,,,,,,,,,,,,,,,,,,,,,,,,,,,,,,,,,,,,,,,,,,,,,,,,,,,,,,,,,,,,,,,,,,,,,,,0.5063327197227628,0.33088390756587044,0.3049413619801248,0.33204741688846184,,,,-0.09763348355045175,,,,,,,,75.03637673249108,75.03637673249108,77.31133414930575,77.31133414930575,78.22835751438042,78.22835751438042,74.35385161376709,74.35385161376709,,,,,-0.017506547484271426,,-1.3188885393880554,-1.3188885393880554,-0.9761823246510781,-0.9761823246510781,37.073562590684844,37.073562590684844,,74.7500015258789,74.7500015258789,77.34619140625,77.34619140625,80.44396839444599,80.44396839444599,74.64388898819212,74.64388898819212,79.69180038452149,75.24155002593994,1,61515877.510070798692000,85738170.93562777,,,,,,,
2026-02-20,,,,,,,73.300003051757810,73.584999084472660,72.169998168945310,72.940002441406250,1112400,,,,,72.940002441406250,,,,,,,,,,,,,,,,,,,,,,,,,,,,,,,,,,,,,,,,,,,,,,,,,,,,,,,,,,,,,,,,,,,,,,,,,,,,,,,,,,,,,,,,,,,,,,,,,,,,,,,,,,,,,,,,,,,,,,,,,,,,,,,,,,,,,,,,,,,,,0.24304673094647306,0.32233208941759167,0.30477240029278746,0.33213755949035345,,,,-0.10377476963735482,,,,,,,,74.33758530212947,74.33758530212947,76.91394035767853,76.91394035767853,78.06309641834997,78.06309641834997,74.3426749404678,74.3426749404678,,,,,-0.009143675510342503,,-1.4942402121269964,-1.4942402121269964,-1.079793902146262,-1.079793902146262,35.58249380355356,35.58249380355356,,74.14800262451172,74.14800262451172,76.99238186790829,76.99238186790829,80.38127003018818,80.38127003018818,74.63976200043209,74.63976200043209,79.49860046386719,75.27180004119873,1,81138458.715820312500000,85371239.32520549,,,,,,,
2026-02-23,,,,,,,72.190002441406250,72.779998779296880,71.489997863769530,72.650001525878900,905700,,,,,72.650001525878900,,,,,,,,,,,,,,,,,,,,,,,,,,,,,,,,,,,,,,,,,,,,,,,,,,,,,,,,,,,,,,,,,,,,,,,,,,,,,,,,,,,,,,,,,,,,,,,,,,,,,,,,,,,,,,,,,,,,,,,,,,,,,,,,,,,,,,,,,,,,,0.24416198646111265,0.3221271597003309,0.30456557708688237,0.3320848027206808,,,,-0.05558457484692675,,,,,,,,73.77505737671261,73.77505737671261,76.52630955478766,76.52630955478766,77.89393720296026,77.89393720296026,74.32929412296117,74.32929412296117,,,,,-0.00398380783252314,,-1.6377295989915979,-1.6377295989915979,-1.191381041515329,-1.191381041515329,34.9276863527124,34.9276863527124,,73.56800231933593,73.56800231933593,76.63000088646298,76.63000088646298,80.3073018391927,80.3073018391927,74.6324207366459,74.6324207366459,79.34940048217773,75.3077000427246,1,65799106.381988519730000,85324862.33396985,,,,,,,
2026-02-24,,,,,,,72.769996643066400,74.459999084472660,72.389999389648440,73.419998168945310,787000,,,,,73.419998168945310,,,,,,,,,,,,,,,,,,,,,,,,,,,,,,,,,,,,,,,,,,,,,,,,,,,,,,,,,,,,,,,,,,,,,,,,,,,,,,,,,,,,,,,,,,,,,,,,,,,,,,,,,,,,,,,,,,,,,,,,,,,,,,,,,,,,,,,,,,,,,0.2196280842874638,0.3230710501475425,0.299752424259247,0.3316475126630421,,,,-0.031109369488369423,,,,,,,,73.65670430745685,73.65670430745685,76.24391761062017,76.24391761062017,77.75412660814729,77.75412660814729,74.32210601265274,74.32210601265274,,,,,0.010542942109791684,,-1.6700622399771703,-1.6700622399771703,-1.2871172812076972,-1.2871172812076972,38.18062581120256,38.18062581120256,,73.50600128173828,73.50600128173828,76.36857205345517,76.36857205345517,80.21063510955327,80.21063510955327,74.63400804428827,74.63400804428827,79.17980041503907,75.34735004425049,1,57781538.558959958970000,83869855.00926669,,,,,,,
2026-02-25,,,,,,,73.650001525878900,75.250000000000000,73.169998168945310,75.080001831054690,1295200,,,,,75.080001831054690,,,,,,,,,,,,,,,,,,,,,,,,,,,,,,,,,,,,,,,,,,,,,,,,,,,,,,,,,,,,,,,,,,,,,,,,,,,,,,,,,,,,,,,,,,,,,,,,,,,,,,,,,,,,,,,,,,,,,,,,,,,,,,,,,,,,,,,,,,,,,0.2529927470265105,0.334979604801828,0.29081628641875484,0.32950832699428667,,,,0.05064899473782079,,,,,,,,74.13113681532279,74.13113681532279,76.13810708520512,76.13810708520512,77.67056020886314,77.67056020886314,74.32809728394446,74.32809728394446,,,,,0.022357882977122195,,-1.5439400883306291,-1.5439400883306291,-1.3384818426322838,-1.3384818426322838,44.6093008968851,44.6093008968851,,73.54000091552734,73.54000091552734,76.18142918178013,76.18142918178013,80.08650813027033,80.08650813027033,74.62924615163652,74.62924615163652,79.02560043334961,75.38960006713867,1,97243618.371582034488000,83683557.80872163,,,,,,,
2026-02-26,,,,,,,75.610000610351560,77.370002746582030,75.519996643066400,76.940002441406250,1915600,,,,,76.940002441406250,,,,,,,,,,,,,,,,,,,,,,,,,,,,,,,,,,,,,,,,,,,,,,,,,,,,,,,,,,,,,,,,,,,,,,,,,,,,,,,,,,,,,,,,,,,,,,,,,,,,,,,,,,,,,,,,,,,,,,,,,,,,,,,,,,,,,,,,,,,,,0.24046673169243707,0.34241266113667546,0.2951088295524096,0.3175038033463219,,,,0.11477281867830114,,,,,,,,75.06742535735061,75.06742535735061,76.21100666304159,76.21100666304159,77.64773027863012,77.64773027863012,74.34874475554494,74.34874475554494,,,,,0.02447169294909266,,-1.2791555608492473,-1.2791555608492473,-1.3266165862756765,-1.3266165862756765,50.78496156237999,50.78496156237999,,74.20600128173828,74.20600128173828,76.14952450706845,76.14952450706845,79.98428599039714,79.98428599039714,74.60297632974292,74.60297632974292,78.90480041503906,75.42315006256104,1,147386268.676757812500000,83994770.8704025,,,,,,,
2026-02-27,,,,,,,73.000000000000000,77.889999389648440,73.000000000000000,74.199996948242190,2241800,,,,,74.199996948242190,,,,,,,,,,,,,,,,,,,,,,,,,,,,,,,,,,,,,,,,,,,,,,,,,,,,,,,,,,,,,,,,,,,,,,,,,,,,,,,,,,,,,,,,,,,,,,,,,,,,,,,,,,,,,,,,,,,,,,,,,,,,,,,,,,,,,,,,,,,,,0.39543272892007136,0.36206282157680664,0.2970685013625496,0.3194702531011544,,,,0.09143210813748384,,,,,,,,74.77828255431447,74.77828255431447,76.02818759805983,76.02818759805983,77.5399886120555,77.5399886120555,74.34756888355045,74.34756888355045,,,,,-0.036261820010926454,,-1.2757019611564004,-1.2757019611564004,-1.3164336612518213,-1.3164336612518213,43.15233657399903,43.15233657399903,,74.45800018310547,74.45800018310547,76.03523872012184,76.03523872012184,79.8006352015904,79.8006352015904,74.5639286949521,74.5639286949521,78.75100036621093,75.42015003204345,1,166341553.158569341542000,84979071.33456033,,,,,,,
2026-03-02,,,,,,,73.330001831054690,74.220001220703120,72.348999023437500,73.000000000000000,1226300,,,,,73.000000000000000,,,,,,,,,,,,,,,,,,,,,,,,,,,,,,,,,,,,,,,,,,,,,,,,,,,,,,,,,,,,,,,,,,,,,,,,,,,,,,,,,,,,,,,,,,,,,,,,,,,,,,,,,,,,,,,,,,,,,,,,,,,,,,,,,,,,,,,,,,,,,0.41895127939140536,0.36565381285651105,0.2983097094891058,0.3197924324035848,,,,0.055394285801247334,,,,,,,,74.18552170287631,74.18552170287631,75.75289781641803,75.75289781641803,77.39811396792877,77.39811396792877,74.33691616510342,74.33691616510342,,,,,-0.01630466789613133,,-1.3541844876254174,-1.3541844876254174,-1.3239838265265405,-1.3239838265265405,40.295970856564544,40.295970856564544,,74.52799987792969,74.52799987792969,75.86761983235677,75.86761983235677,79.60587335011316,79.60587335011316,74.5225001138354,74.5225001138354,78.59920043945313,75.41755004882812,1,89519900.000000000000000,85062636.67292519,,,,,,,
2026-03-03,,,,,,,72.000000000000000,72.154998779296880,70.565002441406250,70.809997558593750,1091500,,,,,70.809997558593750,,,,,,,,,,,,,,,,,,,,,,,,,,,,,,,,,,,,,,,,,,,,,,,,,,,,,,,,,,,,,,,,,,,,,,,,,,,,,,,,,,,,,,,,,,,,,,,,,,,,,,,,,,,,,,,,,,,,,,,,,,,,,,,,,,,,,,,,,,,,,0.45907484753772404,0.37698153199450674,0.3034664493887938,0.3180558479550104,,,,-0.02562169067791303,,,,,,,,73.06034698811546,73.06034698811546,75.30354324752491,75.30354324752491,77.19223533013704,77.19223533013704,74.30903538560531,74.30903538560531,,,,,-0.030459241962978435,,-1.5749423941435339,-1.5749423941435339,-1.3741755400499391,-1.3741755400499391,35.657172087166686,35.657172087166686,,74.00599975585938,74.00599975585938,75.57428632463727,75.57428632463727,79.37650819808718,79.37650819808718,74.4870239136711,74.4870239136711,78.41640045166015,75.41590003967285,1,77289112.335205078125000,85439148.62519522,,,,,,,
2026-03-04,,,,,,,71.059997558593750,71.910003662109380,70.250000000000000,70.400001525878900,1200500,,,,,70.400001525878900,,,,,,,,,,,,,,,,,,,,,,,,,,,,,,,,,,,,,,,,,,,,,,,,,,,,,,,,,,,,,,,,,,,,,,,,,,,,,,,,,,,,,,,,,,,,,,,,,,,,,,,,,,,,,,,,,,,,,,,,,,,,,,,,,,,,,,,,,,,,,0.38170226989835876,0.37684734034489575,0.303232394942553,0.31805053151434237,,,,-0.06130363497635118,,,,,,,,72.17356516736994,72.17356516736994,74.85776672737528,74.85776672737528,76.97997802375397,76.97997802375397,74.27813393216874,74.27813393216874,,,,,-0.005806914346999932,,-1.762659042667508,-1.762659042667508,-1.451872240573453,-1.451872240573453,34.84836298511398,34.84836298511398,,73.06999969482422,73.06999969482422,75.26428622291202,75.26428622291202,79.13587334042504,79.13587334042504,74.44829374646383,74.44829374646383,78.21080047607421,75.40320003509521,1,84515201.831817619450000,85177428.38255867,,,,,,,
2026-03-05,,,,,,,70.000000000000000,71.260002136230470,69.400001525878900,70.779998779296880,1335500,,,,,70.779998779296880,,,,,,,,,,,,,,,,,,,,,,,,,,,,,,,,,,,,,,,,,,,,,,,,,,,,,,,,,,,,,,,,,,,,,,,,,,,,,,,,,,,,,,,,,,,,,,,,,,,,,,,,,,,,,,,,,,,,,,,,,,,,,,,,,,,,,,,,,,,,,0.27247601511624236,0.3760305987485081,0.3036316497476876,0.3177850756597193,,,,-0.008343737241514278,,,,,,,,71.70904303801225,71.70904303801225,74.48706055027723,74.48706055027723,76.78622867236469,76.78622867236469,74.25048068985356,74.25048068985356,,,,,0.0053831728324630615,,-1.8593300371909436,-1.8593300371909436,-1.533363799896951,-1.533363799896951,36.29076723928332,36.29076723928332,,71.83799896240234,71.83799896240234,75.02761949811664,75.02761949811664,78.90079401409815,78.90079401409815,74.41571438501752,74.41571438501752,77.99460052490234,75.38655002593994,1,94526688.369750983240000,85034388.2206508,,,,,,,
2026-03-06,,,,,,,70.000000000000000,70.440002441406250,68.989997863769530,69.410003662109380,1288100,,,,,69.410003662109380,,,,,,,,,,,,,,,,,,,,,,,,,,,,,,,,,,,,,,,,,,,,,,,,,,,,,,,,,,,,,,,,,,,,,,,,,,,,,,,,,,,,,,,,,,,,,,,,,,,,,,,,,,,,,,,,,,,,,,,,,,,,,,,,,,,,,,,,,,,,,0.2170327018702742,0.3769939583944196,0.30542318150295944,0.31803602726195157,,,,-0.007750388378143772,,,,,,,,70.94269657937797,70.94269657937797,74.02550992408015,74.02550992408015,76.5557216407942,76.5557216407942,74.21221604931803,74.21221604931803,,,,,-0.01954545555884055,,-2.023167833847424,-2.023167833847424,-1.6313246066870457,-1.6313246066870457,33.41821365567322,33.41821365567322,,70.88000030517578,70.88000030517578,74.69047691708519,74.69047691708519,78.6493655007983,78.6493655007983,74.38230169387091,74.38230169387091,77.76720062255859,75.35475006103516,1,89407025.717163092378000,84861537.43838355,,,,,,,
2026-03-09,,,,,,,68.290000915527340,68.845001220703120,66.614997863769530,68.599998474121100,1338400,,,,,68.599998474121100,,,,,,,,,,,,,,,,,,,,,,,,,,,,,,,,,,,,,,,,,,,,,,,,,,,,,,,,,,,,,,,,,,,,,,,,,,,,,,,,,,,,,,,,,,,,,,,,,,,,,,,,,,,,,,,,,,,,,,,,,,,,,,,,,,,,,,,,,,,,,0.21552761991259664,0.37554930281443955,0.30581006567404084,0.3171033156995898,,,,0.034510065474019996,,,,,,,,70.16179721095901,70.16179721095901,73.53228161044751,73.53228161044751,76.30710529183567,76.30710529183567,74.16785069299236,74.16785069299236,,,,,-0.011738489623328624,,-2.1930905347272613,-2.1930905347272613,-1.7436777922950888,-1.7436777922950888,31.814768110417823,31.814768110417823,,70,70,74.29142906552269,74.29142906552269,78.38492099822514,78.38492099822514,74.3539683629596,74.3539683629596,77.52820053100587,75.32425006866455,1,91814237.957763680240000,85060712.26333134,,,,,,,
2026-03-10,,,,,,,68.349998474121100,68.625000000000000,67.110000610351560,67.599998474121100,1043600,,,,,67.599998474121100,,,,,,,,,,,,,,,,,,,,,,,,,,,,,,,,,,,,,,,,,,,,,,,,,,,,,,,,,,,,,,,,,,,,,,,,,,,,,,,,,,,,,,,,,,,,,,,,,,,,,,,,,,,,,,,,,,,,,,,,,,,,,,,,,,,,,,,,,,,,,0.15220165734482874,0.3693903732883659,0.3064218575456281,0.31609136817456224,,,,-0.004026065862110527,,,,,,,,69.3078642986797,69.3078642986797,72.99298314350875,72.99298314350875,76.0350082037821,76.0350082037821,74.11593091260602,74.11593091260602,,,,,-0.014684552011961543,,-2.381000450975236,-2.381000450975236,-1.8711423240311182,-1.8711423240311182,29.90693751031795,29.90693751031795,,69.35800018310547,69.35800018310547,73.7904764811198,73.7904764811198,78.1019050961449,78.1019050961449,74.31297629220145,74.31297629220145,77.27660049438477,75.298450050354,1,70547358.407592779960000,84662705.26437911,,,,,,,
2026-03-11,,,,,,,67.680000305175780,68.017997741699220,66.779998779296880,67.620002746582030,1608500,,,,,67.620002746582030,,,,,,,,,,,,,,,,,,,,,,,,,,,,,,,,,,,,,,,,,,,,,,,,,,,,,,,,,,,,,,,,,,,,,,,,,,,,,,,,,,,,,,,,,,,,,,,,,,,,,,,,,,,,,,,,,,,,,,,,,,,,,,,,,,,,,,,,,,,,,0.1664688776225387,0.36960403855273694,0.3003897885408132,0.31607654285927717,,,,-0.0009212283207942824,,,,,,,,68.74524378131382,68.74524378131382,72.50453038015178,72.50453038015178,75.7720392832446,75.7720392832446,74.06457970180742,74.06457970180742,,,,,0.0002958774208887898,,-2.4994936291387404,-2.4994936291387404,-1.9968125850526426,-1.9968125850526426,29.997371738943283,29.997371738943283,,68.8020004272461,68.8020004272461,73.29285757882255,73.29285757882255,77.86412738618397,77.86412738618397,74.27321440076071,74.27321440076071,77.01980056762696,75.27325004577636,1,108766774.417877195255000,84305282.03966655,,,,,,,
2026-03-12,,,,,,,67.209999084472660,68.669998168945310,65.650001525878900,66.120002746582030,1722900,,,,,66.120002746582030,,,,,,,,,,,,,,,,,,,,,,,,,,,,,,,,,,,,,,,,,,,,,,,,,,,,,,,,,,,,,,,,,,,,,,,,,,,,,,,,,,,,,,,,,,,,,,,,,,,,,,,,,,,,,,,,,,,,,,,,,,,,,,,,,,,,,,,,,,,,,0.1399967313028863,0.3475101727320907,0.2977886601024714,0.31605093517579796,,,,-0.08458129368173997,,,,,,,,67.87016343640322,67.87016343640322,71.92411877709998,71.92411877709998,75.47041314147388,75.47041314147388,74.00177672192422,74.00177672192422,,,,,-0.022432523405457958,,-2.68350402651312,-2.68350402651312,-2.1341508733447383,-2.1341508733447383,27.166945769765547,27.166945769765547,,67.87000122070313,67.87000122070313,72.61000061035156,72.61000061035156,77.64206392802889,77.64206392802889,74.23444457281204,74.23444457281204,76.74040069580079,75.24980007171631,1,113918152.732086179487000,84774525.24743459,,,,,,,
2026-03-13,,,,,,,66.739997863769530,67.370002746582030,66.165000915527340,66.760002136230470,2051000,,,,,66.760002136230470,,,,,,,,,,,,,,,,,,,,,,,,,,,,,,,,,,,,,,,,,,,,,,,,,,,,,,,,,,,,,,,,,,,,,,,,,,,,,,,,,,,,,,,,,,,,,,,,,,,,,,,,,,,,,,,,,,,,,,,,,,,,,,,,,,,,,,,,,,,,,0.20181000685795855,0.3451968436249495,0.2945363409027739,0.31525058100299586,,,,-0.10328482125109875,,,,,,,,67.50010966967896,67.50010966967896,71.45465362793003,71.45465362793003,75.19821279756003,75.19821279756003,73.94452949199778,73.94452949199778,,,,,0.009632816300117045,,-2.7460363919311988,-2.7460363919311988,-2.25652797706203,-2.25652797706203,30.193426413929892,30.193426413929892,,67.34000091552734,67.34000091552734,71.90857224237351,71.90857224237351,77.40174647739956,77.40174647739956,74.20567473154219,74.20567473154219,76.4724006652832,75.22095008850097,1,136924764.381408693970000,85756354.18366931,,,,,,,
2026-03-16,,,,,,,67.569999694824220,68.699996948242190,66.964996337890620,67.139999389648440,1641800,,,,,67.139999389648440,,,,,,,,,,,,,,,,,,,,,,,,,,,,,,,,,,,,,,,,,,,,,,,,,,,,,,,,,,,,,,,,,,,,,,,,,,,,,,,,,,,,,,,,,,,,,,,,,,,,,,,,,,,,,,,,,,,,,,,,,,,,,,,,,,,,,,,,,,,,,0.2175720416520121,0.26802910058584695,0.29371878262236906,0.3144632848249862,,,,-0.10605113234026017,,,,,,,,67.3800729096688,67.3800729096688,71.06241233354079,71.06241233354079,74.94639362856279,74.94639362856279,73.89073874020055,73.89073874020055,,,,,0.005675851668866731,,-2.733421952690577,-2.733421952690577,-2.3519067721877396,-2.3519067721877396,32.0001953886028,32.0001953886028,,67.04800109863281,67.04800109863281,71.48904854910714,71.48904854910714,77.15333375476655,77.15333375476655,74.18519852653382,74.18519852653382,76.23040069580078,75.19350009918213,1,110230450.997924808792000,86451719.79102483,,,,,,,
2026-03-17,,,,,,,68.010002136230470,69.110000610351560,68.010002136230470,68.669998168945310,1145500,,,,,68.669998168945310,,,,,,,,,,,,,,,,,,,,,,,,,,,,,,,,,,,,,,,,,,,,,,,,,,,,,,,,,,,,,,,,,,,,,,,,,,,,,,,,,,,,,,,,,,,,,,,,,,,,,,,,,,,,,,,,,,,,,,,,,,,,,,,,,,,,,,,,,,,,,0.2616521376966645,0.2855456366841923,0.29804988601057425,0.31424098026342195,,,,-0.056429327591856177,,,,,,,,67.8100479960943,67.8100479960943,70.84492013675938,70.84492013675938,74.75025627044975,74.75025627044975,73.84946806374793,73.84946806374793,,,,,0.022532413506874568,,-2.5703375526272083,-2.5703375526272083,-2.3955929282756334,-2.3955929282756334,38.86163767049212,38.86163767049212,,67.26200103759766,67.26200103759766,71.16142926897321,71.16142926897321,76.92619081527468,76.92619081527468,74.16341279044984,74.16341279044984,76.02340072631836,75.17380008697509,1,78661482.902526852605000,86657137.57267301,,,,,,,
2026-03-18,,,,,,,68.000000000000000,68.580001831054690,67.059997558593750,67.099998474121100,1080600,,,,,67.099998474121100,,,,,,,,,,,,,,,,,,,,,,,,,,,,,,,,,,,,,,,,,,,,,,,,,,,,,,,,,,,,,,,,,,,,,,,,,,,,,,,,,,,,,,,,,,,,,,,,,,,,,,,,,,,,,,,,,,,,,,,,,,,,,,,,,,,,,,,,,,,,,0.32328473374277206,0.28447686746738465,0.3000816864481776,0.31477025020231414,,,,-0.08306306357983693,,,,,,,,67.57336482210323,67.57336482210323,70.50447271288317,70.50447271288317,74.51118571431448,74.51118571431448,73.79611257292085,73.79611257292085,,,,,-0.023128374730769483,,-2.5385154193712083,-2.5385154193712083,-2.424177426494748,-2.424177426494748,34.96302639336659,34.96302639336659,,67.15800018310547,67.15800018310547,70.84571475074405,70.84571475074405,76.6914288959806,76.6914288959806,74.13146833389524,74.13146833389524,75.74940063476562,75.14385009765626,1,72508258.351135260660000,86281918.6848595,,,,,,,
2026-03-19,,,,,,,66.730003356933600,67.889999389648440,66.669998168945310,67.139999389648440,1240000,,,,,67.139999389648440,,,,,,,,,,,,,,,,,,,,,,,,,,,,,,,,,,,,,,,,,,,,,,,,,,,,,,,,,,,,,,,,,,,,,,,,,,,,,,,,,,,,,,,,,,,,,,,,,,,,,,,,,,,,,,,,,,,,,,,,,,,,,,,,,,,,,,,,,,,,,0.26576433408585426,0.27547610905499803,0.29902923073820614,0.3147624580301881,,,,-0.11612758852821634,,,,,,,,67.42890967795164,67.42890967795164,70.19861150168002,70.19861150168002,74.28083614166866,74.28083614166866,73.74349507740091,73.74349507740091,,,,,0.0005959612238949308,,-2.481463641714072,-2.481463641714072,-2.435634669538613,-2.435634669538613,35.14155606583002,35.14155606583002,,67.36199951171875,67.36199951171875,70.47571454729352,70.47571454729352,76.47793688092914,76.47793688092914,74.09908736698212,74.09908736698212,75.42900054931641,75.11395008087158,1,83253599.243164065600000,86252434.62312487,,,,,,,
2026-03-20,,,,,,,67.050003051757810,67.099998474121100,65.129997253417970,65.779998779296880,2480400,,,,,65.779998779296880,,,,,,,,,,,,,,,,,,,,,,,,,,,,,,,,,,,,,,,,,,,,,,,,,,,,,,,,,,,,,,,,,,,,,,,,,,,,,,,,,,,,,,,,,,,,,,,,,,,,,,,,,,,,,,,,,,,,,,,,,,,,,,,,,,,,,,,,,,,,,0.3022671457064637,0.2773232676430245,0.300928363363948,0.31509077446793216,,,,-0.11488487707617784,,,,,,,,66.87927271173338,66.87927271173338,69.79691943600882,69.79691943600882,74.01518497409455,74.01518497409455,73.68054253749494,73.68054253749494,,,,,-0.02046416025760858,,-2.516976244754744,-2.516976244754744,-2.451902984581839,-2.451902984581839,31.932100099155384,31.932100099155384,,67.16599884033204,67.16599884033204,70.1028573172433,70.1028573172433,76.25301627507285,76.25301627507285,74.05730165754046,74.05730165754046,75.05980056762695,75.07155006408692,0,163160708.972167981152000,86837191.98493353,,,,,,,
2026-03-23,,,,,,,67.080001831054690,67.455001831054690,65.669998168945310,65.690002441406250,1832100,,,,,65.690002441406250,,,,,,,,,,,,,,,,,,,,,,,,,,,,,,,,,,,,,,,,,,,,,,,,,,,,,,,,,,,,,,,,,,,,,,,,,,,,,,,,,,,,,,,,,,,,,,,,,,,,,,,,,,,,,,,,,,,,,,,,,,,,,,,,,,,,,,,,,,,,,0.29360380978209,0.2772928855282571,0.2999323036969291,0.31463691011443323,,,,-0.17417300030818558,,,,,,,,66.482849288291,66.482849288291,69.42356334559041,69.42356334559041,73.75502301994804,73.75502301994804,73.61737621262468,73.61737621262468,,,,,-0.0013690781336008068,,-2.5232952143220047,-2.5232952143220047,-2.4661814305298724,-2.4661814305298724,31.725613968227883,31.725613968227883,,66.8759994506836,66.8759994506836,69.7576192220052,69.7576192220052,76.01507980104476,76.01507980104476,74.02039691380092,74.02039691380092,74.65820068359375,75.0243000793457,0,120350653.472900390625000,86982292.63655648,,,,,,,
2026-03-24,,,,,,,64.000000000000000,64.864997863769530,62.794998168945310,64.029998779296880,1682800,,,,,64.029998779296880,,,,,,,,,,,,,,,,,,,,,,,,,,,,,,,,,,,,,,,,,,,,,,,,,,,,,,,,,,,,,,,,,,,,,,,,,,,,,,,,,,,,,,,,,,,,,,,,,,,,,,,,,,,,,,,,,,,,,,,,,,,,,,,,,,,,,,,,,,,,,0.19956149031646628,0.286269967250907,0.30174004417134614,0.31536118747166514,,,,-0.1825774000930278,,,,,,,,65.66523245195962,65.66523245195962,68.93323929410917,68.93323929410917,73.45111601242769,73.45111601242769,73.54158666769719,73.54158666769719,,,,,-0.025595039603789456,,-2.6319124174922734,-2.6319124174922734,-2.4993276279223524,-2.4993276279223524,28.114341827899313,28.114341827899313,,65.9479995727539,65.9479995727539,69.3471429007394,69.3471429007394,75.73634968106708,75.73634968106708,73.98095245966836,73.98095245966836,74.21600067138672,74.96760005950928,0,107749681.945800789664000,84449277.6991708,,,,,,,
2026-03-25,,,,,,,64.589996337890620,65.230003356933600,63.130001068115234,64.639999389648440,1068800,,,,,64.639999389648440,,,,,,,,,,,,,,,,,,,,,,,,,,,,,,,,,,,,,,,,,,,,,,,,,,,,,,,,,,,,,,,,,,,,,,,,,,,,,,,,,,,,,,,,,,,,,,,,,,,,,,,,,,,,,,,,,,,,,,,,,,,,,,,,,,,,,,,,,,,,,0.23639247472671124,0.28551919722393,0.3026416088139668,0.3155002916720622,,,,-0.16597508734019148,,,,,,,,65.3234880978559,65.3234880978559,68.54294475734002,68.54294475734002,73.17576861796583,73.17576861796583,73.47121838881934,73.47121838881934,,,,,0.009481700304359214,,-2.638357044592027,-2.638357044592027,-2.5271335112562876,-2.5271335112562876,31.212923452548242,31.212923452548242,,65.45599975585938,65.45599975585938,68.92904772077289,68.92904772077289,75.48015921456474,75.48015921456474,73.94301596141997,73.94301596141997,73.79500061035156,74.91660007476807,0,69087231.347656252672000,84518199.3233938,,,,,,,
2026-03-26,,,,,,,64.220001220703120,65.389999389648440,64.099998474121100,64.709999084472660,1179200,,,,,64.709999084472660,,,,,,,,,,,,,,,,,,,,,,,,,,,,,,,,,,,,,,,,,,,,,,,,,,,,,,,,,,,,,,,,,,,,,,,,,,,,,,,,,,,,,,,,,,,,,,,,,,,,,,,,,,,,,,,,,,,,,,,,,,,,,,,,,,,,,,,,,,,,,0.2374608055393235,0.2677952537365643,0.3027801120443126,0.3153339610166282,,,,-0.20311438954329852,,,,,,,,65.11899176006149,65.11899176006149,68.19449515071571,68.19449515071571,72.91121332004417,72.91121332004417,73.40195973819209,73.40195973819209,,,,,0.0010823301504961204,,-2.6077554856717597,-2.6077554856717597,-2.543257906139382,-2.543257906139382,31.577401028950007,31.577401028950007,,64.96999969482422,64.96999969482422,68.43523806617374,68.43523806617374,75.22873058016339,75.22873058016339,73.90246040102035,73.90246040102035,73.48860061645507,74.86555007934571,0,76306030.920410160672000,84766897.55550566,,,,,,,
2026-03-27,,,,,,,64.319999694824220,64.319999694824220,62.645000457763670,62.759998321533200,1354700,,,,,62.759998321533200,,,,,,,,,,,,,,,,,,,,,,,,,,,,,,,,,,,,,,,,,,,,,,,,,,,,,,,,,,,,,,,,,,,,,,,,,,,,,,,,,,,,,,,,,,,,,,,,,,,,,,,,,,,,,,,,,,,,,,,,,,,,,,,,,,,,,,,,,,,,,0.27978353135786566,0.25361968830085135,0.3075986852343302,0.3166429844105883,,,,-0.27790919394958624,,,,,,,,64.3326606138854,64.3326606138854,67.7004499844264,67.7004499844264,72.5939878513407,72.5939878513407,73.31783356098529,73.31783356098529,,,,,-0.030597833800397323,,-2.709617510505211,-2.709617510505211,-2.5765298270125476,-2.5765298270125476,27.246330116359996,27.246330116359996,,64.36599960327149,64.36599960327149,67.75999977475121,67.75999977475121,74.95222261216905,74.95222261216905,73.85690484728131,73.85690484728131,73.14280052185059,74.80160005569458,0,85020969.726181026040000,85609775.51748487,,,,,,,
2026-03-30,,,,,,,63.380001068115234,63.849998474121094,63.064998626708984,63.450000762939450,1535100,,,,,63.450000762939450,,,,,,,,,,,,,,,,,,,,,,,,,,,,,,,,,,,,,,,,,,,,,,,,,,,,,,,,,,,,,,,,,,,,,,,,,,,,,,,,,,,,,,,,,,,,,,,,,,,,,,,,,,,,,,,,,,,,,,,,,,,,,,,,,,,,,,,,,,,,,0.31361941460084397,0.24384830149412898,0.308683246448085,0.31636330997321116,,,,-0.24753135509063695,,,,,,,,64.03844066357007,64.03844066357007,67.31404550974577,67.31404550974577,72.30823825482817,72.30823825482817,73.23982697760154,73.23982697760154,,,,,0.010934305064040375,,-2.703502178390707,-2.703502178390707,-2.6019242972881798,-2.6019242972881798,30.860002690279,30.860002690279,,63.917999267578125,63.917999267578125,67.2480951944987,67.2480951944987,74.68222263881138,74.68222263881138,73.80904769897461,73.80904769897461,72.80300048828126,74.74680004119872,0,97402096.171188349695000,86514203.97194757,,,,,,,
2026-03-31,,,,,,,64.419998168945310,65.639999389648440,63.349998474121094,65.300003051757810,2168800,,,,,65.300003051757810,,,,,,,,,,,,,,,,,,,,,,,,,,,,,,,,,,,,,,,,,,,,,,,,,,,,,,,,,,,,,,,,,,,,,,,,,,,,,,,,,,,,,,,,,,,,,,,,,,,,,,,,,,,,,,,,,,,,,,,,,,,,,,,,,,,,,,,,,,,,,0.3455844418752956,0.2715922298647757,0.31544647406664655,0.3175848493106367,,,,-0.17898696079742207,,,,,,,,64.45896145963266,64.45896145963266,67.13095074083776,67.13095074083776,72.08923090473222,72.08923090473222,73.17706157107312,73.17706157107312,,,,,0.028739876832148143,,-2.5203232919748473,-2.5203232919748473,-2.585604096225513,-2.585604096225513,39.53211676379576,39.53211676379576,,64.17200012207032,64.17200012207032,66.88142867315383,66.88142867315383,74.4474608406188,74.4474608406188,73.77154771108476,73.77154771108476,72.51940048217773,74.70185005187989,0,141622646.618652338328000,88030948.11044118,,,,,,,
2026-04-01,,,,,,,65.489997863769530,66.055000305175780,64.330001831054690,64.349998474121100,1518000,,,,,64.349998474121100,,,,,,,,,,,,,,,,,,,,,,,,,,,,,,,,,,,,,,,,,,,,,,,,,,,,,,,,,,,,,,,,,,,,,,,,,,,,,,,,,,,,,,,,,,,,,,,,,,,,,,,,,,,,,,,,,,,,,,,,,,,,,,,,,,,,,,,,,,,,,0.36318195886583754,0.25834618782752805,0.316151373563871,0.31740133427413475,,,,-0.19965360703981974,,,,,,,,64.42264046446213,64.42264046446213,66.87813689840898,66.87813689840898,71.84737989127562,71.84737989127562,73.10728241615651,73.10728241615651,,,,,-0.014655172686853672,,-2.423869278418053,-2.423869278418053,-2.553257132664021,-2.553257132664021,36.9678791021375,36.9678791021375,,64.11399993896484,64.11399993896484,66.57380966913132,66.57380966913132,74.1965083773174,74.1965083773174,73.72515881250776,73.72515881250776,72.2272004699707,74.6546000289917,0,97683297.683715829800000,88948085.37807162,,,,,,,
2026-04-02,,,,,,,63.360000610351560,64.489997863769530,62.665000915527344,63.569999694824220,1046600,,,,,63.569999694824220,,,,,,,,,,,,,,,,,,,,,,,,,,,,,,,,,,,,,,,,,,,,,,,,,,,,,,,,,,,,,,,,,,,,,,,,,,,,,,,,,,,,,,,,,,,,,,,,,,,,,,,,,,,,,,,,,,,,,,,,,,,,,,,,,,,,,,,,,,,,,0.37077101848494526,0.2596804974213232,0.31622155956928744,0.3175765480975784,,,,-0.16954711346682555,,,,,,,,64.13842687458283,64.13842687458283,66.57739715262855,66.57739715262855,71.58871176013652,71.58871176013652,73.03188887685744,73.03188887685744,,,,,-0.012195254182261858,,-2.382899577502158,-2.382899577502158,-2.5191856216316486,-2.5191856216316486,34.962643636923296,34.962643636923296,,63.886000061035155,63.886000061035155,66.24857148670014,66.24857148670014,73.9477782476516,73.9477782476516,73.67448422265431,73.67448422265431,71.89120040893555,74.60020004272461,0,66532361.680603028652000,89251374.63139126,,,,,,,
2026-04-06,,,,,,,63.380001068115234,63.759998321533200,62.810001373291016,63.250000000000000,1048500,,,,,63.250000000000000,,,,,,,,,,,,,,,,,,,,,,,,,,,,,,,,,,,,,,,,,,,,,,,,,,,,,,,,,,,,,,,,,,,,,,,,,,,,,,,,,,,,,,,,,,,,,,,,,,,,,,,,,,,,,,,,,,,,,,,,,,,,,,,,,,,,,,,,,,,,,0.2886376972759323,0.25699652151622554,0.3162331513992289,0.31757514384246854,,,,-0.19439387040785286,,,,,,,,63.84228458305522,63.84228458305522,66.27490650238958,66.27490650238958,71.32812701763226,71.32812701763226,72.95456169206015,72.95456169206015,,,,,-0.0050465285400619845,,-2.349172299420104,-2.349172299420104,-2.48518295718934,-2.48518295718934,34.1443668517604,34.1443668517604,,63.98400039672852,63.98400039672852,65.89000011625744,65.89000011625744,73.6974608406188,73.6974608406188,73.62142865619963,73.62142865619963,71.55100036621094,74.55265003204346,0,66317625.000000000000000,89361941.38569908,,,,,,,
2026-04-07,,,,,,,63.040000915527344,63.330001831054690,62.380001068115234,62.490001678466800,1007800,,,,,62.490001678466800,,,,,,,,,,,,,,,,,,,,,,,,,,,,,,,,,,,,,,,,,,,,,,,,,,,,,,,,,,,,,,,,,,,,,,,,,,,,,,,,,,,,,,,,,,,,,,,,,,,,,,,,,,,,,,,,,,,,,,,,,,,,,,,,,,,,,,,,,,,,,0.28778359453839725,0.2530773174968677,0.312277449999142,0.30558119470955136,,,,-0.2037141789113514,,,,,,,,63.39152361485908,63.39152361485908,65.93082424566933,65.93082424566933,71.05193560078332,71.05193560078332,72.87183789748629,72.87183789748629,,,,,-0.012088556806873357,,-2.3566032462368725,-2.3566032462368725,-2.4594670149988462,-2.4594670149988462,32.21589241953675,32.21589241953675,,63.79200057983398,63.79200057983398,65.56047621227447,65.56047621227447,73.4068258981856,73.4068258981856,73.59087309761652,73.59087309761652,71.22260032653809,74.5019500541687,0,62977423.691558841040000,89032615.36235507,,,,,,,
2026-04-08,,,,,,,64.370002746582030,65.419998168945310,63.150001525878906,65.250000000000000,1500300,,,,,65.250000000000000,,,,,,,,,,,,,,,,,,,,,,,,,,,,,,,,,,,,,,,,,,,,,,,,,,,,,,,,,,,,,,,,,,,,,,,,,,,,,,,,,,,,,,,,,,,,,,,,,,,,,,,,,,,,,,,,,,,,,,,,,,,,,,,,,,,,,,,,,,,,,0.3890796749901291,0.3015988498666371,0.3196961391923714,0.3030995154715912,,,,-0.19517783421577686,,,,,,,,64.01101574323938,64.01101574323938,65.86893113242667,65.86893113242667,70.87062511325885,70.87062511325885,72.81158621450221,72.81158621450221,,,,,0.04321947540204653,,-2.1153985293899495,-2.1153985293899495,-2.390653317877067,-2.390653317877067,44.47975009787982,44.47975009787982,,63.78199996948242,63.78199996948242,65.40095247541156,65.40095247541156,73.12254012577118,73.12254012577118,73.58710326845684,73.58710326845684,70.94740028381348,74.46035005569458,0,97894575.000000000000000,88935969.43252806,,,,,,,
2026-04-09,,,,,,,64.610000610351560,67.150001525878900,63.939998626708984,66.180000305175780,1782400,,,,,66.180000305175780,,,,,,,,,,,,,,,,,,,,,,,,,,,,,,,,,,,,,,,,,,,,,,,,,,,,,,,,,,,,,,,,,,,,,,,,,,,,,,,,,,,,,,,,,,,,,,,,,,,,,,,,,,,,,,,,,,,,,,,,,,,,,,,,,,,,,,,,,,,,,0.374926709512194,0.30331836947663726,0.319971792978897,0.30313488083653967,,,,-0.15675261767821935,,,,,,,,64.73401059721819,64.73401059721819,65.89721014813114,65.89721014813114,70.72404308800625,70.72404308800625,72.75916261047591,72.75916261047591,,,,,0.014152260901962442,,-1.8281253105997024,-1.8281253105997024,-2.2781477164215937,-2.2781477164215937,47.90028128326553,47.90028128326553,,64.14800033569335,64.14800033569335,65.33333351498558,65.33333351498558,72.835873497857,72.835873497857,73.59051596929156,73.59051596929156,70.71880027770996,74.42500005722046,0,117959232.543945310272000,89436429.66642834,,,,,,,
2026-04-10,,,,,,,66.290000915527340,66.709999084472660,65.705001831054690,65.790000915527340,1125000,,,,,65.790000915527340,,,,,,,,,,,,,,,,,,,,,,,,,,,,,,,,,,,,,,,,,,,,,,,,,,,,,,,,,,,,,,,,,,,,,,,,,,,,,,,,,,,,,,,,,,,,,,,,,,,,,,,,,,,,,,,,,,,,,,,,,,,,,,,,,,,,,,,,,,,,,0.3584165251265864,0.30374309780305914,0.3169003258303256,0.3010275236571981,,,,-0.20752695108884167,,,,,,,,65.0860073699879,65.0860073699879,65.88746385425806,65.88746385425806,70.56985427011628,70.56985427011628,72.70407042316407,72.70407042316407,,,,,-0.005910442090954526,,-1.6133314259855496,-1.6133314259855496,-2.145184458334385,-2.145184458334385,46.60361776156385,46.60361776156385,,64.59200057983398,64.59200057983398,65.24619057064965,65.24619057064965,72.51873070853097,72.51873070853097,73.60154772561694,73.60154772561694,70.50260032653809,74.37905004501343,0,74013751.029968257500000,88989653.60338725,,,,,,,
2026-04-13,,,,,,,65.239997863769530,67.449996948242190,65.129997253417970,67.410003662109380,1306200,,,,,67.410003662109380,,,,,,,,,,,,,,,,,,,,,,,,,,,,,,,,,,,,,,,,,,,,,,,,,,,,,,,,,,,,,,,,,,,,,,,,,,,,,,,,,,,,,,,,,,,,,,,,,,,,,,,,,,,,,,,,,,,,,,,,,,,,,,,,,,,,,,,,,,,,,0.35757433991456977,0.3059457323321952,0.3215818056507112,0.28985160008889893,,,,-0.1308497368776335,,,,,,,,65.86067280069506,65.86067280069506,66.02587656406273,66.02587656406273,70.47110893861607,70.47110893861607,72.66222009303715,72.66222009303715,,,,,0.024325564177442145,,-1.2974290873042804,-1.2974290873042804,-1.9756333841283642,-1.9756333841283642,52.37121872072181,52.37121872072181,,65.42400131225585,65.42400131225585,65.30761918567475,65.30761918567475,72.22142918904622,72.22142918904622,73.59690487574018,73.59690487574018,70.32040046691894,74.34135007858276,0,88050946.783447272156000,89373433.55951461,,,,,,,
2026-04-14,,,,,,,67.580001831054690,69.305000305175780,67.580001831054690,69.019996643066400,1418400,,,,,69.019996643066400,,,,,,,,,,,,,,,,,,,,,,,,,,,,,,,,,,,,,,,,,,,,,,,,,,,,,,,,,,,,,,,,,,,,,,,,,,,,,,,,,,,,,,,,,,,,,,,,,,,,,,,,,,,,,,,,,,,,,,,,,,,,,,,,,,,,,,,,,,,,,0.28356194507476107,0.3146617139798522,0.3262306133252026,0.28626871147993843,,,,-0.10126185216915108,,,,,,,,66.91378074815218,66.91378074815218,66.2980692985176,66.2980692985176,70.42576167938014,70.42576167938014,72.63342781280024,72.63342781280024,,,,,0.023602839841489684,,-0.9067092498302998,-0.9067092498302998,-1.7618485572687512,-1.7618485572687512,57.306766249224836,57.306766249224836,,66.73000030517578,66.73000030517578,65.41523797171456,65.41523797171456,71.95682592240591,71.95682592240591,73.61218264746287,73.61218264746287,70.16140037536621,74.313300075531,0,97897963.238525381760000,89875966.75556728,,,,,,,
2026-04-15,,,,,,,69.510002136230470,69.550003051757810,68.449996948242190,69.099998474121100,1141900,,,,,69.099998474121100,,,,,,,,,,,,,,,,,,,,,,,,,,,,,,,,,,,,,,,,,,,,,,,,,,,,,,,,,,,,,,,,,,,,,,,,,,,,,,,,,,,,,,,,,,,,,,,,,,,,,,,,,,,,,,,,,,,,,,,,,,,,,,,,,,,,,,,,,,,,,0.21416967570308817,0.3143107053563566,0.2984634728881451,0.2858578735835539,,,,-0.05178662687099026,,,,,,,,67.64251999014182,67.64251999014182,66.55279013266338,66.55279013266338,70.3843315792158,70.3843315792158,72.60549556506363,72.60549556506363,,,,,0.0011584396586977266,,-0.5838749376530927,-0.5838749376530927,-1.5262538333456195,-1.5262538333456195,57.54220822849935,57.54220822849935,,67.5,67.5,65.50857126145135,65.50857126145135,71.78333385406978,71.78333385406978,73.6237302507673,73.6237302507673,70.00520027160644,74.28150007247925,0,78905288.257598884090000,88996457.88741338,,,,,,,
2026-04-16,,,,,,,69.379997253417970,70.160003662109380,68.775001525878900,68.879997253417970,1314200,,,,,68.879997253417970,,,,,,,,,,,,,,,,,,,,,,,,,,,,,,,,,,,,,,,,,,,,,,,,,,,,,,,,,,,,,,,,,,,,,,,,,,,,,,,,,,,,,,,,,,,,,,,,,,,,,,,,,,,,,,,,,,,,,,,,,,,,,,,,,,,,,,,,,,,,,0.23485034689287962,0.30498098991105727,0.2984218512446162,0.2848709121219204,,,,-0.09654760923063595,,,,,,,,68.05501241123386,68.05501241123386,66.76435441636833,66.76435441636833,70.33732113153462,70.33732113153462,72.57604498552493,72.57604498552493,,,,,-0.0031888884468498084,,-0.3418381814717577,-0.3418381814717577,-1.2893707029708472,-1.2893707029708472,56.61754051172769,56.61754051172769,,68.03999938964844,68.03999938964844,65.51857121785481,65.51857121785481,71.60603217473106,71.60603217473106,73.62801594204373,73.62801594204373,69.86780021667481,74.24670007705689,0,90522092.390441896174000,89118082.24029541,,,,,,,
2026-04-17,,,,,,,70.000000000000000,71.419998168945310,69.785003662109380,70.480003356933600,913700,,,,,70.480003356933600,,,,,,,,,,,,,,,,,,,,,,,,,,,,,,,,,,,,,,,,,,,,,,,,,,,,,,,,,,,,,,,,,,,,,,,,,,,,,,,,,,,,,,,,,,,,,,,,,,,,,,,,,,,,,,,,,,,,,,,,,,,,,,,,,,,,,,,,,,,,,0.21581086827059567,0.3024465878715321,0.302378498800663,0.2843918692839092,,,,-0.0671964785634619,,,,,,,,68.86334272646711,68.86334272646711,67.10214068369245,67.10214068369245,70.34177995107834,70.34177995107834,72.55947548648469,72.55947548648469,,,,,0.02296320901292405,,-0.02067683795550579,-0.02067683795550579,-1.035631929967779,-1.035631929967779,61.46719727361855,61.46719727361855,,68.97799987792969,68.97799987792969,65.67952383132209,65.67952383132209,71.447936951168,71.447936951168,73.64607150970943,73.64607150970943,69.74760032653809,74.20965009689331,0,64397579.067230230320000,89228229.62638007,,,,,,,
2026-04-20,,,,,,,70.089996337890620,71.230003356933600,69.819999694824220,70.040000915527340,979900,,,,,70.040000915527340,,,,,,,,,,,,,,,,,,,,,,,,,,,,,,,,,,,,,,,,,,,,,,,,,,,,,,,,,,,,,,,,,,,,,,,,,,,,,,,,,,,,,,,,,,,,,,,,,,,,,,,,,,,,,,,,,,,,,,,,,,,,,,,,,,,,,,,,,,,,,0.2303400283098489,0.30387476250485473,0.301831257139162,0.2844356560562921,,,,-0.08103788765148107,,,,,,,,69.25556212282052,69.25556212282052,67.36921888658654,67.36921888658654,70.33234935621736,70.33234935621736,72.53955869145736,72.53955869145736,,,,,-0.006262508768370621,,0.19608102090320756,0.19608102090320756,-0.7892893397935816,-0.7892893397935816,59.49743767591172,59.49743767591172,,69.50399932861328,69.50399932861328,65.81761914207821,65.81761914207821,71.29809564257425,71.29809564257425,73.66341279044984,73.66341279044984,69.60880027770996,74.16860010147094,0,68632196.897125240466000,89289183.56543647,,,,,,,
2026-04-21,,,,,,,70.269996643066400,71.120002746582030,68.879997253417970,68.970001220703120,778900,,,,,68.970001220703120,,,,,,,,,,,,,,,,,,,,,,,,,,,,,,,,,,,,,,,,,,,,,,,,,,,,,,,,,,,,,,,,,,,,,,,,,,,,,,,,,,,,,,,,,,,,,,,,,,,,,,,,,,,,,,,,,,,,,,,,,,,,,,,,,,,,,,,,,,,,,0.2265854745430123,0.299627758841875,0.30288805815896563,0.28473040679408873,,,,-0.08142080927638362,,,,,,,,69.16037515544805,69.16037515544805,67.5147445533244,67.5147445533244,70.28977597698254,70.28977597698254,72.51134084583875,72.51134084583875,,,,,-0.01539487534689907,,0.2783149116366843,0.2783149116366843,-0.5757684895075285,-0.5757684895075285,54.89081398955823,54.89081398955823,,69.49400024414062,69.49400024414062,65.96952402024041,65.96952402024041,71.13952424791124,71.13952424791124,73.67416675507076,73.67416675507076,69.42580024719238,74.12095010757446,0,53720733.950805660168000,88902597.64251709,,,,,,,
2026-04-22,,,,,,,69.669998168945310,69.889999389648440,68.879997253417970,69.110000610351560,629100,,,,,69.110000610351560,,,,,,,,,,,,,,,,,,,,,,,,,,,,,,,,,,,,,,,,,,,,,,,,,,,,,,,,,,,,,,,,,,,,,,,,,,,,,,,,,,,,,,,,,,,,,,,,,,,,,,,,,,,,,,,,,,,,,,,,,,,,,,,,,,,,,,,,,,,,,0.22698422670482646,0.29934099279026916,0.3003251354335469,0.2824579336546854,,,,-0.030458707487255706,,,,,,,,69.14358364041588,69.14358364041588,67.65976783123597,67.65976783123597,70.25290799677533,70.25290799677533,72.48445278073608,72.48445278073608,,,,,0.00202780179265376,,0.3507395361817771,0.3507395361817771,-0.3904668843696673,-0.3904668843696673,55.37762936296337,55.37762936296337,,69.49600067138672,69.49600067138672,66.13238107590448,66.13238107590448,70.96079405527266,70.96079405527266,73.69468263595823,73.69468263595823,69.24660026550293,74.08530012130737,0,43477101.383972166396000,88515369.6117946,,,,,,,
2026-04-23,,,,,,,68.879997253417970,69.309997558593750,68.110000610351560,68.959999084472660,871600,,,,,68.959999084472660,,,,,,,,,,,,,,,,,,,,,,,,,,,,,,,,,,,,,,,,,,,,,,,,,,,,,,,,,,,,,,,,,,,,,,,,,,,,,,,,,,,,,,,,,,,,,,,,,,,,,,,,,,,,,,,,,,,,,,,,,,,,,,,,,,,,,,,,,,,,,0.22618999497483913,0.28223134620625107,0.3003182755217073,0.2820552237537243,,,,-0.029941777957785586,,,,,,,,69.08238878843481,69.08238878843481,67.7779706724393,67.7779706724393,70.21250459326588,70.21250459326588,72.45659148669448,72.45659148669448,,,,,-0.0021728338556694406,,0.39151951020045317,0.39151951020045317,-0.23406960545564323,-0.23406960545564323,54.69652564224806,54.69652564224806,,69.51200103759766,69.51200103759766,66.36714299519856,66.36714299519856,70.78142892746698,70.78142892746698,73.71063500358945,73.71063500358945,69.01660026550293,74.05470010757446,0,60105535.202026370456000,88806834.81958783,,,,,,,
2026-04-24,,,,,,,68.919998168945310,69.025001525878900,67.750000000000000,68.519996643066400,598200,,,,,68.519996643066400,,,,,,,,,,,,,,,,,,,,,,,,,,,,,,,,,,,,,,,,,,,,,,,,,,,,,,,,,,,,,,,,,,,,,,,,,,,,,,,,,,,,,,,,,,,,,,,,,,,,,,,,,,,,,,,,,,,,,,,,,,,,,,,,,,,,,,,,,,,,,0.10255369387967811,0.2833732088251071,0.2989776312738362,0.28175946910988,,,,-0.04413753335210004,,,,,,,,68.89492473997868,68.89492473997868,67.84542757885994,67.84542757885994,70.15961371982213,70.15961371982213,72.42547215986737,72.42547215986737,,,,,-0.006400988615336594,,0.3839079616390819,0.3839079616390819,-0.1104740920366982,-0.1104740920366982,52.65088809602593,52.65088809602593,,69.11999969482422,69.11999969482422,66.55190476917085,66.55190476917085,70.61650818113297,70.61650818113297,73.72103180961004,73.72103180961004,68.75720024108887,74.02635007858277,0,40988661.991882320480000,88607976.04987735,,,,,,,
2026-04-27,,,,,,,68.319999694824220,70.029998779296880,68.319999694824220,69.779998779296880,1034200,,,,,69.779998779296880,,,,,,,,,,,,,,,,,,,,,,,,,,,,,,,,,,,,,,,,,,,,,,,,,,,,,,,,,,,,,,,,,,,,,,,,,,,,,,,,,,,,,,,,,,,,,,,,,,,,,,,,,,,,,,,,,,,,,,,,,,,,,,,,,,,,,,,,,,,,,0.19700952673191305,0.2882604157050074,0.3016968532172578,0.28129016785861555,,,,-0.012654513132921274,,,,,,,,69.18994941975141,69.18994941975141,68.02129768799058,68.02129768799058,70.14775075293072,70.14775075293072,72.40455932681938,72.40455932681938,,,,,0.01822179380113958,,0.47408246908501894,0.47408246908501894,0.006437220187645227,0.006437220187645227,57.54727165426045,57.54727165426045,,69.06799926757813,69.06799926757813,66.79333332606724,66.79333332606724,70.47000019134038,70.47000019134038,73.72996038103861,73.72996038103861,68.63380027770997,73.99585008621216,0,72166474.737548833296000,88664266.33372231,,,,,,,
2026-04-28,,,,,,,69.970001220703120,69.985000610351560,67.120002746582030,67.510002136230470,989800,,,,,67.510002136230470,,,,,,,,,,,,,,,,,,,,,,,,,,,,,,,,,,,,,,,,,,,,,,,,,,,,,,,,,,,,,,,,,,,,,,,,,,,,,,,,,,,,,,,,,,,,,,,,,,,,,,,,,,,,,,,,,,,,,,,,,,,,,,,,,,,,,,,,,,,,,0.2952847314902942,0.2920597626453938,0.30644562573081147,0.2823916426189613,,,,0.005304471033786063,,,,,,,,68.62996699191109,68.62996699191109,67.97481627419421,67.97481627419421,70.06532110865884,70.06532110865884,72.36586717511513,72.36586717511513,,,,,-0.03307165156808248,,0.35824700944237975,0.35824700944237975,0.07679917803859213,0.07679917803859213,47.93077912080742,47.93077912080742,,68.7759994506836,68.7759994506836,67.01952398390998,67.01952398390998,70.30968275524322,70.30968275524322,73.73567467644101,73.73567467644101,68.47300025939941,73.96440008163452,0,66821400.114440919206000,88749870.8516802,,,,,,,
2026-04-29,,,,,,,67.000000000000000,67.220001220703120,66.239997863769530,66.489997863769530,1092900,,,,,66.489997863769530,,,,,,,,,,,,,,,,,,,,,,,,,,,,,,,,,,,,,,,,,,,,,,,,,,,,,,,,,,,,,,,,,,,,,,,,,,,,,,,,,,,,,,,,,,,,,,,,,,,,,,,,,,,,,,,,,,,,,,,,,,,,,,,,,,,,,,,,,,,,,0.2974624909186615,0.29764485726628565,0.30678173808367215,0.28280635210465005,,,,-0.015449730609913667,,,,,,,,67.91664394919724,67.91664394919724,67.83983278233741,67.83983278233741,69.95359225725605,69.95359225725605,72.31941761534164,72.31941761534164,,,,,-0.015224238411184336,,0.18204228275176604,0.18204228275176604,0.09784779898122692,0.09784779898122692,44.34488889206071,44.34488889206071,,68.25199890136719,68.25199890136719,67.16428575061616,67.16428575061616,70.1492065550789,70.1492065550789,73.73734133584159,73.73734133584159,68.32820014953613,73.92650007247924,0,72666918.665313719337000,88433323.55818975,,,,,,,
2026-04-30,,,,,,,66.819999694824220,68.599998474121100,65.440002441406250,67.360000610351560,1908800,,,,,67.360000610351560,,,,,,,,,,,,,,,,,,,,,,,,,,,,,,,,,,,,,,,,,,,,,,,,,,,,,,,,,,,,,,,,,,,,,,,,,,,,,,,,,,,,,,,,,,,,,,,,,,,,,,,,,,,,,,,,,,,,,,,,,,,,,,,,,,,,,,,,,,,,,0.33273066876337865,0.28469238768025057,0.3082876438584448,0.28309138209162055,,,,-0.06202308243461002,,,,,,,,67.73109616958202,67.73109616958202,67.79621167579324,67.79621167579324,69.87254251829029,69.87254251829029,72.28021273783183,72.28021273783183,,,,,0.012999850709344576,,0.11131751902918552,0.11131751902918552,0.10054174299081864,0.10054174299081864,47.92360101219323,47.92360101219323,,67.93199920654297,67.93199920654297,67.26238087245396,67.26238087245396,70.00380979265485,70.00380979265485,73.74174610016838,73.74174610016838,68.17720008850098,73.89490007400512,0,128576769.165039057728000,89205085.8545818,,,,,,,
2026-05-01,,,,,,,66.940002441406250,67.519996643066400,66.360000610351560,66.629997253417970,1345400,,,,,66.629997253417970,,,,,,,,,,,,,,,,,,,,,,,,,,,,,,,,,,,,,,,,,,,,,,,,,,,,,,,,,,,,,,,,,,,,,,,,,,,,,,,,,,,,,,,,,,,,,,,,,,,,,,,,,,,,,,,,,,,,,,,,,,,,,,,,,,,,,,,,,,,,,0.3357001084977741,0.2822960825642202,0.3083670902638366,0.28329653848923414,,,,-0.03042921386715765,,,,,,,,67.36406319752733,67.36406319752733,67.69019218285004,67.69019218285004,69.77121297876302,69.77121297876302,72.23554700277718,72.23554700277718,,,,,-0.010896493642067162,,-0.0035960823781238105,-0.0035960823781238105,0.07971417791703014,0.07971417791703014,45.291930815219615,45.291930815219615,,67.55399932861329,67.55399932861329,67.37095224289666,67.37095224289666,69.8396827455551,69.8396827455551,73.74376988789392,73.74376988789392,68.03760002136231,73.86290006637573,0,89643998.304748536838000,88980604.08726041,,,,,,,
2026-05-04,,,,,,,66.260002136230470,68.250000000000000,66.260002136230470,67.440002441406250,1572600,,,,,67.440002441406250,,,,,,,,,,,,,,,,,,,,,,,,,,,,,,,,,,,,,,,,,,,,,,,,,,,,,,,,,,,,,,,,,,,,,,,,,,,,,,,,,,,,,,,,,,,,,,,,,,,,,,,,,,,,,,,,,,,,,,,,,,,,,,,,,,,,,,,,,,,,,0.310118747063154,0.2798013648258658,0.3096934240051936,0.2834482755660091,,,,-0.01741584463463864,,,,,,,,67.38937627882031,67.38937627882031,67.6674476609006,67.6674476609006,69.69836264947062,69.69836264947062,72.19763755960429,72.19763755960429,,,,,0.01208346454171695,,-0.02897132680500647,-0.02897132680500647,0.057977076972622825,0.057977076972622825,48.66076065195269,48.66076065195269,,67.08600006103515,67.08600006103515,67.555238087972,67.555238087972,69.68936526586138,69.68936526586138,73.75099210890512,73.75099210890512,67.92760002136231,73.830800075531,0,106056147.839355468750000,89523203.28435746,,,,,,,
2026-05-05,,,,,,,67.680000305175780,69.190002441406250,67.029998779296880,69.040000915527340,1944100,,,,,69.040000915527340,,,,,,,,,,,,,,,,,,,,,,,,,,,,,,,,,,,,,,,,,,,,,,,,,,,,,,,,,,,,,,,,,,,,,,,,,,,,,,,,,,,,,,,,,,,,,,,,,,,,,,,,,,,,,,,,,,,,,,,,,,,,,,,,,,,,,,,,,,,,,0.2650220567329983,0.28703219495797816,0.31267358297848086,0.28282712692087336,,,,0.052546985442651364,,,,,,,,67.93958449105598,67.93958449105598,67.79222522950303,67.79222522950303,69.6777888452849,69.6777888452849,72.17267600510566,72.17267600510566,,,,,0.023447710141237664,,0.0791131471700055,0.0791131471700055,0.06220429101209936,0.06220429101209936,54.60688666885111,54.60688666885111,,67.39199981689453,67.39199981689453,67.83095241728283,67.83095241728283,69.58285734388564,69.58285734388564,73.75662702227396,73.75662702227396,67.85540000915528,73.80960008621216,0,134220665.779876701694000,90311231.70943487,,,,,,,
2026-05-06,,,,,,,68.010002136230470,72.760002136230470,67.760002136230470,70.989997863769530,2686800,,,,,70.989997863769530,,,,,,,,,,,,,,,,,,,,,,,,,,,,,,,,,,,,,,,,,,,,,,,,,,,,,,,,,,,,,,,,,,,,,,,,,,,,,,,,,,,,,,,,,,,,,,,,,,,,,,,,,,,,,,,,,,,,,,,,,,,,,,,,,,,,,,,,,,,,,0.23832907248227864,0.2918316220698281,0.3173793008136089,0.28397076386650144,,,,0.10715106977505245,,,,,,,,68.95638894862716,68.95638894862716,68.08293183261817,68.08293183261817,69.71879537711254,69.71879537711254,72.1633267707868,72.1633267707868,,,,,0.027852931923305523,,0.31844845288289036,0.31844845288289036,0.11345312338625756,0.11345312338625756,60.59673631092484,60.59673631092484,,68.29199981689453,68.29199981689453,68.23571414039249,68.23571414039249,69.49555575658404,69.49555575658404,73.77289685748872,73.77289685748872,67.80680000305176,73.80285009384156,0,190735926.260375973204000,91450575.86154029,,,,,,,
2026-05-07,,,,,,,71.360000610351560,72.260002136230470,70.510002136230470,71.650001525878900,1698500,,,,,71.650001525878900,,,,,,,,,,,,,,,,,,,,,,,,,,,,,,,,,,,,,,,,,,,,,,,,,,,,,,,,,,,,,,,,,,,,,,,,,,,,,,,,,,,,,,,,,,,,,,,,,,,,,,,,,,,,,,,,,,,,,,,,,,,,,,,,,,,,,,,,,,,,,0.2399040275804763,0.2592580847891179,0.31770907127655107,0.28327513928021575,,,,0.07831405377618805,,,,,,,,69.85425980771107,69.85425980771107,68.40721089564187,68.40721089564187,69.77914556926149,69.77914556926149,72.15926886371243,72.15926886371243,,,,,0.009254183611164158,,0.554982691625284,0.554982691625284,0.20175903703406284,0.20175903703406284,62.404965737184455,62.404965737184455,,69.15,69.15,68.54047611781529,68.54047611781529,69.41095255291651,69.41095255291651,73.79742066822355,73.79742066822355,67.73819999694824,73.79650011062623,0,121697527.591705311650000,92091462.40194412,,,,,,,
2026-05-08,,,,,,,71.860000610351560,73.400001525878900,71.500000000000000,73.379997253417970,1681800,,,,,73.379997253417970,,,,,,,,,,,,,,,,,,,,,,,,,,,,,,,,,,,,,,,,,,,,,,,,,,,,,,,,,,,,,,,,,,,,,,,,,,,,,,,,,,,,,,,,,,,,,,,,,,,,,,,,,,,,,,,,,,,,,,,,,,,,,,,,,,,,,,,,,,,,,0.128996907716562,0.2659265479950881,0.32008382315201017,0.28424822666137983,,,,0.11342350304899677,,,,,,,,71.02950562294671,71.02950562294671,68.85928238271242,68.85928238271242,69.89167218439138,69.89167218439138,72.16891889050852,72.16891889050852,,,,,0.023858205927095977,,0.871982307747075,0.871982307747075,0.33580369117666525,0.33580369117666525,66.71651629197615,66.71651629197615,,70.5,70.5,68.88333311535064,68.88333311535064,69.33571437048533,69.33571437048533,73.82873018961104,73.82873018961104,67.66699989318847,73.79140008926392,0,123410479.380798341946000,92982222.86249797,,,,,,,
2026-05-11,,,,,,,73.099998474121100,74.199996948242190,72.599998474121100,74.120002746582030,1989100,,,,,74.120002746582030,,,,,,,,,,,,,,,,,,,,,,,,,,,,,,,,,,,,,,,,,,,,,,,,,,,,,,,,,,,,,,,,,,,,,,,,,,,,,,,,,,,,,,,,,,,,,,,,,,,,,,,,,,,,,,,,,,,,,,,,,,,,,,,,,,,,,,,,,,,,,0.1368034987103685,0.2634708045319808,0.3208427577704454,0.2839110262472756,,,,0.20759071639925977,,,,,,,,72.05967133082515,72.05967133082515,69.33752968851876,69.33752968851876,70.02380751445983,70.02380751445983,72.18434247830356,72.18434247830356,,,,,0.010034056975478262,,1.1694384872658645,1.1694384872658645,0.5025306503945052,0.5025306503945052,68.38663857561986,68.38663857561986,,71.83600006103515,71.83600006103515,69.27999986921039,69.27999986921039,69.27301600622752,69.27301600622752,73.85845243363153,73.85845243363153,67.66540000915528,73.79235010147094,0,147432097.463226315873000,94306141.76271227,,,,,,,
2026-05-12,,,,,,,74.110000610351560,75.910003662109380,73.569999694824220,75.099998474121100,2319000,,,,,75.099998474121100,,,,,,,,,,,,,,,,,,,,,,,,,,,,,,,,,,,,,,,,,,,,,,,,,,,,,,,,,,,,,,,,,,,,,,,,,,,,,,,,,,,,,,,,,,,,,,,,,,,,,,,,,,,,,,,,,,,,,,,,,,,,,,,,,,,,,,,,,,,,,0.13473024588789342,0.2562434407877391,0.31593169113206626,0.2793313831924165,,,,0.18137445940728472,,,,,,,,73.0731137119238,73.0731137119238,69.86139048720987,69.86139048720987,70.18243848194925,70.18243848194925,72.20739114230211,72.20739114230211,,,,,0.01313509997908621,,1.4673375635898083,1.4673375635898083,0.6954920330335658,0.6954920330335658,70.49791966333245,70.49791966333245,,73.04799957275391,73.04799957275391,69.6461900983538,69.6461900983538,69.18793663146003,69.18793663146003,73.87777781108069,73.87777781108069,67.7073999786377,73.79410009384155,0,174156896.461486830900000,95493520.96258496,,,,,,,
2026-05-13,,,,,,,74.629997253417970,75.400001525878900,74.010002136230470,74.410003662109380,2454800,,,,,74.410003662109380,,,,,,,,,,,,,,,,,,,,,,,,,,,,,,,,,,,,,,,,,,,,,,,,,,,,,,,,,,,,,,,,,,,,,,,,,,,,,,,,,,,,,,,,,,,,,,,,,,,,,,,,,,,,,,,,,,,,,,,,,,,,,,,,,,,,,,,,,,,,,0.1895817481580913,0.25164300329431294,0.3150795526808211,0.2722851257419865,,,,0.1085870498713796,,,,,,,,73.51874369531899,73.51874369531899,70.27490077583711,70.27490077583711,70.31454989382925,70.31454989382925,72.22480309898044,72.22480309898044,,,,,-0.009230147827673493,,1.6289701590268209,1.6289701590268209,0.8821876582322168,0.8821876582322168,67.10006612162499,67.10006612162499,,73.73200073242188,73.73200073242188,69.9028570992606,69.9028570992606,69.07555577111623,69.07555577111623,73.8762301944551,73.8762301944551,67.779400100708,73.79730012893677,0,182661676.989746106024000,97449827.62206547,,,,,,,
2026-05-14,,,,,,,73.879997253417970,75.230003356933600,73.665000915527340,74.419998168945310,1791300,,,,,74.419998168945310,,,,,,,,,,,,,,,,,,,,,,,,,,,,,,,,,,,,,,,,,,,,,,,,,,,,,,,,,,,,,,,,,,,,,,,,,,,,,,,,,,,,,,,,,,,,,,,,,,,,,,,,,,,,,,,,,,,,,,,,,,,,,,,,,,,,,,,,,,,,,0.2007796943561113,0.25179217730261555,0.28219520720820473,0.2717344573120838,,,,0.09743831133617964,,,,,,,,73.81916185319443,73.81916185319443,70.65172781157422,70.65172781157422,70.44284515242663,70.44284515242663,72.24215641969163,72.24215641969163,,,,,0.00013430768968614482,,1.7378389034726212,1.7378389034726212,1.0533179072802976,1.0533179072802976,67.12478320410621,67.12478320410621,,74.28600006103515,74.28600006103515,70.15619041806175,70.15619041806175,69.05127007620675,69.05127007620675,73.8798016290816,73.8798016290816,67.85980003356934,73.80165010452271,0,133308542.720031733803000,98009705.18808517,,,,,,,
2026-05-15,,,,,,,74.790000915527340,75.860000610351560,74.029998779296880,74.260002136230470,1667500,,,,,74.260002136230470,,,,,,,,,,,,,,,,,,,,,,,,,,,,,,,,,,,,,,,,,,,,,,,,,,,,,,,,,,,,,,,,,,,,,,,,,,,,,,,,,,,,,,,,,,,,,,,,,,,,,,,,,,,,,,,,,,,,,,,,,,,,,,,,,,,,,,,,,,,,,0.14519673239398692,0.251468929598435,0.28204115496087373,0.26972260952788085,,,,0.0920155758397741,,,,,,,,73.96610861420645,73.96610861420645,70.97975275017933,70.97975275017933,70.5621313081705,70.5621313081705,72.25810776922948,72.25810776922948,,,,,-0.002152220798300137,,1.7905672800899737,1.7905672800899737,1.2007677818422329,1.2007677818422329,66.26650365050747,66.26650365050747,,74.46200103759766,74.46200103759766,70.41238112676712,70.41238112676712,69.03079387119838,69.03079387119838,73.89218259236169,73.89218259236169,67.92940010070801,73.80805009841919,0,123828553.562164308725000,98324770.0192285,,,,,,,
2026-05-18,,,,,,,74.430000305175780,76.466003417968750,74.224998474121100,76.129997253417970,1519500,,,,,76.129997253417970,,,,,,,,,,,,,,,,,,,,,,,,,,,,,,,,,,,,,,,,,,,,,,,,,,,,,,,,,,,,,,,,,,,,,,,,,,,,,,,,,,,,,,,,,,,,,,,,,,,,,,,,,,,,,,,,,,,,,,,,,,,,,,,,,,,,,,,,,,,,,0.21558105062736954,0.25339991928297756,0.2821298309463279,0.2697117743147352,,,,0.12830331440510676,,,,,,,,74.68740482727695,74.68740482727695,71.44795679592829,71.44795679592829,70.73612711895949,70.73612711895949,72.28871559123887,72.28871559123887,,,,,0.024869891724754966,,1.96064676080411,1.96064676080411,1.3527435776346084,1.3527435776346084,70.9429256711505,70.9429256711505,,74.86399993896484,74.86399993896484,70.68142845517113,70.68142845517113,69.06888901241241,69.06888901241241,73.90484130193316,73.90484130193316,68.06379997253418,73.83190008163452,0,115679530.826568605415000,98126824.1778298,,,,,,,
2026-05-19,,,,,,,75.870002746582030,76.453002929687500,74.709999084472660,74.730003356933600,1350100,,,,,74.730003356933600,,,,,,,,,,,,,,,,,,,,,,,,,,,,,,,,,,,,,,,,,,,,,,,,,,,,,,,,,,,,,,,,,,,,,,,,,,,,,,,,,,,,,,,,,,,,,,,,,,,,,,,,,,,,,,,,,,,,,,,,,,,,,,,,,,,,,,,,,,,,,0.2569487287781989,0.26287893782324917,0.28291099645002465,0.26989460169454493,,,,0.10661138124399108,,,,,,,,74.70160433716251,74.70160433716251,71.74632466511059,71.74632466511059,70.86093575139618,70.86093575139618,72.30801430875425,72.30801430875425,,,,,-0.018560706377567612,,1.9598759375893167,1.9598759375893167,1.4741700496255499,1.4741700496255499,63.81083108006734,63.81083108006734,,74.79000091552734,74.79000091552734,70.9047619047619,70.9047619047619,69.06603186471122,69.06603186471122,73.90730163029262,73.90730163029262,68.18640007019043,73.84690008163452,0,100892977.532196053360000,98314641.22827923,,,,,,,
2026-05-20,,,,,,,74.489997863769530,76.300003051757810,72.741996765136720,76.129997253417970,1348000,,,,,76.129997253417970,,,,,,,,,,,,,,,,,,,,,,,,,,,,,,,,,,,,,,,,,,,,,,,,,,,,,,,,,,,,,,,,,,,,,,,,,,,,,,,,,,,,,,,,,,,,,,,,,,,,,,,,,,,,,,,,,,,,,,,,,,,,,,,,,,,,,,,,,,,,,0.2758374083779777,0.25908881525130634,0.28305553841867764,0.2696228724712774,,,,0.16431029493479815,,,,,,,,75.17773530924765,75.17773530924765,72.14484035495673,72.14484035495673,71.02559392333436,71.02559392333436,72.33822761266464,72.33822761266464,,,,,0.018560706377567546,,2.048617672538441,2.048617672538441,1.5890595742081282,1.5890595742081282,67.34613882876141,67.34613882876141,,75.13399963378906,75.13399963378906,71.24571409679595,71.24571409679595,69.10603181142656,69.10603181142656,73.90873020414323,73.90873020414323,68.35700004577637,73.8614500617981,0,102623236.297607423560000,98967138.98681156,,,,,,,
2026-05-21,,,,,,,75.389999389648440,76.949996948242190,74.709999084472660,76.750000000000000,1216900,,,,,76.750000000000000,,,,,,,,,,,,,,,,,,,,,,,,,,,,,,,,,,,,,,,,,,,,,,,,,,,,,,,,,,,,,,,,,,,,,,,,,,,,,,,,,,,,,,,,,,,,,,,,,,,,,,,,,,,,,,,,,,,,,,,,,,,,,,,,,,,,,,,,,,,,,0.27355906705745286,0.25915424747956406,0.28276114146909764,0.2693633838421935,,,,0.20196324808395089,,,,,,,,75.70182353949843,75.70182353949843,72.56349123177884,72.56349123177884,71.20448161323016,71.20448161323016,72.37310328371076,72.37310328371076,,,,,0.008111017226711552,,2.144257511071629,2.144257511071629,1.7000991615808283,1.7000991615808283,68.79978387397665,68.79978387397665,,75.6,75.6,71.6095235915411,71.6095235915411,69.16650796315027,69.16650796315027,73.91686513688829,73.91686513688829,68.53959999084472,73.88305006027221,0,93397075.000000000000000,99161720.19767156,,,,,,,
2026-05-22,,,,,,,76.790000915527340,77.500000000000000,75.910003662109380,76.830001831054690,1629300,,,,,76.830001831054690,,,,,,,,,,,,,,,,,,,,,,,,,,,,,,,,,,,,,,,,,,,,,,,,,,,,,,,,,,,,,,,,,,,,,,,,,,,,,,,,,,,,,,,,,,,,,,,,,,,,,,,,,,,,,,,,,,,,,,,,,,,,,,,,,,,,,,,,,,,,,0.26833035423436913,0.25827200523577787,0.2825935613311192,0.26805535238676487,,,,0.1942792626943968,,,,,,,,76.07788297001719,76.07788297001719,72.951355831713,72.951355831713,71.38027912003717,71.38027912003717,72.40833568329451,72.40833568329451,,,,,0.0010418262447849608,,2.201134937914574,2.201134937914574,1.8003063168475775,1.8003063168475775,68.99160398115136,68.99160398115136,,76.11399993896484,76.11399993896484,71.98428562709263,71.98428562709263,69.23285717434354,69.23285717434354,73.93301592932806,73.93301592932806,68.75379997253418,73.90435007095337,0,125179121.983337406417000,100104260.1278517,,,,,,,
2026-05-26,,,,,,,75.589996337890620,76.639999389648440,74.690002441406250,76.269996643066400,1068800,,,,,76.269996643066400,,,,,,,,,,,,,,,,,,,,,,,,,,,,,,,,,,,,,,,,,,,,,,,,,,,,,,,,,,,,,,,,,,,,,,,,,,,,,,,,,,,,,,,,,,,,,,,,,,,,,,,,,,,,,,,,,,,,,,,,,,,,,,,,,,,,,,,,,,,,,0.22571912671907113,0.25880610697084416,0.28237066245913994,0.26815655793878296,,,,0.2073208050777356,,,,,,,,76.1419208610336,76.1419208610336,73.25305045092695,73.25305045092695,71.53308279263184,71.53308279263184,72.43886264740338,72.43886264740338,,,,,-0.007315580549759397,,2.1759400871068095,2.1759400871068095,1.8754330708994238,1.8754330708994238,65.93573866390321,65.93573866390321,,76.14199981689453,76.14199981689453,72.35333324614025,72.35333324614025,69.27809524536133,69.27809524536133,73.94734129830012,73.94734129830012,68.94399986267089,73.92595006942749,0,81517372.412109368320000,100481019.395362,,,,,,,
2026-05-27,,,,,,,77.069999694824220,77.819999694824220,75.739997863769530,75.889999389648440,2767600,,,,,75.889999389648440,,,,,,,,,,,,,,,,,,,,,,,,,,,,,,,,,,,,,,,,,,,,,,,,,,,,,,,,,,,,,,,,,,,,,,,,,,,,,,,,,,,,,,,,,,,,,,,,,,,,,,,,,,,,,,,,,,,,,,,,,,,,,,,,,,,,,,,,,,,,,0.16694418869418087,0.2564628568545149,0.27908597381639677,0.2669370877018832,,,,0.11133452010717232,,,,,,,,76.05794703723855,76.05794703723855,73.49277308171982,73.49277308171982,71.66923643628861,71.66923643628861,72.46614436078082,72.46614436078082,,,,,-0.004994716789093007,,2.101090322388117,2.101090322388117,1.9205645211971625,1.9205645211971625,63.86846700739684,63.86846700739684,,76.3739990234375,76.3739990234375,72.644285656157,72.644285656157,69.290952349466,69.290952349466,73.96750003572494,73.96750003572494,69.1189998626709,73.93845006942749,0,210033162.310791022544000,102271329.61661929,,,,,,,
2026-05-28,,,,,,,74.849998474121100,76.900001525878900,74.150001525878900,75.940002441406250,1591100,,,,,75.940002441406250,,,,,,,,,,,,,,,,,,,,,,,,,,,,,,,,,,,,,,,,,,,,,,,,,,,,,,,,,,,,,,,,,,,,,,,,,,,,,,,,,,,,,,,,,,,,,,,,,,,,,,,,,,,,,,,,,,,,,,,,,,,,,,,,,,,,,,,,,,,,,0.09542018080769461,0.21890062996800536,0.2746871672535431,0.2658726432732914,,,,0.1422702119089749,,,,,,,,76.01863217196112,76.01863217196112,73.71524847805495,73.71524847805495,71.80269787394853,71.80269787394853,72.49360568948141,72.49360568948141,,,,,0.0006586715795639412,,2.0224921425078435,2.0224921425078435,1.9409500454592987,1.9409500454592987,64.02828972012374,64.02828972012374,,76.33600006103515,76.33600006103515,73.04571424211774,73.04571424211774,69.27507933359297,69.27507933359297,73.98103179628887,73.98103179628887,69.26439994812011,73.95885007858277,0,120828137.884521484375000,101849771.9849965,,,,,,,
