"m_date","m_open","m_high","m_low","m_close","m_volume","m_vwap","m_open_split_adjusted","m_high_split_adjusted","m_low_split_adjusted","m_close_split_adjusted","m_volume_split_adjusted","m_vwap_split_adjusted","m_open_dividend_and_split_adjusted","m_high_dividend_and_split_adjusted","m_low_dividend_and_split_adjusted","m_close_dividend_and_split_adjusted","m_volume_dividend_and_split_adjusted","m_vwap_dividend_and_split_adjusted","f_accepted_date","f_filing_date","f_fiscal_period","f_fiscal_year","f_period_end_date","f_reported_currency","fbs_accumulated_other_comprehensive_income_after_tax","fbs_additional_paid_in_capital","fbs_assets","fbs_capital_lease_obligations","fbs_cash_and_cash_equivalents","fbs_cash_and_shortterm_investments","fbs_common_stock_value","fbs_current_accounts_payable","fbs_current_accounts_receivable_after_doubtful_accounts","fbs_current_accrued_expenses","fbs_current_assets","fbs_current_capital_lease_obligations","fbs_current_liabilities","fbs_current_net_receivables","fbs_current_tax_payables","fbs_deferred_revenue","fbs_goodwill","fbs_investments","fbs_liabilities","fbs_longterm_debt","fbs_longterm_investments","fbs_net_debt","fbs_net_intangible_assets_excluding_goodwill","fbs_net_intangible_assets_including_goodwill","fbs_net_inventory","fbs_net_property_plant_and_equipment","fbs_noncontrolling_interest","fbs_noncurrent_assets","fbs_noncurrent_capital_lease_obligations","fbs_noncurrent_deferred_revenue","fbs_noncurrent_deferred_tax_assets","fbs_noncurrent_deferred_tax_liabilities","fbs_noncurrent_liabilities","fbs_other_assets","fbs_other_current_assets","fbs_other_current_liabilities","fbs_other_liabilities","fbs_other_noncurrent_assets","fbs_other_noncurrent_liabilities","fbs_other_payables","fbs_other_receivables","fbs_other_stockholder_equity","fbs_preferred_stock_value","fbs_prepaid_expenses","fbs_retained_earnings","fbs_shortterm_debt","fbs_shortterm_investments","fbs_stockholder_equity","fbs_total_debt_including_capital_lease_obligations","fbs_total_equity_including_noncontrolling_interest","fbs_total_liabilities_and_equity","fbs_total_payables_current_and_noncurrent","fbs_treasury_stock_value","fcf_accounts_payable_change","fcf_accounts_receivable_change","fcf_capital_expenditure","fcf_cash_and_cash_equivalents_change","fcf_cash_exchange_rate_effect","fcf_common_stock_dividend_payments","fcf_common_stock_issuance_proceeds","fcf_common_stock_repurchase","fcf_deferred_income_tax","fcf_depreciation_and_amortization","fcf_dividend_payments","fcf_free_cash_flow","fcf_interest_payments","fcf_inventory_change","fcf_investment_sales_maturities_and_collections_proceeds","fcf_investments_purchase","fcf_net_business_acquisition_payments","fcf_net_cash_from_operating_activities","fcf_net_cash_from_investing_activities","fcf_net_cash_from_financing_activities","fcf_net_common_stock_issuance_proceeds","fcf_net_debt_issuance_proceeds","fcf_net_income","fcf_net_income_tax_payments","fcf_net_longterm_debt_issuance_proceeds","fcf_net_shortterm_debt_issuance_proceeds","fcf_net_stock_issuance_proceeds","fcf_other_financing_activities","fcf_other_investing_activities","fcf_other_noncash_items","fcf_other_working_capital","fcf_period_end_cash","fcf_period_start_cash","fcf_preferred_stock_dividend_payments","fcf_preferred_stock_issuance_proceeds","fcf_property_plant_and_equipment_purchase","fcf_stock_based_compensation","fcf_working_capital_change","fis_basic_earnings_per_share","fis_basic_net_income_available_to_common_stockholders","fis_continuing_operations_income_after_tax","fis_costs_and_expenses","fis_cost_of_revenue","fis_depreciation_and_amortization","fis_diluted_earnings_per_share","fis_discontinued_operations_income_after_tax","fis_earnings_before_interest_and_tax","fis_earnings_before_interest_tax_depreciation_and_amortization","fis_general_and_administrative_expense","fis_gross_profit","fis_income_before_tax","fis_income_tax_expense","fis_interest_expense","fis_interest_income","fis_net_income","fis_net_income_deductions","fis_net_interest_income","fis_net_total_other_income","fis_nonoperating_income_excluding_interest","fis_operating_expenses","fis_operating_income","fis_other_expenses","fis_other_net_income_adjustments","fis_research_and_development_expense","fis_revenues","fis_selling_and_marketing_expense","fis_selling_general_and_administrative_expense","fis_weighted_average_basic_shares_outstanding","fis_weighted_average_diluted_shares_outstanding","d_declaration_date_dividend","d_declaration_date_dividend_split_adjusted","d_ex_dividend_date_dividend","d_ex_dividend_date_dividend_split_adjusted","d_record_date_dividend","d_record_date_dividend_split_adjusted","d_payment_date_dividend","d_payment_date_dividend_split_adjusted","s_split_date_numerator","s_split_date_denominator","c_annualized_volatility_5d_log_returns_dividend_and_split_adjusted","c_annualized_volatility_21d_log_returns_dividend_and_split_adjusted","c_annualized_volatility_63d_log_returns_dividend_and_split_adjusted","c_annualized_volatility_252d_log_returns_dividend_and_split_adjusted","c_book_to_price","c_book_value_per_share","c_chaikin_money_flow_21d_dividend_and_split_adjusted","c_chaikin_money_flow_21d_split_adjusted","c_daily_traded_value","c_daily_traded_value_sma_5d","c_daily_traded_value_sma_21d","c_daily_traded_value_sma_63d","c_daily_traded_value_sma_252d","c_earnings_per_share","c_earnings_to_price","c_exponential_moving_average_5d_close_dividend_and_split_adjusted","c_exponential_moving_average_5d_close_split_adjusted","c_exponential_moving_average_21d_close_dividend_and_split_adjusted","c_exponential_moving_average_21d_close_split_adjusted","c_exponential_moving_average_63d_close_dividend_and_split_adjusted","c_exponential_moving_average_63d_close_split_adjusted","c_exponential_moving_average_252d_close_dividend_and_split_adjusted","c_exponential_moving_average_252d_close_split_adjusted","c_last_twelve_months_net_income","c_last_twelve_months_revenue","c_last_twelve_months_revenue_per_share","c_log_difference_high_to_low","c_log_returns_dividend_and_split_adjusted","c_market_cap","c_macd_26d_12d_dividend_and_split_adjusted","c_macd_26d_12d_split_adjusted","c_macd_signal_9d_dividend_and_split_adjusted","c_macd_signal_9d_split_adjusted","c_rsi_14d_dividend_and_split_adjusted","c_rsi_14d_split_adjusted","c_sales_to_price","c_simple_moving_average_5d_close_dividend_and_split_adjusted","c_simple_moving_average_5d_close_split_adjusted","c_simple_moving_average_21d_close_dividend_and_split_adjusted","c_simple_moving_average_21d_close_split_adjusted","c_simple_moving_average_63d_close_dividend_and_split_adjusted","c_simple_moving_average_63d_close_split_adjusted","c_simple_moving_average_252d_close_dividend_and_split_adjusted","c_simple_moving_average_252d_close_split_adjusted","c_sma_50d","c_sma_200d","c_sma_50d_200d_signal","c_daily_traded_value_1d","c_daily_traded_value_63d","c_weighted_average_basic_shares_outstanding_outlier_adjusted","c_weighted_average_diluted_shares_outstanding_outlier_adjusted","c_market_cap_outlier_adjusted","c_split_ratio","c_vwap","c_dividend_split_ratio","c_vwap_dividend_and_split_adjusted"
2024-10-01,,,,,,,10.0000000000000000,11.0000000000000000,6.0799999237060550,8.8000001907348630,324600,,,,,8.8000001907348630,,,,,,,,,,,,,,,,,,,,,,,,,,,,,,,,,,,,,,,,,,,,,,,,,,,,,,,,,,,,,,,,,,,,,,,,,,,,,,,,,,,,,,,,,,,,,,,,,,,,,,,,,,,,,,,,,,,,,,,,,,,,,,,,,,,,,,,,,,,,,,,,,,,,,,,,,,,,,,,,,,,,,,,,,,,,,,,,,,,,,,,,,,,,2856480.0619125365298000,,,,,,,,
2024-10-02,,,,,,,6.7500000000000000,7.4809999465942380,6.0900001525878910,6.3499999046325680,232400,,,,,6.3499999046325680,,,,,,,,,,,,,,,,,,,,,,,,,,,,,,,,,,,,,,,,,,,,,,,,,,,,,,,,,,,,,,,,,,,,,,,,,,,,,,,,,,,,,,,,,,,,,,,,,,,,,,,,,,,,,,,,,,,,,,,,,,,,,,,,,,,,,,,,,,,,,,,,,,,,,,,,,,,,,,,,,,,,,,,,-0.32629694527246983,,,,,,,,,,,,,,,,,,,,1475739.9778366088032000,,,,,,,,
2024-10-03,,,,,,,6.5000000000000000,6.7500000000000000,5.4099998474121090,5.5500001907348630,109900,,,,,5.5500001907348630,,,,,,,,,,,,,,,,,,,,,,,,,,,,,,,,,,,,,,,,,,,,,,,,,,,,,,,,,,,,,,,,,,,,,,,,,,,,,,,,,,,,,,,,,,,,,,,,,,,,,,,,,,,,,,,,,,,,,,,,,,,,,,,,,,,,,,,,,,,,,,,,,,,,,,,,,,,,,,,,,,,,,,,,-0.13465683576112242,,,,,,,,,,,,,,,,,,,,609945.0209617614437000,,,,,,,,
2024-10-04,,,,,,,5.5500001907348630,5.6999998092651370,3.9000000953674316,3.9100000858306885,213200,,,,,3.9100000858306885,,,,,,,,,,,,,,,,,,,,,,,,,,,,,,,,,,,,,,,,,,,,,,,,,,,,,,,,,,,,,,,,,,,,,,,,,,,,,,,,,,,,,,,,,,,,,,,,,,,,,,,,,,,,,,,,,,,,,,,,,,,,,,,,,,,,,,,,,,,,,,,,,,,,,,,,,,,,,,,,,,,,,,,,-0.35026056617612766,,,,,,,,,,,,,,,,,,,,833612.0182991027882000,,,,,,,,
2024-10-07,,,,,,,3.9500000476837160,3.9530000686645510,2.5899999141693115,2.7699999809265137,242000,,,,,2.7699999809265137,,,,,,,,,,,,,,,,,,,,,,,,,,,,,,,,,,,,,,,,,,,,,,,,,,,,,,,,,,,,,,,,,,,,,,,,,,,,,,,,,,,,,,,,,,,,,,,,,,,,,,,,,,,,,,,,,,,,,,,,,,,,,,,,,,,,,,,,,,,,,,,,,,,,,,,,,,,,5.476000070571899,5.476000070571899,,,,,,,,,,,-0.34469008263534495,,,,,,,,,5.476000070571899,5.476000070571899,,,,,,,,,,670339.9953842163154000,,,,,,,,
2024-10-08,,,,,,,2.7899999618530273,2.9000000953674316,2.2200000286102295,2.4100000858306885,203300,,,,,2.4100000858306885,,,,,,,,,,,,,,,,,,,,,,,,,,,,,,,,,,,,,,,,,,,,,,,,,,,,,,,,,,,,,,,,,,,,,,,,,,,,,,,,,,,,,,,,,,,,,,,,,,,,,,,,,,,,,,,,,,,,,,,,,,,,,,,,,,,,,,,,,,,,,1.7749748027538168,,,,,,,,,,,,,,,4.454000075658162,4.454000075658162,,,,,,,,,,,-0.13922053019655536,,,,,,,,,4.198000049591064,4.198000049591064,,,,,,,,,,489953.0174493789720500,,,,,,,,
2024-10-09,,,,,,,2.4000000953674316,2.4300000667572020,1.7699999809265137,1.8489999771118164,196700,,,,,1.8489999771118164,,,,,,,,,,,,,,,,,,,,,,,,,,,,,,,,,,,,,,,,,,,,,,,,,,,,,,,,,,,,,,,,,,,,,,,,,,,,,,,,,,,,,,,,,,,,,,,,,,,,,,,,,,,,,,,,,,,,,,,,,,,,,,,,,,,,,,,,,,,,,1.6793728984826315,,,,,,,,,,,,,,,3.585666709476047,3.585666709476047,,,,,,,,,,,-0.2649818430906511,,,,,,,,,3.297800064086914,3.297800064086914,,,,,,,,,,363698.2954978942858800,,,,,,,,
2024-10-10,,,,,,,1.8999999761581420,2.0699999332427980,1.7500000000000000,1.7699999809265137,138000,,,,,1.7699999809265137,,,,,,,,,,,,,,,,,,,,,,,,,,,,,,,,,,,,,,,,,,,,,,,,,,,,,,,,,,,,,,,,,,,,,,,,,,,,,,,,,,,,,,,,,,,,,,,,,,,,,,,,,,,,,,,,,,,,,,,,,,,,,,,,,,,,,,,,,,,,,2.1267001656996958,,,,,,,,,,,,,,,2.9804444666262024,2.9804444666262024,,,,,,,,,,,-0.043665404216548624,,,,,,,,,2.541800022125244,2.541800022125244,,,,,,,,,,244259.9973678588906000,,,,,,,,
2024-10-11,,,,,,,2.7699999809265137,3.1199998855590820,2.2599999904632570,2.4500000476837160,47353500,,,,,2.4500000476837160,,,,,,,,,,,,,,,,,,,,,,,,,,,,,,,,,,,,,,,,,,,,,,,,,,,,,,,,,,,,,,,,,,,,,,,,,,,,,,,,,,,,,,,,,,,,,,,,,,,,,,,,,,,,,,,,,,,,,,,,,,,,,,,,,,,,,,,,,,,,,4.141919029172268,,,,,,,,,,,,,,,2.8036296603120405,2.8036296603120405,,,,,,,,,,,0.32510850820961984,,,,,,,,,2.2498000144958494,2.2498000144958494,,,,,,,,,,116016077.2579908456060000,,,,,,,,
2024-10-14,,,,,,,2.2400000095367430,2.3399999141693115,2.1600000858306885,2.2300000190734863,1900000,,,,,2.2300000190734863,,,,,,,,,,,,,,,,,,,,,,,,,,,,,,,,,,,,,,,,,,,,,,,,,,,,,,,,,,,,,,,,,,,,,,,,,,,,,,,,,,,,,,,,,,,,,,,,,,,,,,,,,,,,,,,,,,,,,,,,,,,,,,,,,,,,,,,,,,,,,3.519774247262353,,,,,,,,,,,,,,,2.612419779899189,2.612419779899189,,,,,,,,,,,-0.09408644999421638,,,,,,,,,2.1418000221252442,2.1418000221252442,,,,,,,,,,4237000.0362396239700000,,,,,,,,
2024-10-15,,,,,,,2.1600000858306885,2.2500000000000000,1.8810000419616700,1.9700000286102295,829000,,,,,1.9700000286102295,,,,,,,,,,,,,,,,,,,,,,,,,,,,,,,,,,,,,,,,,,,,,,,,,,,,,,,,,,,,,,,,,,,,,,,,,,,,,,,,,,,,,,,,,,,,,,,,,,,,,,,,,,,,,,,,,,,,,,,,,,,,,,,,,,,,,,,,,,,,,3.4951862871763835,,,,,,,,,,,,,,,2.398279862802869,2.398279862802869,,,,,,,,,,,-0.1239680367523041,,,,,,,,,2.0538000106811523,2.0538000106811523,,,,,,,,,,1633130.0237178802555000,,,,,,,,
2024-10-16,,,,,,,2.0000000000000000,2.5000000000000000,1.9700000286102295,2.4600000381469727,1006500,,,,,2.4600000381469727,,,,,,,,,,,,,,,,,,,,,,,,,,,,,,,,,,,,,,,,,,,,,,,,,,,,,,,,,,,,,,,,,,,,,,,,,,,,,,,,,,,,,,,,,,,,,,,,,,,,,,,,,,,,,,,,,,,,,,,,,,,,,,,,,,,,,,,,,,,,,3.2227536384125544,,,,,,,,,,,,,,,2.418853254584237,2.418853254584237,,,,,,,,,,,0.22212780817831457,,,,,,,,,2.1760000228881835,2.1760000228881835,,,,,,,,,,2475990.0383949280225500,,,,,,,,
2024-10-17,,,,,,,2.4400000572204590,2.5999999046325684,2.1700000762939453,2.1700000762939453,497900,,,,,2.1700000762939453,,,,,,,,,,,,,,,,,,,,,,,,,,,,,,,,,,,,,,,,,,,,,,,,,,,,,,,,,,,,,,,,,,,,,,,,,,,,,,,,,,,,,,,,,,,,,,,,,,,,,,,,,,,,,,,,,,,,,,,,,,,,,,,,,,,,,,,,,,,,,3.429479263354575,,,,,,,,,,,,,,,2.33590219515414,2.33590219515414,,,,,,,,,,,-0.12543416274030303,,,,,,,,,2.25600004196167,2.25600004196167,,,,,,,,,,1080443.0379867553648700,,,,,,,,
2024-10-18,,,,,,,2.2000000476837160,2.2400000095367430,2.0999999046325684,2.1400001049041750,310600,,,,,2.1400001049041750,,,,,,,,,,,,,,,,,,,,,,,,,,,,,,,,,,,,,,,,,,,,,,,,,,,,,,,,,,,,,,,,,,,,,,,,,,,,,,,,,,,,,,,,,,,,,,,,,,,,,,,,,,,,,,,,,,,,,,,,,,,,,,,,,,,,,,,,,,,,,2.3253360505441933,,,,,,,,,,,,,,,2.2706014984041514,2.2706014984041514,,,,,,,,,,,-0.013921324656466415,,,,,,,,,2.1940000534057615,2.1940000534057615,,,,,,,,,,664684.0325832367550000,,,,,,,,
2024-10-21,,,,,,,2.1199998855590820,2.1900000572204590,1.9700000286102295,2.0199999809265137,211400,,,,,2.0199999809265137,,,,,,,,,,,,,,,,,,,,,,,,,,,,,,,,,,,,,,,,,,,,,,,,,,,,,,,,,,,,,,,,,,,,,,,,,,,,,,,,,,,,,,,,,,,,,,,,,,,,,,,,,,,,,,,,,,,,,,,,,,,,,,,,,,,,,,,,,,,,,2.273025301366856,,,,,,,,,,,,,,,2.187067659244939,2.187067659244939,,,,,,,,,,,-0.05770837608360796,,,,,,12.828947695200892,12.828947695200892,,2.1520000457763673,2.1520000457763673,,,,,,,,,,427027.9959678649961800,,,,,,,,
2024-10-22,,,,,,,2.0499999523162840,2.0799999237060547,1.8600000143051147,1.9099999666213990,184200,,,,,1.9099999666213990,,,,,,,,,,,,,,,,,,,,,,,,,,,,,,,,,,,,,,,,,,,,,,,,,,,,,,,,,,,,,,,,,,,,,,,,,,,,,,,,,,,,,,,,,,,,,,,,,,,,,,,,,,,,,,,,,,,,,,,,,,,,,,,,,,,,,,,,,,,,,2.1230125249486544,,,,,,,,,,,,,,,2.094711761703759,2.094711761703759,,,,,,,,,,,-0.05599427738796244,,,,,,12.66444660267842,12.66444660267842,,2.140000033378601,2.140000033378601,,,,,,,,,,351821.9938516616958000,,,,,,,,
2024-10-23,,,,,,,1.8799999952316284,1.9800000190734863,1.7000000476837158,1.7599999904632568,441500,,,,,1.7599999904632568,,,,,,,,,,,,,,,,,,,,,,,,,,,,,,,,,,,,,,,,,,,,,,,,,,,,,,,,,,,,,,,,,,,,,,,,,,,,,,,,,,,,,,,,,,,,,,,,,,,,,,,,,,,,,,,,,,,,,,,,,,,,,,,,,,,,,,,,,,,,,0.6476565601578516,,,,,,,,,,,,,,,1.9831411712902582,1.9831411712902582,,,,,,,,,,,-0.0817894209513746,,,,,,12.430376911921806,12.430376911921806,,2.000000023841858,2.000000023841858,,,,,,,,,,777039.9957895278772000,,,,,,,,
2024-10-24,,,,,,,2.9100000858306885,2.9300000667572020,2.0299999713897705,2.1600000858306885,54982700,,,,,2.1600000858306885,,,,,,,,,,,,,,,,,,,,,,,,,,,,,,,,,,,,,,,,,,,,,,,,,,,,,,,,,,,,,,,,,,,,,,,,,,,,,,,,,,,,,,,,,,,,,,,,,,,,,,,,,,,,,,,,,,,,,,,,,,,,,,,,,,,,,,,,,,,,,1.8662749479929415,,,,,,,,,,,,,,,2.042094142803735,2.042094142803735,,,,,,,,,,,0.20479445780104635,,,,,,16.844105193387534,16.844105193387534,,1.9980000257492065,1.9980000257492065,,,,,,,,,,118762636.7192029965889500,,,,,,,,
2024-10-25,,,,,,,2.0599999427795410,2.2400000095367430,2.0499999523162840,2.2100000381469727,2053900,,,,,2.2100000381469727,,,,,,,,,,,,,,,,,,,,,,,,,,,,,,,,,,,,,,,,,,,,,,,,,,,,,,,,,,,,,,,,,,,,,,,,,,,,,,,,,,,,,,,,,,,,,,,,,,,,,,,,,,,,,,,,,,,,,,,,,,,,,,,,,,,,,,,,,,,,,1.8684165744948096,,,,,,,,,,,,,,,2.098062774584814,2.098062774584814,,,,,,,,,,,0.022884271358232112,,,,,,17.404510992229543,17.404510992229543,,2.012000012397766,2.012000012397766,,,,,,,,,,4539119.0783500672285300,,,,,,,,
2024-10-28,,,,,,,2.0699999332427980,2.2799999713897705,2.0699999332427980,2.1099998950958250,977200,,,,,2.1099998950958250,,,,,,,,,,,,,,,,,,,,,,,,,,,,,,,,,,,,,,,,,,,,,,,,,,,,,,,,,,,,,,,,,,,,,,,,,,,,,,,,,,,,,,,,,,,,,,,,,,,,,,,,,,,,,,,,,,,,,,,,,,,,,,,,,,,,,,,,,,,,,1.8453632838244471,,,,,,,,,,,,,,,2.102041814755151,2.102041814755151,,,,,,,,,,,-0.04630463502037942,,,,,,17.155494260582927,17.155494260582927,,2.0299999952316283,2.0299999952316283,,,,,,,,,,2061891.8974876401900000,,,,,,,,
2024-10-29,,,,,,,2.2100000381469727,2.2119998931884766,1.9800000190734863,2.0599999427795410,751300,,,,,2.0599999427795410,,,,,,,,,,,,,,,,,,,,,,,,,,,,,,,,,,,,,,,,,,,,,,,,,,,,,,,,,,,,,,,,,,,,,,,,,,,,,,,,,,,,,,,,,,,,,,,,,,,,,,,,,,,,,,,,,,,,,,,,,,,,,,,,,,,,,,,,,,,,,1.7877343897520386,,,,,,,-0.5921218493491877,,,,,,,,2.088027857429948,2.088027857429948,2.9075714576812017,2.9075714576812017,,,,,,,,,-0.023981942745788003,,,,,,17.02433753170689,17.02433753170689,,2.0599999904632567,2.0599999904632567,2.9075714576812017,2.9075714576812017,,,,,,,,1547677.9570102691533000,,,,,,,,
2024-10-30,,,,,,,2.0399999618530273,2.2100000381469727,2.0299999713897705,2.1300001144409180,458700,,,,,2.1300001144409180,,,,,,,,,,,,,,,,,,,,,,,,,,,,,,,,,,,,,,,,,,,,,,,,,,,,,,,,,,,,,,,,,,,,,,,,,,,,,,,,,,,,,,,,,,,,,,,,,,,,,,,,,,,,,,,,,,,,,,,,,,,,,,,,,,,,,,,,,,,,,1.567859630482754,2.7868830015700494,,,,,,-0.5912739360900976,,,,,,,,2.102018609766938,2.102018609766938,2.836883153750267,2.836883153750267,,,,,,,,,0.03341607842489539,,,,,,17.969866756946935,17.969866756946935,,2.1340000152587892,2.1340000152587892,2.5899524064291093,2.5899524064291093,,,,,,,,977031.0524940490866000,,,,,,,,
2024-10-31,,,,,,,2.1199998855590820,2.1900000572204590,2.0499999523162840,2.0799999237060547,298100,,,,,2.0799999237060547,,,,,,,,,,,,,,,,,,,,,,,,,,,,,,,,,,,,,,,,,,,,,,,,,,,,,,,,,,,,,,,,,,,,,,,,,,,,,,,,,,,,,,,,,,,,,,,,,,,,,,,,,,,,,,,,,,,,,,,,,,,,,,,,,,,,,,,,,,,,,0.5406062574480112,2.6253427380353838,,,,,,-0.5911502131040924,,,,,,,,2.0946790477466433,2.0946790477466433,2.768075587382611,2.768075587382611,,,,,,,,,-0.023754176416018246,,,,,,17.813718887664482,17.813718887664482,,2.1179999828338625,2.1179999828338625,2.386619074004037,2.386619074004037,,,,,,,,620047.9772567749060700,,,,,,,,
2024-11-01,,,,,,,2.0399999618530273,2.2300000190734863,2.0399999618530273,2.1600000858306885,247800,,,,,2.1600000858306885,,,,,,,,,,,,,,,,,,,,,,,,,,,,,,,,,,,,,,,,,,,,,,,,,,,,,,,,,,,,,,,,,,,,,,,,,,,,,,,,,,,,,,,,,,,,,,,,,,,,,,,,,,,,,,,,,,,,,,,,,,,,,,,,,,,,,,,,,,,,,0.6002867091537624,2.625825965000857,,,,,,-0.5890914352718257,,,,,,,,2.116452727107992,2.116452727107992,2.7127959963324364,2.7127959963324364,,,,,,,,,0.03774040439905826,,,,,,19.02610272316968,19.02610272316968,,2.1079999923706056,2.1079999923706056,2.2251904975800287,2.2251904975800287,,,,,,,,535248.0212688446103000,,,,,,,,
2024-11-04,,,,,,,2.1600000858306885,2.1879999637603760,1.9099999666213990,1.9600000381469727,395300,,,,,1.9600000381469727,,,,,,,,,,,,,,,,,,,,,,,,,,,,,,,,,,,,,,,,,,,,,,,,,,,,,,,,,,,,,,,,,,,,,,,,,,,,,,,,,,,,,,,,,,,,,,,,,,,,,,,,,,,,,,,,,,,,,,,,,,,,,,,,,,,,,,,,,,,,,0.870697108172536,2.3908776671855656,,,,,,-0.5885196606276949,,,,,,,,2.064301830787652,2.064301830787652,2.6443600001337577,2.6443600001337577,,,,,,,,,-0.09716376872733581,,,,,,18.29932791832327,18.29932791832327,,2.078000020980835,2.078000020980835,2.1323333524522328,2.1323333524522328,,,,,,,,774788.0150794983083100,,,,,,,,
2024-11-05,,,,,,,1.9299999475479126,2.0899999141693115,1.8999999761581420,2.0799999237060547,265300,,,,,2.0799999237060547,,,,,,,,,,,,,,,,,,,,,,,,,,,,,,,,,,,,,,,,,,,,,,,,,,,,,,,,,,,,,,,,,,,,,,,,,,,,,,,,,,,,,,,,,,,,,,,,,,,,,,,,,,,,,,,,,,,,,,,,,,,,,,,,,,,,,,,,,,,,,1.005825687130082,2.1214795296581177,,,,,,-0.5847451890439063,,,,,,,,2.06953452842712,2.06953452842712,2.5930545386403305,2.5930545386403305,,,,,,,,,0.05942336432827762,,-0.5352575028099729,-0.5352575028099729,,,20.26731317772296,20.26731317772296,,2.0820000171661377,2.0820000171661377,2.099476206870306,2.099476206870306,,,,,,,,551823.9797592163119100,,,,,,,,
2024-11-06,,,,,,,2.0799999237060547,2.0999999046325684,1.9099999666213990,1.9600000381469727,307200,,,,,1.9600000381469727,,,,,,,,,,,,,,,,,,,,,,,,,,,,,,,,,,,,,,,,,,,,,,,,,,,,,,,,,,,,,,,,,,,,,,,,,,,,,,,,,,,,,,,,,,,,,,,,,,,,,,,,,,,,,,,,,,,,,,,,,,,,,,,,,,,,,,,,,,,,,1.038172448470987,2.079558071104851,,,,,,-0.5847018641009402,,,,,,,,2.0330230316670708,2.0330230316670708,2.5355041295045706,2.5355041295045706,,,,,,,,,-0.05942336432827776,,-0.5158350239368201,-0.5158350239368201,,,19.754859239628853,19.754859239628853,,2.0480000019073485,2.0480000019073485,2.0780476331710815,2.0780476331710815,,,,,,,,602112.0117187500134400,,,,,,,,
2024-11-07,,,,,,,1.9700000286102295,2.0199999809265137,1.8200000524520874,1.9600000381469727,460600,,,,,1.9600000381469727,,,,,,,,,,,,,,,,,,,,,,,,,,,,,,,,,,,,,,,,,,,,,,,,,,,,,,,,,,,,,,,,,,,,,,,,,,,,,,,,,,,,,,,,,,,,,,,,,,,,,,,,,,,,,,,,,,,,,,,,,,,,,,,,,,,,,,,,,,,,,1.0416018534681453,1.8610317723189094,,,,,,-0.5804224636310699,,,,,,,,2.008682033827038,2.008682033827038,2.483185575744789,2.483185575744789,,,,,,,,,0,,-0.4947395202733893,-0.4947395202733893,,,19.754859239628853,19.754859239628853,,2.0240000247955323,2.0240000247955323,2.083333350363232,2.083333350363232,,,,,,,,902776.0175704956256200,,,,,,,,
2024-11-08,,,,,,,1.8700000047683716,2.0000000000000000,1.8500000238418580,1.9800000190734863,450200,,,,,1.9800000190734863,,,,,,,,,,,,,,,,,,,,,,,,,,,,,,,,,,,,,,,,,,,,,,,,,,,,,,,,,,,,,,,,,,,,,,,,,,,,,,,,,,,,,,,,,,,,,,,,,,,,,,,,,,,,,,,,,,,,,,,,,,,,,,,,,,,,,,,,,,,,,0.9750858748811263,1.8534322380995074,,,,,,-0.5748962471417662,,,,,,,,1.9991213622425208,1.9991213622425208,2.437441434229216,2.437441434229216,,,,,,,,,0.01015236163435085,,-0.4709782067278634,-0.4709782067278634,,,20.14514087913287,20.14514087913287,,1.9880000114440919,1.9880000114440919,2.093333352179754,2.093333352179754,,,,,,,,891396.0085868835322600,,,,,,,,
2024-11-11,,,,,,,1.8799999952316284,2.0999999046325684,1.8500000238418580,2.0599999427795410,385300,,,,,2.0599999427795410,,,,,,,,,,,,,,,,,,,,,,,,,,,,,,,,,,,,,,,,,,,,,,,,,,,,,,,,,,,,,,,,,,,,,,,,,,,,,,,,,,,,,,,,,,,,,,,,,,,,,,,,,,,,,,,,,,,,,,,,,,,,,,,,,,,,,,,,,,,,,0.7204553680941634,1.453520036337378,,,,,,-0.5794944467149357,,,,,,,,2.0194142224215277,2.0194142224215277,2.4031285713701545,2.4031285713701545,,,,,,,,,0.03960910068504969,,-0.4406127596745857,-0.4406127596745857,,,21.783844886148263,21.783844886148263,,2.0079999923706056,2.0079999923706056,2.074761918612889,2.074761918612889,,,,,,,,793717.9779529571473000,,,,,,,,
2024-11-12,,,,,,,2.0399999618530273,2.0599999427795410,1.8600000143051147,1.8999999761581420,650800,,,,,1.8999999761581420,,,,,,,,,,,,,,,,,,,,,,,,,,,,,,,,,,,,,,,,,,,,,,,,,,,,,,,,,,,,,,,,,,,,,,,,,,,,,,,,,,,,,,,,,,,,,,,,,,,,,,,,,,,,,,,,,,,,,,,,,,,,,,,,,,,,,,,,,,,,,0.7977469477799133,1.4443674730562457,,,,,,-0.589955523798566,,,,,,,,1.9796094736670657,1.9796094736670657,2.3573896081690626,2.3573896081690626,,,,,,,,,-0.08085208140051901,,-0.42456446932429914,-0.42456446932429914,,,20.86177176933111,20.86177176933111,,1.972000002861023,1.972000002861023,2.0590476308550154,2.0590476308550154,,,,,,,,1236519.9844837188136000,,,,,,,,
2024-11-13,,,,,,,1.9400000572204590,1.9600000381469727,1.6499999761581420,1.7799999713897705,426200,,,,,1.7799999713897705,,,,,,,,,,,,,,,,,,,,,,,,,,,,,,,,,,,,,,,,,,,,,,,,,,,,,,,,,,,,,,,,,,,,,,,,,,,,,,,,,,,,,,,,,,,,,,,,,,,,,,,,,,,,,,,,,,,,,,,,,,,,,,,,,,,,,,,,,,,,,0.8175525149121035,1.3983583634999213,,,,,,-0.5880893155910941,,,,,,,,1.9130729729079672,1.9130729729079672,2.304899641189127,2.304899641189127,,,,,,,,,-0.06524052539321737,,-0.41672533089093244,-0.41672533089093244,,,20.172122199921724,20.172122199921724,,1.9359999895095825,1.9359999895095825,2.0500000090826127,2.0500000090826127,,,,,,,,758635.9878063201871000,,,,,,,,
2024-11-14,,,,,,,1.7599999904632568,1.8500000238418580,1.6100000143051147,1.7200000286102295,142000,,,,,1.7200000286102295,,,,,,,,,,,,,,,,,,,,,,,,,,,,,,,,,,,,,,,,,,,,,,,,,,,,,,,,,,,,,,,,,,,,,,,,,,,,,,,,,,,,,,,,,,,,,,,,,,,,,,,,,,,,,,,,,,,,,,,,,,,,,,,,,,,,,,,,,,,,,0.8027522293947751,1.1304291304234146,,,,,,-0.6092734492541232,,,,,,,,1.8487153248087214,1.8487153248087214,2.2517269491364997,2.2517269491364997,,,,,,,,,-0.034289040771615105,,-0.41062086936696574,-0.41062086936696574,,,19.819328778696484,19.819328778696484,,1.887999987602234,1.887999987602234,2.0147619133903865,2.0147619133903865,,,,,,,,244240.0040626525890000,,,,,,,,
2024-11-15,,,,,,,1.8099999427795410,1.8099999427795410,1.5499999523162842,1.6699999570846558,156600,,,,,1.6699999570846558,,,,,,,,,,,,,,,,,,,,,,,,,,,,,,,,,,,,,,,,,,,,,,,,,,,,,,,,,,,,,,,,,,,,,,,,,,,,,,,,,,,,,,,,,,,,,,,,,,,,,,,,,,,,,,,,,,,,,,,,,,,,,,,,,,,,,,,,,,,,,0.7364856376899174,1.0612554002715786,,,,,,-0.6049685828654076,,,,,,,,1.7891435355673662,1.7891435355673662,2.1988426771317866,2.1988426771317866,,,,,,,,,-0.02950070672836339,,-0.4051473411793802,-0.4051473411793802,-0.45716455824268987,-0.45716455824268987,19.51306276781725,19.51306276781725,,1.8259999752044678,1.8259999752044678,1.99095238390423,1.99095238390423,,,,,,,,261521.9932794570982800,,,,,,,,
2024-11-18,,,,,,,1.6299999952316284,1.6399999856948853,1.4199999570846558,1.4500000476837158,360600,,,,,1.4500000476837158,,,,,,,,,,,,,,,,,,,,,,,,,,,,,,,,,,,,,,,,,,,,,,,,,,,,,,,,,,,,,,,,,,,,,,,,,,,,,,,,,,,,,,,,,,,,,,,,,,,,,,,,,,,,,,,,,,,,,,,,,,,,,,,,,,,,,,,,,,,,,0.7158335513301746,1.1513022149272234,,,,,,-0.6064992599606819,,,,,,,,1.6760957062728161,1.6760957062728161,2.1307660744546895,2.1307660744546895,,,,,,,,,-0.1412600114130487,,-0.41379175099967247,-0.41379175099967247,-0.4484899967940864,-0.4484899967940864,18.18174427509183,18.18174427509183,,1.7039999961853027,1.7039999961853027,1.9580952383223034,1.9580952383223034,,,,,,,,522870.0171947479174800,,,,,,,,
2024-11-19,,,,,,,1.4199999570846558,1.5349999666213990,1.4099999666213990,1.5199999809265137,374000,,,,,1.5199999809265137,,,,,,,,,,,,,,,,,,,,,,,,,,,,,,,,,,,,,,,,,,,,,,,,,,,,,,,,,,,,,,,,,,,,,,,,,,,,,,,,,,,,,,,,,,,,,,,,,,,,,,,,,,,,,,,,,,,,,,,,,,,,,,,,,,,,,,,,,,,,,1.0801944311648397,1.1635820180476821,,,,,,-0.5988078919507974,,,,,,,,1.6240637978240486,1.6240637978240486,2.075241884133946,2.075241884133946,,,,,,,,,0.047146732992035,,-0.4102648209876596,-0.4102648209876596,-0.440844961632801,-0.440844961632801,20.050834496284065,20.050834496284065,,1.6279999971389771,1.6279999971389771,1.9342857145127796,1.9342857145127796,,,,,,,,568479.9928665161238000,,,,,,,,
2024-11-20,,,,,,,1.5000000000000000,1.5399999618530273,1.4700000286102295,1.5199999809265137,123600,,,,,1.5199999809265137,,,,,,,,,,,,,,,,,,,,,,,,,,,,,,,,,,,,,,,,,,,,,,,,,,,,,,,,,,,,,,,,,,,,,,,,,,,,,,,,,,,,,,,,,,,,,,,,,,,,,,,,,,,,,,,,,,,,,,,,,,,,,,,,,,,,,,,,,,,,,1.1008648489074433,1.153969340212076,,,,,,-0.5969973768136146,,,,,,,,1.5893758588582036,1.5893758588582036,2.024765347478725,2.024765347478725,,,,,,,,,0,,-0.40282617415787536,-0.40282617415787536,-0.4332412041378159,-0.4332412041378159,20.050834496284065,20.050834496284065,,1.5759999990463256,1.5759999990463256,1.915714286622547,1.915714286622547,,,,,,,,187871.9976425170933200,,,,,,,,
2024-11-21,,,,,,,1.8099999427795410,1.8500000238418580,1.4500000476837158,1.6499999761581420,7816800,,,,,1.6499999761581420,,,,,,,,,,,,,,,,,,,,,,,,,,,,,,,,,,,,,,,,,,,,,,,,,,,,,,,,,,,,,,,,,,,,,,,,,,,,,,,,,,,,,,,,,,,,,,,,,,,,,,,,,,,,,,,,,,,,,,,,,,,,,,,,,,,,,,,,,,,,,1.3618090868855486,1.1666245950365095,,,,,,-0.5324157028958059,,,,,,,,1.6095838979581831,1.6095838979581831,1.9906957682677628,1.9906957682677628,,,,,,,,,0.08206495115303952,,-0.38203719284360815,-0.38203719284360815,-0.42300040187897436,-0.42300040187897436,23.80012741146898,23.80012741146898,,1.5619999885559082,1.5619999885559082,1.9104761907032557,1.9104761907032557,,,,,,,,12897719.8136329643856000,,,,,,,,
2024-11-22,,,,,,,1.6299999952316284,1.8099999427795410,1.5800000429153442,1.7899999618530273,801600,,,,,1.7899999618530273,,,,,,,,,,,,,,,,,,,,,,,,,,,,,,,,,,,,,,,,,,,,,,,,,,,,,,,,,,,,,,,,,,,,,,,,,,,,,,,,,,,,,,,,,,,,,,,,,,,,,,,,,,,,,,,,,,,,,,,,,,,,,,,,,,,,,,,,,,,,,1.4760163626717595,0.9473362763059998,,,,,,0.07720606794945399,,,,,,,,1.669722585923131,1.669722585923131,1.9724506949573324,1.9724506949573324,,,,,,,,,0.08144032507862717,,-0.35022773919046135,-0.35022773919046135,-0.40844586934127175,-0.40844586934127175,27.73072404757174,27.73072404757174,,1.5859999895095824,1.5859999895095824,1.89285713718051,1.89285713718051,,,,,,,,1434863.9694213866836800,,,,,,,,
2024-11-25,,,,,,,1.8899999856948853,7.3499999046325680,1.8799999952316284,6.4200000762939450,116400500,,,,,6.4200000762939450,,,,,,,,,,,,,,,,,,,,,,,,,,,,,,,,,,,,,,,,,,,,,,,,,,,,,,,,,,,,,,,,,,,,,,,,,,,,,,,,,,,,,,,,,,,,,,,,,,,,,,,,,,,,,,,,,,,,,,,,,,,,,,,,,,,,,,,,,,,,,8.709645617439426,4.558878703627094,,,,,,0.5806970286640529,,,,,,,,3.2531484160467357,3.2531484160467357,2.3767733659879338,2.3767733659879338,,,,,,,,,1.2772025310441564,,0.0480301352133079,0.0480301352133079,-0.31715066843035583,-0.31715066843035583,74.52740748800427,74.52740748800427,,2.5799999952316286,2.5799999952316286,2.093333329473223,2.093333329473223,,,,,,,,747291218.8806533449725000,,,,,,,,
2024-11-26,,,,,,,12.1899995803833000,12.4300003051757810,8.0000000000000000,10.3000001907348630,80371400,,,,,10.3000001907348630,,,,,,,,,,,,,,,,,,,,,,,,,,,,,,,,,,,,,,,,,,,,,,,,,,,,,,,,,,,,,,,,,,,,,,,,,,,,,,,,,,,,,,,,,,,,,,,,,,,,,,,,,,,,,,,,,,,,,,,,,,,,,,,,,,,,,,,,,,,,,8.459182265343458,4.769301060061396,,,,,,0.38029053781482397,,,,,,,,5.602099007609445,5.602099007609445,3.0970667136922,3.0970667136922,,,,,,,,,0.472725784167876,,0.6690238620638183,0.6690238620638183,-0.119915762331521,-0.119915762331521,83.92269455388778,83.92269455388778,,4.3360000371932985,4.3360000371932985,2.4833333435512723,2.4833333435512723,,,,,,,,827825435.3296279681182000,,,,,,,,
2024-11-27,,,,,,,8.6899995803833000,9.0000000000000000,7.4200000762939450,7.8400001525878910,7036500,,,,,7.8400001525878910,,,,,,,,,,,,,,,,,,,,,,,,,,,,,,,,,,,,,,,,,,,,,,,,,,,,,,,,,,,,,,,,,,,,,,,,,,,,,,,,,,,,,,,,,,,,,,,,,,,,,,,,,,,,,,,,,,,,,,,,,,,,,,,,,,,,,,,,,,,,,9.405875499870527,4.910581293055027,,,,,,0.35527040559980744,,,,,,,,6.348066055935593,6.348066055935593,3.5282424808645354,3.5282424808645354,,,,,,,,,-0.27290505992848035,,0.9516938859029058,0.9516938859029058,0.09440616731536436,0.09440616731536436,67.03946564690975,67.03946564690975,,5.6000000715255736,5.6000000715255736,2.7585714487802413,2.7585714487802413,,,,,,,,55166161.0736846950215000,,,,,,,,
2024-11-29,,,,,,,6.9099998474121090,9.7500000000000000,6.7199997901916500,8.8500003814697270,7199100,,,,,8.8500003814697270,,,,,,,,,,,,,,,,,,,,,,,,,,,,,,,,,,,,,,,,,,,,,,,,,,,,,,,,,,,,,,,,,,,,,,,,,,,,,,,,,,,,,,,,,,,,,,,,,,,,,,,,,,,,,,,,,,,,,,,,,,,,,,,,,,,,,,,,,,,,,9.345321338799467,4.9131845420840925,,,,,,0.35739253250573844,,,,,,,,7.182044164446971,7.182044164446971,4.012038653646826,4.012038653646826,,,,,,,,,0.12117864829870359,,1.24288330875427,1.24288330875427,0.3241015956031455,0.3241015956031455,69.73182694628933,69.73182694628933,,7.040000152587891,7.040000152587891,3.078571461495899,3.078571461495899,,,,,,,,63712037.7462387116457000,,,,,,,,
2024-12-02,,,,,,,8.6599998474121100,8.7200002670288090,7.2600002288818360,7.2600002288818360,1994100,,,,,7.2600002288818360,,,,,,,,,,,,,,,,,,,,,,,,,,,,,,,,,,,,,,,,,,,,,,,,,,,,,,,,,,,,,,,,,,,,,,,,,,,,,,,,,,,,,,,,,,,,,,,,,,,,,,,,,,,,,,,,,,,,,,,,,,,,,,,,,,,,,,,,,,,,,10.011656827773324,4.990599506734821,,,,,,0.34665814647775306,,,,,,,,7.208029519258593,7.208029519258593,4.307307887759099,4.307307887759099,,,,,,,,,-0.19803764176063315,,1.3300216386022674,1.3300216386022674,0.5252856042029699,0.5252856042029699,61.24972280707552,61.24972280707552,,8.134000205993653,8.134000205993653,3.325238142694746,3.325238142694746,,,,,,,,14477166.4564132691676000,,,,,,,,
2024-12-03,,,,,,,7.0100002288818360,7.0799999237060550,5.5999999046325680,7.0000000000000000,3231000,,,,,7.0000000000000000,,,,,,,,,,,,,,,,,,,,,,,,,,,,,,,,,,,,,,,,,,,,,,,,,,,,,,,,,,,,,,,,,,,,,,,,,,,,,,,,,,,,,,,,,,,,,,,,,,,,,,,,,,,,,,,,,,,,,,,,,,,,,,,,,,,,,,,,,,,,,4.707024989857767,5.001290557045816,,,,,,0.3544294645724812,,,,,,,,7.1386863461723955,7.1386863461723955,4.552098079781,4.552098079781,,,,,,,,,-0.036469711307814554,,1.3623947091011255,1.3623947091011255,0.692707425182601,0.692707425182601,59.96522527629867,59.96522527629867,,8.250000190734863,8.250000190734863,3.5557143290837607,3.5557143290837607,,,,,,,,22617000.0000000000000000,,,,,,,,
2024-12-04,,,,,,,6.4299998283386230,6.6999998092651370,5.8649997711181640,5.9400000572204590,1178700,,,,,5.9400000572204590,,,,,,,,,,,,,,,,,,,,,,,,,,,,,,,,,,,,,,,,,,,,,,,,,,,,,,,,,,,,,,,,,,,,,,,,,,,,,,,,,,,,,,,,,,,,,,,,,,,,,,,,,,,,,,,,,,,,,,,,,,,,,,,,,,,,,,,,,,,,,2.4602499909629483,5.03245115487149,,,,,,0.350121020948171,,,,,,,,6.739124249855084,6.739124249855084,4.67827098682095,4.67827098682095,,,,,,,,,-0.1642010060476859,,1.2876739602491423,1.2876739602491423,0.8117007321959092,0.8117007321959092,54.90939379138116,54.90939379138116,,7.378000164031983,7.378000164031983,3.7452381395158314,3.7452381395158314,,,,,,,,7001478.0674457550233000,,,,,,,,
2024-12-05,,,,,,,6.8099999427795410,7.1479997634887695,6.0199999809265140,6.0900001525878910,3417100,,,,,6.0900001525878910,,,,,,,,,,,,,,,,,,,,,,,,,,,,,,,,,,,,,,,,,,,,,,,,,,,,,,,,,,,,,,,,,,,,,,,,,,,,,,,,,,,,,,,,,,,,,,,,,,,,,,,,,,,,,,,,,,,,,,,,,,,,,,,,,,,,,,,,,,,,,2.100850588777323,5.033296881833122,,,,,,0.33154333145595843,,,,,,,,6.522749550766019,6.522749550766019,4.806610001890672,4.806610001890672,,,,,,,,,0.024938963769660854,,1.2264235354485615,1.2264235354485615,0.8946452928464397,0.8946452928464397,55.481405530512134,55.481405530512134,,7.028000164031982,7.028000164031982,3.9361905313673473,3.9361905313673473,,,,,,,,20810139.5214080823361000,,,,,,,,
2024-12-06,,,,,,,6.4299998283386230,6.5479998588562010,6.0900001525878910,6.2199997901916500,1280000,,,,,6.2199997901916500,,,,,,,,,,,,,,,,,,,,,,,,,,,,,,,,,,,,,,,,,,,,,,,,,,,,,,,,,,,,,,,,,,,,,,,,,,,,,,,,,,,,,,,,,,,,,,,,,,,,,,,,,,,,,,,,,,,,,,,,,,,,,,,,,,,,,,,,,,,,,1.6593783488441454,5.018713007066206,,,,,,0.3284254959685349,,,,,,,,6.421832963907896,6.421832963907896,4.935099982645307,4.935099982645307,,,,,,,,,0.0211217662425533,,1.1748293157646632,1.1748293157646632,0.9506820974300844,0.9506820974300844,56.00234076073124,56.00234076073124,,6.502000045776367,6.502000045776367,4.139047662417094,4.139047662417094,,,,,,,,7961599.7314453120000000,,,,,,,,
2024-12-09,,,,,,,6.4400000572204590,6.4400000572204590,5.5500001907348630,5.8699998855590820,912700,,,,,5.8699998855590820,,,,,,,,,,,,,,,,,,,,,,,,,,,,,,,,,,,,,,,,,,,,,,,,,,,,,,,,,,,,,,,,,,,,,,,,,,,,,,,,,,,,,,,,,,,,,,,,,,,,,,,,,,,,,,,,,,,,,,,,,,,,,,,,,,,,,,,,,,,,,1.2214315187479907,5.0307046013751116,,,,,,0.3259155846937762,,,,,,,,6.237888604458291,6.237888604458291,5.020090882910195,5.020090882910195,,,,,,,,,-0.057915258675734084,,1.0930979054916063,1.0930979054916063,0.9791652590423888,0.9791652590423888,54.16466529856875,54.16466529856875,,6.223999977111816,6.223999977111816,4.3252381313414805,4.3252381313414805,,,,,,,,5357548.8955497741414000,,,,,,,,
2024-12-10,,,,,,,5.5700001716613770,6.6999998092651370,5.5700001716613770,6.6700000762939450,926000,,,,,6.6700000762939450,,,,,,,,,,,,,,,,,,,,,,,,,,,,,,,,,,,,,,,,,,,,,,,,,,,,,,,,,,,,,,,,,,,,,,,,,,,,,,,,,,,,,,,,,,,,,,,,,,,,,,,,,,,,,,,,,,,,,,,,,,,,,,,,,,,,,,,,,,,,,1.7251763244913108,5.034804802539133,,,,,,0.3275807229851806,,,,,,,,6.381925761736842,6.381925761736842,5.170082627763263,5.170082627763263,,,,,,,,,0.12776525702179745,,1.0804240476383846,1.0804240476383846,0.9994170167615879,0.9994170167615879,57.590253549840625,57.590253549840625,,6.1579999923706055,6.1579999923706055,4.548571467399597,4.548571467399597,,,,,3.4577800321578978,,,6176420.0706481930700000,,,,,,,,
2024-12-11,,,,,,,6.5000000000000000,6.5100002288818360,5.6199998855590820,5.6900000572204590,640100,,,,,5.6900000572204590,,,,,,,,,,,,,,,,,,,,,,,,,,,,,,,,,,,,,,,,,,,,,,,,,,,,,,,,,,,,,,,,,,,,,,,,,,,,,,,,,,,,,,,,,,,,,,,,,,,,,,,,,,,,,,,,,,,,,,,,,,,,,,,,,,,,,,,,,,,,,1.6954669891079945,5.090515778461182,,,,,,0.3238222971172598,,,,,,,,6.1512838602313815,6.1512838602313815,5.2173478486230085,5.2173478486230085,,,,,,,,,-0.15890961317134566,,0.9800052224695897,0.9800052224695897,0.9955346579031883,0.9955346579031883,52.421726964324606,52.421726964324606,,6.107999992370606,6.107999992370606,4.721428615706308,4.721428615706308,,,,,3.39558002948761,,,3642169.0366268158059000,,,,,,,,
2024-12-12,,,,,,,6.8600001335144040,7.7600002288818360,6.0300002098083500,7.2899999618530270,19377000,,,,,7.2899999618530270,,,,,,,,,,,,,,,,,,,,,,,,,,,,,,,,,,,,,,,,,,,,,,,,,,,,,,,,,,,,,,,,,,,,,,,,,,,,,,,,,,,,,,,,,,,,,,,,,,,,,,,,,,,,,,,,,,,,,,,,,,,,,,,,,,,,,,,,,,,,,2.513848087448708,5.112646300482106,,,,,,0.33631403414465116,,,,,,,,6.5308558941052635,6.5308558941052635,5.405770768007556,5.405770768007556,,,,,,,,,0.24779328259322678,,1.0177966740890048,1.0177966740890048,0.9999870611403516,0.9999870611403516,58.90617335903381,58.90617335903381,,6.347999954223633,6.347999954223633,4.978095281691778,4.978095281691778,,,,,3.414380030632019,,,141258329.2608261041790000,,,,,,,,
2024-12-13,,,,,,,7.0000000000000000,7.6799998283386230,6.5000000000000000,6.9699997901916500,1586700,,,,,6.9699997901916500,,,,,,,,,,,,,,,,,,,,,,,,,,,,,,,,,,,,,,,,,,,,,,,,,,,,,,,,,,,,,,,,,,,,,,,,,,,,,,,,,,,,,,,,,,,,,,,,,,,,,,,,,,,,,,,,,,,,,,,,,,,,,,,,,,,,,,,,,,,,,2.5811911509170216,5.106644949264176,,,,,,0.3337907141981896,,,,,,,,6.6772371928007255,6.6772371928007255,5.547973406387928,5.547973406387928,,,,,,,,,-0.044888346116982156,,1.0102794595376228,1.0102794595376228,1.002045540819806,1.002045540819806,57.226306416033665,57.226306416033665,,6.497999954223633,6.497999954223633,5.2252381302061535,5.2252381302061535,,,,,3.4427800226211547,,,11059298.6670970910550000,,,,,,,,
2024-12-16,,,,,,,7.1300001144409180,8.2500000000000000,6.9000000953674320,7.7600002288818360,1971300,,,,,7.7600002288818360,,,,,,,,,,,,,,,,,,,,,,,,,,,,,,,,,,,,,,,,,,,,,,,,,,,,,,,,,,,,,,,,,,,,,,,,,,,,,,,,,,,,,,,,,,,,,,,,,,,,,,,,,,,,,,,,,,,,,,,,,,,,,,,,,,,,,,,,,,,,,2.521723778781304,5.0955062941445535,,,,,,0.33356327490530846,,,,,,,,7.038158204827762,7.038158204827762,5.749066753887374,5.749066753887374,,,,,,,,,0.1073671690194052,,1.0558967257585472,1.0558967257585472,1.0128157778075542,1.0128157778075542,60.24079452104987,60.24079452104987,,6.876000022888183,6.876000022888183,5.512857187361944,5.512857187361944,,,,,3.5197800254821776,,,15297288.4511947633068000,,,,,,,,
2024-12-17,,,,,,,8.0000000000000000,8.3900003433227540,6.8020000457763670,7.3800001144409180,1892900,,,,,7.3800001144409180,,,,,,,,,,,,,,,,,,,,,,,,,,,,,,,,,,,,,,,,,,,,,,,,,,,,,,,,,,,,,,,,,,,,,,,,,,,,,,,,,,,,,,,,,,,,,,,,,,,,,,,,,,,,,,,,,,,,,,,,,,,,,,,,,,,,,,,,,,,,,2.5183863035884753,5.101192488382928,,,,,,0.32938367025180815,,,,,,,,7.152105508032148,7.152105508032148,5.897333423028606,5.897333423028606,,,,,,,,,-0.05020870957092847,,1.0492903385886736,1.0492903385886736,1.020110689963778,1.020110689963778,58.1190343688517,58.1190343688517,,7.0180000305175785,7.0180000305175785,5.784761956759861,5.784761956759861,,,,,3.6119800281524657,,,13969602.2166252136822000,,,,,,,,
2024-12-18,,,,,,,7.1300001144409180,7.1300001144409180,5.2500000000000000,6.0000000000000000,1304200,,,,,6.0000000000000000,,,,,,,,,,,,,,,,,,,,,,,,,,,,,,,,,,,,,,,,,,,,,,,,,,,,,,,,,,,,,,,,,,,,,,,,,,,,,,,,,,,,,,,,,,,,,,,,,,,,,,,,,,,,,,,,,,,,,,,,,,,,,,,,,,,,,,,,,,,,,2.7467615479348364,5.140560826413714,,,,,,0.3281822664126604,,,,,,,,6.768070338688099,6.768070338688099,5.906666748207823,5.906666748207823,,,,,,,,,-0.2070141848912255,,0.9220711903538712,0.9220711903538712,1.0005027900417967,1.0005027900417967,51.082514148169636,51.082514148169636,,7.080000019073486,7.080000019073486,6.001428621155875,6.001428621155875,,,,,3.6837800264358522,,,7825200.0000000000000000,,,,,,,,
2024-12-19,,,,,,,6.6820001602172850,12.1999998092651370,6.1900000572204590,7.7300000190734860,8447500,,,,,7.7300000190734860,,,,,,,,,,,,,,,,,,,,,,,,,,,,,,,,,,,,,,,,,,,,,,,,,,,,,,,,,,,,,,,,,,,,,,,,,,,,,,,,,,,,,,,,,,,,,,,,,,,,,,,,,,,,,,,,,,,,,,,,,,,,,,,,,,,,,,,,,,,,,2.777102796799063,5.179688327009928,,,,,,0.30185931065731536,,,,,,,,7.088713565483228,7.088713565483228,6.07242431828652,6.07242431828652,,,,,,,,,0.2533493958387383,,0.9498958342515111,0.9498958342515111,0.9903813988837395,0.9903813988837395,57.954887399299146,57.954887399299146,,7.168000030517578,7.168000030517578,6.297142908686683,6.297142908686683,,,,,3.8014000272750854,,,65299175.1611232729850000,,,,,,,,
2024-12-20,,,,,,,7.1399998664855960,9.9659996032714840,6.5399999618530270,7.7199997901916500,2945700,,,,,7.7199997901916500,,,,,,,,,,,,,,,,,,,,,,,,,,,,,,,,,,,,,,,,,,,,,,,,,,,,,,,,,,,,,,,,,,,,,,,,,,,,,,,,,,,,,,,,,,,,,,,,,,,,,,,,,,,,,,,,,,,,,,,,,,,,,,,,,,,,,,,,,,,,,2.7380898078361633,5.179934147954998,,,,,,0.2951315846645692,,,,,,,,7.299142307052701,7.299142307052701,6.222203906641531,6.222203906641531,,,,,,,,,-0.0012945282073561516,,0.9600730061208935,0.9600730061208935,0.9843197203311703,0.9843197203311703,57.904246484690496,57.904246484690496,,7.318000030517578,7.318000030517578,6.592380994842166,6.592380994842166,,,,,3.920400023460388,,,22740803.3819675434050000,,,,,,,,
2024-12-23,,,,,,,7.8499999046325680,8.4600000381469730,7.7800002098083500,8.3800001144409180,1103200,,,,,8.3800001144409180,,,,,,,,,,,,,,,,,,,,,,,,,,,,,,,,,,,,,,,,,,,,,,,,,,,,,,,,,,,,,,,,,,,,,,,,,,,,,,,,,,,,,,,,,,,,,,,,,,,,,,,,,,,,,,,,,,,,,,,,,,,,,,,,,,,,,,,,,,,,,2.6929551188069234,5.179933792168489,,,,,,0.3058317222988342,,,,,,,,7.659428242848774,7.659428242848774,6.4183671982596575,6.4183671982596575,,,,,,,,,0.08203359129098868,,1.0097551694216804,1.0097551694216804,0.9894068101492723,0.9894068101492723,60.365752938441126,60.365752938441126,,7.442000007629394,7.442000007629394,6.91285719190325,6.91285719190325,,,,,4.039000024795532,,,9244816.1262512207376000,,,,,,,,
2024-12-24,,,,,,,8.2100000381469730,8.3599996566772460,7.7199997901916500,7.9899997711181640,618100,,,,,7.9899997711181640,,,,,,,,,,,,,,,,,,,,,,,,,,,,,,,,,,,,,,,,,,,,,,,,,,,,,,,,,,,,,,,,,,,,,,,,,,,,,,,,,,,,,,,,,,,,,,,,,,,,,,,,,,,,,,,,,,,,,,,,,,,,,,,,,,,,,,,,,,,,,2.689098631244683,5.1979335513578055,,,,,,0.3031684952649766,,,,,,,,7.769618752271904,7.769618752271904,6.56124288670134,6.56124288670134,,,,,,,,,-0.047657197018279814,,1.006061621321944,1.006061621321944,0.9927377723838067,0.9927377723838067,58.20008516048844,58.20008516048844,,7.563999938964844,7.563999938964844,7.2080952780587335,7.2080952780587335,,,,,4.154200019836426,,,4938618.8585281371684000,,,,,,,,
2024-12-26,,,,,,,8.0500001907348630,8.5600004196167000,7.6350002288818360,7.9800000190734860,1201900,,,,,7.9800000190734860,,,,,,,,,,,,,,,,,,,,,,,,,,,,,,,,,,,,,,,,,,,,,,,,,,,,,,,,,,,,,,,,,,,,,,,,,,,,,,,,,,,,,,,,,,,,,,,,,,,,,,,,,,,,,,,,,,,,,,,,,,,,,,,,,,,,,,,,,,,,,1.8937375196514283,2.7891226993447242,,,,,,0.019246229411894453,,,,,,,,7.839745841205764,7.839745841205764,6.690220807826081,6.690220807826081,,,,,,,,,-0.0012523172802672775,,0.990905025111215,0.990905025111215,0.9923712229292884,0.9923712229292884,58.1424876453513,58.1424876453513,,7.959999942779541,7.959999942779541,7.282380989619663,7.282380989619663,,,,,4.274400019645691,,,9591162.0229244228234000,,,,,,,,
2024-12-27,,,,,,,8.2799997329711910,10.0000000000000000,7.6500000953674320,8.4799995422363280,2314400,,,,,8.4799995422363280,,,,,,,,,,,,,,,,,,,,,,,,,,,,,,,,,,,,,,,,,,,,,,,,,,,,,,,,,,,,,,,,,,,,,,,,,,,,,,,,,,,,,,,,,,,,,,,,,,,,,,,,,,,,,,,,,,,,,,,,,,,,,,,,,,,,,,,,,,,,,0.8317919370372221,2.2395822784783412,,,,,,-0.012795906779356922,,,,,,,,8.053163741549286,8.053163741549286,6.852927965499739,6.852927965499739,,,,,,,,,0.06077198197036665,,1.0076238359094027,1.0076238359094027,0.9954217455253113,0.9954217455253113,60.26021794624998,60.26021794624998,,8.109999847412109,8.109999847412109,7.195714292072115,7.195714292072115,,,,,4.394800009727478,,,19626110.9405517575232000,,,,,,,,
2024-12-30,,,,,,,8.3900003433227540,9.4700002670288090,7.8930001258850100,9.1300001144409180,1456100,,,,,9.1300001144409180,,,,,,,,,,,,,,,,,,,,,,,,,,,,,,,,,,,,,,,,,,,,,,,,,,,,,,,,,,,,,,,,,,,,,,,,,,,,,,,,,,,,,,,,,,,,,,,,,,,,,,,,,,,,,,,,,,,,,,,,,,,,,,,,,,,,,,,,,,,,,0.8881933688721226,2.038333883380681,,,,,,0.04955082620867779,,,,,,,,8.41210919917983,8.41210919917983,7.059934524494392,7.059934524494392,4.307761922715202,4.307761922715202,,,,,,,0.07385531131923405,,1.0610916240791823,1.0610916240791823,1.0085557212360854,1.0085557212360854,62.88885385350903,62.88885385350903,,8.391999912261962,8.391999912261962,7.257142861684163,7.257142861684163,4.307761922715202,4.307761922715202,,,4.534000010490417,,,13294193.1666374206998000,38143860.41801316,,,,,,,
2024-12-31,,,,,,,9.0000000000000000,9.0799999237060550,7.0999999046325680,7.6900000572204590,1105400,,,,,7.6900000572204590,,,,,,,,,,,,,,,,,,,,,,,,,,,,,,,,,,,,,,,,,,,,,,,,,,,,,,,,,,,,,,,,,,,,,,,,,,,,,,,,,,,,,,,,,,,,,,,,,,,,,,,,,,,,,,,,,,,,,,,,,,,,,,,,,,,,,,,,,,,,,1.5756178827833913,2.0840064020098703,3.5324334257233825,,,,,-0.002518338220551596,,,,,,,,8.17140615186004,8.17140615186004,7.11721320928767,7.11721320928767,4.4134568644184915,4.4134568644184915,,,,,,,-0.1716449161830347,,0.9760183296296088,0.9760183296296088,1.00204824291479,1.00204824291479,54.317009780637136,54.317009780637136,,8.25399990081787,8.25399990081787,7.201904751005626,7.201904751005626,4.290142872976879,4.290142872976879,,,4.645000009536743,,,8500526.0632514953786000,38233448.44978045,,,,,,,
2025-01-02,,,,,,,7.9800000190734860,8.1499996185302730,6.9029998779296875,7.5799999237060550,922500,,,,,7.5799999237060550,,,,,,,,,,,,,,,,,,,,,,,,,,,,,,,,,,,,,,,,,,,,,,,,,,,,,,,,,,,,,,,,,,,,,,,,,,,,,,,,,,,,,,,,,,,,,,,,,,,,,,,,,,,,,,,,,,,,,,,,,,,,,,,,,,,,,,,,,,,,,1.5526206172661599,1.9652651853132022,3.4706385753329707,,,,,0.03328432635720388,,,,,,,,7.974270742475378,7.974270742475378,7.159284728780251,7.159284728780251,4.512411335021228,4.512411335021228,,,,,,,-0.014407601369328532,,0.8894678081750378,0.8894678081750378,0.9795321559668396,0.9795321559668396,53.71471480117562,53.71471480117562,,8.17199993133545,8.17199993133545,7.217142831711542,7.217142831711542,4.309666682803441,4.309666682803441,,,4.756200008392334,,,6992549.9296188357375000,38321016.8617135,,,,,,,
2025-01-03,,,,,,,7.6999998092651370,7.8299999237060550,7.3699998855590820,7.5399999618530270,741600,,,,,7.5399999618530270,,,,,,,,,,,,,,,,,,,,,,,,,,,,,,,,,,,,,,,,,,,,,,,,,,,,,,,,,,,,,,,,,,,,,,,,,,,,,,,,,,,,,,,,,,,,,,,,,,,,,,,,,,,,,,,,,,,,,,,,,,,,,,,,,,,,,,,,,,,,,1.5513635515431188,1.9605265632496656,3.4594379575376215,,,,,-0.020783944254845525,,,,,,,,7.829513815601261,7.829513815601261,7.19389520451414,7.19389520451414,4.607023479609722,4.607023479609722,,,,,,,-0.005291012628531447,,0.8083303051420128,0.8083303051420128,0.9452917858018742,0.9452917858018742,53.482475381430056,53.482475381430056,,8.083999919891358,8.083999919891358,7.242857115609305,7.242857115609305,4.341253980757698,4.341253980757698,,,4.868800008296967,,,5591663.9717102048232000,38400091.765693635,,,,,,,
2025-01-06,,,,,,,7.5000000000000000,7.6189999580383300,6.8499999046325680,7.0500001907348630,889600,,,,,7.0500001907348630,,,,,,,,,,,,,,,,,,,,,,,,,,,,,,,,,,,,,,,,,,,,,,,,,,,,,,,,,,,,,,,,,,,,,,,,,,,,,,,,,,,,,,,,,,,,,,,,,,,,,,,,,,,,,,,,,,,,,,,,,,,,,,,,,,,,,,,,,,,,,1.43849933335155,1.883225226588546,3.386894796841326,,,,,-0.011082932562010123,,,,,,,,7.569675940645795,7.569675940645795,7.180813839625115,7.180813839625115,4.683366501832382,4.683366501832382,,,,,,,-0.06719453308181705,,0.6964609941848652,0.6964609941848652,0.8955256274784724,0.8955256274784724,50.59655343239599,50.59655343239599,,7.798000049591065,7.798000049591065,7.2957142648242765,7.2957142648242765,4.391095252264114,4.391095252264114,,,4.974600012302399,,,6271680.1696777341248000,38486410.30777901,,,,,,,
2025-01-07,,,,,,,7.9800000190734860,8.0000000000000000,6.7399997711181640,7.3299999237060550,2244100,,,,,7.3299999237060550,,,,,,,,,,,,,,,,,,,,,,,,,,,,,,,,,,,,,,,,,,,,,,,,,,,,,,,,,,,,,,,,,,,,,,,,,,,,,,,,,,,,,,,,,,,,,,,,,,,,,,,,,,,,,,,,,,,,,,,,,,,,,,,,,,,,,,,,,,,,,1.2819493427624475,1.8854220543433085,3.3099298496560183,,,,,0.041579565616612024,,,,,,,,7.489783934999215,7.489783934999215,7.1943762109052,7.1943762109052,4.7660737962659345,4.7660737962659345,,,,,,,0.03894786161134174,,0.6232133817439491,0.6232133817439491,0.8410631783315677,0.8410631783315677,52.184331280555206,52.184331280555206,,7.438000011444092,7.438000011444092,7.354761872972761,7.354761872972761,4.463476203736805,4.463476203736805,,,5.078000009059906,,,16449252.8287887580255000,38736869.24164257,,,,,,,
2025-01-08,,,,,,,6.9899997711181640,6.9899997711181640,5.6799998283386230,6.1900000572204590,827000,,,,,6.1900000572204590,,,,,,,,,,,,,,,,,,,,,,,,,,,,,,,,,,,,,,,,,,,,,,,,,,,,,,,,,,,,,,,,,,,,,,,,,,,,,,,,,,,,,,,,,,,,,,,,,,,,,,,,,,,,,,,,,,,,,,,,,,,,,,,,,,,,,,,,,,,,,1.2656303374632194,1.982379765846957,3.3161249734115086,,,,,0.04886270422326587,,,,,,,,7.056522642406296,7.056522642406296,7.103069287842951,7.103069287842951,4.810571491920763,4.810571491920763,,,,,,,-0.16904040954958843,,0.4677833441091215,0.4677833441091215,0.7664072114870786,0.7664072114870786,45.738924836529016,45.738924836529016,,7.138000011444092,7.138000011444092,7.353333314259847,7.353333314259847,4.523476203282674,4.523476203282674,,,5.157600009441376,,,5119130.0473213195930000,38810348.242116734,,,,,,,
2025-01-10,,,,,,,6.5900001525878910,6.5900001525878910,5.7459998130798340,6.0999999046325680,952400,,,,,6.0999999046325680,,,,,,,,,,,,,,,,,,,,,,,,,,,,,,,,,,,,,,,,,,,,,,,,,,,,,,,,,,,,,,,,,,,,,,,,,,,,,,,,,,,,,,,,,,,,,,,,,,,,,,,,,,,,,,,,,,,,,,,,,,,,,,,,,,,,,,,,,,,,,1.2652869184658522,1.9721555494455343,3.2676676670472413,,,,,0.050751127874591656,,,,,,,,6.737681729815054,6.737681729815054,7.011881162096553,7.011881162096553,4.850866129818007,4.850866129818007,,,,,,,-0.01464634039526046,,0.33349730992543236,0.33349730992543236,0.6798252311747492,0.6798252311747492,45.26360877331627,45.26360877331627,,6.8420000076293945,6.8420000076293945,7.364285696120489,7.364285696120489,4.590952392608401,4.590952392608401,,,5.23740000963211,,,5809639.9091720577632000,38896791.7597941,,,,,,,
2025-01-13,,,,,,,5.9800000190734860,5.9800000190734860,5.1700000762939450,5.2600002288818360,683600,,,,,5.2600002288818360,,,,,,,,,,,,,,,,,,,,,,,,,,,,,,,,,,,,,,,,,,,,,,,,,,,,,,,,,,,,,,,,,,,,,,,,,,,,,,,,,,,,,,,,,,,,,,,,,,,,,,,,,,,,,,,,,,,,,,,,,,,,,,,,,,,,,,,,,,,,,1.3938594260477482,1.9817517936674716,3.2824549648873207,,,,,0.02451888817862318,,,,,,,,6.245121229503981,6.245121229503981,6.8526192590770325,6.8526192590770325,4.863651570413752,4.863651570413752,,,,,,,-0.14815768528198564,,0.15747839379655293,0.15747839379655293,0.5753558636991101,0.5753558636991101,40.98286341431677,40.98286341431677,,6.386000061035157,6.386000061035157,7.297142846243722,7.297142846243722,4.6463492219410245,4.6463492219410245,,,5.301400015354156,,,3595736.1564636230896000,38949989.79406546,,,,,,,
2025-01-14,,,,,,,5.3000001907348630,6.2500000000000000,5.3000001907348630,6.1999998092651370,787600,,,,,6.1999998092651370,,,,,,,,,,,,,,,,,,,,,,,,,,,,,,,,,,,,,,,,,,,,,,,,,,,,,,,,,,,,,,,,,,,,,,,,,,,,,,,,,,,,,,,,,,,,,,,,,,,,,,,,,,,,,,,,,,,,,,,,,,,,,,,,,,,,,,,,,,,,,2.1879888606511453,1.9947935461665605,3.236619168435848,,,,,0.047760834867030456,,,,,,,,6.230080756091033,6.230080756091033,6.793290218185042,6.793290218185042,4.905412452877858,4.905412452877858,,,,,,,0.16441819102408328,,0.09276293151764659,0.09276293151764659,0.47883727726281733,0.47883727726281733,47.02105325093003,47.02105325093003,,6.215999984741211,6.215999984741211,7.32142854872204,7.32142854872204,4.705873027680412,4.705873027680412,,,5.382800009250641,,,4883119.8497772219012000,37185974.59710969,,,,,,,
2025-01-15,,,,,,,6.2399997711181640,6.4000000953674320,5.8800001144409180,6.3000001907348630,449000,,,,,6.3000001907348630,,,,,,,,,,,,,,,,,,,,,,,,,,,,,,,,,,,,,,,,,,,,,,,,,,,,,,,,,,,,,,,,,,,,,,,,,,,,,,,,,,,,,,,,,,,,,,,,,,,,,,,,,,,,,,,,,,,,,,,,,,,,,,,,,,,,,,,,,,,,,2.1510290929105698,1.7889682772137052,3.2290546005702603,,,,,-0.1748598756232252,,,,,,,,6.253387234305643,6.253387234305643,6.748445670235026,6.748445670235026,4.948993319685889,4.948993319685889,,,,,,,0.01600040238550383,,0.04898004498882358,0.04898004498882358,0.39286583080801857,0.39286583080801857,47.63485709199649,47.63485709199649,,6.0100000381469725,6.0100000381469725,7.274285702478318,7.274285702478318,4.770476205008371,4.770476205008371,,,5.467200014591217,,,2828700.0856399534870000,37163620.62963985,,,,,,,
2025-01-16,,,,,,,6.5300002098083500,6.5900001525878910,6.0300002098083500,6.4000000953674320,717600,,,,,6.4000000953674320,,,,,,,,,,,,,,,,,,,,,,,,,,,,,,,,,,,,,,,,,,,,,,,,,,,,,,,,,,,,,,,,,,,,,,,,,,,,,,,,,,,,,,,,,,,,,,,,,,,,,,,,,,,,,,,,,,,,,,,,,,,,,,,,,,,,,,,,,,,,,1.7655700678867021,1.7850932724865711,3.21641968823319,,,,,-0.16290464451915188,,,,,,,,6.302258187992906,6.302258187992906,6.716768799792518,6.716768799792518,4.9943372814259375,4.9943372814259375,,,,,,,0.015748341593925654,,0.02209623688150142,0.02209623688150142,0.31871191202271515,0.31871191202271515,48.28016358782709,48.28016358782709,,6.052000045776367,6.052000045776367,7.247142859867641,7.247142859867641,4.840793666385469,4.840793666385469,,,5.552000014781952,,,4592640.0684356692032000,37210596.97955601,,,,,,,
2025-01-17,,,,,,,6.5500001907348630,6.5500001907348630,6.0300002098083500,6.1199998855590820,206900,,,,,6.1199998855590820,,,,,,,,,,,,,,,,,,,,,,,,,,,,,,,,,,,,,,,,,,,,,,,,,,,,,,,,,,,,,,,,,,,,,,,,,,,,,,,,,,,,,,,,,,,,,,,,,,,,,,,,,,,,,,,,,,,,,,,,,,,,,,,,,,,,,,,,,,,,,1.801026139122919,1.7427196151590338,3.1920089926456288,,,,,-0.1931766789531171,,,,,,,,6.241505420514964,6.241505420514964,6.662517080316751,6.662517080316751,5.029514237805098,5.029514237805098,,,,,,,-0.04473592744204911,,-0.021554583778535807,-0.021554583778535807,0.25065861286246494,0.25065861286246494,46.55038515965499,46.55038515965499,,6.05600004196167,6.05600004196167,7.1690476054237005,7.1690476054237005,4.898888902058677,4.898888902058677,,,5.635200011730194,,,1266227.9763221740658000,37191394.407142155,,,,,,,
2025-01-21,,,,,,,6.4499998092651370,6.5370001792907715,5.9590001106262210,6.2399997711181640,401800,,,,,6.2399997711181640,,,,,,,,,,,,,,,,,,,,,,,,,,,,,,,,,,,,,,,,,,,,,,,,,,,,,,,,,,,,,,,,,,,,,,,,,,,,,,,,,,,,,,,,,,,,,,,,,,,,,,,,,,,,,,,,,,,,,,,,,,,,,,,,,,,,,,,,,,,,,1.2316267370599638,1.7398239410036587,3.179326290448846,,,,,-0.1860600891257135,,,,,,,,6.2410035373826975,6.2410035373826975,6.624106415844151,6.624106415844151,5.067341910721131,5.067341910721131,,,,,,,0.019418067876816054,,-0.04593566796868487,-0.04593566796868487,0.19133975669623499,0.19133975669623499,47.41984743667369,47.41984743667369,,6.251999950408935,6.251999950408935,7.114761874789283,7.114761874789283,4.963492071817791,4.963492071817791,,,5.718400008678437,,,2507231.9080352782952000,37214041.84952388,,,,,,,
2025-01-22,,,,,,,6.1399998664855960,6.2899999618530270,5.7500000000000000,6.0799999237060550,425300,,,,,6.0799999237060550,,,,,,,,,,,,,,,,,,,,,,,,,,,,,,,,,,,,,,,,,,,,,,,,,,,,,,,,,,,,,,,,,,,,,,,,,,,,,,,,,,,,,,,,,,,,,,,,,,,,,,,,,,,,,,,,,,,,,,,,,,,,,,,,,,,,,,,,,,,,,0.4682787599981856,1.5850252411287789,3.1798905431331654,,,,,-0.17945040231560055,,,,,,,,6.18733566615715,6.18733566615715,6.574642189286143,6.574642189286143,5.09898747362691,5.09898747362691,,,,,,,-0.025975462271824953,,-0.07727769420217445,-0.07727769420217445,0.1376162665165531,0.1376162665165531,46.33751098257227,46.33751098257227,,6.227999973297119,6.227999973297119,7.1185713949657625,7.1185713949657625,5.026031751481313,5.026031751481313,,,5.800800006389618,,,2585823.9675521851915000,37244536.13420592,,,,,,,
2025-01-23,,,,,,,5.9800000190734860,6.1399998664855960,5.7199997901916500,5.9200000762939450,319100,,,,,5.9200000762939450,,,,,,,,,,,,,,,,,,,,,,,,,,,,,,,,,,,,,,,,,,,,,,,,,,,,,,,,,,,,,,,,,,,,,,,,,,,,,,,,,,,,,,,,,,,,,,,,,,,,,,,,,,,,,,,,,,,,,,,,,,,,,,,,,,,,,,,,,,,,,0.45167068973108576,1.2922570433292966,3.177548469789749,,,,,-0.05537097780556219,,,,,,,,6.098223802869415,6.098223802869415,6.515129269923216,6.515129269923216,5.124644117460255,5.124644117460255,,,,,,,-0.02666822164632427,,-0.11371627586867117,-0.11371627586867117,0.08734975803950824,0.08734975803950824,45.22584702160745,45.22584702160745,,6.1519999504089355,6.1519999504089355,7.03238092150007,7.03238092150007,5.0879365148998446,5.0879365148998446,,,5.8800000071525576,,,1889072.0243453978495000,37267743.18227541,,,,,,,
2025-01-24,,,,,,,5.8299999237060550,6.0599999427795410,5.5700001716613770,6.0399999618530270,355100,,,,,6.0399999618530270,,,,,,,,,,,,,,,,,,,,,,,,,,,,,,,,,,,,,,,,,,,,,,,,,,,,,,,,,,,,,,,,,,,,,,,,,,,,,,,,,,,,,,,,,,,,,,,,,,,,,,,,,,,,,,,,,,,,,,,,,,,,,,,,,,,,,,,,,,,,,0.46934926358938206,1.2967443931567102,3.1740795924095413,,,,,0.003340982140145452,,,,,,,,6.078815855863953,6.078815855863953,6.47193569646229,6.47193569646229,5.15324898759753,5.15324898759753,,,,,,,0.020067543847594575,,-0.13139646976940433,-0.13139646976940433,0.043600512477725735,0.043600512477725735,46.267031312133135,46.267031312133135,,6.079999923706055,6.079999923706055,6.952380929674421,6.952380929674421,5.153492070379711,5.153492070379711,,,5.9612000060081485,,,2144803.9864540098877000,37296203.213904016,,,,,,,
2025-01-27,,,,,,,5.5999999046325680,5.6100001335144040,5.0000000000000000,5.1300001144409180,415500,,,,,5.1300001144409180,,,,,,,,,,,,,,,,,,,,,,,,,,,,,,,,,,,,,,,,,,,,,,,,,,,,,,,,,,,,,,,,,,,,,,,,,,,,,,,,,,,,,,,,,,,,,,,,,,,,,,,,,,,,,,,,,,,,,,,,,,,,,,,,,,,,,,,,,,,,,1.1933538432777033,1.3506994774324927,3.188676425155942,,,,,-0.05652880372822486,,,,,,,,5.762543942056274,5.762543942056274,6.349941552642165,6.349941552642165,5.152522460311385,5.152522460311385,,,,,,,-0.16329832414015052,,-0.21634365829123592,-0.21634365829123592,-0.008388321676066597,-0.008388321676066597,40.04979462846008,40.04979462846008,,5.881999969482422,5.881999969482422,6.797619024912517,6.797619024912517,5.206984135839674,5.206984135839674,,,6.022600009441375,,,2131515.0475502014290000,37317702.81790022,,,,,,,
2025-01-28,,,,,,,5.2500000000000000,5.2500000000000000,4.5000000000000000,4.5000000000000000,430700,,,,,4.5000000000000000,,,,,,,,,,,,,,,,,,,,,,,,,,,,,,,,,,,,,,,,,,,,,,,,,,,,,,,,,,,,,,,,,,,,,,,,,,,,,,,,,,,,,,,,,,,,,,,,,,,,,,,,,,,,,,,,,,,,,,,,,,,,,,,,,,,,,,,,,,,,,1.236029429115622,1.399580985477793,3.1790014076136597,,,,,-0.07584362312706587,,,,,,,,5.341695961370849,5.341695961370849,6.181765047856514,6.181765047856514,5.132131133426654,5.132131133426654,,,,,,,-0.13102828471457495,,-0.33068868796270223,-0.33068868796270223,-0.07284839493339372,-0.07284839493339372,36.40272806164793,36.40272806164793,,5.534000015258789,5.534000015258789,6.631428559621175,6.631428559621175,5.244126991620139,5.244126991620139,,,6.074600009918213,,,1938150.0000000000000000,35463345.88584938,,,,,,,
2025-01-29,,,,,,,4.5000000000000000,4.6900000572204590,4.4499998092651370,4.5100002288818360,224800,,,,,4.5100002288818360,,,,,,,,,,,,,,,,,,,,,,,,,,,,,,,,,,,,,,,,,,,,,,,,,,,,,,,,,,,,,,,,,,,,,,,,,,,,,,,,,,,,,,,,,,,,,,,,,,,,,,,,,,,,,,,,,,,,,,,,,,,,,,,,,,,,,,,,,,,,,1.306838196523521,1.4004478211568852,3.1789732500414964,,,,,-0.06879907902454237,,,,,,,,5.064464050541178,5.064464050541178,6.029786427949725,6.029786427949725,5.112689542659629,5.112689542659629,,,,,,,0.002219807488164401,,-0.41570897855846045,-0.41570897855846045,-0.14142051165840708,-0.14142051165840708,36.5015743462089,36.5015743462089,,5.220000076293945,5.220000076293945,6.466190474373954,6.466190474373954,5.280634931155613,5.280634931155613,,,6.129200015068054,,,1013848.0514526367328000,35407389.20288275,,,,,,,
2025-01-30,,,,,,,4.6300001144409180,4.7100000381469730,4.4899997711181640,4.4899997711181640,152200,,,,,4.4899997711181640,,,,,,,,,,,,,,,,,,,,,,,,,,,,,,,,,,,,,,,,,,,,,,,,,,,,,,,,,,,,,,,,,,,,,,,,,,,,,,,,,,,,,,,,,,,,,,,,,,,,,,,,,,,,,,,,,,,,,,,,,,,,,,,,,,,,,,,,,,,,,1.3510475169550615,1.3666594476994367,3.17699080663087,,,,,-0.04305843022125752,,,,,,,,4.872975957400174,4.872975957400174,5.889805822783219,5.889805822783219,5.093230487298958,5.093230487298958,,,,,,,-0.004444553486186869,,-0.47917837119943574,-0.47917837119943574,-0.20897208356661282,-0.20897208356661282,36.37978852965186,36.37978852965186,,4.934000015258789,4.934000015258789,6.276190485273089,6.276190485273089,5.318412706965492,5.318412706965492,,,6.184600009918213,,,683377.9651641845608000,35385508.029353805,,,,,,,
2025-01-31,,,,,,,4.5100002288818360,5.3000001907348630,4.4499998092651370,4.8600001335144040,298100,,,,,4.8600001335144040,,,,,,,,,,,,,,,,,,,,,,,,,,,,,,,,,,,,,,,,,,,,,,,,,,,,,,,,,,,,,,,,,,,,,,,,,,,,,,,,,,,,,,,,,,,,,,,,,,,,,,,,,,,,,,,,,,,,,,,,,,,,,,,,,,,,,,,,,,,,,1.6008926312172662,1.3718918448694857,3.178943165208493,,,,,-0.10863931352793024,,,,,,,,4.868650682771584,4.868650682771584,5.796187123758782,5.796187123758782,5.085942038743191,5.085942038743191,,,,,,,0.07918581460625006,,-0.49392868272187407,-0.49392868272187407,-0.26596340339766505,-0.26596340339766505,40.34510709535621,40.34510709535621,,4.698000049591064,4.698000049591064,6.072857152848017,6.072857152848017,5.3628571544374735,5.3628571544374735,,,6.248400013446808,,,1448766.0398006438324000,35383937.99892191,,,,,,,
2025-02-03,,,,,,,4.4499998092651370,4.5380001068115230,4.1799998283386230,4.3400001525878910,209800,,,,,4.3400001525878910,,,,,,,,,,,,,,,,,,,,,,,,,,,,,,,,,,,,,,,,,,,,,,,,,,,,,,,,,,,,,,,,,,,,,,,,,,,,,,,,,,,,,,,,,,,,,,,,,,,,,,,,,,,,,,,,,,,,,,,,,,,,,,,,,,,,,,,,,,,,,1.390183103164009,1.3093585475859266,3.1887363739101593,,,,,-0.08279357809975083,,,,,,,,4.69243383937702,4.69243383937702,5.663806490015973,5.663806490015973,5.062631354800837,5.062631354800837,,,,,,,-0.11316408211368864,,-0.5413378576612624,-0.5413378576612624,-0.32103829425038455,-0.32103829425038455,36.86726574995626,36.86726574995626,,4.540000057220459,4.540000057220459,5.913333347865513,5.913333347865513,5.397936520122347,5.397936520122347,,,6.306200015544891,,,910532.0320129395318000,35382882.45891427,,,,,,,
2025-02-04,,,,,,,4.4299998283386230,4.9400000572204590,4.4299998283386230,4.7399997711181640,511500,,,,,4.7399997711181640,,,,,,,,,,,,,,,,,,,,,,,,,,,,,,,,,,,,,,,,,,,,,,,,,,,,,,,,,,,,,,,,,,,,,,,,,,,,,,,,,,,,,,,,,,,,,,,,,,,,,,,,,,,,,,,,,,,,,,,,,,,,,,,,,,,,,,,,,,,,,1.2880352263133388,1.3688818161270317,3.191590810409096,,,,,-0.08302727942714103,,,,,,,,4.708289149957401,4.708289149957401,5.579824061025263,5.579824061025263,5.052549117810754,5.052549117810754,,,,,,,0.08816270414886375,,-0.5404039042676425,-0.5404039042676425,-0.3649114162538361,-0.3649114162538361,41.075100508654415,41.075100508654415,,4.588000011444092,4.588000011444092,5.778095245361328,5.778095245361328,5.440158739922539,5.440158739922539,,,6.370600011348724,,,2424509.8829269408860000,35411524.71138523,,,,,,,
2025-02-05,,,,,,,4.7399997711181640,4.9460000991821290,4.5300002098083500,4.6599998474121090,188500,,,,,4.6599998474121090,,,,,,,,,,,,,,,,,,,,,,,,,,,,,,,,,,,,,,,,,,,,,,,,,,,,,,,,,,,,,,,,,,,,,,,,,,,,,,,,,,,,,,,,,,,,,,,,,,,,,,,,,,,,,,,,,,,,,,,,,,,,,,,,,,,,,,,,,,,,,1.3028842213166316,1.367641802502013,3.191749822496287,,,,,-0.07645335565508593,,,,,,,,4.692192715775637,4.692192715775637,5.496203677969522,5.496203677969522,5.040281953110797,5.040281953110797,,,,,,,-0.01702167202630534,,-0.539895485645002,-0.539895485645002,-0.3999082301320693,-0.3999082301320693,40.49379130733923,40.49379130733923,,4.617999935150147,4.617999935150147,5.640952382768903,5.640952382768903,5.4798412758206565,5.4798412758206565,,,6.433400008678436,,,878409.9712371825465000,35416971.72646409,,,,,,,
2025-02-06,,,,,,,4.8600001335144040,5.0599999427795410,4.7049999237060550,4.9499998092651370,294900,,,,,4.9499998092651370,,,,,,,,,,,,,,,,,,,,,,,,,,,,,,,,,,,,,,,,,,,,,,,,,,,,,,,,,,,,,,,,,,,,,,,,,,,,,,,,,,,,,,,,,,,,,,,,,,,,,,,,,,,,,,,,,,,,,,,,,,,,,,,,,,,,,,,,,,,,,1.3488915232070195,1.3868588037254186,3.1853536857459948,,,,,-0.03197166499130404,,,,,,,,4.7781284136054705,4.7781284136054705,5.446548780814578,5.446548780814578,5.037460636115619,5.037460636115619,,,,,,,0.06037212265493107,,-0.5102105967683892,-0.5102105967683892,-0.4219687034593333,-0.4219687034593333,43.609300898519095,43.609300898519095,,4.709999942779541,4.709999942779541,5.540952364603679,5.540952364603679,5.527301589647929,5.527301589647929,,,6.4994000053405765,,,1459754.9437522889013000,35427844.2173954,,,,,,,
2025-02-07,,,,,,,5.0999999046325680,5.3400001525878910,4.7500000000000000,4.8699998855590820,256100,,,,,4.8699998855590820,,,,,,,,,,,,,,,,,,,,,,,,,,,,,,,,,,,,,,,,,,,,,,,,,,,,,,,,,,,,,,,,,,,,,,,,,,,,,,,,,,,,,,,,,,,,,,,,,,,,,,,,,,,,,,,,,,,,,,,,,,,,,,,,,,,,,,,,,,,,,1.2494039363135656,1.3719822613563102,3.1846328222051232,,,,,-0.03998716289858426,,,,,,,,4.808752237590007,4.808752237590007,5.39413524488226,5.39413524488226,5.032227487660728,5.032227487660728,,,,,,,-0.016293624452966227,,-0.48752059971889583,-0.48752059971889583,-0.4350790827112458,-0.4350790827112458,42.941388947161265,42.941388947161265,,4.711999893188477,4.711999893188477,5.423809505644298,5.423809505644298,5.571587303328136,5.571587303328136,,,6.561000003814697,,,1247206.9706916809002000,35438882.0426483,,,,,,,
2025-02-10,,,,,,,4.8000001907348630,4.9200000762939450,4.7690000534057620,4.8000001907348630,109600,,,,,4.8000001907348630,,,,,,,,,,,,,,,,,,,,,,,,,,,,,,,,,,,,,,,,,,,,,,,,,,,,,,,,,,,,,,,,,,,,,,,,,,,,,,,,,,,,,,,,,,,,,,,,,,,,,,,,,,,,,,,,,,,,,,,,,,,,,,,,,,,,,,,,,,,,,0.7997551760781916,1.2595393083150077,3.1817167983306174,,,,,-0.02928517542054578,,,,,,,,4.805834888638293,4.805834888638293,5.340122967232497,5.340122967232497,5.024970384631795,5.024970384631795,,,,,,,-0.014477955945062007,,-0.46977176743283255,-0.46977176743283255,-0.44201761965556313,-0.44201761965556313,42.3304688308028,42.3304688308028,,4.803999900817871,4.803999900817871,5.357619035811651,5.357619035811651,5.616666670829531,5.616666670829531,,,6.528600006103516,,,526080.0209045409848000,35437675.18565125,,,,,,,
2025-02-11,,,,,,,4.7800002098083500,5.8499999046325680,4.7600002288818360,5.6199998855590820,856500,,,,,5.6199998855590820,,,,,,,,,,,,,,,,,,,,,,,,,,,,,,,,,,,,,,,,,,,,,,,,,,,,,,,,,,,,,,,,,,,,,,,,,,,,,,,,,,,,,,,,,,,,,,,,,,,,,,,,,,,,,,,,,,,,,,,,,,,,,,,,,,,,,,,,,,,,,1.2163388929650365,1.3899383164635803,3.1944626234435995,,,,,0.04856441970795885,,,,,,,,5.077223220945222,5.077223220945222,5.365566323444004,5.365566323444004,5.043565056535773,5.043565056535773,,,,,,,0.15771568589217244,,-0.3850993816679411,-0.3850993816679411,-0.4306339720580387,-0.4306339720580387,51.10587529486105,51.10587529486105,,4.979999923706055,4.979999923706055,5.334761892046247,5.334761892046247,5.674761906502739,5.674761906502739,,,6.435,,,4813529.9019813537330000,35499750.64413396,,,,,,,
2025-02-12,,,,,,,5.2500000000000000,5.5149998664855960,5.0599999427795410,5.1799998283386230,451300,,,,,5.1799998283386230,,,,,,,,,,,,,,,,,,,,,,,,,,,,,,,,,,,,,,,,,,,,,,,,,,,,,,,,,,,,,,,,,,,,,,,,,,,,,,,,,,,,,,,,,,,,,,,,,,,,,,,,,,,,,,,,,,,,,,,,,,,,,,,,,,,,,,,,,,,,,1.4506387644157954,1.3202219462921039,3.200485357587854,,,,,0.08946275630922938,,,,,,,,5.111482090076356,5.111482090076356,5.348696642070788,5.348696642070788,5.047828643154611,5.047828643154611,,,,,,,-0.08152662041031761,,-0.3494717406142538,-0.3494717406142538,-0.41440152576928174,-0.41440152576928174,46.97526882973749,46.97526882973749,,5.083999919891357,5.083999919891357,5.330952349163237,5.330952349163237,5.725555554268852,5.725555554268852,,,6.381799993515014,,,2337733.9225292205599000,35522708.38879971,,,,,,,
2025-02-13,,,,,,,5.2899999618530270,5.5980000495910645,5.2500000000000000,5.5000000000000000,235500,,,,,5.5000000000000000,,,,,,,,,,,,,,,,,,,,,,,,,,,,,,,,,,,,,,,,,,,,,,,,,,,,,,,,,,,,,,,,,,,,,,,,,,,,,,,,,,,,,,,,,,,,,,,,,,,,,,,,,,,,,,,,,,,,,,,,,,,,,,,,,,,,,,,,,,,,,1.449911084790396,1.1996538608982046,3.2013722589859896,,,,,0.01590021197620383,,,,,,,,5.240988060050904,5.240988060050904,5.362451492791625,5.362451492791625,5.06195899805603,5.06195899805603,,,,,,,0.059943069106296105,,-0.29204868346684787,-0.29204868346684787,-0.38993095730879496,-0.38993095730879496,50.132064965525686,50.132064965525686,,5.19399995803833,5.19399995803833,5.297619024912517,5.297619024912517,5.780158729780288,5.780158729780288,,,6.31479998588562,,,1295250.0000000000000000,35530669.214546494,,,,,,,
2025-02-14,,,,,,,5.7800002098083500,5.7800002098083500,5.0999999046325680,5.2699999809265140,223800,,,,,5.2699999809265140,,,,,,,,,,,,,,,,,,,,,,,,,,,,,,,,,,,,,,,,,,,,,,,,,,,,,,,,,,,,,,,,,,,,,,,,,,,,,,,,,,,,,,,,,,,,,,,,,,,,,,,,,,,,,,,,,,,,,,,,,,,,,,,,,,,,,,,,,,,,,1.5039414922051404,1.2035057416547397,3.1976093081247177,,,,,-0.03689982137203191,,,,,,,,5.250658700342774,5.250658700342774,5.354046809894797,5.354046809894797,5.068460278770733,5.068460278770733,,,,,,,-0.04271773330441161,,-0.2620784985228415,-0.2620784985228415,-0.3643604655516043,-0.3643604655516043,47.92365188972992,47.92365188972992,,5.273999977111816,5.273999977111816,5.248571395874023,5.248571395874023,5.83365079334804,5.83365079334804,,,6.274999980926514,,,1179425.9957313538332000,35529762.96075677,,,,,,,
2025-02-18,,,,,,,5.3400001525878910,5.4200000762939450,4.9000000953674320,4.9899997711181640,140000,,,,,4.9899997711181640,,,,,,,,,,,,,,,,,,,,,,,,,,,,,,,,,,,,,,,,,,,,,,,,,,,,,,,,,,,,,,,,,,,,,,,,,,,,,,,,,,,,,,,,,,,,,,,,,,,,,,,,,,,,,,,,,,,,,,,,,,,,,,,,,,,,,,,,,,,,,1.5798518378565751,1.2102967606880497,3.1965780455443547,,,,,-0.08811629932564613,,,,,,,,5.163772390601237,5.163772390601237,5.3209516245514665,5.3209516245514665,5.06600838790659,5.06600838790659,,,,,,,-0.05459449503869068,,-0.257947133910136,-0.257947133910136,-0.3430777992233106,-0.3430777992233106,45.30700432278208,45.30700432278208,,5.311999893188476,5.311999893188476,5.181428523290725,5.181428523290725,5.8846031711215065,5.8846031711215065,,,6.234799976348877,,,698599.9679565429600000,35528810.008060746,,,,,,,
2025-02-19,,,,,,,5.0000000000000000,5.1599998474121090,4.9099998474121090,4.9099998474121090,143000,,,,,4.9099998474121090,,,,,,,,,,,,,,,,,,,,,,,,,,,,,,,,,,,,,,,,,,,,,,,,,,,,,,,,,,,,,,,,,,,,,,,,,,,,,,,,,,,,,,,,,,,,,,,,,,,,,,,,,,,,,,,,,,,,,,,,,,,,,,,,,,,,,,,,,,,,,0.85701083759669,1.2045481940825387,3.195616029703272,,,,,-0.09012584410075375,,,,,,,,5.0791815428715275,5.0791815428715275,5.283592372084253,5.283592372084253,5.061133121016137,5.061133121016137,,,,,,,-0.016161953165857588,,-0.2581525016014048,-0.2581525016014048,-0.32609273969892943,-0.32609273969892943,44.558419522549016,44.558419522549016,,5.169999885559082,5.169999885559082,5.123809473855155,5.123809473855155,5.935238088880267,5.935238088880267,,,6.21419997215271,,,702129.9781799315870000,35536078.102888,,,,,,,
2025-02-20,,,,,,,4.9000000953674320,4.9899997711181640,4.6399998664855960,4.7699999809265140,168600,,,,,4.7699999809265140,,,,,,,,,,,,,,,,,,,,,,,,,,,,,,,,,,,,,,,,,,,,,,,,,,,,,,,,,,,,,,,,,,,,,,,,,,,,,,,,,,,,,,,,,,,,,,,,,,,,,,,,,,,,,,,,,,,,,,,,,,,,,,,,,,,,,,,,,,,,,0.7159676854529483,1.2010606905628036,3.1955825947264054,,,,,-0.09843306861183151,,,,,,,,4.9761210222231895,4.9761210222231895,5.236902154706276,5.236902154706276,5.052035210388336,5.052035210388336,,,,,,,-0.0289276098278499,,-0.2665395738814329,-0.2665395738814329,-0.31418210653543016,-0.31418210653543016,43.21283450350973,43.21283450350973,,5.08799991607666,5.08799991607666,5.053809483846028,5.053809483846028,5.984444438465058,5.984444438465058,,,6.1877999687194825,,,804221.9967842102604000,35544692.38865792,,,,,,,
2025-02-21,,,,,,,4.8099999427795410,4.9000000953674320,4.5500001907348630,4.6199998855590820,142600,,,,,4.6199998855590820,,,,,,,,,,,,,,,,,,,,,,,,,,,,,,,,,,,,,,,,,,,,,,,,,,,,,,,,,,,,,,,,,,,,,,,,,,,,,,,,,,,,,,,,,,,,,,,,,,,,,,,,,,,,,,,,,,,,,,,,,,,,,,,,,,,,,,,,,,,,,0.2306537280997003,1.2020652068558848,3.181071991316248,,,,,-0.132363459211766,,,,,,,,4.857413976668488,4.857413976668488,5.18082013023835,5.18082013023835,5.038534106487422,5.038534106487422,,,,,,,-0.031951620578729654,,-0.2820389734591249,-0.2820389734591249,-0.3077534799201691,-0.3077534799201691,41.757818517997926,41.757818517997926,,4.911999893188477,4.911999893188477,4.984285672505696,4.984285672505696,6.034761896209111,6.034761896209111,,,6.155799970626831,,,658811.9836807250932000,35546850.19764976,,,,,,,
2025-02-24,,,,,,,4.6500000953674320,4.7300000190734860,4.1700000762939450,4.2600002288818360,193100,,,,,4.2600002288818360,,,,,,,,,,,,,,,,,,,,,,,,,,,,,,,,,,,,,,,,,,,,,,,,,,,,,,,,,,,,,,,,,,,,,,,,,,,,,,,,,,,,,,,,,,,,,,,,,,,,,,,,,,,,,,,,,,,,,,,,,,,,,,,,,,,,,,,,,,,,,0.40684606257953954,1.2244181707617932,3.1866993721987225,,,,,-0.15444487102666415,,,,,,,,4.658276060739603,4.658276060739603,5.09710923011503,5.09710923011503,5.014204922812247,5.014204922812247,,,,,,,-0.08112546631347763,,-0.3196861796613808,-0.3196861796613808,-0.31014001986841144,-0.31014001986841144,38.414728907613764,38.414728907613764,,4.709999942779541,4.709999942779541,4.905238060724168,4.905238060724168,6.078253963636974,6.078253963636974,,,6.123599977493286,,,822606.0441970825316000,35550883.944496274,,,,,,,
2025-02-25,,,,,,,4.0500001907348630,4.3600001335144040,3.6800000667572020,3.9300000667572020,246000,,,,,3.9300000667572020,,,,,,,,,,,,,,,,,,,,,,,,,,,,,,,,,,,,,,,,,,,,,,,,,,,,,,,,,,,,,,,,,,,,,,,,,,,,,,,,,,,,,,,,,,,,,,,,,,,,,,,,,,,,,,,,,,,,,,,,,,,,,,,,,,,,,,,,,,,,,0.48907118284422735,1.237009691848976,3.192456624615369,,,,,-0.22370368524366185,,,,,,,,4.415517396078803,4.415517396078803,4.9910083970825,4.9910083970825,4.9803235210605274,4.9803235210605274,,,,,,,-0.0806297711416729,,-0.371863505947605,-0.371863505947605,-0.32248471708425014,-0.32248471708425014,35.60107859503713,35.60107859503713,,4.498000001907348,4.498000001907348,4.804761875243414,4.804761875243414,6.116507933253334,6.116507933253334,,,6.068799977302551,,,966780.0164222716920000,35563247.56384198,,,,,,,
2025-02-26,,,,,,,3.9300000667572020,4.1100001335144040,3.7100000381469727,3.7100000381469727,111400,,,,,3.7100000381469727,,,,,,,,,,,,,,,,,,,,,,,,,,,,,,,,,,,,,,,,,,,,,,,,,,,,,,,,,,,,,,,,,,,,,,,,,,,,,,,,,,,,,,,,,,,,,,,,,,,,,,,,,,,,,,,,,,,,,,,,,,,,,,,,,,,,,,,,,,,,,0.4009473060765276,1.133056069892524,3.1927662097404395,,,,,-0.21315013629556162,,,,,,,,4.18034494343486,4.18034494343486,4.874553091724725,4.874553091724725,4.940625912219478,4.940625912219478,,,,,,,-0.05760755596618861,,-0.42605527661999076,-0.42605527661999076,-0.34319882899139825,-0.34319882899139825,33.822506769523734,33.822506769523734,,4.258000040054322,4.258000040054322,4.737142823991322,4.737142823991322,6.149206346935696,6.149206346935696,,,6.029199976921081,,,413294.0042495727587800,35365082.07480416,,,,,,,
2025-02-27,,,,,,,3.9600000381469727,3.9600000381469727,3.5999999046325684,3.6700000762939453,116200,,,,,3.6700000762939453,,,,,,,,,,,,,,,,,,,,,,,,,,,,,,,,,,,,,,,,,,,,,,,,,,,,,,,,,,,,,,,,,,,,,,,,,,,,,,,,,,,,,,,,,,,,,,,,,,,,,,,,,,,,,,,,,,,,,,,,,,,,,,,,,,,,,,,,,,,,,0.48893349656277596,1.0521631832746887,3.1900429683305576,,,,,-0.1576550637476331,,,,,,,,4.010229987721221,4.010229987721221,4.765048272140109,4.765048272140109,4.900918854846806,4.900918854846806,,,,,,,-0.010840204046526929,,-0.4668487659656062,-0.4668487659656062,-0.36792881638623987,-0.36792881638623987,33.49485846669402,33.49485846669402,,4.038000059127808,4.038000059127808,4.697619018100557,4.697619018100557,6.179047618593488,6.179047618593488,,,5.9567999792099,,,426454.0088653564438600,35349075.567493744,,,,,,,
2025-02-28,,,,,,,3.5000000000000000,3.6600000858306885,3.3329999446868896,3.4000000953674316,158700,,,,,3.4000000953674316,,,,,,,,,,,,,,,,,,,,,,,,,,,,,,,,,,,,,,,,,,,,,,,,,,,,,,,,,,,,,,,,,,,,,,,,,,,,,,,,,,,,,,,,,,,,,,,,,,,,,,,,,,,,,,,,,,,,,,,,,,,,,,,,,,,,,,,,,,,,,0.47325018301605154,1.0759241235139914,1.8913148635673986,,,,,-0.1560589743286943,,,,,,,,3.8068200236032914,3.8068200236032914,4.640952983342593,4.640952983342593,4.854015143613076,4.854015143613076,,,,,,,-0.07641622318365979,,-0.515027723151146,-0.515027723151146,-0.3973485977392211,-0.3973485977392211,31.29134740841626,31.29134740841626,,3.7940001010894777,3.7940001010894777,4.644761868885586,4.644761868885586,6.1311111109597345,6.1311111109597345,,,5.885399985313415,,,539580.0151348113949200,23495874.95058075,,,,,,,
2025-03-03,,,,,,,3.2300000190734863,3.4500000476837160,2.6500000953674316,2.7000000476837160,318000,,,,,2.7000000476837160,,,,,,,,,,,,,,,,,,,,,,,,,,,,,,,,,,,,,,,,,,,,,,,,,,,,,,,,,,,,,,,,,,,,,,,,,,,,,,,,,,,,,,,,,,,,,,,,,,,,,,,,,,,,,,,,,,,,,,,,,,,,,,,,,,,,,,,,,,,,,1.31211050812685,1.3113461328085696,1.6718799216489026,,,,,-0.1747025121824079,,,,,,,,3.4378800316300997,3.4378800316300997,4.464502716464513,4.464502716464513,4.786702171865283,4.786702171865283,,,,,,,-0.23052366900044116,,-0.6027459672211242,-0.6027459672211242,-0.4384280716356017,-0.4384280716356017,26.4357020919467,26.4357020919467,,3.4820000648498537,3.4820000648498537,4.559523786817278,4.559523786817278,6.01047618805416,6.01047618805416,,,5.784199981689453,,,858600.0151634216880000,10369417.247176548,,,,,,,
2025-03-04,,,,,,,2.6600000858306885,3.0199999809265137,2.4460000991821290,2.8399999141693115,264500,,,,,2.8399999141693115,,,,,,,,,,,,,,,,,,,,,,,,,,,,,,,,,,,,,,,,,,,,,,,,,,,,,,,,,,,,,,,,,,,,,,,,,,,,,,,,,,,,,,,,,,,,,,,,,,,,,,,,,,,,,,,,,,,,,,,,,,,,,,,,,,,,,,,,,,,,,1.6624456549601632,1.2864111985630542,1.5974937829571696,,,,,-0.15536352120016933,,,,,,,,3.2385866591431705,3.2385866591431705,4.316820643528586,4.316820643528586,4.725867726312284,4.725867726312284,,,,,,,0.05055223128012209,,-0.6534341067902503,-0.6534341067902503,-0.4814292786665314,-0.4814292786665314,28.81487591729281,28.81487591729281,,3.2640000343322755,3.2640000343322755,4.463333300181797,4.463333300181797,5.93111110490466,5.93111110490466,,,5.693399977684021,,,751179.9772977828917500,9505687.388503741,,,,,,,
2025-03-05,,,,,,,3.1600000858306885,3.1700000762939453,2.9200000762939453,3.0099999904632570,146200,,,,,3.0099999904632570,,,,,,,,,,,,,,,,,,,,,,,,,,,,,,,,,,,,,,,,,,,,,,,,,,,,,,,,,,,,,,,,,,,,,,,,,,,,,,,,,,,,,,,,,,,,,,,,,,,,,,,,,,,,,,,,,,,,,,,,,,,,,,,,,,,,,,,,,,,,,1.8831469567402577,1.276287600571793,1.5803552498522035,,,,,-0.1607744728230744,,,,,,,,3.1623911029165326,3.1623911029165326,4.198018765977192,4.198018765977192,4.672246859567002,4.672246859567002,,,,,,,0.058136053641390344,,-0.6721392344771968,-0.6721392344771968,-0.5195712698286645,-0.5195712698286645,31.703325647388695,31.703325647388695,,3.1240000247955324,3.1240000247955324,4.399999959128244,4.399999959128244,5.838412685999795,5.838412685999795,,,5.633599977493287,,,440061.9986057281734000,8501370.313144486,,,,,,,
2025-03-06,,,,,,,3.0399999618530273,3.4219999313354490,2.8699998855590820,3.0299999713897705,343300,,,,,3.0299999713897705,,,,,,,,,,,,,,,,,,,,,,,,,,,,,,,,,,,,,,,,,,,,,,,,,,,,,,,,,,,,,,,,,,,,,,,,,,,,,,,,,,,,,,,,,,,,,,,,,,,,,,,,,,,,,,,,,,,,,,,,,,,,,,,,,,,,,,,,,,,,,1.905196367713686,1.2213647322689734,1.537554214985478,,,,,-0.2159157898063145,,,,,,,,3.1182607257409454,3.1182607257409454,4.091835239196517,4.091835239196517,4.620926644311464,4.620926644311464,,,,,,,0.006622534486526702,,-0.6775391025970223,-0.6775391025970223,-0.551164836382336,-0.551164836382336,32.05263749772994,32.05263749772994,,2.9960000038146974,2.9960000038146974,4.318571397236416,4.318571397236416,5.771269824769762,5.771269824769762,,,5.539599976539612,,,1040198.9901781082126500,8288085.115267739,,,,,,,
2025-03-07,,,,,,,2.9800000190734863,3.0480000972747803,2.7799999713897705,2.9400000572204590,137000,,,,,2.9400000572204590,,,,,,,,,,,,,,,,,,,,,,,,,,,,,,,,,,,,,,,,,,,,,,,,,,,,,,,,,,,,,,,,,,,,,,,,,,,,,,,,,,,,,,,,,,,,,,,,,,,,,,,,,,,,,,,,,,,,,,,,,,,,,,,,,,,,,,,,,,,,,1.8749955430847083,1.2216310833792043,1.5372287102459063,,,,,-0.1988775930253381,,,,,,,,3.0588405029007832,3.0588405029007832,3.9871229499259666,3.9871229499259666,4.568397688464869,4.568397688464869,,,,,,,-0.030153009265626557,,-0.6812280055010249,-0.6812280055010249,-0.5771774702060738,-0.5771774702060738,31.277388097767094,31.277388097767094,,2.903999996185303,2.903999996185303,4.2366666453225275,4.2366666453225275,5.706825381233578,5.706825381233578,,,5.443999981880188,,,402780.0078392028830000,7935478.448725504,,,,,,,
2025-03-10,,,,,,,2.8599998950958250,2.9100000858306885,2.5599999427795410,2.6700000762939453,107700,,,,,2.6700000762939453,,,,,,,,,,,,,,,,,,,,,,,,,,,,,,,,,,,,,,,,,,,,,,,,,,,,,,,,,,,,,,,,,,,,,,,,,,,,,,,,,,,,,,,,,,,,,,,,,,,,,,,,,,,,,,,,,,,,,,,,,,,,,,,,,,,,,,,,,,,,,1.008471860324085,1.2091461653372748,1.5160811422031597,,,,,-0.2377713406331759,,,,,,,,2.9292270273651706,2.9292270273651706,3.86738450686851,3.86738450686851,4.509072763084528,4.509072763084528,,,,,,,-0.09633109982666209,,-0.6978933494968627,-0.6978933494968627,-0.6013206460642316,-0.6013206460642316,29.010455844884827,29.010455844884827,,2.8980000019073486,2.8980000019073486,4.128095229466756,4.128095229466756,5.654920619631571,5.654920619631571,,,5.329799981117248,,,287559.0082168579088100,7828908.30492822,,,,,,,
2025-03-11,,,,,,,2.9700000286102295,2.9700000286102295,2.7200000286102295,2.8099999427795410,98900,,,,,2.8099999427795410,,,,,,,,,,,,,,,,,,,,,,,,,,,,,,,,,,,,,,,,,,,,,,,,,,,,,,,,,,,,,,,,,,,,,,,,,,,,,,,,,,,,,,,,,,,,,,,,,,,,,,,,,,,,,,,,,,,,,,,,,,,,,,,,,,,,,,,,,,,,,1.01030386100574,1.2404839069110543,1.5196202043547438,,,,,-0.21933840859951192,,,,,,,,2.8894846658366276,2.8894846658366276,3.7712586374058765,3.7712586374058765,4.455976737449997,4.455976737449997,,,,,,,0.05110596199583249,,-0.6918289618594584,-0.6918289618594584,-0.619422309223277,-0.619422309223277,31.77180006240502,31.77180006240502,,2.8920000076293944,2.8920000076293944,4.029999994096302,4.029999994096302,5.602857124237787,5.602857124237787,,,5.226199984550476,,,277908.9943408966049000,7502999.883863661,,,,,,,
2025-03-12,,,,,,,2.8699998855590820,4.7399997711181640,2.8599998950958250,4.5700001716613770,6892200,,,,,4.5700001716613770,,,,,,,,,,,,,,,,,,,,,,,,,,,,,,,,,,,,,,,,,,,,,,,,,,,,,,,,,,,,,,,,,,,,,,,,,,,,,,,,,,,,,,,,,,,,,,,,,,,,,,,,,,,,,,,,,,,,,,,,,,,,,,,,,,,,,,,,,,,,,3.6759579370966664,2.1670833875406132,1.8169260099279885,,,,,0.4068762441159839,,,,,,,,3.449656501111544,3.449656501111544,3.8438715041563767,3.8438715041563767,4.459539969769103,4.459539969769103,,,,,,,0.48632877948627556,,-0.5387946916132611,-0.5387946916132611,-0.6032967857012738,-0.6032967857012738,55.30762340700813,55.30762340700813,,3.2040000438690184,3.2040000438690184,4.01904761223566,4.01904761223566,5.576666654102386,5.576666654102386,,,5.157999987602234,,,31497355.1831245425594000,7876583.303731585,,,,,,,
2025-03-13,,,,,,,4.6300001144409180,4.6599998474121090,3.8199999332427980,4.0199999809265140,1662500,,,,,4.0199999809265140,,,,,,,,,,,,,,,,,,,,,,,,,,,,,,,,,,,,,,,,,,,,,,,,,,,,,,,,,,,,,,,,,,,,,,,,,,,,,,,,,,,,,,,,,,,,,,,,,,,,,,,,,,,,,,,,,,,,,,,,,,,,,,,,,,,,,,,,,,,,,3.966829759543536,2.1269959946546715,1.8306570322207127,,,,,0.2691731862440436,,,,,,,,3.6397709943832006,3.6397709943832006,3.8598831838627525,3.8598831838627525,4.445804345117772,4.445804345117772,,,,,,,-0.12823134458249585,,-0.45663059547770235,-0.45663059547770235,-0.5739635476565595,-0.5739635476565595,49.554741057162396,49.554741057162396,,3.4020000457763673,3.4020000457763673,3.9428571405864896,3.9428571405864896,5.547301576251075,5.547301576251075,,,5.068799996376038,,,6683249.9682903295250000,7897626.17790207,,,,,,,
2025-03-14,,,,,,,3.9100000858306885,4.1479997634887695,3.4000000953674316,3.4900000095367430,696100,,,,,3.4900000095367430,,,,,,,,,,,,,,,,,,,,,,,,,,,,,,,,,,,,,,,,,,,,,,,,,,,,,,,,,,,,,,,,,,,,,,,,,,,,,,,,,,,,,,,,,,,,,,,,,,,,,,,,,,,,,,,,,,,,,,,,,,,,,,,,,,,,,,,,,,,,,4.192169437438385,2.160093509081817,1.8298574794386195,,,,,0.2387848216152983,,,,,,,,3.589847332767715,3.589847332767715,3.8262574407422063,3.8262574407422063,4.415935459630865,4.415935459630865,,,,,,,-0.14138015893935432,,-0.4293324484113885,-0.4293324484113885,-0.5450373278075253,-0.5450373278075253,44.72675933249609,44.72675933249609,,3.512000036239624,3.512000036239624,3.862380958738781,3.862380958738781,5.496825384715247,5.496825384715247,,,4.9559999942779545,,,2429389.0066385268023000,7838149.494346362,,,,,,,
2025-03-17,,,,,,,3.5699999332427980,3.7999999523162840,3.4170000553131104,3.4500000476837160,381100,,,,,3.4500000476837160,,,,,,,,,,,,,,,,,,,,,,,,,,,,,,,,,,,,,,,,,,,,,,,,,,,,,,,,,,,,,,,,,,,,,,,,,,,,,,,,,,,,,,,,,,,,,,,,,,,,,,,,,,,,,,,,,,,,,,,,,,,,,,,,,,,,,,,,,,,,,4.067054721433893,2.141371232871077,1.8047705011422928,,,,,0.2030855013589709,,,,,,,,3.5432315710730484,3.5432315710730484,3.7920522231914346,3.7920522231914346,4.385749978007516,4.385749978007516,,,,,,,-0.011527494082291789,,-0.40624321392421736,-0.40624321392421736,-0.5172785050308637,-0.5172785050308637,44.375368205908146,44.375368205908146,,3.668000030517578,3.668000030517578,3.7647619133903865,3.7647619133903865,5.461269829008314,5.461269829008314,,,4.8711999940872195,,,1314795.0181722641676000,7801207.049608988,,,,,,,
2025-03-18,,,,,,,3.7599999904632570,3.9400000572204590,3.1800000667572020,3.2999999523162840,386400,,,,,3.2999999523162840,,,,,,,,,,,,,,,,,,,,,,,,,,,,,,,,,,,,,,,,,,,,,,,,,,,,,,,,,,,,,,,,,,,,,,,,,,,,,,,,,,,,,,,,,,,,,,,,,,,,,,,,,,,,,,,,,,,,,,,,,,,,,,,,,,,,,,,,,,,,,4.123468835628193,2.1415889119340537,1.7295326323010536,,,,,0.18865357505667402,,,,,,,,3.4621543648207935,3.4621543648207935,3.747320198566421,3.747320198566421,4.351820289704666,4.351820289704666,,,,,,,-0.0444517908418116,,-0.395489625122563,-0.395489625122563,-0.4929207290492036,-0.4929207290492036,43.010732172201024,43.010732172201024,,3.7660000324249268,3.7660000324249268,3.670952388218471,3.670952388218471,5.397936495523604,5.397936495523604,,,4.785599994659424,,,1275119.9815750121376000,5579251.346763732,,,,,,,
2025-03-19,,,,,,,3.2000000476837160,3.2999999523162840,2.9400000572204590,3.0799999237060547,274000,,,,,3.0799999237060547,,,,,,,,,,,,,,,,,,,,,,,,,,,,,,,,,,,,,,,,,,,,,,,,,,,,,,,,,,,,,,,,,,,,,,,,,,,,,,,,,,,,,,,,,,,,,,,,,,,,,,,,,,,,,,,,,,,,,,,,,,,,,,,,,,,,,,,,,,,,,0.8753044098551886,2.144903695443493,1.7320328581948876,,,,,0.1890670514972694,,,,,,,,3.3347695511158806,3.3347695511158806,3.6866547190336605,3.6866547190336605,4.312075903267209,4.312075903267209,,,,,,,-0.0689928818081022,,-0.4001073042682646,-0.4001073042682646,-0.4743580440930158,-0.4743580440930158,41.01836623106499,41.01836623106499,,3.467999982833862,3.467999982833862,3.58000001453218,3.58000001453218,5.336190465896848,5.336190465896848,,,4.696399993896485,,,843919.9790954589878000,5417102.478700214,,,,,,,
2025-03-20,,,,,,,3.0399999618530273,3.1649999618530273,3.0000000000000000,3.0799999237060547,147400,,,,,3.0799999237060547,,,,,,,,,,,,,,,,,,,,,,,,,,,,,,,,,,,,,,,,,,,,,,,,,,,,,,,,,,,,,,,,,,,,,,,,,,,,,,,,,,,,,,,,,,,,,,,,,,,,,,,,,,,,,,,,,,,,,,,,,,,,,,,,,,,,,,,,,,,,,0.8933730893954721,2.146280922991073,1.7149417824687185,,,,,0.19966606588624788,,,,,,,,3.249846341979272,3.249846341979272,3.6315042830947872,3.6315042830947872,4.2735735289059225,4.2735735289059225,,,,,,,0,,-0.3991655166557142,-0.3991655166557142,-0.45931953860555547,-0.45931953860555547,41.01836623106499,41.01836623106499,,3.2799999713897705,3.2799999713897705,3.4928571610223678,3.4928571610223678,5.261904746767074,5.261904746767074,,,4.616999988555908,,,453991.9887542724627800,5181494.598344016,,,,,,,
2025-03-21,,,,,,,3.0099999904632570,3.0650000572204590,2.8699998855590820,2.9300000667572020,170300,,,,,2.9300000667572020,,,,,,,,,,,,,,,,,,,,,,,,,,,,,,,,,,,,,,,,,,,,,,,,,,,,,,,,,,,,,,,,,,,,,,,,,,,,,,,,,,,,,,,,,,,,,,,,,,,,,,,,,,,,,,,,,,,,,,,,,,,,,,,,,,,,,,,,,,,,,0.452049291823351,2.1483412412062206,1.7149181556688384,,,,,0.19793559344253508,,,,,,,,3.1432309169052486,3.1432309169052486,3.567731172518643,3.567731172518643,4.231586858213775,4.231586858213775,,,,,,,-0.049927126401717634,,-0.40584455464572455,-0.40584455464572455,-0.4486245418135893,-0.4486245418135893,39.56897848141733,39.56897848141733,,3.1679999828338623,3.1679999828338623,3.4052381174904958,3.4052381174904958,5.19126982537527,5.19126982537527,,,4.528999991416931,,,498979.0113687515006000,4967675.182387564,,,,,,,
2025-03-24,,,,,,,3.0099999904632570,3.0499999523162840,2.9300000667572020,2.9900000095367430,145600,,,,,2.9900000095367430,,,,,,,,,,,,,,,,,,,,,,,,,,,,,,,,,,,,,,,,,,,,,,,,,,,,,,,,,,,,,,,,,,,,,,,,,,,,,,,,,,,,,,,,,,,,,,,,,,,,,,,,,,,,,,,,,,,,,,,,,,,,,,,,,,,,,,,,,,,,,0.590994395337579,2.153273844934558,1.6709843952139896,,,,,0.20447318222361893,,,,,,,,3.0921539477824136,3.0921539477824136,3.5152101577021067,3.5152101577021067,4.192787269192618,4.192787269192618,,,,,,,0.020270944779137455,,-0.4016660897763309,-0.4016660897763309,-0.4392328514061376,-0.4392328514061376,40.47502423631009,40.47502423631009,,3.0759999752044678,3.0759999752044678,3.3276190757751465,3.3276190757751465,5.143492047748868,5.143492047748868,,,4.464999990463257,,,435344.0013885497808000,4850375.880822303,,,,,,,
2025-03-25,,,,,,,3.1099998950958250,3.2000000476837160,2.9700000286102295,3.1199998855590820,175700,,,,,3.1199998855590820,,,,,,,,,,,,,,,,,,,,,,,,,,,,,,,,,,,,,,,,,,,,,,,,,,,,,,,,,,,,,,,,,,,,,,,,,,,,,,,,,,,,,,,,,,,,,,,,,,,,,,,,,,,,,,,,,,,,,,,,,,,,,,,,,,,,,,,,,,,,,0.7465137386298542,2.1521823226566785,1.5864602660311753,,,,,0.21896279176317915,,,,,,,,3.1014359270413028,3.1014359270413028,3.47928195114365,3.47928195114365,4.1592626634540695,4.1592626634540695,,,,,,,0.04255957454946757,,-0.3834446119221595,-0.3834446119221595,-0.428075203509342,-0.428075203509342,42.487045910832876,42.487045910832876,,3.0399999618530273,3.0399999618530273,3.27333334514073,3.27333334514073,5.070317442454989,5.070317442454989,,,4.405399990081787,,,548183.9798927307074000,3822582.3700091196,,,,,,,
2025-03-26,,,,,,,3.0699999332427980,3.1199998855590820,2.7999999523162840,2.8299999237060547,228600,,,,,2.8299999237060547,,,,,,,,,,,,,,,,,,,,,,,,,,,,,,,,,,,,,,,,,,,,,,,,,,,,,,,,,,,,,,,,,,,,,,,,,,,,,,,,,,,,,,,,,,,,,,,,,,,,,,,,,,,,,,,,,,,,,,,,,,,,,,,,,,,,,,,,,,,,,0.8979610145027856,2.1594891679942956,1.594887239249558,,,,,0.20995093272030627,,,,,,,,3.010957259262887,3.010957259262887,3.420256312285687,3.420256312285687,4.117723202836944,4.117723202836944,,,,,,,-0.09755628044545428,,-0.387932686207912,-0.387932686207912,-0.420046700049056,-0.420046700049056,39.29607878869101,39.29607878869101,,2.9899999618530275,2.9899999618530275,3.2209523859478177,3.2209523859478177,4.992698396955218,4.992698396955218,,,4.356799983978272,,,646937.9825592041044200,3471886.0938280346,,,,,,,
2025-03-27,,,,,,,2.8499999046325684,3.0599999427795410,2.8199999332427980,2.9000000953674316,273300,,,,,2.9000000953674316,,,,,,,,,,,,,,,,,,,,,,,,,,,,,,,,,,,,,,,,,,,,,,,,,,,,,,,,,,,,,,,,,,,,,,,,,,,,,,,,,,,,,,,,,,,,,,,,,,,,,,,,,,,,,,,,,,,,,,,,,,,,,,,,,,,,,,,,,,,,,0.9426282931743147,2.158098708637243,1.5846347172606225,,,,,0.20890772889756143,,,,,,,,2.9739715379644016,2.9739715379644016,3.3729602925658453,3.3729602925658453,4.079669355728522,4.079669355728522,,,,,,,0.02443408518159451,,-0.381444039134498,-0.381444039134498,-0.4123261678661444,-0.4123261678661444,40.45852070447681,40.45852070447681,,2.9539999961853027,2.9539999961853027,3.182380960101173,3.182380960101173,4.905714269668337,4.905714269668337,,,4.290799989700317,,,792570.0260639190562800,3337723.457317125,,,,,,,
2025-03-28,,,,,,,2.9000000953674316,2.9600000381469727,2.6730000972747803,2.7999999523162840,179100,,,,,2.7999999523162840,,,,,,,,,,,,,,,,,,,,,,,,,,,,,,,,,,,,,,,,,,,,,,,,,,,,,,,,,,,,,,,,,,,,,,,,,,,,,,,,,,,,,,,,,,,,,,,,,,,,,,,,,,,,,,,,,,,,,,,,,,,,,,,,,,,,,,,,,,,,,0.9103985635371086,2.159607358462591,1.583840656061654,,,,,0.21173462839024057,,,,,,,,2.915981009415029,2.915981009415029,3.3208729889067943,3.3208729889067943,4.03967968687189,4.03967968687189,,,,,,,-0.03509136972648951,,-0.3799906200567351,-0.3799906200567351,-0.40585905830426255,-0.40585905830426255,39.3007008029173,39.3007008029173,,2.927999973297119,2.927999973297119,3.1409523827689037,3.1409523827689037,4.823333320163545,4.823333320163545,,,4.220799984931946,,,501479.9914598464644000,3267292.681649375,,,,,,,
2025-03-31,,,,,,,2.5999999046325684,2.6500000953674316,2.5000000000000000,2.5799999237060547,184100,,,,,2.5799999237060547,,,,,,,,,,,,,,,,,,,,,,,,,,,,,,,,,,,,,,,,,,,,,,,,,,,,,,,,,,,,,,,,,,,,,,,,,,,,,,,,,,,,,,,,,,,,,,,,,,,,,,,,,,,,,,,,,,,,,,,,,,,,,,,,,,,,,,,,,,,,,0.9882700538193643,2.1616945139734995,1.5888487846120636,,,,,0.21934602832484526,,,,,,,,2.803987314178704,2.803987314178704,3.2535208920703633,3.2535208920703633,3.994064694272957,3.994064694272957,,,,,,,-0.08183003078903062,,-0.3920713838016776,-0.3920713838016776,-0.40310152340374555,-0.40310152340374555,36.80525769533036,36.80525769533036,,2.8459999561309814,2.8459999561309814,3.1019047555469332,3.1019047555469332,4.73761903293549,4.73761903293549,,,4.144399981498719,,,474977.9859542846702700,3122591.3477292135,,,,,,,
2025-04-01,,,,,,,2.5699999332427980,2.7049999237060547,2.5099999904632570,2.6900000572204590,136700,,,,,2.6900000572204590,,,,,,,,,,,,,,,,,,,,,,,,,,,,,,,,,,,,,,,,,,,,,,,,,,,,,,,,,,,,,,,,,,,,,,,,,,,,,,,,,,,,,,,,,,,,,,,,,,,,,,,,,,,,,,,,,,,,,,,,,,,,,,,,,,,,,,,,,,,,,0.984569513005859,2.0176723699225745,1.5854715620770472,,,,,0.25262796108656405,,,,,,,,2.7659915618592894,2.7659915618592894,3.2022917252658267,3.2022917252658267,3.953312674365067,3.953312674365067,,,,,,,0.041751845523064685,,-0.38829338025822757,-0.38829338025822757,-0.40013989477464196,-0.40013989477464196,38.89447221883853,38.89447221883853,,2.759999990463257,2.759999990463257,3.1014285655248734,3.1014285655248734,4.64571427920508,4.64571427920508,,,4.075799984931946,,,367723.0078220367453000,2816902.6503842976,,,,,,,
2025-04-02,,,,,,,2.5599999427795410,2.7500000000000000,2.5099999904632570,2.6199998855590820,201500,,,,,2.6199998855590820,,,,,,,,,,,,,,,,,,,,,,,,,,,,,,,,,,,,,,,,,,,,,,,,,,,,,,,,,,,,,,,,,,,,,,,,,,,,,,,,,,,,,,,,,,,,,,,,,,,,,,,,,,,,,,,,,,,,,,,,,,,,,,,,,,,,,,,,,,,,,0.7847073890209415,2.0108877198561794,1.5744457455166188,,,,,0.24495599989319458,,,,,,,,2.71732766975922,2.71732766975922,3.1493561034743043,3.1493561034743043,3.91164664971488,3.91164664971488,,,,,,,-0.0263669407920287,,-0.38649246946346105,-0.38649246946346105,-0.39741040971240577,-0.39741040971240577,38.03278278383241,38.03278278383241,,2.717999982833862,2.717999982833862,3.090952373686291,3.090952373686291,4.542380942238702,4.542380942238702,,,4.003399987220764,,,527929.9769401550230000,2614263.5521351346,,,,,,,
2025-04-03,,,,,,,2.5000000000000000,2.5199999809265137,2.2500000000000000,2.2500000000000000,256000,,,,,2.2500000000000000,,,,,,,,,,,,,,,,,,,,,,,,,,,,,,,,,,,,,,,,,,,,,,,,,,,,,,,,,,,,,,,,,,,,,,,,,,,,,,,,,,,,,,,,,,,,,,,,,,,,,,,,,,,,,,,,,,,,,,,,,,,,,,,,,,,,,,,,,,,,,1.1409600193461882,2.0606354780080074,1.5673034065303413,,,,,0.2264539873983982,,,,,,,,2.5615517798394802,2.5615517798394802,3.067596457703913,3.067596457703913,3.85972019191129,3.85972019191129,,,,,,,-0.15224405787693604,,-0.41019268726756275,-0.41019268726756275,-0.39996686522343716,-0.39996686522343716,33.77359015256469,33.77359015256469,,2.587999963760376,2.587999963760376,3.0547618979499456,3.0547618979499456,4.456031734981234,4.456031734981234,,,3.926799988746643,,,576000.0000000000000000,2488477.4241470154,,,,,,,
2025-04-04,,,,,,,2.2899999618530273,2.2899999618530273,2.0399999618530273,2.0899999141693115,165800,,,,,2.0899999141693115,,,,,,,,,,,,,,,,,,,,,,,,,,,,,,,,,,,,,,,,,,,,,,,,,,,,,,,,,,,,,,,,,,,,,,,,,,,,,,,,,,,,,,,,,,,,,,,,,,,,,,,,,,,,,,,,,,,,,,,,,,,,,,,,,,,,,,,,,,,,,1.140543922735435,2.0693666042417855,1.5710101066332662,,,,,0.2330432072825951,,,,,,,,2.4043678246160907,2.4043678246160907,2.978724044655313,2.978724044655313,3.804416433231853,3.804416433231853,,,,,,,-0.07376619130692509,,-0.43685021305194116,-0.43685021305194116,-0.407343534789138,-0.407343534789138,32.09952962225115,32.09952962225115,,2.4459999561309815,2.4459999561309815,3.009999990463257,3.009999990463257,4.3688888776870005,4.3688888776870005,,,3.85019998550415,,,346521.9857692718467000,2382984.917101784,,,,,,,
2025-04-07,,,,,,,2.0499999523162840,2.0889999866485596,1.8200000524520874,2.0399999618530273,184600,,,,,2.0399999618530273,,,,,,,,,,,,,,,,,,,,,,,,,,,,,,,,,,,,,,,,,,,,,,,,,,,,,,,,,,,,,,,,,,,,,,,,,,,,,,,,,,,,,,,,,,,,,,,,,,,,,,,,,,,,,,,,,,,,,,,,,,,,,,,,,,,,,,,,,,,,,1.1396122190145273,2.0690180139186953,1.5707237954779234,,,,,0.23919669887748182,,,,,,,,2.282911870361736,2.282911870361736,2.893385491673287,2.893385491673287,3.7492784185012646,3.7492784185012646,,,,,,,-0.024214235752775266,,-0.4567459891298684,-0.4567459891298684,-0.41722402565728406,-0.41722402565728406,31.572855657520552,31.572855657520552,,2.337999963760376,2.337999963760376,2.9671428430648077,2.9671428430648077,4.281587290385413,4.281587290385413,,,3.7701999855041506,,,376583.9929580688395800,2300205.8698200043,,,,,,,
2025-04-08,,,,,,,2.2400000095367430,2.2999999523162840,1.9199999570846558,2.0000000000000000,159100,,,,,2.0000000000000000,,,,,,,,,,,,,,,,,,,,,,,,,,,,,,,,,,,,,,,,,,,,,,,,,,,,,,,,,,,,,,,,,,,,,,,,,,,,,,,,,,,,,,,,,,,,,,,,,,,,,,,,,,,,,,,,,,,,,,,,,,,,,,,,,,,,,,,,,,,,,0.8953105456056007,2.0491218385437007,1.567885384143623,,,,,0.2342422872136447,,,,,,,,2.188607913574491,2.188607913574491,2.812168628793897,2.812168628793897,3.6946134679231,3.6946134679231,,,,,,,-0.019802608596683105,,-0.47031964553099437,-0.47031964553099437,-0.42784314963202613,-0.42784314963202613,31.132771598370507,31.132771598370507,,2.199999952316284,2.199999952316284,2.935238077527001,2.935238077527001,4.201428557199145,4.201428557199145,,,3.707599983215332,,,318200.0000000000000000,2205706.1845870246,,,,,,,
2025-04-09,,,,,,,2.0799999237060547,2.5000000000000000,1.9229999780654907,2.2200000286102295,232500,,,,,2.2200000286102295,,,,,,,,,,,,,,,,,,,,,,,,,,,,,,,,,,,,,,,,,,,,,,,,,,,,,,,,,,,,,,,,,,,,,,,,,,,,,,,,,,,,,,,,,,,,,,,,,,,,,,,,,,,,,,,,,,,,,,,,,,,,,,,,,,,,,,,,,,,,,1.4849258705344113,2.0784563272735697,1.5832635188852249,,,,,0.2344895662465403,,,,,,,,2.199071951919737,2.199071951919737,2.758335119686291,2.758335119686291,3.648531797944573,3.648531797944573,,,,,,,0.10436002821173344,,-0.45804464874210327,-0.45804464874210327,-0.43388344945404156,-0.43388344945404156,36.3848385178718,36.3848385178718,,2.1199999809265138,2.1199999809265138,2.907142843518938,2.907142843518938,4.120317447753179,4.120317447753179,,,3.6619999837875366,,,516150.0066518783587500,1952799.7905848518,,,,,,,
2025-04-10,,,,,,,2.2500000000000000,2.2690000534057617,2.0599999427795410,2.1900000572204590,114400,,,,,2.1900000572204590,,,,,,,,,,,,,,,,,,,,,,,,,,,,,,,,,,,,,,,,,,,,,,,,,,,,,,,,,,,,,,,,,,,,,,,,,,,,,,,,,,,,,,,,,,,,,,,,,,,,,,,,,,,,,,,,,,,,,,,,,,,,,,,,,,,,,,,,,,,,,1.0454885937705454,1.0251180831666296,1.5536187651105995,,,,,-0.39944099505754405,,,,,,,,2.196047987019978,2.196047987019978,2.706668295825761,2.706668295825761,3.6029526810469443,3.6029526810469443,,,,,,,-0.013605638815206152,,-0.44560076408968197,-0.44560076408968197,-0.4362269123811696,-0.4362269123811696,35.981858029916864,35.981858029916864,,2.1079999923706056,2.1079999923706056,2.7938095047360374,2.7938095047360374,4.056825384261116,4.056825384261116,,,3.6155999803543093,,,250536.0065460205096000,1875520.5200963551,,,,,,,
2025-04-11,,,,,,,2.1600000858306885,2.4000000953674316,2.1400001049041750,2.3599998950958250,142500,,,,,2.3599998950958250,,,,,,,,,,,,,,,,,,,,,,,,,,,,,,,,,,,,,,,,,,,,,,,,,,,,,,,,,,,,,,,,,,,,,,,,,,,,,,,,,,,,,,,,,,,,,,,,,,,,,,,,,,,,,,,,,,,,,,,,,,,,,,,,,,,,,,,,,,,,,0.9620570221982562,1.033715625229478,1.5643040241145951,,,,,-0.32449758969995807,,,,,,,,2.25069862304526,2.25069862304526,2.6751529866684938,2.6751529866684938,3.564110406485972,3.564110406485972,,,,,,,0.07476000463012354,,-0.41721196979827235,-0.41721196979827235,-0.43242392386459017,-0.43242392386459017,40.03484211274353,40.03484211274353,,2.161999988555908,2.161999988555908,2.714761881601243,2.714761881601243,3.99746030474466,3.99746030474466,,,3.572999982833862,,,336299.9850511550625000,1788642.1086023725,,,,,,,
2025-04-14,,,,,,,2.4000000953674316,2.5799999237060547,2.1300001144409180,2.2500000000000000,205000,,,,,2.2500000000000000,,,,,,,,,,,,,,,,,,,,,,,,,,,,,,,,,,,,,,,,,,,,,,,,,,,,,,,,,,,,,,,,,,,,,,,,,,,,,,,,,,,,,,,,,,,,,,,,,,,,,,,,,,,,,,,,,,,,,,,,,,,,,,,,,,,,,,,,,,,,,1.0474643458121593,0.9486907816341282,1.5423174258147883,,,,,-0.2615185857756997,,,,,,,,2.2504657486968402,2.2504657486968402,2.6365027151531764,2.6365027151531764,3.5230444562832854,3.5230444562832854,,,,,,,-0.047731358370267464,,-0.398990404993008,-0.398990404993008,-0.42573722009027376,-0.42573722009027376,38.34327406231735,38.34327406231735,,2.2039999961853027,2.2039999961853027,2.655714262099493,2.655714262099493,3.9496825233338373,3.9496825233338373,,,3.520799980163574,,,461250.0000000000000000,1738888.360087077,,,,,,,
2025-04-15,,,,,,,2.4500000476837160,2.4500000476837160,2.1600000858306885,2.2000000476837160,119600,,,,,2.2000000476837160,,,,,,,,,,,,,,,,,,,,,,,,,,,,,,,,,,,,,,,,,,,,,,,,,,,,,,,,,,,,,,,,,,,,,,,,,,,,,,,,,,,,,,,,,,,,,,,,,,,,,,,,,,,,,,,,,,,,,,,,,,,,,,,,,,,,,,,,,,,,,1.0539433293576992,0.9480852897883907,1.4993953431455989,,,,,-0.22221787076684413,,,,,,,,2.233643848359132,2.233643848359132,2.5968206544741346,2.5968206544741346,3.481699318514549,3.481699318514549,,,,,,,-0.02247283417764251,,-0.3841559512136241,-0.3841559512136241,-0.4174209663149438,-0.4174209663149438,37.566290784380506,37.566290784380506,,2.2440000057220457,2.2440000057220457,2.5961904525756836,2.5961904525756836,3.8861904636261957,3.8861904636261957,,,3.477999978065491,,,263120.0057029724336000,1665555.0292287555,,,,,,,
2025-04-16,,,,,,,2.1400001049041750,2.2799999713897705,2.1099998950958250,2.1700000762939453,105600,,,,,2.1700000762939453,,,,,,,,,,,,,,,,,,,,,,,,,,,,,,,,,,,,,,,,,,,,,,,,,,,,,,,,,,,,,,,,,,,,,,,,,,,,,,,,,,,,,,,,,,,,,,,,,,,,,,,,,,,,,,,,,,,,,,,,,,,,,,,,,,,,,,,,,,,,,0.7378750044026361,0.9446503261026713,1.497958735787539,,,,,-0.1772550538510723,,,,,,,,2.2124292576707365,2.2124292576707365,2.558018783730481,2.558018783730481,3.4407087171951547,3.4407087171951547,,,,,,,-0.013730179327818531,,-0.3705488304293749,-0.3705488304293749,-0.40804653913783,-0.40804653913783,37.08077073943459,37.08077073943459,,2.234000015258789,2.234000015258789,2.542380934669858,2.542380934669858,3.8206349062541176,3.8206349062541176,,,3.4265999841690062,,,229152.0080566406236800,1624292.3613306077,,,,,,,
2025-04-17,,,,,,,2.1600000858306885,2.2599999904632570,2.0899999141693115,2.2000000476837160,107100,,,,,2.2000000476837160,,,,,,,,,,,,,,,,,,,,,,,,,,,,,,,,,,,,,,,,,,,,,,,,,,,,,,,,,,,,,,,,,,,,,,,,,,,,,,,,,,,,,,,,,,,,,,,,,,,,,,,,,,,,,,,,,,,,,,,,,,,,,,,,,,,,,,,,,,,,,0.7422607246521418,0.9339539678394352,1.4977852832235912,,,,,-0.15997474911446616,,,,,,,,2.208286187675063,2.208286187675063,2.5254716259080476,2.5254716259080476,3.4019365712729224,3.4019365712729224,,,,,,,0.013730179327818448,,-0.3532720420068691,-0.3532720420068691,-0.39709163971163786,-0.39709163971163786,37.94449250501458,37.94449250501458,,2.2360000133514406,2.2360000133514406,2.5004761786687943,2.5004761786687943,3.7539682388305664,3.7539682388305664,,,3.3773999881744383,,,235620.0051069259836000,1555133.3127063417,,,,,,,
2025-04-21,,,,,,,2.2400000095367430,2.2400000095367430,2.0299999713897705,2.0499999523162840,127000,,,,,2.0499999523162840,,,,,,,,,,,,,,,,,,,,,,,,,,,,,,,,,,,,,,,,,,,,,,,,,,,,,,,,,,,,,,,,,,,,,,,,,,,,,,,,,,,,,,,,,,,,,,,,,,,,,,,,,,,,,,,,,,,,,,,,,,,,,,,,,,,,,,,,,,,,,0.5132303215072395,0.9505783211500513,1.5006286010824597,,,,,-0.18808859937381198,,,,,,,,2.1555241092221364,2.1555241092221364,2.4822469283087965,2.4822469283087965,3.3596885519305273,3.3596885519305273,,,,,,,-0.0706176121487189,,-0.34767602401846887,-0.34767602401846887,-0.38720851657300404,-0.38720851657300404,35.33278958330868,35.33278958330868,,2.1740000247955322,2.1740000247955322,2.451428560983567,2.451428560983567,3.68936506528703,3.68936506528703,,,3.3193999910354615,,,260349.9939441680680000,1539166.9955257385,,,,,,,
2025-04-22,,,,,,,2.1600000858306885,2.5090000629425050,2.0399999618530273,2.2000000476837160,723000,,,,,2.2000000476837160,,,,,,,,,,,,,,,,,,,,,,,,,,,,,,,,,,,,,,,,,,,,,,,,,,,,,,,,,,,,,,,,,,,,,,,,,,,,,,,,,,,,,,,,,,,,,,,,,,,,,,,,,,,,,,,,,,,,,,,,,,,,,,,,,,,,,,,,,,,,,0.8231338963523697,0.9925691878381254,1.50919819245295,,,,,-0.20254539907846186,,,,,,,,2.170349422042663,2.170349422042663,2.456588120979244,2.456588120979244,3.3234482861728147,3.3234482861728147,,,,,,,0.07061761214871896,,-0.3273637399353575,-0.3273637399353575,-0.37523956124547475,-0.37523956124547475,39.79540392280089,39.79540392280089,,2.1640000343322754,2.1640000343322754,2.416666655313401,2.416666655313401,3.625238085549975,3.625238085549975,,,3.265999994277954,,,1590600.0344753266680000,1524617.2832470092,,,,,,,
2025-04-23,,,,,,,2.2500000000000000,2.2699999809265137,2.1419999599456787,2.1900000572204590,393900,,,,,2.1900000572204590,,,,,,,,,,,,,,,,,,,,,,,,,,,,,,,,,,,,,,,,,,,,,,,,,,,,,,,,,,,,,,,,,,,,,,,,,,,,,,,,,,,,,,,,,,,,,,,,,,,,,,,,,,,,,,,,,,,,,,,,,,,,,,,,,,,,,,,,,,,,,0.808172048248989,0.9855815681966048,1.5092623585471014,,,,,-0.21345849892602248,,,,,,,,2.176899633768595,2.176899633768595,2.432352842455718,2.432352842455718,3.2880280290180535,3.2880280290180535,,,,,,,-0.00455581208221365,,-0.3085166363751699,-0.3085166363751699,-0.36189497627141376,-0.36189497627141376,39.59921047884951,39.59921047884951,,2.162000036239624,2.162000036239624,2.378571419488816,2.378571419488816,3.5634920559232195,3.5634920559232195,,,3.213799991607666,,,862641.0225391388001000,1497265.173008707,,,,,,,
2025-04-24,,,,,,,2.7300000190734863,3.0299999713897705,2.4000000953674316,2.5999999046325684,48383700,,,,,2.5999999046325684,,,,,,,,,,,,,,,,,,,,,,,,,,,,,,,,,,,,,,,,,,,,,,,,,,,,,,,,,,,,,,,,,,,,,,,,,,,,,,,,,,,,,,,,,,,,,,,,,,,,,,,,,,,,,,,,,,,,,,,,,,,,,,,,,,,,,,,,,,,,,1.443976473954425,1.1652658007713428,1.5550786873593123,,,,,-0.3545938574813816,,,,,,,,2.3179330573899195,2.3179330573899195,2.447593484471795,2.447593484471795,3.266527150131007,3.266527150131007,,,,,,,0.1716098383911818,,-0.257527987508813,-0.257527987508813,-0.34102157851889364,-0.34102157851889364,50.39686630646453,50.39686630646453,,2.2480000019073487,2.2480000019073487,2.3538095156351724,2.3538095156351724,3.5107936405000233,3.5107936405000233,,,3.1533999919891356,,,125797615.3857707996950800,3464067.4485868877,,,,,,,
2025-04-25,,,,,,,2.5699999332427980,2.5899999141693115,2.3399999141693115,2.3699998855590820,1221600,,,,,2.3699998855590820,,,,,,,,,,,,,,,,,,,,,,,,,,,,,,,,,,,,,,,,,,,,,,,,,,,,,,,,,,,,,,,,,,,,,,,,,,,,,,,,,,,,,,,,,,,,,,,,,,,,,,,,,,,,,,,,,,,,,,,,,,,,,,,,,,,,,,,,,,,,,1.7192005672161437,1.160639702979372,1.561639449562486,,,,,-0.3618783680516764,,,,,,,,2.33528866677964,2.33528866677964,2.440539520934276,2.440539520934276,3.2385106731131343,3.2385106731131343,,,,,,,-0.09262150148792278,,-0.2329924038785398,-0.2329924038785398,-0.31941574359082286,-0.31941574359082286,45.4846183548744,45.4846183548744,,2.281999969482422,2.281999969482422,2.3319047519138882,2.3319047519138882,3.45253967103504,3.45253967103504,,,3.097199993133545,,,2895191.8601989745712000,3475978.36721776,,,,,,,
2025-04-28,,,,,,,2.3199999332427980,2.3699998855590820,2.2000000476837160,2.2000000476837160,498600,,,,,2.2000000476837160,,,,,,,,,,,,,,,,,,,,,,,,,,,,,,,,,,,,,,,,,,,,,,,,,,,,,,,,,,,,,,,,,,,,,,,,,,,,,,,,,,,,,,,,,,,,,,,,,,,,,,,,,,,,,,,,,,,,,,,,,,,,,,,,,,,,,,,,,,,,,1.731324384078081,1.1757800055527632,1.5372273277645436,,,,,-0.36793261563210367,,,,,,,,2.290192460414332,2.290192460414332,2.418672296093316,2.418672296093316,3.2060572160684653,3.2060572160684653,,,,,,,-0.07443252482104527,,-0.22467542480922642,-0.22467542480922642,-0.30046767983450356,-0.30046767983450356,42.209743007002054,42.209743007002054,,2.3119999885559084,2.3119999885559084,2.2985714163099016,2.2985714163099016,3.4060317334674655,3.4060317334674655,,,3.031199994087219,,,1096920.0237751007976000,3459556.2239832347,,,,,,,
2025-04-29,,,,,,,2.2100000381469727,2.2799999713897705,2.0789999961853027,2.0999999046325684,466200,,,,,2.0999999046325684,,,,,,,,,,,,,,,,,,,,,,,,,,,,,,,,,,,,,,,,,,,,,,,,,,,,,,,,,,,,,,,,,,,,,,,,,,,,,,,,,,,,,,,,,,,,,,,,,,,,,,,,,,,,,,,,,,,,,,,,,,,,,,,,,,,,,,,,,,,,,1.689739204383086,1.179128399316893,1.5201493374006156,,,,,-0.37241377630164735,,,,,,,,2.226794941820411,2.226794941820411,2.3897020786877934,2.3897020786877934,3.1714929250860933,3.1714929250860933,,,,,,,-0.04652008272237262,,-0.22357608880391044,-0.22357608880391044,-0.28508936162838494,-0.28508936162838494,40.368506007743086,40.368506007743086,,2.2919999599456786,2.2919999599456786,2.2652380807059154,2.2652380807059154,3.3679364938584584,3.3679364938584584,,,2.9677999925613405,,,979019.9555397033880800,3444331.9375632303,,,,,,,
2025-04-30,,,,,,,2.1300001144409180,2.1400001049041750,2.0000000000000000,2.1099998950958250,337800,,,,,2.1099998950958250,,,,,,,,,,,,,,,,,,,,,,,,,,,,,,,,,,,,,,,,,,,,,,,,,,,,,,,,,,,,,,,,,,,,,,,,,,,,,,,,,,,,,,,,,,,,,,,,,,,,,,,,,,,,,,,,,,,,,,,,,,,,,,,,,,,,,,,,,,,,,1.692675830641532,1.1539705867755687,1.5202546415306701,,,,,-0.3680293806131046,,,,,,,,2.1878632595788825,2.1878632595788825,2.3642746074521597,2.3642746074521597,3.1383212678988976,3.1383212678988976,,,,,,,0.004750598454041804,,-0.21936918997300214,-0.21936918997300214,-0.27194532729730836,-0.27194532729730836,40.64732409091976,40.64732409091976,,2.275999927520752,2.275999927520752,2.242857126962571,2.242857126962571,3.3298412504650297,3.3298412504650297,,,2.9101999950408937,,,712757.9645633696850000,3439552.729834829,,,,,,,
2025-05-01,,,,,,,2.1099998950958250,2.2000000476837160,2.0499999523162840,2.2000000476837160,174100,,,,,2.2000000476837160,,,,,,,,,,,,,,,,,,,,,,,,,,,,,,,,,,,,,,,,,,,,,,,,,,,,,,,,,,,,,,,,,,,,,,,,,,,,,,,,,,,,,,,,,,,,,,,,,,,,,,,,,,,,,,,,,,,,,,,,,,,,,,,,,,,,,,,,,,,,,0.8863076894088499,1.1539804738530166,1.5240003419679469,,,,,-0.36670030440357126,,,,,,,,2.1919088556138266,2.1919088556138266,2.3493405565641194,2.3493405565641194,3.108998729767173,3.108998729767173,,,,,,,0.041769484268330756,,-0.20639375347484634,-0.20639375347484634,-0.258835012532816,-0.258835012532816,43.22047549902888,43.22047549902888,,2.1959999561309815,2.1959999561309815,2.219523793175107,2.219523793175107,3.293492048505753,3.293492048505753,,,2.855999999046326,,,383020.0083017349556000,3434785.1432179646,,,,,,,
2025-05-02,,,,,,,2.1600000858306885,2.2799999713897705,2.1500000953674316,2.1900000572204590,320500,,,,,2.1900000572204590,,,,,,,,,,,,,,,,,,,,,,,,,,,,,,,,,,,,,,,,,,,,,,,,,,,,,,,,,,,,,,,,,,,,,,,,,,,,,,,,,,,,,,,,,,,,,,,,,,,,,,,,,,,,,,,,,,,,,,,,,,,,,,,,,,,,,,,,,,,,,0.72069657303819,1.1524540509115613,1.5129488947990504,,,,,-0.3678546332141451,,,,,,,,2.191272589482704,2.191272589482704,2.3348550566237867,2.3348550566237867,3.080280021250088,3.080280021250088,,,,,,,-0.00455581208221365,,-0.19467346766880356,-0.19467346766880356,-0.2460027035600135,-0.2460027035600135,42.99742228713259,42.99742228713259,,2.1599999904632567,2.1599999904632567,2.1990476108732677,2.1990476108732677,3.2511110949137856,3.2511110949137856,,,2.8044000005722047,,,701895.0183391571095000,3422930.047639211,,,,,,,
2025-05-05,,,,,,,2.1800000667572020,2.2599999904632570,2.0299999713897705,2.0399999618530273,217500,,,,,2.0399999618530273,,,,,,,,,,,,,,,,,,,,,,,,,,,,,,,,,,,,,,,,,,,,,,,,,,,,,,,,,,,,,,,,,,,,,,,,,,,,,,,,,,,,,,,,,,,,,,,,,,,,,,,,,,,,,,,,,,,,,,,,,,,,,,,,,,,,,,,,,,,,,0.703063629022616,1.0550155582650889,1.5038789742128522,,,,,-0.36705958650477855,,,,,,,,2.140848380272812,2.140848380272812,2.3080500480082633,2.3080500480082633,3.04777126939393,3.04777126939393,,,,,,,-0.07095178079984416,,-0.19523822608176955,-0.19523822608176955,-0.2358498080643647,-0.2358498080643647,39.68868501720003,39.68868501720003,,2.1279999732971193,2.1279999732971193,2.1890476090567454,2.1890476090567454,3.2146031553783114,3.2146031553783114,,,2.7528000020980836,,,443699.9917030334377500,3415520.0152533394,,,,,,,
2025-05-06,,,,,,,2.0699999332427980,2.0999999046325684,2.0000000000000000,2.0499999523162840,247300,,,,,2.0499999523162840,,,,,,,,,,,,,,,,,,,,,,,,,,,,,,,,,,,,,,,,,,,,,,,,,,,,,,,,,,,,,,,,,,,,,,,,,,,,,,,,,,,,,,,,,,,,,,,,,,,,,,,,,,,,,,,,,,,,,,,,,,,,,,,,,,,,,,,,,,,,,0.651142356247804,1.024857491689913,1.4905026352784674,,,,,-0.3646845567782687,,,,,,,,2.1105655709539692,2.1105655709539692,2.2845909483999014,2.2845909483999014,3.0165909157352537,3.0165909157352537,,,,,,,0.004889980733338848,,-0.19265804353552296,-0.19265804353552296,-0.22721145515859636,-0.22721145515859636,40.020059169830795,40.020059169830795,,2.1179999828338625,2.1179999828338625,2.187142848968506,2.187142848968506,3.171904745556059,3.171904745556059,,,2.7085999965667726,,,506964.9882078170332000,3385082.794702242,,,,,,,
2025-05-07,,,,,,,2.0499999523162840,2.0999999046325684,2.0499999523162840,2.0899999141693115,98400,,,,,2.0899999141693115,,,,,,,,,,,,,,,,,,,,,,,,,,,,,,,,,,,,,,,,,,,,,,,,,,,,,,,,,,,,,,,,,,,,,,,,,,,,,,,,,,,,,,,,,,,,,,,,,,,,,,,,,,,,,,,,,,,,,,,,,,,,,,,,,,,,,,,,,,,,,0.6725059822235564,1.0234854990879358,1.4919061669341296,,,,,-0.36633439690632347,,,,,,,,2.10371035202575,2.10371035202575,2.266900854378939,2.266900854378939,2.9876349469363177,2.9876349469363177,,,,,,,0.019324255019436385,,-0.18525011958610804,-0.18525011958610804,-0.2188191880440987,-0.2188191880440987,41.40685122437893,41.40685122437893,,2.1139999866485595,2.1139999866485595,2.1895237990788052,2.1895237990788052,3.1311110958220465,3.1311110958220465,,,2.6717999935150147,,,205655.9915542602516000,3374404.1601041006,,,,,,,
2025-05-08,,,,,,,2.0999999046325684,2.2500000000000000,2.0999999046325684,2.1400001049041750,399100,,,,,2.1400001049041750,,,,,,,,,,,,,,,,,,,,,,,,,,,,,,,,,,,,,,,,,,,,,,,,,,,,,,,,,,,,,,,,,,,,,,,,,,,,,,,,,,,,,,,,,,,,,,,,,,,,,,,,,,,,,,,,,,,,,,,,,,,,,,,,,,,,,,,,,,,,,0.6075119121903052,1.023342243858642,1.4863896440294115,,,,,-0.366448150836688,,,,,,,,2.1158069363185583,2.1158069363185583,2.2553644226085057,2.2553644226085057,2.9611463581228135,2.9611463581228135,,,,,,,0.023641853144997595,,-0.17334645888807465,-0.17334645888807465,-0.20972464221289389,-0.20972464221289389,43.17548461380727,43.17548461380727,,2.1019999980926514,2.1019999980926514,2.1961904707409086,2.1961904707409086,3.086507925911555,3.086507925911555,,,2.6403999948501586,,,854074.0418672562425000,3364790.177534497,,,,,,,
2025-05-09,,,,,,,2.1600000858306885,2.1800000667572020,2.0099999904632570,2.0799999237060547,253400,,,,,2.0799999237060547,,,,,,,,,,,,,,,,,,,,,,,,,,,,,,,,,,,,,,,,,,,,,,,,,,,,,,,,,,,,,,,,,,,,,,,,,,,,,,,,,,,,,,,,,,,,,,,,,,,,,,,,,,,,,,,,,,,,,,,,,,,,,,,,,,,,,,,,,,,,,0.6283983384564213,0.9593712402048842,1.4866871185095316,,,,,-0.36725152193325383,,,,,,,,2.1038712654477236,2.1038712654477236,2.2394221954355555,2.2394221954355555,2.9336105320472896,2.9336105320472896,,,,,,,-0.028438021020956838,,-0.1668311100163815,-0.1668311100163815,-0.2011459357735914,-0.2011459357735914,41.55451532141232,41.55451532141232,,2.0799999713897703,2.0799999713897703,2.1895237990788052,2.1895237990788052,3.0422222122313483,3.0422222122313483,,,2.608599991798401,,,527071.9806671142609800,3353359.463407123,,,,,,,
2025-05-12,,,,,,,2.1400001049041750,2.1800000667572020,2.0999999046325684,2.1300001144409180,209600,,,,,2.1300001144409180,,,,,,,,,,,,,,,,,,,,,,,,,,,,,,,,,,,,,,,,,,,,,,,,,,,,,,,,,,,,,,,,,,,,,,,,,,,,,,,,,,,,,,,,,,,,,,,,,,,,,,,,,,,,,,,,,,,,,,,,,,,,,,,,,,,,,,,,,,,,,0.35108236925384384,0.9629399225286275,1.48855048558617,,,,,-0.36807985930701664,,,,,,,,2.1125808817787886,2.1125808817787886,2.2294747335269522,2.2294747335269522,2.9084977064970907,2.9084977064970907,,,,,,,0.023754176416018274,,-0.15583666351963732,-0.15583666351963732,-0.19208408132280058,-0.19208408132280058,43.459540342039574,43.459540342039574,,2.098000001907349,2.098000001907349,2.186666658946446,2.186666658946446,2.999841258639381,2.999841258639381,,,2.5831999921798707,,,446448.0239868164128000,3352095.4634560477,,,,,,,
2025-05-13,,,,,,,2.1600000858306885,2.3299999237060547,2.1600000858306885,2.2500000000000000,392700,,,,,2.2500000000000000,,,,,,,,,,,,,,,,,,,,,,,,,,,,,,,,,,,,,,,,,,,,,,,,,,,,,,,,,,,,,,,,,,,,,,,,,,,,,,,,,,,,,,,,,,,,,,,,,,,,,,,,,,,,,,,,,,,,,,,,,,,,,,,,,,,,,,,,,,,,,0.4746528719046282,0.9453977030223367,1.4544478424016507,,,,,-0.3677791421331559,,,,,,,,2.1583872545191922,2.1583872545191922,2.2313406668426836,2.2313406668426836,2.8879196531690567,2.8879196531690567,,,,,,,0.05480818276686606,,-0.1358742240998727,-0.1358742240998727,-0.180842109878215,-0.180842109878215,47.85268520369276,47.85268520369276,,2.138000011444092,2.138000011444092,2.1814285687037875,2.1814285687037875,2.94634919696384,2.94634919696384,,,2.5741999912261964,,,883575.0000000000000000,3289715.2269166615,,,,,,,
2025-05-14,,,,,,,2.2599999904632570,2.2999999523162840,2.2100000381469727,2.2100000381469727,351800,,,,,2.2100000381469727,,,,,,,,,,,,,,,,,,,,,,,,,,,,,,,,,,,,,,,,,,,,,,,,,,,,,,,,,,,,,,,,,,,,,,,,,,,,,,,,,,,,,,,,,,,,,,,,,,,,,,,,,,,,,,,,,,,,,,,,,,,,,,,,,,,,,,,,,,,,,0.5403312699180244,0.9328979321756382,1.4480887996877485,,,,,-0.3714445781348835,,,,,,,,2.1755915157284527,2.1755915157284527,2.229400609688528,2.229400609688528,2.8667346651996164,2.8667346651996164,,,,,,,-0.017937683425593903,,-0.12187659217693758,-0.12187659217693758,-0.16904900633795952,-0.16904900633795952,46.554195692854115,46.554195692854115,,2.162000036239624,2.162000036239624,2.1795238086155484,2.1795238086155484,2.899206343151274,2.899206343151274,,,2.5615999937057494,,,777478.0134201049958600,3264949.2601054055,,,,,,,
2025-05-15,,,,,,,2.2300000190734863,2.2400000095367430,2.1300001144409180,2.1900000572204590,954500,,,,,2.1900000572204590,,,,,,,,,,,,,,,,,,,,,,,,,,,,,,,,,,,,,,,,,,,,,,,,,,,,,,,,,,,,,,,,,,,,,,,,,,,,,,,,,,,,,,,,,,,,,,,,,,,,,,,,,,,,,,,,,,,,,,,,,,,,,,,,,,,,,,,,,,,,,0.5426808380554758,0.9301382334063335,1.4404157381544374,,,,,-0.3628081121604341,,,,,,,,2.1803943628924545,2.1803943628924545,2.2258187412823403,2.2258187412823403,2.8455867087002678,2.8455867087002678,,,,,,,-0.00909096283426231,,-0.11111631957986523,-0.11111631957986523,-0.15746246898634067,-0.15746246898634067,45.883777203691004,45.883777203691004,,2.172000026702881,2.172000026702881,2.1790476185934886,2.1790476185934886,2.846666661519853,2.846666661519853,,,2.5451999950408934,,,2090355.0546169281155000,3277569.975258055,,,,,,,
2025-05-16,,,,,,,2.3299999237060547,2.6400001049041750,2.3299999237060547,2.4900000095367430,1668700,,,,,2.4900000095367430,,,,,,,,,,,,,,,,,,,,,,,,,,,,,,,,,,,,,,,,,,,,,,,,,,,,,,,,,,,,,,,,,,,,,,,,,,,,,,,,,,,,,,,,,,,,,,,,,,,,,,,,,,,,,,,,,,,,,,,,,,,,,,,,,,,,,,,,,,,,,0.9384926260358321,1.0291311871087339,1.467246347079876,,,,,-0.35147826687969996,,,,,,,,2.2835962451072174,2.2835962451072174,2.2498352202145586,2.2498352202145586,2.8344746243514076,2.8344746243514076,,,,,,,0.12838114435016096,,-0.07748800360445118,-0.07748800360445118,-0.14146757590996276,-0.14146757590996276,56.096901449671385,56.096901449671385,,2.2540000438690186,2.2540000438690186,2.1942857106526694,2.1942857106526694,2.8025396778469993,2.8025396778469993,,,2.534399995803833,,,4155063.0159139630441000,3324802.3089117473,,,,,,,
2025-05-19,,,,,,,2.4000000953674316,2.4600000381469727,2.3399999141693115,2.3699998855590820,309400,,,,,2.3699998855590820,,,,,,,,,,,,,,,,,,,,,,,,,,,,,,,,,,,,,,,,,,,,,,,,,,,,,,,,,,,,,,,,,,,,,,,,,,,,,,,,,,,,,,,,,,,,,,,,,,,,,,,,,,,,,,,,,,,,,,,,,,,,,,,,,,,,,,,,,,,,,1.1238948339046255,1.0466632931800628,1.46666791806679,,,,,-0.35347131885649086,,,,,,,,2.3123974585911724,2.3123974585911724,2.2607592807004244,2.2607592807004244,2.819959788764147,2.819959788764147,,,,,,,-0.04939280744690203,,-0.05983063768911778,-0.05983063768911778,-0.12514018826579376,-0.12514018826579376,51.879255979876326,51.879255979876326,,2.3019999980926515,2.3019999980926515,2.2023809410276867,2.2023809410276867,2.76095237807622,2.76095237807622,,,2.5229999923706057,,,733277.9645919799708000,3325352.753302786,,,,,,,
2025-05-20,,,,,,,2.4500000476837160,2.5899999141693115,2.3900001049041750,2.4300000667572020,474800,,,,,2.4300000667572020,,,,,,,,,,,,,,,,,,,,,,,,,,,,,,,,,,,,,,,,,,,,,,,,,,,,,,,,,,,,,,,,,,,,,,,,,,,,,,,,,,,,,,,,,,,,,,,,,,,,,,,,,,,,,,,,,,,,,,,,,,,,,,,,,,,,,,,,,,,,,1.087323875375155,1.0131728644262616,1.4684818553836856,,,,,-0.35448916024528304,,,,,,,,2.3515983279798487,2.3515983279798487,2.276144806705586,2.276144806705586,2.8077735474514305,2.8077735474514305,,,,,,,0.02500137796482487,,-0.04052834922467108,-0.04052834922467108,-0.10821782045756924,-0.10821782045756924,53.75159093595366,53.75159093595366,,2.338000011444092,2.338000011444092,2.2204761845724925,2.2204761845724925,2.721587302192809,2.721587302192809,,,2.518199992179871,,,1153764.0316963195096000,3332521.547803046,,,,,,,
2025-05-21,,,,,,,2.4500000476837160,2.4900000095367430,2.2999999523162840,2.2999999523162840,440200,,,,,2.2999999523162840,,,,,,,,,,,,,,,,,,,,,,,,,,,,,,,,,,,,,,,,,,,,,,,,,,,,,,,,,,,,,,,,,,,,,,,,,,,,,,,,,,,,,,,,,,,,,,,,,,,,,,,,,,,,,,,,,,,,,,,,,,,,,,,,,,,,,,,,,,,,,1.186173567324699,1.0089302382584702,1.4706857100347541,,,,,-0.3598642540268656,,,,,,,,2.334398869425327,2.334398869425327,2.2783134563065586,2.2783134563065586,2.791905622603457,2.791905622603457,,,,,,,-0.05498218262150296,,-0.0353139916170484,-0.0353139916170484,-0.09363705468946507,-0.09363705468946507,49.277774564386405,49.277774564386405,,2.355999994277954,2.355999994277954,2.225238084793091,2.225238084793091,2.682380952532329,2.682380952532329,,,2.5079999923706056,,,1012459.9790096282168000,3335826.912600275,,,,,,,
2025-05-22,,,,,,,2.3900001049041750,2.4400000572204590,2.3099999427795410,2.4300000667572020,250600,,,,,2.4300000667572020,,,,,,,,,,,,,,,,,,,,,,,,,,,,,,,,,,,,,,,,,,,,,,,,,,,,,,,,,,,,,,,,,,,,,,,,,,,,,,,,,,,,,,,,,,,,,,,,,,,,,,,,,,,,,,,,,,,,,,,,,,,,,,,,,,,,,,,,,,,,,1.2149378370388146,1.0249225693792856,1.4760585610358647,,,,,-0.35537405320184207,,,,,,,,2.3662659352026187,2.3662659352026187,2.2921031481657077,2.2921031481657077,2.780596073983262,2.780596073983262,,,,,,,0.054982182621502826,,-0.020455850554625954,-0.020455850554625954,-0.07900081386249724,-0.07900081386249724,53.450206612425845,53.450206612425845,,2.403999996185303,2.403999996185303,2.236666656675793,2.236666656675793,2.6476190506465853,2.6476190506465853,,,2.465199990272522,,,608958.0167293548212000,3335035.579791523,,,,,,,
2025-05-23,,,,,,,2.4300000667572020,2.5000000000000000,2.3399999141693115,2.5000000000000000,238900,,,,,2.5000000000000000,,,,,,,,,,,,,,,,,,,,,,,,,,,,,,,,,,,,,,,,,,,,,,,,,,,,,,,,,,,,,,,,,,,,,,,,,,,,,,,,,,,,,,,,,,,,,,,,,,,,,,,,,,,,,,,,,,,,,,,,,,,,,,,,,,,,,,,,,,,,,0.7903095837297661,0.8337413816772985,1.4709123550814258,,,,,-0.27208348023115003,,,,,,,,2.4108439568017457,2.4108439568017457,2.3110028619688254,2.3110028619688254,2.7718274466712844,2.7718274466712844,,,,,,,0.028399447049598688,,-0.0029977014800306456,-0.0029977014800306456,-0.06380019138600393,-0.06380019138600393,55.569591593839476,55.569591593839476,,2.405999994277954,2.405999994277954,2.2319047564551946,2.2319047564551946,2.619682539077032,2.619682539077032,,,2.4347999906539917,,,597250.0000000000000000,3331458.4997249027,,,,,,,
2025-05-27,,,,,,,2.6700000762939453,3.7400000095367430,2.5899999141693115,2.6500000953674316,23443700,,,,,2.6500000953674316,,,,,,,,,,,,,,,,,,,,,,,,,,,,,,,,,,,,,,,,,,,,,,,,,,,,,,,,,,,,,,,,,,,,,,,,,,,,,,,,,,,,,,,,,,,,,,,,,,,,,,,,,,,,,,,,,,,,,,,,,,,,,,,,,,,,,,,,,,,,,0.7265480047176307,0.7894642551142872,1.4694443769705223,,,,,-0.7137742776734793,,,,,,,,2.4905626696569745,2.4905626696569745,2.3418207922777894,2.3418207922777894,2.768020341943039,2.768020341943039,,,,,,,0.05826894411168526,,0.02268031695792372,0.02268031695792372,-0.046504089717218394,-0.046504089717218394,59.79396177781866,59.79396177781866,,2.462000036239624,2.462000036239624,2.2452380997794017,2.2452380997794017,2.5993650792137024,2.5993650792137024,,,2.4179999923706053,,,62125807.2357654562009200,4302236.709555747,,,,,,,
2025-05-28,,,,,,,2.7300000190734863,2.9500000476837160,2.6500000953674316,2.8299999237060547,1234500,,,,,2.8299999237060547,,,,,,,,,,,,,,,,,,,,,,,,,,,,,,,,,,,,,,,,,,,,,,,,,,,,,,,,,,,,,,,,,,,,,,,,,,,,,,,,,,,,,,,,,,,,,,,,,,,,,,,,,,,,,,,,,,,,,,,,,,,,,,,,,,,,,,,,,,,,,0.7906374487963144,0.7598009767507127,1.4726239800976324,,,,,-0.6746541862544359,,,,,,,,2.603708421006668,2.603708421006668,2.3862007133167227,2.3862007133167227,2.7699572038731333,2.7699572038731333,,,,,,,0.06571700871031433,,0.05689891808637704,0.05689891808637704,-0.02582348815649931,-0.02582348815649931,64.19351514956735,64.19351514956735,,2.5420000076293947,2.5420000076293947,2.2752380938757035,2.2752380938757035,2.585396823428926,2.585396823428926,,,2.4055999898910523,,,3493634.9058151245271500,4351131.009580597,,,,,,,
2025-05-29,,,,,,,2.9400000572204590,2.9700000286102295,2.7400000095367430,2.7500000000000000,726300,,,,,2.7500000000000000,,,,,,,,,,,,,,,,,,,,,,,,,,,,,,,,,,,,,,,,,,,,,,,,,,,,,,,,,,,,,,,,,,,,,,,,,,,,,,,,,,,,,,,,,,,,,,,,,,,,,,,,,,,,,,,,,,,,,,,,,,,,,,,,,,,,,,,,,,,,,0.6137766886040246,0.7448538877817059,1.4733778834855553,,,,,-0.6782848125891678,,,,,,,,2.652472280671112,2.652472280671112,2.4192733757424754,2.4192733757424754,2.769333541252098,2.769333541252098,,,,,,,-0.02867577301767471,,0.07667818240036484,0.07667818240036484,-0.005323154045126479,-0.005323154045126479,60.998739711592016,60.998739711592016,,2.6320000171661375,2.6320000171661375,2.3061904793693904,2.3061904793693904,2.5707936476147366,2.5707936476147366,,,2.3945999908447266,,,1997325.0000000000000000,4376065.469757337,,,,,,,
2025-05-30,,,,,,,2.7000000476837160,2.8699998855590820,2.6800000667572020,2.7699999809265137,386900,,,,,2.7699999809265137,,,,,,,,,,,,,,,,,,,,,,,,,,,,,,,,,,,,,,,,,,,,,,,,,,,,,,,,,,,,,,,,,,,,,,,,,,,,,,,,,,,,,,,,,,,,,,,,,,,,,,,,,,,,,,,,,,,,,,,,,,,,,,,,,,,,,,,,,,,,,0.6130436970182107,0.744562431945086,1.466282760627319,,,,,-0.6837764598978897,,,,,,,,2.691648180756246,2.691648180756246,2.4511576125773877,2.4511576125773877,2.7693543674919234,2.7693543674919234,,,,,,,0.0072464016350320464,,0.0928963716387905,0.0928963716387905,0.014320751091656918,0.014320751091656918,61.51440989552252,61.51440989552252,,2.7,2.7,2.3376190548851374,2.3376190548851374,2.560793645798214,2.560793645798214,,,2.388399991989136,,,1071712.9926204681505300,4384512.024955522,,,,,,,
2025-06-02,,,,,,,2.9300000667572020,3.1300001144409180,2.7899999618530273,2.8900001049041750,1055800,,,,,2.8900001049041750,,,,,,,,,,,,,,,,,,,,,,,,,,,,,,,,,,,,,,,,,,,,,,,,,,,,,,,,,,,,,,,,,,,,,,,,,,,,,,,,,,,,,,,,,,,,,,,,,,,,,,,,,,,,,,,,,,,,,,,,,,,,,,,,,,,,,,,,,,,,,0.6241897439462457,0.7448775590298548,1.394171171138374,,,,,-0.683953295318973,,,,,,,,2.7577654888055556,2.7577654888055556,2.4910523846070958,2.4910523846070958,2.7731245467860566,2.7731245467860566,,,,,,,0.042409225109850554,,0.11411694151168694,0.11411694151168694,0.03427998917566292,0.03427998917566292,64.54358898299363,64.54358898299363,,2.778000020980835,2.778000020980835,2.3704762004670643,2.3704762004670643,2.5638095197223483,2.5638095197223483,,,2.3845999956130983,,,3051262.1107578279650000,4419316.185203053,,,,,,,
2025-06-03,,,,,,,2.9500000476837160,3.1050000190734863,2.9000000953674316,3.0199999809265137,1256400,,,,,3.0199999809265137,,,,,,,,,,,,,,,,,,,,,,,,,,,,,,,,,,,,,,,,,,,,,,,,,,,,,,,,,,,,,,,,,,,,,,,,,,,,,,,,,,,,,,,,,,,,,,,,,,,,,,,,,,,,,,,,,,,,,,,,,,,,,,,,,,,,,,,,,,,,,0.5892711709032915,0.7494431834928865,1.3932874784317117,,,,,-0.6556992226651348,,,,,,,,2.8451769861792084,2.8451769861792084,2.539138529727043,2.539138529727043,2.7808394041029456,2.7808394041029456,,,,,,,0.04400028664769181,,0.13981262663312588,0.13981262663312588,0.055386516667155515,0.055386516667155515,67.52562904701126,67.52562904701126,,2.8519999980926514,2.8519999980926514,2.4100000063578286,2.4100000063578286,2.566666663639129,2.566666663639129,,,2.386399993896484,,,3794327.9760360718126800,4467620.121690962,,,,,,,
2025-06-04,,,,,,,3.0899999141693115,3.1900000572204590,3.0000000000000000,3.1800000667572020,928500,,,,,3.1800000667572020,,,,,,,,,,,,,,,,,,,,,,,,,,,,,,,,,,,,,,,,,,,,,,,,,,,,,,,,,,,,,,,,,,,,,,,,,,,,,,,,,,,,,,,,,,,,,,,,,,,,,,,,,,,,,,,,,,,,,,,,,,,,,,,,,,,,,,,,,,,,,0.5356989271701265,0.6895876765219561,1.392262149559236,,,,,-0.6133580875496888,,,,,,,,2.956784679705206,2.956784679705206,2.5973986694570574,2.5973986694570574,2.793313174810891,2.793313174810891,,,,,,,0.05162439271386188,,0.17111480698960024,0.17111480698960024,0.07853217473164446,0.07853217473164446,70.7826562903913,70.7826562903913,,2.922000026702881,2.922000026702881,2.46428572563898,2.46428572563898,2.569365077548557,2.569365077548557,,,2.3901999950408936,,,2952630.0619840620570000,4507502.1544429995,,,,,,,
2025-06-05,,,,,,,4.7300000190734860,6.9200000762939450,4.1500000953674320,4.4499998092651370,136712300,,,,,4.4499998092651370,,,,,,,,,,,,,,,,,,,,,,,,,,,,,,,,,,,,,,,,,,,,,,,,,,,,,,,,,,,,,,,,,,,,,,,,,,,,,,,,,,,,,,,,,,,,,,,,,,,,,,,,,,,,,,,,,,,,,,,,,,,,,,,,,,,,,,,,,,,,,2.145011985688438,1.2867490489741822,1.5452540718816223,,,,,-0.7495599663724714,,,,,,,,3.454523056225183,3.454523056225183,2.7658169548941554,2.7658169548941554,2.8450846321375862,2.8450846321375862,,,,,,,0.3360228355314648,,0.29499980174827334,0.29499980174827334,0.12182570013497024,0.12182570013497024,84.26918143839258,84.26918143839258,,3.261999988555908,3.261999988555908,2.5785714331127347,2.5785714331127347,2.5919047575148326,2.5919047575148326,,,2.416799993515015,,,608369708.9241981890851000,14147653.10577665,,,,,,,
2025-06-06,,,,,,,4.4000000953674320,4.7800002098083500,4.0500001907348630,4.2899999618530270,6679800,,,,,4.2899999618530270,,,,,,,,,,,,,,,,,,,,,,,,,,,,,,,,,,,,,,,,,,,,,,,,,,,,,,,,,,,,,,,,,,,,,,,,,,,,,,,,,,,,,,,,,,,,,,,,,,,,,,,,,,,,,,,,,,,,,,,,,,,,,,,,,,,,,,,,,,,,,2.278160196475772,1.3107496679698603,1.545924441308957,,,,,-0.7350590000019948,,,,,,,,3.733015358101131,3.733015358101131,2.904379046435871,2.904379046435871,2.890238236191194,2.890238236191194,,,,,,,-0.03661732926852357,,0.3759353533838943,0.3759353533838943,0.17264763078475504,0.17264763078475504,79.3027095444597,79.3027095444597,,3.565999984741211,3.565999984741211,2.6833333401452926,2.6833333401452926,2.6133333274296353,2.6133333274296353,,,2.4459999942779542,,,28656341.7451858497546000,14596122.339702789,,,,,,,
2025-06-09,,,,,,,4.6599998474121090,5.8800001144409180,4.4099998474121090,4.5399999618530270,11853600,,,,,4.5399999618530270,,,,,,,,,,,,,,,,,,,,,,,,,,,,,,,,,,,,,,,,,,,,,,,,,,,,,,,,,,,,,,,,,,,,,,,,,,,,,,,,,,,,,,,,,,,,,,,,,,,,,,,,,,,,,,,,,,,,,,,,,,,,,,,,,,,,,,,,,,,,,2.262606884911628,1.31237005926844,1.5350036166894034,,,,,-0.741122901740506,,,,,,,,4.00201022601843,4.00201022601843,3.05307185692834,3.05307185692834,2.941793290118126,2.941793290118126,,,,,,,0.0566402796029824,,0.4550052544843508,0.4550052544843508,0.2291191555246742,0.2291191555246742,81.17008908255849,81.17008908255849,,3.8959999561309813,3.8959999561309813,2.7976190476190474,2.7976190476190474,2.6430158652956526,2.6430158652956526,,,2.478799991607666,,,53815343.5478210408472000,15445769.713347299,,,,,,,
2025-06-10,,,,,,,5.2600002288818360,5.4000000953674320,4.6999998092651370,4.9000000953674320,9175800,,,,,4.9000000953674320,,,,,,,,,,,,,,,,,,,,,,,,,,,,,,,,,,,,,,,,,,,,,,,,,,,,,,,,,,,,,,,,,,,,,,,,,,,,,,,,,,,,,,,,,,,,,,,,,,,,,,,,,,,,,,,,,,,,,,,,,,,,,,,,,,,,,,,,,,,,,2.2323489694689593,1.2978339995128454,1.5386749258046821,,,,,-0.727412693667057,,,,,,,,4.301340182468097,4.301340182468097,3.2209744240591665,3.2209744240591665,3.002987252782167,3.002987252782167,,,,,,,0.07630822092848212,,0.5404873215017054,0.5404873215017054,0.29139278872008045,0.29139278872008045,83.48131271464898,83.48131271464898,,4.271999979019165,4.271999979019165,2.931904770079113,2.931904770079113,2.6761904708922857,2.6761904708922857,,,2.520799994468689,,,44961420.8750724825456000,16155031.806692244,,,,,,,
2025-06-11,,,,,,,5.0700001716613770,5.4499998092651370,4.7100000381469730,4.8400001525878910,2922700,,,,,4.8400001525878910,,,,,,,,,,,,,,,,,,,,,,,,,,,,,,,,,,,,,,,,,,,,,,,,,,,,,,,,,,,,,,,,,,,,,,,,,,,,,,,,,,,,,,,,,,,,,,,,,,,,,,,,,,,,,,,,,,,,,,,,,,,,,,,,,,,,,,,,,,,,,2.3565678947887148,1.3097666230522875,1.194383111472424,,,,,-0.7267667104885739,,,,,,,,4.480893505841362,4.480893505841362,3.3681585811981414,3.3681585811981414,3.060393905901096,3.060393905901096,,,,,,,-0.012320472324358366,,0.5965147310342935,0.5965147310342935,0.35241717718292304,0.35241717718292304,81.68181239823464,81.68181239823464,,4.603999996185303,4.603999996185303,3.0609523909432546,3.0609523909432546,2.680476184875246,2.680476184875246,,,2.565999999046326,,,14145868.4459686290257000,15879611.382292945,,,,,,,
2025-06-12,,,,,,,5.0999999046325680,5.2699999809265140,4.8200001716613770,5.0500001907348630,3511100,,,,,5.0500001907348630,,,,,,,,,,,,,,,,,,,,,,,,,,,,,,,,,,,,,,,,,,,,,,,,,,,,,,,,,,,,,,,,,,,,,,,,,,,,,,,,,,,,,,,,,,,,,,,,,,,,,,,,,,,,,,,,,,,,,,,,,,,,,,,,,,,,,,,,,,,,,0.7583312959325726,1.3085974006176915,1.1678634674397996,,,,,-0.7154199632195029,,,,,,,,4.670595734139195,4.670595734139195,3.521053272974207,3.521053272974207,3.122569102302151,3.122569102302151,,,,,,,0.042473528801584184,,0.6503651007364009,0.6503651007364009,0.4120067618936186,0.4120067618936186,83.05830164638341,83.05830164638341,,4.724000072479248,4.724000072479248,3.1942857333592007,3.1942857333592007,2.6968253945547436,2.6968253945547436,,,2.613200001716614,,,17731055.6696891774793000,16054973.377553243,,,,,,,
2025-06-13,,,,,,,5.3200001716613770,6.3000001907348630,4.8699998855590820,4.9699997901916500,12748500,,,,,4.9699997901916500,,,,,,,,,,,,,,,,,,,,,,,,,,,,,,,,,,,,,,,,,,,,,,,,,,,,,,,,,,,,,,,,,,,,,,,,,,,,,,,,,,,,,,,,,,,,,,,,,,,,,,,,,,,,,,,,,,,,,,,,,,,,,,,,,,,,,,,,,,,,,0.6599016266789697,1.3075446967687763,1.1309255341318405,,,,,-0.7234617399837464,,,,,,,,4.77039708615668,4.77039708615668,3.652775683630338,3.652775683630338,3.180301311298698,3.180301311298698,,,,,,,-0.01596848316297078,,0.6787621948957292,0.6787621948957292,0.4653578484940407,0.4653578484940407,80.57434186910038,80.57434186910038,,4.860000038146973,4.860000038146973,3.3257142929803756,3.3257142929803756,2.720317454565139,2.720317454565139,,,2.660199999809265,,,63360042.3252582500250000,17022126.60483292,,,,,,,
2025-06-16,,,,,,,5.2760000228881840,5.2800002098083500,4.9140000343322750,5.0500001907348630,2317200,,,,,5.0500001907348630,,,,,,,,,,,,,,,,,,,,,,,,,,,,,,,,,,,,,,,,,,,,,,,,,,,,,,,,,,,,,,,,,,,,,,,,,,,,,,,,,,,,,,,,,,,,,,,,,,,,,,,,,,,,,,,,,,,,,,,,,,,,,,,,,,,,,,,,,,,,,0.6159392648521597,1.2988830928560626,1.1305688248145431,,,,,-0.7220695632955973,,,,,,,,4.863598121016074,4.863598121016074,3.7797960933671133,3.7797960933671133,3.238729401281078,3.238729401281078,,,,,,,0.01596848316297086,,0.6996572471163622,0.6996572471163622,0.512217728218505,0.512217728218505,81.18045719368895,81.18045719368895,,4.96200008392334,4.96200008392334,3.461904775528681,3.461904775528681,2.7457142822326177,2.7457142822326177,,,2.716200003623962,,,11701860.4419708245436000,17187000.65917893,,,,,,,
2025-06-17,,,,,,,5.1789999008178710,5.1799998283386230,4.5900001525878910,4.7199997901916500,2132400,,,,,4.7199997901916500,,,,,,,,,,,,,,,,,,,,,,,,,,,,,,,,,,,,,,,,,,,,,,,,,,,,,,,,,,,,,,,,,,,,,,,,,,,,,,,,,,,,,,,,,,,,,,,,,,,,,,,,,,,,,,,,,,,,,,,,,,,,,,,,,,,,,,,,,,,,,0.6522386826323315,1.3078220196357428,1.1357022828964924,,,,,-0.7262364197914575,,,,,,,,4.815732010741266,4.815732010741266,3.865269156714798,3.865269156714798,3.2850191009345333,3.2850191009345333,,,,,,,-0.06757952591000616,,0.6817298942872991,0.6817298942872991,0.5461201614322638,0.5461201614322638,71.2980216282024,71.2980216282024,,4.926000022888184,4.926000022888184,3.5680952412741527,3.5680952412741527,2.768253962198893,2.768253962198893,,,2.768800001144409,,,10064927.5526046744600000,17326521.41427464,,,,,,,
2025-06-18,,,,,,,4.8000001907348630,4.8000001907348630,4.1300001144409180,4.3200001716613770,1706700,,,,,4.3200001716613770,,,,,,,,,,,,,,,,,,,,,,,,,,,,,,,,,,,,,,,,,,,,,,,,,,,,,,,,,,,,,,,,,,,,,,,,,,,,,,,,,,,,,,,,,,,,,,,,,,,,,,,,,,,,,,,,,,,,,,,,,,,,,,,,,,,,,,,,,,,,,0.8745031169162353,1.3444690423171626,1.1415882678240035,,,,,-0.7242802154409619,,,,,,,,4.650488064381303,4.650488064381303,3.90660833989176,3.90660833989176,3.317362259394747,3.317362259394747,,,,,,,-0.08855331315409354,,0.6280064443614033,0.6280064443614033,0.5624974180180917,0.5624974180180917,61.52179442439466,61.52179442439466,,4.822000026702881,4.822000026702881,3.660952397755214,3.660952397755214,2.787936505817232,2.787936505817232,,,2.814400005340576,,,7372944.2929744721259000,17430156.720844146,,,,,,,
2025-06-20,,,,,,,4.1999998092651370,4.4000000953674320,3.8299999237060547,3.9500000476837160,1055200,,,,,3.9500000476837160,,,,,,,,,,,,,,,,,,,,,,,,,,,,,,,,,,,,,,,,,,,,,,,,,,,,,,,,,,,,,,,,,,,,,,,,,,,,,,,,,,,,,,,,,,,,,,,,,,,,,,,,,,,,,,,,,,,,,,,,,,,,,,,,,,,,,,,,,,,,,0.747326802226458,1.4054850761112738,1.1572390292027321,,,,,-0.723852873569446,,,,,,,,4.416992058815441,4.416992058815441,3.9105530406001194,3.9105530406001194,3.3371321902787776,3.3371321902787776,,,,,,,-0.0895398510075908,,0.5492429743373535,0.5492429743373535,0.5598465292819441,0.5598465292819441,54.128368591886925,54.128368591886925,,4.601999998092651,4.601999998092651,3.7333333492279053,3.7333333492279053,2.801746031594655,2.801746031594655,,,2.8534000062942506,,,4168040.0503158571232000,17489109.864678457,,,,,,,
2025-06-23,,,,,,,3.9400000572204590,4.0799999237060550,3.7300000190734863,3.7699999809265137,899500,,,,,3.7699999809265137,,,,,,,,,,,,,,,,,,,,,,,,,,,,,,,,,,,,,,,,,,,,,,,,,,,,,,,,,,,,,,,,,,,,,,,,,,,,,,,,,,,,,,,,,,,,,,,,,,,,,,,,,,,,,,,,,,,,,,,,,,,,,,,,,,,,,,,,,,,,,0.6911846298133097,1.3999294743432198,1.1566356402463553,,,,,-0.723496849493948,,,,,,,,4.201328032852465,4.201328032852465,3.897775489720701,3.897775489720701,3.3506593087365193,3.3506593087365193,,,,,,,-0.04664059458421808,,0.4669155440719277,0.4669155440719277,0.5412603322399409,0.5412603322399409,50.92224855166355,50.92224855166355,,4.362000036239624,4.362000036239624,3.803333350590297,3.803333350590297,2.815079363565596,2.815079363565596,,,2.8844000053405763,,,3391114.9828433990731500,17535016.784860596,,,,,,,
2025-06-24,,,,,,,4.0500001907348630,4.0900001525878910,3.7999999523162840,3.8599998950958250,1040300,,,,,3.8599998950958250,,,,,,,,,,,,,,,,,,,,,,,,,,,,,,,,,,,,,,,,,,,,,,,,,,,,,,,,,,,,,,,,,,,,,,,,,,,,,,,,,,,,,,,,,,,,,,,,,,,,,,,,,,,,,,,,,,,,,,,,,,,,,,,,,,,,,,,,,,,,,0.7410094191798451,1.3952592276678402,1.156844580033499,,,,,-0.7246252416280071,,,,,,,,4.087551986933585,4.087551986933585,3.894341344754803,3.894341344754803,3.3665762020602474,3.3665762020602474,,,,,,,0.02359215989885266,,0.40427250161455053,0.40427250161455053,0.5138627661148627,0.5138627661148627,52.43915404498759,52.43915404498759,,4.123999977111817,4.123999977111817,3.871428580511184,3.871428580511184,2.8288888855585976,2.8288888855585976,,,2.9178000020980837,,,4015557.8908681867475000,17591845.5767571,,,,,,,
2025-06-25,,,,,,,4.0100002288818360,4.1199998855590820,3.8199999332427980,3.9300000667572020,1219100,,,,,3.9300000667572020,,,,,,,,,,,,,,,,,,,,,,,,,,,,,,,,,,,,,,,,,,,,,,,,,,,,,,,,,,,,,,,,,,,,,,,,,,,,,,,,,,,,,,,,,,,,,,,,,,,,,,,,,,,,,,,,,,,,,,,,,,,,,,,,,,,,,,,,,,,,,0.8768353414720087,1.3951276577853498,1.1545611083699538,,,,,-0.7239692711207827,,,,,,,,4.035034680208124,4.035034680208124,3.897583046755021,3.897583046755021,3.3841831978320274,3.3841831978320274,,,,,,,0.017972286568243456,,0.3561701600882876,0.3561701600882876,0.48232424490954773,0.48232424490954773,53.63938479927961,53.63938479927961,,3.966000032424927,3.966000032424927,3.9395238217853366,3.9395238217853366,2.841746031291901,2.841746031291901,,,2.9492000055313112,,,4791063.0813837049582000,17659192.86408235,,,,,,,
2025-06-26,,,,,,,3.9400000572204590,3.9400000572204590,3.6700000762939453,3.7500000000000000,783800,,,,,3.7500000000000000,,,,,,,,,,,,,,,,,,,,,,,,,,,,,,,,,,,,,,,,,,,,,,,,,,,,,,,,,,,,,,,,,,,,,,,,,,,,,,,,,,,,,,,,,,,,,,,,,,,,,,,,,,,,,,,,,,,,,,,,,,,,,,,,,,,,,,,,,,,,,0.7640392481366405,1.407743229224116,1.1408714914822427,,,,,-0.7026412309765868,,,,,,,,3.9400231201387492,3.9400231201387492,3.8841664061409285,3.8841664061409285,3.3956149728997764,3.3956149728997764,,,,,,,-0.04688360288541576,,0.30006524148635805,0.30006524148635805,0.4458724442249098,0.4458724442249098,50.13573409394722,50.13573409394722,,3.8519999980926514,3.8519999980926514,3.9919047696249828,3.9919047696249828,2.8563492071060907,2.8563492071060907,,,2.979200005531311,,,2939250.0000000000000000,17695578.769121096,,,,,,,
2025-06-27,,,,,,,3.7500000000000000,3.7500000000000000,3.3699998855590820,3.4500000476837160,881400,,,,,3.4500000476837160,,,,,,,,,,,,,,,,,,,,,,,,,,,,,,,,,,,,,,,,,,,,,,,,,,,,,,,,,,,,,,,,,,,,,,,,,,,,,,,,,,,,,,,,,,,,,,,,,,,,,,,,,,,,,,,,,,,,,,,,,,,,,,,,,,,,,,,,,,,,,0.7335862740930514,1.4365611578852528,1.1535101029888226,,,,,-0.7076678244252219,,,,,,,,3.7766820959870717,3.7766820959870717,3.8446967371902727,3.8446967371902727,3.397314506486775,3.397314506486775,,,,,,,-0.08338159511768424,,0.2287572293885467,0.2287572293885467,0.4024494012576372,0.4024494012576372,44.87469284854933,44.87469284854933,,3.7519999980926513,3.7519999980926513,4.02142858505249,4.02142858505249,2.865079365079365,2.865079365079365,,,3.004200005531311,,,3040830.0420284272824000,17731265.436041165,,,,,,,
2025-06-30,,,,,,,3.5000000000000000,3.7400000095367430,3.4500000476837160,3.6700000762939453,694700,,,,,3.6700000762939453,,,,,,,,,,,,,,,,,,,,,,,,,,,,,,,,,,,,,,,,,,,,,,,,,,,,,,,,,,,,,,,,,,,,,,,,,,,,,,,,,,,,,,,,,,,,,,,,,,,,,,,,,,,,,,,,,,,,,,,,,,,,,,,,,,,,,,,,,,,,,0.9292693675041734,1.44051080246342,1.1568643728335988,,,,,-0.7026663211253155,,,,,,,,3.7411214227560294,3.7411214227560294,3.8288152225633336,3.8288152225633336,3.405835930543249,3.405835930543249,,,,,,,0.06181743799038453,,0.18783206858123647,0.18783206858123647,0.35952593472235705,0.35952593472235705,49.09344732882635,49.09344732882635,,3.7320000171661376,3.7320000171661376,4.065238112495059,4.065238112495059,2.8788888908567882,2.8788888908567882,,,3.034200005531311,,,2549549.0530014037999100,17763774.468764048,,,,,,,
2025-07-01,,,,,,,3.7100000381469727,3.7100000381469727,3.4800000190734863,3.4900000095367430,604700,,,,,3.4900000095367430,,,,,,,,,,,,,,,,,,,,,,,,,,,,,,,,,,,,,,,,,,,,,,,,,,,,,,,,,,,,,,,,,,,,,,,,,,,,,,,,,,,,,,,,,,,,,,,,,,,,,,,,,,,,,,,,,,,,,,,,,,,,,,,,,,,,,,,,,,,,,0.9321900418845765,1.4574687721211539,1.1490137977938826,,,,,-0.7045581909879925,,,,,,,,3.657414285016267,3.657414285016267,3.7980138395609164,3.7980138395609164,3.4084660580117956,3.4084660580117956,,,,,,,-0.05028994390809269,,0.1392686800754328,0.1392686800754328,0.31547448379297216,0.31547448379297216,45.992095488373586,45.992095488373586,,3.658000040054321,3.658000040054321,4.099523828143165,4.099523828143165,2.8933333366636247,2.8933333366636247,,,3.0600000047683715,,,2110403.0057668684921000,17789733.59606266,,,,,,,
2025-07-02,,,,,,,3.4500000476837160,3.5499999523162840,3.3299999237060547,3.4800000190734863,700000,,,,,3.4800000190734863,,,,,,,,,,,,,,,,,,,,,,,,,,,,,,,,,,,,,,,,,,,,,,,,,,,,,,,,,,,,,,,,,,,,,,,,,,,,,,,,,,,,,,,,,,,,,,,,,,,,,,,,,,,,,,,,,,,,,,,,,,,,,,,,,,,,,,,,,,,,,0.8892420866407416,1.4536097966038264,1.1466437213604879,,,,,-0.7023632326336883,,,,,,,,3.5982761963686736,3.5982761963686736,3.7691034922438775,3.7691034922438775,3.4107014942949734,3.4107014942949734,,,,,,,-0.002869439679657161,,0.09883561371540761,0.09883561371540761,0.27214670977745925,0.27214670977745925,45.81892097740149,45.81892097740149,,3.5680000305175783,3.5680000305175783,4.127619062151227,4.127619062151227,2.9058730185977995,2.9058730185977995,,,3.0886000061035155,,,2436000.0133514404100000,17822563.389801223,,,,,,,
2025-07-03,,,,,,,3.5599999427795410,3.5999999046325684,3.4100000858306885,3.4600000381469727,334800,,,,,3.4600000381469727,,,,,,,,,,,,,,,,,,,,,,,,,,,,,,,,,,,,,,,,,,,,,,,,,,,,,,,,,,,,,,,,,,,,,,,,,,,,,,,,,,,,,,,,,,,,,,,,,,,,,,,,,,,,,,,,,,,,,,,,,,,,,,,,,,,,,,,,,,,,,0.871248009025244,1.4486594341129817,1.145159032932322,,,,,-0.7074933639425424,,,,,,,,3.5521841436281067,3.5521841436281067,3.7410031782350677,3.7410031782350677,3.4122420737903485,3.4122420737903485,,,,,,,-0.005763699172500427,,0.064435513516516,0.064435513516516,0.2306044705252706,0.2306044705252706,45.45032343965732,45.45032343965732,,3.5100000381469725,3.5100000381469725,4.148571445828392,4.148571445828392,2.919206354353163,2.919206354353163,,,3.113800005912781,,,1158408.0127716064599600,17832570.977671564,,,,,,,
2025-07-07,,,,,,,3.4300000667572020,3.4300000667572020,3.2300000190734863,3.2799999713897705,494700,,,,,3.2799999713897705,,,,,,,,,,,,,,,,,,,,,,,,,,,,,,,,,,,,,,,,,,,,,,,,,,,,,,,,,,,,,,,,,,,,,,,,,,,,,,,,,,,,,,,,,,,,,,,,,,,,,,,,,,,,,,,,,,,,,,,,,,,,,,,,,,,,,,,,,,,,,0.7418469189619853,1.4531077242560786,1.106619190174338,,,,,-0.714471930276212,,,,,,,,3.461456086215328,3.461456086215328,3.699093795794586,3.699093795794586,3.4081095080903303,3.4081095080903303,,,,,,,-0.053425186421348005,,0.02239058053086662,0.02239058053086662,0.1889616925263898,0.1889616925263898,42.16282860348246,42.16282860348246,,3.4760000228881838,3.4760000228881838,4.153333346048991,4.153333346048991,2.935555560248239,2.935555560248239,,,3.135600004196167,,,1622615.9858465194663500,17849183.929827858,,,,,,,
2025-07-08,,,,,,,3.4300000667572020,3.7699999809265137,3.4200000762939453,3.7650001049041750,1390000,,,,,3.7650001049041750,,,,,,,,,,,,,,,,,,,,,,,,,,,,,,,,,,,,,,,,,,,,,,,,,,,,,,,,,,,,,,,,,,,,,,,,,,,,,,,,,,,,,,,,,,,,,,,,,,,,,,,,,,,,,,,,,,,,,,,,,,,,,,,,,,,,,,,,,,,,,1.2375958991216534,0.955129259360127,1.125434002945682,,,,,-0.5281440984001925,,,,,,,,3.562637425778277,3.562637425778277,3.7050852784409125,3.7050852784409125,3.419262339240763,3.419262339240763,,,,,,,0.13790447544142984,,0.02788369974803606,0.02788369974803606,0.15674609397071906,0.15674609397071906,52.19615243150392,52.19615243150392,,3.4950000286102294,3.4950000286102294,4.120714312507992,4.120714312507992,2.9621428648630777,2.9621428648630777,,,3.158900008201599,,,5233350.1458168032500000,17926752.63078099,,,,,,,
2025-07-09,,,,,,,3.8499999046325684,3.9800000190734863,3.6809999942779540,3.8900001049041750,896800,,,,,3.8900001049041750,,,,,,,,,,,,,,,,,,,,,,,,,,,,,,,,,,,,,,,,,,,,,,,,,,,,,,,,,,,,,,,,,,,,,,,,,,,,,,,,,,,,,,,,,,,,,,,,,,,,,,,,,,,,,,,,,,,,,,,,,,,,,,,,,,,,,,,,,,,,,1.1399105929972873,0.9590804660076145,1.1242892108674052,,,,,-0.5352868440177293,,,,,,,,3.671758318820243,3.671758318820243,3.7218957172103,3.7218957172103,3.4339728944177446,3.4339728944177446,,,,,,,0.03266129548315753,,0.041841172641851276,0.041841172641851276,0.1337651097049455,0.1337651097049455,54.3921421237194,54.3921421237194,,3.575000047683716,3.575000047683716,4.101666700272333,4.101666700272333,2.9915079464988104,2.9915079464988104,,,3.189300012588501,,,3488552.0940780641400000,17976148.94984639,,,,,,,
2025-07-10,,,,,,,4.0100002288818360,4.3499999046325680,4.0100002288818360,4.2100000381469730,2685400,,,,,4.2100000381469730,,,,,,,,,,,,,,,,,,,,,,,,,,,,,,,,,,,,,,,,,,,,,,,,,,,,,,,,,,,,,,,,,,,,,,,,,,,,,,,,,,,,,,,,,,,,,,,,,,,,,,,,,,,,,,,,,,,,,,,,,,,,,,,,,,,,,,,,,,,,,1.1764440926998148,0.9800444824979534,1.1309153950449846,,,,,-0.4248325894612474,,,,,,,,3.8511722252624865,3.8511722252624865,3.7662688372954523,3.7662688372954523,3.458223742659283,3.458223742659283,,,,,,,0.07905347215731987,,0.07782675237413139,0.07782675237413139,0.12257743823878268,0.12257743823878268,59.51891571964145,59.51891571964145,,3.721000051498413,3.721000051498413,4.085952418191092,4.085952418191092,3.026587312183683,3.026587312183683,,,3.229500012397766,,,11305534.1024398812942000,18150551.078456547,,,,,,,
2025-07-11,,,,,,,4.5999999046325680,5.0500001907348630,4.5000000000000000,5.0300002098083500,4387600,,,,,5.0300002098083500,,,,,,,,,,,,,,,,,,,,,,,,,,,,,,,,,,,,,,,,,,,,,,,,,,,,,,,,,,,,,,,,,,,,,,,,,,,,,,,,,,,,,,,,,,,,,,,,,,,,,,,,,,,,,,,,,,,,,,,,,,,,,,,,,,,,,,,,,,,,,1.4387917347451622,1.1354077760178292,1.1644756660460822,,,,,-0.2873696417758575,,,,,,,,4.2441148867777745,4.2441148867777745,3.8811535075238974,3.8811535075238974,3.5073417572576915,3.5073417572576915,,,,,,,0.1779573690677198,,0.17054678719863015,0.17054678719863015,0.13217130803075217,0.13217130803075217,69.10331820886972,69.10331820886972,,4.0350000858306885,4.0350000858306885,4.092142899831136,4.092142899831136,3.071190489663018,3.071190489663018,,,3.288100018501282,,,22069628.9205551164600000,18492669.791375645,,,,,,,
2025-07-14,,,,,,,5.2899999618530270,6.2399997711181640,5.0300002098083500,6.1900000572204590,5868400,,,,,6.1900000572204590,,,,,,,,,,,,,,,,,,,,,,,,,,,,,,,,,,,,,,,,,,,,,,,,,,,,,,,,,,,,,,,,,,,,,,,,,,,,,,,,,,,,,,,,,,,,,,,,,,,,,,,,,,,,,,,,,,,,,,,,,,,,,,,,,,,,,,,,,,,,,1.1335803830288838,1.339373565533705,1.226290545392342,,,,,-0.11206615518838439,,,,,,,,4.892743276925335,4.892743276925335,4.091048648405403,4.091048648405403,3.591174829131528,3.591174829131528,,,,,,,0.20751507011747222,,0.3337827363595465,0.3337827363595465,0.17249359369651104,0.17249359369651104,77.29347552711485,77.29347552711485,,4.617000102996826,4.617000102996826,4.156428609575544,4.156428609575544,3.1346825531550815,3.1346825531550815,,,3.3697000217437743,,,36325396.3357925415956000,19065286.621998604,,,,,,,
2025-07-15,,,,,,,6.5000000000000000,6.5999999046325680,5.8800001144409180,5.9699997901916500,3874800,,,,,5.9699997901916500,,,,,,,,,,,,,,,,,,,,,,,,,,,,,,,,,,,,,,,,,,,,,,,,,,,,,,,,,,,,,,,,,,,,,,,,,,,,,,,,,,,,,,,,,,,,,,,,,,,,,,,,,,,,,,,,,,,,,,,,,,,,,,,,,,,,,,,,,,,,,1.6042898742191913,1.3443222037185898,1.2249387960708376,,,,,-0.17507178517460562,,,,,,,,5.251828781347441,5.251828781347441,4.261862388567789,4.261862388567789,3.6655131091646567,3.6655131091646567,,,,,,,-0.03618820367978779,,0.4403204788011621,0.4403204788011621,0.22605897071744124,0.22605897071744124,73.3236238235111,73.3236238235111,,5.0580000400543215,5.0580000400543215,4.200238114311581,4.200238114311581,3.1919841387915233,3.1919841387915233,,,3.445100016593933,,,23132555.1870346054200000,19427131.94266501,,,,,,,
2025-07-16,,,,,,,5.8299999237060550,6.2199997901916500,5.2699999809265140,6.0000000000000000,3339100,,,,,6.0000000000000000,,,,,,,,,,,,,,,,,,,,,,,,,,,,,,,,,,,,,,,,,,,,,,,,,,,,,,,,,,,,,,,,,,,,,,,,,,,,,,,,,,,,,,,,,,,,,,,,,,,,,,,,,,,,,,,,,,,,,,,,,,,,,,,,,,,,,,,,,,,,,1.6791935408192151,1.341576726446243,1.2185324542939264,,,,,0.12275072533447226,,,,,,,,5.501219187564961,5.501219187564961,4.41987489869799,4.41987489869799,3.738465824503261,3.738465824503261,,,,,,,0.005012576967322072,,0.5211655019660437,0.5211655019660437,0.28508027696716176,0.28508027696716176,73.52332501656593,73.52332501656593,,5.480000019073486,5.480000019073486,4.249285743350074,4.249285743350074,3.2515079483153326,3.2515079483153326,,,3.521300015449524,,,20034600.0000000000000000,19737820.037903104,,,,,,,
2025-07-17,,,,,,,6.1100001335144040,7.0500001907348630,5.9800000190734860,6.4800000190734860,4418400,,,,,6.4800000190734860,,,,,,,,,,,,,,,,,,,,,,,,,,,,,,,,,,,,,,,,,,,,,,,,,,,,,,,,,,,,,,,,,,,,,,,,,,,,,,,,,,,,,,,,,,,,,,,,,,,,,,,,,,,,,,,,,,,,,,,,,,,,,,,,,,,,,,,,,,,,,1.6798570454738868,1.3620676190718028,1.2221377557711828,,,,,0.12397251447054143,,,,,,,,5.827479464734469,5.827479464734469,4.607159000550308,4.607159000550308,3.8241387680835808,3.8241387680835808,,,,,,,0.0769610440795675,,0.616857011642785,0.616857011642785,0.3514356239022864,0.3514356239022864,76.54834944885064,76.54834944885064,,5.934000015258789,5.934000015258789,4.317380973270962,4.317380973270962,3.31944445579771,3.31944445579771,,,3.610100016593933,,,28631232.0842742905424000,20188107.53121376,,,,,,,
2025-07-18,,,,,,,6.5300002098083500,6.5399999618530270,5.7399997711181640,5.8299999237060550,2219900,,,,,5.8299999237060550,,,,,,,,,,,,,,,,,,,,,,,,,,,,,,,,,,,,,,,,,,,,,,,,,,,,,,,,,,,,,,,,,,,,,,,,,,,,,,,,,,,,,,,,,,,,,,,,,,,,,,,,,,,,,,,,,,,,,,,,,,,,,,,,,,,,,,,,,,,,,1.8972607442414797,1.3960664198853914,1.2452078386178542,,,,,0.11033623473459603,,,,,,,,5.828319617724998,5.828319617724998,4.71832635720083,4.71832635720083,3.886821929196783,3.886821929196783,,,,,,,-0.10570352603166161,,0.6329474231648486,0.6329474231648486,0.40773798375479886,0.40773798375479886,65.61559998501971,65.61559998501971,,6.09399995803833,6.09399995803833,4.370238122485933,4.370238122485933,3.3775396914709184,3.3775396914709184,,,3.6857000160217286,,,12942016.8306350714945000,20389899.036334053,,,,,,,
2025-07-21,,,,,,,6.2500000000000000,6.2800002098083500,5.2100000381469730,5.4000000953674320,2269500,,,,,5.4000000953674320,,,,,,,,,,,,,,,,,,,,,,,,,,,,,,,,,,,,,,,,,,,,,,,,,,,,,,,,,,,,,,,,,,,,,,,,,,,,,,,,,,,,,,,,,,,,,,,,,,,,,,,,,,,,,,,,,,,,,,,,,,,,,,,,,,,,,,,,,,,,,1.1384592171792152,1.3860201045985152,1.2588212833480719,,,,,0.09069262330405196,,,,,,,,5.685546443605809,5.685546443605809,4.780296697034157,4.780296697034157,3.9341087468896156,3.9341087468896156,,,,,,,-0.07661801604509685,,0.6040388142828732,0.6040388142828732,0.4469981498604137,0.4469981498604137,59.555814141305,59.555814141305,,5.935999965667724,5.935999965667724,4.42166669028146,4.42166669028146,3.4283333430214533,3.4283333430214533,,,3.751900019645691,3.9875700056552885,0,12255300.2164363869240000,20580687.61111706,,,,,,,
2025-07-22,,,,,,,5.6500000953674320,5.6500000953674320,5.1999998092651370,5.4899997711181640,1074200,,,,,5.4899997711181640,,,,,,,,,,,,,,,,,,,,,,,,,,,,,,,,,,,,,,,,,,,,,,,,,,,,,,,,,,,,,,,,,,,,,,,,,,,,,,,,,,,,,,,,,,,,,,,,,,,,,,,,,,,,,,,,,,,,,,,,,,,,,,,,,,,,,,,,,,,,,1.1735273752621842,1.3372817393452554,1.2469503947279252,,,,,0.11363602889386165,,,,,,,,5.62036421944326,5.62036421944326,4.844815158314522,4.844815158314522,3.9827303413967576,3.9827303413967576,,,,,,,0.016529242599893842,,0.5816854473921209,0.5816854473921209,0.47393560936675516,0.47393560936675516,60.380552013760465,60.380552013760465,,5.839999961853027,5.839999961853027,4.495000010445004,4.495000010445004,3.4829365147484674,3.4829365147484674,,,3.8189000129699706,3.9710200035572054,0,5897357.7541351317688000,20670163.924770884,,,,,,,
2025-07-23,,,,,,,5.4899997711181640,5.7199997901916500,5.4099998474121090,5.6900000572204590,1033800,,,,,5.6900000572204590,,,,,,,,,,,,,,,,,,,,,,,,,,,,,,,,,,,,,,,,,,,,,,,,,,,,,,,,,,,,,,,,,,,,,,,,,,,,,,,,,,,,,,,,,,,,,,,,,,,,,,,,,,,,,,,,,,,,,,,,,,,,,,,,,,,,,,,,,,,,,1.2285393559222557,1.319245234658531,1.2426462823407498,,,,,0.15124601618244338,,,,,,,,5.6435761653689935,5.6435761653689935,4.921650149124153,4.921650149124153,4.036082520016248,4.036082520016248,,,,,,,0.03578204436380132,,0.5734976705440831,0.5734976705440831,0.49384802160222074,0.49384802160222074,62.22407802160716,62.22407802160716,,5.777999973297119,5.777999973297119,4.586428585506621,4.586428585506621,3.5383333402966697,3.5383333402966697,,,3.8911000156402586,3.9677200043201446,0,5882322.0591545105142000,20738286.496591188,,,,,,,
2025-07-24,,,,,,,5.9000000953674320,6.3299999237060550,5.8000001907348630,6.0100002288818360,2218300,,,,,6.0100002288818360,,,,,,,,,,,,,,,,,,,,,,,,,,,,,,,,,,,,,,,,,,,,,,,,,,,,,,,,,,,,,,,,,,,,,,,,,,,,,,,,,,,,,,,,,,,,,,,,,,,,,,,,,,,,,,,,,,,,,,,,,,,,,,,,,,,,,,,,,,,,,1.1352470001699644,1.3248248488076033,1.2444915859139658,,,,,0.15055171410117024,,,,,,,,5.765717519873275,5.765717519873275,5.02059106546576,5.02059106546576,4.097767448418298,4.097767448418298,,,,,,,0.05471452843605656,,0.5860742388948861,0.5860742388948861,0.5122932650607538,0.5122932650607538,65.02799803487898,65.02799803487898,,5.684000015258789,5.684000015258789,4.6888095537821455,4.6888095537821455,3.598968263656374,3.598968263656374,,,3.968700017929077,3.9700200045108796,0,13331983.5077285767988000,20936212.567784674,,,,,,,
2025-07-25,,,,,,,5.9699997901916500,6.0180001258850100,5.4899997711181640,5.6700000762939450,1474000,,,,,5.6700000762939450,,,,,,,,,,,,,,,,,,,,,,,,,,,,,,,,,,,,,,,,,,,,,,,,,,,,,,,,,,,,,,,,,,,,,,,,,,,,,,,,,,,,,,,,,,,,,,,,,,,,,,,,,,,,,,,,,,,,,,,,,,,,,,,,,,,,,,,,,,,,,0.9274736144264861,1.353080914794655,1.2121780104300575,,,,,0.14617458452581733,,,,,,,,5.733811705346831,5.733811705346831,5.079628248268323,5.079628248268323,4.146899718039412,4.146899718039412,,,,,,,-0.058235655435232785,,0.5621262476368534,0.5621262476368534,0.5222598615759737,0.5222598615759737,59.937473183744146,59.937473183744146,,5.652000045776367,5.652000045776367,4.771666697093418,4.771666697093418,3.6476984251113165,3.6476984251113165,,,4.0371000194549564,3.978820004463196,1,8357580.1124572749300000,19072085.023763824,,,,,,,
2025-07-28,,,,,,,5.4800000190734860,5.6199998855590820,5.1399998664855960,5.2500000000000000,1148100,,,,,5.2500000000000000,,,,,,,,,,,,,,,,,,,,,,,,,,,,,,,,,,,,,,,,,,,,,,,,,,,,,,,,,,,,,,,,,,,,,,,,,,,,,,,,,,,,,,,,,,,,,,,,,,,,,,,,,,,,,,,,,,,,,,,,,,,,,,,,,,,,,,,,,,,,,0.9291309519945679,1.3749360589694204,1.2070583734878362,,,,,0.13770460582427205,,,,,,,,5.572541136897888,5.572541136897888,5.095116589334839,5.095116589334839,4.181371601850681,4.181371601850681,,,,,,,-0.07696105459185051,,0.5034532997088279,0.5034532997088279,0.5184985492025446,0.5184985492025446,54.28431095828827,54.28431095828827,,5.622000026702881,5.622000026702881,4.84309526852199,4.84309526852199,3.693412712642125,3.693412712642125,,,4.097900018692017,3.991220004558563,1,6027525.0000000000000000,19121804.597411457,,,,,,,
2025-07-29,,,,,,,5.1199998855590820,5.1999998092651370,4.8200001716613770,4.9299998283386230,1228100,,,,,4.9299998283386230,,,,,,,,,,,,,,,,,,,,,,,,,,,,,,,,,,,,,,,,,,,,,,,,,,,,,,,,,,,,,,,,,,,,,,,,,,,,,,,,,,,,,,,,,,,,,,,,,,,,,,,,,,,,,,,,,,,,,,,,,,,,,,,,,,,,,,,,,,,,,0.9794835661728112,1.3579967496706937,1.203891100969412,,,,,0.13641657588372044,,,,,,,,5.358360700711466,5.358360700711466,5.080105974698819,5.080105974698819,4.204766233928429,4.204766233928429,,,,,,,-0.06288912336868617,,0.426220027100392,0.426220027100392,0.500042844782114,0.500042844782114,50.3850672000233,50.3850672000233,,5.5100000381469725,5.5100000381469725,4.913571448553176,4.913571448553176,3.73674604249379,3.73674604249379,,,4.15270001411438,4.003820003271103,1,6054532.7891826629063000,19200496.863529038,,,,,,,
2025-07-30,,,,,,,4.9099998474121090,4.9970002174377440,4.7300000190734860,4.8299999237060550,514100,,,,,4.8299999237060550,,,,,,,,,,,,,,,,,,,,,,,,,,,,,,,,,,,,,,,,,,,,,,,,,,,,,,,,,,,,,,,,,,,,,,,,,,,,,,,,,,,,,,,,,,,,,,,,,,,,,,,,,,,,,,,,,,,,,,,,,,,,,,,,,,,,,,,,,,,,,0.84421903543623,1.3536949436628007,1.1997962406153828,,,,,0.12542187885640044,,,,,,,,5.182240441709662,5.182240441709662,5.057369060972204,5.057369060972204,4.224304786733979,4.224304786733979,,,,,,,-0.020492501366212862,,0.35287521967750557,0.35287521967750557,0.47060931976119236,0.47060931976119236,49.19583021311192,49.19583021311192,,5.338000011444092,5.338000011444092,4.968809536525181,4.968809536525181,3.780079376129877,3.780079376129877,,,4.199500012397766,4.018725003004074,1,2483102.9607772828755000,19224371.196945507,,,,,,,
2025-07-31,,,,,,,4.8299999237060550,4.9000000953674320,4.6300001144409180,4.6900000572204590,605300,,,,,4.6900000572204590,,,,,,,,,,,,,,,,,,,,,,,,,,,,,,,,,,,,,,,,,,,,,,,,,,,,,,,,,,,,,,,,,,,,,,,,,,,,,,,,,,,,,,,,,,,,,,,,,,,,,,,,,,,,,,,,,,,,,,,,,,,,,,,,,,,,,,,,,,,,,0.3768757847564866,1.3432731926721355,1.2027186834637,,,,,0.1305377684256822,,,,,,,,5.018160313546595,5.018160313546595,5.023971878812954,5.023971878812954,4.238857763936682,4.238857763936682,,,,,,,-0.029413857209921103,,0.28022188867579434,0.28022188867579434,0.43253183354411273,0.43253183354411273,47.50530596527405,47.50530596527405,,5.073999977111816,5.073999977111816,5.025952395938692,5.025952395938692,3.8210317596556647,3.8210317596556647,,,4.245900015830994,4.033325003385544,1,2838857.0346355438327000,19258118.801232368,,,,,,,
2025-08-01,,,,,,,4.3099999427795410,4.4400000572204590,4.2300000190734860,4.3899998664855960,839900,,,,,4.3899998664855960,,,,,,,,,,,,,,,,,,,,,,,,,,,,,,,,,,,,,,,,,,,,,,,,,,,,,,,,,,,,,,,,,,,,,,,,,,,,,,,,,,,,,,,,,,,,,,,,,,,,,,,,,,,,,,,,,,,,,,,,,,,,,,,,,,,,,,,,,,,,,0.392068318956417,1.370898542872166,1.2114324202894726,,,,,0.13448760193483197,,,,,,,,4.808773497859595,4.808773497859595,4.966338059510467,4.966338059510467,4.2435809546413354,4.2435809546413354,,,,,,,-0.06610339798493664,,0.19617471226340122,0.19617471226340122,0.38526040928797045,0.38526040928797045,44.01493365477902,44.01493365477902,,4.817999935150146,4.817999935150146,5.069285722005935,5.069285722005935,3.855793661541409,3.855793661541409,,,4.285100011825562,4.0430250024795535,1,3687160.8878612520804000,19310565.4818603,,,,,,,
2025-08-04,,,,,,,4.4499998092651370,4.9600000381469730,4.4000000953674320,4.8699998855590820,809100,,,,,4.8699998855590820,,,,,,,,,,,,,,,,,,,,,,,,,,,,,,,,,,,,,,,,,,,,,,,,,,,,,,,,,,,,,,,,,,,,,,,,,,,,,,,,,,,,,,,,,,,,,,,,,,,,,,,,,,,,,,,,,,,,,,,,,,,,,,,,,,,,,,,,,,,,,1.101189411282806,1.4060157501791037,1.2250853320358044,,,,,0.14953413623519843,,,,,,,,4.829182293759424,4.829182293759424,4.957580043696705,4.957580043696705,4.263156546232515,4.263156546232515,,,,,,,0.10376471692156082,,0.16638077543034147,0.16638077543034147,0.34148448251644464,0.34148448251644464,50.30617657619861,50.30617657619861,,4.741999912261963,4.741999912261963,5.136428571882702,5.136428571882702,3.8983333413563077,3.8983333413563077,,,4.3365000104904174,4.056225001811981,1,3940316.9074058532462000,19361969.003908973,,,,,,,
2025-08-05,,,,,,,5.0999999046325680,5.3299999237060550,4.9200000762939450,5.1599998474121090,1380400,,,,,5.1599998474121090,,,,,,,,,,,,,,,,,,,,,,,,,,,,,,,,,,,,,,,,,,,,,,,,,,,,,,,,,,,,,,,,,,,,,,,,,,,,,,,,,,,,,,,,,,,,,,,,,,,,,,,,,,,,,,,,,,,,,,,,,,,,,,,,,,,,,,,,,,,,,1.1041583448908119,1.3892458871880717,1.216396286226272,,,,,0.15756123214814752,,,,,,,,4.939454811643652,4.939454811643652,4.975981844034469,4.975981844034469,4.291182899394378,4.291182899394378,,,,,,,0.05784263632683791,,0.16427577030519025,0.16427577030519025,0.3060427400741938,0.3060427400741938,53.69198072233414,53.69198072233414,,4.78799991607666,4.78799991607666,5.225952375502813,5.225952375502813,3.9478571490635948,3.9478571490635948,,,4.391100006103516,4.0721750009059905,1,7122863.7893676752636000,19467987.476887777,,,,,,,
2025-08-06,,,,,,,5.0599999427795410,5.1640000343322750,4.8600001335144040,4.9299998283386230,605600,,,,,4.9299998283386230,,,,,,,,,,,,,,,,,,,,,,,,,,,,,,,,,,,,,,,,,,,,,,,,,,,,,,,,,,,,,,,,,,,,,,,,,,,,,,,,,,,,,,,,,,,,,,,,,,,,,,,,,,,,,,,,,,,,,,,,,,,,,,,,,,,,,,,,,,,,,1.1595693318534543,1.3402042454921348,1.2222333569646648,,,,,0.12134362730617673,,,,,,,,4.936303150541976,4.936303150541976,4.971801660789392,4.971801660789392,4.311145928423885,4.311145928423885,,,,,,,-0.04559759668732808,,0.14240688134594492,0.14240688134594492,0.273315568328544,0.273315568328544,50.7392870382787,50.7392870382787,,4.807999897003174,4.807999897003174,5.281428552809215,5.281428552809215,3.993571432809981,3.993571432809981,,,4.439700002670288,4.084524999856949,1,2985607.8960418700888000,19507331.015107367,,,,,,,
2025-08-07,,,,,,,5.0999999046325680,5.1300001144409180,4.9600000381469730,5.1300001144409180,712900,,,,,5.1300001144409180,,,,,,,,,,,,,,,,,,,,,,,,,,,,,,,,,,,,,,,,,,,,,,,,,,,,,,,,,,,,,,,,,,,,,,,,,,,,,,,,,,,,,,,,,,,,,,,,,,,,,,,,,,,,,,,,,,,,,,,,,,,,,,,,,,,,,,,,,,,,,1.1374067516144024,1.3417536371578072,1.2232835326369706,,,,,0.1302015432889174,,,,,,,,5.000868805174957,5.000868805174957,4.986183338394076,4.986183338394076,4.336735121736917,4.336735121736917,,,,,,,0.03976672825600283,,0.13960470476955855,0.13960470476955855,0.2465733956167469,0.2465733956167469,53.151903820235155,53.151903820235155,,4.895999908447266,4.895999908447266,5.340476172310965,5.340476172310965,4.041825404242863,4.041825404242863,,,4.489300003051758,4.099325000047684,1,3657177.0815849304422000,19562117.064155474,,,,,,,
2025-08-08,,,,,,,5.1500000953674320,5.1999998092651370,4.8990001678466800,5.0399999618530270,709900,,,,,5.0399999618530270,,,,,,,,,,,,,,,,,,,,,,,,,,,,,,,,,,,,,,,,,,,,,,,,,,,,,,,,,,,,,,,,,,,,,,,,,,,,,,,,,,,,,,,,,,,,,,,,,,,,,,,,,,,,,,,,,,,,,,,,,,,,,,,,,,,,,,,,,,,,,0.94828269181707,1.3236373384749545,1.2247872491906877,,,,,0.12378162863647492,,,,,,,,5.0139125240676465,5.0139125240676465,4.991075758708527,4.991075758708527,4.358712147990546,4.358712147990546,,,,,,,-0.017699606976415597,,0.12863883112270447,0.12863883112270447,0.22298648271793842,0.22298648271793842,51.91960413955108,51.91960413955108,,5.025999927520752,5.025999927520752,5.37999997820173,5.37999997820173,4.087857148003956,4.087857148003956,,,4.533500003814697,4.113824999332428,1,3577895.9729194638673000,19605352.332902335,,,,,,,
2025-08-11,,,,,,,4.9400000572204590,5.0380001068115230,4.7199997901916500,4.8000001907348630,620000,,,,,4.8000001907348630,,,,,,,,,,,,,,,,,,,,,,,,,,,,,,,,,,,,,,,,,,,,,,,,,,,,,,,,,,,,,,,,,,,,,,,,,,,,,,,,,,,,,,,,,,,,,,,,,,,,,,,,,,,,,,,,,,,,,,,,,,,,,,,,,,,,,,,,,,,,,0.7800400027227409,1.1836790127562782,1.2282976032052266,,,,,0.017997276586556716,,,,,,,,4.9426084129567185,4.9426084129567185,4.973705252529102,4.973705252529102,4.372502399326306,4.372502399326306,,,,,,,-0.04879011686415913,,0.09943608420337657,0.09943608420337657,0.19827640301502605,0.19827640301502605,48.67854213660547,48.67854213660547,,5.011999988555909,5.011999988555909,5.369047596341088,5.369047596341088,4.131031755417112,4.131031755417112,,,4.5745000076293945,4.12772500038147,1,2976000.1182556150600000,19644224.20810215,,,,,,,
2025-08-12,,,,,,,5.4499998092651370,5.9499998092651370,5.1700000762939450,5.5799999237060550,22183000,,,,,5.5799999237060550,,,,,,,,,,,,,,,,,,,,,,,,,,,,,,,,,,,,,,,,,,,,,,,,,,,,,,,,,,,,,,,,,,,,,,,,,,,,,,,,,,,,,,,,,,,,,,,,,,,,,,,,,,,,,,,,,,,,,,,,,,,,,,,,,,,,,,,,,,,,,1.3234468996566155,1.0672554424854932,1.2585115156362592,,,,,-0.06720498519729927,,,,,,,,5.1550722498731645,5.1550722498731645,5.028822949908825,5.028822949908825,4.410236696963173,4.410236696963173,,,,,,,0.1505728050701951,,0.13764546535313293,0.13764546535313293,0.18615021548264743,0.18615021548264743,57.880973751996535,57.880973751996535,,5.096000003814697,5.096000003814697,5.33999997093564,5.33999997093564,4.185793657151479,4.185793657151479,,,4.630700006484985,4.146075000166893,1,123781138.3075714180650000,21601917.704666987,,,,,,,
2025-08-13,,,,,,,5.3899998664855960,5.4569997787475590,4.9000000953674320,5.4000000953674320,1739000,,,,,5.4000000953674320,,,,,,,,,,,,,,,,,,,,,,,,,,,,,,,,,,,,,,,,,,,,,,,,,,,,,,,,,,,,,,,,,,,,,,,,,,,,,,,,,,,,,,,,,,,,,,,,,,,,,,,,,,,,,,,,,,,,,,,,,,,,,,,,,,,,,,,,,,,,,1.2887739264420228,1.0660659923496392,1.259524586157589,,,,,0.01385564058881625,,,,,,,,5.2367148650379205,5.2367148650379205,5.062566326768699,5.062566326768699,4.441166803163306,4.441166803163306,,,,,,,-0.03278979148960543,,0.15165402022860075,0.15165402022860075,0.1792509764318381,0.1792509764318381,55.41170996763446,55.41170996763446,,5.190000057220459,5.190000057220459,5.312857128324962,5.312857128324962,4.235793658665249,4.235793658665249,,,4.680900006294251,4.164275000691414,1,9390600.1658439642480000,21736949.85015657,,,,,,,
2025-08-14,,,,,,,5.2300000190734860,5.2699999809265140,5.0000000000000000,5.1700000762939450,739700,,,,,5.1700000762939450,,,,,,,,,,,,,,,,,,,,,,,,,,,,,,,,,,,,,,,,,,,,,,,,,,,,,,,,,,,,,,,,,,,,,,,,,,,,,,,,,,,,,,,,,,,,,,,,,,,,,,,,,,,,,,,,,,,,,,,,,,,,,,,,,,,,,,,,,,,,,1.3358085290004698,1.0736818563643509,1.2631876711098893,,,,,-0.0183791467348831,,,,,,,,5.214476602123262,5.214476602123262,5.072333031270994,5.072333031270994,4.463942842948638,4.463942842948638,,,,,,,-0.04352626795347697,,0.1425535529231352,0.1425535529231352,0.1719114917300975,0.1719114917300975,52.3391605583524,52.3391605583524,,5.198000049591064,5.198000049591064,5.2733333224341985,5.2733333224341985,4.282777786254883,4.282777786254883,,,4.723900008201599,4.17932500064373,1,3824249.0564346311165000,21785311.295283787,,,,,,,
2025-08-15,,,,,,,5.0900001525878910,5.0900001525878910,4.8899998664855960,4.9299998283386230,704300,,,,,4.9299998283386230,,,,,,,,,,,,,,,,,,,,,,,,,,,,,,,,,,,,,,,,,,,,,,,,,,,,,,,,,,,,,,,,,,,,,,,,,,,,,,,,,,,,,,,,,,,,,,,,,,,,,,,,,,,,,,,,,,,,,,,,,,,,,,,,,,,,,,,,,,,,,1.378991767607582,1.0368654386169414,1.2683103505597106,,,,,-0.022880414716543403,,,,,,,,5.119651010861715,5.119651010861715,5.059393649186233,5.059393649186233,4.478507123742076,4.478507123742076,,,,,,,-0.0475337500425408,,0.11465369633212497,0.11465369633212497,0.160459932650503,0.160459932650503,49.26914317595206,49.26914317595206,,5.176000022888184,5.176000022888184,5.199523789542062,5.199523789542062,4.3262698461139015,4.3262698461139015,,,4.758900003433228,4.1929249995946885,1,3472198.8790988921789000,21807245.324243817,,,,,,,
2025-08-18,,,,,,,4.8000001907348630,4.9499998092651370,4.6599998474121090,4.9400000572204590,627800,,,,,4.9400000572204590,,,,,,,,,,,,,,,,,,,,,,,,,,,,,,,,,,,,,,,,,,,,,,,,,,,,,,,,,,,,,,,,,,,,,,,,,,,,,,,,,,,,,,,,,,,,,,,,,,,,,,,,,,,,,,,,,,,,,,,,,,,,,,,,,,,,,,,,,,,,,1.321978993483541,0.9811916817877051,1.2465300383982063,,,,,0.029586185189365736,,,,,,,,5.059767359647964,5.059767359647964,5.048539686280254,5.048539686280254,4.492928777913275,4.492928777913275,,,,,,,0.002026389548073811,,0.09228597855672582,0.09228597855672582,0.14682514183174758,0.14682514183174758,49.402319683412266,49.402319683412266,,5.203999996185303,5.203999996185303,5.157142843518939,5.157142843518939,4.365158735759675,4.365158735759675,,,4.768700008392334,4.207075000405312,1,3101332.0359230041602000,21790519.435672533,,,,,,,
2025-08-19,,,,,,,4.9400000572204590,5.0100002288818360,4.5500001907348630,4.5799999237060550,777700,,,,,4.5799999237060550,,,,,,,,,,,,,,,,,,,,,,,,,,,,,,,,,,,,,,,,,,,,,,,,,,,,,,,,,,,,,,,,,,,,,,,,,,,,,,,,,,,,,,,,,,,,,,,,,,,,,,,,,,,,,,,,,,,,,,,,,,,,,,,,,,,,,,,,,,,,,0.4460585285985594,0.9803569379369779,1.2527849390304622,,,,,0.04950186705340225,,,,,,,,4.899844881000661,4.899844881000661,5.005945162409872,5.005945162409872,4.495649751219299,4.495649751219299,,,,,,,-0.0756663613148931,,0.044991761916086226,0.044991761916086226,0.1264584658486153,0.1264584658486153,44.838925105640534,44.838925105640534,,5.003999996185303,5.003999996185303,5.118095216296968,5.118095216296968,4.400238101444547,4.400238101444547,,,4.774500007629395,4.219675000309945,1,3561865.9406661989735000,21835417.657514982,,,,,,,
2025-08-20,,,,,,,4.5799999237060550,4.6399998664855960,4.3499999046325680,4.5900001525878910,762500,,,,,4.5900001525878910,,,,,,,,,,,,,,,,,,,,,,,,,,,,,,,,,,,,,,,,,,,,,,,,,,,,,,,,,,,,,,,,,,,,,,,,,,,,,,,,,,,,,,,,,,,,,,,,,,,,,,,,,,,,,,,,,,,,,,,,,,,,,,,,,,,,,,,,,,,,,0.5386685961785312,0.9771171126516995,1.2525394755940826,,,,,0.054441753505888396,,,,,,,,4.796563304863071,4.796563304863071,4.968131979698782,4.968131979698782,4.498598201262068,4.498598201262068,,,,,,,0.002181075847975534,,0.008222900904264918,0.008222900904264918,0.10281135285974523,0.10281135285974523,44.99093327151584,44.99093327151584,,4.8420000076293945,4.8420000076293945,5.07523809160505,5.07523809160505,4.4345238170926535,4.4345238170926535,,,4.775500011444092,4.231975000500679,1,3499875.1163482668875000,21872657.51600152,,,,,,,
2025-08-21,,,,,,,4.5599999427795410,5.0599999427795410,4.5100002288818360,4.9299998283386230,1000900,,,,,4.9299998283386230,,,,,,,,,,,,,,,,,,,,,,,,,,,,,,,,,,,,,,,,,,,,,,,,,,,,,,,,,,,,,,,,,,,,,,,,,,,,,,,,,,,,,,,,,,,,,,,,,,,,,,,,,,,,,,,,,,,,,,,,,,,,,,,,,,,,,,,,,,,,,0.8926570909344324,1.0049216085572947,1.2513653725735807,,,,,0.047094669702366886,,,,,,,,4.841042146021588,4.841042146021588,4.964665420484223,4.964665420484223,4.51207950210821,4.51207950210821,,,,,,,0.07145889591884387,,0.006444161699572071,0.006444161699572071,0.0835379146277106,0.0835379146277106,50.03260066015699,50.03260066015699,,4.79399995803833,4.79399995803833,5.039047604515439,5.039047604515439,4.476269846870785,4.476269846870785,,,4.7761000061035155,4.246225000023842,1,4934436.8281841277607000,21934911.116782065,,,,,,,
2025-08-22,,,,,,,4.8800001144409180,5.0500001907348630,4.8000001907348630,5.0000000000000000,737500,,,,,5.0000000000000000,,,,,,,,,,,,,,,,,,,,,,,,,,,,,,,,,,,,,,,,,,,,,,,,,,,,,,,,,,,,,,,,,,,,,,,,,,,,,,,,,,,,,,,,,,,,,,,,,,,,,,,,,,,,,,,,,,,,,,,,,,,,,,,,,,,,,,,,,,,,,0.8324533465415681,0.9831959158938304,1.2483389857113416,,,,,0.07145945467992396,,,,,,,,4.894028097347725,4.894028097347725,4.967877654985657,4.967877654985657,4.527327017667329,4.527327017667329,,,,,,,0.014098959199254113,,0.010561184145240432,0.010561184145240432,0.06894256853121657,0.06894256853121657,51.02776571630918,51.02776571630918,,4.807999992370606,4.807999992370606,4.990952355521066,4.990952355521066,4.5170634966047984,4.5170634966047984,,,4.779300003051758,4.260424999594688,1,3687500.0000000000000000,21983776.86254827,,,,,,,
2025-08-25,,,,,,,5.0300002098083500,5.1399998664855960,4.9050002098083500,5.0999999046325680,793200,,,,,5.0999999046325680,,,,,,,,,,,,,,,,,,,,,,,,,,,,,,,,,,,,,,,,,,,,,,,,,,,,,,,,,,,,,,,,,,,,,,,,,,,,,,,,,,,,,,,,,,,,,,,,,,,,,,,,,,,,,,,,,,,,,,,,,,,,,,,,,,,,,,,,,,,,,0.8409087968546051,0.9708034394891116,1.2479830003312857,,,,,0.09798466936998226,,,,,,,,4.962685366442673,4.962685366442673,4.979888768589921,4.979888768589921,4.545223045384993,4.545223045384993,,,,,,,0.01980260859668314,,0.021643616526123566,0.021643616526123566,0.059482778130197964,0.059482778130197964,52.48368171574086,52.48368171574086,,4.839999961853027,4.839999961853027,4.963809490203857,4.963809490203857,4.558333336360871,4.558333336360871,,,4.780299997329712,4.276124998927116,1,4045319.9243545529376000,22038508.131188817,,,,,,,
2025-08-26,,,,,,,5.0100002288818360,5.1900000572204590,4.8810000419616700,4.9400000572204590,792400,,,,,4.9400000572204590,,,,,,,,,,,,,,,,,,,,,,,,,,,,,,,,,,,,,,,,,,,,,,,,,,,,,,,,,,,,,,,,,,,,,,,,,,,,,,,,,,,,,,,,,,,,,,,,,,,,,,,,,,,,,,,,,,,,,,,,,,,,,,,,,,,,,,,,,,,,,0.5925361916431454,0.9408208703640079,1.2472207173166006,,,,,0.10227801497523203,,,,,,,,4.955123596701935,4.955123596701935,4.976262522101789,4.976262522101789,4.557559827004851,4.557559827004851,,,,,,,-0.03187517824786355,,0.017316262426690265,0.017316262426690265,0.05104947498949642,0.05104947498949642,49.926160557981184,49.926160557981184,,4.911999988555908,4.911999988555908,4.949047588166737,4.949047588166737,4.59468254210457,4.59468254210457,,,4.779700002670288,4.290424999594689,1,3914456.0453414917116000,21114518.429753516,,,,,,,
2025-08-27,,,,,,,4.9299998283386230,4.9899997711181640,4.8520002365112305,4.8800001144409180,632300,,,,,4.8800001144409180,,,,,,,,,,,,,,,,,,,,,,,,,,,,,,,,,,,,,,,,,,,,,,,,,,,,,,,,,,,,,,,,,,,,,,,,,,,,,,,,,,,,,,,,,,,,,,,,,,,,,,,,,,,,,,,,,,,,,,,,,,,,,,,,,,,,,,,,,,,,,0.6205273335892848,0.9161616493887587,1.242772805890645,,,,,0.10756221407838958,,,,,,,,4.930082435948263,4.930082435948263,4.967511394132619,4.967511394132619,4.567636085987227,4.567636085987227,,,,,,,-0.012220099466856578,,0.008942228737580216,0.008942228737580216,0.04262802573911318,0.04262802573911318,48.9626079411151,48.9626079411151,,4.969999980926514,4.969999980926514,4.9466666494097025,4.9466666494097025,4.62722222767179,4.62722222767179,,,4.776300001144409,4.305024999976158,1,3085624.0723609924514000,21108042.067317735,,,,,,,
2025-08-28,,,,,,,4.8600001335144040,5.2989997863769530,4.7800002098083500,5.1300001144409180,1138900,,,,,5.1300001144409180,,,,,,,,,,,,,,,,,,,,,,,,,,,,,,,,,,,,,,,,,,,,,,,,,,,,,,,,,,,,,,,,,,,,,,,,,,,,,,,,,,,,,,,,,,,,,,,,,,,,,,,,,,,,,,,,,,,,,,,,,,,,,,,,,,,,,,,,,,,,,0.4979669299651602,0.9291903491200119,1.243124973329368,,,,,0.11935775470967148,,,,,,,,4.996721662112481,4.996721662112481,4.982283095978827,4.982283095978827,4.585209961876406,4.585209961876406,,,,,,,0.04996043817478569,,0.022222490334572242,0.022222490334572242,0.03854691865820499,0.03854691865820499,53.03022105026813,53.03022105026813,,5.0100000381469725,5.0100000381469725,4.96095237277803,4.96095237277803,4.66500000726609,4.66500000726609,,,4.784500007629394,4.320875000357628,1,5842557.1303367615102000,21169077.497958,,,,,,,
2025-08-29,,,,,,,5.1300001144409180,5.1500000953674320,4.9099998474121090,4.9299998283386230,412400,,,,,4.9299998283386230,,,,,,,,,,,,,,,,,,,,,,,,,,,,,,,,,,,,,,,,,,,,,,,,,,,,,,,,,,,,,,,,,,,,,,,,,,,,,,,,,,,,,,,,,,,,,,,,,,,,,,,,,,,,,,,,,,,,,,,,,,,,,,,,,,,,,,,,,,,,,0.5937141841666556,0.9344000030744627,1.2470820267885405,,,,,0.11976156579633793,,,,,,,,4.9744810508545285,4.9744810508545285,4.9775300716479,4.9775300716479,4.59598464520335,4.59598464520335,,,,,,,-0.03976672825600279,,0.0164195671635472,0.0164195671635472,0.034121448359273436,0.034121448359273436,49.62293274034778,49.62293274034778,,4.996000003814697,4.996000003814697,4.972380933307466,4.972380933307466,4.699285719129774,4.699285719129774,,,4.7967000007629395,4.3356249994039535,1,2033131.9292068481252000,21184338.115999054,,,,,,,
2025-09-02,,,,,,,5.0300002098083500,5.1300001144409180,4.8000001907348630,4.9600000381469730,928300,,,,,4.9600000381469730,,,,,,,,,,,,,,,,,,,,,,,,,,,,,,,,,,,,,,,,,,,,,,,,,,,,,,,,,,,,,,,,,,,,,,,,,,,,,,,,,,,,,,,,,,,,,,,,,,,,,,,,,,,,,,,,,,,,,,,,,,,,,,,,,,,,,,,,,,,,,0.5682013367090393,0.9005899129130952,1.2452594642015233,,,,,0.10742734324816924,,,,,,,,4.969654046618676,4.969654046618676,4.975936432238725,4.975936432238725,4.607360126232838,4.607360126232838,,,,,,,0.00606679519291175,,0.014079178941176274,0.014079178941176274,0.030112994475654003,0.030112994475654003,50.14043504595222,50.14043504595222,,4.968000030517578,4.968000030517578,4.999523798624675,4.999523798624675,4.732142860927279,4.732142860927279,,,4.816900000572205,4.350124999880791,1,4604368.0354118350359000,21208990.590993565,,,,,,,
2025-09-03,,,,,,,4.9400000572204590,4.9800000190734860,4.7100000381469730,4.7600002288818360,707500,,,,,4.7600002288818360,,,,,,,,,,,,,,,,,,,,,,,,,,,,,,,,,,,,,,,,,,,,,,,,,,,,,,,,,,,,,,,,,,,,,,,,,,,,,,,,,,,,,,,,,,,,,,,,,,,,,,,,,,,,,,,,,,,,,,,,,,,,,,,,,,,,,,,,,,,,,0.598303381456598,0.8398625831143304,1.2470584330750378,,,,,0.08201593623469447,,,,,,,,4.899769440706397,4.899769440706397,4.956305868297189,4.956305868297189,4.61213012944062,4.61213012944062,,,,,,,-0.04115803210001123,,-0.0038693057777434703,-0.0038693057777434703,0.023316534424974507,0.023316534424974507,46.69650916209692,46.69650916209692,,4.932000064849854,4.932000064849854,4.994285719735282,4.994285719735282,4.7597619124821255,4.7597619124821255,,,4.836700005531311,4.364425001144409,1,3367700.1619338989700000,21202218.72092845,,,,,,,
2025-09-04,,,,,,,4.7500000000000000,4.8000001907348630,4.6700000762939450,4.7199997901916500,276800,,,,,4.7199997901916500,,,,,,,,,,,,,,,,,,,,,,,,,,,,,,,,,,,,,,,,,,,,,,,,,,,,,,,,,,,,,,,,,,,,,,,,,,,,,,,,,,,,,,,,,,,,,,,,,,,,,,,,,,,,,,,,,,,,,,,,,,,,,,,,,,,,,,,,,,,,,0.5969943928627618,0.8121925157426562,1.2441484730052002,,,,,0.07645667568732104,,,,,,,,4.839846223868148,4.839846223868148,4.9348234975603225,4.9348234975603225,4.615501056339089,4.615501056339089,,,,,,,-0.008438961181205271,,-0.021078332438474234,-0.021078332438474234,0.01443756105228476,0.01443756105228476,46.015752217024485,46.015752217024485,,4.9,4.9,4.973333336058117,4.973333336058117,4.78420635253664,4.78420635253664,,,4.853900003433227,4.379125000238418,1,1306495.9419250487200000,21176089.60791164,,,,,,,
2025-09-05,,,,,,,4.7600002288818360,4.8400001525878910,4.6500000953674320,4.8099999427795410,562300,,,,,4.8099999427795410,,,,,,,,,,,,,,,,,,,,,,,,,,,,,,,,,,,,,,,,,,,,,,,,,,,,,,,,,,,,,,,,,,,,,,,,,,,,,,,,,,,,,,,,,,,,,,,,,,,,,,,,,,,,,,,,,,,,,,,,,,,,,,,,,,,,,,,,,,,,,0.428205329636276,0.8014715943360299,1.0488553416541049,,,,,0.0954865125769443,,,,,,,,4.8298974635052785,4.8298974635052785,4.923475901671161,4.923475901671161,4.621579146540353,4.621579146540353,,,,,,,0.018888317074982893,,-0.027141479815929515,-0.027141479815929515,0.006121752878641904,0.006121752878641904,47.85763326659913,47.85763326659913,,4.835999965667725,4.835999965667725,4.967619055793399,4.967619055793399,4.789920640370203,4.789920640370203,,,4.871500000953675,4.394574999809265,1,2704662.9678249359043000,11562358.71971524,,,,,,,
2025-09-08,,,,,,,4.8099999427795410,4.8800001144409180,4.6999998092651370,4.7600002288818360,346800,,,,,4.7600002288818360,,,,,,,,,,,,,,,,,,,,,,,,,,,,,,,,,,,,,,,,,,,,,,,,,,,,,,,,,,,,,,,,,,,,,,,,,,,,,,,,,,,,,,,,,,,,,,,,,,,,,,,,,,,,,,,,,,,,,,,,,,,,,,,,,,,,,,,,,,,,,0.35688388597537246,0.7879143704139352,1.0463195786502384,,,,,0.07415086082323716,,,,,,,,4.806598385297464,4.806598385297464,4.908614476872131,4.908614476872131,4.6259048053635246,4.6259048053635246,,,,,,,-0.010449355893777613,,-0.03557108551015098,-0.03557108551015098,-0.0022168147991166723,-0.0022168147991166723,46.900265538370334,46.900265538370334,,4.802000045776367,4.802000045776367,4.950000013623919,4.950000013623919,4.797380962069073,4.797380962069073,,,4.891700005531311,4.410025001168251,1,1650768.0793762207248000,11133698.820257943,,,,,,,
2025-09-09,,,,,,,4.7500000000000000,4.8000001907348630,4.6609997749328610,4.7100000381469730,340300,,,,,4.7100000381469730,,,,,,,,,,,,,,,,,,,,,,,,,,,,,,,,,,,,,,,,,,,,,,,,,,,,,,,,,,,,,,,,,,,,,,,,,,,,,,,,,,,,,,,,,,,,,,,,,,,,,,,,,,,,,,,,,,,,,,,,,,,,,,,,,,,,,,,,,,,,,0.3374705112676167,0.7866877234216274,1.0405808618047387,,,,,0.07338617765970559,,,,,,,,4.774398936247301,4.774398936247301,4.890558618806208,4.890558618806208,4.6285327813880075,4.6285327813880075,,,,,,,-0.010559800200275565,,-0.045758728143902694,-0.045758728143902694,-0.010925197468073876,-0.010925197468073876,45.91117778251762,45.91117778251762,,4.752000045776367,4.752000045776367,4.934285731542678,4.934285731542678,4.8000793759785,4.8000793759785,,,4.916900005340576,4.426325001120567,1,1602813.0129814149119000,10304928.494308108,,,,,,,
2025-09-10,,,,,,,4.7500000000000000,4.8099999427795410,4.5869998931884770,4.6300001144409180,689200,,,,,4.6300001144409180,,,,,,,,,,,,,,,,,,,,,,,,,,,,,,,,,,,,,,,,,,,,,,,,,,,,,,,,,,,,,,,,,,,,,,,,,,,,,,,,,,,,,,,,,,,,,,,,,,,,,,,,,,,,,,,,,,,,,,,,,,,,,,,,,,,,,,,,,,,,,0.22292221372699708,0.7710723864983758,1.0296668540633271,,,,,0.07012164319015901,,,,,,,,4.726265995645173,4.726265995645173,4.866871482045727,4.866871482045727,4.628578635545911,4.628578635545911,,,,,,,-0.01713102331206804,,-0.05960079274639707,-0.05960079274639707,-0.020660316523738516,-0.020660316523738516,44.301351209865516,44.301351209865516,,4.726000022888184,4.726000022888184,4.926190489814395,4.926190489814395,4.79579366199554,4.79579366199554,,,4.936100006103516,4.441875001788139,1,3190996.0788726806856000,9641905.878495414,,,,,,,
2025-09-11,,,,,,,4.6399998664855960,4.9400000572204590,4.6399998664855960,4.9000000953674320,778500,,,,,4.9000000953674320,,,,,,,,,,,,,,,,,,,,,,,,,,,,,,,,,,,,,,,,,,,,,,,,,,,,,,,,,,,,,,,,,,,,,,,,,,,,,,,,,,,,,,,,,,,,,,,,,,,,,,,,,,,,,,,,,,,,,,,,,,,,,,,,,,,,,,,,,,,,,0.48949271328602156,0.5831014901764744,1.0357853583458394,,,,,0.13044007668432725,,,,,,,,4.78417736221926,4.78417736221926,4.8698831741658815,4.8698831741658815,4.637060556165333,4.637060556165333,,,,,,,0.056678331763918684,,-0.04822804382547918,-0.04822804382547918,-0.02617386198408665,-0.02617386198408665,50.59741572377617,50.59741572377617,,4.76200008392334,4.76200008392334,4.893809545607794,4.893809545607794,4.7967460420396595,4.7967460420396595,,,4.964300007820129,4.458775002360344,1,3814650.0742435458120000,9477918.285293428,,,,,,,
2025-09-12,,,,,,,5.0000000000000000,5.0599999427795410,4.8699998855590820,4.9800000190734860,817000,,,,,4.9800000190734860,,,,,,,,,,,,,,,,,,,,,,,,,,,,,,,,,,,,,,,,,,,,,,,,,,,,,,,,,,,,,,,,,,,,,,,,,,,,,,,,,,,,,,,,,,,,,,,,,,,,,,,,,,,,,,,,,,,,,,,,,,,,,,,,,,,,,,,,,,,,,0.4858998096209277,0.579623953511359,1.0327546328874042,,,,,0.05260165883214555,,,,,,,,4.849451581170668,4.849451581170668,4.879893796430209,4.879893796430209,4.647777414381213,4.647777414381213,,,,,,,0.016194670287257,,-0.03238640282170735,-0.03238640282170735,-0.02741637015161079,-0.02741637015161079,52.317287178318296,52.317287178318296,,4.7960000991821286,4.7960000991821286,4.873809541974749,4.873809541974749,4.795634928203764,4.795634928203764,,,4.994300007820129,4.47542500257492,1,4068660.0155830380620000,9261054.862212379,,,,,,,
2025-09-15,,,,,,,5.0199999809265140,5.1599998474121090,4.8400001525878910,4.8800001144409180,742400,,,,,4.8800001144409180,,,,,,,,,,,,,,,,,,,,,,,,,,,,,,,,,,,,,,,,,,,,,,,,,,,,,,,,,,,,,,,,,,,,,,,,,,,,,,,,,,,,,,,,,,,,,,,,,,,,,,,,,,,,,,,,,,,,,,,,,,,,,,,,,,,,,,,,,,,,,0.5123785874055132,0.5649879451732698,1.0330581541034165,,,,,0.0012105830967514915,,,,,,,,4.859634425594085,4.859634425594085,4.87990346170391,4.87990346170391,4.655034373758078,4.655034373758078,,,,,,,-0.020284651550515627,,-0.027582985278653993,-0.027582985278653993,-0.02744969317701943,-0.02744969317701943,49.97523862858066,49.97523862858066,,4.820000076293946,4.820000076293946,4.860000019981747,4.860000019981747,4.794206361922007,4.794206361922007,,,5.022700009346008,4.49087500333786,1,3622912.0849609375232000,8312846.4456997225,,,,,,,
2025-09-16,,,,,,,4.9000000953674320,5.1999998092651370,4.7800002098083500,5.1700000762939450,1018600,,,,,5.1700000762939450,,,,,,,,,,,,,,,,,,,,,,,,,,,,,,,,,,,,,,,,,,,,,,,,,,,,,,,,,,,,,,,,,,,,,,,,,,,,,,,,,,,,,,,,,,,,,,,,,,,,,,,,,,,,,,,,,,,,,,,,,,,,,,,,,,,,,,,,,,,,,0.6032009281280084,0.5773863591785342,1.0390878349290509,,,,,0.08824014348557717,,,,,,,,4.9630896424940385,4.9630896424940385,4.906275881212095,4.906275881212095,4.6711270519623245,4.6711270519623245,,,,,,,0.05772745996132383,,-0.00037138785033707933,-0.00037138785033707933,-0.02203403211168296,-0.02203403211168296,56.111259564888805,56.111259564888805,,4.91200008392334,4.91200008392334,4.871428603217716,4.871428603217716,4.796111122010246,4.796111122010246,,,5.060500011444092,4.48462500333786,1,5266162.0777130123770000,8210692.503409916,,,,,,,
2025-09-17,,,,,,,5.1500000953674320,5.3699998855590820,5.0599999427795410,5.3200001716613770,1485100,,,,,5.3200001716613770,,,,,,,,,,,,,,,,,,,,,,,,,,,,,,,,,,,,,,,,,,,,,,,,,,,,,,,,,,,,,,,,,,,,,,,,,,,,,,,,,,,,,,,,,,,,,,,,,,,,,,,,,,,,,,,,,,,,,,,,,,,,,,,,,,,,,,,,,,,,,0.5129866260912139,0.5845429824909393,1.0312988942392676,,,,,0.1102142324988241,,,,,,,,5.082059818883151,5.082059818883151,4.9438871803438476,4.9438871803438476,4.69140433695292,4.69140433695292,,,,,,,0.02860063234334163,,0.032918291678086575,0.032918291678086575,-0.011043567353729052,-0.011043567353729052,58.91817793090232,58.91817793090232,,5.050000095367432,5.050000095367432,4.889523846762521,4.889523846762521,4.80563493758913,4.80563493758913,,,5.091600012779236,4.459725003242493,1,7900732.2549343109827000,8176340.197097687,,,,,,,
2025-09-18,,,,,,,5.4000000953674320,5.4699997901916500,5.2249999046325680,5.3899998664855960,872200,,,,,5.3899998664855960,,,,,,,,,,,,,,,,,,,,,,,,,,,,,,,,,,,,,,,,,,,,,,,,,,,,,,,,,,,,,,,,,,,,,,,,,,,,,,,,,,,,,,,,,,,,,,,,,,,,,,,,,,,,,,,,,,,,,,,,,,,,,,,,,,,,,,,,,,,,,0.4474713527461849,0.5090062594441068,1.0149698583290767,,,,,0.17137247040457812,,,,,,,,5.184706501417299,5.184706501417299,4.984442879084007,4.984442879084007,4.713235447250816,4.713235447250816,,,,,,,0.013072024529415303,,0.06420883344071449,0.06420883344071449,0.004006912805159656,0.004006912805159656,60.197489779931814,60.197489779931814,,5.148000049591064,5.148000049591064,4.928095272609165,4.928095272609165,4.822619059729198,4.822619059729198,,,5.121600008010864,4.4474750018119815,1,4701157.8835487368312000,8133930.889011565,,,,,,,
2025-09-19,,,,,,,5.3699998855590820,5.5250000953674320,5.3150000572204590,5.3299999237060550,735700,,,,,5.3299999237060550,,,,,,,,,,,,,,,,,,,,,,,,,,,,,,,,,,,,,,,,,,,,,,,,,,,,,,,,,,,,,,,,,,,,,,,,,,,,,,,,,,,,,,,,,,,,,,,,,,,,,,,,,,,,,,,,,,,,,,,,,,,,,,,,,,,,,,,,,,,,,0.4979289358588954,0.5129451338175266,0.9977240558204815,,,,,0.10017072146192416,,,,,,,,5.233137642180218,5.233137642180218,5.015857155867829,5.015857155867829,4.732509337140042,4.732509337140042,,,,,,,-0.011194136286452015,,0.0832061703442255,0.0832061703442255,0.019846764312972824,0.019846764312972824,58.51544855171807,58.51544855171807,,5.218000030517578,5.218000030517578,4.963333356948126,4.963333356948126,4.84452381966606,4.84452381966606,,,5.144000005722046,4.429874999523163,1,3921280.9438705446635000,8130014.077798147,,,,,,,
2025-09-22,,,,,,,5.2300000190734860,5.6700000762939450,5.0100002288818360,5.6399998664855960,1034200,,,,,5.6399998664855960,,,,,,,,,,,,,,,,,,,,,,,,,,,,,,,,,,,,,,,,,,,,,,,,,,,,,,,,,,,,,,,,,,,,,,,,,,,,,,,,,,,,,,,,,,,,,,,,,,,,,,,,,,,,,,,,,,,,,,,,,,,,,,,,,,,,,,,,,,,,,0.46639305901782974,0.49151301041847,0.9974597126525364,,,,,0.12599506015357964,,,,,,,,5.368758383615344,5.368758383615344,5.072597402287626,5.072597402287626,4.760868416182091,4.760868416182091,,,,,,,0.05653281797350852,,0.12187124545794692,0.12187124545794692,0.040251660541967646,0.040251660541967646,64.09732838193513,64.09732838193513,,5.369999980926513,5.369999980926513,4.997142882574172,4.997142882574172,4.874206357532078,4.874206357532078,,,5.156199998855591,4.421774997711181,1,5832887.8619194033832000,8168772.37746602,,,,,,,
2025-09-23,,,,,,,5.6599998474121090,5.8200001716613770,5.5000000000000000,5.5000000000000000,1121300,,,,,5.5000000000000000,,,,,,,,,,,,,,,,,,,,,,,,,,,,,,,,,,,,,,,,,,,,,,,,,,,,,,,,,,,,,,,,,,,,,,,,,,,,,,,,,,,,,,,,,,,,,,,,,,,,,,,,,,,,,,,,,,,,,,,,,,,,,,,,,,,,,,,,,,,,,0.5129361171596426,0.5024463102004371,0.99880483958995,,,,,0.02663505801179872,,,,,,,,5.412505589076896,5.412505589076896,5.111452183897842,5.111452183897842,4.7839662781764005,4.7839662781764005,,,,,,,-0.025135949598775322,,0.13960746885636421,0.13960746885636421,0.06012282220484696,0.06012282220484696,60.160417222554024,60.160417222554024,,5.435999965667724,5.435999965667724,5.020952406383696,5.020952406383696,4.900238105228969,4.900238105228969,,,5.142399997711181,4.414274997711182,1,6167150.0000000000000000,8202924.6331665255,,,,,,,
2025-09-24,,,,,,,5.5500001907348630,5.7899999618530270,5.0900001525878910,5.1500000953674320,1002900,,,,,5.1500000953674320,,,,,,,,,,,,,,,,,,,,,,,,,,,,,,,,,,,,,,,,,,,,,,,,,,,,,,,,,,,,,,,,,,,,,,,,,,,,,,,,,,,,,,,,,,,,,,,,,,,,,,,,,,,,,,,,,,,,,,,,,,,,,,,,,,,,,,,,,,,,,0.720336176553133,0.5544163023457087,1.0085846811308161,,,,,-0.056098488215639855,,,,,,,,5.325003757840408,5.325003757840408,5.114956539485987,5.114956539485987,4.7954048349636205,4.7954048349636205,,,,,,,-0.06575135904483269,,0.12399218176071614,0.12399218176071614,0.07289669411602079,0.07289669411602079,51.623718438982564,51.623718438982564,,5.4019999504089355,5.4019999504089355,5.023333367847261,5.023333367847261,4.919603185048179,4.919603185048179,,,5.126000003814697,4.410324997901917,1,5164935.0956439975528000,8208859.1095833555,,,,,,,
2025-09-25,,,,,,,5.0100002288818360,5.1500000953674320,4.8099999427795410,5.0100002288818360,870500,,,,,5.0100002288818360,,,,,,,,,,,,,,,,,,,,,,,,,,,,,,,,,,,,,,,,,,,,,,,,,,,,,,,,,,,,,,,,,,,,,,,,,,,,,,,,,,,,,,,,,,,,,,,,,,,,,,,,,,,,,,,,,,,,,,,,,,,,,,,,,,,,,,,,,,,,,0.7084604828424905,0.5514387807376505,1.0053348636787156,,,,,-0.016869233539318407,,,,,,,,5.220002581520884,5.220002581520884,5.105415056703791,5.105415056703791,4.802110941023565,4.802110941023565,,,,,,,-0.027560772411822865,,0.09917688563552396,0.09917688563552396,0.07815273241992143,0.07815273241992143,48.64995808313906,48.64995808313906,,5.326000022888183,5.326000022888183,5.026666709354946,5.026666709354946,4.939603188681224,4.939603188681224,,,5.106200008392334,4.404924998283386,1,4361205.1992416382380000,8231429.827031635,,,,,,,
2025-09-26,,,,,,,5.0399999618530270,5.0789999961853030,4.8800001144409180,4.9699997901916500,456100,,,,,4.9699997901916500,,,,,,,,,,,,,,,,,,,,,,,,,,,,,,,,,,,,,,,,,,,,,,,,,,,,,,,,,,,,,,,,,,,,,,,,,,,,,,,,,,,,,,,,,,,,,,,,,,,,,,,,,,,,,,,,,,,,,,,,,,,,,,,,,,,,,,,,,,,,,0.7097871683267826,0.5503918930439188,0.9897057120682058,,,,,0.003280972114194222,,,,,,,,5.136668317744473,5.136668317744473,5.09310457792996,5.09310457792996,4.807357467560067,4.807357467560067,,,,,,,-0.008016162888192761,,0.07541356295661927,0.07541356295661927,0.07760489852726099,0.07760489852726099,47.80267084993489,47.80267084993489,,5.253999996185303,5.253999996185303,5.030952408200219,5.030952408200219,4.963730168721033,4.963730168721033,,,5.0760000038146975,4.398674998283386,1,2266816.9043064115650000,8219143.90421065,,,,,,,
2025-09-29,,,,,,,5.0000000000000000,5.0799999237060550,4.7600002288818360,4.7899999618530270,654600,,,,,4.7899999618530270,,,,,,,,,,,,,,,,,,,,,,,,,,,,,,,,,,,,,,,,,,,,,,,,,,,,,,,,,,,,,,,,,,,,,,,,,,,,,,,,,,,,,,,,,,,,,,,,,,,,,,,,,,,,,,,,,,,,,,,,,,,,,,,,,,,,,,,,,,,,,0.33701634498625227,0.5347955908328984,0.986679860807877,,,,,-0.055224138517042644,,,,,,,,5.021112199113991,5.021112199113991,5.065549612832057,5.065549612832057,4.806815045506722,4.806815045506722,,,,,,,-0.03688939443463038,,0.04157720061472059,0.04157720061472059,0.07039935894475291,0.07039935894475291,44.08215602399184,44.08215602399184,,5.084000015258789,5.084000015258789,5.014761924743652,5.014761924743652,4.981507944682288,4.981507944682288,,,5.055200004577637,4.393274998664856,1,3135533.9750289914742000,8228445.252179342,,,,,,,
2025-09-30,,,,,,,4.8000001907348630,4.9299998283386230,4.7300000190734860,4.8000001907348630,716000,,,,,4.8000001907348630,,,,,,,,,,,,,,,,,,,,,,,,,,,,,,,,,,,,,,,,,,,,,,,,,,,,,,,,,,,,,,,,,,,,,,,,,,,,,,,,,,,,,,,,,,,,,,,,,,,,,,,,,,,,,,,,,,,,,,,,,,,,,,,,,,,,,,,,,,,,,0.42044088890377257,0.5181975015088648,0.9804582677214977,,,,,-0.046210035117141876,,,,,,,,4.947408196320948,4.947408196320948,5.041408756277767,5.041408756277767,4.806602081295102,4.806602081295102,,,,,,,0.00208555419132783,,0.015391154923011463,0.015391154923011463,0.05939771814040463,0.05939771814040463,44.34133881679519,44.34133881679519,,4.9440000534057615,4.9440000534057615,5.00857146581014,5.00857146581014,5.0023015983520995,5.0023015983520995,,,5.043200006484986,4.383924999237061,1,3436800.1365661619080000,8249499.174890443,,,,,,,
2025-10-01,,,,,,,4.8200001716613770,5.0999999046325680,4.8000001907348630,5.0799999237060550,1219400,,,,,5.0799999237060550,,,,,,,,,,,,,,,,,,,,,,,,,,,,,,,,,,,,,,,,,,,,,,,,,,,,,,,,,,,,,,,,,,,,,,,,,,,,,,,,,,,,,,,,,,,,,,,,,,,,,,,,,,,,,,,,,,,,,,,,,,,,,,,,,,,,,,,,,,,,,0.58142372203629,0.5555640064061432,0.9857237364779395,,,,,0.020572315159587618,,,,,,,,4.99160543878265,4.99160543878265,5.044917044225793,5.044917044225793,4.815145763870444,4.815145763870444,,,,,,,0.05669528892162299,,0.01703578551640561,0.01703578551640561,0.05092533161560482,0.05092533161560482,51.166404140702,51.166404140702,,4.9300000190734865,4.9300000190734865,5.014285746074858,5.014285746074858,5.027698422235156,5.027698422235156,,,5.035000009536743,4.380874998569489,1,6194551.9069671634670000,8309158.728757359,,,,,,,
2025-10-02,,,,,,,5.1900000572204590,5.4299998283386230,5.1700000762939450,5.4000000953674320,1872500,,,,,5.4000000953674320,,,,,,,,,,,,,,,,,,,,,,,,,,,,,,,,,,,,,,,,,,,,,,,,,,,,,,,,,,,,,,,,,,,,,,,,,,,,,,,,,,,,,,,,,,,,,,,,,,,,,,,,,,,,,,,,,,,,,,,,,,,,,,,,,,,,,,,,,,,,,0.6759079087287169,0.5701939313263047,0.9915303808080721,,,,,0.12628665546706824,,,,,,,,5.127736990977578,5.127736990977578,5.077197321602306,5.077197321602306,4.833422461729724,4.833422461729724,4.2069603233110335,4.2069603233110335,,,,,0.06108772465896669,,0.04365725297405998,0.04365725297405998,0.049471715887295854,0.049471715887295854,57.57000577796012,57.57000577796012,,5.007999992370605,5.007999992370605,5.04476193019322,5.04476193019322,5.058492073937068,5.058492073937068,4.2069603233110335,4.2069603233110335,5.029200010299682,4.37142499923706,1,10111500.1785755164200000,8451271.302817738,,,,,,,
2025-10-03,,,,,,,5.4400000572204590,5.5500001907348630,5.2100000381469730,5.2399997711181640,1363200,,,,,5.2399997711181640,,,,,,,,,,,,,,,,,,,,,,,,,,,,,,,,,,,,,,,,,,,,,,,,,,,,,,,,,,,,,,,,,,,,,,,,,,,,,,,,,,,,,,,,,,,,,,,,,,,,,,,,,,,,,,,,,,,,,,,,,,,,,,,,,,,,,,,,,,,,,0.7384710664694893,0.5819082539276731,0.9868293531069372,2.0642426553409243,,,,0.062327629381712046,,,,,,,,5.165157917691106,5.165157917691106,5.091997544285565,5.091997544285565,4.846128002648113,4.846128002648113,4.215126643056545,4.215126643056545,,,,,-0.03007751657765391,,0.051253450865737626,0.051253450865737626,0.049828062882984206,0.049828062882984206,53.77313110286258,53.77313110286258,,5.061999988555908,5.061999988555908,5.069523834046864,5.069523834046864,5.089603181869265,5.089603181869265,4.192833337518904,4.192833337518904,5.013800001144409,4.362774999141693,1,7143167.6879882811648000,8538899.10761364,,,,,,,
2025-10-06,,,,,,,5.4200000762939450,6.0199999809265140,5.4000000953674320,5.7699999809265140,2897400,,,,,5.7699999809265140,,,,,,,,,,,,,,,,,,,,,,,,,,,,,,,,,,,,,,,,,,,,,,,,,,,,,,,,,,,,,,,,,,,,,,,,,,,,,,,,,,,,,,,,,,,,,,,,,,,,,,,,,,,,,,,,,,,,,,,,,,,,,,,,,,,,,,,,,,,,,0.8019679123395792,0.6616480249032416,0.967816010323835,2.040725002401639,,,,0.06377838399822136,,,,,,,,5.366771938769576,5.366771938769576,5.153634129434742,5.153634129434742,4.8749990019693135,4.8749990019693135,4.227418131893462,4.227418131893462,,,,,0.09635062256116785,,0.09890002206625681,0.09890002206625681,0.05964245471963873,0.05964245471963873,62.5775725015482,62.5775725015482,,5.257999992370605,5.257999992370605,5.115238121577671,5.115238121577671,5.121428576726762,5.121428576726762,4.19053175052007,4.19053175052007,5.0157999992370605,4.352824997901917,1,16717997.9447364816636000,8721195.104421888,,,,,,,
2025-10-07,,,,,,,6.0000000000000000,6.3750000000000000,5.6640000343322750,5.7699999809265140,2744800,,,,,5.7699999809265140,,,,,,,,,,,,,,,,,,,,,,,,,,,,,,,,,,,,,,,,,,,,,,,,,,,,,,,,,,,,,,,,,,,,,,,,,,,,,,,,,,,,,,,,,,,,,,,,,,,,,,,,,,,,,,,,,,,,,,,,,,,,,,,,,,,,,,,,,,,,,0.8078406791476715,0.6588284963780622,0.9664690139842365,2.0362672618124678,,,,-0.020027060043925266,,,,,,,,5.501181286155222,5.501181286155222,5.209667388661267,5.209667388661267,4.902967782561726,4.902967782561726,4.239612454810719,4.239612454810719,,,,,0,,0.13510289098898554,0.13510289098898554,0.0747345419735081,0.0747345419735081,62.5775725015482,62.5775725015482,,5.451999950408935,5.451999950408935,5.163333347865513,5.163333347865513,5.151269844600132,5.151269844600132,4.191404765560513,4.191404765560513,5.026199998855591,4.344774997234344,1,15837495.9476470956272000,8917210.08622457,,,,,,,
2025-10-08,,,,,,,5.8499999046325680,5.9099998474121090,5.4600000381469730,5.5900001525878910,1246900,,,,,5.5900001525878910,,,,,,,,,,,,,,,,,,,,,,,,,,,,,,,,,,,,,,,,,,,,,,,,,,,,,,,,,,,,,,,,,,,,,,,,,,,,,,,,,,,,,,,,,,,,,,,,,,,,,,,,,,,,,,,,,,,,,,,,,,,,,,,,,,,,,,,,,,,,,0.908244015357101,0.6707590011437726,0.9579073886125796,2.0059208741566557,,,,-0.03678798322293989,,,,,,,,5.530787574966111,5.530787574966111,5.244243094472779,5.244243094472779,4.924437544125044,4.924437544125044,4.250287456374175,4.250287456374175,,,,,-0.03169276275078903,,0.1475683673317585,0.1475683673317585,0.08930130704515818,0.08930130704515818,58.21065271963389,58.21065271963389,,5.553999996185302,5.553999996185302,5.205238115219843,5.205238115219843,5.173174608321417,5.173174608321417,4.19807143249209,4.19807143249209,5.0394000053405765,4.3427249979972835,1,6970171.1902618412879000,8848394.801904285,,,,,,,
2025-10-09,,,,,,,5.5300002098083500,5.8000001907348630,5.4299998283386230,5.6100001335144040,1051900,,,,,5.6100001335144040,,,,,,,,,,,,,,,,,,,,,,,,,,,,,,,,,,,,,,,,,,,,,,,,,,,,,,,,,,,,,,,,,,,,,,,,,,,,,,,,,,,,,,,,,,,,,,,,,,,,,,,,,,,,,,,,,,,,,,,,,,,,,,,,,,,,,,,,,,,,,0.829212263136802,0.6647315758558155,0.8906949633624363,1.9755939979260748,,,,-0.020257508527776823,,,,,,,,5.557191761148876,5.557191761148876,5.277493734385653,5.277493734385653,4.945861375043461,4.945861375043461,4.261036173189512,4.261036173189512,,,,,0.0035714288703748718,,0.15724851545391694,0.15724851545391694,0.10289074872690993,0.10289074872690993,58.556713880475996,58.556713880475996,,5.596000003814697,5.596000003814697,5.251904782794771,5.251904782794771,5.182380956316751,5.182380956316751,4.209341274367438,4.209341274367438,5.0550000095367436,4.332124998569489,1,5901159.1404438015676000,8591752.4244422,,,,,,,
2025-10-10,,,,,,,5.7600002288818360,6.7500000000000000,5.7199997901916500,5.9400000572204590,5704200,,,,,5.9400000572204590,,,,,,,,,,,,,,,,,,,,,,,,,,,,,,,,,,,,,,,,,,,,,,,,,,,,,,,,,,,,,,,,,,,,,,,,,,,,,,,,,,,,,,,,,,,,,,,,,,,,,,,,,,,,,,,,,,,,,,,,,,,,,,,,,,,,,,,,,,,,,0.8103503614804219,0.6651660751379489,0.7951396669444764,1.9711758565932531,,,,-0.14644586532058984,,,,,,,,5.68479452650607,5.68479452650607,5.337721581916091,5.337721581916091,4.976928208861493,4.976928208861493,4.274308614960508,4.274308614960508,,,,,0.05715839967366362,,0.18936545145262773,0.18936545145262773,0.12018568927205349,0.12018568927205349,63.87278409363274,63.87278409363274,,5.736000061035156,5.736000061035156,5.3014285905020575,5.3014285905020575,5.178412702348497,5.178412702348497,4.223349210761842,4.223349210761842,5.080000009536743,4.323224999904633,1,33882948.3263969422278000,8552983.408420049,,,,,,,
2025-10-13,,,,,,,6.3600001335144040,6.7800002098083500,5.9400000572204590,6.6399998664855960,3063800,,,,,6.6399998664855960,,,,,,,,,,,,,,,,,,,,,,,,,,,,,,,,,,,,,,,,,,,,,,,,,,,,,,,,,,,,,,,,,,,,,,,,,,,,,,,,,,,,,,,,,,,,,,,,,,,,,,,,,,,,,,,,,,,,,,,,,,,,,,,,,,,,,,,,,,,,,0.8962485408284997,0.7537146976352622,0.8226463518606283,1.9555636897087707,,,,-0.0760880241767083,,,,,,,,6.0031963064992455,6.0031963064992455,5.456110516876954,5.456110516876954,5.028899198162246,5.028899198162246,4.293009731573354,4.293009731573354,,,,,0.1114028003731238,,0.2682107228294326,0.2682107228294326,0.14979069598352932,0.14979069598352932,72.05993363631035,72.05993363631035,,5.910000038146973,5.910000038146973,5.380476202283587,5.380476202283587,5.1890476241944326,5.1890476241944326,4.242361115084754,4.242361115084754,5.125000009536743,4.314524998664856,1,20343631.5909385690248000,8508714.779910587,,,,,,,
2025-10-14,,,,,,,6.6300001144409180,6.7199997901916500,6.1300001144409180,6.6900000572204590,2041100,,,,,6.6900000572204590,,,,,,,,,,,,,,,,,,,,,,,,,,,,,,,,,,,,,,,,,,,,,,,,,,,,,,,,,,,,,,,,,,,,,,,,,,,,,,,,,,,,,,,,,,,,,,,,,,,,,,,,,,,,,,,,,,,,,,,,,,,,,,,,,,,,,,,,,,,,,0.8829201068898945,0.7440126180768213,0.8227023019670908,1.9549526624003253,,,,-0.0010513141718061787,,,,,,,,6.232130890072983,6.232130890072983,5.568282293271818,5.568282293271818,5.080808600007815,5.080808600007815,4.311958271697047,4.311958271697047,,,,,0.007501939312518729,,0.33091617034476073,0.33091617034476073,0.1860157908557756,0.1860157908557756,72.5386502834383,72.5386502834383,,6.094000053405762,6.094000053405762,5.466666675749279,5.466666675749279,5.200000006055075,5.200000006055075,4.2618849249113175,4.2618849249113175,5.16140001296997,4.308025000095367,1,13654959.1167926788649000,8407450.638907297,,,,,,,
2025-10-15,,,,,,,6.8400001525878910,7.1090002059936520,5.9499998092651370,6.1700000762939450,2565300,,,,,6.1700000762939450,,,,,,,,,,,,,,,,,,,,,,,,,,,,,,,,,,,,,,,,,,,,,,,,,,,,,,,,,,,,,,,,,,,,,,,,,,,,,,,,,,,,,,,,,,,,,,,,,,,,,,,,,,,,,,,,,,,,,,,,,,,,,,,,,,,,,,,,,,,,,1.1321327377073245,0.7968769197912926,0.8246124796216383,1.9302698003463106,,,,-0.07198850929801355,,,,,,,,6.211420618813304,6.211420618813304,5.622983909910194,5.622983909910194,5.114845833641756,5.114845833641756,4.326646349203742,4.326646349203742,,,,,-0.0809150324106664,,0.33479176555670875,0.33479176555670875,0.2157709857959622,0.2157709857959622,60.85984790778955,60.85984790778955,,6.210000038146973,6.210000038146973,5.514285723368327,5.514285723368327,5.195079372042701,5.195079372042701,4.276646829786754,4.276646829786754,5.181600017547607,4.2989750003814695,1,15827901.1957168571085000,8204223.16448575,,,,,,,
2025-10-16,,,,,,,6.5500001907348630,6.9000000953674320,5.7500000000000000,5.8000001907348630,2796100,,,,,5.8000001907348630,,,,,,,,,,,,,,,,,,,,,,,,,,,,,,,,,,,,,,,,,,,,,,,,,,,,,,,,,,,,,,,,,,,,,,,,,,,,,,,,,,,,,,,,,,,,,,,,,,,,,,,,,,,,,,,,,,,,,,,,,,,,,,,,,,,,,,,,,,,,,1.2769759179545113,0.8289603881735375,0.8063926992955142,1.9288991822336659,,,,-0.16814758638107394,,,,,,,,6.0742804761204905,6.0742804761204905,5.6390762990760726,5.6390762990760726,5.136256907300916,5.136256907300916,4.338293415144699,4.338293415144699,,,,,-0.06184089984490922,,0.30449724938976974,0.30449724938976974,0.23351623851472372,0.23351623851472372,54.17610737899939,54.17610737899939,,6.248000049591065,6.248000049591065,5.537142867133731,5.537142867133731,5.194603185805064,5.194603185805064,4.290813497134617,4.290813497134617,5.199000024795533,4.285575003623962,1,16217380.5333137504343000,8256213.064528269,,,,,,,
2025-10-17,,,,,,,5.7899999618530270,5.7899999618530270,5.2199997901916500,5.3200001716613770,1917600,,,,,5.3200001716613770,,,,,,,,,,,,,,,,,,,,,,,,,,,,,,,,,,,,,,,,,,,,,,,,,,,,,,,,,,,,,,,,,,,,,,,,,,,,,,,,,,,,,,,,,,,,,,,,,,,,,,,,,,,,,,,,,,,,,,,,,,,,,,,,,,,,,,,,,,,,,1.325077355252554,0.8851113602277908,0.8103870456207695,1.9267648814253802,,,,-0.2051416746881431,,,,,,,,5.822853707967452,5.822853707967452,5.6100693784020095,5.6100693784020095,5.14199888431218,5.14199888431218,4.346053942864199,4.346053942864199,,,,,-0.08638461481696576,,0.23900157566462799,0.23900157566462799,0.2346133059447046,0.2346133059447046,46.969526726095715,46.969526726095715,,6.124000072479248,6.124000072479248,5.533809548332577,5.533809548332577,5.193333345746237,5.193333345746237,4.304107148495931,4.304107148495931,5.202800025939942,4.266525003910065,1,10201632.3291778565352000,8223615.1615559105,,,,,,,
2025-10-20,,,,,,,5.5999999046325680,5.6259999275207520,5.3699998855590820,5.3899998664855960,963500,,,,,5.3899998664855960,,,,,,,,,,,,,,,,,,,,,,,,,,,,,,,,,,,,,,,,,,,,,,,,,,,,,,,,,,,,,,,,,,,,,,,,,,,,,,,,,,,,,,,,,,,,,,,,,,,,,,,,,,,,,,,,,,,,,,,,,,,,,,,,,,,,,,,,,,,,,0.767947018990475,0.8854510899124712,0.8101257802201675,1.9142982686682748,,,,-0.2087773065269577,,,,,,,,5.678569094140167,5.678569094140167,5.590063059136881,5.590063059136881,5.1497489150051,5.1497489150051,4.354306479809822,4.354306479809822,,,,,0.013072024529415303,,0.19054765793814799,0.19054765793814799,0.22580017634339325,0.22580017634339325,48.05472006818491,48.05472006818491,,5.874000072479248,5.874000072479248,5.536666688464937,5.536666688464937,5.191746045672704,5.191746045672704,4.31573413194172,4.31573413194172,5.209800024032592,4.2550250029563905,1,5193264.8713588717460000,8212439.084051526,,,,,,,
2025-10-21,,,,,,,5.4650001525878910,5.4650001525878910,5.1300001144409180,5.1700000762939450,1151000,,,,,5.1700000762939450,,,,,,,,,,,,,,,,,,,,,,,,,,,,,,,,,,,,,,,,,,,,,,,,,,,,,,,,,,,,,,,,,,,,,,,,,,,,,,,,,,,,,,,,,,,,,,,,,,,,,,,,,,,,,,,,,,,,,,,,,,,,,,,,,,,,,,,,,,,,,0.6377140764179013,0.8724496744134358,0.8109176714801201,1.9104799160408057,,,,-0.25666415266863385,,,,,,,,5.509046088191426,5.509046088191426,5.5518755152420685,5.5518755152420685,5.150381763795376,5.150381763795376,4.360754650533017,4.360754650533017,,,,,-0.04167265687275696,,0.13286386269056738,0.13286386269056738,0.2072129136128281,0.2072129136128281,44.941968155658266,44.941968155658266,,5.570000076293946,5.570000076293946,5.514285746074858,5.514285746074858,5.18349207772149,5.18349207772149,4.327638893846482,4.327638893846482,5.217200021743775,4.24297500371933,1,5950670.0878143306950000,8213523.973395333,,,,,,,
2025-10-22,,,,,,,5.0000000000000000,5.0799999237060550,4.5999999046325680,4.7899999618530270,1659400,,,,,4.7899999618530270,,,,,,,,,,,,,,,,,,,,,,,,,,,,,,,,,,,,,,,,,,,,,,,,,,,,,,,,,,,,,,,,,,,,,,,,,,,,,,,,,,,,,,,,,,,,,,,,,,,,,,,,,,,,,,,,,,,,,,,,,,,,,,,,,,,,,,,,,,,,,0.625150383047116,0.9053851712567462,0.8163206591692957,1.9120686635014494,,,,-0.2325928587019016,,,,,,,,5.269364046078627,5.269364046078627,5.48261410129761,5.48261410129761,5.139119832484678,5.139119832484678,4.364147894100764,4.364147894100764,,,,,-0.07634229981844054,,0.055842488479192376,0.055842488479192376,0.17693882858610094,0.17693882858610094,40.109173783173986,40.109173783173986,,5.294000053405762,5.294000053405762,5.4804762204488116,5.4804762204488116,5.164126994117858,5.164126994117858,4.338154766294691,4.338154766294691,5.201400022506714,4.22922500371933,1,7948525.9366989130038000,8128072.26591867,,,,,,,
2025-10-23,,,,,,,4.8200001716613770,4.8800001144409180,4.7100000381469730,4.8299999237060550,874700,,,,,4.8299999237060550,,,,,,,,,,,,,,,,,,,,,,,,,,,,,,,,,,,,,,,,,,,,,,,,,,,,,,,,,,,,,,,,,,,,,,,,,,,,,,,,,,,,,,,,,,,,,,,,,,,,,,,,,,,,,,,,,,,,,,,,,,,,,,,,,,,,,,,,,,,,,0.7347192970083595,0.8804056823282959,0.8090357253372596,1.9110968655798466,,,,-0.20189434284886046,,,,,,,,5.122909338621103,5.122909338621103,5.423285539698378,5.423285539698378,5.1294598353353456,5.1294598353353456,4.367830518840727,4.367830518840727,,,,,0.008316048409686833,,-0.001947394512716194,-0.001947394512716194,0.14116158396633752,0.14116158396633752,40.830455606143445,40.830455606143445,,5.1,5.1,5.465238117036366,5.465238117036366,5.1507936583624945,5.1507936583624945,4.349305559718419,4.349305559718419,5.190000019073486,4.218125002384186,1,4224800.9332656863085000,8062472.596407693,,,,,,,
2025-10-24,,,,,,,5.0000000000000000,5.1900000572204590,4.9499998092651370,4.9699997901916500,1092000,,,,,4.9699997901916500,,,,,,,,,,,,,,,,,,,,,,,,,,,,,,,,,,,,,,,,,,,,,,,,,,,,,,,,,,,,,,,,,,,,,,,,,,,,,,,,,,,,,,,,,,,,,,,,,,,,,,,,,,,,,,,,,,,,,,,,,,,,,,,,,,,,,,,,,,,,,0.6962637175209483,0.8821909931492717,0.7970244473605931,1.9103264514045257,,,,-0.2286711957224375,,,,,,,,5.071939489144619,5.071939489144619,5.382077744288676,5.382077744288676,5.124476708924605,5.124476708924605,4.372590750234806,4.372590750234806,,,,,0.02857334602494351,,-0.03603409531934787,-0.03603409531934787,0.10572244810920044,0.10572244810920044,43.399760702449285,43.399760702449285,,5.029999923706055,5.029999923706055,5.463333334241595,5.463333334241595,5.146349210587759,5.146349210587759,4.361448416161159,4.361448416161159,5.186000013351441,4.206325001716614,1,5427239.7708892818000000,8052944.259437681,,,,,,,
2025-10-27,,,,,,,5.0799999237060550,5.0999999046325680,4.8699998855590820,4.9200000762939450,787100,,,,,4.9200000762939450,,,,,,,,,,,,,,,,,,,,,,,,,,,,,,,,,,,,,,,,,,,,,,,,,,,,,,,,,,,,,,,,,,,,,,,,,,,,,,,,,,,,,,,,,,,,,,,,,,,,,,,,,,,,,,,,,,,,,,,,,,,,,,,,,,,,,,,,,,,,,0.6587325921989337,0.8824492568753539,0.7872621679321209,1.9084462199113288,,,,-0.23715534054052756,,,,,,,,5.0212930181943936,5.0212930181943936,5.340070683561882,5.340070683561882,5.118086814154897,5.118086814154897,4.376918096685866,4.376918096685866,,,,,-0.010111251882460707,,-0.06631813614465187,-0.06631813614465187,0.07131433125842998,0.07131433125842998,42.68684837295237,42.68684837295237,,4.935999965667724,4.935999965667724,5.460952395484561,5.460952395484561,5.146190484364827,5.146190484364827,4.373988099041439,4.373988099041439,5.185800018310547,4.199975001811981,1,3872532.0600509641095000,8018309.327229242,,,,,,,
2025-10-28,,,,,,,4.9499998092651370,5.0700001716613770,4.7399997711181640,4.8000001907348630,771300,,,,,4.8000001907348630,,,,,,,,,,,,,,,,,,,,,,,,,,,,,,,,,,,,,,,,,,,,,,,,,,,,,,,,,,,,,,,,,,,,,,,,,,,,,,,,,,,,,,,,,,,,,,,,,,,,,,,,,,,,,,,,,,,,,,,,,,,,,,,,,,,,,,,,,,,,,0.6311433617864383,0.8771040528718616,0.7877505009577584,1.8979834608142419,,,,-0.2353705280760741,,,,,,,,4.94752874237455,4.94752874237455,5.290973366032153,5.290973366032153,5.108146607173021,5.108146607173021,4.380262619168467,4.380262619168467,,,,,-0.02469258836084179,,-0.09886182696526369,-0.09886182696526369,0.03727909961369125,0.03727909961369125,40.94831580478571,40.94831580478571,,4.861999988555908,4.861999988555908,5.461428596859887,5.461428596859887,5.1457142981271895,5.1457142981271895,4.384464289933916,4.384464289933916,5.183000020980835,4.193475003242493,1,3702240.1471137998319000,8037660.711139345,,,,,,,
2025-10-29,,,,,,,4.7899999618530270,4.8099999427795410,4.5549998283386230,4.5799999237060550,1096800,,,,,4.5799999237060550,,,,,,,,,,,,,,,,,,,,,,,,,,,,,,,,,,,,,,,,,,,,,,,,,,,,,,,,,,,,,,,,,,,,,,,,,,,,,,,,,,,,,,,,,,,,,,,,,,,,,,,,,,,,,,,,,,,,,,,,,,,,,,,,,,,,,,,,,,,,,0.4625986217235362,0.8920054691412226,0.7911683267491906,1.8985389436624966,,,,-0.2502191150768377,,,,,,,,4.8250191361517185,4.8250191361517185,5.22633941672978,5.22633941672978,5.091642023314678,5.091642023314678,4.3818415701924796,4.3818415701924796,,,,,-0.04691697618224751,,-0.14078226897270874,-0.14078226897270874,0.001666825896411247,0.001666825896411247,37.90068173029449,37.90068173029449,,4.8199999809265135,4.8199999809265135,5.450952393668039,5.450952393668039,5.143968264261882,5.143968264261882,4.393869051384548,4.393869051384548,5.183000020980835,4.190075001716614,1,5023343.9163208011240000,8072335.10608673,,,,,,,
2025-10-30,,,,,,,4.5599999427795410,4.5999999046325680,4.2699999809265140,4.3499999046325680,1122500,,,,,4.3499999046325680,,,,,,,,,,,,,,,,,,,,,,,,,,,,,,,,,,,,,,,,,,,,,,,,,,,,,,,,,,,,,,,,,,,,,,,,,,,,,,,,,,,,,,,,,,,,,,,,,,,,,,,,,,,,,,,,,,,,,,,,,,,,,,,,,,,,,,,,,,,,,0.513966937927001,0.880625804471026,0.7867703073547437,1.8986818753072912,,,,-0.2930036664547966,,,,,,,,4.666679392312002,4.666679392312002,5.146672188357306,5.146672188357306,5.0684657071058625,5.0684657071058625,4.381589857421255,4.381589857421255,,,,,-0.05152315829098178,,-0.19036914364568513,-0.19036914364568513,-0.03674036801200803,-0.03674036801200803,34.970354263056,34.970354263056,,4.723999977111816,4.723999977111816,5.416190487997873,5.416190487997873,5.1433333442324685,5.1433333442324685,4.402757940311281,4.402757940311281,5.178200016021728,4.180825002193451,1,4882874.8929500575800000,8091314.693469092,,,,,,,
2025-10-31,,,,,,,4.5100002288818360,4.6599998474121090,4.4210000038146970,4.6300001144409180,841600,,,,,4.6300001144409180,,,,,,,,,,,,,,,,,,,,,,,,,,,,,,,,,,,,,,,,,,,,,,,,,,,,,,,,,,,,,,,,,,,,,,,,,,,,,,,,,,,,,,,,,,,,,,,,,,,,,,,,,,,,,,,,,,,,,,,,,,,,,,,,,,,,,,,,,,,,,0.7298341641373461,0.8819034197634057,0.7687012938242574,1.8994195838165824,,,,-0.3224621913003003,,,,,,,,4.654452966354974,4.654452966354974,5.099701999819453,5.099701999819453,5.054763657335083,5.054763657335083,4.38355357486805,4.38355357486805,,,,,0.0623810696383583,,-0.2047136111267438,-0.2047136111267438,-0.07033501663495519,-0.07033501663495519,40.95536263028745,40.95536263028745,,4.65600004196167,4.65600004196167,5.3795238222394675,5.3795238222394675,5.139523824055989,5.139523824055989,4.412956353690889,4.412956353690889,5.172200021743774,4.172475001811981,1,3896608.0963134765888000,8090620.902816832,,,,,,,
2025-11-03,,,,,,,4.6199998855590820,4.6700000762939450,4.3600001335144040,4.4099998474121090,592500,,,,,4.4099998474121090,,,,,,,,,,,,,,,,,,,,,,,,,,,,,,,,,,,,,,,,,,,,,,,,,,,,,,,,,,,,,,,,,,,,,,,,,,,,,,,,,,,,,,,,,,,,,,,,,,,,,,,,,,,,,,,,,,,,,,,,,,,,,,,,,,,,,,,,,,,,,0.7667471621843346,0.8902663393789463,0.7651854310418625,1.8998831547381898,,,,-0.3096789373384896,,,,,,,,4.572968593374019,4.572968593374019,5.037001804146058,5.037001804146058,5.03461478827499,5.03461478827499,4.383762636311086,4.383762636311086,,,,,-0.04868223795707799,,-0.2311691142309913,-0.2311691142309913,-0.1025018361541624,-0.1025018361541624,37.996362838587864,37.996362838587864,,4.553999996185302,4.553999996185302,5.340000016348703,5.340000016348703,5.127619062151227,5.127619062151227,4.42200397167887,4.42200397167887,5.160400018692017,4.162525000572205,1,2612924.9095916745825000,8019034.571391816,,,,,,,
2025-11-04,,,,,,,4.1999998092651370,4.3600001335144040,4.1199998855590820,4.1900000572204590,737800,,,,,4.1900000572204590,,,,,,,,,,,,,,,,,,,,,,,,,,,,,,,,,,,,,,,,,,,,,,,,,,,,,,,,,,,,,,,,,,,,,,,,,,,,,,,,,,,,,,,,,,,,,,,,,,,,,,,,,,,,,,,,,,,,,,,,,,,,,,,,,,,,,,,,,,,,,0.7953657793935394,0.8154833013704186,0.7665422718236223,1.900466969376277,,,,-0.3538174063605302,,,,,,,,4.445312414656166,4.445312414656166,4.96000164533464,4.96000164533464,5.008220577929536,5.008220577929536,4.382230916318275,4.382230916318275,,,,,-0.051173907267844945,,-0.26681179520566545,-0.26681179520566545,-0.135363827964463,-0.135363827964463,35.253405942913304,35.253405942913304,,4.431999969482422,4.431999969482422,5.264761924743652,5.264761924743652,5.115873034038241,5.115873034038241,4.430376988081705,4.430376988081705,5.142200021743775,4.152875001430512,1,3091382.0422172546502000,8020713.526093013,,,,,,,
2025-11-05,,,,,,,4.2300000190734860,4.2899999618530270,4.1399998664855960,4.2899999618530270,346500,,,,,4.2899999618530270,,,,,,,,,,,,,,,,,,,,,,,,,,,,,,,,,,,,,,,,,,,,,,,,,,,,,,,,,,,,,,,,,,,,,,,,,,,,,,,,,,,,,,,,,,,,,,,,,,,,,,,,,,,,,,,,,,,,,,,,,,,,,,,,,,,,,,,,,,,,,0.8413230219163998,0.8250726014942116,0.7635863330538096,1.9002582434690847,,,,-0.3098889496558651,,,,,,,,4.393541597055119,4.393541597055119,4.899092401381766,4.899092401381766,4.985776183677145,4.985776183677145,4.381501817864004,4.381501817864004,,,,,0.023585976457376857,,-0.2837191819791718,-0.2837191819791718,-0.16503489876740476,-0.16503489876740476,37.4633121172891,37.4633121172891,,4.373999977111817,4.373999977111817,5.194285733359201,5.194285733359201,5.102539698282878,5.102539698282878,4.438829368542111,4.438829368542111,5.129200019836426,4.143125002384186,1,1486484.9867820738555000,7986258.096016777,,,,,,,
2025-11-06,,,,,,,4.3800001144409180,4.3800001144409180,4.0300002098083500,4.0599999427795410,697000,,,,,4.0599999427795410,,,,,,,,,,,,,,,,,,,,,,,,,,,,,,,,,,,,,,,,,,,,,,,,,,,,,,,,,,,,,,,,,,,,,,,,,,,,,,,,,,,,,,,,,,,,,,,,,,,,,,,,,,,,,,,,,,,,,,,,,,,,,,,,,,,,,,,,,,,,,0.8519468075571878,0.835279988472931,0.7701811903077832,1.898503223563068,,,,-0.3168368503008109,,,,,,,,4.282361045629926,4.282361045629926,4.822811268781564,4.822811268781564,4.956845676149094,4.956845676149094,4.378960301064918,4.378960301064918,,,,,-0.055103764527925245,,-0.3120800229160805,-0.3120800229160805,-0.1944439235971399,-0.1944439235971399,34.54299591187494,34.54299591187494,,4.315999984741211,4.315999984741211,5.121428580511184,5.121428580511184,5.086984142424568,5.086984142424568,4.447162701497002,4.447162701497002,5.112800016403198,4.133025002479553,1,2829819.9601173400770000,7974383.873591347,,,,,,,
2025-11-07,,,,,,,3.9000000953674316,4.0700001716613770,3.7100000381469727,4.0700001716613770,977900,,,,,4.0700001716613770,,,,,,,,,,,,,,,,,,,,,,,,,,,,,,,,,,,,,,,,,,,,,,,,,,,,,,,,,,,,,,,,,,,,,,,,,,,,,,,,,,,,,,,,,,,,,,,,,,,,,,,,,,,,,,,,,,,,,,,,,,,,,,,,,,,,,,,,,,,,,0.5758612034908325,0.8349736363832995,0.7647147143985126,1.897654598341576,,,,-0.28592828606805304,,,,,,,,4.21157408764041,4.21157408764041,4.754373896316093,4.754373896316093,4.929131754133854,4.929131754133854,4.376517928500463,4.376517928500463,,,,,0.002460082111813219,,-0.32994584843543695,-0.32994584843543695,-0.2215443085647993,-0.2215443085647993,34.78104378375184,34.78104378375184,,4.203999996185303,4.203999996185303,5.048095248994374,5.048095248994374,5.075396840534513,5.075396840534513,4.455059527877777,4.455059527877777,5.0916000175476075,4.12377500295639,1,3980053.1678676605683000,7990321.223585188,,,,,,,
2025-11-10,,,,,,,4.1999998092651370,4.1999998092651370,3.9100000858306885,3.9200000762939453,657900,,,,,3.9200000762939453,,,,,,,,,,,,,,,,,,,,,,,,,,,,,,,,,,,,,,,,,,,,,,,,,,,,,,,,,,,,,,,,,,,,,,,,,,,,,,,,,,,,,,,,,,,,,,,,,,,,,,,,,,,,,,,,,,,,,,,,,,,,,,,,,,,,,,,,,,,,,0.5529414367556589,0.7949398602990839,0.7014846774680973,1.8970620965958314,,,,-0.2406239729169379,,,,,,,,4.114382750524922,4.114382750524922,4.678521730859534,4.678521730859534,4.8975963892013565,4.8975963892013565,4.372909091724127,4.372909091724127,,,,,-0.03755136836663308,,-0.3521490430062899,-0.3521490430062899,-0.24766525545309745,-0.24766525545309745,32.85118514017885,32.85118514017885,,4.10600004196167,4.10600004196167,4.951904773712158,4.951904773712158,5.0490476366073365,5.0490476366073365,4.462837305806932,4.462837305806932,5.0714000225067135,4.113175003528595,1,2578968.0501937866128700,6066477.251245862,,,,,,,
2025-11-11,,,,,,,4.2600002288818360,4.3400001525878910,3.7300000190734863,3.8599998950958250,10534100,,,,,3.8599998950958250,,,,,,,,,,,,,,,,,,,,,,,,,,,,,,,,,,,,,,,,,,,,,,,,,,,,,,,,,,,,,,,,,,,,,,,,,,,,,,,,,,,,,,,,,,,,,,,,,,,,,,,,,,,,,,,,,,,,,,,,,,,,,,,,,,,,,,,,,,,,,0.4957381666135932,0.6369055523025547,0.6996066325133476,1.8971472544281014,,,,-0.42439015693268317,,,,,,,,4.02958846538189,4.02958846538189,4.604110654881015,4.604110654881015,4.865171498760558,4.865171498760558,4.3688544735689625,4.3688544735689625,,,,,-0.015424516965620335,,-0.3703179530020364,-0.3703179530020364,-0.2721957949628852,-0.2721957949628852,32.08431578966677,32.08431578966677,,4.040000009536743,4.040000009536743,4.819523822693598,4.819523822693598,5.024603188983978,5.024603188983978,4.470376987778951,4.470376987778951,5.049400019645691,4.1068250024318695,1,40661624.8949289301325000,6562842.7231361,,,,,,,
2025-11-12,,,,,,,3.8499999046325684,4.1999998092651370,3.8099999427795410,4.0799999237060550,1861500,,,,,4.0799999237060550,,,,,,,,,,,,,,,,,,,,,,,,,,,,,,,,,,,,,,,,,,,,,,,,,,,,,,,,,,,,,,,,,,,,,,,,,,,,,,,,,,,,,,,,,,,,,,,,,,,,,,,,,,,,,,,,,,,,,,,,,,,,,,,,,,,,,,,,,,,,,0.6762596147538324,0.6880931891670264,0.7056147585036863,1.8978662374019521,,,,-0.4594561588358024,,,,,,,,4.046392284823278,4.046392284823278,4.5564642247742,4.5564642247742,4.840634887040105,4.840634887040105,4.3665710383921805,4.3665710383921805,,,,,0.055429813417081995,,-0.36278284655114046,-0.36278284655114046,-0.2903132052805363,-0.2903132052805363,37.816260987710166,37.816260987710166,,3.9980000019073487,3.9980000019073487,4.695238102050054,4.695238102050054,5.0073015992603604,5.0073015992603604,4.478710320733843,4.478710320733843,5.035800013542175,4.1047250020504,1,7594919.8579788213825000,6622694.640620929,,,,,,,
2025-11-13,,,,,,,3.9500000476837160,4.0100002288818360,3.6549999713897705,3.7999999523162840,1062400,,,,,3.7999999523162840,,,,,,,,,,,,,,,,,,,,,,,,,,,,,,,,,,,,,,,,,,,,,,,,,,,,,,,,,,,,,,,,,,,,,,,,,,,,,,,,,,,,,,,,,,,,,,,,,,,,,,,,,,,,,,,,,,,,,,,,,,,,,,,,,,,,,,,,,,,,,0.7490159692841286,0.6785531107071406,0.7130901248509379,1.8989430825110858,,,,-0.43774910993251187,,,,,,,,3.9642615073209466,3.9642615073209466,4.487694745459844,4.487694745459844,4.808115045329986,4.808115045329986,4.362092215577351,4.362092215577351,,,,,-0.07109591553257999,,-0.3750811757212613,-0.3750811757212613,-0.3072667993686813,-0.3072667993686813,33.8953093615217,33.8953093615217,,3.946000003814697,3.946000003814697,4.5823809532892135,4.5823809532892135,4.9893650932917515,4.9893650932917515,4.485615082676449,4.485615082676449,5.017400016784668,4.101175000667572,1,4037119.9493408201216000,6631661.641735879,,,,,,,
2025-11-14,,,,,,,3.4400000572204590,3.7500000000000000,3.4100000858306885,3.5499999523162840,1077400,,,,,3.5499999523162840,,,,,,,,,,,,,,,,,,,,,,,,,,,,,,,,,,,,,,,,,,,,,,,,,,,,,,,,,,,,,,,,,,,,,,,,,,,,,,,,,,,,,,,,,,,,,,,,,,,,,,,,,,,,,,,,,,,,,,,,,,,,,,,,,,,,,,,,,,,,,0.819855672017556,0.683348826226264,0.7243160579309773,1.8984225972310322,,,,-0.38549927513525034,,,,,,,,3.8261743223193925,3.8261743223193925,4.402449764264975,4.402449764264975,4.768798948673307,4.768798948673307,4.355672513891493,4.355672513891493,,,,,-0.06805346412870197,,-0.4003852093933373,-0.4003852093933373,-0.3258904813736125,-0.3258904813736125,30.82242377698663,30.82242377698663,,3.841999959945679,3.841999959945679,4.475238084793091,4.475238084793091,4.967301599563114,4.967301599563114,4.492162701629457,4.492162701629457,4.992200016975403,4.0964750015735625,1,3824769.9486255643816000,6643144.783207349,,,,,,,
2025-11-17,,,,,,,3.6099998950958250,3.6500000953674316,3.2999999523162840,3.2999999523162840,686700,,,,,3.2999999523162840,,,,,,,,,,,,,,,,,,,,,,,,,,,,,,,,,,,,,,,,,,,,,,,,,,,,,,,,,,,,,,,,,,,,,,,,,,,,,,,,,,,,,,,,,,,,,,,,,,,,,,,,,,,,,,,,,,,,,,,,,,,,,,,,,,,,,,,,,,,,,0.883873211033271,0.6692496901974849,0.7232908549910089,1.8987173361509944,,,,-0.3826760255334049,,,,,,,,3.65078286565169,3.65078286565169,4.302227054087822,4.302227054087822,4.722898980037151,4.722898980037151,4.347327276250582,4.347327276250582,,,,,-0.07302513603246812,,-0.4355905325336429,-0.4355905325336429,-0.3478304916056186,-0.3478304916056186,28.08083974211705,28.08083974211705,,3.7179999351501465,3.7179999351501465,4.3790475981576105,4.3790475981576105,4.946984139699785,4.946984139699785,4.498194447585514,4.498194447585514,4.963000011444092,4.088675000667572,1,2266109.9672555922228000,6622577.228073847,,,,,,,
2025-11-18,,,,,,,3.2300000190734863,3.5099999904632570,3.2200000286102295,3.4400000572204590,704900,,,,,3.4400000572204590,,,,,,,,,,,,,,,,,,,,,,,,,,,,,,,,,,,,,,,,,,,,,,,,,,,,,,,,,,,,,,,,,,,,,,,,,,,,,,,,,,,,,,,,,,,,,,,,,,,,,,,,,,,,,,,,,,,,,,,,,,,,,,,,,,,,,,,,,,,,,1.0398515078796517,0.6952166916934428,0.7291858604929615,1.8987586349844423,,,,-0.34590525537381644,,,,,,,,3.5805219295079462,3.5805219295079462,4.223842781645334,4.223842781645334,4.682808388699129,4.682808388699129,4.340154729064573,4.340154729064573,,,,,0.04154903399633759,,-0.447040956454249,-0.447040956454249,-0.36767258457534463,-0.36767258457534463,31.742341101417313,31.742341101417313,,3.633999967575073,3.633999967575073,4.28619046438308,4.28619046438308,4.928730169932048,4.928730169932048,4.505019844524444,4.505019844524444,4.937600011825562,4.084175000190735,1,2424856.0403347015491000,6605513.433216489,,,,,,,
2025-11-19,,,,,,,3.4200000762939453,3.4800000190734863,3.2200000286102295,3.2599999904632570,532400,,,,,3.2599999904632570,,,,,,,,,,,,,,,,,,,,,,,,,,,,,,,,,,,,,,,,,,,,,,,,,,,,,,,,,,,,,,,,,,,,,,,,,,,,,,,,,,,,,,,,,,,,,,,,,,,,,,,,,,,,,,,,,,,,,,,,,,,,,,,,,,,,,,,,,,,,,0.7762693518730458,0.7008899455557815,0.7190455980604805,1.8993267517121653,,,,-0.33568136543659965,,,,,,,,3.4736812831597166,3.4736812831597166,4.136220709719691,4.136220709719691,4.638345626254258,4.638345626254258,4.331615956427409,4.331615956427409,,,,,-0.05374429556592626,,-0.4652765821566738,-0.4652765821566738,-0.38719338409161047,-0.38719338409161047,29.65208807133987,29.65208807133987,,3.469999980926514,3.469999980926514,4.1952380793435236,4.1952380793435236,4.902222235997518,4.902222235997518,4.511329368466423,4.511329368466423,4.910200009346008,4.07677500128746,1,1735623.9949226380268000,6554738.626339322,,,,,,,
2025-11-20,,,,,,,3.3900001049041750,3.5499999523162840,3.0699999332427980,3.1099998950958250,945300,,,,,3.1099998950958250,,,,,,,,,,,,,,,,,,,,,,,,,,,,,,,,,,,,,,,,,,,,,,,,,,,,,,,,,,,,,,,,,,,,,,,,,,,,,,,,,,,,,,,,,,,,,,,,,,,,,,,,,,,,,,,,,,,,,,,,,,,,,,,,,,,,,,,,,,,,,0.743193715216433,0.6792907485196317,0.7223081470419705,1.8944916820076754,,,,-0.3600293984815013,,,,,,,,3.352454153805086,3.352454153805086,4.042927908390248,4.042927908390248,4.590584822155557,4.590584822155557,4.321958912464313,4.321958912464313,,,,,-0.04710449999333862,,-0.4862272756319683,-0.4862272756319683,-0.40700016239968206,-0.40700016239968206,27.99752581310823,27.99752581310823,,3.331999969482422,3.331999969482422,4.115238076164609,4.115238076164609,4.872222234332372,4.872222234332372,4.5179166694482165,4.5179166694482165,4.8744000053405765,4.069025001525879,1,2939882.9008340833725000,6542871.688257324,,,,,,,
2025-11-21,,,,,,,3.0499999523162840,3.1500000953674316,2.9100000858306885,3.1300001144409180,632700,,,,,3.1300001144409180,,,,,,,,,,,,,,,,,,,,,,,,,,,,,,,,,,,,,,,,,,,,,,,,,,,,,,,,,,,,,,,,,,,,,,,,,,,,,,,,,,,,,,,,,,,,,,,,,,,,,,,,,,,,,,,,,,,,,,,,,,,,,,,,,,,,,,,,,,,,,0.7545182890955794,0.6783011357476402,0.7207427697424922,1.8939771358879427,,,,-0.3571490299450303,,,,,,,,3.2783028073503635,3.2783028073503635,3.9599344725766725,3.9599344725766725,4.544941550039475,4.544941550039475,4.312536313270453,4.312536313270453,,,,,0.006410348654758594,,-0.49550512594967655,-0.49550512594967655,-0.42470115510968093,-0.42470115510968093,28.569843726318027,28.569843726318027,,3.2480000019073487,3.2480000019073487,4.034285704294841,4.034285704294841,4.840952396392822,4.840952396392822,4.524305558866924,4.524305558866924,4.837400007247925,4.059925003051758,1,1980351.0724067688186000,6510094.404893073,,,,,,,
2025-11-24,,,,,,,3.1500000953674316,3.2200000286102295,2.9300000667572020,2.9700000286102295,1035900,,,,,2.9700000286102295,,,,,,,,,,,,,,,,,,,,,,,,,,,,,,,,,,,,,,,,,,,,,,,,,,,,,,,,,,,,,,,,,,,,,,,,,,,,,,,,,,,,,,,,,,,,,,,,,,,,,,,,,,,,,,,,,,,,,,,,,,,,,,,,,,,,,,,,,,,,,0.6831456398865323,0.662091477253364,0.724711093650326,1.894783524780263,,,,-0.3521014314393049,,,,,,,,3.1755352144369855,3.1755352144369855,3.869940432216087,3.869940432216087,4.495724627494811,4.495724627494811,4.30192337821385,4.30192337821385,,,,,-0.052471078666972655,,-0.5098908545446341,-0.5098908545446341,-0.4417390949966716,-0.4417390949966716,26.73878714926887,26.73878714926887,,3.182000017166138,3.182000017166138,3.939047620410011,3.939047620410011,4.80968255466885,4.80968255466885,4.530059527310114,4.530059527310114,4.799200005531311,4.050425003767014,1,3076623.0296373367390500,6496795.4681358645,,,,,,,
2025-11-25,,,,,,,3.0699999332427980,3.1700000762939453,2.8800001144409180,3.1500000953674316,822500,,,,,3.1500000953674316,,,,,,,,,,,,,,,,,,,,,,,,,,,,,,,,,,,,,,,,,,,,,,,,,,,,,,,,,,,,,,,,,,,,,,,,,,,,,,,,,,,,,,,,,,,,,,,,,,,,,,,,,,,,,,,,,,,,,,,,,,,,,,,,,,,,,,,,,,,,,0.7862516841668461,0.7214212110069648,0.7368927339041819,1.8939485023199376,,,,-0.3100502972496146,,,,,,,,3.1670235080804674,3.1670235080804674,3.8044913106843907,3.8044913106843907,4.45367073586583,4.45367073586583,4.292817265305973,4.292817265305973,,,,,0.05884052066523421,,-0.5009920228529912,-0.5009920228529912,-0.4535896805679355,-0.4535896805679355,32.01750142053483,32.01750142053483,,3.1240000247955324,3.1240000247955324,3.854761907032558,3.854761907032558,4.782222236905779,4.782222236905779,4.5360119087355475,4.5360119087355475,4.75880000591278,4.042175003290176,1,2590875.0784397124910000,6488942.309502193,,,,,,,
2025-11-26,,,,,,,3.2100000381469727,3.5399999618530273,3.1749999523162840,3.5199999809265137,1315400,,,,,3.5199999809265137,,,,,,,,,,,,,,,,,,,,,,,,,,,,,,,,,,,,,,,,,,,,,,,,,,,,,,,,,,,,,,,,,,,,,,,,,,,,,,,,,,,,,,,,,,,,,,,,,,,,,,,,,,,,,,,,,,,,,,,,,,,,,,,,,,,,,,,,,,,,,1.1121144541568637,0.8542575666968502,0.7656419199493223,1.8954178981574095,,,,-0.24531689243454396,,,,,,,,3.284682332362483,3.284682332362483,3.778628462524584,3.778628462524584,4.424493524773976,4.424493524773976,4.286708037761471,4.286708037761471,,,,,0.1110585010784852,,-0.4587950325331387,-0.4587950325331387,-0.45463075096097616,-0.45463075096097616,41.36925529277413,41.36925529277413,,3.1760000228881835,3.1760000228881835,3.7938095160893033,3.7938095160893033,4.756666679230947,4.756666679230947,4.542876988176316,4.542876988176316,4.722800002098084,4.031675003767013,1,4630207.9749107361209800,6469698.672114478,,,,,,,
2025-11-28,,,,,,,3.4600000381469727,3.5099999904632570,3.3800001144409180,3.4200000762939453,528600,,,,,3.4200000762939453,,,,,,,,,,,,,,,,,,,,,,,,,,,,,,,,,,,,,,,,,,,,,,,,,,,,,,,,,,,,,,,,,,,,,,,,,,,,,,,,,,,,,,,,,,,,,,,,,,,,,,,,,,,,,,,,,,,,,,,,,,,,,,,,,,,,,,,,,,,,,1.0534575295901267,0.8479536518653665,0.7639896982886437,1.398549042564214,,,,-0.22586631051550077,,,,,,,,3.3297882470063036,3.3297882470063036,3.7460258819581624,3.7460258819581624,4.393103104508976,4.393103104508976,4.27985659142576,4.27985659142576,,,,,-0.028820410808716907,,-0.4284834794323409,-0.4284834794323409,-0.4494012966552491,-0.4494012966552491,39.77665467341813,39.77665467341813,,3.2380000591278075,3.2380000591278075,3.738571428117298,3.738571428117298,4.732698429198492,4.732698429198492,4.530972226271554,4.530972226271554,4.68340000629425,4.0228750050067905,1,1807812.0403289794855800,6466122.165941814,,,,,,,
2025-12-01,,,,,,,3.4100000858306885,3.4100000858306885,3.2200000286102295,3.2999999523162840,432800,,,,,3.2999999523162840,,,,,,,,,,,,,,,,,,,,,,,,,,,,,,,,,,,,,,,,,,,,,,,,,,,,,,,,,,,,,,,,,,,,,,,,,,,,,,,,,,,,,,,,,,,,,,,,,,,,,,,,,,,,,,,,,,,,,,,,,,,,,,,,,,,,,,,,,,,,,1.1251978878943534,0.8408574058783761,0.7659189000554026,1.3150205014233867,,,,-0.2127615408253175,,,,,,,,3.319858815442964,3.319858815442964,3.705478070172537,3.705478070172537,4.358943631002954,4.358943631002954,4.272110689140309,4.272110689140309,,,,,-0.03571811935986113,,-0.4094247684663177,-0.4094247684663177,-0.4414059910174628,-0.4414059910174628,37.89153813103547,37.89153813103547,,3.272000026702881,3.272000026702881,3.688571430387951,3.688571430387951,4.706349221486894,4.706349221486894,4.503194447547671,4.503194447547671,4.642800006866455,4.011875004768371,1,1428239.9793624877152000,6415707.434893412,,,,,,,
2025-12-02,,,,,,,3.3199999332427980,3.3399999141693115,3.1700000762939453,3.1800000667572020,572500,,,,,3.1800000667572020,,,,,,,,,,,,,,,,,,,,,,,,,,,,,,,,,,,,,,,,,,,,,,,,,,,,,,,,,,,,,,,,,,,,,,,,,,,,,,,,,,,,,,,,,,,,,,,,,,,,,,,,,,,,,,,,,,,,,,,,,,,,,,,,,,,,,,,,,,,,,1.074938250829319,0.7977516285847025,0.7652049604835117,1.2875558512977048,,,,-0.25734146872837294,,,,,,,,3.2732392325477098,3.2732392325477098,3.6577073425893247,3.6577073425893247,4.3221016446202745,4.3221016446202745,4.263477403587873,4.263477403587873,,,,,-0.0370412362379075,,-0.39939956107638164,-0.39939956107638164,-0.4330047050292466,-0.4330047050292466,36.051539156701125,36.051539156701125,,3.3140000343322753,3.3140000343322753,3.619523809069679,3.619523809069679,4.681269853834122,4.681269853834122,4.484702383715009,4.484702383715009,4.593600010871887,4.001425005197525,1,1820550.0382184981450000,6391149.4964217385,,,,,,,
2025-12-03,,,,,,,3.1600000858306885,3.3099999427795410,3.1099998950958250,3.2999999523162840,430800,,,,,3.2999999523162840,,,,,,,,,,,,,,,,,,,,,,,,,,,,,,,,,,,,,,,,,,,,,,,,,,,,,,,,,,,,,,,,,,,,,,,,,,,,,,,,,,,,,,,,,,,,,,,,,,,,,,,,,,,,,,,,,,,,,,,,,,,,,,,,,,,,,,,,,,,,,1.0273050004105666,0.8112151328357294,0.7701036149363314,1.2821082878694903,,,,-0.22923332139733868,,,,,,,,3.282159472470568,3.282159472470568,3.625188488928139,3.625188488928139,4.290160966735774,4.290160966735774,4.255860981048177,4.255860981048177,,,,,0.03704123623790748,,-0.37742085146899695,-0.37742085146899695,-0.4218879343171967,-0.4218879343171967,39.22952988180031,39.22952988180031,,3.344000005722046,3.344000005722046,3.566666671207973,3.566666671207973,4.658730173867847,4.658730173867847,4.462678572488209,4.462678572488209,4.549600009918213,3.9929750061035154,1,1421639.9794578551472000,6392977.17955718,,,,,,,
2025-12-04,,,,,,,3.2799999713897705,3.5399999618530273,3.2599999904632570,3.5000000000000000,701500,,,,,3.5000000000000000,,,,,,,,,,,,,,,,,,,,,,,,,,,,,,,,,,,,,,,,,,,,,,,,,,,,,,,,,,,,,,,,,,,,,,,,,,,,,,,,,,,,,,,,,,,,,,,,,,,,,,,,,,,,,,,,,,,,,,,,,,,,,,,,,,,,,,,,,,,,,0.7233891118356378,0.8364891554054494,0.7793738816764708,1.2687232972218128,,,,-0.19910282756512718,,,,,,,,3.354772981647045,3.354772981647045,3.6138077172073992,3.6138077172073992,4.265468436525281,4.265468436525281,4.249885795427243,4.249885795427243,,,,,0.05884051447254449,,-0.3399455526568862,-0.3399455526568862,-0.40549945798513454,-0.40549945798513454,44.2062375295731,44.2062375295731,,3.3400000095367433,3.3400000095367433,3.5338095256260464,3.5338095256260464,4.637936523982456,4.637936523982456,4.447757936659313,4.447757936659313,4.516600008010864,3.985925006866455,1,2455250.0000000000000000,6389018.243559958,,,,,,,
2025-12-05,,,,,,,3.5399999618530273,3.5599999427795410,3.3650000095367430,3.3900001049041750,516000,,,,,3.3900001049041750,,,,,,,,,,,,,,,,,,,,,,,,,,,,,,,,,,,,,,,,,,,,,,,,,,,,,,,,,,,,,,,,,,,,,,,,,,,,,,,,,,,,,,,,,,,,,,,,,,,,,,,,,,,,,,,,,,,,,,,,,,,,,,,,,,,,,,,,,,,,,0.7311882016503214,0.831694545659002,0.7811615629634812,1.2686108698670577,,,,-0.2251612956006582,,,,,,,,3.3665153560660883,3.3665153560660883,3.593461570634379,3.593461570634379,4.238110051162122,4.238110051162122,4.2430882800871395,4.2430882800871395,,,,,-0.03193301615782531,,-0.31548546057348137,-0.31548546057348137,-0.3874966585028039,-0.3874966585028039,42.16116376010838,42.16116376010838,,3.334000015258789,3.334000015258789,3.4909523895808627,3.4909523895808627,4.616190490268526,4.616190490268526,4.433432540250203,4.433432540250203,4.484200005531311,3.9790250074863436,1,1749240.0541305543000000,6390581.290778281,,,,,,,
2025-12-08,,,,,,,3.4700000286102295,3.4800000190734863,3.2300000190734863,3.2599999904632570,542200,,,,,3.2599999904632570,,,,,,,,,,,,,,,,,,,,,,,,,,,,,,,,,,,,,,,,,,,,,,,,,,,,,,,,,,,,,,,,,,,,,,,,,,,,,,,,,,,,,,,,,,,,,,,,,,,,,,,,,,,,,,,,,,,,,,,,,,,,,,,,,,,,,,,,,,,,,0.7414139138260576,0.8228548013048733,0.7840103836628511,1.2587691123784734,,,,-0.22024667973411824,,,,,,,,3.331010234198478,3.331010234198478,3.563146881527913,3.563146881527913,4.207544111765283,4.207544111765283,4.235316831157307,4.235316831157307,,,,,-0.03910275988430784,,-0.30309667436013576,-0.30309667436013576,-0.37061666167427026,-0.37061666167427026,39.81678507893299,39.81678507893299,,3.3260000228881834,3.3260000228881834,3.4528571537562778,3.4528571537562778,4.5931746164957685,4.5931746164957685,4.422797619350373,4.422797619350373,4.450000009536743,3.9722250080108643,1,1767571.9948291779454000,6393196.5127123725,,,,,,,
2025-12-09,,,,,,,3.2500000000000000,3.4449999332427980,3.2200000286102295,3.3699998855590820,423400,,,,,3.3699998855590820,,,,,,,,,,,,,,,,,,,,,,,,,,,,,,,,,,,,,,,,,,,,,,,,,,,,,,,,,,,,,,,,,,,,,,,,,,,,,,,,,,,,,,,,,,,,,,,,,,,,,,,,,,,,,,,,,,,,,,,,,,,,,,,,,,,,,,,,,,,,,0.7014822010906226,0.8357122092124663,0.7875158760185654,1.2589758013028631,,,,-0.2571032517961197,,,,,,,,3.3440067846520125,3.3440067846520125,3.545588063712565,3.545588063712565,4.181370854696339,4.181370854696339,4.228476380994475,4.228476380994475,,,,,0.03318551795230554,,-0.28116134681371463,-0.28116134681371463,-0.35272559870215914,-0.35272559870215914,42.719187086905684,42.719187086905684,,3.3639999866485595,3.3639999866485595,3.4195238067990257,3.4195238067990257,4.573174612862723,4.573174612862723,4.412003967497084,4.412003967497084,4.421600008010865,3.9677750062942505,1,1426857.9515457153188000,6365194.320215119,,,,,,,
2025-12-10,,,,,,,3.3499999046325684,3.3499999046325684,3.2400000095367430,3.2599999904632570,382400,,,,,3.2599999904632570,,,,,,,,,,,,,,,,,,,,,,,,,,,,,,,,,,,,,,,,,,,,,,,,,,,,,,,,,,,,,,,,,,,,,,,,,,,,,,,,,,,,,,,,,,,,,,,,,,,,,,,,,,,,,,,,,,,,,,,,,,,,,,,,,,,,,,,,,,,,,0.7180369033001668,0.8339670295273197,0.7793562992013803,1.259130659540222,,,,-0.24551296588348037,,,,,,,,3.3160045199224273,3.3160045199224273,3.5196255115989916,3.5196255115989916,4.152578015189055,4.152578015189055,4.220820441148378,4.220820441148378,,,,,-0.03318551795230542,,-0.2695463513725822,-0.2695463513725822,-0.33608974923624374,-0.33608974923624374,40.61007039876221,40.61007039876221,,3.355999994277954,3.355999994277954,3.3880952312832786,3.3880952312832786,4.547142865165831,4.547142865165831,4.40025793654578,4.40025793654578,4.390800004005432,3.964425005912781,1,1246623.9963531494768000,6324432.001518446,,,,,,,
2025-12-11,,,,,,,3.2000000476837160,3.2260000705718994,3.0599999427795410,3.2100000381469727,556500,,,,,3.2100000381469727,,,,,,,,,,,,,,,,,,,,,,,,,,,,,,,,,,,,,,,,,,,,,,,,,,,,,,,,,,,,,,,,,,,,,,,,,,,,,,,,,,,,,,,,,,,,,,,,,,,,,,,,,,,,,,,,,,,,,,,,,,,,,,,,,,,,,,,,,,,,,0.4691730961602929,0.8339702220973157,0.7781852969866837,1.2579720627496604,,,,0.011008532152479066,,,,,,,,3.2806696926639427,3.2806696926639427,3.4914777412851716,3.4914777412851716,4.12312245340649,4.12312245340649,4.212829766025838,4.212829766025838,,,,,-0.015456243427518439,,-0.26136313061205296,-0.26136313061205296,-0.3211444255114056,-0.3211444255114056,39.65176883598892,39.65176883598892,,3.2980000019073485,3.2980000019073485,3.357142857142857,3.357142857142857,4.5190476273733475,4.5190476273733475,4.389702381595733,4.389702381595733,4.35340000629425,3.961925005912781,1,1786365.0212287903075500,6288205.096846157,,,,,,,
2025-12-12,,,,,,,3.2000000476837160,3.2269999980926514,3.0599999427795410,3.0799999237060547,404200,,,,,3.0799999237060547,,,,,,,,,,,,,,,,,,,,,,,,,,,,,,,,,,,,,,,,,,,,,,,,,,,,,,,,,,,,,,,,,,,,,,,,,,,,,,,,,,,,,,,,,,,,,,,,,,,,,,,,,,,,,,,,,,,,,,,,,,,,,,,,,,,,,,,,,,,,,0.4918671721660886,0.807029227869263,0.7807847627343957,1.251756123780185,,,,-0.0594003909241636,,,,,,,,3.2137797696779797,3.2137797696779797,3.4540706669597974,3.4540706669597974,4.090524874353351,4.090524874353351,4.203874589406709,4.203874589406709,,,,,-0.041341376810995215,,-0.26234365759995004,-0.26234365759995004,-0.3093842719291145,-0.3093842719291145,37.19421691817307,37.19421691817307,,3.2359999656677245,3.2359999656677245,3.3095238095238093,3.3095238095238093,4.490476195774381,4.490476195774381,4.375456349244193,4.375456349244193,4.307000002861023,3.958975005149841,1,1244935.9691619873097400,6250459.444214427,,,,,,,
2025-12-15,,,,,,,3.1099998950958250,3.1300001144409180,2.8340001106262207,2.8800001144409180,797800,,,,,2.8800001144409180,,,,,,,,,,,,,,,,,,,,,,,,,,,,,,,,,,,,,,,,,,,,,,,,,,,,,,,,,,,,,,,,,,,,,,,,,,,,,,,,,,,,,,,,,,,,,,,,,,,,,,,,,,,,,,,,,,,,,,,,,,,,,,,,,,,,,,,,,,,,,0.593235819772889,0.8035733781712776,0.7784476242789187,1.2436227825897768,,,,-0.08582329479662637,,,,,,,,3.1025198845989594,3.1025198845989594,3.4018824349126264,3.4018824349126264,4.052695975606087,4.052695975606087,4.193409178537414,4.193409178537414,,,,,-0.06713923833043772,,-0.2760766061774307,-0.2760766061774307,-0.30272273877877776,-0.30272273877877776,33.7305647032375,33.7305647032375,,3.1599999904632567,3.1599999904632567,3.2657142934345065,3.2657142934345065,4.454126990030682,4.454126990030682,4.364305555820465,4.364305555820465,4.259800009727478,3.9563750052452087,1,2297664.0913009643804000,6203340.428557093,,,,,,,
2025-12-16,,,,,,,2.8599998950958250,3.0490000247955322,2.8099999427795410,3.0099999904632570,1153200,,,,,3.0099999904632570,,,,,,,,,,,,,,,,,,,,,,,,,,,,,,,,,,,,,,,,,,,,,,,,,,,,,,,,,,,,,,,,,,,,,,,,,,,,,,,,,,,,,,,,,,,,,,,,,,,,,,,,,,,,,,,,,,,,,,,,,,,,,,,,,,,,,,,,,,,,,0.6618735741545332,0.8010661772045217,0.782136032004091,1.2188676427480036,,,,-0.01686892697927252,,,,,,,,3.0716799198870586,3.0716799198870586,3.3662567581445018,3.3662567581445018,4.0201117260703745,4.0201117260703745,4.184054165192954,4.184054165192954,,,,,0.04414974170814755,,-0.2733195061930207,-0.2733195061930207,-0.29684209226162633,-0.29684209226162633,37.78606615814604,37.78606615814604,,3.088000011444092,3.088000011444092,3.240000009536743,3.240000009536743,4.417460320487855,4.417460320487855,4.347321428949871,4.347321428949871,4.204600009918213,3.9579250049591064,1,3471131.9890022279724000,6133029.313224838,,,,,,,
2025-12-17,,,,,,,3.0699999332427980,3.1649999618530273,2.9049999713897705,2.9200000762939453,1172100,,,,,2.9200000762939453,,,,,,,,,,,,,,,,,,,,,,,,,,,,,,,,,,,,,,,,,,,,,,,,,,,,,,,,,,,,,,,,,,,,,,,,,,,,,,,,,,,,,,,,,,,,,,,,,,,,,,,,,,,,,,,,,,,,,,,,,,,,,,,,,,,,,,,,,,,,,0.6593213946636983,0.7703783832022782,0.7819684037747167,1.2184589068701916,,,,-0.04028645917168928,,,,,,,,3.0211199720226873,3.0211199720226873,3.3256879688853607,3.3256879688853607,3.985733237014861,3.985733237014861,4.174061642751065,4.174061642751065,,,,,-0.030356433184177682,,-0.27522411324788054,-0.27522411324788054,-0.2925184964588772,-0.2925184964588772,36.137257270454874,36.137257270454874,,3.0200000286102293,3.0200000286102293,3.221904777345203,3.221904777345203,4.378253974611797,4.378253974611797,4.3312500015137685,4.3312500015137685,4.147600011825562,3.9583250057697295,1,3422532.0894241332861300,6112733.665699051,,,,,,,
2025-12-18,,,,,,,3.0099999904632570,3.3910000324249268,2.9800000190734863,3.3699998855590820,1546400,,,,,3.3699998855590820,,,,,,,,,,,,,,,,,,,,,,,,,,,,,,,,,,,,,,,,,,,,,,,,,,,,,,,,,,,,,,,,,,,,,,,,,,,,,,,,,,,,,,,,,,,,,,,,,,,,,,,,,,,,,,,,,,,,,,,,,,,,,,,,,,,,,,,,,,,,,1.355331536192794,0.9161344115286826,0.8397288647844812,1.2222674392714346,,,,0.028195078060412826,,,,,,,,3.137413276534819,3.137413276534819,3.3297163249466077,3.3297163249466077,3.966491569781868,3.966491569781868,4.167705423326622,4.167705423326622,,,,,0.1433290679972868,,-0.23768244893925106,-0.23768244893925106,-0.28155128695495196,-0.28155128695495196,48.28759371613759,48.28759371613759,,3.0519999980926515,3.0519999980926515,3.218571435837519,3.218571435837519,4.347142862895178,4.347142862895178,4.313829365230742,4.313829365230742,4.103200006484985,3.960125005245209,1,5211367.8230285644048000,6133211.235209496,,,,,,,
2025-12-19,,,,,,,3.4200000762939453,3.7449998855590820,3.2799999713897705,3.7000000476837160,1622100,,,,,3.7000000476837160,,,,,,,,,,,,,,,,,,,,,,,,,,,,,,,,,,,,,,,,,,,,,,,,,,,,,,,,,,,,,,,,,,,,,,,,,,,,,,,,,,,,,,,,,,,,,,,,,,,,,,,,,,,,,,,,,,,,,,,,,,,,,,,,,,,,,,,,,,,,,1.3729747007749034,0.9505304971625611,0.8542371389733866,1.2251698615663544,,,,0.12774612185948703,,,,,,,,3.324942200251118,3.324942200251118,3.363378481559072,3.363378481559072,3.9581637097163003,3.9581637097163003,4.164008147629841,4.164008147629841,,,,,0.09342012213212898,,-0.179236032927514,-0.179236032927514,-0.26108823614946436,-0.26108823614946436,55.04263615782614,55.04263615782614,,3.1760000228881835,3.1760000228881835,3.2395238195146834,3.2395238195146834,4.316349214977688,4.316349214977688,4.299226190362658,4.299226190362658,4.065000004768372,3.9634750056266785,1,6001770.0773477557236000,6135891.90529566,,,,,,,
2025-12-22,,,,,,,3.7699999809265137,4.0250000953674320,3.6900000572204590,3.7599999904632570,1614600,,,,,3.7599999904632570,,,,,,,,,,,,,,,,,,,,,,,,,,,,,,,,,,,,,,,,,,,,,,,,,,,,,,,,,,,,,,,,,,,,,,,,,,,,,,,,,,,,,,,,,,,,,,,,,,,,,,,,,,,,,,,,,,,,,,,,,,,,,,,,,,,,,,,,,,,,,1.0702601181678817,0.9310290848051749,0.8545978017386372,1.208016748141818,,,,0.11393547558610624,,,,,,,,3.469961463655164,3.469961463655164,3.3994349823685437,3.3994349823685437,3.951971093489643,3.951971093489643,4.160814407256982,4.160814407256982,,,,,0.016086122327765937,,-0.12661578525581874,-0.12661578525581874,-0.23419374597073522,-0.23419374597073522,56.16384661439029,56.16384661439029,,3.3519999980926514,3.3519999980926514,3.2704762050083707,3.2704762050083707,4.288730167207264,4.288730167207264,4.290337301435924,4.290337301435924,4.021400003433228,3.9675750052928924,1,6070895.9846019747522000,6134364.063781405,,,,,,,
2025-12-23,,,,,,,3.7400000095367430,4.1300001144409180,3.6900000572204590,3.9400000572204590,1500500,,,,,3.9400000572204590,,,,,,,,,,,,,,,,,,,,,,,,,,,,,,,,,,,,,,,,,,,,,,,,,,,,,,,,,,,,,,,,,,,,,,,,,,,,,,,,,,,,,,,,,,,,,,,,,,,,,,,,,,,,,,,,,,,,,,,,,,,,,,,,,,,,,,,,,,,,,1.069009173941034,0.9400436992432921,0.8522664374013609,1.1815747425610634,,,,0.09061078044078415,,,,,,,,3.626640994843596,3.626640994843596,3.4485772619005357,3.4485772619005357,3.951596998606231,3.951596998606231,4.1590688392725035,4.1590688392725035,,,,,0.04676178296736614,,-0.0695872008685221,-0.0695872008685221,-0.20127243695029262,-0.20127243695029262,59.43251525599799,59.43251525599799,,3.5380000114440917,3.5380000114440917,3.3090476308550154,3.3090476308550154,4.269523817395407,4.269523817395407,4.275297619047619,4.275297619047619,3.967400007247925,3.973925005197525,0,5911970.0858592987295000,6146221.762038791,,,,,,,
2025-12-24,,,,,,,3.9100000858306885,3.9189999103546143,3.6400001049041750,3.7599999904632570,659700,,,,,3.7599999904632570,,,,,,,,,,,,,,,,,,,,,,,,,,,,,,,,,,,,,,,,,,,,,,,,,,,,,,,,,,,,,,,,,,,,,,,,,,,,,,,,,,,,,,,,,,,,,,,,,,,,,,,,,,,,,,,,,,,,,,,,,,,,,,,,,,,,,,,,,,,,,1.153430586409945,0.9353861739912712,0.8552608425123139,1.1823959460038307,,,,0.1297177822708236,,,,,,,,3.671093993383483,3.671093993383483,3.4768884190426013,3.4768884190426013,3.945609592101763,3.945609592101763,4.1559141448155135,4.1559141448155135,,,,,-0.046761782967366175,,-0.03847264918539084,-0.03847264918539084,-0.16871247939731226,-0.16871247939731226,55.01475329072528,55.01475329072528,,3.705999994277954,3.705999994277954,3.3466666766575406,3.3466666766575406,4.249682543769715,4.249682543769715,4.259583334128062,4.259583334128062,3.9088000059127808,3.9786750054359437,0,2480471.9937086106429000,6116368.854014457,,,,,,,
2025-12-26,,,,,,,3.6500000953674316,3.6600000858306885,3.3599998950958250,3.4200000762939453,814900,,,,,3.4200000762939453,,,,,,,,,,,,,,,,,,,,,,,,,,,,,,,,,,,,,,,,,,,,,,,,,,,,,,,,,,,,,,,,,,,,,,,,,,,,,,,,,,,,,,,,,,,,,,,,,,,,,,,,,,,,,,,,,,,,,,,,,,,,,,,,,,,,,,,,,,,,,1.185257425019356,0.9868271390924117,0.8740837433243012,1.1828712960953258,,,,0.062042960072585696,,,,,,,,3.5873960210203037,3.5873960210203037,3.4717167515199963,3.4717167515199963,3.9291842947327686,3.9291842947327686,4.150096642297557,4.150096642297557,,,,,-0.09477838148275054,,-0.04077921695501541,-0.04077921695501541,-0.1431258269088529,-0.1431258269088529,47.7887999811678,47.7887999811678,,3.716000032424927,3.716000032424927,3.359523818606422,3.359523818606422,4.225079373707847,4.225079373707847,4.239900794294146,4.239900794294146,3.8538000059127806,3.9729250049591065,0,2786958.0621719360249700,6124625.062869466,,,,,,,
2025-12-29,,,,,,,3.1400001049041750,3.4900000095367430,3.1400001049041750,3.2699999809265137,976200,,,,,3.2699999809265137,,,,,,,,,,,,,,,,,,,,,,,,,,,,,,,,,,,,,,,,,,,,,,,,,,,,,,,,,,,,,,,,,,,,,,,,,,,,,,,,,,,,,,,,,,,,,,,,,,,,,,,,,,,,,,,,,,,,,,,,,,,,,,,,,,,,,,,,,,,,,0.8900363208453851,0.9190031486398652,0.8753738134532082,1.18276956629255,,,,-0.01872674178224978,,,,,,,,3.4815973409890404,3.4815973409890404,3.4533788632842253,3.4533788632842253,3.9085847849263233,3.9085847849263233,4.143139356436916,4.143139356436916,,,,,-0.04485059430639317,,-0.05408745609779242,-0.05408745609779242,-0.1253181527466408,-0.1253181527466408,44.98175246767983,44.98175246767983,,3.6300000190734862,3.6300000190734862,3.34761905670166,3.34761905670166,4.200952389883617,4.200952389883617,4.221170636396559,4.221170636396559,3.803200001716614,3.9691750049591064,0,3192173.9813804626739400,6125524.11058933,,,,,,,
2025-12-30,,,,,,,3.3199999332427980,3.6700000762939453,3.2899999618530273,3.5399999618530273,1937300,,,,,3.5399999618530273,,,,,,,,,,,,,,,,,,,,,,,,,,,,,,,,,,,,,,,,,,,,,,,,,,,,,,,,,,,,,,,,,,,,,,,,,,,,,,,,,,,,,,,,,,,,,,,,,,,,,,,,,,,,,,,,,,,,,,,,,,,,,,,,,,,,,,,,,,,,,1.1484395457512793,0.9570539711621228,0.891776386527879,1.1856683702343926,,,,0.026134469873261634,,,,,,,,3.501064881277036,3.501064881277036,3.4612535086086615,3.4612535086086615,3.8970665092052825,3.8970665092052825,4.138371456084474,4.138371456084474,,,,,0.07933673729341052,,-0.04235929790386139,-0.04235929790386139,-0.10872638177808491,-0.10872638177808491,50.605887122939016,50.605887122939016,,3.5860000133514403,3.5860000133514403,3.3533333369663785,3.3533333369663785,4.1809523862505715,4.1809523862505715,4.203551588550447,4.203551588550447,3.767599997520447,3.969425004720688,0,6858041.9260978697882900,6179829.535819992,,,,,,,
2025-12-31,,,,,,,3.4900000095367430,3.4900000095367430,3.0699999332427980,3.2000000476837160,1435500,,,,,3.2000000476837160,,,,,,,,,,,,,,,,,,,,,,,,,,,,,,,,,,,,,,,,,,,,,,,,,,,,,,,,,,,,,,,,,,,,,,,,,,,,,,,,,,,,,,,,,,,,,,,,,,,,,,,,,,,,,,,,,,,,,,,,,,,,,,,,,,,,,,,,,,,,,1.1506648109329636,1.0141469873719298,0.9032408558589353,1.187933702802201,,,,0.0005914858606899271,,,,,,,,3.4007099367459293,3.4007099367459293,3.437503193979121,3.437503193979121,3.875283182282734,3.875283182282734,4.130953500286839,4.130953500286839,,,,,-0.10097589166286007,,-0.059810343208118066,-0.059810343208118066,-0.09894317406409155,-0.09894317406409155,44.44464649161524,44.44464649161524,,3.4380000114440916,3.4380000114440916,3.3485714367457797,3.3485714367457797,4.151111118377201,4.151111118377201,4.18259920960381,4.18259920960381,3.7238000011444092,3.968175004720688,0,4593600.0684499743180000,6154417.601875274,,,,,,,
2026-01-02,,,,,,,3.2300000190734863,3.2500000000000000,3.0299999713897705,3.1300001144409180,903900,,,,,3.1300001144409180,,,,,,,,,,,,,,,,,,,,,,,,,,,,,,,,,,,,,,,,,,,,,,,,,,,,,,,,,,,,,,,,,,,,,,,,,,,,,,,,,,,,,,,,,,,,,,,,,,,,,,,,,,,,,,,,,,,,,,,,,,,,,,,,,,,,,,,,,,,,,1.1569914740264373,1.008854574755516,0.8928920958037795,1.1855038260697617,,,,0.021634498809840325,,,,,,,,3.3104733293109256,3.3104733293109256,3.4095483685665573,3.4095483685665573,3.851993086412677,3.851993086412677,4.123040825299915,4.123040825299915,,,,,-0.02211778359218716,,-0.0783852555062281,-0.0783852555062281,-0.09483159035251885,-0.09483159035251885,43.27643334046823,43.27643334046823,,3.312000036239624,3.312000036239624,3.346190486635481,3.346190486635481,4.115079372648209,4.115079372648209,4.158789685794285,4.158789685794285,3.6830000019073488,3.967325005531311,0,2829207.1034431457802000,6038825.648301745,,,,,,,
2026-01-05,,,,,,,3.2100000381469727,3.5399999618530273,3.2100000381469727,3.3800001144409180,1119600,,,,,3.3800001144409180,,,,,,,,,,,,,,,,,,,,,,,,,,,,,,,,,,,,,,,,,,,,,,,,,,,,,,,,,,,,,,,,,,,,,,,,,,,,,,,,,,,,,,,,,,,,,,,,,,,,,,,,,,,,,,,,,,,,,,,,,,,,,,,,,,,,,,,,,,,,,1.2516810221510637,1.036680576104409,0.9079459621998796,1.1762830977059184,,,,0.003891773254946605,,,,,,,,3.3336489243542564,3.3336489243542564,3.4068621636460446,3.4068621636460446,3.8372433060385593,3.8372433060385593,4.117166985688382,4.117166985688382,,,,,0.07684270223853183,,-0.07210195026393507,-0.07210195026393507,-0.09028566233480209,-0.09028566233480209,48.4844029197647,48.4844029197647,,3.3040000438690185,3.3040000438690185,3.350000018165225,3.350000018165225,4.085555568573967,4.085555568573967,4.141686511418176,4.141686511418176,3.6548000049591063,3.9688250064849853,0,3784248.1281280517928000,5985509.464811901,,,,,,,
2026-01-06,,,,,,,3.4900000095367430,3.5050001144409180,3.2300000190734863,3.3699998855590820,826800,,,,,3.3699998855590820,,,,,,,,,,,,,,,,,,,,,,,,,,,,,,,,,,,,,,,,,,,,,,,,,,,,,,,,,,,,,,,,,,,,,,,,,,,,,,,,,,,,,,,,,,,,,,,,,,,,,,,,,,,,,,,,,,,,,,,,,,,,,,,,,,,,,,,,,,,,,1.1961773382396517,1.0152231837356305,0.8834104270820751,1.1762298994806175,,,,-0.019381157816364205,,,,,,,,3.3457659114225318,3.3457659114225318,3.4035110474563206,3.4035110474563206,3.8226419491485757,3.8226419491485757,4.111260526398822,4.111260526398822,,,,,-0.002963032947646201,,-0.06715519717563101,-0.06715519717563101,-0.08565956930296788,-0.08565956930296788,48.2933968025254,48.2933968025254,,3.324000024795532,3.324000024795532,3.3438095365251814,3.3438095365251814,4.04746032896496,4.04746032896496,4.12498016206045,4.12498016206045,3.625600004196167,3.9702750062942505,0,2786315.9053802489976000,5764371.654663389,,,,,,,
2026-01-07,,,,,,,3.4400000572204590,3.5000000000000000,3.3199999332427980,3.3499999046325684,675700,,,,,3.3499999046325684,,,,,,,,,,,,,,,,,,,,,,,,,,,,,,,,,,,,,,,,,,,,,,,,,,,,,,,,,,,,,,,,,,,,,,,,,,,,,,,,,,,,,,,,,,,,,,,,,,,,,,,,,,,,,,,,,,,,,,,,,,,,,,,,,,,,,,,,,,,,,1.0047971668502482,1.0094806361176365,0.8832568596636728,1.1762312564495923,,,,-0.02240418351833763,,,,,,,,3.3471772424925437,3.3471772424925437,3.3986463981087067,3.3986463981087067,3.8078718852574505,3.8078718852574505,4.1052426558710255,4.1052426558710255,,,,,-0.005952393036455742,,-0.06410967460570527,-0.06410967460570527,-0.08134959036351536,-0.08134959036351536,47.88707710256163,47.88707710256163,,3.2860000133514404,3.2860000133514404,3.3419047650836764,3.3419047650836764,4.0090476293412465,4.0090476293412465,4.108353177706401,4.108353177706401,3.5932000064849854,3.9723750054836273,0,2263594.9355602264678800,5548912.908439788,,,,,,,
2026-01-08,,,,,,,3.4600000381469727,4.1799998283386230,3.4349999427795410,4.1399998664855960,2797500,,,,,4.1399998664855960,,,,,,,,,,,,,,,,,,,,,,,,,,,,,,,,,,,,,,,,,,,,,,,,,,,,,,,,,,,,,,,,,,,,,,,,,,,,,,,,,,,,,,,,,,,,,,,,,,,,,,,,,,,,,,,,,,,,,,,,,,,,,,,,,,,,,,,,,,,,,1.547341653871333,1.237129041256558,0.9856648017959312,1.1939390628036877,,,,0.10451090054858239,,,,,,,,3.611451450490228,3.611451450490228,3.4660421679611515,3.4660421679611515,3.8182508846708303,3.8182508846708303,4.105517416429244,4.105517416429244,,,,,0.2117354382182818,,0.0020269531351408965,0.0020269531351408965,-0.06467428166378411,-0.06467428166378411,61.62242879852702,61.62242879852702,,3.4739999771118164,3.4739999771118164,3.38380952108474,3.38380952108474,3.986031751784067,3.986031751784067,4.096805557372078,4.096805557372078,3.5776000022888184,3.9781250047683714,0,11581649.6264934548100000,5622110.978856162,,,,,,,
2026-01-09,,,,,,,4.1399998664855960,4.2449998855590820,3.8800001144409180,3.9400000572204590,1803600,,,,,3.9400000572204590,,,,,,,,,,,,,,,,,,,,,,,,,,,,,,,,,,,,,,,,,,,,,,,,,,,,,,,,,,,,,,,,,,,,,,,,,,,,,,,,,,,,,,,,,,,,,,,,,,,,,,,,,,,,,,,,,,,,,,,,,,,,,,,,,,,,,,,,,,,,,1.638981470461369,1.2518449612428646,0.9895502330096029,1.19416188227458,,,,0.043944726209157986,,,,,,,,3.720967652733638,3.720967652733638,3.5091292488029064,3.5091292488029064,3.822055546313006,3.822055546313006,4.10420897880704,4.10420897880704,,,,,-0.04951501775456488,,0.03786589945072061,0.03786589945072061,-0.04416624544088316,-0.04416624544088316,57.49116741352605,57.49116741352605,,3.6359999656677244,3.6359999656677244,3.4109523864019486,3.4109523864019486,3.9595238140651157,3.9595238140651157,4.083353176949516,4.083353176949516,3.5603999996185305,3.9822250056266784,0,7106184.1032028198524000,5641238.3592174165,,,,,,,
2026-01-12,,,,,,,3.9400000572204590,3.9500000476837160,3.6740000247955322,3.8299999237060547,953700,,,,,3.8299999237060547,,,,,,,,,,,,,,,,,,,,,,,,,,,,,,,,,,,,,,,,,,,,,,,,,,,,,,,,,,,,,,,,,,,,,,,,,,,,,,,,,,,,,,,,,,,,,,,,,,,,,,,,,,,,,,,,,,,,,,,,,,,,,,,,,,,,,,,,,,,,,1.6838428160614887,1.2499659658971047,0.9822529253459128,1.1826902769359235,,,,0.057502711655996415,,,,,,,,3.757311743057777,3.757311743057777,3.5382993101577385,3.5382993101577385,3.822303808106539,3.822303808106539,4.102041318292407,4.102041318292407,,,,,-0.028315954560337253,,0.056738386346954606,0.056738386346954606,-0.02398531908331561,-0.02398531908331561,55.29542506980957,55.29542506980957,,3.725999927520752,3.725999927520752,3.4380952403658913,3.4380952403658913,3.926031748453776,3.926031748453776,4.073988097054618,4.073988097054618,3.5453999996185304,3.9872250056266783,0,3652670.9272384643673900,5161392.6862149015,,,,,,,
2026-01-13,,,,,,,3.9500000476837160,3.9900000095367430,3.6800000667572020,3.9100000858306885,1056900,,,,,3.9100000858306885,,,,,,,,,,,,,,,,,,,,,,,,,,,,,,,,,,,,,,,,,,,,,,,,,,,,,,,,,,,,,,,,,,,,,,,,,,,,,,,,,,,,,,,,,,,,,,,,,,,,,,,,,,,,,,,,,,,,,,,,,,,,,,,,,,,,,,,,,,,,,1.6673968739997906,1.2478061922739463,0.9541729880931799,1.1828356247410996,,,,0.05879893517135689,,,,,,,,3.808207857315414,3.808207857315414,3.57209028976437,3.57209028976437,3.8250443167854185,3.8250443167854185,4.100523205782829,4.100523205782829,,,,,0.020672612676392706,,0.07725971082150274,0.07725971082150274,-0.0037363131023519396,-0.0037363131023519396,56.59384131796002,56.59384131796002,,3.8339999675750733,3.8339999675750733,3.4714285759698775,3.4714285759698775,3.8826984186021107,3.8826984186021107,4.0652976215831815,4.0652976215831815,3.5366000032424925,3.992275005578995,0,4132479.0907144546756500,4904072.805258963,,,,,,,
2026-01-14,,,,,,,3.8800001144409180,3.9000000953674316,3.6199998855590820,3.7100000381469727,816300,,,,,3.7100000381469727,,,,,,,,,,,,,,,,,,,,,,,,,,,,,,,,,,,,,,,,,,,,,,,,,,,,,,,,,,,,,,,,,,,,,,,,,,,,,,,,,,,,,,,,,,,,,,,,,,,,,,,,,,,,,,,,,,,,,,,,,,,,,,,,,,,,,,,,,,,,,1.760315623694802,1.2541090627045206,0.957648036113006,1.174790321016653,,,,0.05847887674514365,,,,,,,,3.7754719175926006,3.7754719175926006,3.584627539617334,3.584627539617334,3.821449183077967,3.821449183077967,4.097436066117723,4.097436066117723,,,,,-0.05250550904731028,,0.07650279928894,0.07650279928894,0.012311509375906448,0.012311509375906448,52.489369804826694,52.489369804826694,,3.905999994277954,3.905999994277954,3.5014285814194452,3.5014285814194452,3.83539683099777,3.83539683099777,4.059146827175503,4.059146827175503,3.5182000017166137,3.996825006008148,0,3028473.0311393738150100,4735398.422947005,,,,,,,
2026-01-15,,,,,,,3.7799999713897705,4.3200001716613770,3.7200000286102295,4.1300001144409180,2307100,,,,,4.1300001144409180,,,,,,,,,,,,,,,,,,,,,,,,,,,,,,,,,,,,,,,,,,,,,,,,,,,,,,,,,,,,,,,,,,,,,,,,,,,,,,,,,,,,,,,,,,,,,,,,,,,,,,,,,,,,,,,,,,,,,,,,,,,,,,,,,,,,,,,,,,,,,1.0630633433896564,1.2663818281355272,0.974298227891976,1.1680610544479864,,,,0.10569229515541988,,,,,,,,3.893647983208706,3.893647983208706,3.634206864601296,3.634206864601296,3.8310913996830593,3.8310913996830593,4.097693489424626,4.097693489424626,,,,,0.10724554778105981,,0.10854223025082055,0.10854223025082055,0.03155765355088927,0.03155765355088927,59.18394538351931,59.18394538351931,,3.9040000438690186,3.9040000438690186,3.5609523909432546,3.5609523909432546,3.803015879222325,3.803015879222325,4.050932542672233,4.050932542672233,3.51260000705719,4.004575006961822,0,9528323.2640266419178000,4635405.122443986,,,,,,,
2026-01-16,,,,,,,4.1300001144409180,4.1500000953674320,3.9400000572204590,4.0599999427795410,999300,,,,,4.0599999427795410,,,,,,,,,,,,,,,,,,,,,,,,,,,,,,,,,,,,,,,,,,,,,,,,,,,,,,,,,,,,,,,,,,,,,,,,,,,,,,,,,,,,,,,,,,,,,,,,,,,,,,,,,,,,,,,,,,,,,,,,,,,,,,,,,,,,,,,,,,,,,0.9913557276999078,1.267709663873999,0.9680337703754882,1.168028886697968,,,,0.08325850871733652,,,,,,,,3.9490986363989844,3.9490986363989844,3.672915326253864,3.672915326253864,3.8382447916548244,3.8382447916548244,4.097395516723874,4.097395516723874,,,,,-0.017094475162674334,,0.1268233407550805,0.1268233407550805,0.050610790991727515,0.050610790991727515,57.72404430860099,57.72404430860099,,3.928000020980835,3.928000020980835,3.610952388672602,3.610952388672602,3.7753968276674787,3.7753968276674787,4.042043652799395,4.042043652799395,3.5100000047683717,4.011425006389618,0,4057157.9428195953213000,4442385.716245666,,,,,,,
2026-01-20,,,,,,,3.9200000762939453,4.4800000190734860,3.8499999046325684,4.0900001525878910,1540100,,,,,4.0900001525878910,,,,,,,,,,,,,,,,,,,,,,,,,,,,,,,,,,,,,,,,,,,,,,,,,,,,,,,,,,,,,,,,,,,,,,,,,,,,,,,,,,,,,,,,,,,,,,,,,,,,,,,,,,,,,,,,,,,,,,,,,,,,,,,,,,,,,,,,,,,,,0.9448144943346505,1.257681060414819,0.9543199139311229,1.1679328993856493,,,,0.1061743395908388,,,,,,,,3.996065808461953,3.996065808461953,3.7108321286478665,3.7108321286478665,3.8461121466839825,3.8461121466839825,4.097337055347305,4.097337055347305,,,,,0.007362047842330416,,0.14209404702369888,0.14209404702369888,0.06890744219812178,0.06890744219812178,58.19993406029789,58.19993406029789,,3.980000066757202,3.980000066757202,3.6666666780199324,3.6666666780199324,3.755873017840915,3.755873017840915,4.032876986359793,4.032876986359793,3.5060000085830687,4.018775007724762,0,6299009.2350006109291000,4380439.317925393,,,,,,,
2026-01-21,,,,,,,4.4299998283386230,4.6999998092651370,4.1999998092651370,4.6399998664855960,2538800,,,,,4.6399998664855960,,,,,,,,,,,,,,,,,,,,,,,,,,,,,,,,,,,,,,,,,,,,,,,,,,,,,,,,,,,,,,,,,,,,,,,,,,,,,,,,,,,,,,,,,,,,,,,,,,,,,,,,,,,,,,,,,,,,,,,,,,,,,,,,,,,,,,,,,,,,,1.246508965236421,1.2370346003995356,0.9888101510420676,1.1741096544637157,,,,0.12125209170548115,,,,,,,,4.210710494469835,4.210710494469835,3.795301922996751,3.795301922996751,3.870921137927783,3.870921137927783,4.101626879941284,4.101626879941284,,,,,0.12616933010124504,,0.196313591254214,0.196313591254214,0.09438867200934023,0.09438867200934023,65.8006374433937,65.8006374433937,,4.126000022888183,4.126000022888183,3.7271428675878617,3.7271428675878617,3.7439682559361533,3.7439682559361533,4.027003970411089,4.027003970411089,3.51760000705719,4.03072500705719,0,11780031.6610336311248000,4484991.171729754,,,,,,,
2026-01-22,,,,,,,4.8000001907348630,5.1700000762939450,4.7199997901916500,5.0300002098083500,2846400,,,,,5.0300002098083500,,,,,,,,,,,,,,,,,,,,,,,,,,,,,,,,,,,,,,,,,,,,,,,,,,,,,,,,,,,,,,,,,,,,,,,,,,,,,,,,,,,,,,,,,,,,,,,,,,,,,,,,,,,,,,,,,,,,,,,,,,,,,,,,,,,,,,,,,,,,,0.9961082454068428,1.2276569735641005,0.9992800449256619,1.176781419026919,,,,0.10859505327218036,,,,,,,,4.48380706624934,4.48380706624934,3.907547221797805,3.907547221797805,3.907142358924051,3.907142358924051,4.1089657995449755,4.1089657995449755,,,,,0.08070568835954119,,0.26766723772547385,0.26766723772547385,0.12904438515256694,0.12904438515256694,69.97041896040741,69.97041896040741,,4.390000057220459,4.390000057220459,3.7904762086414157,3.7904762086414157,3.7417460358332075,3.7417460358332075,4.022202384850336,4.022202384850336,3.5368000078201294,4.045425008535386,0,14317392.5971984874400000,4617796.290926328,,,,,,,
2026-01-23,,,,,,,4.9000000953674320,4.9340000152587890,4.4800000190734860,4.5500001907348630,1914100,,,,,4.5500001907348630,,,,,,,,,,,,,,,,,,,,,,,,,,,,,,,,,,,,,,,,,,,,,,,,,,,,,,,,,,,,,,,,,,,,,,,,,,,,,,,,,,,,,,,,,,,,,,,,,,,,,,,,,,,,,,,,,,,,,,,,,,,,,,,,,,,,,,,,,,,,,1.3966226202516454,1.2904959386088437,1.0077865112884494,1.1807142555001484,,,,0.09490419991945791,,,,,,,,4.505871441077847,4.505871441077847,3.9659520371557195,3.9659520371557195,3.927231666168139,3.927231666168139,4.112452237419995,4.112452237419995,,,,,-0.10029275094044014,,0.28223015309480903,0.28223015309480903,0.15968153874101537,0.15968153874101537,60.2359550789551,60.2359550789551,,4.474000072479248,4.474000072479248,3.8280952657972063,3.8280952657972063,3.737936515656729,3.737936515656729,4.016130957338545,4.016130957338545,3.549400010108948,4.057975009679795,0,8709155.3650856012683000,4629869.773916594,,,,,,,
2026-01-26,,,,,,,4.6799998283386230,4.7500000000000000,4.2600002288818360,4.2899999618530270,1156100,,,,,4.2899999618530270,,,,,,,,,,,,,,,,,,,,,,,,,,,,,,,,,,,,,,,,,,,,,,,,,,,,,,,,,,,,,,,,,,,,,,,,,,,,,,,,,,,,,,,,,,,,,,,,,,,,,,,,,,,,,,,,,,,,,,,,,,,,,,,,,,,,,,,,,,,,,1.4933826542779551,1.3034291805798848,1.014242761254166,1.1818501152833507,,,,0.055459849555064666,,,,,,,,4.43391428133624,4.43391428133624,3.9954109394009296,3.9954109394009296,3.9385681754082915,3.9385681754082915,4.113855776743576,4.113855776743576,,,,,-0.05884055083475101,,0.2696827875834038,0.2696827875834038,0.18168178850949304,0.18168178850949304,55.71445435879894,55.71445435879894,,4.520000076293945,4.520000076293945,3.844761927922567,3.844761927922567,3.7293650876908075,3.7293650876908075,4.0096627029161604,4.0096627029161604,3.5580000114440917,4.069425009489059,0,4959668.9558982845147000,4641534.345704413,,,,,,,
2026-01-27,,,,,,,4.3299999237060550,4.4499998092651370,4.1100001335144040,4.4099998474121090,1109400,,,,,4.4099998474121090,,,,,,,,,,,,,,,,,,,,,,,,,,,,,,,,,,,,,,,,,,,,,,,,,,,,,,,,,,,,,,,,,,,,,,,,,,,,,,,,,,,,,,,,,,,,,,,,,,,,,,,,,,,,,,,,,,,,,,,,,,,,,,,,,,,,,,,,,,,,,1.4971591884744864,1.2923063052830246,1.0141244016529576,1.1820103990392914,,,,0.08545214172296514,,,,,,,,4.42594280336153,4.42594280336153,4.033100840129219,4.033100840129219,3.953300415158411,3.953300415158411,4.116196836590758,4.116196836590758,,,,,0.027587930810468075,,0.2663515628816491,0.2663515628816491,0.19861574338392426,0.19861574338392426,57.30729476270309,57.30729476270309,,4.584000015258789,4.584000015258789,3.8757143020629883,3.8757143020629883,3.72047619971018,3.72047619971018,4.003194448493776,4.003194448493776,3.564600009918213,4.080375008583069,0,4892453.8307189937246000,4633045.679987424,,,,,,,
2026-01-28,,,,,,,4.3600001335144040,4.3600001335144040,3.9600000381469727,4.0500001907348630,1503300,,,,,4.0500001907348630,,,,,,,,,,,,,,,,,,,,,,,,,,,,,,,,,,,,,,,,,,,,,,,,,,,,,,,,,,,,,,,,,,,,,,,,,,,,,,,,,,,,,,,,,,,,,,,,,,,,,,,,,,,,,,,,,,,,,,,,,,,,,,,,,,,,,,,,,,,,,1.2385201032440682,1.2831006470223312,1.0276122868550313,1.1738092863805205,,,,0.07274456503959595,,,,,,,,4.300628599152641,4.300628599152641,4.034637144729731,4.034637144729731,3.956322283145175,3.956322283145175,4.115673542947628,4.115673542947628,,,,,-0.08515772664485068,,0.231988362222185,0.231988362222185,0.20529026715157642,0.20529026715157642,51.34129760111412,51.34129760111412,,4.466000080108643,4.466000080108643,3.905714307512556,3.905714307512556,3.7066666777171786,3.7066666777171786,3.9989087345108154,3.9989087345108154,3.5696000146865843,4.089675009250641,0,6088365.2867317195479000,4668217.6359664835,,,,,,,
2026-01-29,,,,,,,4.0500001907348630,4.0650000572204590,3.7699999809265137,3.8499999046325684,955800,,,,,3.8499999046325684,,,,,,,,,,,,,,,,,,,,,,,,,,,,,,,,,,,,,,,,,,,,,,,,,,,,,,,,,,,,,,,,,,,,,,,,,,,,,,,,,,,,,,,,,,,,,,,,,,,,,,,,,,,,,,,,,,,,,,,,,,,,,,,,,,,,,,,,,,,,,0.7858963819292238,1.2862632268299083,1.0311345120034423,1.1676010059876396,,,,0.06681796623593657,,,,,,,,4.150419034312617,4.150419034312617,4.017851941084535,4.017851941084535,3.9529997088166557,3.9529997088166557,4.113573356083478,4.113573356083478,,,,,-0.050643804684543596,,0.18646744586575803,0.18646744586575803,0.20152570289441274,0.20152570289441274,48.330982402236984,48.330982402236984,,4.230000019073486,4.230000019073486,3.9333333514985585,3.9333333514985585,3.691587308096507,3.691587308096507,3.996329369053008,3.996329369053008,3.57560001373291,4.097125009298325,0,3679829.9088478088767200,4667861.9178987695,,,,,,,
2026-01-30,,,,,,,3.8150000572204590,3.8150000572204590,3.3800001144409180,3.3800001144409180,1217500,,,,,3.3800001144409180,,,,,,,,,,,,,,,,,,,,,,,,,,,,,,,,,,,,,,,,,,,,,,,,,,,,,,,,,,,,,,,,,,,,,,,,,,,,,,,,,,,,,,,,,,,,,,,,,,,,,,,,,,,,,,,,,,,,,,,,,,,,,,,,,,,,,,,,,,,,,0.9160430435373553,1.3429315438043115,1.0584768507301108,1.174764484703231,,,,0.008375231370409401,,,,,,,,3.8936127276887174,3.8936127276887174,3.9598654113896607,3.9598654113896607,3.935093471492414,3.935093471492414,4.1077743581258295,4.1077743581258295,,,,,-0.1301973801757445,,0.11118506436477116,0.11118506436477116,0.1834575751884844,0.1834575751884844,42.08595876713739,42.08595876713739,,3.9960000038146974,3.9960000038146974,3.925714311145601,3.925714311145601,3.6725396920764255,3.6725396920764255,3.9918452416147505,3.9918452416147505,3.577200016975403,4.10277500987053,0,4115150.1393318176650000,4653446.143660849,,,,,,,
2026-02-02,,,,,,,3.4400000572204590,3.4800000190734863,3.2500000000000000,3.2500000000000000,741300,,,,,3.2500000000000000,,,,,,,,,,,,,,,,,,,,,,,,,,,,,,,,,,,,,,,,,,,,,,,,,,,,,,,,,,,,,,,,,,,,,,,,,,,,,,,,,,,,,,,,,,,,,,,,,,,,,,,,,,,,,,,,,,,,,,,,,,,,,,,,,,,,,,,,,,,,,0.9273850554221064,1.3021195462063346,1.0565549069010334,1.1753771382559253,,,,0.0020418154719549124,,,,,,,,3.6790751517924782,3.6790751517924782,3.8953321921724187,3.8953321921724187,3.913684300508276,3.913684300508276,4.100993533160407,4.100993533160407,,,,,-0.03922074701154044,,0.04056569577623481,0.04056569577623481,0.1548791993060345,0.1548791993060345,40.526138905595516,40.526138905595516,,3.7880000114440917,3.7880000114440917,3.9280952612559,3.9280952612559,3.655079376129877,3.655079376129877,3.986924607602377,3.986924607602377,3.5734000158309938,4.108025009632111,0,2409225.0000000000000000,4614181.859645769,,,,,,,
2026-02-03,,,,,,,3.2899999618530273,3.3900001049041750,3.1099998950958250,3.2500000000000000,1041200,,,,,3.2500000000000000,,,,,,,,,,,,,,,,,,,,,,,,,,,,,,,,,,,,,,,,,,,,,,,,,,,,,,,,,,,,,,,,,,,,,,,,,,,,,,,,,,,,,,,,,,,,,,,,,,,,,,,,,,,,,,,,,,,,,,,,,,,,,,,,,,,,,,,,,,,,,0.7806986363741719,1.2994792877469765,1.0478044012477048,1.1725984542687136,,,,0.004778779004684238,,,,,,,,3.5360501011949856,3.5360501011949856,3.8366656292476535,3.8366656292476535,3.8929441661173927,3.8929441661173927,4.094266311554397,4.094266311554397,,,,,0,,-0.015225156488587022,-0.015225156488587022,0.1208583281471102,0.1208583281471102,40.526138905595516,40.526138905595516,,3.5560000419616697,3.5560000419616697,3.9338095415206182,3.9338095415206182,3.6331746124085926,3.6331746124085926,3.9805357181836687,3.9805357181836687,3.5732000160217283,4.113425009250641,0,3383900.0000000000000000,4606043.635894761,,,,,,,
2026-02-04,,,,,,,3.2699999809265137,3.2799999713897705,2.9200000762939453,2.9900000095367430,1198100,,,,,2.9900000095367430,,,,,,,,,,,,,,,,,,,,,,,,,,,,,,,,,,,,,,,,,,,,,,,,,,,,,,,,,,,,,,,,,,,,,,,,,,,,,,,,,,,,,,,,,,,,,,,,,,,,,,,,,,,,,,,,,,,,,,,,,,,,,,,,,,,,,,,,,,,,,0.7773370549849239,1.3014137598417757,1.0558681827317804,1.1701291178614786,,,,-0.020771263398423556,,,,,,,,3.3540334039755715,3.3540334039755715,3.7596960274557527,3.7596960274557527,3.864727161224247,3.864727161224247,4.085536933672834,4.085536933672834,,,,,-0.0833816057495048,,-0.07950317210067492,-0.07950317210067492,0.08078602809755317,0.08078602809755317,37.317990605212174,37.317990605212174,,3.344000005722046,3.344000005722046,3.9152381079537526,3.9152381079537526,3.610634932442317,3.610634932442317,3.975178574758863,3.975178574758863,3.570800018310547,4.117375009059906,0,3582319.0114259717883000,4621430.843860385,,,,,,,
2026-02-05,,,,,,,2.9100000858306885,2.9649999141693115,2.6649999618530273,2.6649999618530273,1094500,,,,,2.6649999618530273,,,,,,,,,,,,,,,,,,,,,,,,,,,,,,,,,,,,,,,,,,,,,,,,,,,,,,,,,,,,,,,,,,,,,,,,,,,,,,,,,,,,,,,,,,,,,,,,,,,,,,,,,,,,,,,,,,,,,,,,,,,,,,,,,,,,,,,,,,,,,0.8555144630345051,1.3551269637659895,1.0745065930283437,1.1721451675211452,,,,-0.057246041464329996,,,,,,,,3.1243555899347233,3.1243555899347233,3.6601782033100503,3.6601782033100503,3.8272356862438968,3.8272356862438968,4.074307392393626,4.074307392393626,,,,,-0.1150693472883945,,-0.15488335141710108,-0.15488335141710108,0.03365215219462232,0.03365215219462232,33.72417853492819,33.72417853492819,,3.1070000171661376,3.1070000171661376,3.881666683015369,3.881666683015369,3.586428581722199,3.586428581722199,3.96694444853162,3.96694444853162,3.561500015258789,4.120450009107589,0,2916842.4582481383798500,4618660.374273574,,,,,,,
2026-02-06,,,,,,,2.7999999523162840,3.0090000629425050,2.7200000286102295,2.9300000667572020,934200,,,,,2.9300000667572020,,,,,,,,,,,,,,,,,,,,,,,,,,,,,,,,,,,,,,,,,,,,,,,,,,,,,,,,,,,,,,,,,,,,,,,,,,,,,,,,,,,,,,,,,,,,,,,,,,,,,,,,,,,,,,,,,,,,,,,,,,,,,,,,,,,,,,,,,,,,,1.2954000904249947,1.4040803443780476,1.0920900854718838,1.176060879623578,,,,-0.028131537654110066,,,,,,,,3.059570415542216,3.059570415542216,3.5937983727143368,3.5937983727143368,3.7991970731349376,3.7991970731349376,4.065261484681085,4.065261484681085,,,,,0.09479840250925704,,-0.19103723451975574,-0.19103723451975574,-0.011285725148253292,-0.011285725148253292,38.891725554010094,38.891725554010094,,3.0170000076293944,3.0170000076293944,3.86166669073559,3.86166669073559,3.5648412818000432,3.5648412818000432,3.960079370036958,3.960079370036958,3.5607000160217286,4.124100009202957,0,2737206.0623645781084000,4638513.08975901,,,,,,,
2026-02-09,,,,,,,2.9800000190734863,3.1300001144409180,2.9000000953674316,3.1099998950958250,1062100,,,,,3.1099998950958250,,,,,,,,,,,,,,,,,,,,,,,,,,,,,,,,,,,,,,,,,,,,,,,,,,,,,,,,,,,,,,,,,,,,,,,,,,,,,,,,,,,,,,,,,,,,,,,,,,,,,,,,,,,,,,,,,,,,,,,,,,,,,,,,,,,,,,,,,,,,,1.4275364475761445,1.1887016045973138,1.095245101676752,1.176021186706794,,,,-0.08608720529255351,,,,,,,,3.0763802420600856,3.0763802420600856,3.5498166929308357,3.5498166929308357,3.777659661321215,3.777659661321215,4.057710009664601,4.057710009664601,,,,,0.059620246646892514,,-0.20282690324246122,-0.20282690324246122,-0.04959396076709488,-0.04959396076709488,42.18896718259923,42.18896718259923,,2.9889999866485595,2.9889999866485595,3.812619073050363,3.812619073050363,3.5497619159637934,3.5497619159637934,3.9527777830759683,3.9527777830759683,3.5599000120162962,4.128700008392334,0,3303130.8885812757325000,4646025.96163939,,,,,,,
2026-02-10,,,,,,,3.2000000476837160,3.3399999141693115,2.9100000858306885,2.9400000572204590,1353700,,,,,2.9400000572204590,,,,,,,,,,,,,,,,,,,,,,,,,,,,,,,,,,,,,,,,,,,,,,,,,,,,,,,,,,,,,,,,,,,,,,,,,,,,,,,,,,,,,,,,,,,,,,,,,,,,,,,,,,,,,,,,,,,,,,,,,,,,,,,,,,,,,,,,,,,,,1.4610766649036602,1.1914731306755542,1.1000639028839823,1.1771905579834225,,,,-0.08583690646293207,,,,,,,,3.030920180446877,3.030920180446877,3.4943788169571652,3.4943788169571652,3.7514827986930666,3.7514827986930666,4.048874357866623,4.048874357866623,,,,,-0.056213091646565023,,-0.22331364610936832,-0.22331364610936832,-0.08433789783554957,-0.08433789783554957,39.994102219926646,39.994102219926646,,2.9269999980926515,2.9269999980926515,3.765000025431315,3.765000025431315,3.5318254062107632,3.5318254062107632,3.945119053598434,3.945119053598434,3.548300013542175,4.130400009155274,0,3979878.0774593353483000,4646023.18242656,,,,,,,
2026-02-11,,,,,,,2.9600000381469727,2.9700000286102295,2.6779999732971190,2.7699999809265137,1181900,,,,,2.7699999809265137,,,,,,,,,,,,,,,,,,,,,,,,,,,,,,,,,,,,,,,,,,,,,,,,,,,,,,,,,,,,,,,,,,,,,,,,,,,,,,,,,,,,,,,,,,,,,,,,,,,,,,,,,,,,,,,,,,,,,,,,,,,,,,,,,,,,,,,,,,,,,1.4047292344862279,1.2011006574063452,1.1035731885688984,1.1785328014460312,,,,-0.10480729851931037,,,,,,,,2.9439467806067556,2.9439467806067556,3.428526195499833,3.428526195499833,3.720811460637862,3.720811460637862,4.0387646789975316,4.0387646789975316,,,,,-0.05956228749981918,,-0.25038088781931833,-0.25038088781931833,-0.11754649583230332,-0.11754649583230332,37.87224917381075,37.87224917381075,,2.8829999923706056,2.8829999923706056,3.7145238376799083,3.7145238376799083,3.513571436443026,3.513571436443026,3.937063497210306,3.937063497210306,3.5353000116348268,4.132400009632111,0,3273862.9774570465420300,4657053.260637088,,,,,,,
2026-02-12,,,,,,,2.8099999427795410,2.8699998855590820,2.6500000953674316,2.7799999713897705,866600,,,,,2.7799999713897705,,,,,,,,,,,,,,,,,,,,,,,,,,,,,,,,,,,,,,,,,,,,,,,,,,,,,,,,,,,,,,,,,,,,,,,,,,,,,,,,,,,,,,,,,,,,,,,,,,,,,,,,,,,,,,,,,,,,,,,,,,,,,,,,,,,,,,,,,,,,,1.0913338828354056,1.1960811495130266,1.1035346670171138,1.1675656437761053,,,,-0.11797903268786562,,,,,,,,2.889297844201094,2.889297844201094,3.369569266035282,3.369569266035282,3.691411101598859,3.691411101598859,4.028813969846482,4.028813969846482,,,,,0.003603604097584179,,-0.2679363527366623,-0.2679363527366623,-0.14762446721317513,-0.14762446721317513,38.08035438962195,38.08035438962195,,2.905999994277954,2.905999994277954,3.660714308420817,3.660714308420817,3.496428580511184,3.496428580511184,3.9257936562810625,3.9257936562810625,3.5249000120162965,4.135300009250641,0,2409147.9752063751153000,4049871.0873081572,,,,,,,
2026-02-13,,,,,,,2.7999999523162840,2.9100000858306885,2.7300000190734863,2.7699999809265137,1152400,,,,,2.7699999809265137,,,,,,,,,,,,,,,,,,,,,,,,,,,,,,,,,,,,,,,,,,,,,,,,,,,,,,,,,,,,,,,,,,,,,,,,,,,,,,,,,,,,,,,,,,,,,,,,,,,,,,,,,,,,,,,,,,,,,,,,,,,,,,,,,,,,,,,,,,,,,0.7800121500832043,1.1893773988835035,1.0966442147614759,1.1648872686429197,,,,-0.12874158775477515,,,,,,,,2.849531889776234,2.849531889776234,3.3150629673890304,3.3150629673890304,3.6626170040778483,3.6626170040778483,4.018862871119842,4.018862871119842,,,,,-0.003603604097584269,,-0.2794349486748229,-0.2794349486748229,-0.17398656350550468,-0.17398656350550468,37.9434809478855,37.9434809478855,,2.8739999771118163,2.8739999771118163,3.6159524009341286,3.6159524009341286,3.4756349306257945,3.4756349306257945,3.916230164823078,3.916230164823078,3.5167000102996826,4.13865000963211,0,3192147.9780197143878800,3979985.819372298,,,,,,,
2026-02-17,,,,,,,2.7200000286102295,2.7650001049041750,2.5799999237060547,2.7200000286102295,729500,,,,,2.7200000286102295,,,,,,,,,,,,,,,,,,,,,,,,,,,,,,,,,,,,,,,,,,,,,,,,,,,,,,,,,,,,,,,,,,,,,,,,,,,,,,,,,,,,,,,,,,,,,,,,,,,,,,,,,,,,,,,,,,,,,,,,,,,,,,,,,,,,,,,,,,,,,0.46787027289481536,1.1047377324268506,1.0889878015343035,1.1633029767086454,,,,-0.1535950662988988,,,,,,,,2.806354602720899,2.806354602720899,3.2609663365909576,3.2609663365909576,3.633160223594485,3.633160223594485,4.00859518066522,4.00859518066522,,,,,-0.018215422487139386,,-0.2892479764615765,-0.2892479764615765,-0.19703884609671904,-0.19703884609671904,37.22306222278799,37.22306222278799,,2.7960000038146973,2.7960000038146973,3.548809539704096,3.548809539704096,3.4584920746939525,3.4584920746939525,3.9051984189048645,3.9051984189048645,3.5051000118255615,4.141700010299683,0,1984240.0208711624202500,3947400.4236823036,,,,,,,
2026-02-18,,,,,,,2.7300000190734863,2.7400000095367430,2.6250000000000000,2.6700000762939453,642200,,,,,2.6700000762939453,,,,,,,,,,,,,,,,,,,,,,,,,,,,,,,,,,,,,,,,,,,,,,,,,,,,,,,,,,,,,,,,,,,,,,,,,,,,,,,,,,,,,,,,,,,,,,,,,,,,,,,,,,,,,,,,,,,,,,,,,,,,,,,,,,,,,,,,,,,,,0.38833632357757475,1.1047028107004528,1.081872097692377,1.1627211995307998,,,,-0.1661873965272953,,,,,,,,2.7609030939119146,2.7609030939119146,3.207242131109411,3.207242131109411,3.603061468991343,3.603061468991343,3.998013401184025,3.998013401184025,,,,,-0.018553389839703473,,-0.29762857304381907,-0.29762857304381907,-0.21715679148613903,-0.21715679148613903,36.4772077612892,36.4772077612892,,2.7420000076293944,2.7420000076293944,3.4826190698714483,3.4826190698714483,3.444523822693598,3.444523822693598,3.8948809589658464,3.8948809589658464,3.4885000133514406,4.144050010442734,0,1714674.0489959716716600,3913906.8379738973,,,,,,,
2026-02-19,,,,,,,2.6649999618530273,2.7300000190734863,2.5999999046325684,2.7200000286102295,628800,,,,,2.7200000286102295,,,,,,,,,,,,,,,,,,,,,,,,,,,,,,,,,,,,,,,,,,,,,,,,,,,,,,,,,,,,,,,,,,,,,,,,,,,,,,,,,,,,,,,,,,,,,,,,,,,,,,,,,,,,,,,,,,,,,,,,,,,,,,,,,,,,,,,,,,,,,0.2484588403183305,1.1088624447201485,1.0737768570590855,1.1617438391526493,,,,-0.1372981315130599,,,,,,,,2.747268738811353,2.747268738811353,3.1629473945185764,3.1629473945185764,3.575465798979433,3.575465798979433,3.98791052867356,3.98791052867356,,,,,0.018553389839703432,,-0.2968141887221245,-0.2968141887221245,-0.23308827093333614,-0.23308827093333614,37.8189972891139,37.8189972891139,,2.7320000171661376,2.7320000171661376,3.417380968729655,3.417380968729655,3.4353174746982633,3.4353174746982633,3.885873023479704,3.885873023479704,3.4751000118255617,4.146700010299683,0,1710336.0179901123096000,3905085.0292553976,,,,,,,
2026-02-20,,,,,,,2.6900000572204590,2.7300000190734863,2.5799999237060547,2.5899999141693115,797200,,,,,2.5899999141693115,,,,,,,,,,,,,,,,,,,,,,,,,,,,,,,,,,,,,,,,,,,,,,,,,,,,,,,,,,,,,,,,,,,,,,,,,,,,,,,,,,,,,,,,,,,,,,,,,,,,,,,,,,,,,,,,,,,,,,,,,,,,,,,,,,,,,,,,,,,,,0.39121642016196134,0.9772838927415045,1.0737514887384225,1.1625969088898045,,,,-0.2558208159919735,,,,,,,,2.694845797264006,2.694845797264006,3.1108612599413705,3.1108612599413705,3.544669990079117,3.544669990079117,3.97685985187906,3.97685985187906,,,,,-0.0489740482541887,,-0.30316401995002007,-0.30316401995002007,-0.24710342073667294,-0.24710342073667294,35.70712096788408,35.70712096788408,,2.694000005722046,2.694000005722046,3.3197619233812605,3.3197619233812605,3.421825408935547,3.421825408935547,3.876666674538264,3.876666674538264,3.4617000102996824,4.149450010061264,0,2064747.9315757751278000,3899369.0275290655,,,,,,,
2026-02-23,,,,,,,2.5599999427795410,2.5799999237060547,2.4300000667572020,2.5000000000000000,946800,,,,,2.5000000000000000,,,,,,,,,,,,,,,,,,,,,,,,,,,,,,,,,,,,,,,,,,,,,,,,,,,,,,,,,,,,,,,,,,,,,,,,,,,,,,,,,,,,,,,,,,,,,,,,,,,,,,,,,,,,,,,,,,,,,,,,,,,,,,,,,,,,,,,,,,,,,0.402065404237831,0.8941360177379443,1.0709516068846168,1.1627614818085423,,,,-0.3289034915038704,,,,,,,,2.6298971981760038,2.6298971981760038,3.0553284181285187,3.0553284181285187,3.5120240528891444,3.5120240528891444,3.9651850704412808,3.9651850704412808,,,,,-0.035367110698028795,,-0.31186357865261805,-0.31186357865261805,-0.26005545231986193,-0.26005545231986193,34.27993204229243,34.27993204229243,,2.640000009536743,2.640000009536743,3.199285722914196,3.199285722914196,3.409761917023432,3.409761917023432,3.8676587381060163,3.8676587381060163,3.444300012588501,4.151700010299683,0,2367000.0000000000000000,3909390.8688795,,,,,,,
2026-02-24,,,,,,,2.4900000095367430,2.5499999523162840,2.4200000762939453,2.5399999618530273,562100,,,,,2.5399999618530273,,,,,,,,,,,,,,,,,,,,,,,,,,,,,,,,,,,,,,,,,,,,,,,,,,,,,,,,,,,,,,,,,,,,,,,,,,,,,,,,,,,,,,,,,,,,,,,,,,,,,,,,,,,,,,,,,,,,,,,,,,,,,,,,,,,,,,,,,,,,,0.47967161456476914,0.8748008553524339,1.0681030206181128,1.1625314361880161,,,,-0.264002295191935,,,,,,,,2.5999314527350115,2.5999314527350115,3.0084803766489285,3.0084803766489285,3.481648300044266,3.481648300044266,3.9539187849978954,3.9539187849978954,,,,,0.015873334137796822,,-0.31193459117888356,-0.31193459117888356,-0.2704312800916663,-0.2704312800916663,35.51359622448185,35.51359622448185,,2.6039999961853026,2.6039999961853026,3.1035714263007756,3.1035714263007756,3.400714299035451,3.400714299035451,3.8594047701548018,3.8594047701548018,3.4299000120162964,4.153950010538101,0,1427733.9785575866453300,3885388.5050338414,,,,,,,
2026-02-25,,,,,,,2.5499999523162840,2.6800000667572020,2.4800000190734863,2.6199998855590820,688600,,,,,2.6199998855590820,,,,,,,,,,,,,,,,,,,,,,,,,,,,,,,,,,,,,,,,,,,,,,,,,,,,,,,,,,,,,,,,,,,,,,,,,,,,,,,,,,,,,,,,,,,,,,,,,,,,,,,,,,,,,,,,,,,,,,,,,,,,,,,,,,,,,,,,,,,,,0.568810441783744,0.8898207627524881,1.070135136868086,1.1603110234608622,,,,-0.20683836744137496,,,,,,,,2.606620930343035,2.606620930343035,2.9731639683680333,2.9731639683680333,3.454721787091604,3.454721787091604,3.9433739715635965,3.9433739715635965,,,,,0.031010208081312964,,-0.30205365732201184,-0.30205365732201184,-0.2767557555377354,-0.2767557555377354,38.01952393526964,38.01952393526964,,2.59399995803833,2.59399995803833,3.024047613143921,3.024047613143921,3.3926190573071677,3.3926190573071677,3.852896832284473,3.852896832284473,3.4181000089645384,4.1563500094413754,0,1804131.9211959838652000,3882591.375649543,,,,,,,
2026-02-26,,,,,,,2.6800000667572020,2.8499999046325684,2.5899999141693115,2.8099999427795410,1101700,,,,,2.8099999427795410,,,,,,,,,,,,,,,,,,,,,,,,,,,,,,,,,,,,,,,,,,,,,,,,,,,,,,,,,,,,,,,,,,,,,,,,,,,,,,,,,,,,,,,,,,,,,,,,,,,,,,,,,,,,,,,,,,,,,,,,,,,,,,,,,,,,,,,,,,,,,0.7757575832172208,0.9316502156977665,1.0750645061216377,1.159831291621357,,,,-0.21111502450891154,,,,,,,,2.674413934488537,2.674413934488537,2.9583308751327158,2.9583308751327158,3.434574229456852,3.434574229456852,3.934414493075185,3.934414493075185,,,,,0.07001018888923663,,-0.2757132782846883,-0.2757132782846883,-0.276547260087126,-0.276547260087126,43.622925634760456,43.622925634760456,,2.6119999408721926,2.6119999408721926,2.947857141494751,2.947857141494751,3.390079373405093,3.390079373405093,3.848452387348054,3.848452387348054,3.4127000093460085,4.160000009536743,0,3095776.9369602203197000,3882895.4059245093,,,,,,,
2026-02-27,,,,,,,2.7200000286102295,2.7520000934600830,2.5799999237060547,2.6400001049041750,636800,,,,,2.6400001049041750,,,,,,,,,,,,,,,,,,,,,,,,,,,,,,,,,,,,,,,,,,,,,,,,,,,,,,,,,,,,,,,,,,,,,,,,,,,,,,,,,,,,,,,,,,,,,,,,,,,,,,,,,,,,,,,,,,,,,,,,,,,,,,,,,,,,,,,,,,,,,0.8395190597001676,0.9152395534101695,1.0750375587876042,1.1600749197419442,,,,-0.18800731864597622,,,,,,,,2.6629426579604165,2.6629426579604165,2.9293917142028483,2.9293917142028483,3.409743788064581,3.409743788064581,3.924181968267509,3.924181968267509,,,,,-0.06240550608784771,,-0.26549543814824217,-0.26549543814824217,-0.2743368956993492,-0.2743368956993492,40.1273641775537,40.1273641775537,,2.621999979019165,2.621999979019165,2.8807142802647183,2.8807142802647183,3.381984135461232,3.381984135461232,3.8442063558669317,3.8442063558669317,3.4079000091552736,4.16255000948906,0,1681152.0668029786400000,3868455.3581207516,,,,,,,
2026-03-02,,,,,,,2.6300001144409180,2.9300000667572020,2.5999999046325684,2.8599998950958250,1359600,,,,,2.8599998950958250,,,,,,,,,,,,,,,,,,,,,,,,,,,,,,,,,,,,,,,,,,,,,,,,,,,,,,,,,,,,,,,,,,,,,,,,,,,,,,,,,,,,,,,,,,,,,,,,,,,,,,,,,,,,,,,,,,,,,,,,,,,,,,,,,,,,,,,,,,,,,0.8978778695149741,0.9710491493438402,1.063412320894439,1.1628850681435632,,,,-0.12299604037617815,,,,,,,,2.7286284036722193,2.7286284036722193,2.923083367011301,2.923083367011301,3.392564291409307,3.392564291409307,3.915769461760223,3.915769461760223,,,,,0.0800426312573253,,-0.236914577990174,-0.236914577990174,-0.26685243215751414,-0.26685243215751414,46.14201845656778,46.14201845656778,,2.6939999580383303,2.6939999580383303,2.83357142266773,2.83357142266773,3.3715079436226496,3.3715079436226496,3.840992069433606,3.840992069433606,3.404900007247925,4.165600008964539,0,3888455.8573722836700000,3856681.514985221,,,,,,,
2026-03-03,,,,,,,2.9100000858306885,2.9100000858306885,2.6400001049041750,2.6700000762939453,1392100,,,,,2.6700000762939453,,,,,,,,,,,,,,,,,,,,,,,,,,,,,,,,,,,,,,,,,,,,,,,,,,,,,,,,,,,,,,,,,,,,,,,,,,,,,,,,,,,,,,,,,,,,,,,,,,,,,,,,,,,,,,,,,,,,,,,,,,,,,,,,,,,,,,,,,,,,,1.1334346210448474,0.8991923794077055,1.0702824839584044,1.162410611216754,,,,-0.115227789979168,,,,,,,,2.7090856278794613,2.7090856278794613,2.900075795127905,2.900075795127905,3.369984159686952,3.369984159686952,3.905921482428474,3.905921482428474,,,,,-0.06874308716531,,-0.22697896565690723,-0.22697896565690723,-0.2588777388573928,-0.2588777388573928,42.19923875910299,42.19923875910299,,2.719999980926514,2.719999980926514,2.799761897041684,2.799761897041684,3.3596031817178877,3.3596031817178877,3.838095243961092,3.838095243961092,3.3999000072479246,4.167900009155273,0,3716907.1062088012521300,3886984.6112690275,,,,,,,
2026-03-04,,,,,,,2.7000000476837160,2.7200000286102295,2.5199999809265137,2.6500000953674316,978200,,,,,2.6500000953674316,,,,,,,,,,,,,,,,,,,,,,,,,,,,,,,,,,,,,,,,,,,,,,,,,,,,,,,,,,,,,,,,,,,,,,,,,,,,,,,,,,,,,,,,,,,,,,,,,,,,,,,,,,,,,,,,,,,,,,,,,,,,,,,,,,,,,,,,,,,,,1.121343702073969,0.8934452122283425,1.0683624897649917,1.139356684271611,,,,-0.0630338337410764,,,,,,,,2.6893904503754515,2.6893904503754515,2.8773416406042256,2.8773416406042256,3.3474846576769672,3.3474846576769672,3.895993250119691,3.895993250119691,,,,,-0.0075188250008288715,,-0.2182034391944181,-0.2182034391944181,-0.25074287892479785,-0.25074287892479785,41.7943972201617,41.7943972201617,,2.7260000228881838,2.7260000228881838,2.7711904730115617,2.7711904730115617,3.3492857236710805,3.3492857236710805,3.8378968314519004,3.8378968314519004,3.385500011444092,4.170200009346008,0,2592230.0932884215911200,3905460.6448234073,,,,,,,
2026-03-05,,,,,,,2.7200000286102295,2.7500000000000000,2.5299999713897705,2.5799999237060547,1390600,,,,,2.5799999237060547,,,,,,,,,,,,,,,,,,,,,,,,,,,,,,,,,,,,,,,,,,,,,,,,,,,,,,,,,,,,,,,,,,,,,,,,,,,,,,,,,,,,,,,,,,,,,,,,,,,,,,,,,,,,,,,,,,,,,,,,,,,,,,,,,,,,,,,,,,,,,0.9505371008805089,0.8945880090224612,1.0672480599161125,1.1385306814861653,,,,-0.09861680935720497,,,,,,,,2.6529269414856524,2.6529269414856524,2.8503105754316644,2.8503105754316644,3.323500759740376,3.323500759740376,3.8855901408199784,3.8855901408199784,,,,,-0.026770306623611247,,-0.21442543712192919,-0.21442543712192919,-0.2434793905642241,-0.2434793905642241,40.335832572735825,40.335832572735825,,2.6800000190734865,2.6800000190734865,2.739285707473755,2.739285707473755,3.339761911876618,3.339761911876618,3.8368650854579984,3.8368650854579984,3.3631000089645386,4.170650008916855,0,3587747.8939056396658200,3933511.404437489,,,,,,,
2026-03-06,,,,,,,2.5399999618530273,2.5499999523162840,2.3299999237060547,2.3299999237060547,1430800,,,,,2.3299999237060547,,,,,,,,,,,,,,,,,,,,,,,,,,,,,,,,,,,,,,,,,,,,,,,,,,,,,,,,,,,,,,,,,,,,,,,,,,,,,,,,,,,,,,,,,,,,,,,,,,,,,,,,,,,,,,,,,,,,,,,,,,,,,,,,,,,,,,,,,,,,,1.099044495206769,0.9155499279748465,1.0819743797437906,1.141518126257927,,,,-0.13089900834377433,,,,,,,,2.5452846022257867,2.5452846022257867,2.8030096070929726,2.8030096070929726,3.2924538586143037,3.2924538586143037,3.873292984953465,3.873292984953465,,,,,-0.1019211345288029,,-0.22896488920619618,-0.22896488920619618,-0.24057649029261852,-0.24057649029261852,35.56246323807936,35.56246323807936,,2.6179999828338625,2.6179999828338625,2.707857131958008,2.707857131958008,3.324365086025662,3.324365086025662,3.8341666724946766,3.8341666724946766,3.3345000076293947,4.17045000910759,0,3333763.8908386230647600,3963862.577634009,,,,,,,
2026-03-09,,,,,,,2.2699999809265137,2.3900001049041750,2.2000000476837160,2.3599998950958250,1164000,,,,,2.3599998950958250,,,,,,,,,,,,,,,,,,,,,,,,,,,,,,,,,,,,,,,,,,,,,,,,,,,,,,,,,,,,,,,,,,,,,,,,,,,,,,,,,,,,,,,,,,,,,,,,,,,,,,,,,,,,,,,,,,,,,,,,,,,,,,,,,,,,,,,,,,,,,0.7388593159009512,0.837804329076307,1.0747356968551973,1.141576261479984,,,,-0.040421621608219035,,,,,,,,2.483523033182466,2.483523033182466,2.762735996911414,2.762735996911414,3.263314672254351,3.263314672254351,3.861330193729294,3.861330193729294,,,,,0.012793339753170128,,-0.23535375122168123,-0.23535375122168123,-0.23953194247843107,-0.23953194247843107,36.53307816014727,36.53307816014727,,2.5179999828338624,2.5179999828338624,2.693333319255284,2.693333319255284,3.306269846265278,3.306269846265278,3.8315079420331926,3.8315079420331926,3.3029000043869017,4.170100008249283,0,2747039.8778915403000000,3968494.162997367,,,,,,,
2026-03-10,,,,,,,2.4000000953674316,2.4449999332427980,2.3099999427795410,2.3299999237060547,1125700,,,,,2.3299999237060547,,,,,,,,,,,,,,,,,,,,,,,,,,,,,,,,,,,,,,,,,,,,,,,,,,,,,,,,,,,,,,,,,,,,,,,,,,,,,,,,,,,,,,,,,,,,,,,,,,,,,,,,,,,,,,,,,,,,,,,,,,,,,,,,,,,,,,,,,,,,,0.7000006162723892,0.7537290583455114,1.0735581261029672,1.1412629945757542,,,,-0.09742020585648638,,,,,,,,2.4323486633569957,2.4323486633569957,2.723396353892745,2.723396353892745,3.234148586362217,3.234148586362217,3.849224816100652,3.849224816100652,,,,,-0.012793339753170103,,-0.24007033597463057,-0.24007033597463057,-0.23963962117767096,-0.23963962117767096,35.94991433413817,35.94991433413817,,2.449999952316284,2.449999952316284,2.664761883871896,2.664761883871896,3.2894444465637207,3.2894444465637207,3.8290873065827387,3.8290873065827387,3.2743000030517577,4.1702500081062315,0,2622880.9141159057757900,3982361.4782352294,,,,,,,
2026-03-11,,,,,,,2.3299999237060547,2.4100000858306885,2.2550001144409180,2.3199999332427980,968700,,,,,2.3199999332427980,,,,,,,,,,,,,,,,,,,,,,,,,,,,,,,,,,,,,,,,,,,,,,,,,,,,,,,,,,,,,,,,,,,,,,,,,,,,,,,,,,,,,,,,,,,,,,,,,,,,,,,,,,,,,,,,,,,,,,,,,,,,,,,,,,,,,,,,,,,,,0.7060589270691368,0.7095953199092907,1.0714444137874983,1.1372422456099833,,,,-0.14684328120251253,,,,,,,,2.3948990866522633,2.3948990866522633,2.686723952015477,2.686723952015477,3.205581440952235,3.205581440952235,3.837136081848811,3.837136081848811,,,,,-0.004301077929863997,,-0.24182754166162068,-0.24182754166162068,-0.24007720527446091,-0.24007720527446091,35.74508878899315,35.74508878899315,,2.3839999198913575,2.3839999198913575,2.627142838069371,2.627142838069371,3.2745238107348245,3.2745238107348245,3.8276984171261863,3.8276984171261863,3.252300000190735,4.16970000743866,0,2247383.9353322984226000,3989977.540782898,,,,,,,
2026-03-12,,,,,,,2.2899999618530273,2.2999999523162840,2.1700000762939453,2.2699999809265137,1487300,,,,,2.2699999809265137,,,,,,,,,,,,,,,,,,,,,,,,,,,,,,,,,,,,,,,,,,,,,,,,,,,,,,,,,,,,,,,,,,,,,,,,,,,,,,,,,,,,,,,,,,,,,,,,,,,,,,,,,,,,,,,,,,,,,,,,,,,,,,,,,,,,,,,,,,,,,0.7068682863339075,0.6936043610633903,1.0690362612313142,1.136253271947061,,,,-0.05333719399472258,,,,,,,,2.3532660514103467,2.3532660514103467,2.648839954643753,2.648839954643753,3.176344520326431,3.176344520326431,3.824747654173536,3.824747654173536,,,,,-0.02178733381266773,,-0.24443700052809358,-0.24443700052809358,-0.24094916432518745,-0.24094916432518745,34.681107703466566,34.681107703466566,,2.321999931335449,2.321999931335449,2.595238072531564,2.595238072531564,3.2570634947882757,3.2570634947882757,3.825555560134706,3.825555560134706,3.232300000190735,4.168550007343292,0,3376170.9716320038260100,4020919.0172922043,,,,,,,
2026-03-13,,,,,,,2.2899999618530273,2.3199999332427980,2.1749999523162840,2.1900000572204590,841900,,,,,2.1900000572204590,,,,,,,,,,,,,,,,,,,,,,,,,,,,,,,,,,,,,,,,,,,,,,,,,,,,,,,,,,,,,,,,,,,,,,,,,,,,,,,,,,,,,,,,,,,,,,,,,,,,,,,,,,,,,,,,,,,,,,,,,,,,,,,,,,,,,,,,,,,,,0.2905297124801997,0.6779525578465733,1.0693253251967116,1.0261244885483003,,,,-0.06524178831735532,,,,,,,,2.2988440533470507,2.2988440533470507,2.6071272366961806,2.6071272366961806,3.1455212558543697,3.1455212558543697,3.811824748268769,3.811824748268769,,,,,-0.035878253134421785,,-0.2500776018099655,-0.2500776018099655,-0.24277485182214306,-0.24277485182214306,32.989135855075624,32.989135855075624,,2.29399995803833,2.29399995803833,2.567619028545561,2.567619028545561,3.240079368863787,3.240079368863787,3.816111115236131,3.816111115236131,3.2053000020980833,4.1662500071525574,0,1843761.0481739044321000,4030397.383194121,,,,,,,
2026-03-16,,,,,,,2.1749999523162840,2.2100000381469727,2.1199998855590820,2.1500000953674316,816600,,,,,2.1500000953674316,,,,,,,,,,,,,,,,,,,,,,,,,,,,,,,,,,,,,,,,,,,,,,,,,,,,,,,,,,,,,,,,,,,,,,,,,,,,,,,,,,,,,,,,,,,,,,,,,,,,,,,,,,,,,,,,,,,,,,,,,,,,,,,,,,,,,,,,,,,,,0.1856187140471181,0.676190114310911,1.0694453567701518,1.0185084068982644,,,,-0.08601864045199982,,,,,,,,2.249229400687178,2.249229400687178,2.5655702238481126,2.5655702238481126,3.1144112195891527,3.1144112195891527,3.7986877944908923,3.7986877944908923,,,,,-0.018433683459957186,,-0.2548378692662614,-0.2548378692662614,-0.24518745531096672,-0.24518745531096672,32.14470460035567,32.14470460035567,,2.2519999980926513,2.2519999980926513,2.5376190344492593,2.5376190344492593,3.2232539729466514,3.2232539729466514,3.8086904807696267,3.8086904807696267,3.184300003051758,4.162850008010865,0,1755690.0778770446445600,4029910.479331395,,,,,,,
2026-03-17,,,,,,,2.2000000476837160,2.4200000762939453,2.1849999427795410,2.2799999713897705,2423600,,,,,2.2799999713897705,,,,,,,,,,,,,,,,,,,,,,,,,,,,,,,,,,,,,,,,,,,,,,,,,,,,,,,,,,,,,,,,,,,,,,,,,,,,,,,,,,,,,,,,,,,,,,,,,,,,,,,,,,,,,,,,,,,,,,,,,,,,,,,,,,,,,,,,,,,,,0.5871796284548957,0.719292835543825,1.0748505573205906,1.010737327879561,,,,-0.07310866721539018,,,,,,,,2.259486257588042,2.259486257588042,2.5396092918064452,2.5396092918064452,3.0883358680829223,3.0883358680829223,3.786682357154125,3.786682357154125,,,,,0.058707543921487707,,-0.24529292779842837,-0.24529292779842837,-0.24520854980845905,-0.24520854980845905,37.724032520889196,37.724032520889196,,2.2420000076293944,2.2420000076293944,2.5142857006617954,2.5142857006617954,3.210555561005123,3.210555561005123,3.8038888933166626,3.8038888933166626,3.167300000190735,4.160500007867813,0,5525807.9306602477838000,4097860.8279266055,,,,,,,
2026-03-18,,,,,,,2.4149999618530273,2.4500000476837160,2.1500000953674316,2.2100000381469727,9874000,,,,,2.2100000381469727,,,,,,,,,,,,,,,,,,,,,,,,,,,,,,,,,,,,,,,,,,,,,,,,,,,,,,,,,,,,,,,,,,,,,,,,,,,,,,,,,,,,,,,,,,,,,,,,,,,,,,,,,,,,,,,,,,,,,,,,,,,,,,,,,,,,,,,,,,,,,0.6173116081995774,0.7227193143986507,1.068759265008967,1.011120450528458,,,,-0.2532415893015982,,,,,,,,2.2429908511076855,2.2429908511076855,2.509644814201039,2.509644814201039,3.060887873397424,3.060887873397424,3.7742184653042656,3.7742184653042656,,,,,-0.0311828976272682,,-0.24060337656182051,-0.24060337656182051,-0.24428751515913136,-0.24428751515913136,36.00720402689083,36.00720402689083,,2.2200000286102295,2.2200000286102295,2.489999986830212,2.489999986830212,3.1999206391591875,3.1999206391591875,3.798968258358183,3.798968258358183,3.143899998664856,4.157700008153915,0,21821540.3766632084398000,4407763.626106959,,,,,,,
2026-03-19,,,,,,,2.1500000953674316,2.4000000953674316,2.1400001049041750,2.3299999237060547,2214200,,,,,2.3299999237060547,,,,,,,,,,,,,,,,,,,,,,,,,,,,,,,,,,,,,,,,,,,,,,,,,,,,,,,,,,,,,,,,,,,,,,,,,,,,,,,,,,,,,,,,,,,,,,,,,,,,,,,,,,,,,,,,,,,,,,,,,,,,,,,,,,,,,,,,,,,,,0.7405809844154626,0.753624597066433,1.0705049185579747,1.011679480840402,,,,-0.2057340531181718,,,,,,,,2.271993875307142,2.271993875307142,2.4933134605196763,2.4933134605196763,3.0380476249695683,3.0380476249695683,3.762801717939853,3.762801717939853,,,,,0.05287570204269114,,-0.22461466746789283,-0.22461466746789283,-0.24035294562088363,-0.24035294562088363,40.967081479900635,40.967081479900635,,2.2320000171661376,2.2320000171661376,2.4738095033736456,2.4738095033736456,3.1891269873058987,3.1891269873058987,3.7951190518954445,3.7951190518954445,3.1230999994277955,4.1549000072479245,0,5159085.8310699463167400,4434556.544235017,,,,,,,
2026-03-20,,,,,,,2.3299999237060547,2.4900000095367430,2.3150000572204590,2.4100000858306885,2104700,,,,,2.4100000858306885,,,,,,,,,,,,,,,,,,,,,,,,,,,,,,,,,,,,,,,,,,,,,,,,,,,,,,,,,,,,,,,,,,,,,,,,,,,,,,,,,,,,,,,,,,,,,,,,,,,,,,,,,,,,,,,,,,,,,,,,,,,,,,,,,,,,,,,,,,,,,0.6574790011259799,0.7617865948468872,1.0717838438914329,1.01000171856127,,,,-0.20713368521228392,,,,,,,,2.3179959454816577,2.3179959454816577,2.4857395173661323,2.4857395173661323,3.0184211393714784,3.0184211393714784,3.7521076338915593,3.7521076338915593,,,,,0.03375854828353047,,-0.2031464104588001,-0.2031464104588001,-0.23291163858846695,-0.23291163858846695,44.07887300957149,44.07887300957149,,2.2760000228881836,2.2760000228881836,2.4590476013365246,2.4590476013365246,3.1810317493620373,3.1810317493620373,3.792460322380066,3.792460322380066,3.104300003051758,4.151850007772445,0,5072327.1806478500859500,4460743.767905235,,,,,,,
2026-03-23,,,,,,,2.4000000953674316,2.5099999904632570,2.3499999046325684,2.4900000095367430,1727200,,,,,2.4900000095367430,,,,,,,,,,,,,,,,,,,,,,,,,,,,,,,,,,,,,,,,,,,,,,,,,,,,,,,,,,,,,,,,,,,,,,,,,,,,,,,,,,,,,,,,,,,,,,,,,,,,,,,,,,,,,,,,,,,,,,,,,,,,,,,,,,,,,,,,,,,,,0.5673842795192475,0.7559035110681331,1.0324850321984447,1.0105610870941717,,,,-0.1452937692675901,,,,,,,,2.3753306335000195,2.3753306335000195,2.486126834836188,2.486126834836188,3.0019079790641428,3.0019079790641428,3.7421304985211656,3.7421304985211656,,,,,0.03265593118967695,,-0.17762973187445485,-0.17762973187445485,-0.22185525724566452,-0.22185525724566452,47.08284654957165,47.08284654957165,,2.344000005722046,2.344000005722046,2.4542857011159263,2.4542857011159263,3.1670634973616827,3.1670634973616827,3.790119052879394,3.790119052879394,3.071300005912781,4.148400007486344,0,4300728.0164718625096000,4446289.16780116,,,,,,,
2026-03-24,,,,,,,2.4700000286102295,2.6689999103546143,2.4600000381469727,2.5099999904632570,1862800,,,,,2.5099999904632570,,,,,,,,,,,,,,,,,,,,,,,,,,,,,,,,,,,,,,,,,,,,,,,,,,,,,,,,,,,,,,,,,,,,,,,,,,,,,,,,,,,,,,,,,,,,,,,,,,,,,,,,,,,,,,,,,,,,,,,,,,,,,,,,,,,,,,,,,,,,,0.5138377128423712,0.7465632686391636,1.013413451547377,1.009395908486473,,,,-0.16673978893905506,,,,,,,,2.4202204191544316,2.4202204191544316,2.488297121711376,2.488297121711376,2.986535854420365,2.986535854420365,3.7323903364021307,3.7323903364021307,,,,,0.008000035037559602,,-0.15401832160626316,-0.15401832160626316,-0.20828787011778424,-0.20828787011778424,47.83725289863926,47.83725289863926,,2.390000009536743,2.390000009536743,2.454761891137986,2.454761891137986,3.1481746075645325,3.1481746075645325,3.7884523859099737,3.7884523859099737,3.042700004577637,4.138700008392334,0,4675627.9822349551396000,4425239.29327556,,,,,,,
2026-03-25,,,,,,,2.5699999332427980,2.5999999046325684,2.3900001049041750,2.4800000190734863,1623200,,,,,2.4800000190734863,,,,,,,,,,,,,,,,,,,,,,,,,,,,,,,,,,,,,,,,,,,,,,,,,,,,,,,,,,,,,,,,,,,,,,,,,,,,,,,,,,,,,,,,,,,,,,,,,,,,,,,,,,,,,,,,,,,,,,,,,,,,,,,,,,,,,,,,,,,,,0.4010645813852486,0.7454330160804568,1.0124644375196412,1.0092416653958032,,,,-0.18099801004244193,,,,,,,,2.4401469524607835,2.4401469524607835,2.487542839653386,2.487542839653386,2.9707066095657755,2.9707066095657755,3.72249001768807,3.72249001768807,,,,,-0.012024181476380584,,-0.13615731901006933,-0.13615731901006933,-0.19386175989624127,-0.19386175989624127,46.76038390871323,46.76038390871323,,2.444000005722046,2.444000005722046,2.451904751005627,2.451904751005627,3.127857147701203,3.127857147701203,3.7864285764240084,3.7864285764240084,3.0157000064849853,4.1296500086784365,0,4025536.0309600829621600,4392773.262265372,,,,,,,
2026-03-26,,,,,,,2.4000000953674316,2.4949998855590820,2.3050000667572020,2.3199999332427980,1215700,,,,,2.3199999332427980,,,,,,,,,,,,,,,,,,,,,,,,,,,,,,,,,,,,,,,,,,,,,,,,,,,,,,,,,,,,,,,,,,,,,,,,,,,,,,,,,,,,,,,,,,,,,,,,,,,,,,,,,,,,,,,,,,,,,,,,,,,,,,,,,,,,,,,,,,,,,0.6573405115464214,0.7688077086408361,1.0135836339510844,1.0104480766719208,,,,-0.21289527639025424,,,,,,,,2.4000979460547884,2.4000979460547884,2.4723116663433324,2.4723116663433324,2.9503720259306823,2.9503720259306823,3.7114031395501628,3.7114031395501628,,,,,-0.06669141096425064,,-0.13337554525868933,-0.13337554525868933,-0.1817645169687309,-0.1817645169687309,41.406715377672214,41.406715377672214,,2.4420000076293946,2.4420000076293946,2.4376190389905656,2.4376190389905656,3.102142860019018,3.102142860019018,3.7832539734386263,3.7832539734386263,2.9839000034332277,4.118550008535385,0,2820423.9188432695286000,4343701.100884165,,,,,,,
2026-03-27,,,,,,,2.2999999523162840,2.2999999523162840,2.0499999523162840,2.0599999427795410,1725100,,,,,2.0599999427795410,,,,,,,,,,,,,,,,,,,,,,,,,,,,,,,,,,,,,,,,,,,,,,,,,,,,,,,,,,,,,,,,,,,,,,,,,,,,,,,,,,,,,,,,,,,,,,,,,,,,,,,,,,,,,,,,,,,,,,,,,,,,,,,,,,,,,,,,,,,,,0.9697067477745408,0.8113906368193149,1.0347101158165695,1.012710393011106,,,,-0.2706879534569812,,,,,,,,2.286731944963039,2.286731944963039,2.4348287823829877,2.4348287823829877,2.922547898332209,2.922547898332209,3.6983485688247035,3.6983485688247035,,,,,-0.11886120187899454,,-0.15041688363563255,-0.15041688363563255,-0.17549499030211121,-0.17549499030211121,34.49524509103046,34.49524509103046,,2.371999979019165,2.371999979019165,2.40190475327628,2.40190475327628,3.0751587322780063,3.0751587322780063,3.780198417958759,3.780198417958759,2.950900001525879,4.104350007772446,0,3553705.9012889861791000,4360736.559734647,,,,,,,
2026-03-30,,,,,,,2.0399999618530273,2.0799999237060547,1.9609999656677246,2.0299999713897705,1188100,,,,,2.0299999713897705,,,,,,,,,,,,,,,,,,,,,,,,,,,,,,,,,,,,,,,,,,,,,,,,,,,,,,,,,,,,,,,,,,,,,,,,,,,,,,,,,,,,,,,,,,,,,,,,,,,,,,,,,,,,,,,,,,,,,,,,,,,,,,,,,,,,,,,,,,,,,0.8193523494126932,0.7927257936785175,1.0201931508032471,1.0124692415835763,,,,-0.2570310133120378,,,,,,,,2.2011546204386163,2.2011546204386163,2.398026163201786,2.398026163201786,2.894655775615258,2.894655775615258,3.6851600423627673,3.6851600423627673,,,,,-0.01467017606458078,,-0.16444736716278419,-0.16444736716278419,-0.1732854656742458,-0.1732854656742458,33.794313736344165,33.794313736344165,,2.2799999713897705,2.2799999713897705,2.3728571278708324,2.3728571278708324,3.0530952385493686,3.0530952385493686,3.776746036514403,3.776746036514403,2.908899998664856,4.090300006866455,0,2411842.9660081863310500,4354782.351859032,,,,,,,
2026-03-31,,,,,,,2.0350000858306885,2.3299999237060547,1.9700000286102295,2.2899999618530273,2159000,,,,,2.2899999618530273,,,,,,,,,,,,,,,,,,,,,,,,,,,,,,,,,,,,,,,,,,,,,,,,,,,,,,,,,,,,,,,,,,,,,,,,,,,,,,,,,,,,,,,,,,,,,,,,,,,,,,,,,,,,,,,,,,,,,,,,,,,,,,,,,,,,,,,,,,,,,1.4148970051452416,0.8616670432764736,1.04929357742042,1.0192082239916411,,,,-0.22928492537913825,,,,,,,,2.23076973424342,2.23076973424342,2.388205599442808,2.388205599442808,2.875760281435188,2.875760281435188,3.6741311089200024,3.6741311089200024,,,,,0.12051602194809471,,-0.15282512718655727,-0.15282512718655727,-0.1691933979767081,-0.1691933979767081,44.34861332661291,44.34861332661291,,2.2359999656677245,2.2359999656677245,2.3457142739068892,2.3457142739068892,3.0375396826910595,3.0375396826910595,3.774722227028438,3.774722227028438,2.8734999990463255,4.076500005722046,0,4944109.9176406859407000,4382590.858783797,,,,,,,
2026-04-01,,,,,,,2.2599999904632570,2.2899999618530273,2.0299999713897705,2.0399999618530273,2012600,,,,,2.0399999618530273,,,,,,,,,,,,,,,,,,,,,,,,,,,,,,,,,,,,,,,,,,,,,,,,,,,,,,,,,,,,,,,,,,,,,,,,,,,,,,,,,,,,,,,,,,,,,,,,,,,,,,,,,,,,,,,,,,,,,,,,,,,,,,,,,,,,,,,,,,,,,1.5684820437567564,0.9151479308020524,1.0575154165106302,1.0224583063725223,,,,-0.2449731473143908,,,,,,,,2.167179810113289,2.167179810113289,2.3565505414801007,2.3565505414801007,2.8496427714482455,2.8496427714482455,3.6612130761368644,3.6612130761368644,,,,,-0.11560201175145299,,-0.16192080666744513,-0.16192080666744513,-0.16773887971485552,-0.16773887971485552,38.06497680083804,38.06497680083804,,2.147999954223633,2.147999954223633,2.315714268457322,2.315714268457322,3.0137301588815357,3.0137301588815357,3.772579370036958,3.772579370036958,2.8324999952316285,4.061850006580353,0,4105703.9232254027439800,4338902.953976298,,,,,,,
2026-04-02,,,,,,,1.9500000476837158,2.2799999713897705,1.9500000476837158,2.2400000095367430,2261200,,,,,2.2400000095367430,,,,,,,,,,,,,,,,,,,,,,,,,,,,,,,,,,,,,,,,,,,,,,,,,,,,,,,,,,,,,,,,,,,,,,,,,,,,,,,,,,,,,,,,,,,,,,,,,,,,,,,,,,,,,,,,,,,,,,,,,,,,,,,,,,,,,,,,,,,,,1.7877681627201076,0.9866631097041375,1.0601139339598884,1.025933236394723,,,,-0.20331059521300912,,,,,,,,2.1914532099211073,2.1914532099211073,2.345955038576159,2.345955038576159,2.830591435138511,2.830591435138511,3.649978190234887,3.649978190234887,,,,,0.09352608096779468,,-0.15124738015869932,-0.15124738015869932,-0.16444057980362428,-0.16444057980362428,44.80284453892471,44.80284453892471,,2.131999969482422,2.131999969482422,2.2961904548463368,2.2961904548463368,2.998492063037933,2.998492063037933,3.7707936555620223,3.7707936555620223,2.7844999980926515,4.047800005674362,0,5065088.0215644832716000,4346386.889740021,,,,,,,
2026-04-06,,,,,,,2.2500000000000000,2.3800001144409180,2.2200000286102295,2.3099999427795410,1850300,,,,,2.3099999427795410,,,,,,,,,,,,,,,,,,,,,,,,,,,,,,,,,,,,,,,,,,,,,,,,,,,,,,,,,,,,,,,,,,,,,,,,,,,,,,,,,,,,,,,,,,,,,,,,,,,,,,,,,,,,,,,,,,,,,,,,,,,,,,,,,,,,,,,,,,,,,1.4885942277812905,0.9929877951803023,1.0620524967315343,1.026090651928141,,,,-0.17756579928716246,,,,,,,,2.230968787540585,2.230968787540585,2.3426863935037394,2.3426863935037394,2.8143229510022936,2.8143229510022936,3.6393854768162677,3.6393854768162677,,,,,0.030771629638517237,,-0.1355773518357979,-0.1355773518357979,-0.158667934210059,-0.158667934210059,46.97705813427634,46.97705813427634,,2.1819999694824217,2.1819999694824217,2.2833333128974553,2.2833333128974553,2.985476187297276,2.985476187297276,3.769563497058929,3.769563497058929,2.7300999927520753,4.0357500064373015,0,4274192.8941249847123000,4369323.172131795,,,,,,,
2026-04-07,,,,,,,2.2599999904632570,2.2799999713897705,2.1500000953674316,2.2000000476837160,1539500,,,,,2.2000000476837160,,,,,,,,,,,,,,,,,,,,,,,,,,,,,,,,,,,,,,,,,,,,,,,,,,,,,,,,,,,,,,,,,,,,,,,,,,,,,,,,,,,,,,,,,,,,,,,,,,,,,,,,,,,,,,,,,,,,,,,,,,,,,,,,,,,,,,,,,,,,,1.5608142440230375,0.9436551756694888,1.052467557459588,1.0158949523285161,,,,-0.151612930009799,,,,,,,,2.220645874254962,2.220645874254962,2.329714907520101,2.329714907520101,2.795125360273588,2.795125360273588,3.6280069358745086,3.6280069358745086,,,,,-0.0487901177242542,,-0.1305301434783681,-0.1305301434783681,-0.1530403760637208,-0.1530403760637208,44.04127024410572,44.04127024410572,,2.215999984741211,2.215999984741211,2.2771428426106772,2.2771428426106772,2.966746027507479,2.966746027507479,3.7693650845497375,3.7693650845497375,2.683099989891052,4.025150005817413,0,3386900.0734090807820000,4363016.060152129,,,,,,,
2026-04-08,,,,,,,2.2799999713897705,2.3299999237060547,2.1400001049041750,2.1800000667572020,1544600,,,,,2.1800000667572020,,,,,,,,,,,,,,,,,,,,,,,,,,,,,,,,,,,,,,,,,,,,,,,,,,,,,,,,,,,,,,,,,,,,,,,,,,,,,,,,,,,,,,,,,,,,,,,,,,,,,,,,,,,,,,,,,,,,,,,,,,,,,,,,,,,,,,,,,,,,,1.2559200545749931,0.942164922007854,1.052448082744962,1.013241377314915,,,,-0.18997586795862031,,,,,,,,2.2070972717557087,2.2070972717557087,2.3161044674507463,2.3161044674507463,2.775902694851201,2.775902694851201,3.6165602412569804,3.6165602412569804,,,,,-0.009132474615119266,,-0.1266836950274728,-0.1266836950274728,-0.14776903985647122,-0.14776903985647122,43.50886950288747,43.50886950288747,,2.194000005722046,2.194000005722046,2.2685714222135998,2.2685714222135998,2.947857141494751,2.947857141494751,3.769722228012388,3.769722228012388,2.640899991989136,4.016300005912781,0,3367228.1031131742092000,4372236.888687572,,,,,,,
2026-04-09,,,,,,,2.1800000667572020,2.2390000820159910,2.1099998950958250,2.1099998950958250,1042700,,,,,2.1099998950958250,,,,,,,,,,,,,,,,,,,,,,,,,,,,,,,,,,,,,,,,,,,,,,,,,,,,,,,,,,,,,,,,,,,,,,,,,,,,,,,,,,,,,,,,,,,,,,,,,,,,,,,,,,,,,,,,,,,,,,,,,,,,,,,,,,,,,,,,,,,,,0.9048267950710194,0.9470523966280984,1.0537013951120977,1.0134798412258728,,,,-0.19624445641174776,,,,,,,,2.1747314795357475,2.1747314795357475,2.2973676881457537,2.2973676881457537,2.755093232358845,2.755093232358845,3.604650673303137,3.604650673303137,,,,,-0.03263700965321147,,-0.12781046625941705,-0.12781046625941705,-0.14377732513706037,-0.14377732513706037,41.612776165027654,41.612776165027654,,2.2079999923706053,2.2079999923706053,2.2580952303750172,2.2580952303750172,2.9281746016608343,2.9281746016608343,3.770000005525256,3.770000005525256,2.59489999294281,4.008000005483627,0,2200096.8906164167275000,4371228.9832122745,,,,,,,
2026-04-10,,,,,,,2.1500000953674316,2.2000000476837160,2.0499999523162840,2.1700000762939453,1174500,,,,,2.1700000762939453,,,,,,,,,,,,,,,,,,,,,,,,,,,,,,,,,,,,,,,,,,,,,,,,,,,,,,,,,,,,,,,,,,,,,,,,,,,,,,,,,,,,,,,,,,,,,,,,,,,,,,,,,,,,,,,,,,,,,,,,,,,,,,,,,,,,,,,,,,,,,0.564636870774855,0.9538358349535179,0.9581899776100146,1.013664164111444,,,,-0.1751304427539576,,,,,,,,2.1731543451218136,2.1731543451218136,2.2857888143410436,2.2857888143410436,2.736809071231817,2.736809071231817,3.5933095618643294,3.5933095618643294,,,,,0.02803930494051221,,-0.12245039546226488,-0.12245039546226488,-0.13951193920210128,-0.13951193920210128,43.87070195651689,43.87070195651689,,2.194000005722046,2.194000005722046,2.2509523800441196,2.2509523800441196,2.8969047637212846,2.8969047637212846,3.770674609002613,3.770674609002613,2.5572999906539917,3.999550006389618,0,2548665.0896072387548500,4227848.276277573,,,,,,,
2026-04-13,,,,,,,2.1500000953674316,2.2400000095367430,2.0899999141693115,2.1800000667572020,1213400,,,,,2.1800000667572020,,,,,,,,,,,,,,,,,,,,,,,,,,,,,,,,,,,,,,,,,,,,,,,,,,,,,,,,,,,,,,,,,,,,,,,,,,,,,,,,,,,,,,,,,,,,,,,,,,,,,,,,,,,,,,,,,,,,,,,,,,,,,,,,,,,,,,,,,,,,,0.4805407991748314,0.9517282542187535,0.9552854287808565,1.0082792533551324,,,,-0.18942118802289026,,,,,,,,2.1754362523336095,2.1754362523336095,2.2761716554697853,2.2761716554697853,2.719408789841985,2.719408789841985,3.582137154788384,3.582137154788384,,,,,0.00459770471269931,,-0.11605774365589161,-0.11605774365589161,-0.13482110009285936,-0.13482110009285936,44.257611214403795,44.257611214403795,,2.168000030517578,2.168000030517578,2.246666669845581,2.246666669845581,2.8689682559361533,2.8689682559361533,3.7705158789952598,3.7705158789952598,2.5238999938964843,3.990800006389618,0,2645212.0810031889068000,4157039.196560118,,,,,,,
2026-04-14,,,,,,,2.1400001049041750,2.1800000667572020,2.0599999427795410,2.1099998950958250,1717200,,,,,2.1099998950958250,,,,,,,,,,,,,,,,,,,,,,,,,,,,,,,,,,,,,,,,,,,,,,,,,,,,,,,,,,,,,,,,,,,,,,,,,,,,,,,,,,,,,,,,,,,,,,,,,,,,,,,,,,,,,,,,,,,,,,,,,,,,,,,,,,,,,,,,,,,,,0.4102995607837097,0.9503365587963618,0.9556723131659068,1.008715232220037,,,,-0.17677837106344602,,,,,,,,2.153624133254348,2.153624133254348,2.2610651317994255,2.2610651317994255,2.700364761881168,2.700364761881168,3.5704997060951618,3.5704997060951618,,,,,-0.03263700965321147,,-0.11531071968193807,-0.11531071968193807,-0.1309190240106751,-0.1309190240106751,42.071406892509046,42.071406892509046,,2.15,2.15,2.2428571383158364,2.2428571383158364,2.8416666681804355,2.8416666681804355,3.7701984180344477,3.7701984180344477,2.4984999895095825,3.982600005865097,0,3623291.8198585506900000,4156572.8615223416,,,,,,,
2026-04-15,,,,,,,2.1099998950958250,2.2500000000000000,2.0699999332427980,2.1199998855590820,2001800,,,,,2.1199998855590820,,,,,,,,,,,,,,,,,,,,,,,,,,,,,,,,,,,,,,,,,,,,,,,,,,,,,,,,,,,,,,,,,,,,,,,,,,,,,,,,,,,,,,,,,,,,,,,,,,,,,,,,,,,,,,,,,,,,,,,,,,,,,,,,,,,,,,,,,,,,,0.42031971970220866,0.9486053998219,0.9541595711612123,1.0059210867801671,,,,-0.18595143124678826,,,,,,,,2.1424160506892593,2.1424160506892593,2.2482410185048485,2.2482410185048485,2.6822283594961025,2.6822283594961025,3.5590333043517934,3.5590333043517934,,,,,0.004728136931999134,,-0.11261364217613679,-0.11261364217613679,-0.12725794764376744,-0.12725794764376744,42.508317872424655,42.508317872424655,,2.137999963760376,2.137999963760376,2.241428556896391,2.241428556896391,2.8132539665888228,2.8132539665888228,3.7692460370442222,3.7692460370442222,2.4758999872207643,3.975950005054474,0,4243815.7709121703476000,4158340.1104143686,,,,,,,
2026-04-16,,,,,,,2.1300001144409180,2.1700000762939453,2.0699999332427980,2.1099998950958250,1392700,,,,,2.1099998950958250,,,,,,,,,,,,,,,,,,,,,,,,,,,,,,,,,,,,,,,,,,,,,,,,,,,,,,,,,,,,,,,,,,,,,,,,,,,,,,,,,,,,,,,,,,,,,,,,,,,,,,,,,,,,,,,,,,,,,,,,,,,,,,,,,,,,,,,,,,,,,0.347541749174365,0.923700659949459,0.9502276183454658,1.004809284579326,,,,-0.18609289556680653,,,,,,,,2.131610665491448,2.131610665491448,2.235673643649483,2.235673643649483,2.664346219983594,2.664346219983594,3.547578494792458,3.547578494792458,,,,,-0.004728136931999001,,-0.11001492095155418,-0.11001492095155418,-0.12380934230532478,-0.12380934230532478,42.165829908346375,42.165829908346375,,2.137999963760376,2.137999963760376,2.233333315168108,2.233333315168108,2.787857138921344,2.787857138921344,3.7686904810723805,3.7686904810723805,2.4530999851226807,3.9681500041484834,0,2938596.8538999554775000,4156913.5044264416,,,,,,,
2026-04-17,,,,,,,2.1150000095367430,2.1900000572204590,2.0799999237060547,2.1099998950958250,1379800,,,,,2.1099998950958250,,,,,,,,,,,,,,,,,,,,,,,,,,,,,,,,,,,,,,,,,,,,,,,,,,,,,,,,,,,,,,,,,,,,,,,,,,,,,,,,,,,,,,,,,,,,,,,,,,,,,,,,,,,,,,,,,,,,,,,,,,,,,,,,,,,,,,,,,,,,,0.24768598916818346,0.9183066629237121,0.9206696203209933,1.0045616703878084,,,,-0.07975591374115198,,,,,,,,2.1244070753595734,2.1244070753595734,2.224248757417332,2.224248757417332,2.647022897330851,2.647022897330851,3.5362142370873464,3.5362142370873464,,,,,0,,-0.10672515451119313,-0.10672515451119313,-0.12039250474649844,-0.12039250474649844,42.165829908346375,42.165829908346375,,2.125999927520752,2.125999927520752,2.228571403594244,2.228571403594244,2.755793643376184,2.755793643376184,3.76833333760973,3.76833333760973,2.4354999828338624,3.9612500035762785,0,2911377.8552532193350000,4051882.6249221014,,,,,,,
2026-04-20,,,,,,,2.0850000381469727,2.0999999046325684,2.0099999904632570,2.0699999332427980,1668900,,,,,2.0699999332427980,,,,,,,,,,,,,,,,,,,,,,,,,,,,,,,,,,,,,,,,,,,,,,,,,,,,,,,,,,,,,,,,,,,,,,,,,,,,,,,,,,,,,,,,,,,,,,,,,,,,,,,,,,,,,,,,,,,,,,,,,,,,,,,,,,,,,,,,,,,,,0.2433568932502281,0.8975309708051754,0.9207367869182568,1.0046495592733389,,,,-0.09455394872967449,,,,,,,,2.1062713613206485,2.1062713613206485,2.210226137037829,2.210226137037829,2.6289909297030998,2.6289909297030998,3.5246236101794843,3.5246236101794843,,,,,-0.01913932274293444,,-0.10612234124264885,-0.10612234124264885,-0.11753847204572854,-0.11753847204572854,40.64659502780876,40.64659502780876,,2.103999900817871,2.103999900817871,2.2161904516674222,2.2161904516674222,2.7242063416375055,2.7242063416375055,3.7679365116452415,3.7679365116452415,2.4235999822616576,3.9542000031471254,0,3454622.8885889055822000,4042318.576442249,,,,,,,
2026-04-21,,,,,,,2.0450000762939453,2.1400001049041750,2.0399999618530273,2.0499999523162840,1510700,,,,,2.0499999523162840,,,,,,,,,,,,,,,,,,,,,,,,,,,,,,,,,,,,,,,,,,,,,,,,,,,,,,,,,,,,,,,,,,,,,,,,,,,,,,,,,,,,,,,,,,,,,,,,,,,,,,,,,,,,,,,,,,,,,,,,,,,,,,,,,,,,,,,,,,,,,0.14610633357629527,0.8860500971569939,0.9200089406449056,1.0045969860589743,,,,-0.1372953622894306,,,,,,,,2.0875142249858603,2.0875142249858603,2.1956601202449613,2.1956601202449613,2.6108974616597616,2.6108974616597616,3.5129665061647555,3.5129665061647555,,,,,-0.009708805137453664,,-0.10603612030852361,-0.10603612030852361,-0.11523800169828755,-0.11523800169828755,39.87302760595777,39.87302760595777,,2.091999912261963,2.091999912261963,2.1990475881667364,2.1990475881667364,2.6918253860776384,2.6918253860776384,3.767341273171561,3.767341273171561,2.4059999799728393,3.947150002717972,0,3096934.9279642102388000,3991492.000140084,,,,,,,
2026-04-22,,,,,,,2.1199998855590820,2.3949999809265137,2.1150000095367430,2.2400000095367430,5718900,,,,,2.2400000095367430,,,,,,,,,,,,,,,,,,,,,,,,,,,,,,,,,,,,,,,,,,,,,,,,,,,,,,,,,,,,,,,,,,,,,,,,,,,,,,,,,,,,,,,,,,,,,,,,,,,,,,,,,,,,,,,,,,,,,,,,,,,,,,,,,,,,,,,,,,,,,0.6979807836134463,0.9378838384493149,0.9001171940831976,1.0060241624921145,,,,-0.1732742079737577,,,,,,,,2.1383428198361547,2.1383428198361547,2.199691019271487,2.199691019271487,2.5993069162809173,2.5993069162809173,3.5029035299068263,3.5029035299068263,,,,,0.08863610023445564,,-0.0896034797378924,-0.0896034797378924,-0.11011109730620852,-0.11011109730620852,49.67222611523279,49.67222611523279,,2.115999937057495,2.115999937057495,2.1871428262619745,2.1871428262619745,2.6537301502530535,2.6537301502530535,3.7680952416525946,3.7680952416525946,2.388599982261658,3.9419500029087065,0,12810336.0545396795427000,4007846.038132244,,,,,,,
2026-04-23,,,,,,,2.2699999809265137,2.3199999332427980,2.0599999427795410,2.0899999141693115,3918300,,,,,2.0899999141693115,,,,,,,,,,,,,,,,,,,,,,,,,,,,,,,,,,,,,,,,,,,,,,,,,,,,,,,,,,,,,,,,,,,,,,,,,,,,,,,,,,,,,,,,,,,,,,,,,,,,,,,,,,,,,,,,,,,,,,,,,,,,,,,,,,,,,,,,,,,,,0.9085616133630553,0.9622626054049557,0.8875331229238811,1.0059433336112216,,,,-0.2155843017250646,,,,,,,,2.1222285179472067,2.1222285179472067,2.1897191006258345,2.1897191006258345,2.5833910724649294,2.5833910724649294,3.4917343313634466,3.4917343313634466,,,,,-0.06931184521501935,,-0.08767360108949696,-0.08767360108949696,-0.10562359806286621,-0.10562359806286621,43.62716496690362,43.62716496690362,,2.1119999408721926,2.1119999408721926,2.1671428226289295,2.1671428226289295,2.607063478893704,2.607063478893704,3.7676587331862676,3.7676587331862676,2.3715999794006346,3.9335750019550324,0,8189246.6636896132504500,3910573.8804574995,,,,,,,
2026-04-24,,,,,,,2.1199998855590820,2.1449999809265137,2.0799999237060547,2.1199998855590820,1326800,,,,,2.1199998855590820,,,,,,,,,,,,,,,,,,,,,,,,,,,,,,,,,,,,,,,,,,,,,,,,,,,,,,,,,,,,,,,,,,,,,,,,,,,,,,,,,,,,,,,,,,,,,,,,,,,,,,,,,,,,,,,,,,,,,,,,,,,,,,,,,,,,,,,,,,,,,0.9160469133428352,0.965425628103671,0.8716600556818146,1.0060374540894126,,,,-0.2035987968247385,,,,,,,,2.1214856404844986,2.1214856404844986,2.1833809901652206,2.1833809901652206,2.568910097874122,2.568910097874122,3.4808905808037287,3.4808905808037287,,,,,0.014252009792950849,,-0.08276929843542158,-0.08276929843542158,-0.10105273813737728,-0.10105273813737728,45.06706992697179,45.06706992697179,,2.113999938964844,2.113999938964844,2.1499999591282437,2.1499999591282437,2.5684920454782154,2.5684920454782154,3.767380954727294,3.767380954727294,2.358599977493286,3.924725000858307,0,2812815.8481597899976000,3816981.1897126455,,,,,,,
2026-04-27,,,,,,,2.1199998855590820,2.1500000953674316,2.0899999141693115,2.1300001144409180,1301600,,,,,2.1300001144409180,,,,,,,,,,,,,,,,,,,,,,,,,,,,,,,,,,,,,,,,,,,,,,,,,,,,,,,,,,,,,,,,,,,,,,,,,,,,,,,,,,,,,,,,,,,,,,,,,,,,,,,,,,,,,,,,,,,,,,,,,,,,,,,,,,,,,,,,,,,,,0.8985843929897565,0.941628024679765,0.867070137019702,0.9911670596448091,,,,-0.16639340671910982,,,,,,,,2.124323798469972,2.124323798469972,2.1785281832811934,2.1785281832811934,2.5551941608918343,2.5551941608918343,3.47021160478505,3.47021160478505,,,,,0.004705998747108145,,-0.07718591714680656,-0.07718591714680656,-0.09627937393926314,-0.09627937393926314,45.566191629877665,45.566191629877665,,2.1259999752044676,2.1259999752044676,2.1409523487091064,2.1409523487091064,2.534206333614531,2.534206333614531,3.7655158761947876,3.7655158761947876,2.3455999803543093,3.9143250012397766,0,2772408.1489562988688000,3782262.76420563,,,,,,,
2026-04-28,,,,,,,2.0899999141693115,2.0950000286102295,2.0199999809265137,2.0399999618530273,1737900,,,,,2.0399999618530273,,,,,,,,,,,,,,,,,,,,,,,,,,,,,,,,,,,,,,,,,,,,,,,,,,,,,,,,,,,,,,,,,,,,,,,,,,,,,,,,,,,,,,,,,,,,,,,,,,,,,,,,,,,,,,,,,,,,,,,,,,,,,,,,,,,,,,,,,,,,,0.9638067488943334,0.8581716328760417,0.865781141443769,0.9877951754927483,,,,-0.1467718564616613,,,,,,,,2.09621585293099,2.09621585293099,2.1659347086059055,2.1659347086059055,2.5390943421718717,2.5390943421718717,3.458905583892307,3.458905583892307,,,,,-0.0431722442928344,,-0.0791113608775893,-0.0791113608775893,-0.09284577132692837,-0.09284577132692837,41.878279927802275,41.878279927802275,,2.1239999771118163,2.1239999771118163,2.139999968664987,2.139999968664987,2.496587287812006,2.496587287812006,3.764206352688017,3.764206352688017,2.330999979972839,3.899375,0,3545315.9337043761446700,3760879.622983176,,,,,,,
2026-04-29,,,,,,,2.0199999809265137,2.0399999618530273,1.9099999666213990,1.9800000190734863,2401400,,,,,1.9800000190734863,,,,,,,,,,,,,,,,,,,,,,,,,,,,,,,,,,,,,,,,,,,,,,,,,,,,,,,,,,,,,,,,,,,,,,,,,,,,,,,,,,,,,,,,,,,,,,,,,,,,,,,,,,,,,,,,,,,,,,,,,,,,,,,,,,,,,,,,,,,,,0.5464591635688982,0.8629367793574833,0.8538314391548382,0.9854527523869392,,,,-0.14253671893352687,,,,,,,,2.0574772416451554,2.0574772416451554,2.149031555012049,2.149031555012049,2.521622644575047,2.521622644575047,3.447214630810735,3.447214630810735,,,,,-0.029852934817110672,,-0.08450466566471704,-0.08450466566471704,-0.0911775501944861,-0.0911775501944861,39.578484448166904,39.578484448166904,,2.071999979019165,2.071999979019165,2.1376190185546875,2.1376190185546875,2.4637301422300792,2.4637301422300792,3.7633333367014687,3.7633333367014687,2.3161999797821045,3.8783249998092653,0,4754772.0458030700008200,3739711.4763017683,,,,,,,
2026-04-30,,,,,,,1.9900000095367432,2.3150000572204590,1.9769999980926514,2.2599999904632570,3159400,,,,,2.2599999904632570,,,,,,,,,,,,,,,,,,,,,,,,,,,,,,,,,,,,,,,,,,,,,,,,,,,,,,,,,,,,,,,,,,,,,,,,,,,,,,,,,,,,,,,,,,,,,,,,,,,,,,,,,,,,,,,,,,,,,,,,,,,,,,,,,,,,,,,,,,,,,1.101307810281584,0.884510904898138,0.8969072655609307,0.9932429941264451,,,,-0.12833792767476712,,,,,,,,2.124984824584523,2.124984824584523,2.1591195945985224,2.1591195945985224,2.5134469366340535,2.5134469366340535,3.437829534839609,3.437829534839609,,,,,0.13226795472487893,,-0.06543099317152024,-0.06543099317152024,-0.08602823878989294,-0.08602823878989294,52.64731728915009,52.64731728915009,,2.105999994277954,2.105999994277954,2.136190448488508,2.136190448488508,2.4384920483543757,2.4384920483543757,3.7639682576769875,3.7639682576769875,2.3079999780654905,3.859775000810623,0,7140243.9698696141658000,3794638.683619575,,,,,,,
2026-05-01,,,,,,,2.2449998855590820,2.5199999809265137,2.2230000495910645,2.4600000381469727,2847200,,,,,2.4600000381469727,,,,,,,,,,,,,,,,,,,,,,,,,,,,,,,,,,,,,,,,,,,,,,,,,,,,,,,,,,,,,,,,,,,,,,,,,,,,,,,,,,,,,,,,,,,,,,,,,,,,,,,,,,,,,,,,,,,,,,,,,,,,,,,,,,,,,,,,,,,,,1.2047229794796357,0.8268316171495578,0.8812293419718705,0.9968228177115883,,,,-0.042601203989411,,,,,,,,2.2366565624386725,2.2366565624386725,2.186472362193836,2.186472362193836,2.511776721056332,2.511776721056332,3.4300996573953983,3.4300996573953983,,,,,0.08479655638677416,,-0.033787160569071606,-0.033787160569071606,-0.07558002314572866,-0.07558002314572866,59.402022266537585,59.402022266537585,,2.1740000247955322,2.1740000247955322,2.156190452121553,2.156190452121553,2.423888872540186,2.423888872540186,3.7653571471335394,3.7653571471335394,2.3027999782562256,3.842075001001358,0,7004112.1086120606714400,3840495.2228144994,,,,,,,
2026-05-04,,,,,,,2.3800001144409180,2.5850000381469727,2.3250000476837160,2.3900001049041750,2635700,,,,,2.3900001049041750,,,,,,,,,,,,,,,,,,,,,,,,,,,,,,,,,,,,,,,,,,,,,,,,,,,,,,,,,,,,,,,,,,,,,,,,,,,,,,,,,,,,,,,,,,,,,,,,,,,,,,,,,,,,,,,,,,,,,,,,,,,,,,,,,,,,,,,,,,,,,1.270475897876476,0.7761734024888292,0.8798394993822644,0.996397145386115,,,,-0.11258018284472164,,,,,,,,2.28777107659384,2.28777107659384,2.2049748842584123,2.2049748842584123,2.507971201801577,2.507971201801577,3.421877526545665,3.421877526545665,,,,,-0.028867955614792263,,-0.014193985420492439,-0.014193985420492439,-0.06330281560068142,-0.06330281560068142,56.37112835855278,56.37112835855278,,2.2260000228881838,2.2260000228881838,2.1633333138057163,2.1633333138057163,2.4102380805545383,2.4102380805545383,3.766111115614573,3.766111115614573,2.298799982070923,3.8216250014305113,0,6299323.2764959340475000,3902242.814504911,,,,,,,
2026-05-05,,,,,,,2.3699998855590820,2.3800001144409180,2.0899999141693115,2.1300001144409180,2810400,,,,,2.1300001144409180,,,,,,,,,,,,,,,,,,,,,,,,,,,,,,,,,,,,,,,,,,,,,,,,,,,,,,,,,,,,,,,,,,,,,,,,,,,,,,,,,,,,,,,,,,,,,,,,,,,,,,,,,,,,,,,,,,,,,,,,,,,,,,,,,,,,,,,,,,,,,1.5735293494753175,0.8696081293668035,0.9069772226293751,1.00305931475756,,,,-0.16158434827592733,,,,,,,,2.2351807558761996,2.2351807558761996,2.1981589960931855,2.1981589960931855,2.496159605321557,2.496159605321557,3.4116650568847584,3.4116650568847584,,,,,-0.11517137638691566,,-0.01942219233054976,-0.01942219233054976,-0.05452669094665509,-0.05452669094665509,46.81622523770069,46.81622523770069,,2.244000053405762,2.244000053405762,2.154761893408639,2.154761893408639,2.392460304593283,2.392460304593283,3.7658730206035433,3.7658730206035433,2.291399984359741,3.803125002384186,0,5986152.3216247559472000,3943548.406911653,,,,,,,
2026-05-06,,,,,,,2.0999999046325684,2.1199998855590820,2.0499999523162840,2.0999999046325684,1785700,,,,,2.0999999046325684,,,,,,,,,,,,,,,,,,,,,,,,,,,,,,,,,,,,,,,,,,,,,,,,,,,,,,,,,,,,,,,,,,,,,,,,,,,,,,,,,,,,,,,,,,,,,,,,,,,,,,,,,,,,,,,,,,,,,,,,,,,,,,,,,,,,,,,,,,,,,1.5531857267705644,0.8552250255746662,0.8936613994653595,1.0006375529786553,,,,-0.13538516613576881,,,,,,,,2.1901204721283225,2.1901204721283225,2.1892354423240388,2.1892354423240388,2.4837796146750257,2.4837796146750257,3.401296162400551,3.401296162400551,,,,,-0.014184734133149203,,-0.025690209440456524,-0.025690209440456524,-0.04875939464541538,-0.04875939464541538,45.85050936840748,45.85050936840748,,2.268000030517578,2.268000030517578,2.149999981834775,2.149999981834775,2.378333318801153,2.378333318801153,3.766111115614573,3.766111115614573,2.282599983215332,3.7866250014305116,0,3749969.8297023773918800,3946209.5310112787,,,,,,,
2026-05-07,,,,,,,2.0899999141693115,2.1700000762939453,2.0599999427795410,2.0999999046325684,1874000,,,,,2.0999999046325684,,,,,,,,,,,,,,,,,,,,,,,,,,,,,,,,,,,,,,,,,,,,,,,,,,,,,,,,,,,,,,,,,,,,,,,,,,,,,,,,,,,,,,,,,,,,,,,,,,,,,,,,,,,,,,,,,,,,,,,,,,,,,,,,,,,,,,,,,,,,,1.133976322534932,0.8548793768224792,0.8655660467072291,1.00062607374355,,,,-0.12579857486579268,,,,,,,,2.160080282963071,2.160080282963071,2.181123120715723,2.181123120715723,2.4717864987361993,2.4717864987361993,3.3910092354616737,3.3910092354616737,,,,,0,,-0.03030828313693057,-0.03030828313693057,-0.04506917234371841,-0.04506917234371841,45.85050936840748,45.85050936840748,,2.2360000133514406,2.2360000133514406,2.1461904503050304,2.1461904503050304,2.369365063924638,2.369365063924638,3.766309528123765,3.766309528123765,2.272199983596802,3.7696750020980834,0,3935399.8212814331816000,3962377.1082022833,,,,,,,
2026-05-08,,,,,,,2.1199998855590820,2.1300001144409180,2.0199999809265137,2.0499999523162840,1764700,,,,,2.0499999523162840,,,,,,,,,,,,,,,,,,,,,,,,,,,,,,,,,,,,,,,,,,,,,,,,,,,,,,,,,,,,,,,,,,,,,,,,,,,,,,,,,,,,,,,,,,,,,,,,,,,,,,,,,,,,,,,,,,,,,,,,,,,,,,,,,,,,,,,,,,,,,0.7201267823291203,0.8515008093892013,0.8428942444205124,1.000730460740824,,,,-0.11848977882867907,,,,,,,,2.123386839414142,2.123386839414142,2.1692028326794106,2.1692028326794106,2.4586056691605767,2.4586056691605767,3.3804083715632913,3.3804083715632913,,,,,-0.024097529426346284,,-0.03756963868917795,-0.03756963868917795,-0.04356926561281032,-0.04356926561281032,44.092456487819554,44.092456487819554,,2.153999996185303,2.153999996185303,2.1433333101726713,2.1433333101726713,2.3553968081398615,2.3553968081398615,3.7661507981164113,3.7661507981164113,2.2569999837875367,3.7514750015735627,0,3617634.9158525463748000,3976352.1693687593,,,,,,,
2026-05-11,,,,,,,2.0499999523162840,2.0899999141693115,1.9800000190734863,1.9900000095367432,2239200,,,,,1.9900000095367432,,,,,,,,,,,,,,,,,,,,,,,,,,,,,,,,,,,,,,,,,,,,,,,,,,,,,,,,,,,,,,,,,,,,,,,,,,,,,,,,,,,,,,,,,,,,,,,,,,,,,,,,,,,,,,,,,,,,,,,,,,,,,,,,,,,,,,,,,,,,,0.7195947572049471,0.8498623490717726,0.8336535316347878,1.000882934475946,,,,-0.17043635880657712,,,,,,,,2.0789245627883424,2.0789245627883424,2.152911666939168,2.152911666939168,2.443961742297332,2.443961742297332,3.3694170011124887,3.3694170011124887,,,,,-0.02970512636123311,,-0.04761691111065458,-0.04761691111065458,-0.044378794712379176,-0.044378794712379176,42.01077448847767,42.01077448847767,,2.0739999771118165,2.0739999771118165,2.1347618784223283,2.1347618784223283,2.337619032178606,2.337619032178606,3.7655555596427313,3.7655555596427313,2.243999981880188,3.731375000476837,0,4456008.0213546753734400,3994651.806396908,,,,,,,
2026-05-12,,,,,,,2.0099999904632570,2.0599999427795410,1.9900000095367432,2.0099999904632570,1531100,,,,,2.0099999904632570,,,,,,,,,,,,,,,,,,,,,,,,,,,,,,,,,,,,,,,,,,,,,,,,,,,,,,,,,,,,,,,,,,,,,,,,,,,,,,,,,,,,,,,,,,,,,,,,,,,,,,,,,,,,,,,,,,,,,,,,,,,,,,,,,,,,,,,,,,,,,0.2622644361532945,0.8507664400837579,0.8282951988955588,1.0005355949161718,,,,-0.1885155145617183,,,,,,,,2.0559497053466473,2.0559497053466473,2.1399196963504488,2.1399196963504488,2.430400437552517,2.430400437552517,3.3586706215816644,3.3586706215816644,,,,,0.01000007379760166,,-0.053350622807295967,-0.053350622807295967,-0.04617316033136253,-0.04617316033136253,42.97718615614289,42.97718615614289,,2.049999952316284,2.049999952316284,2.126666636694045,2.126666636694045,2.3228571263570634,2.3228571263570634,3.765277782129863,3.765277782129863,2.2269999837875365,3.7130750000476835,0,3077510.9853982927927000,3980328.519221336,,,,,,,
2026-05-13,,,,,,,2.0000000000000000,2.0399999618530273,1.9450000524520874,2.0199999809265137,1265600,,,,,2.0199999809265137,,,,,,,,,,,,,,,,,,,,,,,,,,,,,,,,,,,,,,,,,,,,,,,,,,,,,,,,,,,,,,,,,,,,,,,,,,,,,,,,,,,,,,,,,,,,,,,,,,,,,,,,,,,,,,,,,,,,,,,,,,,,,,,,,,,,,,,,,,,,,0.28463773840025614,0.8446938505028334,0.8213714038463815,1.0002615470264546,,,,-0.1683350801235457,,,,,,,,2.0439664638732693,2.0439664638732693,2.129017904039182,2.129017904039182,2.4175754232829543,2.4175754232829543,3.348088244975695,3.348088244975695,,,,,0.004962784644457254,,-0.05643714272859546,-0.05643714272859546,-0.048225956810809115,-0.048225956810809115,43.48433840991586,43.48433840991586,,2.033999967575073,2.033999967575073,2.1223809264955067,2.1223809264955067,2.3109523644523016,2.3109523644523016,3.764841273663536,3.764841273663536,2.213999981880188,3.696924999952316,0,2556511.9758605957387200,3968941.995386472,,,,,,,
2026-05-14,,,,,,,2.0299999713897705,2.1700000762939453,2.0000000000000000,2.1199998855590820,2073900,,,,,2.1199998855590820,,,,,,,,,,,,,,,,,,,,,,,,,,,,,,,,,,,,,,,,,,,,,,,,,,,,,,,,,,,,,,,,,,,,,,,,,,,,,,,,,,,,,,,,,,,,,,,,,,,,,,,,,,,,,,,,,,,,,,,,,,,,,,,,,,,,,,,,,,,,,0.4959626311702588,0.8624285905247859,0.8281185451836097,0.999924162173578,,,,-0.130449143926349,,,,,,,,2.0693109377685404,2.0693109377685404,2.1281980841773547,2.1281980841773547,2.4082761877290833,2.4082761877290833,3.33838003660086,3.33838003660086,,,,,0.04831853273156113,,-0.050234997650905555,-0.050234997650905555,-0.048627764978828404,-0.048627764978828404,48.424258041717465,48.424258041717465,,2.037999963760376,2.037999963760376,2.1223809264955067,2.1223809264955067,2.300476172613719,2.300476172613719,3.7643254001935325,3.7643254001935325,2.203399977684021,3.6828750002384187,0,4396667.7626609801598000,4000489.928520672,,,,,,,
2026-05-15,,,,,,,1.7949999570846558,1.8500000238418580,1.4099999666213990,1.5199999809265137,12836500,,,,,1.5199999809265137,,,,,,,,,,,,,,,,,,,,,,,,,,,,,,,,,,,,,,,,,,,,,,,,,,,,,,,,,,,,,,,,,,,,,,,,,,,,,,,,,,,,,,,,,,,,,,,,,,,,,,,,,,,,,,,,,,,,,,,,,,,,,,,,,,,,,,,,,,,,,2.461049376212784,1.4400322116454953,1.0569504873294773,1.0536201318149008,,,,-0.21086199009214207,,,,,,,,1.8862072854878646,1.8862072854878646,2.0729073475181874,2.0729073475181874,2.3805175562665033,2.3805175562665033,3.324005490706201,3.324005490706201,,,,,-0.3327057123925159,,-0.09266652882681381,-0.09266652882681381,-0.05743551774842549,-0.05743551774842549,30.946161496589255,30.946161496589255,,1.931999969482422,1.931999969482422,2.094285692487444,2.094285692487444,2.2806349027724493,2.2806349027724493,3.761587304728372,3.761587304728372,2.18219997882843,3.666325000524521,0,19511479.7551631931100500,4259526.940856283,,,,,,,
2026-05-18,,,,,,,1.5199999809265137,1.5199999809265137,1.3300000429153442,1.3600000143051147,4860700,,,,,1.3600000143051147,,,,,,,,,,,,,,,,,,,,,,,,,,,,,,,,,,,,,,,,,,,,,,,,,,,,,,,,,,,,,,,,,,,,,,,,,,,,,,,,,,,,,,,,,,,,,,,,,,,,,,,,,,,,,,,,,,,,,,,,,,,,,,,,,,,,,,,,,,,,,2.466234758261269,1.4759305552732698,1.076251759290697,1.0592953661267448,,,,-0.2429268670042157,,,,,,,,1.7108048617602813,1.7108048617602813,2.0080975899533624,2.0080975899533624,2.3486263830802097,2.3486263830802097,3.308479755714888,3.308479755714888,,,,,-0.11122561204341141,,-0.13761810724124834,-0.13761810724124834,-0.07347203564699006,-0.07347203564699006,28.039740375029545,28.039740375029545,,1.8059999704360963,1.8059999704360963,2.0585714124497914,2.0585714124497914,2.259047600958082,2.259047600958082,3.758293653764422,3.758293653764422,2.1627999806404112,3.6496750003099443,0,6610552.0695328710222900,4332960.465438214,,,,,,,
2026-05-19,,,,,,,1.3799999952316284,1.3899999856948853,1.3500000238418580,1.3550000190734863,2304100,,,,,1.3550000190734863,,,,,,,,,,,,,,,,,,,,,,,,,,,,,,,,,,,,,,,,,,,,,,,,,,,,,,,,,,,,,,,,,,,,,,,,,,,,,,,,,,,,,,,,,,,,,,,,,,,,,,,,,,,,,,,,,,,,,,,,,,,,,,,,,,,,,,,,,,,,,2.4378789525104496,1.4771354319831738,1.0762386184652617,1.0511907953630517,,,,-0.2773361900842033,,,,,,,,1.5922032475313497,1.5922032475313497,1.9487250835097374,1.9487250835097374,2.317575559205,2.317575559205,3.2930372281525058,3.2930372281525058,,,,,-0.00368324185838955,,-0.1716671428580292,-0.1716671428580292,-0.09311105708919788,-0.09311105708919788,27.951393823107075,27.951393823107075,,1.674999976158142,1.674999976158142,2.0245237974893477,2.0245237974893477,2.2381745841768055,2.2381745841768055,3.753789685548298,3.753789685548298,2.1426999831199645,3.6345000010728836,0,3122055.5439472197838300,4355299.854246965,,,,,,,
2026-05-20,,,,,,,1.3600000143051147,1.3799999952316284,1.2100000381469727,1.2500000000000000,3329200,,,,,1.2500000000000000,,,,,,,,,,,,,,,,,,,,,,,,,,,,,,,,,,,,,,,,,,,,,,,,,,,,,,,,,,,,,,,,,,,,,,,,,,,,,,,,,,,,,,,,,,,,,,,,,,,,,,,,,,,,,,,,,,,,,,,,,,,,,,,,,,,,,,,,,,,,,2.325588520561688,1.4911792544712552,1.083519728977471,1.0530569100756286,,,,-0.2781149153285922,,,,,,,,1.4781354983542332,1.4781354983542332,1.8852046213724887,1.8852046213724887,2.284213822979843,2.284213822979843,3.2768867362303515,3.2768867362303515,,,,,-0.08065791709382798,,-0.20476348689575108,-0.20476348689575108,-0.11544154305050852,-0.11544154305050852,26.092175550623146,26.092175550623146,,1.5209999799728393,1.5209999799728393,1.986428561664763,1.986428561664763,2.2148412503893415,2.2148412503893415,3.749345241557984,3.749345241557984,2.1210999846458436,3.616400001645088,0,4161500.0000000000000000,4394207.219040772,,,,,,,
2026-05-21,,,,,,,1.2500000000000000,1.2500000000000000,1.1499999761581420,1.2400000095367432,3796400,,,,,1.2400000095367432,,,,,,,,,,,,,,,,,,,,,,,,,,,,,,,,,,,,,,,,,,,,,,,,,,,,,,,,,,,,,,,,,,,,,,,,,,,,,,,,,,,,,,,,,,,,,,,,,,,,,,,,,,,,,,,,,,,,,,,,,,,,,,,,,,,,,,,,,,,,,2.131614150472224,1.4361217881536872,1.080984666276905,1.05270761882245,,,,-0.2277072482425708,,,,,,,,1.3987570020817366,1.3987570020817366,1.8265496566601482,1.8265496566601482,2.2515821413097465,2.2515821413097465,3.2607848648730897,3.2607848648730897,,,,,-0.00803216400634236,,-0.22915790397769298,-0.22915790397769298,-0.13818481523594542,-0.13818481523594542,25.915376744611834,25.915376744611834,,1.3450000047683717,1.3450000047683717,1.9388095140457153,1.9388095140457153,2.193412680474539,2.193412680474539,3.7446230191086967,3.7446230191086967,2.0994999861717223,3.596800002455711,0,4707536.0362052918844800,4436156.236574574,,,,,,,
2026-05-22,,,,,,,1.2799999713897705,1.3799999952316284,1.2500000000000000,1.3700000047683716,3985200,,,,,1.3700000047683716,,,,,,,,,,,,,,,,,,,,,,,,,,,,,,,,,,,,,,,,,,,,,,,,,,,,,,,,,,,,,,,,,,,,,,,,,,,,,,,,,,,,,,,,,,,,,,,,,,,,,,,,,,,,,,,,,,,,,,,,,,,,,,,,,,,,,,,,,,,,,1.297828528329226,1.49330339814079,1.1024991929133487,1.0563482859935704,,,,-0.12423633033260087,,,,,,,,1.3891713363106148,1.3891713363106148,1.7850451428518048,1.7850451428518048,2.224032699542829,2.224032699542829,3.245837948982934,3.245837948982934,,,,,0.09969935601272933,,-0.23528848293819915,-0.23528848293819915,-0.15760554877639615,-0.15760554877639615,32.334352182219135,32.334352182219135,,1.3150000095367431,1.3150000095367431,1.904523804074242,1.904523804074242,2.175476172613719,2.175476172613719,3.740932543126364,3.740932543126364,2.0814999866485597,3.57900000333786,0,5459724.0190029145003200,4485247.094019065,,,,,,,
2026-05-26,,,,,,,1.4600000381469727,1.5000000000000000,1.3799999952316284,1.4400000572204590,4094400,,,,,1.4400000572204590,,,,,,,,,,,,,,,,,,,,,,,,,,,,,,,,,,,,,,,,,,,,,,,,,,,,,,,,,,,,,,,,,,,,,,,,,,,,,,,,,,,,,,,,,,,,,,,,,,,,,,,,,,,,,,,,,,,,,,,,,,,,,,,,,,,,,,,,,,,,,1.075302963996694,1.508627965982454,1.1077611766941327,1.0560816323513624,,,,-0.12365368435766198,,,,,,,,1.406114243280563,1.406114243280563,1.7536774077944097,1.7536774077944097,2.1995316794702546,2.1995316794702546,3.2315625506290804,3.2315625506290804,,,,,0.04983241000374159,,-0.2318262430912703,-0.2318262430912703,-0.172449687639371,-0.172449687639371,35.571449176788924,35.571449176788924,,1.331000018119812,1.331000018119812,1.8721428598676408,1.8721428598676408,2.1580158566671703,2.1580158566671703,3.737003971659948,3.737003971659948,2.0664999866485596,3.5605500030517576,0,5895936.2342834473296000,4556170.939348047,,,,,,,
2026-05-27,,,,,,,1.4500000476837158,1.4600000381469727,1.3799999952316284,1.4299999475479126,2013200,,,,,1.4299999475479126,,,,,,,,,,,,,,,,,,,,,,,,,,,,,,,,,,,,,,,,,,,,,,,,,,,,,,,,,,,,,,,,,,,,,,,,,,,,,,,,,,,,,,,,,,,,,,,,,,,,,,,,,,,,,,,,,,,,,,,,,,,,,,,,,,,,,,,,,,,,,1.078460796445043,1.5069143454706986,1.1047847927963257,1.0556490821520632,,,,-0.12124468704956799,,,,,,,,1.4140761447030128,1.4140761447030128,1.7242521841356373,1.7242521841356373,2.1754838128476814,2.1754838128476814,3.2173209490236956,3.2173209490236956,,,,,-0.006968745732304421,,-0.22726949705298183,-0.22726949705298183,-0.18341364952209316,-0.18341364952209316,35.31155568701781,35.31155568701781,,1.3460000038146973,1.3460000038146973,1.8388095185870217,1.8388095185870217,2.1391269687622314,2.1391269687622314,3.732757939705773,3.732757939705773,2.052099983692169,3.542500002980232,0,2878875.8944034576463200,4573230.367494198,,,,,,,
2026-05-28,,,,,,,1.5900000333786010,1.6399999856948853,1.5499999523162842,1.6299999952316284,11228100,,,,,1.6299999952316284,,,,,,,,,,,,,,,,,,,,,,,,,,,,,,,,,,,,,,,,,,,,,,,,,,,,,,,,,,,,,,,,,,,,,,,,,,,,,,,,,,,,,,,,,,,,,,,,,,,,,,,,,,,,,,,,,,,,,,,,,,,,,,,,,,,,,,,,,,,,,0.9907678316876829,1.5900549513162103,1.1290689275428234,1.0623055265619707,,,,0.021662650102707556,,,,,,,,1.4860507615458847,1.4860507615458847,1.7156838033261819,1.7156838033261819,2.1584374435471796,2.1584374435471796,3.204772957294114,3.204772957294114,,,,,0.13090560430125583,,-0.2051550113439069,-0.2051550113439069,-0.1877619218864559,-0.1877619218864559,44.107061226864076,44.107061226864076,,1.422000002861023,1.422000002861023,1.8192857106526692,1.8192857106526692,2.120396810864645,2.120396810864645,3.72871032026079,3.72871032026079,2.0390999841690065,3.5266500020027163,0,18301802.9464602468380400,4814595.859708483,,,,,,,
